"gene","raw_cluster","dynamic_module","peak_bin","trough_bin","spearman_rho","q_value","expressed_fraction","mean_expression","direction"
"LAMC3","2","D1_early_decreasing","8","15","-0.48724972991885","2.03782942478644e-63","0.177570093457944","0.232350203998949","decreases_with_pseudotime"
"SEMA3G","2","D1_early_decreasing","2","13","-0.479506752843761","3.37674101658859e-61","0.163551401869159","0.252068323171916","decreases_with_pseudotime"
"IGFBP3","2","D1_early_decreasing","7","10","-0.444062660641216","1.12753508521756e-51","0.472897196261682","0.853093416528531","decreases_with_pseudotime"
"ALX4","2","D1_early_decreasing","2","13","-0.44109901345244","6.13552865904177e-51","0.162616822429907","0.220168617953616","decreases_with_pseudotime"
"COL23A1","2","D1_early_decreasing","2","23","-0.440880211769439","6.90285282019395e-51","0.22803738317757","0.310112509438981","decreases_with_pseudotime"
"TFAP2A","2","D1_early_decreasing","8","21","-0.437360512329504","5.16062481804903e-50","0.236448598130841","0.308268522509884","decreases_with_pseudotime"
"TCF4","2","D1_early_decreasing","10","15","-0.421133203439401","4.10829048174073e-46","0.744859813084112","1.00524005063682","decreases_with_pseudotime"
"BMP7","2","D1_early_decreasing","1","14","-0.409380908198158","1.96430257974884e-43","0.146728971962617","0.183125292479312","decreases_with_pseudotime"
"BMP4","2","D1_early_decreasing","7","30","-0.399262356341805","3.39229842220274e-41","0.208411214953271","0.260444554245791","decreases_with_pseudotime"
"SLC5A3","2","D1_early_decreasing","2","15","-0.391545871948043","1.51608333107531e-39","0.157943925233645","0.199102683346144","decreases_with_pseudotime"
"GADD45G","2","D1_early_decreasing","6","15","-0.380563118823476","2.78663111849525e-37","0.203738317757009","0.244520051480531","decreases_with_pseudotime"
"SERPINE2","2","D1_early_decreasing","2","30","-0.364856730638007","3.31282498866535e-34","0.363551401869159","0.408771894140207","decreases_with_pseudotime"
"INHBB","2","D1_early_decreasing","6","17","-0.349253154773477","2.69964049221994e-31","0.138317757009346","0.163166564001328","decreases_with_pseudotime"
"PRLR","2","D1_early_decreasing","2","11","-0.349151316488299","2.8096426443537e-31","0.100934579439252","0.124095141864784","decreases_with_pseudotime"
"TRPS1","2","D1_early_decreasing","2","22","-0.345373314194472","1.33943295039697e-30","0.44018691588785","0.50610315129551","decreases_with_pseudotime"
"TIMP3","2","D1_early_decreasing","26","12","-0.343076781206278","3.47742690109348e-30","0.535514018691589","0.642501397231008","decreases_with_pseudotime"
"PRDM1","2","D1_early_decreasing","3","13","-0.340201616379488","1.11564079624216e-29","0.124299065420561","0.13092898449397","decreases_with_pseudotime"
"PTCH1","2","D1_early_decreasing","2","13","-0.333044464675735","1.91009653982561e-28","0.155140186915888","0.180412106892458","decreases_with_pseudotime"
"APCDD1","2","D1_early_decreasing","12","29","-0.328140292455604","1.25823519319513e-27","0.334579439252336","0.412943749818531","decreases_with_pseudotime"
"DAAM2","2","D1_early_decreasing","8","22","-0.314610669383509","1.98463915568274e-25","0.226168224299065","0.230745728433951","decreases_with_pseudotime"
"INHBA","2","D1_early_decreasing","27","12","-0.307684357436699","2.3809623811995e-24","0.326168224299065","0.37620939553417","decreases_with_pseudotime"
"BCL2","2","D1_early_decreasing","9","21","-0.305037276661869","6.10964792153637e-24","0.199065420560748","0.211805166152198","decreases_with_pseudotime"
"CENPW","2","D1_early_decreasing","9","12","-0.299195418397044","4.63397741720617e-23","0.127102803738318","0.174508962163292","decreases_with_pseudotime"
"CEBPA","2","D1_early_decreasing","5","12","-0.281369766734245","1.71879614356919e-20","0.158878504672897","0.155523377232812","decreases_with_pseudotime"
"IGFBP2","2","D1_early_decreasing","6","13","-0.269273030639444","7.40518464974426e-19","0.135514018691589","0.160216649417241","decreases_with_pseudotime"
"MRPS6","2","D1_early_decreasing","2","15","-0.260461968343232","1.00541450486534e-17","0.35981308411215","0.384694571924031","decreases_with_pseudotime"
"CRABP1","2","D1_early_decreasing","1","20","-0.259805707571299","1.20934778343559e-17","0.100934579439252","0.124639396683754","decreases_with_pseudotime"
"ROBO2","2","D1_early_decreasing","30","21","-0.234937883623184","1.15299662292246e-14","0.260747663551402","0.296297028981379","decreases_with_pseudotime"
"DKK2","2","D1_early_decreasing","6","15","-0.234654626789648","1.24057790503641e-14","0.244859813084112","0.259705079090408","decreases_with_pseudotime"
"PHLDA1","2","D1_early_decreasing","1","16","-0.23320587724661","1.79845308343066e-14","0.153271028037383","0.14558813224049","decreases_with_pseudotime"
"DIO2","2","D1_early_decreasing","14","30","-0.231592608259166","2.7338982895139e-14","0.316822429906542","0.363482916473748","decreases_with_pseudotime"
"MYLIP","2","D1_early_decreasing","5","30","-0.230469959860994","3.64363749509718e-14","0.307476635514019","0.274977430778193","decreases_with_pseudotime"
"LUZP2","2","D1_early_decreasing","4","12","-0.229573484340504","4.58730589227796e-14","0.163551401869159","0.188082259626635","decreases_with_pseudotime"
"ZDHHC14","2","D1_early_decreasing","8","21","-0.226027951298773","1.1253122752628e-13","0.149532710280374","0.159240086514755","decreases_with_pseudotime"
"PGM2L1","2","D1_early_decreasing","8","10","-0.222784162766468","2.53585135134339e-13","0.141121495327103","0.147737631199578","decreases_with_pseudotime"
"PREX2","2","D1_early_decreasing","11","15","-0.220529006012234","4.42668088086251e-13","0.139252336448598","0.140585547939774","decreases_with_pseudotime"
"TNN","2","D1_early_decreasing","8","12","-0.220455320475478","4.50539305970719e-13","0.154205607476636","0.194458954134066","decreases_with_pseudotime"
"F2R","2","D1_early_decreasing","2","30","-0.21950442202231","5.70003727083473e-13","0.366355140186916","0.34227265140251","decreases_with_pseudotime"
"PLEKHH2","2","D1_early_decreasing","10","23","-0.21606771133373","1.30421053743249e-12","0.21588785046729","0.230998269018741","decreases_with_pseudotime"
"HIST1H2BD","2","D1_early_decreasing","8","12","-0.214983641551804","1.69028596967735e-12","0.154205607476636","0.166685133587853","decreases_with_pseudotime"
"TWIST1","2","D1_early_decreasing","28","16","-0.211301135465795","4.04119952383768e-12","0.425233644859813","0.397265919929806","decreases_with_pseudotime"
"HIST2H2BE","2","D1_early_decreasing","7","12","-0.21097974903763","4.34691886215499e-12","0.12803738317757","0.132504606561943","decreases_with_pseudotime"
"ITGA8","2","D1_early_decreasing","8","16","-0.20717724439976","1.04918945338124e-11","0.189719626168224","0.180935607887208","decreases_with_pseudotime"
"CPE","2","D1_early_decreasing","7","30","-0.206100949932553","1.33880357624476e-11","0.319626168224299","0.306323385301845","decreases_with_pseudotime"
"SOX18","2","D1_early_decreasing","2","11","-0.202076301516848","3.36220289811894e-11","0.153271028037383","0.163955467274551","decreases_with_pseudotime"
"PTMA","1","D2_late_increasing","27","30","-0.622799369769097","1.15044485034029e-113","0.969158878504673","2.10231817541404","decreases_with_pseudotime"
"RPL35A","1","D2_late_increasing","27","30","-0.551045348610589","3.29158670192497e-84","0.953271028037383","2.15704271395236","decreases_with_pseudotime"
"RPL34","1","D2_late_increasing","27","30","-0.514468740369404","9.87604661807311e-72","0.97196261682243","2.41327267375602","decreases_with_pseudotime"
"SLC35F1","1","D2_late_increasing","27","30","-0.511332138176131","9.96557976293125e-71","0.75981308411215","0.969225925188869","decreases_with_pseudotime"
"H3F3B","1","D2_late_increasing","27","30","-0.495855912758749","5.94973586365405e-66","0.906542056074766","1.52115147683335","decreases_with_pseudotime"
"RPL13","1","D2_late_increasing","27","30","-0.47756969282084","1.20456100750713e-60","0.994392523364486","2.85470932121699","decreases_with_pseudotime"
"RPL11","1","D2_late_increasing","27","30","-0.459169386495373","1.38774744238165e-55","0.986915887850467","2.48967105357792","decreases_with_pseudotime"
"RPS27A","1","D2_late_increasing","27","30","-0.454597796106221","2.22910303571355e-54","0.944859813084112","2.0459234614708","decreases_with_pseudotime"
"RPS13","1","D2_late_increasing","27","30","-0.445317671494405","5.5353250137792e-52","0.971028037383178","2.08820451514176","decreases_with_pseudotime"
"RPL26","1","D2_late_increasing","27","30","-0.443342470452191","1.70814288813979e-51","0.952336448598131","2.07365034889827","decreases_with_pseudotime"
"RPL37A","1","D2_late_increasing","27","30","-0.437498373779041","4.81267411665613e-50","0.988785046728972","2.72248516120316","decreases_with_pseudotime"
"RPL5","1","D2_late_increasing","27","30","-0.429406849353908","4.56575324025631e-48","0.957943925233645","1.80649408523396","decreases_with_pseudotime"
"RPL13A","1","D2_late_increasing","27","30","-0.428140765855019","9.14488256853527e-48","0.989719626168224","2.70425576315454","decreases_with_pseudotime"
"FAU","1","D2_late_increasing","27","30","-0.426130750203916","2.74401801997738e-47","0.958878504672897","1.95942823587398","decreases_with_pseudotime"
"RPL19","1","D2_late_increasing","27","30","-0.416656439792459","4.5202229835013e-45","0.972897196261682","2.35603581802454","decreases_with_pseudotime"
"RPL6","1","D2_late_increasing","27","30","-0.416482541341546","4.92580780328107e-45","0.922429906542056","1.69447164772374","decreases_with_pseudotime"
"RPS14","1","D2_late_increasing","27","30","-0.4161054643909","5.99032555174346e-45","0.995327102803738","2.66427676294971","decreases_with_pseudotime"
"RPL4","1","D2_late_increasing","27","30","-0.415605387228934","7.7214620717986e-45","0.935514018691589","1.66027399145825","decreases_with_pseudotime"
"RPL30","1","D2_late_increasing","27","30","-0.408632171093835","2.87291272974785e-43","0.976635514018692","2.34892098731177","decreases_with_pseudotime"
"RPS27","1","D2_late_increasing","27","30","-0.408546233175956","2.98450295055398e-43","0.97196261682243","2.58905969203529","decreases_with_pseudotime"
"RPL24","1","D2_late_increasing","27","30","-0.399746630266726","2.66723723937689e-41","0.961682242990654","2.06801491747162","decreases_with_pseudotime"
"GNB2L1","1","D2_late_increasing","27","30","-0.396735132497105","1.18442068642848e-40","0.933644859813084","1.61271747716802","decreases_with_pseudotime"
"RPL12","1","D2_late_increasing","27","30","-0.396630612973843","1.24074808688287e-40","0.983177570093458","2.44178846684557","decreases_with_pseudotime"
"RPS23","1","D2_late_increasing","27","30","-0.394167175310418","4.23061288534394e-40","0.968224299065421","2.28472047106149","decreases_with_pseudotime"
"RPL38","1","D2_late_increasing","27","30","-0.389415427964161","4.27084259484734e-39","0.95607476635514","1.89823987204","decreases_with_pseudotime"
"RPS9","1","D2_late_increasing","27","30","-0.384131935394482","5.31917474322359e-38","0.962616822429907","2.12377469649904","decreases_with_pseudotime"
"RPL37","1","D2_late_increasing","27","30","-0.382734990676317","1.02662629174064e-37","0.986915887850467","2.67932811617176","decreases_with_pseudotime"
"RPL3","1","D2_late_increasing","27","30","-0.377850624559563","9.71316290068475e-37","0.968224299065421","2.08004865537803","decreases_with_pseudotime"
"RPS6","1","D2_late_increasing","27","30","-0.376373222583033","1.91237634399954e-36","0.972897196261682","2.21615123022759","decreases_with_pseudotime"
"RPL18","1","D2_late_increasing","27","30","-0.373763673052604","6.34131124072046e-36","0.98411214953271","2.23465728236732","decreases_with_pseudotime"
"RPL9","1","D2_late_increasing","27","30","-0.372005175789905","1.37684759433649e-35","0.939252336448598","1.80788084879865","decreases_with_pseudotime"
"RPS21","1","D2_late_increasing","27","30","-0.36911250742715","5.02037979185701e-35","0.962616822429907","1.98199831958108","decreases_with_pseudotime"
"EEF1A1","1","D2_late_increasing","27","30","-0.366457252523876","1.63785811881794e-34","0.999065420560748","3.13137339504738","decreases_with_pseudotime"
"RPL32","1","D2_late_increasing","27","30","-0.362899375581086","7.87002272530804e-34","0.983177570093458","2.47102606802562","decreases_with_pseudotime"
"RPS4X","1","D2_late_increasing","27","30","-0.3598741059288","2.94168562570489e-33","0.982242990654206","2.28145198257751","decreases_with_pseudotime"
"RPL23","1","D2_late_increasing","27","30","-0.357895251577176","6.92449182794685e-33","0.968224299065421","2.14546978811583","decreases_with_pseudotime"
"RPL14","1","D2_late_increasing","27","30","-0.357176961867674","9.46479159709731e-33","0.945794392523365","1.76334889363397","decreases_with_pseudotime"
"RPS3A","1","D2_late_increasing","27","30","-0.354321197832187","3.20314227003159e-32","0.931775700934579","1.91447022781042","decreases_with_pseudotime"
"RPL21","1","D2_late_increasing","27","30","-0.349446075464728","2.49479236086015e-31","0.921495327102804","1.83839970851534","decreases_with_pseudotime"
"RPL7","1","D2_late_increasing","27","30","-0.345744602216266","1.15315411718097e-30","0.864485981308411","1.3663686626452","decreases_with_pseudotime"
"RPL22","1","D2_late_increasing","27","30","-0.345441878689684","1.30576039055318e-30","0.775700934579439","0.967872596269678","decreases_with_pseudotime"
"RPS8","1","D2_late_increasing","27","30","-0.331840570437597","3.06223613751085e-28","0.996261682242991","2.82808832921459","decreases_with_pseudotime"
"HSP90AB1","1","D2_late_increasing","26","30","-0.331644147764836","3.2934001400198e-28","0.755140186915888","0.860885454066288","decreases_with_pseudotime"
"VIM","1","D2_late_increasing","27","30","-0.329631093145605","7.1249836973411e-28","0.957943925233645","2.32548378462624","decreases_with_pseudotime"
"RPS16","1","D2_late_increasing","27","30","-0.328488280722027","1.0993783552718e-27","0.970093457943925","2.11777228498248","decreases_with_pseudotime"
"NACA","1","D2_late_increasing","27","30","-0.325384818279276","3.60072209550124e-27","0.921495327102804","1.65800203870612","decreases_with_pseudotime"
"RPS20","1","D2_late_increasing","27","30","-0.3217483451936","1.42698766071356e-26","0.973831775700935","2.1571267109172","decreases_with_pseudotime"
"GLTSCR2","1","D2_late_increasing","26","30","-0.312337216417211","4.57160827206736e-25","0.769158878504673","0.898126463760073","decreases_with_pseudotime"
"RPL36A","1","D2_late_increasing","27","30","-0.31182903931052","5.47209614626319e-25","0.928971962616822","1.7724837483202","decreases_with_pseudotime"
"RPS3","1","D2_late_increasing","27","30","-0.309395865335623","1.30734009542791e-24","0.978504672897196","2.10629130866615","decreases_with_pseudotime"
"JUNB","1","D2_late_increasing","26","30","-0.304021977543083","8.68880896055625e-24","0.788785046728972","1.06734361117285","decreases_with_pseudotime"
"RPL23A","1","D2_late_increasing","27","30","-0.30222536731368","1.61339591711374e-23","0.961682242990654","2.048261999261","decreases_with_pseudotime"
"RPS5","1","D2_late_increasing","27","30","-0.296657605817121","1.10878203096305e-22","0.945794392523365","1.72495750974152","decreases_with_pseudotime"
"BTF3","1","D2_late_increasing","27","30","-0.295835615822344","1.4669214915781e-22","0.814953271028037","1.09252244615289","decreases_with_pseudotime"
"RPS17","1","D2_late_increasing","27","30","-0.289845504663776","1.10710701805842e-21","0.964485981308411","2.07413982231101","decreases_with_pseudotime"
"RPL17-C18orf32","1","D2_late_increasing","27","30","-0.28796419277549","2.0415558530023e-21","0.883177570093458","1.5327879574412","decreases_with_pseudotime"
"RPL10A","1","D2_late_increasing","27","30","-0.285962672650867","3.87983774873506e-21","0.938317757009346","1.80729519146249","decreases_with_pseudotime"
"HNRNPA1","1","D2_late_increasing","27","30","-0.283193441758193","9.560007317582e-21","0.779439252336449","1.01877819275413","decreases_with_pseudotime"
"RPS25","1","D2_late_increasing","27","30","-0.274403321944163","1.53335365225819e-19","0.919626168224299","1.69102301949021","decreases_with_pseudotime"
"LMO4","1","D2_late_increasing","26","30","-0.271597110997164","3.64628722841959e-19","0.571028037383178","0.598847373322597","decreases_with_pseudotime"
"PFDN5","1","D2_late_increasing","27","30","-0.266494741804319","1.70289546163239e-18","0.885981308411215","1.37059213340558","decreases_with_pseudotime"
"CIRBP","1","D2_late_increasing","27","30","-0.263125626714602","4.64984135523674e-18","0.730841121495327","0.816385403483765","decreases_with_pseudotime"
"RPS15","1","D2_late_increasing","27","30","-0.262585129556937","5.45356214386518e-18","0.963551401869159","2.04703051206423","decreases_with_pseudotime"
"RPL31","1","D2_late_increasing","27","30","-0.261618465686952","7.19876487358425e-18","0.958878504672897","2.11442125445909","decreases_with_pseudotime"
"RPS7","1","D2_late_increasing","27","30","-0.25948494104019","1.32713838778237e-17","0.927102803738318","1.64012855007292","decreases_with_pseudotime"
"ADIRF","1","D2_late_increasing","27","30","-0.257651924373326","2.24763434356407e-17","0.620560747663551","0.751801128525015","decreases_with_pseudotime"
"RPS10","1","D2_late_increasing","27","30","-0.256446406773986","3.17715493180553e-17","0.939252336448598","1.76767456757742","decreases_with_pseudotime"
"NUCKS1","1","D2_late_increasing","28","30","-0.252756319694565","9.08615926485025e-17","0.783177570093458","1.03678743414837","decreases_with_pseudotime"
"RPS15A","1","D2_late_increasing","27","30","-0.252383118703315","1.00949861015402e-16","0.945794392523365","1.96746820855655","decreases_with_pseudotime"
"FGFR1","1","D2_late_increasing","27","13","-0.251954293689233","1.13834656919405e-16","0.603738317757009","0.631955221796817","decreases_with_pseudotime"
"CD81","1","D2_late_increasing","26","30","-0.24362211414552","1.14713953070741e-15","0.883177570093458","1.40957888790209","decreases_with_pseudotime"
"EIF1","1","D2_late_increasing","27","30","-0.241159255792612","2.23760608739241e-15","0.85607476635514","1.21315467850042","decreases_with_pseudotime"
"ZFP36L2","1","D2_late_increasing","14","3","-0.238722559920565","4.29266115883908e-15","0.766355140186916","1.05481524442401","decreases_with_pseudotime"
"RPS24","1","D2_late_increasing","27","30","-0.238059420447638","5.10906625675415e-15","0.961682242990654","2.05911066504025","decreases_with_pseudotime"
"RPL7A","1","D2_late_increasing","27","30","-0.235725421383404","9.39423893215331e-15","0.97196261682243","2.10927650125184","decreases_with_pseudotime"
"RPS18","1","D2_late_increasing","27","30","-0.227420906198673","7.92366522853411e-14","0.993457943925234","2.85685110152571","decreases_with_pseudotime"
"HMGB1","1","D2_late_increasing","27","30","-0.227319939022366","8.11085884960967e-14","0.78785046728972","1.0071939926261","decreases_with_pseudotime"
"HIST1H4C","1","D2_late_increasing","26","30","-0.224415200937419","1.68875135059927e-13","0.457009345794393","0.409318920873585","decreases_with_pseudotime"
"RPL35","1","D2_late_increasing","27","30","-0.216602219336436","1.15136052211642e-12","0.974766355140187","2.24769922346667","decreases_with_pseudotime"
"SNHG8","1","D2_late_increasing","6","29","-0.210228975138566","5.18219340889469e-12","0.447663551401869","0.404130761044889","decreases_with_pseudotime"
"RPS2","1","D2_late_increasing","27","30","-0.207665848931415","9.38078243831869e-12","0.980373831775701","2.2976223608162","decreases_with_pseudotime"
"TMEM258","1","D2_late_increasing","28","30","0.20011186306307","5.21128243970172e-11","0.627102803738318","0.666711857249934","increases_with_pseudotime"
"POLDIP2","1","D2_late_increasing","27","4","0.200250969148978","5.05312221907316e-11","0.183177570093458","0.102057646058294","increases_with_pseudotime"
"PLXNA3","1","D2_late_increasing","28","4","0.200307603161685","4.99253336634376e-11","0.12803738317757","0.0697398598760777","increases_with_pseudotime"
"MRPS12","1","D2_late_increasing","27","2","0.200338962500665","4.96112577449386e-11","0.211214953271028","0.121376735351473","increases_with_pseudotime"
"RAB24","1","D2_late_increasing","28","5","0.200424108444054","4.86988849690408e-11","0.142056074766355","0.0707067875549059","increases_with_pseudotime"
"MARVELD1","1","D2_late_increasing","27","30","0.200807381567333","4.46977953985775e-11","0.400934579439252","0.295330660114901","increases_with_pseudotime"
"CMKLR1","1","D2_late_increasing","28","1","0.201311377734015","3.99010695981014e-11","0.103738317757009","0.062023121114954","increases_with_pseudotime"
"PTPMT1","1","D2_late_increasing","28","30","0.201325189448217","3.9808294870413e-11","0.248598130841122","0.139255509671986","increases_with_pseudotime"
"RNF11","1","D2_late_increasing","28","7","0.201359237411212","3.95322240887591e-11","0.129906542056075","0.0653093607566017","increases_with_pseudotime"
"C6orf1","1","D2_late_increasing","27","2","0.201615706705342","3.73079352415001e-11","0.147663551401869","0.0782045503552212","increases_with_pseudotime"
"SSNA1","1","D2_late_increasing","27","4","0.201622039400418","3.72849449047239e-11","0.257943925233645","0.158847378644028","increases_with_pseudotime"
"PSMC4","1","D2_late_increasing","27","2","0.203865565536798","2.23214615527597e-11","0.202803738317757","0.115116846112463","increases_with_pseudotime"
"NPC2","1","D2_late_increasing","27","1","0.204385277071487","1.98340416674657e-11","0.562616822429907","0.551282189184936","increases_with_pseudotime"
"SAT2","1","D2_late_increasing","28","4","0.204413506130961","1.97208723721577e-11","0.277570093457944","0.173569767043128","increases_with_pseudotime"
"NDUFB11","1","D2_late_increasing","27","30","0.204432690452616","1.96496317333755e-11","0.530841121495327","0.476541132613317","increases_with_pseudotime"
"DCHS1","1","D2_late_increasing","27","9","0.204906749099453","1.76110274716277e-11","0.21214953271028","0.133919944686314","increases_with_pseudotime"
"HAS2","1","D2_late_increasing","20","3","0.204988501721473","1.72930914186905e-11","0.195327102803738","0.167182732862465","increases_with_pseudotime"
"NDUFA4","1","D2_late_increasing","27","30","0.20508351567455","1.69283130238737e-11","0.531775700934579","0.488451818116185","increases_with_pseudotime"
"ACTN1","1","D2_late_increasing","27","3","0.20527389470214","1.62061479103069e-11","0.370093457943925","0.297952424602788","increases_with_pseudotime"
"RAB1B","1","D2_late_increasing","27","4","0.20551363667198","1.53490903165203e-11","0.286915887850467","0.181529633851826","increases_with_pseudotime"
"HIGD2A","1","D2_late_increasing","27","30","0.206245416913196","1.29528227012398e-11","0.414018691588785","0.314497454519257","increases_with_pseudotime"
"TMEM160","1","D2_late_increasing","26","30","0.206324915733076","1.27241180025784e-11","0.241121495327103","0.135770167779967","increases_with_pseudotime"
"ILVBL","1","D2_late_increasing","27","6","0.206346779750793","1.2680487532608e-11","0.157009345794393","0.0801285673689575","increases_with_pseudotime"
"TMEM9","1","D2_late_increasing","28","2","0.206402494960425","1.25262886768462e-11","0.242990654205607","0.141217232259406","increases_with_pseudotime"
"PMP22","1","D2_late_increasing","24","1","0.206426814857332","1.24655382200533e-11","0.399065420560748","0.315920136319687","increases_with_pseudotime"
"RIC8A","1","D2_late_increasing","27","2","0.206660823781212","1.18184878990492e-11","0.166355140186916","0.0865577385743313","increases_with_pseudotime"
"COX7B","1","D2_late_increasing","27","4","0.207040095463837","1.08273974801314e-11","0.407476635514019","0.306216607489452","increases_with_pseudotime"
"YIPF3","1","D2_late_increasing","28","30","0.20724812611352","1.03267765769337e-11","0.333644859813084","0.21347341366573","increases_with_pseudotime"
"TEN1","1","D2_late_increasing","28","2","0.207624193195258","9.45798885275584e-12","0.125233644859813","0.0674755601807225","increases_with_pseudotime"
"MRPS24","1","D2_late_increasing","27","6","0.207760667216005","9.18067475425838e-12","0.347663551401869","0.228005567268607","increases_with_pseudotime"
"FASTK","1","D2_late_increasing","28","1","0.207891636714919","8.90893538103195e-12","0.176635514018692","0.0992435297399292","increases_with_pseudotime"
"FAM162A","1","D2_late_increasing","28","2","0.208212021515558","8.27140483572065e-12","0.313084112149533","0.200366511651287","increases_with_pseudotime"
"TSR3","1","D2_late_increasing","27","13","0.208241264366302","8.22133978699753e-12","0.246728971962617","0.147520652159129","increases_with_pseudotime"
"PRELP","1","D2_late_increasing","21","1","0.208364901726351","7.9906526998542e-12","0.282242990654206","0.230137062582623","increases_with_pseudotime"
"GORASP2","1","D2_late_increasing","28","4","0.208555691809055","7.64345605669212e-12","0.2","0.103389487850173","increases_with_pseudotime"
"ECH1","1","D2_late_increasing","27","2","0.208558011717979","7.64345605669212e-12","0.296261682242991","0.177222246669066","increases_with_pseudotime"
"GSTO1","1","D2_late_increasing","27","30","0.208721578616666","7.36079758767501e-12","0.34392523364486","0.23482633665828","increases_with_pseudotime"
"PRMT2","1","D2_late_increasing","28","1","0.208986466680602","6.91736692784254e-12","0.281308411214953","0.169590890734506","increases_with_pseudotime"
"SUB1","1","D2_late_increasing","27","5","0.209120577610556","6.70580525787454e-12","0.381308411214953","0.270051611125911","increases_with_pseudotime"
"HLA-A","1","D2_late_increasing","26","6","0.20936887580114","6.32602022492212e-12","0.775700934579439","1.18409468881688","increases_with_pseudotime"
"ANXA2","1","D2_late_increasing","27","6","0.209552832638253","6.0596654855704e-12","0.831775700934579","1.26059515863834","increases_with_pseudotime"
"CREB3","1","D2_late_increasing","27","7","0.209644826822057","5.93318901674105e-12","0.174766355140187","0.0918910416535336","increases_with_pseudotime"
"PLP2","1","D2_late_increasing","27","3","0.210034823163748","5.41453430821963e-12","0.422429906542056","0.320388663704099","increases_with_pseudotime"
"ALDOA","1","D2_late_increasing","28","30","0.210190067201212","5.22158753808576e-12","0.645794392523364","0.67483140004701","increases_with_pseudotime"
"CCDC92","1","D2_late_increasing","28","5","0.210202422532563","5.21070193230906e-12","0.155140186915888","0.0867871096846876","increases_with_pseudotime"
"IFITM1","1","D2_late_increasing","27","1","0.210385985151784","4.99524199729285e-12","0.22803738317757","0.150983164265466","increases_with_pseudotime"
"SCAND1","1","D2_late_increasing","27","30","0.210699322187233","4.63763102804024e-12","0.397196261682243","0.283922259032827","increases_with_pseudotime"
"RPS19BP1","1","D2_late_increasing","28","30","0.210937585938106","4.38735005693446e-12","0.342990654205607","0.233032550569164","increases_with_pseudotime"
"CD68","1","D2_late_increasing","27","7","0.211034905549239","4.29342015342662e-12","0.116822429906542","0.056125951632404","increases_with_pseudotime"
"NKIRAS2","1","D2_late_increasing","28","6","0.21119641204181","4.13707906998205e-12","0.14392523364486","0.0708078164066488","increases_with_pseudotime"
"NRP2","1","D2_late_increasing","28","13","0.211255354516691","4.082391597839e-12","0.196261682242991","0.12283699274707","increases_with_pseudotime"
"PLXNA2","1","D2_late_increasing","29","7","0.211378136938116","3.97044895035058e-12","0.119626168224299","0.0740237634946913","increases_with_pseudotime"
"C4orf3","1","D2_late_increasing","27","30","0.211574555372618","3.79023476321648e-12","0.461682242990654","0.363587572433743","increases_with_pseudotime"
"RBCK1","1","D2_late_increasing","26","4","0.211657690696962","3.71828434065386e-12","0.235514018691589","0.137255258028671","increases_with_pseudotime"
"PKM","1","D2_late_increasing","27","3","0.211965482468756","3.45509505507476e-12","0.573831775700935","0.558301412346366","increases_with_pseudotime"
"MAGOHB","1","D2_late_increasing","28","3","0.212300217610379","3.19213458623278e-12","0.107476635514019","0.0480279103798724","increases_with_pseudotime"
"MAP2K2","1","D2_late_increasing","28","3","0.212383091731176","3.13151836605998e-12","0.298130841121495","0.189685636436526","increases_with_pseudotime"
"ORMDL3","1","D2_late_increasing","26","5","0.212414163895739","3.11080613529948e-12","0.189719626168224","0.100598700910562","increases_with_pseudotime"
"CDIPT","1","D2_late_increasing","28","6","0.212801261028019","2.83476625206081e-12","0.278504672897196","0.170947751991085","increases_with_pseudotime"
"AGPAT1","1","D2_late_increasing","28","30","0.212832509155758","2.81585691193343e-12","0.188785046728972","0.107871119281106","increases_with_pseudotime"
"CFL1","1","D2_late_increasing","27","30","0.213082321471487","2.65252016495495e-12","0.719626168224299","0.961699440867432","increases_with_pseudotime"
"PACS2","1","D2_late_increasing","27","12","0.213312247190651","2.51058495163647e-12","0.18785046728972","0.108909292525184","increases_with_pseudotime"
"GJA1","1","D2_late_increasing","27","4","0.213749778618311","2.25892094282506e-12","0.380373831775701","0.282656731593151","increases_with_pseudotime"
"KDELR1","1","D2_late_increasing","28","3","0.21385291199362","2.20479884334413e-12","0.538317757009346","0.457846064428672","increases_with_pseudotime"
"ZNF593","1","D2_late_increasing","28","30","0.213993557814706","2.13424531292576e-12","0.179439252336449","0.106629512450001","increases_with_pseudotime"
"CORO1C","1","D2_late_increasing","28","6","0.214138158604255","2.06206815870481e-12","0.189719626168224","0.110252371580242","increases_with_pseudotime"
"RTN4RL2","1","D2_late_increasing","24","2","0.214388557262409","1.94142395850925e-12","0.114018691588785","0.0534914597687716","increases_with_pseudotime"
"PSME2","1","D2_late_increasing","26","30","0.214392170920339","1.94142395850925e-12","0.331775700934579","0.223447335064104","increases_with_pseudotime"
"AKR1B1","1","D2_late_increasing","28","1","0.214475831004509","1.90383479735196e-12","0.165420560747664","0.0757277008965274","increases_with_pseudotime"
"CYSTM1","1","D2_late_increasing","26","8","0.214501516716064","1.89360733354598e-12","0.249532710280374","0.158256344897144","increases_with_pseudotime"
"SNX3","1","D2_late_increasing","27","3","0.214619188678021","1.84151209570429e-12","0.378504672897196","0.260495016725659","increases_with_pseudotime"
"BCL7C","1","D2_late_increasing","28","8","0.214681588419299","1.81522481036057e-12","0.472897196261682","0.367178519533719","increases_with_pseudotime"
"PODNL1","1","D2_late_increasing","28","1","0.214769180136798","1.77829913621781e-12","0.127102803738318","0.0698543295335281","increases_with_pseudotime"
"GALNT15","1","D2_late_increasing","28","7","0.215145038938808","1.62613719850724e-12","0.102803738317757","0.0646176253070725","increases_with_pseudotime"
"PPP1R14B","1","D2_late_increasing","28","30","0.215194349002575","1.60802577480208e-12","0.550467289719626","0.562024753812992","increases_with_pseudotime"
"HOXB7","1","D2_late_increasing","27","1","0.215216896670389","1.6005946524948e-12","0.105607476635514","0.0487903741265982","increases_with_pseudotime"
"ADGRA2","1","D2_late_increasing","28","3","0.215763794004173","1.40305257857339e-12","0.363551401869159","0.255225029254875","increases_with_pseudotime"
"NUCB2","1","D2_late_increasing","28","7","0.216159860376597","1.27606878509356e-12","0.285046728971963","0.191506612586463","increases_with_pseudotime"
"ANXA5","1","D2_late_increasing","27","1","0.216163727293591","1.2760113215893e-12","0.522429906542056","0.47427224802834","increases_with_pseudotime"
"ATP5J2","1","D2_late_increasing","27","8","0.216175794349438","1.27337684825444e-12","0.538317757009346","0.464834852075307","increases_with_pseudotime"
"CAPNS1","1","D2_late_increasing","27","30","0.216180952555978","1.27291602413337e-12","0.533644859813084","0.453786843633251","increases_with_pseudotime"
"ATP5G3","1","D2_late_increasing","27","3","0.216357416139719","1.21978761758951e-12","0.508411214953271","0.431155879219602","increases_with_pseudotime"
"MBOAT7","1","D2_late_increasing","27","2","0.216478630779181","1.18489665853735e-12","0.122429906542056","0.0621383163642749","increases_with_pseudotime"
"WDR45","1","D2_late_increasing","27","2","0.216581803911406","1.15612790719187e-12","0.208411214953271","0.114779222285492","increases_with_pseudotime"
"SLC35A4","1","D2_late_increasing","27","4","0.216817310200863","1.09271719461544e-12","0.131775700934579","0.0683900438594211","increases_with_pseudotime"
"CSF1","1","D2_late_increasing","17","1","0.216864393888828","1.081048734393e-12","0.130841121495327","0.0651552743972556","increases_with_pseudotime"
"TES","1","D2_late_increasing","27","6","0.216897256998802","1.07327424908437e-12","0.114953271028037","0.0535170482082851","increases_with_pseudotime"
"C11orf98","1","D2_late_increasing","26","30","0.217087230551499","1.02489078284362e-12","0.232710280373832","0.13931768260439","increases_with_pseudotime"
"MRPS11","1","D2_late_increasing","27","2","0.217107737555162","1.0206329176301e-12","0.170093457943925","0.086865366416857","increases_with_pseudotime"
"PDIA6","1","D2_late_increasing","27","3","0.217360052997828","9.59622208360078e-13","0.342056074766355","0.233404026839878","increases_with_pseudotime"
"NDUFS7","1","D2_late_increasing","27","7","0.217515402908475","9.24177804803717e-13","0.301869158878505","0.187832462147948","increases_with_pseudotime"
"CMBL","1","D2_late_increasing","28","1","0.217539182348906","9.19583366421304e-13","0.113084112149533","0.051467817997162","increases_with_pseudotime"
"POP7","1","D2_late_increasing","28","7","0.217689174124297","8.86769314236614e-13","0.165420560747664","0.0822803930919795","increases_with_pseudotime"
"POLE4","1","D2_late_increasing","25","2","0.217693327358525","8.86671825341883e-13","0.229906542056075","0.13715783939312","increases_with_pseudotime"
"PREB","1","D2_late_increasing","27","3","0.217829746282008","8.57900236124264e-13","0.168224299065421","0.0869015157702992","increases_with_pseudotime"
"MPC2","1","D2_late_increasing","27","7","0.218079863977095","8.06884419691325e-13","0.208411214953271","0.117672462485102","increases_with_pseudotime"
"MIEN1","1","D2_late_increasing","26","2","0.21828083094356","7.68198324848746e-13","0.226168224299065","0.129286054040442","increases_with_pseudotime"
"CA12","1","D2_late_increasing","28","7","0.21884726643939","6.67554334718387e-13","0.195327102803738","0.119766811388746","increases_with_pseudotime"
"PDGFD","1","D2_late_increasing","30","1","0.218915175882464","6.56927931606402e-13","0.136448598130841","0.105430014931431","increases_with_pseudotime"
"COX14","1","D2_late_increasing","27","8","0.218925884200234","6.55779534779608e-13","0.299065420560748","0.186521008831735","increases_with_pseudotime"
"MINOS1","1","D2_late_increasing","27","7","0.218966434818018","6.49767486046093e-13","0.51588785046729","0.446725609982466","increases_with_pseudotime"
"NTMT1","1","D2_late_increasing","27","3","0.219080164364024","6.32132539091083e-13","0.188785046728972","0.104085007792739","increases_with_pseudotime"
"MAPK6","1","D2_late_increasing","28","10","0.219221950662457","6.10663003669042e-13","0.145794392523364","0.0815240889609102","increases_with_pseudotime"
"FAM20A","1","D2_late_increasing","24","1","0.219773457808823","5.33301179689557e-13","0.164485981308411","0.104660705972726","increases_with_pseudotime"
"GAPDH","1","D2_late_increasing","28","30","0.220387689717067","4.57849387042215e-13","0.805607476635514","1.21980103869614","increases_with_pseudotime"
"GADD45GIP1","1","D2_late_increasing","27","7","0.220562396627715","4.39370903104351e-13","0.409345794392523","0.289270112775405","increases_with_pseudotime"
"FIS1","1","D2_late_increasing","28","30","0.220827940360613","4.11301670263642e-13","0.508411214953271","0.433829131482033","increases_with_pseudotime"
"ASNA1","1","D2_late_increasing","24","1","0.220879773131822","4.06338367808685e-13","0.200934579439252","0.102546338015169","increases_with_pseudotime"
"MAPKAPK2","1","D2_late_increasing","28","3","0.221388943346146","3.57956029592936e-13","0.230841121495327","0.13487662868219","increases_with_pseudotime"
"PCNXL3","1","D2_late_increasing","27","1","0.221592627597917","3.40610097338679e-13","0.109345794392523","0.0540780273135103","increases_with_pseudotime"
"KLF7","1","D2_late_increasing","29","12","0.221760534399489","3.26733224232016e-13","0.139252336448598","0.0864724036552621","increases_with_pseudotime"
"MEA1","1","D2_late_increasing","27","6","0.22187223786508","3.17910510170334e-13","0.32803738317757","0.203078319306478","increases_with_pseudotime"
"TMEM98","1","D2_late_increasing","27","8","0.222085830546301","3.01711125055036e-13","0.282242990654206","0.169505612349426","increases_with_pseudotime"
"DCTN1","1","D2_late_increasing","27","30","0.222093493335753","3.01409978150507e-13","0.219626168224299","0.127359690039644","increases_with_pseudotime"
"APOL1","1","D2_late_increasing","26","2","0.222601605913212","2.65145188901703e-13","0.14018691588785","0.0791242938918954","increases_with_pseudotime"
"SMPD1","1","D2_late_increasing","28","3","0.222813822730144","2.51915827924697e-13","0.157009345794393","0.0814361975862488","increases_with_pseudotime"
"MRPL55","1","D2_late_increasing","28","5","0.222929041926087","2.44860405025331e-13","0.277570093457944","0.15879824537654","increases_with_pseudotime"
"RPN1","1","D2_late_increasing","27","7","0.222951523683925","2.43693179261445e-13","0.458878504672897","0.339722318488673","increases_with_pseudotime"
"FRZB","1","D2_late_increasing","24","1","0.223010879660831","2.40262236297505e-13","0.139252336448598","0.0817149688612947","increases_with_pseudotime"
"CLIP1","1","D2_late_increasing","29","2","0.223223506618704","2.27794430756877e-13","0.183177570093458","0.112488874937391","increases_with_pseudotime"
"TMEM263","1","D2_late_increasing","28","3","0.223238299453507","2.27152715670624e-13","0.170093457943925","0.0968452392006697","increases_with_pseudotime"
"CYC1","1","D2_late_increasing","27","13","0.223425417265083","2.16760968536669e-13","0.339252336448598","0.226851833272636","increases_with_pseudotime"
"DGCR6L","1","D2_late_increasing","27","4","0.223458097747032","2.15164301496114e-13","0.272897196261682","0.164719470413879","increases_with_pseudotime"
"R3HDM4","1","D2_late_increasing","28","11","0.223679581600692","2.03514320102683e-13","0.205607476635514","0.120900698615345","increases_with_pseudotime"
"LSM7","1","D2_late_increasing","27","4","0.224460175351954","1.67096926179477e-13","0.457009345794393","0.367640356072119","increases_with_pseudotime"
"CARM1","1","D2_late_increasing","26","1","0.224839801715191","1.51711340028262e-13","0.186915887850467","0.102172460176451","increases_with_pseudotime"
"KCTD12","1","D2_late_increasing","13","1","0.225243098683518","1.37277061197451e-13","0.169158878504673","0.0892344342746413","increases_with_pseudotime"
"SLC25A5","1","D2_late_increasing","27","8","0.225280524380378","1.3609066027402e-13","0.350467289719626","0.234355042364921","increases_with_pseudotime"
"CHMP1A","1","D2_late_increasing","28","2","0.225613276112879","1.25017380457985e-13","0.152336448598131","0.0732796487088725","increases_with_pseudotime"
"ABHD17A","1","D2_late_increasing","28","12","0.225943994380038","1.14889981624683e-13","0.238317757009346","0.135013222457944","increases_with_pseudotime"
"COX7A1","1","D2_late_increasing","27","30","0.226130800930079","1.09682483120884e-13","0.486915887850467","0.443895550881424","increases_with_pseudotime"
"TIAM2","1","D2_late_increasing","29","3","0.226662711089367","9.57462431587518e-14","0.150467289719626","0.105276460266144","increases_with_pseudotime"
"AURKAIP1","1","D2_late_increasing","27","30","0.226754769065402","9.35769450950893e-14","0.448598130841121","0.3304273577312","increases_with_pseudotime"
"SLC31A1","1","D2_late_increasing","27","1","0.226820237625116","9.20895447823009e-14","0.144859813084112","0.0724501094534827","increases_with_pseudotime"
"ARFGAP3","1","D2_late_increasing","28","7","0.226834793569548","9.18315675566334e-14","0.210280373831776","0.126587224494203","increases_with_pseudotime"
"NME3","1","D2_late_increasing","27","1","0.227122519833954","8.52995219158121e-14","0.388785046728972","0.280013062155311","increases_with_pseudotime"
"MRPL41","1","D2_late_increasing","27","4","0.227337101199214","8.08260332160796e-14","0.480373831775701","0.384965208487147","increases_with_pseudotime"
"UFC1","1","D2_late_increasing","27","30","0.227376524896871","8.00791042276942e-14","0.346728971962617","0.227546129061043","increases_with_pseudotime"
"NDUFA2","1","D2_late_increasing","28","8","0.227866656917088","7.06834470693014e-14","0.396261682242991","0.277262441434816","increases_with_pseudotime"
"FSCN1","1","D2_late_increasing","27","11","0.228171221297374","6.53439856940247e-14","0.398130841121495","0.311298405355914","increases_with_pseudotime"
"DLG1","1","D2_late_increasing","29","2","0.228230818290162","6.43973742628668e-14","0.147663551401869","0.104406474337288","increases_with_pseudotime"
"PCED1A","1","D2_late_increasing","23","6","0.228431600183022","6.12841716187077e-14","0.136448598130841","0.0702565275523337","increases_with_pseudotime"
"BLOC1S1","1","D2_late_increasing","26","30","0.228458449900524","6.0915226768477e-14","0.399065420560748","0.290448982378735","increases_with_pseudotime"
"COL8A2","1","D2_late_increasing","28","1","0.228810466869063","5.5660657184482e-14","0.108411214953271","0.0553188978752926","increases_with_pseudotime"
"LZTS1","1","D2_late_increasing","25","1","0.229094765547647","5.17637573625873e-14","0.101869158878505","0.0567510298786772","increases_with_pseudotime"
"LSP1","1","D2_late_increasing","27","7","0.229196560938945","5.04488266971678e-14","0.530841121495327","0.533363892346884","increases_with_pseudotime"
"KIF1C","1","D2_late_increasing","27","7","0.229421009849557","4.76073287653832e-14","0.193457943925234","0.105937164847008","increases_with_pseudotime"
"CMTM3","1","D2_late_increasing","27","30","0.229436992309965","4.74548677225995e-14","0.237383177570093","0.133185206093015","increases_with_pseudotime"
"WDR46","1","D2_late_increasing","28","7","0.229523866726137","4.64293730969533e-14","0.178504672897196","0.0941435213548249","increases_with_pseudotime"
"EFHD2","1","D2_late_increasing","26","2","0.229576206838956","4.58730589227796e-14","0.116822429906542","0.0520900898107179","increases_with_pseudotime"
"MGP","1","D2_late_increasing","24","30","0.229679826693141","4.46963963915765e-14","0.72803738317757","1.54603224231978","increases_with_pseudotime"
"XPOT","1","D2_late_increasing","27","5","0.229800862762539","4.33379747437838e-14","0.114953271028037","0.0536623262332934","increases_with_pseudotime"
"PKIG","1","D2_late_increasing","24","1","0.229827343590037","4.30798517555993e-14","0.230841121495327","0.139469946942313","increases_with_pseudotime"
"BCL3","1","D2_late_increasing","26","3","0.229886977212641","4.24509401112483e-14","0.219626168224299","0.137294309549507","increases_with_pseudotime"
"ARHGDIA","1","D2_late_increasing","27","1","0.230470847173073","3.64363749509718e-14","0.439252336448598","0.336461422040446","increases_with_pseudotime"
"ZNF428","1","D2_late_increasing","28","5","0.230614667625471","3.51398745115348e-14","0.264485981308411","0.152862417987312","increases_with_pseudotime"
"LOXL2","1","D2_late_increasing","27","4","0.23080033833984","3.3489838499679e-14","0.24018691588785","0.185026492130823","increases_with_pseudotime"
"UQCR10","1","D2_late_increasing","27","30","0.230837982674603","3.31912963178678e-14","0.529906542056075","0.478372431289691","increases_with_pseudotime"
"RAB7B","1","D2_late_increasing","26","1","0.231109835364797","3.09484553900996e-14","0.117757009345794","0.05819216685375","increases_with_pseudotime"
"RABAC1","1","D2_late_increasing","28","30","0.231173913708276","3.04581086275116e-14","0.64392523364486","0.707129368805832","increases_with_pseudotime"
"DPM3","1","D2_late_increasing","26","4","0.231339956862504","2.91758185706823e-14","0.402803738317757","0.291243617863775","increases_with_pseudotime"
"CSTB","1","D2_late_increasing","28","3","0.231575135368723","2.7438345674584e-14","0.550467289719626","0.515031196376594","increases_with_pseudotime"
"TMUB1","1","D2_late_increasing","28","6","0.231860597770066","2.54857766776665e-14","0.141121495327103","0.0745695339762298","increases_with_pseudotime"
"PSMB9","1","D2_late_increasing","25","2","0.231934145920319","2.5017526159397e-14","0.211214953271028","0.124002010629005","increases_with_pseudotime"
"AP1S1","1","D2_late_increasing","27","4","0.232021978359552","2.44645849664581e-14","0.113084112149533","0.0476013825686158","increases_with_pseudotime"
"MYL6","1","D2_late_increasing","27","30","0.232109297484363","2.39269296948353e-14","0.88411214953271","1.54204189228058","increases_with_pseudotime"
"LIMK1","1","D2_late_increasing","19","1","0.232232957433456","2.31755143390351e-14","0.119626168224299","0.0617139383792689","increases_with_pseudotime"
"GBP2","1","D2_late_increasing","26","2","0.232694439297611","2.05133271299573e-14","0.11588785046729","0.0516477551652814","increases_with_pseudotime"
"AMPD2","1","D2_late_increasing","27","1","0.232973819088339","1.90772660924911e-14","0.120560747663551","0.0643687267735359","increases_with_pseudotime"
"BEST1","1","D2_late_increasing","26","1","0.233083510130168","1.85449172635178e-14","0.117757009345794","0.0549284002870041","increases_with_pseudotime"
"CUEDC2","1","D2_late_increasing","28","9","0.233137856297444","1.82960354983386e-14","0.270093457943925","0.161963445852303","increases_with_pseudotime"
"ILF2","1","D2_late_increasing","27","3","0.233541420579272","1.6472957037863e-14","0.232710280373832","0.135669367185407","increases_with_pseudotime"
"TUBA1B","1","D2_late_increasing","27","30","0.233622559742225","1.61351538767695e-14","0.64018691588785","0.727354774404457","increases_with_pseudotime"
"SAC3D1","1","D2_late_increasing","28","8","0.233629299967983","1.61295081543376e-14","0.124299065420561","0.0629958107694237","increases_with_pseudotime"
"GDI2","1","D2_late_increasing","27","8","0.233748556799595","1.56473388664171e-14","0.305607476635514","0.182844404492124","increases_with_pseudotime"
"DCTD","1","D2_late_increasing","28","8","0.233959163479835","1.48180705673842e-14","0.2","0.115242729761544","increases_with_pseudotime"
"FAM127A","1","D2_late_increasing","28","30","0.234070090834721","1.43980233989627e-14","0.47196261682243","0.399984003353488","increases_with_pseudotime"
"RPN2","1","D2_late_increasing","27","6","0.234160892294188","1.40655540124971e-14","0.368224299065421","0.244988806896736","increases_with_pseudotime"
"ATP5E","1","D2_late_increasing","27","30","0.234441907369847","1.30688779933072e-14","0.795327102803738","1.21945708108769","increases_with_pseudotime"
"CDC42EP1","1","D2_late_increasing","28","30","0.234451167588357","1.30498771425059e-14","0.272897196261682","0.164350427539205","increases_with_pseudotime"
"PUF60","1","D2_late_increasing","27","1","0.234458498405486","1.30376839533499e-14","0.257009345794392","0.154025178089246","increases_with_pseudotime"
"INPPL1","1","D2_late_increasing","28","2","0.234473064790192","1.30001770757871e-14","0.165420560747664","0.0930007744666555","increases_with_pseudotime"
"MYL6B","1","D2_late_increasing","27","4","0.234622480880182","1.25006280725077e-14","0.3","0.18488932057311","increases_with_pseudotime"
"PKN1","1","D2_late_increasing","25","2","0.23483060057466","1.18436069872355e-14","0.186915887850467","0.105747391941014","increases_with_pseudotime"
"LTBP2","1","D2_late_increasing","28","4","0.234873883530159","1.17184316442539e-14","0.129906542056075","0.074547732348427","increases_with_pseudotime"
"COL15A1","1","D2_late_increasing","25","3","0.234954965803492","1.14889732497277e-14","0.3","0.279457714677494","increases_with_pseudotime"
"NOP10","1","D2_late_increasing","28","30","0.23523224529385","1.06829321062687e-14","0.373831775700935","0.252799085688574","increases_with_pseudotime"
"RAB11FIP5","1","D2_late_increasing","28","1","0.235275641142073","1.05695304838417e-14","0.160747663551402","0.0850749541322572","increases_with_pseudotime"
"OXLD1","1","D2_late_increasing","27","1","0.235422593048692","1.01687345139159e-14","0.127102803738318","0.0581727359691635","increases_with_pseudotime"
"DNM3OS","1","D2_late_increasing","27","3","0.235810992475918","9.19307318364885e-15","0.11588785046729","0.0583684573590862","increases_with_pseudotime"
"LRRC75A","1","D2_late_increasing","27","7","0.235818750101937","9.18346901012093e-15","0.154205607476636","0.0769861243307456","increases_with_pseudotime"
"XXYLT1","1","D2_late_increasing","28","4","0.235889425589419","9.01887856035889e-15","0.149532710280374","0.0778012211284194","increases_with_pseudotime"
"GCN1","1","D2_late_increasing","27","6","0.236301678056848","8.08215774787336e-15","0.144859813084112","0.0813841046316879","increases_with_pseudotime"
"FAAP100","1","D2_late_increasing","27","5","0.236346591336218","7.99269686252557e-15","0.110280373831776","0.0554162637769891","increases_with_pseudotime"
"PTGDS","1","D2_late_increasing","14","4","0.236588024556407","7.51728570617968e-15","0.416822429906542","0.939618074553209","increases_with_pseudotime"
"CCL27","1","D2_late_increasing","28","3","0.2370371086866","6.66700790359895e-15","0.339252336448598","0.231466832357716","increases_with_pseudotime"
"CAPG","1","D2_late_increasing","28","8","0.237121761264469","6.52200836021989e-15","0.233644859813084","0.139560279228974","increases_with_pseudotime"
"MYC","1","D2_late_increasing","27","4","0.237125154930757","6.52200836021989e-15","0.236448598130841","0.133831805299445","increases_with_pseudotime"
"MDFI","1","D2_late_increasing","28","30","0.237182883412308","6.42803014606075e-15","0.249532710280374","0.152201267818209","increases_with_pseudotime"
"B4GALT7","1","D2_late_increasing","27","1","0.237300163968006","6.23246666783802e-15","0.157009345794393","0.0773156273061895","increases_with_pseudotime"
"PSMD8","1","D2_late_increasing","27","7","0.23732006642457","6.20538864175807e-15","0.392523364485981","0.277346591750552","increases_with_pseudotime"
"IMP4","1","D2_late_increasing","28","2","0.237330829003426","6.19385021955534e-15","0.171028037383178","0.0865232070632183","increases_with_pseudotime"
"APRT","1","D2_late_increasing","27","8","0.237559909662011","5.82484635015026e-15","0.501869158878505","0.423594329043471","increases_with_pseudotime"
"PTGES2","1","D2_late_increasing","27","10","0.237692485502681","5.62986496363027e-15","0.164485981308411","0.0889062305448293","increases_with_pseudotime"
"SLC35E1","1","D2_late_increasing","27","1","0.237805789426979","5.46414903972839e-15","0.180373831775701","0.0982503066701662","increases_with_pseudotime"
"ANO1","1","D2_late_increasing","18","2","0.238155464757267","4.98731791833378e-15","0.111214953271028","0.0556889100997403","increases_with_pseudotime"
"SEC61B","1","D2_late_increasing","27","8","0.238218905225388","4.91209442251873e-15","0.6","0.594868903861807","increases_with_pseudotime"
"TTC3","1","D2_late_increasing","28","1","0.238349956545284","4.74406822556732e-15","0.454205607476636","0.364551609289771","increases_with_pseudotime"
"POLR2G","1","D2_late_increasing","27","1","0.23847663788499","4.58718815750805e-15","0.321495327102804","0.202991986287928","increases_with_pseudotime"
"TIMM13","1","D2_late_increasing","27","30","0.238899560972104","4.0935138504138e-15","0.374766355140187","0.270839953055973","increases_with_pseudotime"
"TMED2","1","D2_late_increasing","27","7","0.23897861315536","4.00995305873044e-15","0.3","0.191177945120377","increases_with_pseudotime"
"MMP14","1","D2_late_increasing","28","7","0.239071267461296","3.91341387870206e-15","0.302803738317757","0.199325248048989","increases_with_pseudotime"
"UBA1","1","D2_late_increasing","28","7","0.239371809079441","3.60686728617227e-15","0.280373831775701","0.1782407134943","increases_with_pseudotime"
"APLNR","1","D2_late_increasing","25","1","0.239763610608929","3.24493385622633e-15","0.114018691588785","0.0588784878584249","increases_with_pseudotime"
"DGKZ","1","D2_late_increasing","28","2","0.239970459985394","3.06832113503417e-15","0.104672897196262","0.0496415040733062","increases_with_pseudotime"
"ELN","1","D2_late_increasing","16","4","0.240067878391091","2.99018834172265e-15","0.394392523364486","0.421000075460707","increases_with_pseudotime"
"PRELID1","1","D2_late_increasing","28","30","0.240242503804266","2.85251334650696e-15","0.365420560747664","0.252264916596157","increases_with_pseudotime"
"SIRT2","1","D2_late_increasing","26","1","0.240373048918895","2.75444707541442e-15","0.15607476635514","0.083703751417014","increases_with_pseudotime"
"IL32","1","D2_late_increasing","26","1","0.240399682920637","2.73725068220373e-15","0.195327102803738","0.140756991086408","increases_with_pseudotime"
"CHRD","1","D2_late_increasing","21","1","0.240424132934099","2.72180602318843e-15","0.161682242990654","0.097308975589309","increases_with_pseudotime"
"BAX","1","D2_late_increasing","28","6","0.240517565479621","2.65529247094104e-15","0.142990654205607","0.068743112046345","increases_with_pseudotime"
"PLEKHO1","1","D2_late_increasing","27","1","0.240622552676476","2.58496683334441e-15","0.157009345794393","0.0836679974565697","increases_with_pseudotime"
"TSPAN4","1","D2_late_increasing","25","8","0.240994346865986","2.33454650798687e-15","0.373831775700935","0.263885474381726","increases_with_pseudotime"
"TCEB2","1","D2_late_increasing","28","30","0.240996002519578","2.33454650798687e-15","0.757943925233645","1.00948494417084","increases_with_pseudotime"
"ATP8B2","1","D2_late_increasing","28","6","0.241221096368465","2.20198085457384e-15","0.194392523364486","0.112997039110238","increases_with_pseudotime"
"ATP6V0E1","1","D2_late_increasing","28","3","0.241288250357592","2.1637207240426e-15","0.54392523364486","0.488507200955389","increases_with_pseudotime"
"SPOP","1","D2_late_increasing","28","7","0.241319276337098","2.14755476553632e-15","0.28785046728972","0.182302622680441","increases_with_pseudotime"
"DUSP23","1","D2_late_increasing","27","4","0.241549515257017","2.01673348922997e-15","0.198130841121495","0.106116147778845","increases_with_pseudotime"
"CCND2","1","D2_late_increasing","28","1","0.241574425519317","2.00505646678894e-15","0.166355140186916","0.0860079799750227","increases_with_pseudotime"
"SLC3A2","1","D2_late_increasing","27","13","0.241722622984097","1.92625489918237e-15","0.251401869158879","0.156914222134948","increases_with_pseudotime"
"TMEM205","1","D2_late_increasing","28","2","0.241910491683725","1.83017573220915e-15","0.299065420560748","0.195014372718593","increases_with_pseudotime"
"COMMD7","1","D2_late_increasing","28","1","0.242525403364514","1.54355068883627e-15","0.12803738317757","0.063983092075101","increases_with_pseudotime"
"UBTD1","1","D2_late_increasing","28","2","0.242670984747394","1.4837132635819e-15","0.163551401869159","0.0864479729751392","increases_with_pseudotime"
"SPNS1","1","D2_late_increasing","27","4","0.242828763599221","1.42130401272656e-15","0.191588785046729","0.109743379517742","increases_with_pseudotime"
"MRGPRF","1","D2_late_increasing","25","3","0.243019144943721","1.34911532514066e-15","0.176635514018692","0.0928594117926965","increases_with_pseudotime"
"PIGP","1","D2_late_increasing","28","2","0.243115042162583","1.31486667830016e-15","0.135514018691589","0.0627998897372524","increases_with_pseudotime"
"DDT","1","D2_late_increasing","27","30","0.243197736205874","1.28622150941693e-15","0.404672897196262","0.29435236008942","increases_with_pseudotime"
"CPNE1","1","D2_late_increasing","28","2","0.243244335885133","1.27097762074621e-15","0.300934579439252","0.178859545570186","increases_with_pseudotime"
"TSPAN9","1","D2_late_increasing","28","2","0.243601742920176","1.15110478359725e-15","0.257943925233645","0.165234541093269","increases_with_pseudotime"
"NDUFA13","1","D2_late_increasing","27","30","0.243602331198436","1.15110478359725e-15","0.668224299065421","0.771606323762756","increases_with_pseudotime"
"PTPN14","1","D2_late_increasing","27","5","0.243956942463084","1.04657349497661e-15","0.314018691588785","0.211168768076521","increases_with_pseudotime"
"MXD4","1","D2_late_increasing","27","7","0.244117616001717","1.00263265916487e-15","0.435514018691589","0.325449489518706","increases_with_pseudotime"
"PPP2R1A","1","D2_late_increasing","28","7","0.24419710881761","9.81581903761004e-16","0.421495327102804","0.296020929263038","increases_with_pseudotime"
"ACAN","1","D2_late_increasing","27","5","0.244388108208419","9.31272630404565e-16","0.164485981308411","0.118949797098932","increases_with_pseudotime"
"STARD10","1","D2_late_increasing","27","1","0.244471730775233","9.1063783528017e-16","0.173831775700935","0.0923522260711809","increases_with_pseudotime"
"TCEAL8","1","D2_late_increasing","28","8","0.244768852480029","8.38441318426142e-16","0.324299065420561","0.196148360673227","increases_with_pseudotime"
"NUDT22","1","D2_late_increasing","28","1","0.244848041373308","8.20858755087993e-16","0.139252336448598","0.065266377730222","increases_with_pseudotime"
"TACSTD2","1","D2_late_increasing","28","5","0.24493292958596","8.02347891088849e-16","0.233644859813084","0.136206929148448","increases_with_pseudotime"
"CD248","1","D2_late_increasing","28","30","0.245175078912601","7.51037388185265e-16","0.586915887850467","0.601341818555008","increases_with_pseudotime"
"GOLGA2","1","D2_late_increasing","28","1","0.245291356451091","7.27593350936176e-16","0.419626168224299","0.308907295701368","increases_with_pseudotime"
"HSD3B7","1","D2_late_increasing","27","1","0.245336841067795","7.19124041529035e-16","0.101869158878505","0.0473247390495267","increases_with_pseudotime"
"TAX1BP3","1","D2_late_increasing","28","30","0.245789784008161","6.33324617750176e-16","0.409345794392523","0.296761216470397","increases_with_pseudotime"
"GLRX","1","D2_late_increasing","27","8","0.245848760847361","6.23547483734168e-16","0.15981308411215","0.0798867317395238","increases_with_pseudotime"
"FAM96B","1","D2_late_increasing","28","30","0.24597243418317","6.0276095612204e-16","0.331775700934579","0.210589499505607","increases_with_pseudotime"
"CYP1B1","1","D2_late_increasing","26","1","0.246073725880154","5.86368383767508e-16","0.192523364485981","0.142540325648452","increases_with_pseudotime"
"LTBR","1","D2_late_increasing","21","5","0.246149352755339","5.74584918729061e-16","0.289719626168224","0.166150913356704","increases_with_pseudotime"
"SERPINB6","1","D2_late_increasing","27","7","0.246168355927763","5.72157446138268e-16","0.238317757009346","0.14091467426605","increases_with_pseudotime"
"MFSD12","1","D2_late_increasing","27","2","0.246346216770514","5.44613167869273e-16","0.123364485981308","0.0625742266597479","increases_with_pseudotime"
"FKBP1A","1","D2_late_increasing","27","7","0.246394108499041","5.37878843063658e-16","0.396261682242991","0.278653525222424","increases_with_pseudotime"
"NCLN","1","D2_late_increasing","27","7","0.246422231214168","5.34219426529902e-16","0.15607476635514","0.0785462734663107","increases_with_pseudotime"
"NTM","1","D2_late_increasing","28","2","0.246748343492907","4.874775232873e-16","0.142990654205607","0.0861438850659881","increases_with_pseudotime"
"FAM173A","1","D2_late_increasing","28","4","0.246815017720102","4.78873026312458e-16","0.200934579439252","0.103544336467567","increases_with_pseudotime"
"TMEM141","1","D2_late_increasing","27","30","0.246961977283329","4.60323099841078e-16","0.247663551401869","0.139623141301026","increases_with_pseudotime"
"RNF181","1","D2_late_increasing","28","30","0.247196455803687","4.31074029226383e-16","0.4","0.285975276256117","increases_with_pseudotime"
"FBLN2","1","D2_late_increasing","17","6","0.247223821913597","4.28224864910621e-16","0.624299065420561","0.677023328426256","increases_with_pseudotime"
"CTD-3214H19.16","1","D2_late_increasing","27","30","0.247530582845939","3.92795063038492e-16","0.468224299065421","0.350992835497746","increases_with_pseudotime"
"ARHGAP22","1","D2_late_increasing","29","2","0.247694892490331","3.75225759677297e-16","0.101869158878505","0.0578615425338984","increases_with_pseudotime"
"MRPL3","1","D2_late_increasing","27","2","0.247812099046801","3.63718475471601e-16","0.155140186915888","0.0721367636761194","increases_with_pseudotime"
"YIPF5","1","D2_late_increasing","28","8","0.248313652757959","3.1545129419915e-16","0.27196261682243","0.160955673178398","increases_with_pseudotime"
"APOBEC3C","1","D2_late_increasing","26","7","0.248819878178102","2.73458355333744e-16","0.227102803738318","0.126824765046679","increases_with_pseudotime"
"PSMB3","1","D2_late_increasing","26","3","0.248926460689885","2.65526896186182e-16","0.480373831775701","0.378306851479076","increases_with_pseudotime"
"C1orf54","1","D2_late_increasing","26","1","0.248932048153594","2.65415060894413e-16","0.148598130841122","0.0812953594817319","increases_with_pseudotime"
"FAM57A","1","D2_late_increasing","27","3","0.248939625924771","2.65151955095673e-16","0.142990654205607","0.0671433774484389","increases_with_pseudotime"
"NUDT2","1","D2_late_increasing","27","1","0.249243298597579","2.4356007146158e-16","0.160747663551402","0.0773497016144823","increases_with_pseudotime"
"AP2M1","1","D2_late_increasing","28","1","0.249288125641827","2.4072479212636e-16","0.463551401869159","0.371655817277657","increases_with_pseudotime"
"MYO18A","1","D2_late_increasing","30","1","0.249318161808641","2.389372930377e-16","0.167289719626168","0.0939577556925837","increases_with_pseudotime"
"TOMM5","1","D2_late_increasing","28","4","0.249401482698282","2.33552772702255e-16","0.339252336448598","0.233851856573819","increases_with_pseudotime"
"C1orf216","1","D2_late_increasing","27","2","0.249445653109719","2.30876539140799e-16","0.129906542056075","0.0610670189971752","increases_with_pseudotime"
"ELOVL1","1","D2_late_increasing","27","7","0.249461824789226","2.30078662995872e-16","0.183177570093458","0.0965431288619211","increases_with_pseudotime"
"MMP24-AS1","1","D2_late_increasing","28","4","0.249844111099783","2.06319506434404e-16","0.358878504672897","0.240736284608667","increases_with_pseudotime"
"CCDC85B","1","D2_late_increasing","27","8","0.249987160882403","1.98213145098893e-16","0.42803738317757","0.320356827891901","increases_with_pseudotime"
"COX5A","1","D2_late_increasing","27","8","0.250493189476936","1.7145196927047e-16","0.367289719626168","0.261056497752235","increases_with_pseudotime"
"GTF2H5","1","D2_late_increasing","27","5","0.250584450408097","1.67184106830875e-16","0.266355140186916","0.156053908411694","increases_with_pseudotime"
"RALA","1","D2_late_increasing","28","3","0.250720338261779","1.60927810593026e-16","0.246728971962617","0.145858766012659","increases_with_pseudotime"
"CTSD","1","D2_late_increasing","28","5","0.250788130628242","1.5798875074958e-16","0.451401869158878","0.346467452725324","increases_with_pseudotime"
"FAM210B","1","D2_late_increasing","24","2","0.251001773329534","1.48681892763837e-16","0.177570093457944","0.0828783657415397","increases_with_pseudotime"
"YKT6","1","D2_late_increasing","28","10","0.251008133200131","1.48587185520233e-16","0.247663551401869","0.153510765283","increases_with_pseudotime"
"RP11-492E3.51","1","D2_late_increasing","28","4","0.251024229797699","1.48074061451998e-16","0.219626168224299","0.142261889508288","increases_with_pseudotime"
"SEPW1","1","D2_late_increasing","27","3","0.251230742762061","1.39631555507446e-16","0.645794392523364","0.713165330974941","increases_with_pseudotime"
"PTPRD","1","D2_late_increasing","29","2","0.251261721012127","1.38549300083035e-16","0.114953271028037","0.071589533220041","increases_with_pseudotime"
"USP11","1","D2_late_increasing","27","4","0.251429533853272","1.32119257941607e-16","0.241121495327103","0.144568677305992","increases_with_pseudotime"
"IFNGR2","1","D2_late_increasing","28","7","0.251587396144287","1.26348258061708e-16","0.265420560747664","0.154538338981477","increases_with_pseudotime"
"SLC52A2","1","D2_late_increasing","28","4","0.251667297029188","1.23596872713201e-16","0.152336448598131","0.0795900360878707","increases_with_pseudotime"
"CFH","1","D2_late_increasing","28","3","0.251954220582671","1.13834656919405e-16","0.438317757009346","0.405783744350328","increases_with_pseudotime"
"PRKAR2A","1","D2_late_increasing","28","5","0.251992211726701","1.12857122737015e-16","0.24392523364486","0.156430970002311","increases_with_pseudotime"
"SNRPC","1","D2_late_increasing","28","6","0.252417128793679","1.00075610884827e-16","0.296261682242991","0.178768957707657","increases_with_pseudotime"
"CHID1","1","D2_late_increasing","27","8","0.252483869759389","9.8265771829303e-17","0.306542056074766","0.181477841273001","increases_with_pseudotime"
"MSC","1","D2_late_increasing","28","1","0.252902375423318","8.7171150143394e-17","0.11588785046729","0.0514392916900648","increases_with_pseudotime"
"DNLZ","1","D2_late_increasing","26","5","0.252917490446208","8.68936014846858e-17","0.300934579439252","0.196294269916195","increases_with_pseudotime"
"REXO2","1","D2_late_increasing","28","5","0.252962142820877","8.58720266157526e-17","0.251401869158879","0.145045058509103","increases_with_pseudotime"
"IFI35","1","D2_late_increasing","27","1","0.252992844332352","8.52094045750154e-17","0.177570093457944","0.0919221556650313","increases_with_pseudotime"
"RAB31","1","D2_late_increasing","28","1","0.25300172778616","8.50933190356835e-17","0.491588785046729","0.425107170457772","increases_with_pseudotime"
"PRDX5","1","D2_late_increasing","27","30","0.25341548555998","7.54778699121758e-17","0.585046728971963","0.591737788091852","increases_with_pseudotime"
"UFD1L","1","D2_late_increasing","27","7","0.253507140863569","7.35681378022199e-17","0.229906542056075","0.117408893224691","increases_with_pseudotime"
"ICAM3","1","D2_late_increasing","27","1","0.253631815718068","7.10149291274591e-17","0.106542056074766","0.0513631441084627","increases_with_pseudotime"
"SNHG18","1","D2_late_increasing","26","6","0.253897035254786","6.57781425743586e-17","0.205607476635514","0.117583240098878","increases_with_pseudotime"
"PSENEN","1","D2_late_increasing","26","30","0.253984948373815","6.41810177041978e-17","0.275700934579439","0.168482850129593","increases_with_pseudotime"
"SEC31A","1","D2_late_increasing","27","7","0.254017022056993","6.36582178899421e-17","0.448598130841121","0.339968482361151","increases_with_pseudotime"
"EPN1","1","D2_late_increasing","28","8","0.25406012760801","6.29353204834645e-17","0.269158878504673","0.166601686256632","increases_with_pseudotime"
"SH3BGRL3","1","D2_late_increasing","27","30","0.254226816191377","6.00003046353234e-17","0.64392523364486","0.788070677242884","increases_with_pseudotime"
"SAE1","1","D2_late_increasing","27","4","0.254257928237854","5.95280795973083e-17","0.192523364485981","0.101700035704563","increases_with_pseudotime"
"HSPA12B","1","D2_late_increasing","28","4","0.254518563249919","5.52015807497385e-17","0.141121495327103","0.0736052119890489","increases_with_pseudotime"
"NAA38","1","D2_late_increasing","27","8","0.254607190178158","5.38466560497747e-17","0.477570093457944","0.405719609421976","increases_with_pseudotime"
"CLEC2A","1","D2_late_increasing","28","3","0.254931988918858","4.89913437557767e-17","0.116822429906542","0.0571776537816017","increases_with_pseudotime"
"SEC23A","1","D2_late_increasing","29","1","0.254972250717624","4.84736568402613e-17","0.173831775700935","0.0985033434537736","increases_with_pseudotime"
"TENM4","1","D2_late_increasing","30","6","0.255161697169637","4.58950053650299e-17","0.217757009345794","0.166407876251126","increases_with_pseudotime"
"CILP","1","D2_late_increasing","18","1","0.255411479541888","4.26835225343666e-17","0.150467289719626","0.103864590103531","increases_with_pseudotime"
"CCL2","1","D2_late_increasing","26","1","0.255507031586808","4.15467645067997e-17","0.173831775700935","0.136971454181","increases_with_pseudotime"
"LAMTOR1","1","D2_late_increasing","27","4","0.255557653383734","4.0980997302221e-17","0.442056074766355","0.328395564231692","increases_with_pseudotime"
"TP53TG1","1","D2_late_increasing","28","4","0.255569027073512","4.08949801104111e-17","0.201869158878505","0.10185628669782","increases_with_pseudotime"
"SEPN1","1","D2_late_increasing","25","7","0.255605611305209","4.05059471395799e-17","0.270093457943925","0.163603293225675","increases_with_pseudotime"
"BRE","1","D2_late_increasing","28","3","0.255622211223627","4.03585688448779e-17","0.292523364485981","0.217481341188084","increases_with_pseudotime"
"SIGMAR1","1","D2_late_increasing","27","7","0.255913318359971","3.70726504944145e-17","0.218691588785047","0.120615347433354","increases_with_pseudotime"
"DEF8","1","D2_late_increasing","26","4","0.256021431452489","3.59493455460951e-17","0.142056074766355","0.0689102525983423","increases_with_pseudotime"
"CXCL12","1","D2_late_increasing","13","3","0.256051356516365","3.56771922597717e-17","0.327102803738318","0.27264902957184","increases_with_pseudotime"
"CCDC8","1","D2_late_increasing","27","12","0.25695030367122","2.73863541079207e-17","0.238317757009346","0.142124709233506","increases_with_pseudotime"
"MRPL27","1","D2_late_increasing","27","8","0.257058760161831","2.65501612633176e-17","0.282242990654206","0.170874742421028","increases_with_pseudotime"
"GSTK1","1","D2_late_increasing","27","3","0.257210697423445","2.54078832933919e-17","0.305607476635514","0.182724774135004","increases_with_pseudotime"
"NFE2L1","1","D2_late_increasing","28","5","0.257291474661055","2.48353381131567e-17","0.288785046728972","0.180731616806255","increases_with_pseudotime"
"PDIA4","1","D2_late_increasing","28","8","0.257308559398127","2.47408687598335e-17","0.344859813084112","0.220738153097236","increases_with_pseudotime"
"CAP1","1","D2_late_increasing","27","8","0.257508644285848","2.33377817103969e-17","0.346728971962617","0.219714307799905","increases_with_pseudotime"
"ABHD14A","1","D2_late_increasing","23","4","0.257566746400963","2.29661690847994e-17","0.173831775700935","0.080488615402984","increases_with_pseudotime"
"PLGRKT","1","D2_late_increasing","27","3","0.257616869648669","2.26542995998131e-17","0.131775700934579","0.0614526656151822","increases_with_pseudotime"
"SERP1","1","D2_late_increasing","27","30","0.257645042828255","2.24935384623919e-17","0.424299065420561","0.31125214132498","increases_with_pseudotime"
"FAAP20","1","D2_late_increasing","27","4","0.257675231058388","2.23574501913315e-17","0.357009345794393","0.248643442383987","increases_with_pseudotime"
"PPP4C","1","D2_late_increasing","28","4","0.257697314406668","2.22599881614306e-17","0.25607476635514","0.144611407326281","increases_with_pseudotime"
"NRN1","1","D2_late_increasing","28","3","0.257750335541402","2.19387474479011e-17","0.172897196261682","0.0839637524840523","increases_with_pseudotime"
"ITGB5","1","D2_late_increasing","28","6","0.257776275192053","2.1797713210686e-17","0.565420560747664","0.527681808126068","increases_with_pseudotime"
"PDZD11","1","D2_late_increasing","27","2","0.258177557019027","1.93587906285675e-17","0.12803738317757","0.0579862469961634","increases_with_pseudotime"
"CLTB","1","D2_late_increasing","28","4","0.258191861506922","1.93012114350408e-17","0.477570093457944","0.374476459090732","increases_with_pseudotime"
"TADA3","1","D2_late_increasing","28","4","0.258441450676897","1.79583336219298e-17","0.220560747663551","0.129946100545377","increases_with_pseudotime"
"MZT2A","1","D2_late_increasing","27","5","0.259148271484087","1.45650588692896e-17","0.365420560747664","0.25299375312055","increases_with_pseudotime"
"PTGIS","1","D2_late_increasing","18","2","0.259152685017682","1.4564821218936e-17","0.227102803738318","0.148407422485674","increases_with_pseudotime"
"FGGY","1","D2_late_increasing","28","2","0.259247352157104","1.417487687599e-17","0.106542056074766","0.0536254648972469","increases_with_pseudotime"
"HSPB6","1","D2_late_increasing","22","6","0.259254824204594","1.41616606998311e-17","0.24392523364486","0.14728964613784","increases_with_pseudotime"
"C19orf70","1","D2_late_increasing","28","30","0.25941898690213","1.34973029257579e-17","0.450467289719626","0.350438031058812","increases_with_pseudotime"
"PPP1CA","1","D2_late_increasing","27","4","0.259467485939582","1.33193289634436e-17","0.308411214953271","0.188058212839006","increases_with_pseudotime"
"TMEM54","1","D2_late_increasing","27","5","0.259483853200921","1.32713838778237e-17","0.197196261682243","0.105733698022082","increases_with_pseudotime"
"SSR2","1","D2_late_increasing","28","30","0.259781443683086","1.21660968025441e-17","0.58785046728972","0.599943449716662","increases_with_pseudotime"
"SPHK1","1","D2_late_increasing","27","1","0.259829003931472","1.20248095779021e-17","0.118691588785047","0.0575454313375838","increases_with_pseudotime"
"LY6E","1","D2_late_increasing","26","30","0.259950161836961","1.160899612618e-17","0.570093457943925","0.575967334295959","increases_with_pseudotime"
"TMEM120B","1","D2_late_increasing","29","2","0.260042497059365","1.13052274986059e-17","0.119626168224299","0.0672863265877829","increases_with_pseudotime"
"PRSS23","1","D2_late_increasing","28","10","0.260049747170382","1.12955533256411e-17","0.454205607476636","0.474640096086788","increases_with_pseudotime"
"DCN","1","D2_late_increasing","28","3","0.260135633506394","1.10213193969557e-17","0.814953271028037","1.69204182190919","increases_with_pseudotime"
"C17orf89","1","D2_late_increasing","27","30","0.260159634303655","1.09563972727159e-17","0.424299065420561","0.32360467344948","increases_with_pseudotime"
"GSDMD","1","D2_late_increasing","26","3","0.26018550880406","1.08857114622848e-17","0.21214953271028","0.115597091161977","increases_with_pseudotime"
"NFATC2","1","D2_late_increasing","20","1","0.260323718467168","1.04548387963164e-17","0.117757009345794","0.0962110809819653","increases_with_pseudotime"
"PRKCSH","1","D2_late_increasing","28","6","0.260378051362942","1.02984687645129e-17","0.385046728971963","0.266225490421505","increases_with_pseudotime"
"CENPP","1","D2_late_increasing","27","4","0.260479584112755","1.00142114509013e-17","0.24018691588785","0.157924140086862","increases_with_pseudotime"
"FBXW5","1","D2_late_increasing","28","8","0.260647927006547","9.53016294901421e-18","0.214953271028037","0.117803384088328","increases_with_pseudotime"
"DDRGK1","1","D2_late_increasing","28","7","0.260775636639268","9.18139073035214e-18","0.225233644859813","0.119401702621307","increases_with_pseudotime"
"CTC-479C5.12","1","D2_late_increasing","27","30","0.260913806528283","8.81724500005887e-18","0.25607476635514","0.147619011815254","increases_with_pseudotime"
"ANAPC11","1","D2_late_increasing","28","30","0.260929078826987","8.78843047357733e-18","0.491588785046729","0.408554624686592","increases_with_pseudotime"
"MAN1B1","1","D2_late_increasing","26","3","0.260970474486619","8.69070562883824e-18","0.283177570093458","0.171974490241259","increases_with_pseudotime"
"NDUFA6","1","D2_late_increasing","28","8","0.261140936801354","8.26450769290839e-18","0.42803738317757","0.327299114276116","increases_with_pseudotime"
"GPX1","1","D2_late_increasing","27","30","0.261357853971444","7.74897708669988e-18","0.565420560747664","0.576539636633158","increases_with_pseudotime"
"MICAL2","1","D2_late_increasing","27","12","0.261379329677625","7.70912163104581e-18","0.121495327102804","0.0714986316933193","increases_with_pseudotime"
"TAPBP","1","D2_late_increasing","26","8","0.261455026625106","7.54433875268249e-18","0.303738317757009","0.195447233906647","increases_with_pseudotime"
"TMED9","1","D2_late_increasing","27","8","0.261462963422974","7.53644409310575e-18","0.471028037383178","0.389222497938063","increases_with_pseudotime"
"MRPL36","1","D2_late_increasing","27","30","0.261657173511284","7.12435788607173e-18","0.250467289719626","0.145241268659054","increases_with_pseudotime"
"FUCA2","1","D2_late_increasing","28","4","0.261701940973707","7.03775296709168e-18","0.214953271028037","0.111375216678475","increases_with_pseudotime"
"TP53I13","1","D2_late_increasing","27","7","0.261897679107626","6.64040871750155e-18","0.306542056074766","0.196505671429619","increases_with_pseudotime"
"IFI16","1","D2_late_increasing","28","6","0.261950568977659","6.54343759200461e-18","0.354205607476635","0.260983770544467","increases_with_pseudotime"
"SEC61G","1","D2_late_increasing","27","30","0.262105358885763","6.25104764130576e-18","0.549532710280374","0.527941155831898","increases_with_pseudotime"
"ARPC2","1","D2_late_increasing","27","2","0.262120130836118","6.23157097149163e-18","0.571028037383178","0.55210740062664","increases_with_pseudotime"
"NCS1","1","D2_late_increasing","28","1","0.262131929258662","6.21778915311369e-18","0.165420560747664","0.085019571061804","increases_with_pseudotime"
"GMPPB","1","D2_late_increasing","27","3","0.262198699644975","6.10110328797536e-18","0.107476635514019","0.0459721569489242","increases_with_pseudotime"
"TMEM45A","1","D2_late_increasing","28","7","0.262328466723966","5.87282397194316e-18","0.361682242990654","0.243156910487326","increases_with_pseudotime"
"FAM109B","1","D2_late_increasing","27","2","0.262524287809012","5.5479721834514e-18","0.11588785046729","0.0554887107330717","increases_with_pseudotime"
"G6PC3","1","D2_late_increasing","27","4","0.262882788310698","4.99394775550406e-18","0.193457943925234","0.0996093634264641","increases_with_pseudotime"
"ARF5","1","D2_late_increasing","27","7","0.262969472953643","4.87026348982286e-18","0.477570093457944","0.388303180225183","increases_with_pseudotime"
"MGAT1","1","D2_late_increasing","27","8","0.263354530044291","4.34156937981318e-18","0.378504672897196","0.254650163598086","increases_with_pseudotime"
"ATP5G1","1","D2_late_increasing","28","8","0.263857190298792","3.72733169231611e-18","0.404672897196262","0.294357370015116","increases_with_pseudotime"
"PPP1R9B","1","D2_late_increasing","27","9","0.264099029037532","3.46568711040358e-18","0.195327102803738","0.104887715925906","increases_with_pseudotime"
"SH3GLB1","1","D2_late_increasing","28","4","0.264131403605603","3.43623406903896e-18","0.25981308411215","0.155303266499582","increases_with_pseudotime"
"SHISA4","1","D2_late_increasing","27","4","0.264195243244198","3.37695406361297e-18","0.155140186915888","0.0743920006472691","increases_with_pseudotime"
"PALM","1","D2_late_increasing","17","2","0.264280215383339","3.29663407784464e-18","0.17196261682243","0.101493105490241","increases_with_pseudotime"
"COLGALT1","1","D2_late_increasing","28","4","0.264380034950074","3.20158811186552e-18","0.317757009345794","0.205751591035158","increases_with_pseudotime"
"IGF2","1","D2_late_increasing","27","3","0.264407564610493","3.1791028551842e-18","0.518691588785047","0.814239712437064","increases_with_pseudotime"
"CLDN4","1","D2_late_increasing","23","4","0.264716807140616","2.89481065547898e-18","0.229906542056075","0.130907274547808","increases_with_pseudotime"
"EIF5A","1","D2_late_increasing","28","8","0.264823629844219","2.80515233418011e-18","0.435514018691589","0.333634811525385","increases_with_pseudotime"
"TGFB1I1","1","D2_late_increasing","27","7","0.265234840336945","2.47484022644739e-18","0.27196261682243","0.171431432068765","increases_with_pseudotime"
"ORAI2","1","D2_late_increasing","27","1","0.265239184729673","2.47484022644739e-18","0.211214953271028","0.1199407399501","increases_with_pseudotime"
"WIPI1","1","D2_late_increasing","27","1","0.265352933079077","2.39310067922078e-18","0.164485981308411","0.0896256742960388","increases_with_pseudotime"
"CLEC2B","1","D2_late_increasing","27","2","0.265541436694884","2.2610509355469e-18","0.306542056074766","0.209132043175836","increases_with_pseudotime"
"SNRNP25","1","D2_late_increasing","27","3","0.265575054582008","2.24089161240392e-18","0.157943925233645","0.0779927633270418","increases_with_pseudotime"
"UQCR11","1","D2_late_increasing","27","30","0.266089801428648","1.91393133484629e-18","0.667289719626168","0.784748667780855","increases_with_pseudotime"
"DDB2","1","D2_late_increasing","29","4","0.266112252777792","1.90339649898565e-18","0.169158878504673","0.0989762466169266","increases_with_pseudotime"
"GALNT5","1","D2_late_increasing","29","1","0.266160346968726","1.87795484308436e-18","0.106542056074766","0.0444497197761849","increases_with_pseudotime"
"NAGLU","1","D2_late_increasing","27","8","0.266171944061307","1.87390882884019e-18","0.209345794392523","0.112679362984703","increases_with_pseudotime"
"UBXN6","1","D2_late_increasing","25","4","0.266195843019645","1.86276610418971e-18","0.300934579439252","0.187834503153144","increases_with_pseudotime"
"SCP2","1","D2_late_increasing","28","8","0.266473159659046","1.71186090365933e-18","0.282242990654206","0.169999514852873","increases_with_pseudotime"
"IKBIP","1","D2_late_increasing","28","7","0.266754291752081","1.5757044766523e-18","0.231775700934579","0.135211112651552","increases_with_pseudotime"
"MAN1C1","1","D2_late_increasing","29","1","0.266769036136011","1.5707797656848e-18","0.185046728971963","0.116845191246314","increases_with_pseudotime"
"COPS7A","1","D2_late_increasing","27","4","0.266990810035372","1.46836679575451e-18","0.175700934579439","0.0861627958427355","increases_with_pseudotime"
"WBP5","1","D2_late_increasing","27","6","0.267045148377072","1.44587838349127e-18","0.37196261682243","0.268683871982202","increases_with_pseudotime"
"VAT1","1","D2_late_increasing","27","30","0.267067091443841","1.43813936956643e-18","0.311214953271028","0.19997159057211","increases_with_pseudotime"
"PEA15","1","D2_late_increasing","27","5","0.267510304281861","1.25474387400853e-18","0.245794392523364","0.138430180962953","increases_with_pseudotime"
"TXN2","1","D2_late_increasing","27","1","0.267852163443203","1.13125319909529e-18","0.322429906542056","0.204311045521274","increases_with_pseudotime"
"ECM2","1","D2_late_increasing","18","2","0.267991104200855","1.08485906285187e-18","0.24392523364486","0.142254232243912","increases_with_pseudotime"
"TBC1D1","1","D2_late_increasing","28","1","0.268025101432846","1.07498340902178e-18","0.149532710280374","0.0847138278850595","increases_with_pseudotime"
"NDUFB3","1","D2_late_increasing","27","5","0.268182003363087","1.02510365800848e-18","0.257943925233645","0.145463743050983","increases_with_pseudotime"
"APOE","1","D2_late_increasing","13","3","0.268435320157949","9.49888912354078e-19","0.64018691588785","1.17955139552174","increases_with_pseudotime"
"FAM129A","1","D2_late_increasing","30","3","0.268708969643983","8.74543879635458e-19","0.118691588785047","0.0680996327879306","increases_with_pseudotime"
"SLC39A7","1","D2_late_increasing","27","7","0.26889656644216","8.25878533330627e-19","0.419626168224299","0.308863746900486","increases_with_pseudotime"
"KIAA2013","1","D2_late_increasing","27","4","0.268979807246438","8.058123673571e-19","0.194392523364486","0.108275517288438","increases_with_pseudotime"
"TNC","1","D2_late_increasing","28","6","0.268988544910477","8.04799938991192e-19","0.242990654205607","0.24057199394547","increases_with_pseudotime"
"CLPP","1","D2_late_increasing","28","5","0.269186988102439","7.58513121844212e-19","0.228971962616822","0.125112143266476","increases_with_pseudotime"
"HMOX2","1","D2_late_increasing","27","3","0.269216852377496","7.52560800436098e-19","0.227102803738318","0.125916503017301","increases_with_pseudotime"
"MAST2","1","D2_late_increasing","30","5","0.269378788575901","7.17418613420526e-19","0.150467289719626","0.0875539026777746","increases_with_pseudotime"
"GPC1","1","D2_late_increasing","27","1","0.269730945046388","6.43263610455116e-19","0.208411214953271","0.121879344531413","increases_with_pseudotime"
"PRADC1","1","D2_late_increasing","28","2","0.269757553372209","6.38861198691663e-19","0.164485981308411","0.0814612772613975","increases_with_pseudotime"
"KLHL22","1","D2_late_increasing","30","4","0.269772184624155","6.3688313960076e-19","0.155140186915888","0.0833672315570727","increases_with_pseudotime"
"ARAP1","1","D2_late_increasing","27","7","0.269985745963656","5.96407384754027e-19","0.298130841121495","0.192654099786594","increases_with_pseudotime"
"GUK1","1","D2_late_increasing","27","7","0.27011408433395","5.74523827994089e-19","0.522429906542056","0.464430707982932","increases_with_pseudotime"
"IGDCC4","1","D2_late_increasing","29","1","0.270355689688803","5.332301117398e-19","0.116822429906542","0.0651485515758268","increases_with_pseudotime"
"CHD3","1","D2_late_increasing","27","4","0.270499885252004","5.10305783579165e-19","0.370093457943925","0.25340133238417","increases_with_pseudotime"
"NDUFA3","1","D2_late_increasing","27","7","0.270523358364544","5.07308955601629e-19","0.414953271028037","0.294291120526829","increases_with_pseudotime"
"PSMB8","1","D2_late_increasing","26","1","0.27054533436053","5.04568687339885e-19","0.246728971962617","0.142634111408052","increases_with_pseudotime"
"KLHDC3","1","D2_late_increasing","28","5","0.270592015067922","4.97948772292403e-19","0.246728971962617","0.145371770921122","increases_with_pseudotime"
"MIF","1","D2_late_increasing","27","7","0.271014343604749","4.36453845364906e-19","0.333644859813084","0.23535347538335","increases_with_pseudotime"
"GOLGA3","1","D2_late_increasing","27","11","0.271037453932428","4.33937530746948e-19","0.3","0.190644336843214","increases_with_pseudotime"
"ST6GALNAC6","1","D2_late_increasing","26","8","0.271376996526609","3.90350671763229e-19","0.241121495327103","0.144998727547563","increases_with_pseudotime"
"THOC6","1","D2_late_increasing","28","1","0.271837905950586","3.38354748664127e-19","0.14392523364486","0.0719879210699976","increases_with_pseudotime"
"MRPL14","1","D2_late_increasing","27","10","0.272074639715087","3.14355556396874e-19","0.290654205607477","0.179369312928803","increases_with_pseudotime"
"GTF3C1","1","D2_late_increasing","28","2","0.272141748453743","3.08201704350739e-19","0.186915887850467","0.10030947287705","increases_with_pseudotime"
"GNG5","1","D2_late_increasing","27","3","0.272226883979353","3.00442265338011e-19","0.492523364485981","0.393346896604787","increases_with_pseudotime"
"BAD","1","D2_late_increasing","28","1","0.272724911395005","2.56841126835422e-19","0.353271028037383","0.220884691256376","increases_with_pseudotime"
"DPYSL3","1","D2_late_increasing","28","7","0.272810372994431","2.50333477444367e-19","0.393457943925234","0.307287923323696","increases_with_pseudotime"
"TIMM8B","1","D2_late_increasing","28","5","0.272852712251228","2.47362604131074e-19","0.383177570093458","0.267762036189999","increases_with_pseudotime"
"MYO1C","1","D2_late_increasing","28","6","0.272856617749856","2.47362604131074e-19","0.426168224299065","0.310971817018897","increases_with_pseudotime"
"CRELD2","1","D2_late_increasing","27","8","0.272967204101695","2.3924324130154e-19","0.234579439252336","0.12858523383814","increases_with_pseudotime"
"CALR","1","D2_late_increasing","28","4","0.273308014265699","2.14944270089261e-19","0.622429906542056","0.638633900530348","increases_with_pseudotime"
"C11orf68","1","D2_late_increasing","27","2","0.273537268993181","2.00087862752309e-19","0.257943925233645","0.144123343606923","increases_with_pseudotime"
"B2M","1","D2_late_increasing","27","8","0.273595198197693","1.96725552641708e-19","0.922429906542056","1.93768232929667","increases_with_pseudotime"
"C19orf24","1","D2_late_increasing","27","3","0.273881596770607","1.79797793619606e-19","0.24018691588785","0.141984919064515","increases_with_pseudotime"
"FAM102A","1","D2_late_increasing","28","5","0.273957519375275","1.75758078270979e-19","0.219626168224299","0.120003285550745","increases_with_pseudotime"
"NUTF2","1","D2_late_increasing","28","8","0.273957677608342","1.75758078270979e-19","0.305607476635514","0.191337987690398","increases_with_pseudotime"
"UROS","1","D2_late_increasing","27","6","0.274023879192736","1.72604455633438e-19","0.190654205607477","0.0956809837095116","increases_with_pseudotime"
"CALM3","1","D2_late_increasing","28","3","0.274075492131294","1.70043089323036e-19","0.450467289719626","0.339164404316725","increases_with_pseudotime"
"PRICKLE1","1","D2_late_increasing","30","3","0.274590081970782","1.44650653226371e-19","0.24018691588785","0.19711503931089","increases_with_pseudotime"
"TXNDC15","1","D2_late_increasing","28","2","0.274762961321878","1.37061126832818e-19","0.214953271028037","0.11131901304879","increases_with_pseudotime"
"EFEMP1","1","D2_late_increasing","17","4","0.274892634173123","1.31679583669366e-19","0.313084112149533","0.245433833863661","increases_with_pseudotime"
"CCDC124","1","D2_late_increasing","27","5","0.274971255554789","1.28598841490224e-19","0.298130841121495","0.177049849917444","increases_with_pseudotime"
"NDUFB2","1","D2_late_increasing","27","8","0.274977605649527","1.28539839679586e-19","0.57196261682243","0.549926217472968","increases_with_pseudotime"
"GRINA","1","D2_late_increasing","27","6","0.275030266770622","1.26698902634223e-19","0.298130841121495","0.177624814200752","increases_with_pseudotime"
"FAM177A1","1","D2_late_increasing","27","8","0.275317061208709","1.15800665524297e-19","0.216822429906542","0.117248687940677","increases_with_pseudotime"
"GIPC1","1","D2_late_increasing","27","8","0.275372868606672","1.13921086113801e-19","0.237383177570093","0.134572983807887","increases_with_pseudotime"
"ZNF106","1","D2_late_increasing","24","1","0.275559867279956","1.0743699280566e-19","0.272897196261682","0.170808350719561","increases_with_pseudotime"
"SLC12A4","1","D2_late_increasing","28","4","0.275920506096067","9.58015702815789e-20","0.153271028037383","0.0830947134974836","increases_with_pseudotime"
"SRPX2","1","D2_late_increasing","27","2","0.276201480084267","8.76375140642076e-20","0.126168224299065","0.0688323108833608","increases_with_pseudotime"
"ECHS1","1","D2_late_increasing","28","4","0.276237643322345","8.67589091617416e-20","0.260747663551402","0.147653295575575","increases_with_pseudotime"
"ANXA1","1","D2_late_increasing","26","4","0.276777974889898","7.29703211019861e-20","0.469158878504673","0.405463208996493","increases_with_pseudotime"
"FAM234A","1","D2_late_increasing","26","2","0.276908628675247","7.00606650743005e-20","0.150467289719626","0.0740774614067176","increases_with_pseudotime"
"TWF2","1","D2_late_increasing","27","1","0.27691609828261","7.00039472299684e-20","0.258878504672897","0.155440767952531","increases_with_pseudotime"
"ITGA5","1","D2_late_increasing","27","1","0.277024670262131","6.76938827122027e-20","0.164485981308411","0.0858194838445185","increases_with_pseudotime"
"RARRES3","1","D2_late_increasing","26","1","0.277074490486942","6.67175168583564e-20","0.226168224299065","0.153222555559692","increases_with_pseudotime"
"AKR1C3","1","D2_late_increasing","27","1","0.277204546943218","6.40669428434249e-20","0.178504672897196","0.0912393245432104","increases_with_pseudotime"
"TMEM208","1","D2_late_increasing","27","30","0.277240139389021","6.34344605828963e-20","0.235514018691589","0.147601798284896","increases_with_pseudotime"
"BUD31","1","D2_late_increasing","28","5","0.27753645365837","5.77131426307244e-20","0.290654205607477","0.177684016278596","increases_with_pseudotime"
"CCDC167","1","D2_late_increasing","28","3","0.277779475570023","5.3419143689686e-20","0.157009345794393","0.0765168124410099","increases_with_pseudotime"
"SCARF2","1","D2_late_increasing","27","4","0.27780247438248","5.3107690759799e-20","0.270093457943925","0.168482764774582","increases_with_pseudotime"
"RNPEPL1","1","D2_late_increasing","26","2","0.277857885084027","5.2244780808887e-20","0.12803738317757","0.0618086357142917","increases_with_pseudotime"
"OLFM2","1","D2_late_increasing","28","7","0.27787648434333","5.20146740448151e-20","0.31214953271028","0.249208631812565","increases_with_pseudotime"
"SPINT2","1","D2_late_increasing","28","3","0.277918490703979","5.13930455756231e-20","0.25607476635514","0.148788537182996","increases_with_pseudotime"
"BRI3","1","D2_late_increasing","28","1","0.277955830118132","5.08559945858098e-20","0.565420560747664","0.545626071086158","increases_with_pseudotime"
"RP11-196G11.1","1","D2_late_increasing","28","4","0.278356350271461","4.47868498841643e-20","0.141121495327103","0.0667514490890894","increases_with_pseudotime"
"KCNK6","1","D2_late_increasing","28","3","0.278494613746152","4.28843350997474e-20","0.139252336448598","0.0829935213829535","increases_with_pseudotime"
"LRPAP1","1","D2_late_increasing","27","9","0.27851338830266","4.26930280095725e-20","0.345794392523364","0.220570913322893","increases_with_pseudotime"
"FBLIM1","1","D2_late_increasing","26","6","0.278562823219375","4.20799342630042e-20","0.186915887850467","0.112300470986522","increases_with_pseudotime"
"ARSA","1","D2_late_increasing","28","6","0.278588798810745","4.17941224122221e-20","0.192523364485981","0.103633524492965","increases_with_pseudotime"
"RNASEH2C","1","D2_late_increasing","28","30","0.279053964871915","3.60262621311881e-20","0.35607476635514","0.24982452545459","increases_with_pseudotime"
"TXNL4A","1","D2_late_increasing","28","4","0.27940315217901","3.21930187272869e-20","0.364485981308411","0.264140524170202","increases_with_pseudotime"
"GTF3C6","1","D2_late_increasing","27","1","0.279591364702765","3.03201953452889e-20","0.24392523364486","0.137874173308524","increases_with_pseudotime"
"AKT1S1","1","D2_late_increasing","27","2","0.279802957126275","2.83844962469732e-20","0.199065420560748","0.105577615260416","increases_with_pseudotime"
"SH3GL1","1","D2_late_increasing","27","6","0.279846012679709","2.80336609647196e-20","0.236448598130841","0.135479954774511","increases_with_pseudotime"
"AP3D1","1","D2_late_increasing","28","2","0.280025324060645","2.64773381336206e-20","0.213084112149533","0.121801258502334","increases_with_pseudotime"
"QSOX1","1","D2_late_increasing","27","1","0.280177030081057","2.52340138899153e-20","0.241121495327103","0.143272596257851","increases_with_pseudotime"
"TXLNA","1","D2_late_increasing","25","11","0.280522780229485","2.256311890287e-20","0.201869158878505","0.107527646172852","increases_with_pseudotime"
"GPC6","1","D2_late_increasing","29","1","0.280527796657599","2.256311890287e-20","0.147663551401869","0.132349704928425","increases_with_pseudotime"
"LTBP3","1","D2_late_increasing","28","7","0.281206191282645","1.80790974915606e-20","0.504672897196262","0.403289414485355","increases_with_pseudotime"
"FAM229B","1","D2_late_increasing","28","3","0.281334152452544","1.73616013053243e-20","0.205607476635514","0.115776947115596","increases_with_pseudotime"
"C12orf75","1","D2_late_increasing","27","4","0.281732491790238","1.52745098663753e-20","0.225233644859813","0.128847288145012","increases_with_pseudotime"
"SRM","1","D2_late_increasing","27","30","0.282022835598442","1.39005255532564e-20","0.347663551401869","0.236084784936519","increases_with_pseudotime"
"PPDPF","1","D2_late_increasing","27","7","0.282268102695141","1.28389038057422e-20","0.516822429906542","0.462765876912712","increases_with_pseudotime"
"PRKCDBP","1","D2_late_increasing","28","7","0.282286600361517","1.27823017430934e-20","0.498130841121495","0.453224686659149","increases_with_pseudotime"
"GTF3A","1","D2_late_increasing","28","6","0.28233590885667","1.25968185124407e-20","0.246728971962617","0.135782173423617","increases_with_pseudotime"
"JDP2","1","D2_late_increasing","27","2","0.282600641856938","1.1558839558747e-20","0.185981308411215","0.105635071130549","increases_with_pseudotime"
"RP11-282O18.3","1","D2_late_increasing","27","30","0.282629627975451","1.14679429284898e-20","0.371028037383178","0.257021777572926","increases_with_pseudotime"
"TRAPPC1","1","D2_late_increasing","27","7","0.282969914272872","1.02613547397023e-20","0.333644859813084","0.214616339651213","increases_with_pseudotime"
"GSR","1","D2_late_increasing","28","1","0.282991260398577","1.02064301658007e-20","0.102803738317757","0.0446003559176824","increases_with_pseudotime"
"PDIA5","1","D2_late_increasing","28","3","0.283234101641879","9.44799695497586e-21","0.219626168224299","0.116683713351208","increases_with_pseudotime"
"RHOC","1","D2_late_increasing","27","8","0.28341156248079","8.92212903617804e-21","0.568224299065421","0.584201439106819","increases_with_pseudotime"
"UROD","1","D2_late_increasing","26","5","0.283785908899116","7.89062400144785e-21","0.282242990654206","0.187594861165349","increases_with_pseudotime"
"IMPDH1","1","D2_late_increasing","27","3","0.283915593578579","7.57007969720237e-21","0.151401869158879","0.0732063933864869","increases_with_pseudotime"
"YIF1B","1","D2_late_increasing","28","6","0.284586038999027","6.06303142998171e-21","0.166355140186916","0.0821106642036871","increases_with_pseudotime"
"MED8","1","D2_late_increasing","27","2","0.284987149792176","5.32040876859737e-21","0.174766355140187","0.087135864848865","increases_with_pseudotime"
"UQCC2","1","D2_late_increasing","27","7","0.28502550050368","5.2617293534561e-21","0.27196261682243","0.164453785801142","increases_with_pseudotime"
"CD276","1","D2_late_increasing","28","4","0.285251136161698","4.89588502291617e-21","0.241121495327103","0.136657534818839","increases_with_pseudotime"
"GLMP","1","D2_late_increasing","27","5","0.285670743083627","4.26071634128973e-21","0.217757009345794","0.116031527094331","increases_with_pseudotime"
"BTN3A2","1","D2_late_increasing","26","1","0.285936555506792","3.9037333404574e-21","0.18785046728972","0.0949765264782109","increases_with_pseudotime"
"TANC2","1","D2_late_increasing","29","1","0.285960073200249","3.87983774873506e-21","0.162616822429907","0.115129882707283","increases_with_pseudotime"
"ZNHIT1","1","D2_late_increasing","27","30","0.286532067204067","3.21202197274201e-21","0.474766355140187","0.396734882434265","increases_with_pseudotime"
"EIF4G1","1","D2_late_increasing","27","5","0.286535391327367","3.21202197274201e-21","0.396261682242991","0.276906678362722","increases_with_pseudotime"
"UQCRQ","1","D2_late_increasing","27","3","0.286536368612786","3.21202197274201e-21","0.658878504672897","0.757290788495721","increases_with_pseudotime"
"GRIN2D","1","D2_late_increasing","28","1","0.286545683681659","3.21202197274201e-21","0.104672897196262","0.0501234524812034","increases_with_pseudotime"
"COPA","1","D2_late_increasing","27","4","0.286642541906523","3.11674460872896e-21","0.404672897196262","0.272403035337245","increases_with_pseudotime"
"FMO1","1","D2_late_increasing","20","1","0.286758602453975","3.00253567111647e-21","0.158878504672897","0.0922253981052219","increases_with_pseudotime"
"CD63","1","D2_late_increasing","28","30","0.286893759177278","2.87389808707628e-21","0.907476635514019","1.94868177146599","increases_with_pseudotime"
"ARPC4","1","D2_late_increasing","27","5","0.287013414004348","2.76513987351713e-21","0.357943925233645","0.237184282265582","increases_with_pseudotime"
"ITGB1BP1","1","D2_late_increasing","26","5","0.287194763220433","2.60560524000708e-21","0.250467289719626","0.141375210733743","increases_with_pseudotime"
"NDST1","1","D2_late_increasing","27","3","0.287221014198338","2.58725224437266e-21","0.195327102803738","0.104897336140057","increases_with_pseudotime"
"CHPF2","1","D2_late_increasing","28","10","0.287221606824667","2.58725224437266e-21","0.194392523364486","0.104707877574775","increases_with_pseudotime"
"GLT8D2","1","D2_late_increasing","28","7","0.287329499793741","2.50315541152973e-21","0.247663551401869","0.137173931046769","increases_with_pseudotime"
"ATP6V0D1","1","D2_late_increasing","27","4","0.287482733842198","2.38111037430906e-21","0.257943925233645","0.149822310169622","increases_with_pseudotime"
"SEMA3C","1","D2_late_increasing","29","1","0.287590814417172","2.2998117685265e-21","0.149532710280374","0.0932305481351482","increases_with_pseudotime"
"PLEKHA4","1","D2_late_increasing","26","1","0.287692623432099","2.22597987037889e-21","0.192523364485981","0.107640769701594","increases_with_pseudotime"
"ARPC1A","1","D2_late_increasing","28","6","0.287769468125685","2.17277864395368e-21","0.247663551401869","0.137301636739636","increases_with_pseudotime"
"A2M","1","D2_late_increasing","27","9","0.288151148286131","1.91972734526128e-21","0.237383177570093","0.148476174489407","increases_with_pseudotime"
"CDK2AP1","1","D2_late_increasing","27","6","0.288310062783907","1.82234209005276e-21","0.319626168224299","0.196049238273771","increases_with_pseudotime"
"MINOS1-NBL1","1","D2_late_increasing","27","1","0.288600034758092","1.65455606840849e-21","0.131775700934579","0.0695282150507089","increases_with_pseudotime"
"HAPLN3","1","D2_late_increasing","28","4","0.288755642572066","1.57224600464694e-21","0.175700934579439","0.0913185074968833","increases_with_pseudotime"
"TPM2","1","D2_late_increasing","28","8","0.288842174067557","1.52948907581287e-21","0.477570093457944","0.459354839016811","increases_with_pseudotime"
"ZEB1","1","D2_late_increasing","29","6","0.289042367108784","1.43145849294783e-21","0.233644859813084","0.170704495053674","increases_with_pseudotime"
"ERCC1","1","D2_late_increasing","28","5","0.289059840205555","1.42560400443011e-21","0.388785046728972","0.26772508510547","increases_with_pseudotime"
"MEIS3","1","D2_late_increasing","28","4","0.289097401830625","1.4101054332589e-21","0.210280373831776","0.112899238749433","increases_with_pseudotime"
"ACTB","1","D2_late_increasing","27","8","0.289279770870115","1.32768280283935e-21","0.926168224299065","1.94293337476534","increases_with_pseudotime"
"MYLK","1","D2_late_increasing","28","2","0.289307711566872","1.31755331526163e-21","0.165420560747664","0.0995605668392245","increases_with_pseudotime"
"CD82","1","D2_late_increasing","26","3","0.289386119360412","1.28521758721496e-21","0.230841121495327","0.149930315584309","increases_with_pseudotime"
"PLXNB2","1","D2_late_increasing","25","6","0.289415124356322","1.27495329712625e-21","0.28785046728972","0.174525991597288","increases_with_pseudotime"
"PLOD2","1","D2_late_increasing","28","2","0.289627951102076","1.18794941875284e-21","0.144859813084112","0.0795158426721418","increases_with_pseudotime"
"LINC01615","1","D2_late_increasing","25","1","0.289837029608947","1.10823492267127e-21","0.139252336448598","0.0681657086777677","increases_with_pseudotime"
"MRPL17","1","D2_late_increasing","28","7","0.289870844383338","1.09963553173871e-21","0.248598130841122","0.135276766064341","increases_with_pseudotime"
"SLC39A13","1","D2_late_increasing","27","7","0.290003641364281","1.05286700398074e-21","0.231775700934579","0.129877486972549","increases_with_pseudotime"
"ARHGAP28","1","D2_late_increasing","29","3","0.290522127873881","8.83498459119413e-22","0.107476635514019","0.060343736078575","increases_with_pseudotime"
"RAD51B","1","D2_late_increasing","28","6","0.290735010147544","8.22944028914563e-22","0.194392523364486","0.131761463089568","increases_with_pseudotime"
"CTSC","1","D2_late_increasing","14","2","0.291278277129743","6.84361664006794e-22","0.310280373831776","0.346723126804947","increases_with_pseudotime"
"NANS","1","D2_late_increasing","28","4","0.291354903844867","6.67856486984637e-22","0.201869158878505","0.108131291001026","increases_with_pseudotime"
"GAA","1","D2_late_increasing","24","2","0.291567017003782","6.22101872401237e-22","0.248598130841122","0.139237992502741","increases_with_pseudotime"
"TNFRSF1A","1","D2_late_increasing","27","3","0.291606651559903","6.1485349076039e-22","0.393457943925234","0.283610529985423","increases_with_pseudotime"
"GALNT2","1","D2_late_increasing","28","6","0.29184814283142","5.66932912685907e-22","0.225233644859813","0.136444322100105","increases_with_pseudotime"
"PLAUR","1","D2_late_increasing","27","2","0.291874029740402","5.62979859120721e-22","0.227102803738318","0.14343041372757","increases_with_pseudotime"
"PAPSS2","1","D2_late_increasing","28","1","0.29194965672069","5.4956673280906e-22","0.201869158878505","0.109779479743343","increases_with_pseudotime"
"DAPK3","1","D2_late_increasing","28","1","0.292231986054214","4.99602521921857e-22","0.227102803738318","0.132728127470133","increases_with_pseudotime"
"GPI","1","D2_late_increasing","26","2","0.292314498604974","4.86528672644909e-22","0.368224299065421","0.246410045759685","increases_with_pseudotime"
"AGTRAP","1","D2_late_increasing","26","4","0.292395503785997","4.74040593557214e-22","0.211214953271028","0.111908162730696","increases_with_pseudotime"
"HOMER3","1","D2_late_increasing","28","7","0.292623519324847","4.39027130743003e-22","0.193457943925234","0.0980761833059297","increases_with_pseudotime"
"NAA10","1","D2_late_increasing","28","4","0.292753985261362","4.20503796149223e-22","0.267289719626168","0.153797058483871","increases_with_pseudotime"
"COPZ1","1","D2_late_increasing","27","7","0.293778224743732","2.95592713296063e-22","0.293457943925234","0.179393349586719","increases_with_pseudotime"
"NRBP1","1","D2_late_increasing","27","5","0.293824751547347","2.91426807798686e-22","0.293457943925234","0.177064642305096","increases_with_pseudotime"
"NPTX2","1","D2_late_increasing","27","1","0.294310308804282","2.46702642590293e-22","0.150467289719626","0.0814613911390345","increases_with_pseudotime"
"CXXC5","1","D2_late_increasing","26","1","0.294316593906844","2.46644322811213e-22","0.28785046728972","0.18372984766989","increases_with_pseudotime"
"TMEM147","1","D2_late_increasing","28","4","0.294494220167043","2.3232965685621e-22","0.298130841121495","0.179837641825747","increases_with_pseudotime"
"CTTN","1","D2_late_increasing","26","7","0.294966268189871","1.97516295204071e-22","0.34018691588785","0.215093950779869","increases_with_pseudotime"
"METRNL","1","D2_late_increasing","28","7","0.295293556651745","1.76565157251965e-22","0.360747663551402","0.264186305746654","increases_with_pseudotime"
"XBP1","1","D2_late_increasing","27","4","0.295781830948121","1.49182300372289e-22","0.269158878504673","0.156980491859222","increases_with_pseudotime"
"FUT11","1","D2_late_increasing","27","8","0.296106700414475","1.33685941377612e-22","0.297196261682243","0.188865968986235","increases_with_pseudotime"
"DNPH1","1","D2_late_increasing","28","3","0.296383788381792","1.21565047148371e-22","0.276635514018692","0.160279278073146","increases_with_pseudotime"
"MRPL52","1","D2_late_increasing","28","8","0.296637416939673","1.11444895046248e-22","0.34392523364486","0.227107803363502","increases_with_pseudotime"
"ST3GAL2","1","D2_late_increasing","27","2","0.297423204683672","8.49031770785956e-23","0.270093457943925","0.173406685331408","increases_with_pseudotime"
"FIBP","1","D2_late_increasing","28","3","0.297572005558712","8.07326211923343e-23","0.219626168224299","0.122179429237775","increases_with_pseudotime"
"ETHE1","1","D2_late_increasing","27","7","0.297775223702664","7.53075438590346e-23","0.258878504672897","0.1528645891309","increases_with_pseudotime"
"TMEM219","1","D2_late_increasing","27","7","0.298245180665779","6.39357703385414e-23","0.432710280373832","0.327968062153434","increases_with_pseudotime"
"CDC42EP5","1","D2_late_increasing","26","7","0.298352564038431","6.16810180111934e-23","0.307476635514019","0.190952110517045","increases_with_pseudotime"
"C7orf73","1","D2_late_increasing","28","4","0.298382469023881","6.11557185834176e-23","0.344859813084112","0.221703100996411","increases_with_pseudotime"
"S100A13","1","D2_late_increasing","26","30","0.298424469450964","6.03766100643978e-23","0.679439252336449","0.89515364456297","increases_with_pseudotime"
"ZYX","1","D2_late_increasing","27","7","0.298855996913918","5.19399402436813e-23","0.319626168224299","0.219660112590595","increases_with_pseudotime"
"PDZRN4","1","D2_late_increasing","30","1","0.298887452603539","5.14689002917982e-23","0.107476635514019","0.0853866959048181","increases_with_pseudotime"
"MRPL12","1","D2_late_increasing","28","1","0.299141586634048","4.71362002009394e-23","0.214953271028037","0.122732828649649","increases_with_pseudotime"
"MAP7D1","1","D2_late_increasing","27","7","0.30001879958585","3.46705133694109e-23","0.265420560747664","0.155767298817602","increases_with_pseudotime"
"FHL3","1","D2_late_increasing","27","4","0.300110490159261","3.36271297519701e-23","0.150467289719626","0.0712086643235525","increases_with_pseudotime"
"PGLS","1","D2_late_increasing","28","5","0.300321597918804","3.12584595702724e-23","0.347663551401869","0.225094648871673","increases_with_pseudotime"
"CAPZB","1","D2_late_increasing","27","4","0.30069096808655","2.74623045848486e-23","0.582242990654206","0.558997942641542","increases_with_pseudotime"
"ERI3","1","D2_late_increasing","27","4","0.30090082692024","2.55350947952639e-23","0.219626168224299","0.119462251906588","increases_with_pseudotime"
"PDE4DIP","1","D2_late_increasing","28","1","0.301078638880458","2.40642751740027e-23","0.157943925233645","0.070485406828829","increases_with_pseudotime"
"GALNT10","1","D2_late_increasing","28","3","0.301198875684846","2.31008658936697e-23","0.188785046728972","0.105936780896636","increases_with_pseudotime"
"B4GALT1","1","D2_late_increasing","27","4","0.301964041769711","1.76077188438355e-23","0.331775700934579","0.20775046159455","increases_with_pseudotime"
"NME1","1","D2_late_increasing","27","5","0.302041021167956","1.71643593283396e-23","0.317757009345794","0.206756166746726","increases_with_pseudotime"
"LMF2","1","D2_late_increasing","28","2","0.302044935310864","1.71643593283396e-23","0.279439252336449","0.168946615572629","increases_with_pseudotime"
"DPM2","1","D2_late_increasing","28","4","0.302383279107274","1.52775414203029e-23","0.246728971962617","0.134798785955868","increases_with_pseudotime"
"VTI1B","1","D2_late_increasing","28","5","0.302427215112664","1.50700404703539e-23","0.258878504672897","0.142214239411259","increases_with_pseudotime"
"TRAPPC2L","1","D2_late_increasing","27","1","0.302638894698784","1.39967779257226e-23","0.307476635514019","0.193425144593896","increases_with_pseudotime"
"THBS3","1","D2_late_increasing","27","5","0.302667695090233","1.3881820879967e-23","0.319626168224299","0.211993005567619","increases_with_pseudotime"
"CNN2","1","D2_late_increasing","27","7","0.302758116434915","1.34664837399781e-23","0.34392523364486","0.233664777985583","increases_with_pseudotime"
"DYNLT1","1","D2_late_increasing","27","8","0.302807759354098","1.32562987121125e-23","0.318691588785047","0.190773049350237","increases_with_pseudotime"
"VGLL3","1","D2_late_increasing","28","2","0.303011324357491","1.23470071276057e-23","0.165420560747664","0.0910496240565914","increases_with_pseudotime"
"TRIOBP","1","D2_late_increasing","28","1","0.303034331937605","1.22711679761557e-23","0.34392523364486","0.230555330070962","increases_with_pseudotime"
"THBS1","1","D2_late_increasing","28","1","0.303241679818549","1.14132629334699e-23","0.163551401869159","0.0961145432970828","increases_with_pseudotime"
"EPHB3","1","D2_late_increasing","27","2","0.303361857520683","1.09532454552599e-23","0.181308411214953","0.106699395237774","increases_with_pseudotime"
"POMP","1","D2_late_increasing","27","2","0.303533850390087","1.03172006510188e-23","0.392523364485981","0.272070701644627","increases_with_pseudotime"
"MFAP2","1","D2_late_increasing","28","5","0.303948029526481","8.90481343371123e-24","0.35981308411215","0.268767046622216","increases_with_pseudotime"
"FAM195B","1","D2_late_increasing","27","9","0.304139634344958","8.34524885960992e-24","0.319626168224299","0.208892944725628","increases_with_pseudotime"
"C11orf96","1","D2_late_increasing","26","2","0.304146468543666","8.34254034859644e-24","0.275700934579439","0.239499717494628","increases_with_pseudotime"
"PXDN","1","D2_late_increasing","27","4","0.304429399215355","7.54794487139776e-24","0.342056074766355","0.247129938744432","increases_with_pseudotime"
"COMMD5","1","D2_late_increasing","26","2","0.304773195660554","6.67948734492344e-24","0.168224299065421","0.079295939039016","increases_with_pseudotime"
"P4HA3","1","D2_late_increasing","27","11","0.304777794503482","6.67948734492344e-24","0.199065420560748","0.124961108928468","increases_with_pseudotime"
"VOPP1","1","D2_late_increasing","28","3","0.304874698011244","6.46630675826251e-24","0.206542056074766","0.112111814299145","increases_with_pseudotime"
"ALDH1L2","1","D2_late_increasing","28","3","0.305192348663354","5.78820868962175e-24","0.107476635514019","0.0514481142861188","increases_with_pseudotime"
"TNFSF10","1","D2_late_increasing","27","2","0.305417454760331","5.34590965050714e-24","0.299065420560748","0.193071467836382","increases_with_pseudotime"
"HEXA","1","D2_late_increasing","27","2","0.305626911016022","4.96522608040018e-24","0.322429906542056","0.202924570034229","increases_with_pseudotime"
"SEMA3B","1","D2_late_increasing","27","1","0.305779822818736","4.70715181583739e-24","0.14392523364486","0.0814607298992874","increases_with_pseudotime"
"UBE2L6","1","D2_late_increasing","27","7","0.306046674598746","4.28119439215312e-24","0.258878504672897","0.14480899686828","increases_with_pseudotime"
"SURF4","1","D2_late_increasing","28","8","0.306381598941774","3.79805372407615e-24","0.408411214953271","0.305613088489268","increases_with_pseudotime"
"SPARCL1","1","D2_late_increasing","28","4","0.30638732322163","3.79805372407615e-24","0.358878504672897","0.287475255024114","increases_with_pseudotime"
"LASP1","1","D2_late_increasing","28","1","0.306482041780818","3.67772411282172e-24","0.28785046728972","0.180040833379237","increases_with_pseudotime"
"TP53I3","1","D2_late_increasing","28","3","0.306594223244333","3.53817083789128e-24","0.188785046728972","0.0947852286746804","increases_with_pseudotime"
"SRPRB","1","D2_late_increasing","27","1","0.307794948031302","2.29153585025983e-24","0.245794392523364","0.138866729533393","increases_with_pseudotime"
"SHISA5","1","D2_late_increasing","26","7","0.307910264556025","2.20162439840667e-24","0.352336448598131","0.221414692664899","increases_with_pseudotime"
"CTGF","1","D2_late_increasing","28","4","0.308022470001232","2.11762545237546e-24","0.303738317757009","0.271105039689063","increases_with_pseudotime"
"AC024592.12","1","D2_late_increasing","26","30","0.308287249515752","1.92591743344089e-24","0.285046728971963","0.162751592614441","increases_with_pseudotime"
"TENM3","1","D2_late_increasing","29","13","0.308357098542565","1.8813755549482e-24","0.251401869158879","0.197633927674768","increases_with_pseudotime"
"TMEM261","1","D2_late_increasing","27","1","0.308376914219322","1.87193568770192e-24","0.276635514018692","0.165048770181684","increases_with_pseudotime"
"JTB","1","D2_late_increasing","27","5","0.308403624112101","1.8578427183396e-24","0.437383177570093","0.352714973500295","increases_with_pseudotime"
"NSMCE1","1","D2_late_increasing","28","3","0.308556895720447","1.76010995530515e-24","0.21588785046729","0.109523480676969","increases_with_pseudotime"
"CCDC28B","1","D2_late_increasing","22","1","0.308711943523575","1.66638296462572e-24","0.176635514018692","0.0865052426403825","increases_with_pseudotime"
"GRN","1","D2_late_increasing","27","7","0.308988876089224","1.50841812080321e-24","0.500934579439252","0.425254611295379","increases_with_pseudotime"
"FLNA","1","D2_late_increasing","28","7","0.309270198599038","1.36307962556695e-24","0.586915887850467","0.589965642152211","increases_with_pseudotime"
"COPG1","1","D2_late_increasing","28","6","0.309332604915426","1.33512933695279e-24","0.214018691588785","0.112377711509794","increases_with_pseudotime"
"EIF4E2","1","D2_late_increasing","28","9","0.3095754879564","1.22636071812809e-24","0.282242990654206","0.167064189493905","increases_with_pseudotime"
"LAMB2","1","D2_late_increasing","27","4","0.309701530187139","1.17332440830697e-24","0.451401869158878","0.343361902446293","increases_with_pseudotime"
"SHC1","1","D2_late_increasing","27","3","0.310042119129298","1.0370399931616e-24","0.327102803738318","0.207125622946116","increases_with_pseudotime"
"LUM","1","D2_late_increasing","28","30","0.310658051075477","8.27630886135478e-25","0.688785046728972","1.01503975625866","increases_with_pseudotime"
"ISLR","1","D2_late_increasing","27","3","0.310728741027007","8.08101944322629e-25","0.542990654205607","0.598901282768249","increases_with_pseudotime"
"MYO1D","1","D2_late_increasing","28","7","0.310750582072208","8.03444642370522e-25","0.363551401869159","0.292523793793133","increases_with_pseudotime"
"NEK6","1","D2_late_increasing","30","1","0.31100967576852","7.31560642085384e-25","0.15981308411215","0.0823580124118569","increases_with_pseudotime"
"PGM1","1","D2_late_increasing","28","3","0.311012159585207","7.31560642085384e-25","0.168224299065421","0.0760626276258349","increases_with_pseudotime"
"PFN1","1","D2_late_increasing","27","8","0.311057521835481","7.22042752825628e-25","0.818691588785047","1.2634659109461","increases_with_pseudotime"
"TMEM176B","1","D2_late_increasing","28","8","0.31137637294273","6.42950206173269e-25","0.485981308411215","0.438412365071716","increases_with_pseudotime"
"MLEC","1","D2_late_increasing","28","5","0.311505840365823","6.14193170038351e-25","0.334579439252336","0.217352359874645","increases_with_pseudotime"
"HN1","1","D2_late_increasing","28","1","0.311701717797788","5.72401386349751e-25","0.216822429906542","0.115811015143911","increases_with_pseudotime"
"EDIL3","1","D2_late_increasing","28","5","0.311849220246233","5.44397126434469e-25","0.271028037383178","0.20893229736774","increases_with_pseudotime"
"SNF8","1","D2_late_increasing","28","5","0.312119418678311","4.93465199580027e-25","0.304672897196262","0.184851335210972","increases_with_pseudotime"
"MPG","1","D2_late_increasing","28","4","0.312180582282609","4.83492154158315e-25","0.34392523364486","0.217015327970331","increases_with_pseudotime"
"LINC01116","1","D2_late_increasing","27","1","0.31270425441533","3.99611624359725e-25","0.142056074766355","0.0643921457409656","increases_with_pseudotime"
"SWI5","1","D2_late_increasing","27","6","0.312841872407627","3.80501491603247e-25","0.201869158878505","0.108943094236768","increases_with_pseudotime"
"NXN","1","D2_late_increasing","30","1","0.313096350447294","3.46812948302094e-25","0.344859813084112","0.280154388166095","increases_with_pseudotime"
"PTN","1","D2_late_increasing","27","7","0.313680627331282","2.7935847072342e-25","0.557943925233645","0.719690432195355","increases_with_pseudotime"
"KRT6A","1","D2_late_increasing","23","2","0.313823709462109","2.65408184194253e-25","0.246728971962617","0.144794812442155","increases_with_pseudotime"
"TPM4","1","D2_late_increasing","27","4","0.314247177584983","2.26962765514358e-25","0.485981308411215","0.424339856148786","increases_with_pseudotime"
"FAM89B","1","D2_late_increasing","27","30","0.314850417446588","1.81786049567856e-25","0.285981308411215","0.177526691278014","increases_with_pseudotime"
"SMCO4","1","D2_late_increasing","28","1","0.314911794113963","1.78065416814279e-25","0.15607476635514","0.0757826779062171","increases_with_pseudotime"
"APBB2","1","D2_late_increasing","30","6","0.31508248818244","1.67385443348479e-25","0.316822429906542","0.275220366542187","increases_with_pseudotime"
"A1BG","1","D2_late_increasing","28","30","0.315218820688954","1.59391510629386e-25","0.381308411214953","0.285061058050658","increases_with_pseudotime"
"HES4","1","D2_late_increasing","26","4","0.315535413820091","1.41798390425719e-25","0.201869158878505","0.11471990662576","increases_with_pseudotime"
"SSR4","1","D2_late_increasing","28","30","0.31566529243668","1.3534544906162e-25","0.681308411214953","0.871839290015989","increases_with_pseudotime"
"VAMP5","1","D2_late_increasing","27","8","0.315677791507014","1.35039214476385e-25","0.432710280373832","0.336392389164953","increases_with_pseudotime"
"KRT16","1","D2_late_increasing","28","9","0.315749237757309","1.31768365407914e-25","0.250467289719626","0.151349411409542","increases_with_pseudotime"
"CTSZ","1","D2_late_increasing","28","4","0.315806728019078","1.29256234889977e-25","0.335514018691589","0.214126434819411","increases_with_pseudotime"
"FIBIN","1","D2_late_increasing","28","1","0.316257439727078","1.09274558047499e-25","0.145794392523364","0.0663247208717246","increases_with_pseudotime"
"DNAJC1","1","D2_late_increasing","28","3","0.316310479343921","1.07368776457754e-25","0.336448598130841","0.224015088675276","increases_with_pseudotime"
"ZFHX4","1","D2_late_increasing","29","1","0.316749134507151","9.11578182167419e-26","0.179439252336449","0.104642283438202","increases_with_pseudotime"
"NEK10","1","D2_late_increasing","27","3","0.317352462334925","7.28634469073938e-26","0.2","0.101476430157682","increases_with_pseudotime"
"SGCD","1","D2_late_increasing","28","6","0.317689574838659","6.42582739777641e-26","0.269158878504673","0.202287107206984","increases_with_pseudotime"
"MSRB3","1","D2_late_increasing","28","4","0.317736853271885","6.3271195245856e-26","0.262616822429907","0.149746187952475","increases_with_pseudotime"
"PGAM1","1","D2_late_increasing","26","7","0.31805491087123","5.61956338391956e-26","0.323364485981308","0.2056762733109","increases_with_pseudotime"
"LRRC59","1","D2_late_increasing","27","3","0.318396410252242","4.94600606467159e-26","0.213084112149533","0.114149198350522","increases_with_pseudotime"
"TAF10","1","D2_late_increasing","27","30","0.318775057048171","4.29114468742192e-26","0.37196261682243","0.24928828689547","increases_with_pseudotime"
"GPAA1","1","D2_late_increasing","28","11","0.319420275517588","3.36115934921997e-26","0.286915887850467","0.167583640510758","increases_with_pseudotime"
"DBN1","1","D2_late_increasing","28","5","0.319708262045212","3.0176389846584e-26","0.221495327102804","0.122793275726954","increases_with_pseudotime"
"APOL2","1","D2_late_increasing","26","1","0.319800111325984","2.92063715889432e-26","0.175700934579439","0.0883714000874003","increases_with_pseudotime"
"MAP4","1","D2_late_increasing","28","3","0.320145578262689","2.56452424377993e-26","0.486915887850467","0.384024949773883","increases_with_pseudotime"
"NDUFS8","1","D2_late_increasing","27","7","0.320244998353786","2.47476712790112e-26","0.360747663551402","0.246243853246534","increases_with_pseudotime"
"CAMK1D","1","D2_late_increasing","30","6","0.320369078706783","2.36560543084258e-26","0.331775700934579","0.266089077831525","increases_with_pseudotime"
"SH3PXD2A","1","D2_late_increasing","27","4","0.320417969690206","2.32754662261487e-26","0.442990654205607","0.345472724591557","increases_with_pseudotime"
"LAMC1","1","D2_late_increasing","28","8","0.320614567470683","2.16363574242988e-26","0.381308411214953","0.261048049467158","increases_with_pseudotime"
"MYH9","1","D2_late_increasing","27","4","0.320821661445139","2.00305731972392e-26","0.463551401869159","0.362800272849154","increases_with_pseudotime"
"PLPP4","1","D2_late_increasing","28","4","0.32102962128378","1.85367476057703e-26","0.106542056074766","0.0613883477430854","increases_with_pseudotime"
"SEC24D","1","D2_late_increasing","29","1","0.321090486718914","1.81541795303467e-26","0.171028037383178","0.103986086595863","increases_with_pseudotime"
"RPL22L1","1","D2_late_increasing","27","6","0.32119175053389","1.75047702360332e-26","0.313084112149533","0.201584981208312","increases_with_pseudotime"
"EIF4EBP1","1","D2_late_increasing","27","4","0.321229817807761","1.72948689088006e-26","0.257009345794392","0.144749013925034","increases_with_pseudotime"
"OSTC","1","D2_late_increasing","27","8","0.321325850804386","1.67097670573051e-26","0.396261682242991","0.28737199343408","increases_with_pseudotime"
"ILK","1","D2_late_increasing","27","7","0.32150288660192","1.56474464491488e-26","0.305607476635514","0.190548972548129","increases_with_pseudotime"
"COPE","1","D2_late_increasing","27","8","0.322071035191215","1.26295805085688e-26","0.405607476635514","0.289487418081932","increases_with_pseudotime"
"AHR","1","D2_late_increasing","26","2","0.322136241347512","1.23476253988308e-26","0.313084112149533","0.22476875990037","increases_with_pseudotime"
"FAM50A","1","D2_late_increasing","27","7","0.322467430704518","1.08905289279469e-26","0.231775700934579","0.129332891074445","increases_with_pseudotime"
"RYR2","1","D2_late_increasing","29","1","0.322517498110122","1.07097885459497e-26","0.114018691588785","0.0996547385207109","increases_with_pseudotime"
"CNN3","1","D2_late_increasing","27","1","0.322829674762825","9.51427986621765e-27","0.355140186915888","0.241324906613614","increases_with_pseudotime"
"NGFR","1","D2_late_increasing","26","3","0.322847498253972","9.47405036138265e-27","0.238317757009346","0.227914710987691","increases_with_pseudotime"
"CCDC107","1","D2_late_increasing","27","4","0.322933771693855","9.18677098935815e-27","0.270093457943925","0.167523367214055","increases_with_pseudotime"
"AQP1","1","D2_late_increasing","27","4","0.32356461022266","7.20908672806077e-27","0.323364485981308","0.226034166391721","increases_with_pseudotime"
"CYR61","1","D2_late_increasing","28","1","0.323693754212859","6.87430346134888e-27","0.242056074766355","0.176147250002867","increases_with_pseudotime"
"SMTN","1","D2_late_increasing","26","3","0.324589187750503","4.86177907517237e-27","0.196261682242991","0.109469222744209","increases_with_pseudotime"
"DAP","1","D2_late_increasing","27","5","0.324669822369702","4.72385123353486e-27","0.281308411214953","0.16610829146436","increases_with_pseudotime"
"PHLDA3","1","D2_late_increasing","26","3","0.324817328511582","4.4714326177238e-27","0.41214953271028","0.322657914228182","increases_with_pseudotime"
"GARS","1","D2_late_increasing","27","4","0.325102481872253","4.01053995139574e-27","0.318691588785047","0.220331468404755","increases_with_pseudotime"
"CGREF1","1","D2_late_increasing","28","1","0.3259791048192","2.86007372095021e-27","0.167289719626168","0.0879917367934793","increases_with_pseudotime"
"IDH2","1","D2_late_increasing","27","3","0.326012332892311","2.83078422585012e-27","0.285046728971963","0.17261152042776","increases_with_pseudotime"
"ERLEC1","1","D2_late_increasing","27","7","0.326871310425211","2.03053283116699e-27","0.250467289719626","0.13570325810044","increases_with_pseudotime"
"C9orf16","1","D2_late_increasing","27","8","0.327291045685448","1.72568179568564e-27","0.451401869158878","0.363369007134485","increases_with_pseudotime"
"C1QTNF3","1","D2_late_increasing","27","1","0.327416521413441","1.6468984762008e-27","0.126168224299065","0.0745526398831472","increases_with_pseudotime"
"SDF4","1","D2_late_increasing","28","4","0.327428414256086","1.64376500051292e-27","0.435514018691589","0.322348383105055","increases_with_pseudotime"
"ZCCHC24","1","D2_late_increasing","28","4","0.327448434062709","1.63539548035914e-27","0.42803738317757","0.304795426201292","increases_with_pseudotime"
"GMPPA","1","D2_late_increasing","27","1","0.327620987609111","1.53197493857257e-27","0.161682242990654","0.0825800672246328","increases_with_pseudotime"
"ALDH18A1","1","D2_late_increasing","24","3","0.327783652083392","1.44066251941842e-27","0.185046728971963","0.0926260380708056","increases_with_pseudotime"
"CIB1","1","D2_late_increasing","27","4","0.327835002358902","1.41570513295363e-27","0.274766355140187","0.159936040452971","increases_with_pseudotime"
"IGFBP6","1","D2_late_increasing","26","2","0.328514669410169","1.09104146958166e-27","0.423364485981308","0.443973616237298","increases_with_pseudotime"
"SLC27A4","1","D2_late_increasing","27","8","0.328633152990625","1.04396008806775e-27","0.625233644859813","0.79096266299305","increases_with_pseudotime"
"JOSD2","1","D2_late_increasing","27","3","0.328776412230582","9.89129187486494e-28","0.213084112149533","0.114189917426257","increases_with_pseudotime"
"ENAH","1","D2_late_increasing","28","6","0.329171659966028","8.50368586274786e-28","0.314018691588785","0.230630449412042","increases_with_pseudotime"
"CD99","1","D2_late_increasing","27","8","0.329599555025354","7.19411094339322e-28","0.835514018691589","1.3788122952584","increases_with_pseudotime"
"UCHL1","1","D2_late_increasing","27","3","0.329671969076346","7.03039298525771e-28","0.170093457943925","0.0982419189828178","increases_with_pseudotime"
"CALU","1","D2_late_increasing","27","7","0.329999325087619","6.1890712535977e-28","0.424299065420561","0.316505291459905","increases_with_pseudotime"
"TMEM176A","1","D2_late_increasing","27","30","0.33034604987508","5.40567388894256e-28","0.404672897196262","0.343968449686647","increases_with_pseudotime"
"CKLF","1","D2_late_increasing","27","4","0.33048368674053","5.13174409432562e-28","0.244859813084112","0.142869282204627","increases_with_pseudotime"
"CYBA","1","D2_late_increasing","27","7","0.330517972512928","5.07686722520012e-28","0.531775700934579","0.489520337937702","increases_with_pseudotime"
"CSRP2","1","D2_late_increasing","27","3","0.33068293162343","4.76719537180579e-28","0.198130841121495","0.131391683120102","increases_with_pseudotime"
"VEGFB","1","D2_late_increasing","28","2","0.330919569821807","4.34981243298677e-28","0.404672897196262","0.29897324234964","increases_with_pseudotime"
"LAMTOR2","1","D2_late_increasing","28","30","0.330953783911371","4.30343743727219e-28","0.324299065420561","0.19810039562068","increases_with_pseudotime"
"TUBA1C","1","D2_late_increasing","27","1","0.33108060796197","4.10274436555783e-28","0.416822429906542","0.322776994422944","increases_with_pseudotime"
"KIAA1462","1","D2_late_increasing","28","1","0.331178524278278","3.95687171251979e-28","0.157943925233645","0.0753942143435585","increases_with_pseudotime"
"ACKR1","1","D2_late_increasing","27","1","0.331775688811419","3.13355122138898e-28","0.17196261682243","0.0922662586589847","increases_with_pseudotime"
"PACS1","1","D2_late_increasing","29","3","0.332415151325089","2.43849136040342e-28","0.281308411214953","0.183357912981341","increases_with_pseudotime"
"RRBP1","1","D2_late_increasing","27","8","0.332605435018349","2.26566593739354e-28","0.699065420560748","0.856859672557507","increases_with_pseudotime"
"FBLN7","1","D2_late_increasing","24","1","0.332983990516539","1.95126760401817e-28","0.227102803738318","0.135503548116683","increases_with_pseudotime"
"RTEL1-TNFRSF6B","1","D2_late_increasing","27","2","0.333140876621122","1.84290722054863e-28","0.234579439252336","0.184044786099559","increases_with_pseudotime"
"NUCB1","1","D2_late_increasing","27","4","0.333665700547453","1.49572549751826e-28","0.485981308411215","0.38421322809154","increases_with_pseudotime"
"FKBP7","1","D2_late_increasing","27","4","0.333951329809806","1.33675265668454e-28","0.241121495327103","0.132765306361716","increases_with_pseudotime"
"S100A7","1","D2_late_increasing","23","4","0.333971394373464","1.33004269627245e-28","0.41588785046729","0.300499674470137","increases_with_pseudotime"
"COTL1","1","D2_late_increasing","28","1","0.33398550997172","1.32656603169558e-28","0.129906542056075","0.0586905517335843","increases_with_pseudotime"
"HLA-DRB1","1","D2_late_increasing","28","2","0.334340694778384","1.15252382180724e-28","0.198130841121495","0.106989470277015","increases_with_pseudotime"
"SIL1","1","D2_late_increasing","28","7","0.334432332599216","1.11399082424545e-28","0.293457943925234","0.18505266521929","increases_with_pseudotime"
"SSR3","1","D2_late_increasing","28","8","0.334616693521186","1.03702912523868e-28","0.399065420560748","0.288897780755989","increases_with_pseudotime"
"IL1R1","1","D2_late_increasing","29","4","0.334674030784899","1.01637727767268e-28","0.251401869158879","0.16009458474716","increases_with_pseudotime"
"S100A16","1","D2_late_increasing","27","8","0.334795778553759","9.70455082979036e-29","0.422429906542056","0.306859647734937","increases_with_pseudotime"
"LMCD1","1","D2_late_increasing","27","2","0.335242440119229","8.12066364483995e-29","0.167289719626168","0.0888133407944564","increases_with_pseudotime"
"KHDRBS3","1","D2_late_increasing","28","2","0.33545075699016","7.4849780097766e-29","0.279439252336449","0.193978191540758","increases_with_pseudotime"
"GALNS","1","D2_late_increasing","28","4","0.335577827408282","7.1305338712516e-29","0.185981308411215","0.101339353189961","increases_with_pseudotime"
"ADAMTS12","1","D2_late_increasing","28","1","0.336533658617","4.8454352023431e-29","0.172897196261682","0.0986855926295529","increases_with_pseudotime"
"SAR1A","1","D2_late_increasing","28","1","0.336802805636345","4.35486653115094e-29","0.25981308411215","0.1447143995802","increases_with_pseudotime"
"ARF4","1","D2_late_increasing","27","4","0.337301441141608","3.56277102650243e-29","0.374766355140187","0.276734920174155","increases_with_pseudotime"
"TMSB4X","1","D2_late_increasing","27","8","0.33795368298236","2.73573207043875e-29","0.891588785046729","1.81221959826009","increases_with_pseudotime"
"YIF1A","1","D2_late_increasing","27","8","0.338446400673867","2.24169529090798e-29","0.334579439252336","0.239987224893485","increases_with_pseudotime"
"ARFGAP1","1","D2_late_increasing","28","1","0.338517731224209","2.18394643877111e-29","0.232710280373832","0.142657941024917","increases_with_pseudotime"
"GPR78","1","D2_late_increasing","28","4","0.338638383092105","2.08495561566611e-29","0.305607476635514","0.250612851150211","increases_with_pseudotime"
"ITGBL1","1","D2_late_increasing","28","5","0.338719721829583","2.02289633947058e-29","0.272897196261682","0.190850970533645","increases_with_pseudotime"
"XG","1","D2_late_increasing","26","3","0.338958058337756","1.83981426919795e-29","0.234579439252336","0.140490071246557","increases_with_pseudotime"
"CDKN2A","1","D2_late_increasing","27","1","0.339187913425835","1.67903675016724e-29","0.157943925233645","0.0947669578508437","increases_with_pseudotime"
"LAMA4","1","D2_late_increasing","28","2","0.339245890841607","1.64477014097559e-29","0.4","0.301123112454623","increases_with_pseudotime"
"LGMN","1","D2_late_increasing","28","6","0.339329572327497","1.59422106962226e-29","0.257009345794392","0.148787497127142","increases_with_pseudotime"
"CTSA","1","D2_late_increasing","27","3","0.340311180517308","1.06972402010108e-29","0.357943925233645","0.235041400801176","increases_with_pseudotime"
"SCO2","1","D2_late_increasing","26","6","0.340379719172337","1.04326302251412e-29","0.276635514018692","0.163943499662984","increases_with_pseudotime"
"CCL14","1","D2_late_increasing","27","1","0.340639892071421","9.39803199909576e-30","0.205607476635514","0.114222593944522","increases_with_pseudotime"
"SEC61A1","1","D2_late_increasing","28","3","0.341044310884654","7.97343497333376e-30","0.502803738317757","0.407259954255342","increases_with_pseudotime"
"FMOD","1","D2_late_increasing","27","2","0.341258386287912","7.31983091772829e-30","0.38411214953271","0.277780532599374","increases_with_pseudotime"
"AKR1A1","1","D2_late_increasing","26","7","0.342204509824038","4.95437633142037e-30","0.324299065420561","0.203966631748652","increases_with_pseudotime"
"IFI6","1","D2_late_increasing","27","30","0.342457576238015","4.47327946537229e-30","0.392523364485981","0.313910059108157","increases_with_pseudotime"
"ANXA6","1","D2_late_increasing","28","1","0.342614183683878","4.20452024165459e-30","0.393457943925234","0.27124681928858","increases_with_pseudotime"
"C7orf50","1","D2_late_increasing","28","5","0.343465600056813","2.96539191672843e-30","0.337383177570093","0.230389257494815","increases_with_pseudotime"
"IFITM3","1","D2_late_increasing","27","30","0.344236747825745","2.15344316010651e-30","0.873831775700935","1.94069644339018","increases_with_pseudotime"
"FTL","1","D2_late_increasing","28","30","0.34582570637273","1.11820969649614e-30","0.936448598130841","2.34804146221058","increases_with_pseudotime"
"FARP1","1","D2_late_increasing","30","6","0.346214259173371","9.52175061316219e-31","0.325233644859813","0.222272179314453","increases_with_pseudotime"
"HMCN1","1","D2_late_increasing","29","4","0.346397947319338","8.84067310600337e-31","0.238317757009346","0.177085718188459","increases_with_pseudotime"
"PARVB","1","D2_late_increasing","27","2","0.347055233822306","6.71507924517092e-31","0.2","0.102997022952508","increases_with_pseudotime"
"RP11-25H12.1","1","D2_late_increasing","26","1","0.34792473166388","4.65720452450014e-31","0.483177570093458","0.426367251663306","increases_with_pseudotime"
"SRA1","1","D2_late_increasing","27","3","0.348002979477397","4.52061911564952e-31","0.237383177570093","0.134658550723252","increases_with_pseudotime"
"LOX","1","D2_late_increasing","28","2","0.348744946034995","3.3065758074574e-31","0.271028037383178","0.177976494747168","increases_with_pseudotime"
"TUBB2A","1","D2_late_increasing","27","3","0.348857772359957","3.16232574003343e-31","0.303738317757009","0.208863222260161","increases_with_pseudotime"
"PLTP","1","D2_late_increasing","28","2","0.349574061966717","2.37038411896262e-31","0.373831775700935","0.269529474549905","increases_with_pseudotime"
"RP11-417E7.2","1","D2_late_increasing","27","1","0.349620601848757","2.33209691167299e-31","0.161682242990654","0.0972077877498242","increases_with_pseudotime"
"C1S","1","D2_late_increasing","17","7","0.349975228274258","2.01067819205501e-31","0.602803738317757","0.80892719235721","increases_with_pseudotime"
"LGALS1","1","D2_late_increasing","27","30","0.350063217844823","1.94334253122814e-31","0.909345794392523","2.17832078258455","increases_with_pseudotime"
"TGFB3","1","D2_late_increasing","27","2","0.3505448126174","1.58622818904703e-31","0.249532710280374","0.16813721682077","increases_with_pseudotime"
"CRABP2","1","D2_late_increasing","27","6","0.350915387654992","1.3576219495098e-31","0.580373831775701","0.673485157328648","increases_with_pseudotime"
"NID2","1","D2_late_increasing","28","1","0.352407577504147","7.15874133545316e-32","0.205607476635514","0.112230712565","increases_with_pseudotime"
"C4orf48","1","D2_late_increasing","28","8","0.352417266073106","7.15540367509125e-32","0.322429906542056","0.219242376899467","increases_with_pseudotime"
"HTRA1","1","D2_late_increasing","27","7","0.35251104889448","6.89663278481047e-32","0.634579439252336","0.802482437254763","increases_with_pseudotime"
"FLNC","1","D2_late_increasing","28","2","0.352878205192181","5.90507717956951e-32","0.194392523364486","0.0992430890930298","increases_with_pseudotime"
"MXRA7","1","D2_late_increasing","28","1","0.35296968913865","5.69697386862539e-32","0.38411214953271","0.257903859177489","increases_with_pseudotime"
"CLEC11A","1","D2_late_increasing","27","7","0.353107496192035","5.3869188674559e-32","0.596261682242991","0.629590139135445","increases_with_pseudotime"
"IFT20","1","D2_late_increasing","27","5","0.353344386027386","4.87930433498842e-32","0.251401869158879","0.140662928165368","increases_with_pseudotime"
"ROR2","1","D2_late_increasing","29","2","0.354625815345602","2.81571247996066e-32","0.296261682242991","0.260907315371521","increases_with_pseudotime"
"NME1-NME2","1","D2_late_increasing","27","30","0.354630313446483","2.81571247996066e-32","0.798130841121495","1.23979793081124","increases_with_pseudotime"
"TNFAIP6","1","D2_late_increasing","28","2","0.354656082726791","2.80025459039397e-32","0.165420560747664","0.0943892510934914","increases_with_pseudotime"
"RP11-14N7.2","1","D2_late_increasing","28","2","0.354768792416124","2.67626440856097e-32","0.271028037383178","0.158058134668221","increases_with_pseudotime"
"S100A9","1","D2_late_increasing","23","5","0.35565256655538","1.8260749795624e-32","0.357009345794393","0.237240211755646","increases_with_pseudotime"
"SNX8","1","D2_late_increasing","27","3","0.355717176711231","1.78209584917536e-32","0.185046728971963","0.102999721296899","increases_with_pseudotime"
"ECM1","1","D2_late_increasing","28","4","0.356745336783434","1.13978058904465e-32","0.466355140186916","0.391662706166608","increases_with_pseudotime"
"GPX7","1","D2_late_increasing","27","8","0.357950241925809","6.78533930573069e-33","0.246728971962617","0.141817855120035","increases_with_pseudotime"
"HIC1","1","D2_late_increasing","28","1","0.358160805751752","6.20775494418487e-33","0.279439252336449","0.186719451806406","increases_with_pseudotime"
"EPHB2","1","D2_late_increasing","27","1","0.358887408227509","4.5201148342612e-33","0.152336448598131","0.0788606301306344","increases_with_pseudotime"
"GLIPR2","1","D2_late_increasing","28","1","0.35938023678996","3.64798649212642e-33","0.213084112149533","0.118631734616943","increases_with_pseudotime"
"EVL","1","D2_late_increasing","28","2","0.359944387103756","2.8627869956956e-33","0.334579439252336","0.220147502904675","increases_with_pseudotime"
"PRAF2","1","D2_late_increasing","27","1","0.361289708540958","1.57867287745185e-33","0.285046728971963","0.166709111295756","increases_with_pseudotime"
"TMEM214","1","D2_late_increasing","28","4","0.361515378293863","1.43311821788444e-33","0.226168224299065","0.117210497105714","increases_with_pseudotime"
"CYB561","1","D2_late_increasing","27","1","0.362080740966508","1.11744293769851e-33","0.190654205607477","0.0951425571295069","increases_with_pseudotime"
"MAGED1","1","D2_late_increasing","27","2","0.362266394045889","1.03250913860934e-33","0.431775700934579","0.324586189133067","increases_with_pseudotime"
"HM13","1","D2_late_increasing","27","3","0.362292978597348","1.0244986250967e-33","0.477570093457944","0.387381667259445","increases_with_pseudotime"
"FNDC1","1","D2_late_increasing","28","1","0.362873537001184","7.92883366017886e-34","0.172897196261682","0.0953850610105685","increases_with_pseudotime"
"C11orf24","1","D2_late_increasing","28","1","0.363075935764534","7.30034894338302e-34","0.25981308411215","0.15771590828719","increases_with_pseudotime"
"HTRA3","1","D2_late_increasing","27","3","0.363082524026164","7.30034894338302e-34","0.326168224299065","0.258642530675418","increases_with_pseudotime"
"NT5DC2","1","D2_late_increasing","28","1","0.36428080001574","4.27912297316872e-34","0.208411214953271","0.1305781060986","increases_with_pseudotime"
"PLAU","1","D2_late_increasing","28","3","0.365541313786297","2.44024199830904e-34","0.250467289719626","0.167168542167088","increases_with_pseudotime"
"NAGK","1","D2_late_increasing","27","7","0.366084349683168","1.91546935703958e-34","0.296261682242991","0.186418131160822","increases_with_pseudotime"
"SPATS2L","1","D2_late_increasing","28","1","0.366248464262057","1.78547802660119e-34","0.573831775700935","0.552819734734175","increases_with_pseudotime"
"FKBP9","1","D2_late_increasing","27","4","0.366429161799619","1.651764571859e-34","0.390654205607477","0.269891191321874","increases_with_pseudotime"
"PLOD1","1","D2_late_increasing","27","8","0.366821890006888","1.39346169621816e-34","0.385981308411215","0.267723781643179","increases_with_pseudotime"
"SEMA6B","1","D2_late_increasing","25","1","0.368068640113791","7.92285876939431e-35","0.170093457943925","0.0965732633277962","increases_with_pseudotime"
"TXNDC5","1","D2_late_increasing","27","4","0.368102294623265","7.83604885941778e-35","0.317757009345794","0.191590964118521","increases_with_pseudotime"
"P4HB","1","D2_late_increasing","27","4","0.368239904375066","7.3902971236815e-35","0.642056074766355","0.736830016077434","increases_with_pseudotime"
"CUEDC1","1","D2_late_increasing","29","3","0.368572447434894","6.37448808317673e-35","0.191588785046729","0.106799141844105","increases_with_pseudotime"
"SLC38A10","1","D2_late_increasing","28","4","0.368725926628773","5.96790766051476e-35","0.320560747663551","0.193333514137647","increases_with_pseudotime"
"POLD4","1","D2_late_increasing","27","7","0.369169790032523","4.91199763506188e-35","0.337383177570093","0.215785790835403","increases_with_pseudotime"
"CISD1","1","D2_late_increasing","28","4","0.36940505487056","4.42870109696887e-35","0.270093457943925","0.1495645919561","increases_with_pseudotime"
"TTYH3","1","D2_late_increasing","27","2","0.369748485599445","3.79887609426876e-35","0.285046728971963","0.184369695881743","increases_with_pseudotime"
"DAB2","1","D2_late_increasing","28","1","0.36975870707988","3.79823869621286e-35","0.405607476635514","0.329717055789127","increases_with_pseudotime"
"OLFML3","1","D2_late_increasing","27","4","0.370227316576453","3.07498990611447e-35","0.501869158878505","0.467738855168546","increases_with_pseudotime"
"RPS26","1","D2_late_increasing","27","8","0.370479249581609","2.75032036450154e-35","0.828971962616822","1.51285602796572","increases_with_pseudotime"
"HDLBP","1","D2_late_increasing","27","7","0.370913779194278","2.26080399114729e-35","0.591588785046729","0.600831527441554","increases_with_pseudotime"
"KDELR2","1","D2_late_increasing","27","1","0.371182307567453","2.00616212450337e-35","0.526168224299065","0.513588738603727","increases_with_pseudotime"
"PLIN3","1","D2_late_increasing","27","4","0.372040848537541","1.36058352189618e-35","0.41214953271028","0.301609478689451","increases_with_pseudotime"
"METRN","1","D2_late_increasing","27","6","0.372502698199752","1.10319005276952e-35","0.282242990654206","0.183579193316241","increases_with_pseudotime"
"IFI27","1","D2_late_increasing","27","4","0.372507313172402","1.10319005276952e-35","0.431775700934579","0.412567928173008","increases_with_pseudotime"
"BACE2","1","D2_late_increasing","25","2","0.372731352369236","1.00137043475813e-35","0.28411214953271","0.16382992517571","increases_with_pseudotime"
"ANGPTL2","1","D2_late_increasing","27","4","0.372735356658295","1.00137043475813e-35","0.423364485981308","0.367336041036242","increases_with_pseudotime"
"TMED3","1","D2_late_increasing","27","8","0.372912595302469","9.2922649786751e-36","0.392523364485981","0.282145033639907","increases_with_pseudotime"
"TGFBI","1","D2_late_increasing","27","7","0.372989483848214","9.00879571559003e-36","0.313084112149533","0.24893758254214","increases_with_pseudotime"
"ABI3BP","1","D2_late_increasing","28","2","0.373448959356501","7.30836876383431e-36","0.310280373831776","0.25198190992772","increases_with_pseudotime"
"SORCS2","1","D2_late_increasing","29","1","0.374482421142676","4.55457096305073e-36","0.158878504672897","0.090298464327255","increases_with_pseudotime"
"TPM1","1","D2_late_increasing","28","7","0.374739107494874","4.05878853242346e-36","0.360747663551402","0.294045703098306","increases_with_pseudotime"
"HMCN2","1","D2_late_increasing","30","1","0.37542355343137","2.95922900250369e-36","0.15981308411215","0.106824133287438","increases_with_pseudotime"
"MYOF","1","D2_late_increasing","28","2","0.375725667129707","2.58051886677852e-36","0.268224299065421","0.172528967550586","increases_with_pseudotime"
"AP2S1","1","D2_late_increasing","28","8","0.376842633001279","1.54047988793215e-36","0.416822429906542","0.314468650468505","increases_with_pseudotime"
"PDGFRL","1","D2_late_increasing","27","2","0.377098852803871","1.3718948936507e-36","0.320560747663551","0.227407842546426","increases_with_pseudotime"
"SEC13","1","D2_late_increasing","27","3","0.377205165444762","1.31131246610616e-36","0.392523364485981","0.273010103690266","increases_with_pseudotime"
"RUNX1","1","D2_late_increasing","30","6","0.377934575629949","9.38230531127106e-37","0.390654205607477","0.350398489854082","increases_with_pseudotime"
"PLXDC2","1","D2_late_increasing","29","4","0.378387520930443","7.60874585644813e-37","0.389719626168224","0.357705719778056","increases_with_pseudotime"
"LRP1","1","D2_late_increasing","27","7","0.378880731199055","6.05164553260216e-37","0.703738317757009","0.869517652911867","increases_with_pseudotime"
"BGN","1","D2_late_increasing","27","10","0.378910035093399","5.99889914848904e-37","0.709345794392523","1.16739390459378","increases_with_pseudotime"
"ADAMTS14","1","D2_late_increasing","29","1","0.378949314696326","5.91864125952982e-37","0.139252336448598","0.0939230883549475","increases_with_pseudotime"
"FKBP14","1","D2_late_increasing","28","2","0.379479391543174","4.6237679704211e-37","0.281308411214953","0.166263158892212","increases_with_pseudotime"
"ATOX1","1","D2_late_increasing","28","1","0.380099620497032","3.45861817498396e-37","0.483177570093458","0.421185219305986","increases_with_pseudotime"
"NME4","1","D2_late_increasing","28","4","0.38120719482983","2.05856411831707e-37","0.455140186915888","0.353645511365505","increases_with_pseudotime"
"ISOC2","1","D2_late_increasing","27","8","0.381490792481384","1.80660238992832e-37","0.347663551401869","0.239128950800733","increases_with_pseudotime"
"CD151","1","D2_late_increasing","28","1","0.382060754618347","1.3816656651225e-37","0.366355140186916","0.256105934880619","increases_with_pseudotime"
"CTSB","1","D2_late_increasing","28","8","0.382071060034197","1.3816656651225e-37","0.557009345794393","0.555783999239113","increases_with_pseudotime"
"MVP","1","D2_late_increasing","28","2","0.382288563374034","1.25185357639616e-37","0.364485981308411","0.236562050014003","increases_with_pseudotime"
"MAP4K4","1","D2_late_increasing","28","3","0.382433516336101","1.17394679209108e-37","0.530841121495327","0.510068697651165","increases_with_pseudotime"
"C1R","1","D2_late_increasing","14","3","0.382605861147609","1.08646540899785e-37","0.699065420560748","1.24075971076435","increases_with_pseudotime"
"FAM20C","1","D2_late_increasing","26","4","0.382852315647724","9.75617345692104e-38","0.286915887850467","0.188743533717152","increases_with_pseudotime"
"GPX8","1","D2_late_increasing","27","5","0.383232033875736","8.16979023134207e-38","0.232710280373832","0.118548859324053","increases_with_pseudotime"
"OST4","1","D2_late_increasing","27","7","0.384765385221389","3.93585151473195e-38","0.680373831775701","0.883400526241264","increases_with_pseudotime"
"RCN1","1","D2_late_increasing","27","7","0.384968624597394","3.58660727412272e-38","0.400934579439252","0.298609342897721","increases_with_pseudotime"
"INAFM1","1","D2_late_increasing","26","8","0.384985611462561","3.57749086927004e-38","0.389719626168224","0.292713733045908","increases_with_pseudotime"
"PRDX4","1","D2_late_increasing","28","4","0.385431769018368","2.89711636734956e-38","0.433644859813084","0.378380968515976","increases_with_pseudotime"
"AC005943.2","1","D2_late_increasing","27","7","0.385728927882114","2.52181333811645e-38","0.332710280373832","0.218071123570697","increases_with_pseudotime"
"S100A8","1","D2_late_increasing","23","3","0.386542128117021","1.70671982928321e-38","0.541121495327103","0.507476233758391","increases_with_pseudotime"
"FBLN1","1","D2_late_increasing","27","7","0.387214222625333","1.23628042333951e-38","0.749532710280374","1.24354102471443","increases_with_pseudotime"
"TMEM119","1","D2_late_increasing","26","4","0.387493476608443","1.08474042765094e-38","0.357943925233645","0.263981843193645","increases_with_pseudotime"
"MIR99AHG","1","D2_late_increasing","29","3","0.388427561153198","6.90221185124649e-39","0.303738317757009","0.292075858764266","increases_with_pseudotime"
"EHD2","1","D2_late_increasing","27","2","0.391170085318382","1.8049013817892e-39","0.368224299065421","0.25204577024641","increases_with_pseudotime"
"LRRC32","1","D2_late_increasing","24","1","0.391307618683842","1.69606534428155e-39","0.230841121495327","0.134743214739578","increases_with_pseudotime"
"ISG15","1","D2_late_increasing","27","1","0.392636219351194","8.86857981069989e-40","0.270093457943925","0.177531923795925","increases_with_pseudotime"
"CADM1","1","D2_late_increasing","28","2","0.392799383552194","8.22605414761244e-40","0.286915887850467","0.19552851527623","increases_with_pseudotime"
"FAM114A1","1","D2_late_increasing","28","7","0.393334430838918","6.33734989658069e-40","0.342056074766355","0.224747047051671","increases_with_pseudotime"
"PDXK","1","D2_late_increasing","27","7","0.393988615902263","4.5975878387306e-40","0.297196261682243","0.178128975540792","increases_with_pseudotime"
"CTSK","1","D2_late_increasing","28","4","0.394743092657161","3.18944013300359e-40","0.626168224299065","0.890730464189174","increases_with_pseudotime"
"PHPT1","1","D2_late_increasing","27","8","0.397469187671025","8.2219125909989e-41","0.58411214953271","0.634234103521125","increases_with_pseudotime"
"KDELR3","1","D2_late_increasing","27","2","0.397529850763288","8.02447985826873e-41","0.21214953271028","0.115145359629096","increases_with_pseudotime"
"SSC5D","1","D2_late_increasing","27","7","0.397865827598044","6.81155266627878e-41","0.318691588785047","0.232297654194899","increases_with_pseudotime"
"ARHGAP1","1","D2_late_increasing","28","6","0.399059614878967","3.73692309651424e-41","0.290654205607477","0.175850533606265","increases_with_pseudotime"
"HEG1","1","D2_late_increasing","28","5","0.399866186893844","2.52598139381486e-41","0.305607476635514","0.190778923604389","increases_with_pseudotime"
"TNFRSF12A","1","D2_late_increasing","27","1","0.400623642895375","1.72616353930399e-41","0.188785046728972","0.135012390690501","increases_with_pseudotime"
"DPT","1","D2_late_increasing","27","3","0.400947351685895","1.47220446187886e-41","0.454205607476636","0.531997074955003","increases_with_pseudotime"
"ITGA11","1","D2_late_increasing","30","1","0.402107687783412","8.16646651980797e-42","0.210280373831776","0.126556592828573","increases_with_pseudotime"
"PIEZO2","1","D2_late_increasing","29","1","0.403648390742541","3.71250973219464e-42","0.183177570093458","0.129536989887384","increases_with_pseudotime"
"B4GALT2","1","D2_late_increasing","28","3","0.404415773847924","2.51173171003747e-42","0.308411214953271","0.20013342117676","increases_with_pseudotime"
"TYMP","1","D2_late_increasing","27","6","0.404505521678785","2.41409211783215e-42","0.411214953271028","0.310383573475238","increases_with_pseudotime"
"CD74","1","D2_late_increasing","28","6","0.407741166231473","4.49231557155455e-43","0.445794392523365","0.37273504111613","increases_with_pseudotime"
"HLA-DRA","1","D2_late_increasing","27","2","0.408371007533396","3.24961483288138e-43","0.266355140186916","0.161753942414674","increases_with_pseudotime"
"EFEMP2","1","D2_late_increasing","28","7","0.408945554297083","2.45338067045909e-43","0.499065420560748","0.429576868551649","increases_with_pseudotime"
"PALLD","1","D2_late_increasing","28","3","0.411420774242056","6.71870571925482e-44","0.438317757009346","0.405072060929519","increases_with_pseudotime"
"CST3","1","D2_late_increasing","26","4","0.412605989328256","3.60099761203578e-44","0.751401869158879","1.7316545107482","increases_with_pseudotime"
"C1orf122","1","D2_late_increasing","27","5","0.412806615658874","3.25934372626672e-44","0.413084112149533","0.3353969041394","increases_with_pseudotime"
"GAS6","1","D2_late_increasing","28","5","0.413049408004116","2.88434005562091e-44","0.466355140186916","0.426481521892392","increases_with_pseudotime"
"ZMAT3","1","D2_late_increasing","26","2","0.41327592495243","2.57466067659286e-44","0.276635514018692","0.183430353503498","increases_with_pseudotime"
"LIMA1","1","D2_late_increasing","28","5","0.413299324916869","2.56190933472079e-44","0.307476635514019","0.211554786376501","increases_with_pseudotime"
"PDLIM7","1","D2_late_increasing","27","3","0.413701179856332","2.08199699179668e-44","0.295327102803738","0.200508622981797","increases_with_pseudotime"
"PDLIM2","1","D2_late_increasing","28","4","0.413712725315241","2.08199699179668e-44","0.483177570093458","0.413591075371504","increases_with_pseudotime"
"MYDGF","1","D2_late_increasing","27","5","0.414110054588047","1.69829615141591e-44","0.418691588785047","0.339717924225996","increases_with_pseudotime"
"CILP2","1","D2_late_increasing","27","1","0.414630736293915","1.29430189346172e-44","0.203738317757009","0.151050178089433","increases_with_pseudotime"
"GUCY1A3","1","D2_late_increasing","28","1","0.41577382658838","7.1071916580439e-45","0.268224299065421","0.163644906414224","increases_with_pseudotime"
"BNC2","1","D2_late_increasing","29","4","0.417653584894069","2.6551862413155e-45","0.31588785046729","0.321941030354807","increases_with_pseudotime"
"COL18A1","1","D2_late_increasing","27","3","0.418209862987531","1.97898799302109e-45","0.462616822429907","0.400228937810253","increases_with_pseudotime"
"LGALS3BP","1","D2_late_increasing","26","1","0.419291226178689","1.10725122536732e-45","0.411214953271028","0.366616779145405","increases_with_pseudotime"
"TMSB10","1","D2_late_increasing","28","30","0.420355913528934","6.23892309633883e-46","0.959813084112149","2.53609727898825","increases_with_pseudotime"
"S100A11","1","D2_late_increasing","27","4","0.421454715874727","3.4725321941727e-46","0.790654205607477","1.3236757950232","increases_with_pseudotime"
"C1QTNF5","1","D2_late_increasing","28","8","0.421489798247992","3.4355689275351e-46","0.423364485981308","0.330136386894311","increases_with_pseudotime"
"FSTL1","1","D2_late_increasing","28","4","0.423019719044888","1.49122600401037e-46","0.561682242990654","0.576090018829461","increases_with_pseudotime"
"OGN","1","D2_late_increasing","27","1","0.423518649153053","1.14156114212631e-46","0.280373831775701","0.231348525213934","increases_with_pseudotime"
"THBS4","1","D2_late_increasing","26","1","0.42398469242196","8.89621417033994e-47","0.289719626168224","0.298374960371341","increases_with_pseudotime"
"GOLM1","1","D2_late_increasing","27","4","0.42591038343713","3.07548851719154e-47","0.342056074766355","0.231675968879873","increases_with_pseudotime"
"P3H3","1","D2_late_increasing","28","5","0.426623424448005","2.1025088746407e-47","0.402803738317757","0.301355963094117","increases_with_pseudotime"
"HCFC1R1","1","D2_late_increasing","27","7","0.427379805576498","1.38909819218796e-47","0.544859813084112","0.589280079539159","increases_with_pseudotime"
"ARPC1B","1","D2_late_increasing","27","3","0.428626638665247","7.02249120453472e-48","0.446728971962617","0.358905434167954","increases_with_pseudotime"
"FKBP11","1","D2_late_increasing","27","1","0.430731618093456","2.1780758935155e-48","0.28411214953271","0.170867672254007","increases_with_pseudotime"
"CCDC80","1","D2_late_increasing","28","6","0.434036995466818","3.33894679655432e-49","0.71214953271028","1.30736830575229","increases_with_pseudotime"
"AK1","1","D2_late_increasing","28","5","0.43408722408751","3.27563674673563e-49","0.316822429906542","0.218858965749856","increases_with_pseudotime"
"C1QTNF6","1","D2_late_increasing","28","2","0.434205988527976","3.0899046921635e-49","0.323364485981308","0.220587270609199","increases_with_pseudotime"
"PODN","1","D2_late_increasing","28","1","0.434390008078172","2.8077339600162e-49","0.442056074766355","0.377891408844479","increases_with_pseudotime"
"ACTA2","1","D2_late_increasing","28","1","0.436814346827136","7.01051506287666e-50","0.313084112149533","0.222897036321878","increases_with_pseudotime"
"CKAP4","1","D2_late_increasing","27","7","0.437558927028088","4.69443576566614e-50","0.516822429906542","0.503183262992325","increases_with_pseudotime"
"SULF1","1","D2_late_increasing","29","1","0.438552121898307","2.66311780668193e-50","0.196261682242991","0.135472954597927","increases_with_pseudotime"
"ZNF469","1","D2_late_increasing","27","1","0.441192703142919","5.86952553566463e-51","0.213084112149533","0.128084068008149","increases_with_pseudotime"
"P3H1","1","D2_late_increasing","27","9","0.442568707669711","2.63942759569849e-51","0.366355140186916","0.248769117022354","increases_with_pseudotime"
"MIR4435-2HG","1","D2_late_increasing","28","1","0.443180507598268","1.85919073391855e-51","0.276635514018692","0.178408886857364","increases_with_pseudotime"
"FAP","1","D2_late_increasing","28","1","0.444671934332123","7.94278052757557e-52","0.25607476635514","0.151365598652538","increases_with_pseudotime"
"TSHZ2","1","D2_late_increasing","28","4","0.445193912988449","5.89007430881881e-52","0.388785046728972","0.35361736539189","increases_with_pseudotime"
"COL11A1","1","D2_late_increasing","28","3","0.446171856370657","3.36517642731929e-52","0.283177570093458","0.230349045229526","increases_with_pseudotime"
"VKORC1","1","D2_late_increasing","27","1","0.446591180612023","2.65045867428282e-52","0.553271028037383","0.608140855041417","increases_with_pseudotime"
"SMOC2","1","D2_late_increasing","17","1","0.446824562990523","2.33285095904705e-52","0.328971962616822","0.24658403105016","increases_with_pseudotime"
"CHPF","1","D2_late_increasing","27","8","0.449325469311865","5.25314601692885e-53","0.360747663551402","0.295342444155015","increases_with_pseudotime"
"NBL1","1","D2_late_increasing","28","2","0.449712757691652","4.20900566653434e-53","0.518691588785047","0.553970410408144","increases_with_pseudotime"
"COL12A1","1","D2_late_increasing","28","4","0.449901756186301","3.80155180830525e-53","0.403738317757009","0.41267692964421","increases_with_pseudotime"
"FKBP10","1","D2_late_increasing","27","3","0.453985332006537","3.20473608263347e-54","0.470093457943925","0.397401517364701","increases_with_pseudotime"
"SULF2","1","D2_late_increasing","27","6","0.455264241561071","1.4989172216853e-54","0.364485981308411","0.267971699021956","increases_with_pseudotime"
"COL16A1","1","D2_late_increasing","28","8","0.455597682482696","1.23671658399614e-54","0.48411214953271","0.473940170401208","increases_with_pseudotime"
"MMP2","1","D2_late_increasing","28","8","0.455695918873066","1.17958328703448e-54","0.642056074766355","0.906600378829375","increases_with_pseudotime"
"SERF2","1","D2_late_increasing","27","30","0.459699145223833","1.01071337291176e-55","0.922429906542056","2.13127210236338","increases_with_pseudotime"
"MXRA5","1","D2_late_increasing","27","7","0.459842173227087","9.37145967653772e-56","0.501869158878505","0.518409992741137","increases_with_pseudotime"
"P4HA2","1","D2_late_increasing","27","2","0.460238891410099","7.41539005217438e-56","0.342990654205607","0.242872607966258","increases_with_pseudotime"
"NREP","1","D2_late_increasing","28","1","0.464345339929884","5.65739618109296e-57","0.330841121495327","0.245299450917211","increases_with_pseudotime"
"PYCR1","1","D2_late_increasing","27","3","0.46593192511049","2.09217250311922e-57","0.281308411214953","0.175519603122306","increases_with_pseudotime"
"EMILIN1","1","D2_late_increasing","27","5","0.467688345275899","6.9033009471997e-58","0.610280373831776","0.704162757944407","increases_with_pseudotime"
"MYL9","1","D2_late_increasing","27","7","0.469896475322887","1.6907967132599e-58","0.548598130841122","0.603689278233506","increases_with_pseudotime"
"RARRES2","1","D2_late_increasing","27","3","0.470350933129967","1.27935923014877e-58","0.602803738317757","0.887717013376674","increases_with_pseudotime"
"LINC00152","1","D2_late_increasing","28","1","0.470824382085805","9.55993908107067e-59","0.275700934579439","0.170100121813654","increases_with_pseudotime"
"P3H4","1","D2_late_increasing","27","3","0.472229272906399","3.89761642011212e-59","0.327102803738318","0.227754892026523","increases_with_pseudotime"
"PPIB","1","D2_late_increasing","27","30","0.4752214342075","5.58756122788437e-60","0.811214953271028","1.4410135504862","increases_with_pseudotime"
"VCAN","1","D2_late_increasing","27","7","0.482482106793678","4.67105907997926e-62","0.609345794392523","0.818992809315102","increases_with_pseudotime"
"CPXM1","1","D2_late_increasing","27","8","0.484195614883914","1.49260411901506e-62","0.477570093457944","0.427803275292901","increases_with_pseudotime"
"IGFBP4","1","D2_late_increasing","26","6","0.484266829462123","1.44680942830284e-62","0.632710280373832","0.936213156444497","increases_with_pseudotime"
"ARMC9","1","D2_late_increasing","28","4","0.484354611569181","1.38715431143869e-62","0.404672897196262","0.309210668748294","increases_with_pseudotime"
"SERPINF1","1","D2_late_increasing","26","4","0.484489532854308","1.28849068805214e-62","0.621495327102804","0.991985476551073","increases_with_pseudotime"
"COPZ2","1","D2_late_increasing","27","7","0.4856440504596","5.98698296400689e-63","0.522429906542056","0.549688838753628","increases_with_pseudotime"
"PPIC","1","D2_late_increasing","27","3","0.487683275360519","1.54285384380559e-63","0.477570093457944","0.470553666350919","increases_with_pseudotime"
"FOXP1","1","D2_late_increasing","29","7","0.487989648768246","1.27453781612114e-63","0.399065420560748","0.34348107053071","increases_with_pseudotime"
"OLFML2B","1","D2_late_increasing","28","1","0.490248132905478","2.74343098621333e-64","0.368224299065421","0.2953018082903","increases_with_pseudotime"
"LRRC15","1","D2_late_increasing","28","2","0.49081923286859","1.88486785708439e-64","0.363551401869159","0.319288900623937","increases_with_pseudotime"
"ASPN","1","D2_late_increasing","27","1","0.492847398280334","4.69857900473144e-65","0.329906542056075","0.329142772902144","increases_with_pseudotime"
"COL5A3","1","D2_late_increasing","28","4","0.495443427605926","7.78798249715477e-66","0.42803738317757","0.40231084502992","increases_with_pseudotime"
"SFRP4","1","D2_late_increasing","27","1","0.50104274565006","1.5266482636144e-67","0.310280373831776","0.316394575109555","increases_with_pseudotime"
"SEPT11","1","D2_late_increasing","28","7","0.502030422194354","7.68174124372677e-68","0.463551401869159","0.412677128653716","increases_with_pseudotime"
"BASP1","1","D2_late_increasing","28","2","0.503226699546589","3.31915173448586e-68","0.397196261682243","0.331510649268513","increases_with_pseudotime"
"NNMT","1","D2_late_increasing","27","8","0.506370129079286","3.47248373061726e-69","0.561682242990654","0.754209641523709","increases_with_pseudotime"
"MARCKS","1","D2_late_increasing","28","4","0.50686424337611","2.47879524267724e-69","0.628971962616822","0.808951203881628","increases_with_pseudotime"
"HSPG2","1","D2_late_increasing","27","5","0.507760629828775","1.31802132521233e-69","0.549532710280374","0.524177094618237","increases_with_pseudotime"
"TIMP1","1","D2_late_increasing","26","2","0.509438893993557","3.93705804060737e-70","0.724299065420561","1.53237615731903","increases_with_pseudotime"
"ARL4C","1","D2_late_increasing","28","1","0.521947688265525","3.48561133957218e-74","0.327102803738318","0.25866416881612","increases_with_pseudotime"
"AEBP1","1","D2_late_increasing","28","1","0.522750418915746","1.93220704550728e-74","0.75607476635514","1.22116672969919","increases_with_pseudotime"
"WISP2","1","D2_late_increasing","24","1","0.524554173949189","4.93375581722879e-75","0.472897196261682","0.690802508081452","increases_with_pseudotime"
"TAGLN","1","D2_late_increasing","27","2","0.527603077578396","4.72730674825121e-76","0.411214953271028","0.541798303383155","increases_with_pseudotime"
"BMP1","1","D2_late_increasing","27","5","0.527997520321046","3.57607652863814e-76","0.378504672897196","0.270903329135542","increases_with_pseudotime"
"COL8A1","1","D2_late_increasing","28","4","0.528205499173444","3.13295564525022e-76","0.334579439252336","0.335589656703013","increases_with_pseudotime"
"THBS2","1","D2_late_increasing","28","1","0.533760419623028","3.98046969137102e-78","0.422429906542056","0.386474718141674","increases_with_pseudotime"
"FBN1","1","D2_late_increasing","28","8","0.537569813553475","1.92208085922763e-79","0.561682242990654","0.632894111444105","increases_with_pseudotime"
"MRC2","1","D2_late_increasing","28","4","0.539388717801095","4.54177265626913e-80","0.65607476635514","0.832203729853277","increases_with_pseudotime"
"COL6A1","1","D2_late_increasing","27","7","0.540062960957089","2.71492073197084e-80","0.905607476635514","2.16217365588468","increases_with_pseudotime"
"CTHRC1","1","D2_late_increasing","28","1","0.543646436411873","1.48501052058164e-81","0.477570093457944","0.621619242249146","increases_with_pseudotime"
"PCOLCE","1","D2_late_increasing","27","6","0.547420452614606","6.69201833197431e-83","0.72803738317757","1.29029702683777","increases_with_pseudotime"
"COL14A1","1","D2_late_increasing","28","4","0.555193333895029","9.96836205231587e-86","0.535514018691589","0.62414876453325","increases_with_pseudotime"
"ADAMTS2","1","D2_late_increasing","28","5","0.557547065315705","1.36634896909324e-86","0.396261682242991","0.320209154672273","increases_with_pseudotime"
"COMP","1","D2_late_increasing","27","1","0.560940477502601","7.43772076929285e-88","0.399065420560748","0.665259596528099","increases_with_pseudotime"
"IGFBP7","1","D2_late_increasing","26","3","0.563563628181433","7.75023424900523e-89","0.652336448598131","1.23511992377765","increases_with_pseudotime"
"COL6A3","1","D2_late_increasing","27","8","0.566767195591085","4.72222898045817e-90","0.761682242990654","1.35770422964707","increases_with_pseudotime"
"RCN3","1","D2_late_increasing","27","1","0.573932951497357","7.6083147354703e-93","0.576635514018692","0.696445438066768","increases_with_pseudotime"
"POSTN","1","D2_late_increasing","28","3","0.577638083585575","2.64070536491095e-94","0.451401869158878","0.629657789624695","increases_with_pseudotime"
"ADAM12","1","D2_late_increasing","29","10","0.584476317966083","4.56036968804186e-97","0.385046728971963","0.403211553390546","increases_with_pseudotime"
"COL6A2","1","D2_late_increasing","27","7","0.585110351365519","2.65157671453483e-97","0.914018691588785","2.26076346245269","increases_with_pseudotime"
"MDK","1","D2_late_increasing","28","3","0.585896597409465","1.33674471662249e-97","0.620560747663551","1.05400923204023","increases_with_pseudotime"
"CREB3L1","1","D2_late_increasing","28","1","0.591327359873276","7.64342618852916e-100","0.483177570093458","0.455912569789949","increases_with_pseudotime"
"CERCAM","1","D2_late_increasing","27","7","0.591483523344817","7.07098149296245e-100","0.526168224299065","0.574479573084741","increases_with_pseudotime"
"GXYLT2","1","D2_late_increasing","28","1","0.592655038860584","2.44353621507151e-100","0.464485981308411","0.46661395465744","increases_with_pseudotime"
"SERPINH1","1","D2_late_increasing","27","7","0.596047754702269","9.48819493817763e-102","0.637383177570093","0.920888444977113","increases_with_pseudotime"
"THY1","1","D2_late_increasing","28","4","0.601476245182023","4.61766020006975e-104","0.58785046728972","0.927558057029681","increases_with_pseudotime"
"FN1","1","D2_late_increasing","27","5","0.602426163623404","1.96593848494378e-104","0.555140186915888","0.797318678832841","increases_with_pseudotime"
"SFRP2","1","D2_late_increasing","28","1","0.638255220221948","4.01552165844145e-121","0.583177570093458","1.12475113679101","increases_with_pseudotime"
"COL5A2","1","D2_late_increasing","28","7","0.671044271418799","1.61967638350584e-138","0.657943925233645","1.01817889946495","increases_with_pseudotime"
"COL3A1","1","D2_late_increasing","27","8","0.689892955522364","1.56199756556957e-149","0.84392523364486","2.74845233581132","increases_with_pseudotime"
"COL5A1","1","D2_late_increasing","27","4","0.697339928594652","4.661409577066e-154","0.685981308411215","1.08123166726043","increases_with_pseudotime"
"COL1A2","1","D2_late_increasing","27","7","0.704660661143761","1.28403490256612e-158","0.891588785046729","2.81306540007721","increases_with_pseudotime"
"SPARC","1","D2_late_increasing","27","7","0.70699931541262","5.72084494869805e-160","0.77196261682243","2.11440064251377","increases_with_pseudotime"
"COL1A1","1","D2_late_increasing","27","4","0.735833368916728","7.95888683486443e-180","0.869158878504673","3.90738097217399","increases_with_pseudotime"
