"gene","dynamic_module","clean_module","expected_sign","smooth_p","edf","endpoint_delta","fit_ok","fdr","direction_concordant","supported","model"
"LAMC3","D1_early_decreasing","clean_D1",-1,0,3.55171422825853,-0.541536690999509,TRUE,0,TRUE,TRUE,"donor_fixed"
"SEMA3G","D1_early_decreasing","clean_D1",-1,0,4.03238609008153,-0.865999454538189,TRUE,0,TRUE,TRUE,"donor_fixed"
"IGFBP3","D1_early_decreasing","clean_D1",-1,0,4.67470912202668,-3.01792343888334,TRUE,0,TRUE,TRUE,"donor_fixed"
"ALX4","D1_early_decreasing","clean_D1",-1,0,3.35995082879379,-0.475643499426948,TRUE,0,TRUE,TRUE,"donor_fixed"
"COL23A1","D1_early_decreasing","clean_D1",-1,0,3.42999666699321,-0.768645421594676,TRUE,0,TRUE,TRUE,"donor_fixed"
"TFAP2A","D1_early_decreasing","clean_D1",-1,0,4.32876158162549,-1.14952403480481,TRUE,0,TRUE,TRUE,"donor_fixed"
"TCF4","D1_early_decreasing","clean_D1",-1,0,4.30592391648192,-0.120263658383021,TRUE,0,TRUE,TRUE,"donor_fixed"
"BMP7","D1_early_decreasing","clean_D1",-1,0,3.68521328343629,-0.414511921285599,TRUE,0,TRUE,TRUE,"donor_fixed"
"BMP4","D1_early_decreasing","clean_D1",-1,0,3.75997516663599,-1.25590836665614,TRUE,0,TRUE,TRUE,"donor_fixed"
"SLC5A3","D1_early_decreasing","clean_D1",-1,0,4.15688859321666,-0.707484825803431,TRUE,0,TRUE,TRUE,"donor_fixed"
"GADD45G","D1_early_decreasing","clean_D1",-1,0,3.89217888040166,-0.849989778162132,TRUE,0,TRUE,TRUE,"donor_fixed"
"SERPINE2","D1_early_decreasing","clean_D1",-1,0,4.38650548113811,-0.960979400020598,TRUE,0,TRUE,TRUE,"donor_fixed"
"INHBB","D1_early_decreasing","clean_D1",-1,0,3.58402570926708,-0.630218985000519,TRUE,0,TRUE,TRUE,"donor_fixed"
"PRLR","D1_early_decreasing","clean_D1",-1,0,3.68442540732365,-0.489204253351011,TRUE,0,TRUE,TRUE,"donor_fixed"
"TRPS1","D1_early_decreasing","clean_D1",-1,0,4.57338355729243,-0.326821736670474,TRUE,0,TRUE,TRUE,"donor_fixed"
"TIMP3","D1_early_decreasing","clean_D1",-1,0,2.34119694444119,-0.741694093995704,TRUE,0,TRUE,TRUE,"donor_fixed"
"PRDM1","D1_early_decreasing","clean_D1",-1,0,4.06575993098999,-0.526973051424342,TRUE,0,TRUE,TRUE,"donor_fixed"
"PTCH1","D1_early_decreasing","clean_D1",-1,0.000621635693826783,2.74805305096656,-0.247832795954102,TRUE,0.000997114355377824,TRUE,TRUE,"donor_fixed"
"APCDD1","D1_early_decreasing","clean_D1",-1,0,1.0000747158893,-0.596481923100593,TRUE,0,TRUE,TRUE,"donor_fixed"
"DAAM2","D1_early_decreasing","clean_D1",-1,4.26711940997304e-05,2.86854627408323,-0.276746222058125,TRUE,8.09955772555154e-05,TRUE,TRUE,"donor_fixed"
"INHBA","D1_early_decreasing","clean_D1",-1,0,4.31908384853725,-1.00361770193663,TRUE,0,TRUE,TRUE,"donor_fixed"
"BCL2","D1_early_decreasing","clean_D1",-1,2.20907426114469e-05,2.63272630153413,-0.320306103897177,TRUE,4.4660850342853e-05,TRUE,TRUE,"donor_fixed"
"CENPW","D1_early_decreasing","clean_D1",-1,0,3.91671457836959,-0.618574510669128,TRUE,0,TRUE,TRUE,"donor_fixed"
"CEBPA","D1_early_decreasing","clean_D1",-1,0,3.50172327557307,-0.427157058808766,TRUE,0,TRUE,TRUE,"donor_fixed"
"IGFBP2","D1_early_decreasing","clean_D1",-1,0,2.93896135851254,-0.465024692537383,TRUE,0,TRUE,TRUE,"donor_fixed"
"MRPS6","D1_early_decreasing","none",-1,0,3.77179444740739,-0.937863459769071,TRUE,0,TRUE,TRUE,"donor_fixed"
"CRABP1","D1_early_decreasing","clean_D1",-1,3.52052274320558e-05,1.92528721597648,-0.332284762701681,TRUE,6.76279111151862e-05,TRUE,TRUE,"donor_fixed"
"ROBO2","D1_early_decreasing","clean_D1",-1,2.85715976096057e-05,4.36155135128898,0.0830583558607819,TRUE,5.62377572667943e-05,FALSE,FALSE,"donor_fixed"
"DKK2","D1_early_decreasing","clean_D1",-1,0,4.1083767065874,-0.635497425284475,TRUE,0,TRUE,TRUE,"donor_fixed"
"PHLDA1","D1_early_decreasing","clean_D1",-1,0.000751291127273179,3.02340630161085,-0.254271039620665,TRUE,0.00118972164347226,TRUE,TRUE,"donor_fixed"
"DIO2","D1_early_decreasing","clean_D1",-1,1.41073622256238e-06,3.92080877910777,-0.584073086618116,TRUE,3.41385951693667e-06,TRUE,TRUE,"donor_fixed"
"MYLIP","D1_early_decreasing","clean_D1",-1,0,2.82859666761626,-0.507296927266572,TRUE,0,TRUE,TRUE,"donor_fixed"
"LUZP2","D1_early_decreasing","clean_D1",-1,0,3.99686059150482,-0.85828134536928,TRUE,0,TRUE,TRUE,"donor_fixed"
"ZDHHC14","D1_early_decreasing","clean_D1",-1,0.000518063083110198,3.74593350560241,-0.124749014343067,TRUE,0.000843077913998838,TRUE,TRUE,"donor_fixed"
"PGM2L1","D1_early_decreasing","clean_D1",-1,0,3.867264869995,-0.532914539235978,TRUE,0,TRUE,TRUE,"donor_fixed"
"PREX2","D1_early_decreasing","clean_D1",-1,0.561659621529489,1.00083969189652,-0.0362172403316953,TRUE,0.574506364931353,TRUE,FALSE,"donor_fixed"
"TNN","D1_early_decreasing","clean_D1",-1,2.11704851644234e-05,2.7628957915337,-0.328509776801884,TRUE,4.28779029235967e-05,TRUE,TRUE,"donor_fixed"
"F2R","D1_early_decreasing","clean_D1",-1,4.85906183049778e-05,3.21939753368772,-0.428569385750596,TRUE,9.11481732633644e-05,TRUE,TRUE,"donor_fixed"
"PLEKHH2","D1_early_decreasing","clean_D1",-1,4.08524740980187e-07,4.61852693958432,0.105422502968622,TRUE,1.05969990815742e-06,FALSE,FALSE,"donor_fixed"
"HIST1H2BD","D1_early_decreasing","none",-1,0.000133554986523232,2.74295084006627,-0.238540176273376,TRUE,0.000236257080590148,TRUE,TRUE,"donor_fixed"
"TWIST1","D1_early_decreasing","clean_D1",-1,2.11086426460394e-06,3.13156420829987,-0.449411578208097,TRUE,4.93712604147951e-06,TRUE,TRUE,"donor_fixed"
"HIST2H2BE","D1_early_decreasing","none",-1,0.0123638946808406,2.58110155195412,-0.148275318859897,TRUE,0.0160917744507332,TRUE,TRUE,"donor_fixed"
"ITGA8","D1_early_decreasing","clean_D1",-1,0.00035766437879059,3.73041578429168,-0.0440818238178068,TRUE,0.000595066308592926,TRUE,TRUE,"donor_fixed"
"CPE","D1_early_decreasing","clean_D1",-1,0,3.86808545608471,-0.867113375043343,TRUE,0,TRUE,TRUE,"donor_fixed"
"SOX18","D1_early_decreasing","clean_D1",-1,2.07099366322794e-07,3.64680658334818,-0.413933510513829,TRUE,5.43514299410525e-07,TRUE,TRUE,"donor_fixed"
"PTMA","D2_late_increasing","none",1,0,4.88056181041166,-2.58089272122403,TRUE,0,FALSE,FALSE,"donor_fixed"
"RPL35A","D2_late_increasing","none",1,0,4.94123614126132,-2.1426105347039,TRUE,0,FALSE,FALSE,"donor_fixed"
"RPL34","D2_late_increasing","none",1,0,4.89700368409655,-2.01594167765422,TRUE,0,FALSE,FALSE,"donor_fixed"
"SLC35F1","D2_late_increasing","none",1,2.82390660450993e-05,4.36730723760805,-0.66336133783985,TRUE,5.57796392904965e-05,FALSE,FALSE,"donor_fixed"
"H3F3B","D2_late_increasing","none",1,0,4.80724333690482,-1.8280074737135,TRUE,0,FALSE,FALSE,"donor_fixed"
"RPL13","D2_late_increasing","none",1,0,4.95616049229935,-1.8513758192291,TRUE,0,FALSE,FALSE,"donor_fixed"
"RPL11","D2_late_increasing","none",1,0,4.95050114004615,-2.09965378291223,TRUE,0,FALSE,FALSE,"donor_fixed"
"RPS27A","D2_late_increasing","none",1,0,4.90116003417095,-2.11195080665087,TRUE,0,FALSE,FALSE,"donor_fixed"
"RPS13","D2_late_increasing","none",1,0,4.89612919902359,-1.7948633000615,TRUE,0,FALSE,FALSE,"donor_fixed"
"RPL26","D2_late_increasing","none",1,0,4.91039199322947,-1.89103754232546,TRUE,0,FALSE,FALSE,"donor_fixed"
"RPL37A","D2_late_increasing","none",1,0,4.96773853501517,-2.24879571074884,TRUE,0,FALSE,FALSE,"donor_fixed"
"RPL5","D2_late_increasing","none",1,0,4.8361200013851,-1.55196541380064,TRUE,0,FALSE,FALSE,"donor_fixed"
"RPL13A","D2_late_increasing","none",1,0,4.96946201434124,-2.25648133073451,TRUE,0,FALSE,FALSE,"donor_fixed"
"FAU","D2_late_increasing","none",1,0,4.92986713333346,-1.79960138834917,TRUE,0,FALSE,FALSE,"donor_fixed"
"RPL19","D2_late_increasing","none",1,0,4.9564721621881,-2.26935872630773,TRUE,0,FALSE,FALSE,"donor_fixed"
"RPL6","D2_late_increasing","none",1,0,4.86136742852491,-1.65662312617046,TRUE,0,FALSE,FALSE,"donor_fixed"
"RPS14","D2_late_increasing","none",1,0,4.94625784070397,-1.93007721063131,TRUE,0,FALSE,FALSE,"donor_fixed"
"RPL4","D2_late_increasing","none",1,0,4.92329838953861,-1.67199241172681,TRUE,0,FALSE,FALSE,"donor_fixed"
"RPL30","D2_late_increasing","none",1,0,4.95875739797374,-2.31139514693696,TRUE,0,FALSE,FALSE,"donor_fixed"
"RPS27","D2_late_increasing","none",1,0,4.94054639285809,-2.29760069231047,TRUE,0,FALSE,FALSE,"donor_fixed"
"RPL24","D2_late_increasing","none",1,0,4.91640134632604,-1.89672277633677,TRUE,0,FALSE,FALSE,"donor_fixed"
"GNB2L1","D2_late_increasing","none",1,0,4.85711474232086,-1.39386602957897,TRUE,0,FALSE,FALSE,"donor_fixed"
"RPL12","D2_late_increasing","none",1,0,4.92281566905877,-1.70363257206609,TRUE,0,FALSE,FALSE,"donor_fixed"
"RPS23","D2_late_increasing","none",1,0,4.93514173583242,-1.91015573630216,TRUE,0,FALSE,FALSE,"donor_fixed"
"RPL38","D2_late_increasing","none",1,0,4.94107186342895,-1.70034318694301,TRUE,0,FALSE,FALSE,"donor_fixed"
"RPS9","D2_late_increasing","none",1,0,4.93989343028633,-2.08568593148414,TRUE,0,FALSE,FALSE,"donor_fixed"
"RPL37","D2_late_increasing","none",1,0,4.9529100678815,-1.86964345486369,TRUE,0,FALSE,FALSE,"donor_fixed"
"RPL3","D2_late_increasing","none",1,0,4.92054370141488,-1.68179747207637,TRUE,0,FALSE,FALSE,"donor_fixed"
"RPS6","D2_late_increasing","none",1,0,4.92110325386319,-1.57968767205034,TRUE,0,FALSE,FALSE,"donor_fixed"
"RPL18","D2_late_increasing","none",1,0,4.93737461610371,-1.71030229263473,TRUE,0,FALSE,FALSE,"donor_fixed"
"RPL9","D2_late_increasing","none",1,0,4.86907468173152,-1.88535519562274,TRUE,0,FALSE,FALSE,"donor_fixed"
"RPS21","D2_late_increasing","none",1,0,4.88920386172675,-1.57235192308273,TRUE,0,FALSE,FALSE,"donor_fixed"
"EEF1A1","D2_late_increasing","none",1,0,4.95532482419533,-1.7549522614835,TRUE,0,FALSE,FALSE,"donor_fixed"
"RPL32","D2_late_increasing","none",1,0,4.95157604570491,-2.06475621658192,TRUE,0,FALSE,FALSE,"donor_fixed"
"RPS4X","D2_late_increasing","none",1,0,4.8979862739495,-1.56715723044538,TRUE,0,FALSE,FALSE,"donor_fixed"
"RPL23","D2_late_increasing","none",1,0,4.91545675828028,-1.40548294351588,TRUE,0,FALSE,FALSE,"donor_fixed"
"RPL14","D2_late_increasing","none",1,0,4.89861488247704,-1.56036510454417,TRUE,0,FALSE,FALSE,"donor_fixed"
"RPS3A","D2_late_increasing","none",1,0,4.86723303104255,-1.95583417281238,TRUE,0,FALSE,FALSE,"donor_fixed"
"RPL21","D2_late_increasing","none",1,0,4.8676638216174,-1.67473581851114,TRUE,0,FALSE,FALSE,"donor_fixed"
"RPL7","D2_late_increasing","none",1,0,4.78672701241879,-1.67915262666501,TRUE,0,FALSE,FALSE,"donor_fixed"
"RPL22","D2_late_increasing","none",1,0,4.70971737477565,-1.31772174591196,TRUE,0,FALSE,FALSE,"donor_fixed"
"RPS8","D2_late_increasing","none",1,0,4.9424038644267,-1.68761877757717,TRUE,0,FALSE,FALSE,"donor_fixed"
"HSP90AB1","D2_late_increasing","none",1,0,4.08328065386928,-1.03868249852434,TRUE,0,FALSE,FALSE,"donor_fixed"
"VIM","D2_late_increasing","none",1,0,4.8948837093043,-1.8965730873455,TRUE,0,FALSE,FALSE,"donor_fixed"
"RPS16","D2_late_increasing","none",1,0,4.92815435056813,-1.80648608908581,TRUE,0,FALSE,FALSE,"donor_fixed"
"NACA","D2_late_increasing","none",1,0,4.79710645336264,-1.4971825348361,TRUE,0,FALSE,FALSE,"donor_fixed"
"RPS20","D2_late_increasing","none",1,0,4.95157308346222,-1.72458988974932,TRUE,0,FALSE,FALSE,"donor_fixed"
"GLTSCR2","D2_late_increasing","none",1,3.83840581274497e-05,4.24322300500162,-0.709770513551495,TRUE,7.32310187482744e-05,FALSE,FALSE,"donor_fixed"
"RPL36A","D2_late_increasing","none",1,0,4.90092522913633,-1.39214061142511,TRUE,0,FALSE,FALSE,"donor_fixed"
"RPS3","D2_late_increasing","none",1,0,4.88411011228605,-1.76894645135574,TRUE,0,FALSE,FALSE,"donor_fixed"
"JUNB","D2_late_increasing","none",1,0,3.50241420317231,-1.1666343700544,TRUE,0,FALSE,FALSE,"donor_fixed"
"RPL23A","D2_late_increasing","none",1,0,4.95269447964071,-1.92575353460547,TRUE,0,FALSE,FALSE,"donor_fixed"
"RPS5","D2_late_increasing","none",1,0,4.88485332276713,-1.27816243818725,TRUE,0,FALSE,FALSE,"donor_fixed"
"BTF3","D2_late_increasing","none",1,0,4.69827291926739,-1.27318704109935,TRUE,0,FALSE,FALSE,"donor_fixed"
"RPS17","D2_late_increasing","none",1,0,4.91034590730684,-1.59233170180262,TRUE,0,FALSE,FALSE,"donor_fixed"
"RPL17-C18orf32","D2_late_increasing","none",1,0,4.82381205557711,-1.68038952717439,TRUE,0,FALSE,FALSE,"donor_fixed"
"RPL10A","D2_late_increasing","none",1,0,4.90832293825918,-1.80564226880348,TRUE,0,FALSE,FALSE,"donor_fixed"
"HNRNPA1","D2_late_increasing","none",1,0,4.47175652668101,-1.20084160541499,TRUE,0,FALSE,FALSE,"donor_fixed"
"RPS25","D2_late_increasing","none",1,0,4.91083369184561,-1.62811328614232,TRUE,0,FALSE,FALSE,"donor_fixed"
"LMO4","D2_late_increasing","none",1,0,4.50968933518113,-0.987683652480393,TRUE,0,FALSE,FALSE,"donor_fixed"
"PFDN5","D2_late_increasing","none",1,0,4.88651470509394,-1.49954975730644,TRUE,0,FALSE,FALSE,"donor_fixed"
"CIRBP","D2_late_increasing","none",1,0.000161788504967786,1.0013434558719,-0.397836917568824,TRUE,0.000284123003954569,FALSE,FALSE,"donor_fixed"
"RPS15","D2_late_increasing","none",1,0,4.93301881123911,-1.65516411548827,TRUE,0,FALSE,FALSE,"donor_fixed"
"RPL31","D2_late_increasing","none",1,0,4.94363859692668,-1.77369726934536,TRUE,0,FALSE,FALSE,"donor_fixed"
"RPS7","D2_late_increasing","none",1,0,4.90998267005596,-1.73020781223506,TRUE,0,FALSE,FALSE,"donor_fixed"
"ADIRF","D2_late_increasing","none",1,0,1.00063675096949,-0.691916639852982,TRUE,0,FALSE,FALSE,"donor_fixed"
"RPS10","D2_late_increasing","none",1,0,4.92627347027055,-2.04759551189909,TRUE,0,FALSE,FALSE,"donor_fixed"
"NUCKS1","D2_late_increasing","none",1,3.4987433256306e-05,4.68069613800031,-0.771084320364862,TRUE,6.73252158012912e-05,FALSE,FALSE,"donor_fixed"
"RPS15A","D2_late_increasing","none",1,0,4.9271111154393,-1.87929835550807,TRUE,0,FALSE,FALSE,"donor_fixed"
"FGFR1","D2_late_increasing","none",1,5.48070511312004e-05,3.09180810448269,-0.204210825678863,TRUE,0.000102294295767416,FALSE,FALSE,"donor_fixed"
"CD81","D2_late_increasing","none",1,0,4.85580647865927,-0.982180274375774,TRUE,0,FALSE,FALSE,"donor_fixed"
"EIF1","D2_late_increasing","none",1,0,4.82434229751081,-1.09860308460246,TRUE,0,FALSE,FALSE,"donor_fixed"
"ZFP36L2","D2_late_increasing","none",1,6.87344714002669e-05,1.36043879890161,-0.653444006027206,TRUE,0.000126390031291938,FALSE,FALSE,"donor_fixed"
"RPS24","D2_late_increasing","none",1,0,4.87351666211986,-1.57786390683222,TRUE,0,FALSE,FALSE,"donor_fixed"
"RPL7A","D2_late_increasing","none",1,0,4.90374797893961,-1.55221451588282,TRUE,0,FALSE,FALSE,"donor_fixed"
"RPS18","D2_late_increasing","none",1,0,4.95724345350012,-1.74818477825721,TRUE,0,FALSE,FALSE,"donor_fixed"
"HMGB1","D2_late_increasing","none",1,3.65747778176551e-05,4.31231810254364,-0.772502754000972,TRUE,7.00181534248944e-05,FALSE,FALSE,"donor_fixed"
"HIST1H4C","D2_late_increasing","none",1,1.42711886474967e-06,1.00020119322185,-0.45203626940799,TRUE,3.43897343221917e-06,FALSE,FALSE,"donor_fixed"
"RPL35","D2_late_increasing","none",1,0,4.94040850248465,-1.50391075891282,TRUE,0,FALSE,FALSE,"donor_fixed"
"SNHG8","D2_late_increasing","none",1,0,1.00177740982522,-0.565298645131271,TRUE,0,FALSE,FALSE,"donor_fixed"
"RPS2","D2_late_increasing","none",1,0,4.94972581749554,-2.00114318391965,TRUE,0,FALSE,FALSE,"donor_fixed"
"TMEM258","D2_late_increasing","clean_D2",1,0,4.80286594596149,-0.312052470595829,TRUE,0,FALSE,FALSE,"donor_fixed"
"POLDIP2","D2_late_increasing","clean_D2",1,0.0497051840385409,3.7374253288432,-0.0379070136173332,TRUE,0.0577054992264681,FALSE,FALSE,"donor_fixed"
"PLXNA3","D2_late_increasing","clean_D2",1,0.0655774364301779,1.00002271663385,0.0728129348986693,TRUE,0.0744320547501918,TRUE,FALSE,"donor_fixed"
"MRPS12","D2_late_increasing","none",1,0.449285218791855,1.00030823309815,-0.0374893942750802,TRUE,0.468564248702699,FALSE,FALSE,"donor_fixed"
"RAB24","D2_late_increasing","clean_D2",1,0.00401558972553395,3.9344576782492,-0.0449969053362239,TRUE,0.00570448451479919,FALSE,FALSE,"donor_fixed"
"MARVELD1","D2_late_increasing","clean_D2",1,0.0116107332008514,3.55507293199232,-0.0299502165517044,TRUE,0.0152535836880751,FALSE,FALSE,"donor_fixed"
"CMKLR1","D2_late_increasing","clean_D2",1,0.557432737494473,1.64554982056769,0.0208718356382065,TRUE,0.571228048138241,TRUE,FALSE,"donor_fixed"
"PTPMT1","D2_late_increasing","clean_D2",1,0.00637589686478424,4.56083656423598,-0.0693084941255376,TRUE,0.00878946078277284,FALSE,FALSE,"donor_fixed"
"RNF11","D2_late_increasing","clean_D2",1,0.868521382519911,1.00011267172907,0.00585037541697402,TRUE,0.873207648972356,TRUE,FALSE,"donor_fixed"
"C6orf1","D2_late_increasing","clean_D2",1,0.574217839423365,1.68609557672204,0.0175749903831688,TRUE,0.586279036050522,TRUE,FALSE,"donor_fixed"
"SSNA1","D2_late_increasing","clean_D2",1,0.523499451345436,1.97385518470841,0.0101627894188303,TRUE,0.537934178864152,TRUE,FALSE,"donor_fixed"
"PSMC4","D2_late_increasing","clean_D2",1,0.719092085532968,1.000264996078,0.0173777786834885,TRUE,0.727551992421591,TRUE,FALSE,"donor_fixed"
"NPC2","D2_late_increasing","clean_D2",1,0,4.7542061055408,-0.240855481231067,TRUE,0,FALSE,FALSE,"donor_fixed"
"SAT2","D2_late_increasing","clean_D2",1,0.272995826465945,1.00116788608699,-0.0641314109594437,TRUE,0.289297946908935,FALSE,FALSE,"donor_fixed"
"NDUFB11","D2_late_increasing","clean_D2",1,0,4.73492639824328,-0.260251705660179,TRUE,0,FALSE,FALSE,"donor_fixed"
"DCHS1","D2_late_increasing","clean_D2",1,0.00609767599291766,2.20024387803055,0.120467260145834,TRUE,0.00843713089119053,TRUE,TRUE,"donor_fixed"
"HAS2","D2_late_increasing","clean_D2",1,3.69375737740985e-06,4.26458619634118,0.12039449533138,TRUE,8.32584828214558e-06,TRUE,TRUE,"donor_fixed"
"NDUFA4","D2_late_increasing","clean_D2",1,0,4.80371645085891,-0.412282643666957,TRUE,0,FALSE,FALSE,"donor_fixed"
"ACTN1","D2_late_increasing","clean_D2",1,8.02903451956882e-05,2.58885620256738,0.244223692264219,TRUE,0.000145958708827284,TRUE,TRUE,"donor_fixed"
"RAB1B","D2_late_increasing","clean_D2",1,0.359546106105264,2.73254157433767,-0.0392492755455628,TRUE,0.37673153385725,FALSE,FALSE,"donor_fixed"
"HIGD2A","D2_late_increasing","clean_D2",1,0.000248365777666126,4.66807079180402,-0.323596311153444,TRUE,0.000425226553492694,FALSE,FALSE,"donor_fixed"
"TMEM160","D2_late_increasing","clean_D2",1,0.00293328322151565,4.20163151336571,-0.0761983511082207,TRUE,0.00423696465330038,FALSE,FALSE,"donor_fixed"
"ILVBL","D2_late_increasing","clean_D2",1,0.219138034159221,1.00006642822297,0.0474470424667338,TRUE,0.235121230508646,TRUE,FALSE,"donor_fixed"
"TMEM9","D2_late_increasing","clean_D2",1,0.0500492897103657,1.40402941098559,0.114795251539242,TRUE,0.0580447156599469,TRUE,FALSE,"donor_fixed"
"PMP22","D2_late_increasing","clean_D2",1,0.000306793999962141,3.27021664421536,-0.00209339083385718,TRUE,0.000517338901896943,FALSE,FALSE,"donor_fixed"
"RIC8A","D2_late_increasing","clean_D2",1,0.143227199863772,2.37399749375848,0.0105785023113574,TRUE,0.156681026856847,TRUE,FALSE,"donor_fixed"
"COX7B","D2_late_increasing","clean_D2",1,9.43134209585583e-06,4.73420127887099,-0.289393101011437,TRUE,2.01996943738828e-05,FALSE,FALSE,"donor_fixed"
"YIPF3","D2_late_increasing","clean_D2",1,7.28294854275835e-05,4.47326642899195,-0.101914592606787,TRUE,0.00013326246269728,FALSE,FALSE,"donor_fixed"
"TEN1","D2_late_increasing","clean_D2",1,0.0249909102428792,2.29266192456087,0.0919210479959884,TRUE,0.0306022318198674,TRUE,TRUE,"donor_fixed"
"MRPS24","D2_late_increasing","none",1,0.00088781132717175,4.21562889186101,-0.0690907187674963,TRUE,0.00139428105264617,FALSE,FALSE,"donor_fixed"
"FASTK","D2_late_increasing","clean_D2",1,0.0782215914080595,1.00035232365739,0.0784956235768464,TRUE,0.0880682167111888,TRUE,FALSE,"donor_fixed"
"FAM162A","D2_late_increasing","clean_D2",1,5.87273247577014e-05,4.36512888009176,-0.104214129569409,TRUE,0.000109065031692874,FALSE,FALSE,"donor_fixed"
"TSR3","D2_late_increasing","clean_D2",1,0.0517807961767276,3.3574454973327,0.00525184251331397,TRUE,0.0597429619459045,TRUE,FALSE,"donor_fixed"
"PRELP","D2_late_increasing","clean_D2",1,0,4.40351438322414,0.270584318207312,TRUE,0,TRUE,TRUE,"donor_fixed"
"GORASP2","D2_late_increasing","clean_D2",1,0.364988175106428,1.00003311034112,0.0381412972502094,TRUE,0.381718222421877,TRUE,FALSE,"donor_fixed"
"ECH1","D2_late_increasing","clean_D2",1,0.191655080863464,1.40365053990155,0.0909101712164243,TRUE,0.206625246292529,TRUE,FALSE,"donor_fixed"
"GSTO1","D2_late_increasing","clean_D2",1,0.0561323279395282,4.00968389458767,-0.0212722115060587,TRUE,0.0644311526040991,FALSE,FALSE,"donor_fixed"
"PRMT2","D2_late_increasing","clean_D2",1,0.500233269934507,2.14064356941951,-0.0166022095040968,TRUE,0.5173550377306,FALSE,FALSE,"donor_fixed"
"SUB1","D2_late_increasing","clean_D2",1,0.462208802843142,1.05990518480906,0.0548543715468952,TRUE,0.480250410389064,TRUE,FALSE,"donor_fixed"
"HLA-A","D2_late_increasing","clean_D2",1,0,4.83754676517466,-0.441937139438912,TRUE,0,FALSE,FALSE,"donor_fixed"
"ANXA2","D2_late_increasing","clean_D2",1,0,4.72350718444439,0.0192807088301202,TRUE,0,TRUE,TRUE,"donor_fixed"
"CREB3","D2_late_increasing","clean_D2",1,0.0828722842550876,3.15097279270083,-0.0507836123029078,TRUE,0.0931167977861185,FALSE,FALSE,"donor_fixed"
"PLP2","D2_late_increasing","clean_D2",1,0.0413641178507084,1.0008421871436,0.15305925422157,TRUE,0.0486790355337811,TRUE,TRUE,"donor_fixed"
"ALDOA","D2_late_increasing","clean_D2",1,0,4.77259679096713,-0.205338349809249,TRUE,0,FALSE,FALSE,"donor_fixed"
"CCDC92","D2_late_increasing","clean_D2",1,0.0185830530766622,1.48126915298409,0.120124037192959,TRUE,0.0235287127290016,TRUE,TRUE,"donor_fixed"
"IFITM1","D2_late_increasing","clean_D2",1,0.255193294844079,1.0006593457087,-0.0620484903989653,TRUE,0.271203520566236,FALSE,FALSE,"donor_fixed"
"SCAND1","D2_late_increasing","clean_D2",1,4.80251063391113e-05,4.56769012487224,-0.283145992680932,TRUE,9.02387712388679e-05,FALSE,FALSE,"donor_fixed"
"RPS19BP1","D2_late_increasing","none",1,0.97278297883511,1.00057867126309,-0.00281283654134562,TRUE,0.973653867804524,FALSE,FALSE,"donor_fixed"
"CD68","D2_late_increasing","clean_D2",1,0.208462473152734,1.00226818646895,0.0395827176510881,TRUE,0.224097158639189,TRUE,FALSE,"donor_fixed"
"NKIRAS2","D2_late_increasing","clean_D2",1,0.604184333045774,1.00061869256951,0.0188818601345576,TRUE,0.614070985768341,TRUE,FALSE,"donor_fixed"
"NRP2","D2_late_increasing","clean_D2",1,6.38835658660075e-05,4.29748811768859,0.174811822799835,TRUE,0.000118248057348007,TRUE,TRUE,"donor_fixed"
"PLXNA2","D2_late_increasing","clean_D2",1,0,4.79159293020053,0.42600396278177,TRUE,0,TRUE,TRUE,"donor_fixed"
"C4orf3","D2_late_increasing","clean_D2",1,0.00127246797702812,4.44825589059189,-0.277129354615297,TRUE,0.00194435538835995,FALSE,FALSE,"donor_fixed"
"RBCK1","D2_late_increasing","clean_D2",1,0.000345158140808821,2.60590113713276,0.171446265245006,TRUE,0.000576811362368105,TRUE,TRUE,"donor_fixed"
"PKM","D2_late_increasing","clean_D2",1,0,4.68983406435067,-0.00934216945278399,TRUE,0,FALSE,FALSE,"donor_fixed"
"MAGOHB","D2_late_increasing","clean_D2",1,0.0397363635972205,1.00089690316391,0.057671822512429,TRUE,0.0469115675836246,TRUE,TRUE,"donor_fixed"
"MAP2K2","D2_late_increasing","clean_D2",1,0.997110577315731,1.00086951743337,0.000791066118311728,TRUE,0.997110577315731,TRUE,FALSE,"donor_fixed"
"ORMDL3","D2_late_increasing","clean_D2",1,0.00679009974229122,3.85594180219271,0.00427831947329096,TRUE,0.00929171543681957,TRUE,TRUE,"donor_fixed"
"CDIPT","D2_late_increasing","clean_D2",1,0.7774429473811,1.39404657704462,-0.0074656178314029,TRUE,0.784459580480207,FALSE,FALSE,"donor_fixed"
"AGPAT1","D2_late_increasing","clean_D2",1,0.0646878286257502,3.894372327602,-0.0524505075110894,TRUE,0.073496943499582,FALSE,FALSE,"donor_fixed"
"CFL1","D2_late_increasing","clean_D2",1,0,4.89265121902905,-0.737535727980267,TRUE,0,FALSE,FALSE,"donor_fixed"
"PACS2","D2_late_increasing","clean_D2",1,0.535292388546544,1.00017002898052,0.029826811067708,TRUE,0.549547190445396,TRUE,FALSE,"donor_fixed"
"GJA1","D2_late_increasing","clean_D2",1,0.000165467605084901,3.54492736625763,0.119649815170825,TRUE,0.000289503571963881,TRUE,TRUE,"donor_fixed"
"KDELR1","D2_late_increasing","clean_D2",1,8.75227734720152e-06,4.45161684647666,-0.112787895972177,TRUE,1.88536533221027e-05,FALSE,FALSE,"donor_fixed"
"ZNF593","D2_late_increasing","clean_D2",1,0.246852301586848,1.00028867003961,0.0558935768886515,TRUE,0.263089488249854,TRUE,FALSE,"donor_fixed"
"CORO1C","D2_late_increasing","clean_D2",1,0.176479569755457,3.11774593781374,0.0497454670243404,TRUE,0.191001121961859,TRUE,FALSE,"donor_fixed"
"RTN4RL2","D2_late_increasing","clean_D2",1,0.083879004718976,1.0005789440624,0.0526839162279395,TRUE,0.0938710848198731,TRUE,FALSE,"donor_fixed"
"PSME2","D2_late_increasing","clean_D2",1,3.72786543445525e-06,4.68496874600852,-0.0465150262686195,TRUE,8.38582204370416e-06,FALSE,FALSE,"donor_fixed"
"AKR1B1","D2_late_increasing","clean_D2",1,0.596578263719436,1.78668526988175,0.0149844630106451,TRUE,0.606892173647252,TRUE,FALSE,"donor_fixed"
"CYSTM1","D2_late_increasing","clean_D2",1,0.328032308076895,2.15899755854937,0.00440101074846372,TRUE,0.345655155918915,TRUE,FALSE,"donor_fixed"
"SNX3","D2_late_increasing","clean_D2",1,0.0513521590758937,4.04773561293208,-0.103699435292902,TRUE,0.0593096217426128,FALSE,FALSE,"donor_fixed"
"BCL7C","D2_late_increasing","clean_D2",1,0.0630056414743384,1.00087442335128,0.149007021067299,TRUE,0.0718045944631094,TRUE,FALSE,"donor_fixed"
"PODNL1","D2_late_increasing","clean_D2",1,0.00314784988279471,1.00000857554182,0.111811548719445,TRUE,0.00452351692668957,TRUE,TRUE,"donor_fixed"
"GALNT15","D2_late_increasing","clean_D2",1,1.51649552951882e-05,3.96123359644508,0.213149585461524,TRUE,3.11090275596706e-05,TRUE,TRUE,"donor_fixed"
"PPP1R14B","D2_late_increasing","clean_D2",1,0,4.80401523906493,-0.602978465655605,TRUE,0,FALSE,FALSE,"donor_fixed"
"HOXB7","D2_late_increasing","clean_D2",1,0.0951982409957858,4.15777002722045,-0.0815461607727428,TRUE,0.105796852319372,FALSE,FALSE,"donor_fixed"
"ADGRA2","D2_late_increasing","clean_D2",1,0.0147738439139085,2.96668783270824,0.21100457902209,TRUE,0.0189634414417333,TRUE,TRUE,"donor_fixed"
"NUCB2","D2_late_increasing","clean_D2",1,1.58393730337325e-06,4.5517642275138,0.0242786873298061,TRUE,3.77578231379807e-06,TRUE,TRUE,"donor_fixed"
"ANXA5","D2_late_increasing","clean_D2",1,0,4.77050663419321,-0.267371753860223,TRUE,0,FALSE,FALSE,"donor_fixed"
"ATP5J2","D2_late_increasing","clean_D2",1,0,4.82724206562473,-0.384522797021757,TRUE,0,FALSE,FALSE,"donor_fixed"
"CAPNS1","D2_late_increasing","clean_D2",1,0,4.66568202854125,-0.302328621560039,TRUE,0,FALSE,FALSE,"donor_fixed"
"ATP5G3","D2_late_increasing","clean_D2",1,2.08365714863823e-05,4.62684677284146,-0.187041569568222,TRUE,4.22781976801732e-05,FALSE,FALSE,"donor_fixed"
"MBOAT7","D2_late_increasing","clean_D2",1,0.588701663280901,1.00022816698218,0.0184529361861782,TRUE,0.599971248448539,TRUE,FALSE,"donor_fixed"
"WDR45","D2_late_increasing","clean_D2",1,0.73985821035481,1.00015953635288,-0.0156009292120147,TRUE,0.747885605042204,FALSE,FALSE,"donor_fixed"
"SLC35A4","D2_late_increasing","clean_D2",1,0.536068983899776,1.00241582097289,0.0228565686217115,TRUE,0.549839563302706,TRUE,FALSE,"donor_fixed"
"CSF1","D2_late_increasing","clean_D2",1,0.000971064009657852,2.73640233291171,0.0906642237903382,TRUE,0.00151204674484328,TRUE,TRUE,"donor_fixed"
"TES","D2_late_increasing","clean_D2",1,0.332636089177595,1.69388367343074,0.0379511010336975,TRUE,0.349846799342005,TRUE,FALSE,"donor_fixed"
"C11orf98","D2_late_increasing","clean_D2",1,0.285026465254562,1.80599071303881,-0.0906699062445779,TRUE,0.301475485482119,FALSE,FALSE,"donor_fixed"
"MRPS11","D2_late_increasing","none",1,0.464796916997184,1.0000038493859,-0.0295146741949305,TRUE,0.482491135750094,FALSE,FALSE,"donor_fixed"
"PDIA6","D2_late_increasing","clean_D2",1,0.120826697583344,1.00236712053408,0.101909561082455,TRUE,0.132956936907656,TRUE,FALSE,"donor_fixed"
"NDUFS7","D2_late_increasing","clean_D2",1,0.0584566752207095,4.15908661396569,-0.123991329968395,TRUE,0.0668931042955509,FALSE,FALSE,"donor_fixed"
"CMBL","D2_late_increasing","clean_D2",1,0.0118868232990144,2.48684369923717,0.0795715042587252,TRUE,0.0155614384640493,TRUE,TRUE,"donor_fixed"
"POP7","D2_late_increasing","clean_D2",1,0.0281548167160799,3.51301635690081,0.0297906472185269,TRUE,0.0341400055190643,TRUE,TRUE,"donor_fixed"
"POLE4","D2_late_increasing","clean_D2",1,0.332196321351327,2.13054169465072,-0.00794002422349638,TRUE,0.349713264850078,FALSE,FALSE,"donor_fixed"
"PREB","D2_late_increasing","clean_D2",1,0.0058844744270567,3.69223781103606,-0.068750980671597,TRUE,0.00816233549559477,FALSE,FALSE,"donor_fixed"
"MPC2","D2_late_increasing","clean_D2",1,0.0445694031106016,3.3219534553229,-0.108705751574443,TRUE,0.0521765368352383,FALSE,FALSE,"donor_fixed"
"MIEN1","D2_late_increasing","clean_D2",1,0.00968907147979636,3.79147543999287,-0.0880150166878454,TRUE,0.0129573946344645,FALSE,FALSE,"donor_fixed"
"CA12","D2_late_increasing","clean_D2",1,0.460443595492352,1.00021273971101,0.0380679302582195,TRUE,0.478861339312046,TRUE,FALSE,"donor_fixed"
"PDGFD","D2_late_increasing","clean_D2",1,0,4.84707798930985,0.818131857796256,TRUE,0,TRUE,TRUE,"donor_fixed"
"COX14","D2_late_increasing","clean_D2",1,0.321873354013288,1.0002032276837,0.0575542451270951,TRUE,0.339485292251751,TRUE,FALSE,"donor_fixed"
"MINOS1","D2_late_increasing","clean_D2",1,0.000133991396364941,4.62623583283204,-0.123186658740867,TRUE,0.00023665463054661,FALSE,FALSE,"donor_fixed"
"NTMT1","D2_late_increasing","clean_D2",1,0.900212924517917,1.00007809135946,0.00552410795320249,TRUE,0.902635022072674,TRUE,FALSE,"donor_fixed"
"MAPK6","D2_late_increasing","clean_D2",1,0.000100224575824537,3.93535564775965,0.228386705251488,TRUE,0.00018131242034277,TRUE,TRUE,"donor_fixed"
"FAM20A","D2_late_increasing","clean_D2",1,0.000215268124152401,3.59887330227339,0.134102986829541,TRUE,0.000371977995057781,TRUE,TRUE,"donor_fixed"
"GAPDH","D2_late_increasing","clean_D2",1,0,4.89497228291856,-0.562701784970071,TRUE,0,FALSE,FALSE,"donor_fixed"
"GADD45GIP1","D2_late_increasing","clean_D2",1,0.000793441863193189,4.47840347102788,-0.162911585292917,TRUE,0.00125292090826269,FALSE,FALSE,"donor_fixed"
"FIS1","D2_late_increasing","clean_D2",1,0,4.86490193696531,-0.268440634377175,TRUE,0,FALSE,FALSE,"donor_fixed"
"ASNA1","D2_late_increasing","clean_D2",1,0.0485371185621899,3.82293088323765,0.016040145170671,TRUE,0.0565255193255503,TRUE,FALSE,"donor_fixed"
"MAPKAPK2","D2_late_increasing","clean_D2",1,0.121736677798911,1.44010344313433,0.0964411748827875,TRUE,0.133826554355145,TRUE,FALSE,"donor_fixed"
"PCNXL3","D2_late_increasing","clean_D2",1,0.0380527924567062,1.00002888859109,0.0701603904069408,TRUE,0.0450190708641243,TRUE,TRUE,"donor_fixed"
"KLF7","D2_late_increasing","clean_D2",1,0,4.76161607840494,0.315897264880499,TRUE,0,TRUE,TRUE,"donor_fixed"
"MEA1","D2_late_increasing","clean_D2",1,0.810752029895653,1.00063684559415,0.0145348413558971,TRUE,0.815860278508857,TRUE,FALSE,"donor_fixed"
"TMEM98","D2_late_increasing","clean_D2",1,0.00781764016706765,4.54851508132415,-0.13894529219166,TRUE,0.0106327514681042,FALSE,FALSE,"donor_fixed"
"DCTN1","D2_late_increasing","clean_D2",1,0.0555890131220371,3.20492069454968,0.024346748310715,TRUE,0.0638730901032245,TRUE,FALSE,"donor_fixed"
"APOL1","D2_late_increasing","clean_D2",1,0.0325311163351984,4.01155978774454,-0.0128464205494608,TRUE,0.0389815520501091,FALSE,FALSE,"donor_fixed"
"SMPD1","D2_late_increasing","clean_D2",1,0.173332578678008,3.30574570292599,-0.0149897660748839,TRUE,0.187959091136773,FALSE,FALSE,"donor_fixed"
"MRPL55","D2_late_increasing","none",1,0.0181407920997002,3.53220745617179,-0.0106657750423977,TRUE,0.0230208916770316,FALSE,FALSE,"donor_fixed"
"RPN1","D2_late_increasing","clean_D2",1,0.0005408130313721,1.00022051141895,0.258593725484355,TRUE,0.000877545673547182,TRUE,TRUE,"donor_fixed"
"FRZB","D2_late_increasing","clean_D2",1,0.354205995558821,2.00457989619909,0.0202319693948739,TRUE,0.371484336805593,TRUE,FALSE,"donor_fixed"
"CLIP1","D2_late_increasing","clean_D2",1,0,4.77754549168528,0.523593956716141,TRUE,0,TRUE,TRUE,"donor_fixed"
"TMEM263","D2_late_increasing","clean_D2",1,0.516568783009094,1.77905952943101,0.0169051254653777,TRUE,0.532771124911593,TRUE,FALSE,"donor_fixed"
"CYC1","D2_late_increasing","clean_D2",1,0.0106621778302449,1.00022259492092,0.167740213216738,TRUE,0.0141571434848145,TRUE,TRUE,"donor_fixed"
"DGCR6L","D2_late_increasing","clean_D2",1,0.457183494869351,1.00007494094491,-0.0426704539901464,TRUE,0.476357080395092,FALSE,FALSE,"donor_fixed"
"R3HDM4","D2_late_increasing","clean_D2",1,0.123006546632278,3.21655421770961,0.0155908846278262,TRUE,0.135089704454703,TRUE,FALSE,"donor_fixed"
"LSM7","D2_late_increasing","clean_D2",1,0.000573111631806345,4.46031144028823,-0.201333253197089,TRUE,0.000925923127687129,FALSE,FALSE,"donor_fixed"
"CARM1","D2_late_increasing","clean_D2",1,0.00198093003538058,1.000022343927,0.14036425734311,TRUE,0.00296080184432552,TRUE,TRUE,"donor_fixed"
"KCTD12","D2_late_increasing","clean_D2",1,0,4.64672310624025,-0.0255094923081662,TRUE,0,FALSE,FALSE,"donor_fixed"
"SLC25A5","D2_late_increasing","clean_D2",1,0.501629998790109,1.00064312161419,0.0440012395088162,TRUE,0.518320091171296,TRUE,FALSE,"donor_fixed"
"CHMP1A","D2_late_increasing","clean_D2",1,0.0209966117447242,2.74867996022734,0.0791318189775671,TRUE,0.0261988972439751,TRUE,TRUE,"donor_fixed"
"ABHD17A","D2_late_increasing","clean_D2",1,0.621496780352797,1.0000335110949,-0.0250142537943782,TRUE,0.630520327072983,FALSE,FALSE,"donor_fixed"
"COX7A1","D2_late_increasing","clean_D2",1,0,4.79700745516853,-0.348985440408624,TRUE,0,FALSE,FALSE,"donor_fixed"
"TIAM2","D2_late_increasing","clean_D2",1,0,4.9230671363254,0.659918769680659,TRUE,0,TRUE,TRUE,"donor_fixed"
"AURKAIP1","D2_late_increasing","clean_D2",1,0.00138363120826834,4.38178483612187,-0.0726099795127269,TRUE,0.00210462542971974,FALSE,FALSE,"donor_fixed"
"SLC31A1","D2_late_increasing","clean_D2",1,0.0215651202329278,1.00018620019468,0.087357998656948,TRUE,0.026788671578237,TRUE,TRUE,"donor_fixed"
"ARFGAP3","D2_late_increasing","clean_D2",1,4.41467252491057e-05,4.29305534686914,0.302005978197686,TRUE,8.36543030991528e-05,TRUE,TRUE,"donor_fixed"
"NME3","D2_late_increasing","clean_D2",1,0.56914690762333,1.00268591649322,0.0408400331487876,TRUE,0.581632763000807,TRUE,FALSE,"donor_fixed"
"MRPL41","D2_late_increasing","none",1,0.000105987209050418,4.57658736840649,-0.149094719014973,TRUE,0.000191118870513495,FALSE,FALSE,"donor_fixed"
"UFC1","D2_late_increasing","clean_D2",1,0.0216433481495525,4.26440158460182,-0.1925301387734,TRUE,0.0268560080257488,FALSE,FALSE,"donor_fixed"
"NDUFA2","D2_late_increasing","clean_D2",1,0.000123091248535934,4.72942298997495,-0.206674134136845,TRUE,0.000219133783221614,FALSE,FALSE,"donor_fixed"
"FSCN1","D2_late_increasing","clean_D2",1,0.000300850471033842,2.78324814014746,0.167582028502257,TRUE,0.000508851477482353,TRUE,TRUE,"donor_fixed"
"DLG1","D2_late_increasing","clean_D2",1,0,4.93845997255023,0.727818235682992,TRUE,0,TRUE,TRUE,"donor_fixed"
"PCED1A","D2_late_increasing","clean_D2",1,0.033947111766357,1.76556449496031,0.0750680187982443,TRUE,0.0405479390542598,TRUE,TRUE,"donor_fixed"
"BLOC1S1","D2_late_increasing","clean_D2",1,0.0123924953233797,4.33962459886188,-0.113194445741217,TRUE,0.0161102439203936,FALSE,FALSE,"donor_fixed"
"COL8A2","D2_late_increasing","clean_D2",1,0.000199777636824661,3.45329399903666,0.166023349810637,TRUE,0.000346818940947159,TRUE,TRUE,"donor_fixed"
"LZTS1","D2_late_increasing","clean_D2",1,0.0214544903051498,3.86838404158833,0.0112465401321152,TRUE,0.0266808900569049,TRUE,TRUE,"donor_fixed"
"LSP1","D2_late_increasing","clean_D2",1,4.74245580139865e-07,4.60868979797199,-0.347605322879357,TRUE,1.21886565194568e-06,FALSE,FALSE,"donor_fixed"
"KIF1C","D2_late_increasing","clean_D2",1,0.873336639524606,1.09033561246775,-0.0124575351509706,TRUE,0.877259984715642,FALSE,FALSE,"donor_fixed"
"CMTM3","D2_late_increasing","clean_D2",1,0.0088876448910033,1.00023710386286,0.127116978802566,TRUE,0.0119715505881225,TRUE,TRUE,"donor_fixed"
"WDR46","D2_late_increasing","clean_D2",1,0.0345839036984122,1.00006672049335,0.0928198321410415,TRUE,0.0412644656721717,TRUE,TRUE,"donor_fixed"
"EFHD2","D2_late_increasing","clean_D2",1,0.0266862632725752,4.00771451937727,-0.020212777246882,TRUE,0.0325357059310132,FALSE,FALSE,"donor_fixed"
"MGP","D2_late_increasing","clean_D2",1,0,4.84165595070521,-0.404001208764849,TRUE,0,FALSE,FALSE,"donor_fixed"
"XPOT","D2_late_increasing","clean_D2",1,0.0189455585621907,1.13925073011045,0.0833597401830205,TRUE,0.023933485279694,TRUE,TRUE,"donor_fixed"
"PKIG","D2_late_increasing","clean_D2",1,0.755866139403964,1.43346904551446,0.017886702107442,TRUE,0.763377004384491,TRUE,FALSE,"donor_fixed"
"BCL3","D2_late_increasing","clean_D2",1,0.000110860663926404,4.24776736987202,-0.0109660834260462,TRUE,0.000199264022941672,FALSE,FALSE,"donor_fixed"
"ARHGDIA","D2_late_increasing","clean_D2",1,6.53032730052461e-05,4.29907974745764,-0.222417614401212,TRUE,0.000120476995412319,FALSE,FALSE,"donor_fixed"
"ZNF428","D2_late_increasing","clean_D2",1,0.000523907870833118,4.40119635144416,-0.0593925811633151,TRUE,0.000851350290103817,FALSE,FALSE,"donor_fixed"
"LOXL2","D2_late_increasing","clean_D2",1,0.0236877930178329,2.83176712125629,0.114949798272462,TRUE,0.0291984041829516,TRUE,TRUE,"donor_fixed"
"UQCR10","D2_late_increasing","clean_D2",1,0,4.71201394684007,-0.338935612865034,TRUE,0,FALSE,FALSE,"donor_fixed"
"RAB7B","D2_late_increasing","clean_D2",1,0.0225418599043223,1.00002003216897,0.0748823032120808,TRUE,0.0278472921248976,TRUE,TRUE,"donor_fixed"
"RABAC1","D2_late_increasing","clean_D2",1,0,4.84420538495091,-0.429587137118762,TRUE,0,FALSE,FALSE,"donor_fixed"
"DPM3","D2_late_increasing","clean_D2",1,6.30455119998707e-07,4.5297362162938,-0.0269183127248626,TRUE,1.6019291458149e-06,FALSE,FALSE,"donor_fixed"
"CSTB","D2_late_increasing","clean_D2",1,8.52965071024281e-06,4.347883900633,-0.175607536492682,TRUE,1.84809098721928e-05,FALSE,FALSE,"donor_fixed"
"TMUB1","D2_late_increasing","clean_D2",1,0.0102388899279078,1.00014720673179,0.0983288157701907,TRUE,0.0136437174486304,TRUE,TRUE,"donor_fixed"
"PSMB9","D2_late_increasing","clean_D2",1,0.00288709812951926,4.58274268051505,-0.0721240629233527,TRUE,0.00418647951855063,FALSE,FALSE,"donor_fixed"
"AP1S1","D2_late_increasing","clean_D2",1,0.117871565804212,1.00050575432249,0.0427606542758083,TRUE,0.129960957168746,TRUE,FALSE,"donor_fixed"
"MYL6","D2_late_increasing","clean_D2",1,0,4.92811422585301,-1.10911504284458,TRUE,0,FALSE,FALSE,"donor_fixed"
"LIMK1","D2_late_increasing","clean_D2",1,0.000318976994471254,1.5892349613941,0.146192176528017,TRUE,0.000536265082434379,TRUE,TRUE,"donor_fixed"
"GBP2","D2_late_increasing","clean_D2",1,0.219989631333457,1.80862911154748,0.0449355663926926,TRUE,0.235582766121461,TRUE,FALSE,"donor_fixed"
"AMPD2","D2_late_increasing","clean_D2",1,0.0188160670584656,2.81493843853271,0.102951252377758,TRUE,0.0237967906915888,TRUE,TRUE,"donor_fixed"
"BEST1","D2_late_increasing","clean_D2",1,0.202604501143199,1.0000961458541,0.0382595004023518,TRUE,0.218219491597396,TRUE,FALSE,"donor_fixed"
"CUEDC2","D2_late_increasing","clean_D2",1,0.494014739312213,1.00091565745349,0.0382237695158844,TRUE,0.511870693745184,TRUE,FALSE,"donor_fixed"
"ILF2","D2_late_increasing","clean_D2",1,0.134239590825673,1.00001340733897,0.0764131774728502,TRUE,0.146993009346819,TRUE,FALSE,"donor_fixed"
"TUBA1B","D2_late_increasing","clean_D2",1,0,4.77517669555748,-0.154671194831176,TRUE,0,FALSE,FALSE,"donor_fixed"
"SAC3D1","D2_late_increasing","clean_D2",1,0.0192606280111672,1.00046452517096,0.0818994894700072,TRUE,0.0243040430208633,TRUE,TRUE,"donor_fixed"
"GDI2","D2_late_increasing","clean_D2",1,0.0568643018550821,1.34717353197726,0.132369099799378,TRUE,0.0652043994604941,TRUE,FALSE,"donor_fixed"
"DCTD","D2_late_increasing","clean_D2",1,0.298247833041976,1.00012186867893,0.0514822058424776,TRUE,0.315161698809952,TRUE,FALSE,"donor_fixed"
"FAM127A","D2_late_increasing","clean_D2",1,3.616751667046e-07,4.69746951593775,-0.334114381589339,TRUE,9.46962146079024e-07,FALSE,FALSE,"donor_fixed"
"RPN2","D2_late_increasing","clean_D2",1,0.169613512587368,1.87075155054814,0.110221945910586,TRUE,0.184283680342738,TRUE,FALSE,"donor_fixed"
"ATP5E","D2_late_increasing","clean_D2",1,0,4.92054747664864,-0.732717978026646,TRUE,0,FALSE,FALSE,"donor_fixed"
"CDC42EP1","D2_late_increasing","clean_D2",1,0.00488258742831527,4.07194447126632,-0.0914710342069243,TRUE,0.00682341593107058,FALSE,FALSE,"donor_fixed"
"PUF60","D2_late_increasing","clean_D2",1,0.265174033268736,2.48947374650503,0.0402254647950848,TRUE,0.281275682347672,TRUE,FALSE,"donor_fixed"
"INPPL1","D2_late_increasing","clean_D2",1,0.0206790311404561,2.06570037687425,0.107584339600377,TRUE,0.0258603543792281,TRUE,TRUE,"donor_fixed"
"MYL6B","D2_late_increasing","clean_D2",1,0.793067570188693,1.38236400209473,0.018906146622972,TRUE,0.798783372496359,TRUE,FALSE,"donor_fixed"
"PKN1","D2_late_increasing","clean_D2",1,0.0203377404607409,1.0000862720619,0.10682001156562,TRUE,0.025462031170334,TRUE,TRUE,"donor_fixed"
"LTBP2","D2_late_increasing","clean_D2",1,0.00709136330167703,1.00005326855446,0.108672151988622,TRUE,0.00965669204783791,TRUE,TRUE,"donor_fixed"
"COL15A1","D2_late_increasing","clean_D2",1,0,3.99550022963648,0.15841230307381,TRUE,0,TRUE,TRUE,"donor_fixed"
"NOP10","D2_late_increasing","clean_D2",1,1.31073670862625e-05,4.67272516801169,-0.242951532180151,TRUE,2.72887083844347e-05,FALSE,FALSE,"donor_fixed"
"RAB11FIP5","D2_late_increasing","clean_D2",1,0.000143001600410197,1.08664921589777,0.170019969322277,TRUE,0.000251772896470237,TRUE,TRUE,"donor_fixed"
"OXLD1","D2_late_increasing","clean_D2",1,0.0423893857257017,1.00022235186858,0.0661964659098978,TRUE,0.0497285763287875,TRUE,TRUE,"donor_fixed"
"DNM3OS","D2_late_increasing","clean_D2",1,0.185804018961971,1.63570015921291,0.0502549684452007,TRUE,0.200510514671316,TRUE,FALSE,"donor_fixed"
"LRRC75A","D2_late_increasing","clean_D2",1,0.0319681476335568,2.48329909067551,0.116374765976544,TRUE,0.038389247104529,TRUE,TRUE,"donor_fixed"
"XXYLT1","D2_late_increasing","clean_D2",1,0.00655944047499019,1.77487468405237,0.11992306884658,TRUE,0.00903134784610718,TRUE,TRUE,"donor_fixed"
"GCN1","D2_late_increasing","clean_D2",1,0.0260605938107842,2.76756890315855,0.116497119308752,TRUE,0.0318771814884647,TRUE,TRUE,"donor_fixed"
"FAAP100","D2_late_increasing","clean_D2",1,0.0312406871764948,1.72385567828036,0.0731335222020144,TRUE,0.0375964351596568,TRUE,TRUE,"donor_fixed"
"PTGDS","D2_late_increasing","clean_D2",1,0,4.42240001594001,0.403727691964838,TRUE,0,TRUE,TRUE,"donor_fixed"
"CCL27","D2_late_increasing","clean_D2",1,0.0420927757930505,1.00076442399521,-0.137335106085148,TRUE,0.0494324824964606,FALSE,FALSE,"donor_fixed"
"CAPG","D2_late_increasing","clean_D2",1,0.00515053656397435,3.13286511954914,0.0988044089102852,TRUE,0.00718888873723261,TRUE,TRUE,"donor_fixed"
"MYC","D2_late_increasing","clean_D2",1,0.203381094929424,3.25372525205551,-0.0290219177037527,TRUE,0.218845105034741,FALSE,FALSE,"donor_fixed"
"MDFI","D2_late_increasing","clean_D2",1,0.000259935549509038,4.48119080783153,-0.227012454146544,TRUE,0.000444354654971108,FALSE,FALSE,"donor_fixed"
"B4GALT7","D2_late_increasing","clean_D2",1,0.0360113405972763,3.07650551158748,0.0192260862010204,TRUE,0.0427395740846655,TRUE,TRUE,"donor_fixed"
"PSMD8","D2_late_increasing","clean_D2",1,0.00433548764057784,4.42547540015972,-0.143107551247242,TRUE,0.00613553820527345,FALSE,FALSE,"donor_fixed"
"IMP4","D2_late_increasing","clean_D2",1,0.219468233918377,1.00004495043837,0.0487967063877179,TRUE,0.235249746424492,TRUE,FALSE,"donor_fixed"
"APRT","D2_late_increasing","clean_D2",1,6.38369918315451e-07,4.7691292875899,-0.269577639421168,TRUE,1.61836183373396e-06,FALSE,FALSE,"donor_fixed"
"PTGES2","D2_late_increasing","clean_D2",1,0.101554247546488,1.00002675210815,0.0692941795163287,TRUE,0.11252492443704,TRUE,FALSE,"donor_fixed"
"SLC35E1","D2_late_increasing","clean_D2",1,0.353362603155223,1.00020650349916,0.0413050368418604,TRUE,0.370947784345108,TRUE,FALSE,"donor_fixed"
"ANO1","D2_late_increasing","clean_D2",1,0.0026021442012879,1.00016504313369,0.101245012559712,TRUE,0.00380287217913709,TRUE,TRUE,"donor_fixed"
"SEC61B","D2_late_increasing","clean_D2",1,0,4.72013190811937,-0.0789170110008723,TRUE,0,FALSE,FALSE,"donor_fixed"
"TTC3","D2_late_increasing","clean_D2",1,9.32605234832407e-06,4.30752149186012,0.439277579386416,TRUE,2.0012526920204e-05,TRUE,TRUE,"donor_fixed"
"POLR2G","D2_late_increasing","clean_D2",1,0.143454296342087,3.10510356854131,0.0284401722469988,TRUE,0.156776054066914,TRUE,FALSE,"donor_fixed"
"TIMM13","D2_late_increasing","clean_D2",1,0.0232880913755721,4.38754580037953,-0.130657875770217,TRUE,0.0287374019402755,FALSE,FALSE,"donor_fixed"
"TMED2","D2_late_increasing","clean_D2",1,0.0632810016783304,1.00052254192267,0.108702254556839,TRUE,0.0720449693242091,TRUE,FALSE,"donor_fixed"
"MMP14","D2_late_increasing","clean_D2",1,0.0349006769310509,1.96683618344652,0.112271287599106,TRUE,0.0415095285201222,TRUE,TRUE,"donor_fixed"
"UBA1","D2_late_increasing","clean_D2",1,0.507319829790609,1.39682032122274,0.0516028270133663,TRUE,0.523715207484673,TRUE,FALSE,"donor_fixed"
"APLNR","D2_late_increasing","clean_D2",1,0.165978995541378,2.33293243149065,0.0326378540418279,TRUE,0.180510230559592,TRUE,FALSE,"donor_fixed"
"DGKZ","D2_late_increasing","clean_D2",1,0.00668926046832113,1.00063874839164,0.0793994182751807,TRUE,0.00916494265144979,TRUE,TRUE,"donor_fixed"
"ELN","D2_late_increasing","clean_D2",1,7.14882613656043e-06,3.63973050721038,0.381557276959076,TRUE,1.55797029642779e-05,TRUE,TRUE,"donor_fixed"
"PRELID1","D2_late_increasing","clean_D2",1,0.000217814262633897,4.65676635655245,-0.171278389733744,TRUE,0.000375796829667743,FALSE,FALSE,"donor_fixed"
"SIRT2","D2_late_increasing","clean_D2",1,0.000278465564439667,1.00000382251292,0.149417918718255,TRUE,0.00047313753957986,TRUE,TRUE,"donor_fixed"
"IL32","D2_late_increasing","clean_D2",1,2.84856593177341e-05,3.37891339071439,0.087627717048222,TRUE,5.61674905065726e-05,TRUE,TRUE,"donor_fixed"
"CHRD","D2_late_increasing","clean_D2",1,3.22203412106425e-05,1.00008362665708,0.190644974339347,TRUE,6.247180653166e-05,TRUE,TRUE,"donor_fixed"
"BAX","D2_late_increasing","clean_D2",1,0.0062032193451842,1.00008696965884,0.0961474016340603,TRUE,0.00856197435545177,TRUE,TRUE,"donor_fixed"
"PLEKHO1","D2_late_increasing","clean_D2",1,0.475491337627065,1.00001455842403,0.0294398719328619,TRUE,0.49313480098985,TRUE,FALSE,"donor_fixed"
"TSPAN4","D2_late_increasing","clean_D2",1,0,4.33778616116723,-0.0717040264587582,TRUE,0,FALSE,FALSE,"donor_fixed"
"TCEB2","D2_late_increasing","clean_D2",1,0,4.86978161469268,-0.571979545939869,TRUE,0,FALSE,FALSE,"donor_fixed"
"ATP8B2","D2_late_increasing","clean_D2",1,0.00534634003525597,1.00162691347792,0.136182271176662,TRUE,0.00745287800425957,TRUE,TRUE,"donor_fixed"
"ATP6V0E1","D2_late_increasing","clean_D2",1,0,4.56623608114407,-0.21741085081541,TRUE,0,FALSE,FALSE,"donor_fixed"
"SPOP","D2_late_increasing","clean_D2",1,0.0861690305116866,1.00023950985094,0.102130954932797,TRUE,0.0962407353766889,TRUE,FALSE,"donor_fixed"
"DUSP23","D2_late_increasing","clean_D2",1,0.0550405914130848,2.57728086279365,1.32074620781547e-05,TRUE,0.0633732041192882,TRUE,FALSE,"donor_fixed"
"CCND2","D2_late_increasing","clean_D2",1,0.0397889627272659,1.00009496875467,0.0804676796480724,TRUE,0.0469241142711849,TRUE,TRUE,"donor_fixed"
"SLC3A2","D2_late_increasing","clean_D2",1,0.000566501793449081,3.85440630455237,-0.0302782342389371,TRUE,0.000916568748301118,FALSE,FALSE,"donor_fixed"
"TMEM205","D2_late_increasing","clean_D2",1,6.03137512605878e-06,3.21061396820196,0.0914735494458746,TRUE,1.32217203743798e-05,TRUE,TRUE,"donor_fixed"
"COMMD7","D2_late_increasing","clean_D2",1,0.278744944593226,1.00016385996724,0.0380393215392886,TRUE,0.29511065156745,TRUE,FALSE,"donor_fixed"
"UBTD1","D2_late_increasing","clean_D2",1,0.0971422977610949,1.00003273437084,0.0697514293748376,TRUE,0.107850137931384,TRUE,FALSE,"donor_fixed"
"SPNS1","D2_late_increasing","clean_D2",1,0.036515933845816,1.00053730415849,0.100671055146999,TRUE,0.0432924857260046,TRUE,TRUE,"donor_fixed"
"MRGPRF","D2_late_increasing","clean_D2",1,0.00247470080063028,3.5658797015851,0.065058484329208,TRUE,0.0036356313996119,TRUE,TRUE,"donor_fixed"
"PIGP","D2_late_increasing","clean_D2",1,0.925249434252028,1.00006304664073,-0.00305004614022807,TRUE,0.926907587360007,FALSE,FALSE,"donor_fixed"
"DDT","D2_late_increasing","clean_D2",1,2.7697359636758e-05,4.48139208934578,-0.266929368608946,TRUE,5.48064567679566e-05,FALSE,FALSE,"donor_fixed"
"CPNE1","D2_late_increasing","clean_D2",1,0.0004224752314132,3.84091318185321,0.055940720908937,TRUE,0.000694598983411702,TRUE,TRUE,"donor_fixed"
"TSPAN9","D2_late_increasing","clean_D2",1,0.00204276735644132,3.98391285682318,0.292358448642329,TRUE,0.0030410304986703,TRUE,TRUE,"donor_fixed"
"NDUFA13","D2_late_increasing","clean_D2",1,0,4.8939723413969,-0.416007515038122,TRUE,0,FALSE,FALSE,"donor_fixed"
"PTPN14","D2_late_increasing","clean_D2",1,1.56106405824197e-06,4.61604718113306,0.305696888836447,TRUE,3.73719404093045e-06,TRUE,TRUE,"donor_fixed"
"MXD4","D2_late_increasing","clean_D2",1,0.00125704009294425,3.61009353483816,0.119958855297205,TRUE,0.00192780634281437,TRUE,TRUE,"donor_fixed"
"PPP2R1A","D2_late_increasing","clean_D2",1,0.0769591411754638,1.0004860236003,0.126198016958686,TRUE,0.0867341933812183,TRUE,FALSE,"donor_fixed"
"ACAN","D2_late_increasing","clean_D2",1,0.00174408061646902,2.14178773563999,0.154679413052773,TRUE,0.00262433664766133,TRUE,TRUE,"donor_fixed"
"STARD10","D2_late_increasing","clean_D2",1,0.0801681181298681,2.42253280353572,0.0645131682814869,TRUE,0.0901689698885237,TRUE,FALSE,"donor_fixed"
"TCEAL8","D2_late_increasing","clean_D2",1,0.000507933979548514,4.35523621515497,-0.0919784106842507,TRUE,0.000830219574759121,FALSE,FALSE,"donor_fixed"
"NUDT22","D2_late_increasing","clean_D2",1,0.0835047136830739,1.00014234422385,0.0577526815832819,TRUE,0.0937332027085107,TRUE,FALSE,"donor_fixed"
"TACSTD2","D2_late_increasing","clean_D2",1,0.157412763637227,1.00006376481876,0.074041544348119,TRUE,0.171360730035462,TRUE,FALSE,"donor_fixed"
"CD248","D2_late_increasing","clean_D2",1,0,4.70043973949986,-0.132326874477865,TRUE,0,FALSE,FALSE,"donor_fixed"
"GOLGA2","D2_late_increasing","clean_D2",1,3.29347671473856e-06,3.76741213338184,0.394601158126696,TRUE,7.46877680948826e-06,TRUE,TRUE,"donor_fixed"
"HSD3B7","D2_late_increasing","clean_D2",1,0.0702388430468858,2.82160158156211,0.0340333453118266,TRUE,0.0793202288145639,TRUE,FALSE,"donor_fixed"
"TAX1BP3","D2_late_increasing","clean_D2",1,1.81990451689207e-05,4.67351390092273,-0.188176372850625,TRUE,3.71287089395134e-05,FALSE,FALSE,"donor_fixed"
"GLRX","D2_late_increasing","clean_D2",1,0.00140043139968965,1.2898704058262,0.146419697174284,TRUE,0.00212152073828324,TRUE,TRUE,"donor_fixed"
"FAM96B","D2_late_increasing","clean_D2",1,0.008531939157844,4.43322437315727,-0.115203585849393,TRUE,0.0115201787179585,FALSE,FALSE,"donor_fixed"
"CYP1B1","D2_late_increasing","clean_D2",1,1.30471145107225e-05,4.35888584629774,0.0621859266448606,TRUE,2.72139440727383e-05,TRUE,TRUE,"donor_fixed"
"LTBR","D2_late_increasing","clean_D2",1,0.0128492512329173,2.58608779807954,0.108277393117394,TRUE,0.0166652701605586,TRUE,TRUE,"donor_fixed"
"SERPINB6","D2_late_increasing","clean_D2",1,0.51978282126299,1.1723586697412,0.0410452890022946,TRUE,0.534947306974384,TRUE,FALSE,"donor_fixed"
"MFSD12","D2_late_increasing","clean_D2",1,0.104551981288882,1.48164447846987,0.066720079884597,TRUE,0.115731797109871,TRUE,FALSE,"donor_fixed"
"FKBP1A","D2_late_increasing","clean_D2",1,6.19340083279907e-06,4.70356656048194,-0.121699529674895,TRUE,1.35503368514077e-05,FALSE,FALSE,"donor_fixed"
"NCLN","D2_late_increasing","clean_D2",1,0.0450047363964762,1.00028534022075,0.0782816028539592,TRUE,0.0526310620201468,TRUE,FALSE,"donor_fixed"
"NTM","D2_late_increasing","clean_D2",1,0.000262601359656389,2.18187540697568,0.172496031743343,TRUE,0.000448226442894417,TRUE,TRUE,"donor_fixed"
"FAM173A","D2_late_increasing","clean_D2",1,0.0578021110976782,1.00010598055819,0.0808344694472649,TRUE,0.0662118444745945,TRUE,FALSE,"donor_fixed"
"TMEM141","D2_late_increasing","clean_D2",1,0.00538648584163948,4.32432605695839,-0.0975362532541651,TRUE,0.00749949087291773,FALSE,FALSE,"donor_fixed"
"RNF181","D2_late_increasing","clean_D2",1,0.000709396060493306,4.61341231007482,-0.222705379952395,TRUE,0.0011249713413213,FALSE,FALSE,"donor_fixed"
"FBLN2","D2_late_increasing","clean_D2",1,0,3.30278328510787,0.557907219230549,TRUE,0,TRUE,TRUE,"donor_fixed"
"CTD-3214H19.16","D2_late_increasing","clean_D2",1,0,4.75341282638879,-0.107717368274102,TRUE,0,FALSE,FALSE,"donor_fixed"
"ARHGAP22","D2_late_increasing","clean_D2",1,0.0177310816179096,1.00019014253661,0.0861883204667347,TRUE,0.0225521606926314,TRUE,TRUE,"donor_fixed"
"MRPL3","D2_late_increasing","none",1,0.21746415081476,2.2947575946699,-0.00736263477292397,TRUE,0.233549395399521,FALSE,FALSE,"donor_fixed"
"YIPF5","D2_late_increasing","clean_D2",1,0.0472097807440514,1.0001977519424,0.107469150132516,TRUE,0.0550370540895197,TRUE,FALSE,"donor_fixed"
"APOBEC3C","D2_late_increasing","clean_D2",1,0.0354942436766454,3.39060596347028,0.00992085451270755,TRUE,0.042170631700839,TRUE,TRUE,"donor_fixed"
"PSMB3","D2_late_increasing","clean_D2",1,0.00912886103656124,3.73716228139664,-0.0170272604780226,TRUE,0.0122669070178792,FALSE,FALSE,"donor_fixed"
"C1orf54","D2_late_increasing","clean_D2",1,0.113646362296767,2.2439777154414,0.0525870104841922,TRUE,0.125550032655914,TRUE,FALSE,"donor_fixed"
"FAM57A","D2_late_increasing","clean_D2",1,0.0148721802981061,1.00002063654103,0.0850889414676115,TRUE,0.0190268196351599,TRUE,TRUE,"donor_fixed"
"NUDT2","D2_late_increasing","clean_D2",1,0.118139495775398,3.82882047604443,-0.0500642359158357,TRUE,0.130128035740783,FALSE,FALSE,"donor_fixed"
"AP2M1","D2_late_increasing","clean_D2",1,1.49466437038837e-05,4.49565379377857,-0.122042370259079,TRUE,3.0774120922545e-05,FALSE,FALSE,"donor_fixed"
"MYO18A","D2_late_increasing","clean_D2",1,2.15331387681816e-06,4.36093919458212,0.315432253237694,TRUE,5.02589752459855e-06,TRUE,TRUE,"donor_fixed"
"TOMM5","D2_late_increasing","clean_D2",1,0.0109138451843157,4.03968314417866,-0.0654353542540344,TRUE,0.0144398567054022,FALSE,FALSE,"donor_fixed"
"C1orf216","D2_late_increasing","clean_D2",1,0.594476217091859,1.868637799681,0.00759360591341128,TRUE,0.605304563486975,TRUE,FALSE,"donor_fixed"
"ELOVL1","D2_late_increasing","clean_D2",1,0.315905545525754,1.00008677203687,0.0426805665570572,TRUE,0.333505571197161,TRUE,FALSE,"donor_fixed"
"MMP24-AS1","D2_late_increasing","clean_D2",1,0.0276455612297116,1.00138959020889,0.14528004879593,TRUE,0.0335588897446445,TRUE,TRUE,"donor_fixed"
"CCDC85B","D2_late_increasing","clean_D2",1,1.2403739276079e-05,4.57848261575168,-0.25863887314431,TRUE,2.61155941820269e-05,FALSE,FALSE,"donor_fixed"
"COX5A","D2_late_increasing","clean_D2",1,0.000121233297125989,4.16251866452802,0.0451838093145682,TRUE,0.000216170376693549,TRUE,TRUE,"donor_fixed"
"GTF2H5","D2_late_increasing","clean_D2",1,0.114882271731143,2.25224609336311,0.0862749492863911,TRUE,0.126790108386395,TRUE,FALSE,"donor_fixed"
"RALA","D2_late_increasing","clean_D2",1,0.0112283867988036,2.70063657336066,0.148865642082109,TRUE,0.0148209403082201,TRUE,TRUE,"donor_fixed"
"CTSD","D2_late_increasing","clean_D2",1,0,4.22507805127861,0.00201600106309152,TRUE,0,TRUE,TRUE,"donor_fixed"
"FAM210B","D2_late_increasing","clean_D2",1,0.0493982941757555,1.00020237195833,0.0723562168177975,TRUE,0.0574088283664185,TRUE,FALSE,"donor_fixed"
"YKT6","D2_late_increasing","clean_D2",1,0.00145597820178556,3.46157967825897,0.0339707326847399,TRUE,0.00219673904129049,TRUE,TRUE,"donor_fixed"
"RP11-492E3.51","D2_late_increasing","clean_D2",1,0.000661443308596521,1.00341804241373,0.189957480201149,TRUE,0.00105944644557437,TRUE,TRUE,"donor_fixed"
"SEPW1","D2_late_increasing","clean_D2",1,0,4.73558052282599,-0.209296234610918,TRUE,0,FALSE,FALSE,"donor_fixed"
"PTPRD","D2_late_increasing","clean_D2",1,0,4.92765494421197,0.57731417810095,TRUE,0,TRUE,TRUE,"donor_fixed"
"USP11","D2_late_increasing","clean_D2",1,0.0366850344410137,1.000203329296,0.113668999189089,TRUE,0.0434468946028107,TRUE,TRUE,"donor_fixed"
"IFNGR2","D2_late_increasing","clean_D2",1,0.0148553262996161,1.00115507627205,0.129388181540388,TRUE,0.0190268196351599,TRUE,TRUE,"donor_fixed"
"SLC52A2","D2_late_increasing","clean_D2",1,0.0106784902770534,1.00007056170187,0.0992206382199798,TRUE,0.0141619835465548,TRUE,TRUE,"donor_fixed"
"CFH","D2_late_increasing","clean_D2",1,0,4.55831613964643,0.202364551812523,TRUE,0,TRUE,TRUE,"donor_fixed"
"PRKAR2A","D2_late_increasing","clean_D2",1,0.000113804343775892,4.3952550960932,0.352810143138446,TRUE,0.000204226735700557,TRUE,TRUE,"donor_fixed"
"SNRPC","D2_late_increasing","clean_D2",1,0.00034126354436137,3.80498540541547,0.0486369335987857,TRUE,0.00057201295741531,TRUE,TRUE,"donor_fixed"
"CHID1","D2_late_increasing","clean_D2",1,0.000706898813142065,4.44932036198699,-0.135806139529542,TRUE,0.00112260351291595,FALSE,FALSE,"donor_fixed"
"MSC","D2_late_increasing","clean_D2",1,0.00333649356591031,4.05205863368721,0.0183292399666941,TRUE,0.00477618413148237,TRUE,TRUE,"donor_fixed"
"DNLZ","D2_late_increasing","clean_D2",1,4.08560319958839e-05,3.92479308451676,0.0346496940163107,TRUE,7.76820472302691e-05,TRUE,TRUE,"donor_fixed"
"REXO2","D2_late_increasing","clean_D2",1,6.78236100182805e-05,3.63420744727847,0.0334331535233934,TRUE,0.00012492058649166,TRUE,TRUE,"donor_fixed"
"IFI35","D2_late_increasing","clean_D2",1,0.000995134181715096,4.48195832635334,-0.0120677597547528,TRUE,0.0015473713701773,FALSE,FALSE,"donor_fixed"
"RAB31","D2_late_increasing","clean_D2",1,0.00137157389006681,3.67010163301573,-0.0148847444159707,TRUE,0.00208912753282656,FALSE,FALSE,"donor_fixed"
"PRDX5","D2_late_increasing","clean_D2",1,0,4.84015987232926,-0.436166889145789,TRUE,0,FALSE,FALSE,"donor_fixed"
"UFD1L","D2_late_increasing","clean_D2",1,0.0554430645345788,3.88324178139846,-0.0741833599224049,TRUE,0.0637709322527357,FALSE,FALSE,"donor_fixed"
"ICAM3","D2_late_increasing","clean_D2",1,0.000998078720043649,1.00139213935386,0.100662713043673,TRUE,0.00154979445695667,TRUE,TRUE,"donor_fixed"
"SNHG18","D2_late_increasing","clean_D2",1,0.178040149643437,1.62636223080713,0.0801093116608554,TRUE,0.192317765508563,TRUE,FALSE,"donor_fixed"
"PSENEN","D2_late_increasing","clean_D2",1,0.0212895306269203,4.26046404856118,-0.130361601548441,TRUE,0.0265052285533373,FALSE,FALSE,"donor_fixed"
"SEC31A","D2_late_increasing","clean_D2",1,3.05724509189198e-05,3.96292863388604,0.4350908716403,TRUE,5.97552449778887e-05,TRUE,TRUE,"donor_fixed"
"EPN1","D2_late_increasing","clean_D2",1,0.145695435144863,1.00021695183069,0.0813223293944232,TRUE,0.158914630723861,TRUE,FALSE,"donor_fixed"
"SH3BGRL3","D2_late_increasing","clean_D2",1,0,4.87166900254037,-0.676279381974437,TRUE,0,FALSE,FALSE,"donor_fixed"
"SAE1","D2_late_increasing","clean_D2",1,0.000110561488245176,1.00007283910713,0.168094294113467,TRUE,0.000199046286405968,TRUE,TRUE,"donor_fixed"
"HSPA12B","D2_late_increasing","clean_D2",1,0.00668233907687948,1.00010110177617,0.102124954033411,TRUE,0.00916494265144979,TRUE,TRUE,"donor_fixed"
"NAA38","D2_late_increasing","clean_D2",1,0,4.74710053098707,-0.24498543067809,TRUE,0,FALSE,FALSE,"donor_fixed"
"CLEC2A","D2_late_increasing","clean_D2",1,0.109063213877362,1.40813814374141,0.0653575984873434,TRUE,0.120606007037478,TRUE,FALSE,"donor_fixed"
"SEC23A","D2_late_increasing","clean_D2",1,0,4.50794269593251,0.344359938880658,TRUE,0,TRUE,TRUE,"donor_fixed"
"TENM4","D2_late_increasing","clean_D2",1,2.24837998466509e-05,4.39212097431944,0.412569237090799,TRUE,4.52916905019023e-05,TRUE,TRUE,"donor_fixed"
"CILP","D2_late_increasing","clean_D2",1,0.0135491167237387,2.77666248598316,0.109716197267018,TRUE,0.0174716407118107,TRUE,TRUE,"donor_fixed"
"CCL2","D2_late_increasing","clean_D2",1,0.0664534495822444,2.24432974381536,0.102928308608545,TRUE,0.0753498545973116,TRUE,FALSE,"donor_fixed"
"LAMTOR1","D2_late_increasing","clean_D2",1,4.90518059324541e-05,4.53079020966267,-0.208814751353471,TRUE,9.18591608584316e-05,FALSE,FALSE,"donor_fixed"
"TP53TG1","D2_late_increasing","clean_D2",1,0.00568168925152668,3.73064613544697,-0.0061399785087223,TRUE,0.00789084296050537,FALSE,FALSE,"donor_fixed"
"SEPN1","D2_late_increasing","clean_D2",1,0.0195958240010283,3.85912051969601,-0.0264845699702537,TRUE,0.0246435671913945,FALSE,FALSE,"donor_fixed"
"BRE","D2_late_increasing","clean_D2",1,0,4.8837802578645,0.987892063268128,TRUE,0,TRUE,TRUE,"donor_fixed"
"SIGMAR1","D2_late_increasing","clean_D2",1,0.560049891440355,2.07748606576458,0.0168646308255836,TRUE,0.573384412665125,TRUE,FALSE,"donor_fixed"
"DEF8","D2_late_increasing","clean_D2",1,0.0414439307697639,1.00015124108782,0.0706896480280621,TRUE,0.0487216767619307,TRUE,TRUE,"donor_fixed"
"CXCL12","D2_late_increasing","clean_D2",1,0,3.62296122809332,0.362179409675855,TRUE,0,TRUE,TRUE,"donor_fixed"
"CCDC8","D2_late_increasing","clean_D2",1,0.0132950227420713,1.00070137062898,0.130165417440426,TRUE,0.0171836247695211,TRUE,TRUE,"donor_fixed"
"MRPL27","D2_late_increasing","none",1,0.00238969444850623,4.54696053964939,-0.0291812251402511,TRUE,0.00351999788330694,FALSE,FALSE,"donor_fixed"
"GSTK1","D2_late_increasing","clean_D2",1,0.0291326870609402,2.53660943574135,0.10171225977937,TRUE,0.0351731578122366,TRUE,TRUE,"donor_fixed"
"NFE2L1","D2_late_increasing","clean_D2",1,0.013078946303744,1.00033676099375,0.146583396470565,TRUE,0.0169239143143354,TRUE,TRUE,"donor_fixed"
"PDIA4","D2_late_increasing","clean_D2",1,0.021029176677704,1.00078501558345,0.143492779494731,TRUE,0.0262102781780079,TRUE,TRUE,"donor_fixed"
"CAP1","D2_late_increasing","clean_D2",1,0.0934653777160576,3.22383906482552,-0.00243490033110808,TRUE,0.103974420185624,FALSE,FALSE,"donor_fixed"
"ABHD14A","D2_late_increasing","clean_D2",1,0.0202945141920582,3.54013881279238,0.00451314523302801,TRUE,0.0254363978326469,TRUE,TRUE,"donor_fixed"
"PLGRKT","D2_late_increasing","clean_D2",1,0.00308092865277093,1.0206494297576,0.0969144080875747,TRUE,0.00444052123780302,TRUE,TRUE,"donor_fixed"
"SERP1","D2_late_increasing","clean_D2",1,4.9508845983981e-07,4.75485203827939,-0.204373492122532,TRUE,1.26661075080299e-06,FALSE,FALSE,"donor_fixed"
"FAAP20","D2_late_increasing","clean_D2",1,0.517658619964892,1.00119087935601,0.0440196471897102,TRUE,0.533403075687326,TRUE,FALSE,"donor_fixed"
"PPP4C","D2_late_increasing","clean_D2",1,0.000500497290167101,1.00017915864936,0.175776622025986,TRUE,0.000819262035734728,TRUE,TRUE,"donor_fixed"
"NRN1","D2_late_increasing","clean_D2",1,0.0585690224221169,2.65033238747963,-0.0873610326760644,TRUE,0.0669531360612748,FALSE,FALSE,"donor_fixed"
"ITGB5","D2_late_increasing","clean_D2",1,0,2.4688611602326,0.616904997773368,TRUE,0,TRUE,TRUE,"donor_fixed"
"PDZD11","D2_late_increasing","clean_D2",1,0.637081501131745,1.81544431088831,-0.00282537262154534,TRUE,0.645745347475332,FALSE,FALSE,"donor_fixed"
"CLTB","D2_late_increasing","clean_D2",1,0.00383226954328569,4.14489284432899,-0.0134320543015874,TRUE,0.00545793292916357,FALSE,FALSE,"donor_fixed"
"TADA3","D2_late_increasing","clean_D2",1,0.0114830718732775,1.00081064119688,0.128974020475061,TRUE,0.0151036168874403,TRUE,TRUE,"donor_fixed"
"MZT2A","D2_late_increasing","clean_D2",1,0.0838794398345735,4.12961270158154,-0.0996179452166371,TRUE,0.0938710848198731,FALSE,FALSE,"donor_fixed"
"PTGIS","D2_late_increasing","clean_D2",1,7.16931738296012e-05,3.60652700001278,0.176830241628649,TRUE,0.000131398308756548,TRUE,TRUE,"donor_fixed"
"FGGY","D2_late_increasing","clean_D2",1,0,4.83271743407272,0.314225776965005,TRUE,0,TRUE,TRUE,"donor_fixed"
"HSPB6","D2_late_increasing","clean_D2",1,9.60481142009417e-07,4.38839735637277,-0.0557917122034873,TRUE,2.35486385255818e-06,FALSE,FALSE,"donor_fixed"
"C19orf70","D2_late_increasing","clean_D2",1,0,4.76066520519318,-0.202404516618213,TRUE,0,FALSE,FALSE,"donor_fixed"
"PPP1CA","D2_late_increasing","clean_D2",1,0.144018066862705,1.0012401812403,0.0850935474217112,TRUE,0.157238475344243,TRUE,FALSE,"donor_fixed"
"TMEM54","D2_late_increasing","clean_D2",1,0.0679060373126266,1.78478988332033,0.0781714968238937,TRUE,0.0769188953551333,TRUE,FALSE,"donor_fixed"
"SSR2","D2_late_increasing","clean_D2",1,0,4.74518507995758,-0.411641322210857,TRUE,0,FALSE,FALSE,"donor_fixed"
"SPHK1","D2_late_increasing","clean_D2",1,0.0209406218351326,3.30316342140521,-0.0487172691679294,TRUE,0.0261582292867914,FALSE,FALSE,"donor_fixed"
"LY6E","D2_late_increasing","clean_D2",1,0,4.8820962796746,-0.514559047798226,TRUE,0,FALSE,FALSE,"donor_fixed"
"TMEM120B","D2_late_increasing","clean_D2",1,0,4.795159221848,0.364923866994872,TRUE,0,TRUE,TRUE,"donor_fixed"
"PRSS23","D2_late_increasing","clean_D2",1,0,4.30615213502694,0.222813624257628,TRUE,0,TRUE,TRUE,"donor_fixed"
"DCN","D2_late_increasing","clean_D2",1,0,4.85243597003975,-0.410873685197758,TRUE,0,FALSE,FALSE,"donor_fixed"
"C17orf89","D2_late_increasing","clean_D2",1,0,4.8039235272295,-0.21717353041116,TRUE,0,FALSE,FALSE,"donor_fixed"
"GSDMD","D2_late_increasing","clean_D2",1,0.230110267353741,1.9333860246228,0.0722775369200538,TRUE,0.245949597420155,TRUE,FALSE,"donor_fixed"
"NFATC2","D2_late_increasing","clean_D2",1,0,4.84991248483972,0.562276178537456,TRUE,0,TRUE,TRUE,"donor_fixed"
"PRKCSH","D2_late_increasing","clean_D2",1,0.00667461619300552,3.30780325018561,0.028811460166731,TRUE,0.00916494265144979,TRUE,TRUE,"donor_fixed"
"CENPP","D2_late_increasing","clean_D2",1,2.48347670178672e-06,3.88195958146306,0.346764212064327,TRUE,5.74850300744836e-06,TRUE,TRUE,"donor_fixed"
"FBXW5","D2_late_increasing","clean_D2",1,0.00229350108823273,1.00050709866278,0.144290092021344,TRUE,0.00339171192677803,TRUE,TRUE,"donor_fixed"
"DDRGK1","D2_late_increasing","clean_D2",1,0.0586804986595571,1.0001767216481,0.0872653330989524,TRUE,0.0670120505632123,TRUE,FALSE,"donor_fixed"
"CTC-479C5.12","D2_late_increasing","clean_D2",1,0.0836974492237197,1.00028764123559,0.0904318836992727,TRUE,0.0938553141746426,TRUE,FALSE,"donor_fixed"
"ANAPC11","D2_late_increasing","clean_D2",1,0,4.78005309559025,-0.382481763178735,TRUE,0,FALSE,FALSE,"donor_fixed"
"MAN1B1","D2_late_increasing","clean_D2",1,0.129398406312177,1.00063609889734,0.08431716415432,TRUE,0.141969988475971,TRUE,FALSE,"donor_fixed"
"NDUFA6","D2_late_increasing","clean_D2",1,0,4.63625761923487,0.018740542546193,TRUE,0,TRUE,TRUE,"donor_fixed"
"GPX1","D2_late_increasing","clean_D2",1,0,4.81809436341391,-0.351794288303074,TRUE,0,FALSE,FALSE,"donor_fixed"
"MICAL2","D2_late_increasing","clean_D2",1,7.5003296240439e-08,4.34175995271316,0.267262998119733,TRUE,1.98705415158319e-07,TRUE,TRUE,"donor_fixed"
"TAPBP","D2_late_increasing","clean_D2",1,0.0638711473595436,1.00001955237119,0.113226981011517,TRUE,0.0726428715645674,TRUE,FALSE,"donor_fixed"
"TMED9","D2_late_increasing","clean_D2",1,0,4.78921036226597,-0.172840305960562,TRUE,0,FALSE,FALSE,"donor_fixed"
"MRPL36","D2_late_increasing","none",1,0.778368951775448,1.00061934846091,-0.0147353765299942,TRUE,0.78468574218661,FALSE,FALSE,"donor_fixed"
"FUCA2","D2_late_increasing","clean_D2",1,2.75060082356449e-05,3.15091098123542,0.12824248729591,TRUE,5.45243212898067e-05,TRUE,TRUE,"donor_fixed"
"TP53I13","D2_late_increasing","clean_D2",1,0.0993570440232507,1.00439434424687,0.100937861329695,TRUE,0.11019957858928,TRUE,FALSE,"donor_fixed"
"IFI16","D2_late_increasing","clean_D2",1,0.000136809301330698,4.26926325121246,0.0367210087943469,TRUE,0.000241250471431736,TRUE,TRUE,"donor_fixed"
"SEC61G","D2_late_increasing","clean_D2",1,0,4.6984623389185,-0.185133584632879,TRUE,0,FALSE,FALSE,"donor_fixed"
"ARPC2","D2_late_increasing","clean_D2",1,4.11800651800576e-07,4.79217947825893,-0.208988477718675,TRUE,1.06326357670449e-06,FALSE,FALSE,"donor_fixed"
"NCS1","D2_late_increasing","clean_D2",1,0.0507873543149553,2.24114927835777,0.0351592543602241,TRUE,0.0587787392589234,TRUE,FALSE,"donor_fixed"
"GMPPB","D2_late_increasing","clean_D2",1,0.00354405361420163,2.62600100785313,0.0707115100263653,TRUE,0.00506034730610143,TRUE,TRUE,"donor_fixed"
"TMEM45A","D2_late_increasing","clean_D2",1,0.00477265970713864,1.00006633397483,0.182247791152425,TRUE,0.0066781396152453,TRUE,TRUE,"donor_fixed"
"FAM109B","D2_late_increasing","clean_D2",1,0.0134518546877814,1.00106571421588,0.0791378803599713,TRUE,0.0173662512020087,TRUE,TRUE,"donor_fixed"
"G6PC3","D2_late_increasing","clean_D2",1,0.00796971685834086,3.42498348673126,0.00214795969100923,TRUE,0.0108132808830401,TRUE,TRUE,"donor_fixed"
"ARF5","D2_late_increasing","clean_D2",1,4.51129451317644e-05,4.52194774924819,-0.09200394716859,TRUE,8.51964065157308e-05,FALSE,FALSE,"donor_fixed"
"MGAT1","D2_late_increasing","clean_D2",1,0.00252088490115215,4.030758233875,0.0714838055365825,TRUE,0.00369862115418387,TRUE,TRUE,"donor_fixed"
"ATP5G1","D2_late_increasing","clean_D2",1,7.37483404740225e-05,4.61037394644166,-0.186834813687248,TRUE,0.000134723275571825,FALSE,FALSE,"donor_fixed"
"PPP1R9B","D2_late_increasing","clean_D2",1,0.0543570102909042,1.00007522992734,0.0859156987103081,TRUE,0.0626506572218875,TRUE,FALSE,"donor_fixed"
"SH3GLB1","D2_late_increasing","clean_D2",1,0.0146659689209759,2.29802613990223,0.140019515221359,TRUE,0.0188683006371129,TRUE,TRUE,"donor_fixed"
"SHISA4","D2_late_increasing","clean_D2",1,0.0507795479990428,1.00024496379518,0.0696408725601236,TRUE,0.0587787392589234,TRUE,FALSE,"donor_fixed"
"PALM","D2_late_increasing","clean_D2",1,3.27133301212257e-05,1.00005348323457,0.183762938712797,TRUE,6.32759568780801e-05,TRUE,TRUE,"donor_fixed"
"COLGALT1","D2_late_increasing","clean_D2",1,0.00417247892724176,1.65887494530168,0.20762783258437,TRUE,0.00591983685362473,TRUE,TRUE,"donor_fixed"
"IGF2","D2_late_increasing","clean_D2",1,1.90599841576322e-06,4.24730317124539,-0.131976683544055,TRUE,4.50508716453125e-06,FALSE,FALSE,"donor_fixed"
"CLDN4","D2_late_increasing","clean_D2",1,0.494664541357139,1.76513191741315,-0.00839095683950161,TRUE,0.512069404849335,FALSE,FALSE,"donor_fixed"
"EIF5A","D2_late_increasing","clean_D2",1,2.09738673490056e-06,4.60464399319283,-0.305160727126863,TRUE,4.91588756733507e-06,FALSE,FALSE,"donor_fixed"
"TGFB1I1","D2_late_increasing","clean_D2",1,0.0121606431594015,3.81957732096771,-0.00413981743465489,TRUE,0.0158827091731436,FALSE,FALSE,"donor_fixed"
"ORAI2","D2_late_increasing","clean_D2",1,0.229381441547513,1.00012824271067,0.0588920423744406,TRUE,0.245405216890067,TRUE,FALSE,"donor_fixed"
"WIPI1","D2_late_increasing","clean_D2",1,0.00106580806318429,2.54500988459867,0.121059825710294,TRUE,0.00165037869063717,TRUE,TRUE,"donor_fixed"
"CLEC2B","D2_late_increasing","clean_D2",1,3.15796988803463e-06,3.85569147306381,0.0261653158397269,TRUE,7.19065241308089e-06,TRUE,TRUE,"donor_fixed"
"SNRNP25","D2_late_increasing","clean_D2",1,0.171574065358271,1.00069232050712,0.051998776642895,TRUE,0.186232820456842,TRUE,FALSE,"donor_fixed"
"UQCR11","D2_late_increasing","clean_D2",1,0,4.8430164085104,-0.525580079129884,TRUE,0,FALSE,FALSE,"donor_fixed"
"DDB2","D2_late_increasing","clean_D2",1,0.000664264329235442,4.09344212258395,0.220412186740524,TRUE,0.00106092502869318,TRUE,TRUE,"donor_fixed"
"GALNT5","D2_late_increasing","clean_D2",1,0.00465419590856736,1.00020216997441,0.0709384557827783,TRUE,0.00652486892129246,TRUE,TRUE,"donor_fixed"
"NAGLU","D2_late_increasing","clean_D2",1,0.417216075768981,1.00012892130453,0.0372604067515746,TRUE,0.435932310943664,TRUE,FALSE,"donor_fixed"
"UBXN6","D2_late_increasing","clean_D2",1,0.00308612254183627,3.04557741157866,0.134414494831378,TRUE,0.00444052123780302,TRUE,TRUE,"donor_fixed"
"SCP2","D2_late_increasing","clean_D2",1,0.0106397439193503,1.76620440928596,0.173849320085191,TRUE,0.0141441542233456,TRUE,TRUE,"donor_fixed"
"IKBIP","D2_late_increasing","clean_D2",1,0.000496206292402268,1.00007119160718,0.177415771659659,TRUE,0.000813429083439495,TRUE,TRUE,"donor_fixed"
"MAN1C1","D2_late_increasing","clean_D2",1,0.0239673080704743,2.56784945231479,0.12932066093291,TRUE,0.0294779432593952,TRUE,TRUE,"donor_fixed"
"COPS7A","D2_late_increasing","clean_D2",1,0.0407054192440409,1.00008901424319,0.0775124720877496,TRUE,0.0479543295203769,TRUE,TRUE,"donor_fixed"
"WBP5","D2_late_increasing","clean_D2",1,0.0156547631810182,1.00239897354901,0.162980409949313,TRUE,0.0200023145558609,TRUE,TRUE,"donor_fixed"
"VAT1","D2_late_increasing","clean_D2",1,3.68004533457533e-07,4.62600432978646,-0.0887241108983753,TRUE,9.6128287010636e-07,FALSE,FALSE,"donor_fixed"
"PEA15","D2_late_increasing","clean_D2",1,0.0102669844428828,1.00176755609077,0.126262189740274,TRUE,0.0136648673894559,TRUE,TRUE,"donor_fixed"
"TXN2","D2_late_increasing","clean_D2",1,0.00966478091072054,1.00061796609432,0.159107946005858,TRUE,0.0129495870768778,TRUE,TRUE,"donor_fixed"
"ECM2","D2_late_increasing","clean_D2",1,5.82714851521393e-06,4.52432627975673,0.348564852524654,TRUE,1.27991199214326e-05,TRUE,TRUE,"donor_fixed"
"TBC1D1","D2_late_increasing","clean_D2",1,0.000357678496757108,3.96681550386494,0.201117775692183,TRUE,0.000595066308592926,TRUE,TRUE,"donor_fixed"
"NDUFB3","D2_late_increasing","clean_D2",1,0.0719447082641608,1.54998921320565,0.109401950319104,TRUE,0.0811646658318181,TRUE,FALSE,"donor_fixed"
"APOE","D2_late_increasing","clean_D2",1,0,4.84340200446877,-0.212626053058836,TRUE,0,FALSE,FALSE,"donor_fixed"
"FAM129A","D2_late_increasing","clean_D2",1,1.33547486620977e-05,4.40486344738352,0.258125991304879,TRUE,2.77520613461436e-05,TRUE,TRUE,"donor_fixed"
"SLC39A7","D2_late_increasing","clean_D2",1,0,4.40629370905424,-0.0255309298560774,TRUE,0,FALSE,FALSE,"donor_fixed"
"KIAA2013","D2_late_increasing","clean_D2",1,0.00465728568800661,1.00015290788502,0.129222761359456,TRUE,0.00652486892129246,TRUE,TRUE,"donor_fixed"
"TNC","D2_late_increasing","clean_D2",1,0.00440196874511684,1.00164026512314,0.240693413773403,TRUE,0.0062217459633889,TRUE,TRUE,"donor_fixed"
"CLPP","D2_late_increasing","clean_D2",1,0.0347787664041313,1.00039654129119,0.102341235483792,TRUE,0.0414085844939497,TRUE,TRUE,"donor_fixed"
"HMOX2","D2_late_increasing","clean_D2",1,0.085602229961249,1.00146307786006,0.0834388219126446,TRUE,0.0957032930966764,TRUE,FALSE,"donor_fixed"
"MAST2","D2_late_increasing","clean_D2",1,0,4.78486993859052,0.474117739723874,TRUE,0,TRUE,TRUE,"donor_fixed"
"GPC1","D2_late_increasing","clean_D2",1,0.891722279735914,1.00022814826446,0.00679823947396041,TRUE,0.894924155067103,TRUE,FALSE,"donor_fixed"
"PRADC1","D2_late_increasing","clean_D2",1,0.0313926085294314,1.62481956377194,0.0878877281218074,TRUE,0.0377386412214024,TRUE,TRUE,"donor_fixed"
"KLHL22","D2_late_increasing","clean_D2",1,0,4.72789516633777,0.338669437855835,TRUE,0,TRUE,TRUE,"donor_fixed"
"ARAP1","D2_late_increasing","clean_D2",1,0.00967165045544988,1.00005312831203,0.157953110248534,TRUE,0.0129495870768778,TRUE,TRUE,"donor_fixed"
"GUK1","D2_late_increasing","clean_D2",1,2.55397269838253e-06,4.76137550354148,-0.190824984045291,TRUE,5.89946586113982e-06,FALSE,FALSE,"donor_fixed"
"IGDCC4","D2_late_increasing","clean_D2",1,0,4.82346096996535,0.397915033158439,TRUE,0,TRUE,TRUE,"donor_fixed"
"CHD3","D2_late_increasing","clean_D2",1,0.00090114646286249,2.83557536323347,0.186457623650778,TRUE,0.0014130178758489,TRUE,TRUE,"donor_fixed"
"NDUFA3","D2_late_increasing","clean_D2",1,1.29668277474848e-05,4.35071911431349,-0.0548403976479553,TRUE,2.70970344330617e-05,FALSE,FALSE,"donor_fixed"
"PSMB8","D2_late_increasing","clean_D2",1,0.0690974095387334,2.98564650578415,0.0518864128480041,TRUE,0.0781101151307421,TRUE,FALSE,"donor_fixed"
"KLHDC3","D2_late_increasing","clean_D2",1,0.0248239178226664,4.12261072175929,0.028314475443559,TRUE,0.0304310746992774,TRUE,TRUE,"donor_fixed"
"MIF","D2_late_increasing","clean_D2",1,1.42726625451672e-06,4.71759547821084,-0.251072943473813,TRUE,3.43897343221917e-06,FALSE,FALSE,"donor_fixed"
"GOLGA3","D2_late_increasing","clean_D2",1,2.62528571580711e-05,3.29243790292066,0.235681092662258,TRUE,5.23185281688476e-05,TRUE,TRUE,"donor_fixed"
"ST6GALNAC6","D2_late_increasing","clean_D2",1,0.0244934027124159,2.69827275137114,0.0724751754665119,TRUE,0.0300588630433381,TRUE,TRUE,"donor_fixed"
"THOC6","D2_late_increasing","clean_D2",1,0.011969939179179,1.82483187306816,0.0905199231855182,TRUE,0.0156519204705522,TRUE,TRUE,"donor_fixed"
"MRPL14","D2_late_increasing","none",1,0.0336892016622667,4.3230300801816,-0.10492566457452,TRUE,0.0403260465293513,FALSE,FALSE,"donor_fixed"
"GTF3C1","D2_late_increasing","clean_D2",1,0.362735188243459,1.35652459337398,0.0532175216958659,TRUE,0.379717172711786,TRUE,FALSE,"donor_fixed"
"GNG5","D2_late_increasing","clean_D2",1,0.0197617302798035,4.02893463045269,-0.0400056903266715,TRUE,0.0248242859020454,FALSE,FALSE,"donor_fixed"
"BAD","D2_late_increasing","clean_D2",1,0.458112315003354,1.00098580260922,0.0458915629094595,TRUE,0.476880417293994,TRUE,FALSE,"donor_fixed"
"DPYSL3","D2_late_increasing","clean_D2",1,0.000939104048427397,3.64388982073704,0.317707783541514,TRUE,0.00146432123590213,TRUE,TRUE,"donor_fixed"
"TIMM8B","D2_late_increasing","clean_D2",1,3.43356184064891e-05,4.33098465116664,-0.163576316704287,TRUE,6.61848644456118e-05,FALSE,FALSE,"donor_fixed"
"MYO1C","D2_late_increasing","clean_D2",1,0.0020171309292647,2.39403450569828,0.24684545410048,TRUE,0.00300686983855724,TRUE,TRUE,"donor_fixed"
"CRELD2","D2_late_increasing","clean_D2",1,0.130670407742091,1.00024300085901,0.0727979991366423,TRUE,0.143225015544763,TRUE,FALSE,"donor_fixed"
"CALR","D2_late_increasing","clean_D2",1,0,4.66166087379783,-0.157859822177441,TRUE,0,FALSE,FALSE,"donor_fixed"
"C11orf68","D2_late_increasing","clean_D2",1,0.0110960647386438,4.24080601883386,-0.100883045264176,TRUE,0.0146635938271912,FALSE,FALSE,"donor_fixed"
"B2M","D2_late_increasing","clean_D2",1,0,4.79626198599752,-0.345917806157966,TRUE,0,FALSE,FALSE,"donor_fixed"
"C19orf24","D2_late_increasing","clean_D2",1,0.00131554694551878,4.00763322959901,-0.0462455349903623,TRUE,0.00200652317201909,FALSE,FALSE,"donor_fixed"
"FAM102A","D2_late_increasing","clean_D2",1,0.00125446799763895,1.00020261993141,0.153176390626865,TRUE,0.00192650442494553,TRUE,TRUE,"donor_fixed"
"NUTF2","D2_late_increasing","clean_D2",1,0.0147292976905236,4.52872055256141,-0.161615152823653,TRUE,0.0189279940436843,FALSE,FALSE,"donor_fixed"
"UROS","D2_late_increasing","clean_D2",1,0.000115749790658537,1.92429540258105,0.172652569165791,TRUE,0.000207053225529991,TRUE,TRUE,"donor_fixed"
"CALM3","D2_late_increasing","clean_D2",1,3.49663747606366e-06,4.54312005738218,-0.154665200598165,TRUE,7.89745595603873e-06,FALSE,FALSE,"donor_fixed"
"PRICKLE1","D2_late_increasing","clean_D2",1,0,4.92597883635293,0.972320432546633,TRUE,0,TRUE,TRUE,"donor_fixed"
"TXNDC15","D2_late_increasing","clean_D2",1,0.0592105982849588,1.00002205689449,0.0841086433646867,TRUE,0.0675484172271264,TRUE,FALSE,"donor_fixed"
"EFEMP1","D2_late_increasing","clean_D2",1,5.18757079420729e-06,4.57733620225517,0.0424226575203072,TRUE,1.1530226934242e-05,TRUE,TRUE,"donor_fixed"
"CCDC124","D2_late_increasing","clean_D2",1,4.10173729425978e-07,4.61142315679898,-0.0969997145502889,TRUE,1.06151442013482e-06,FALSE,FALSE,"donor_fixed"
"NDUFB2","D2_late_increasing","clean_D2",1,0,4.8483604565227,-0.258322095802945,TRUE,0,FALSE,FALSE,"donor_fixed"
"GRINA","D2_late_increasing","clean_D2",1,0,4.65671171881773,-0.0148771488012391,TRUE,0,FALSE,FALSE,"donor_fixed"
"FAM177A1","D2_late_increasing","clean_D2",1,0.00127304842958809,1.00003401922026,0.146235360196882,TRUE,0.00194435538835995,TRUE,TRUE,"donor_fixed"
"GIPC1","D2_late_increasing","clean_D2",1,0.0890173588656556,1.3651322756821,0.106477983444068,TRUE,0.0992237360037916,TRUE,FALSE,"donor_fixed"
"ZNF106","D2_late_increasing","clean_D2",1,3.14117626520338e-05,3.46857436332261,0.339236879373968,TRUE,6.11817955487349e-05,TRUE,TRUE,"donor_fixed"
"SLC12A4","D2_late_increasing","clean_D2",1,9.82496620507978e-05,1.00001283994973,0.161525974173746,TRUE,0.000178316756774013,TRUE,TRUE,"donor_fixed"
"SRPX2","D2_late_increasing","clean_D2",1,0.000934832536464758,3.36725706344119,0.122098515234414,TRUE,0.00146173814792671,TRUE,TRUE,"donor_fixed"
"ECHS1","D2_late_increasing","clean_D2",1,0.0872966948035969,1.00037681922574,0.087136729622126,TRUE,0.0974028989924365,TRUE,FALSE,"donor_fixed"
"ANXA1","D2_late_increasing","clean_D2",1,1.1705714554e-05,2.88779035472776,0.442530862232475,TRUE,2.46924318327775e-05,TRUE,TRUE,"donor_fixed"
"FAM234A","D2_late_increasing","clean_D2",1,0.0904530349837659,1.70428347380054,0.0603781689158441,TRUE,0.100723598716982,TRUE,FALSE,"donor_fixed"
"TWF2","D2_late_increasing","clean_D2",1,0.0221735218564955,3.21475894602881,0.0543231622513806,TRUE,0.0274225635349136,TRUE,TRUE,"donor_fixed"
"ITGA5","D2_late_increasing","clean_D2",1,0.000663690060050737,1.0000158405234,0.136865497646362,TRUE,0.00106092502869318,TRUE,TRUE,"donor_fixed"
"RARRES3","D2_late_increasing","clean_D2",1,0,4.66954183068132,-0.0689016263978869,TRUE,0,FALSE,FALSE,"donor_fixed"
"AKR1C3","D2_late_increasing","clean_D2",1,6.74684870666242e-06,4.41598289038012,0.0385012110124784,TRUE,1.47323766680636e-05,TRUE,TRUE,"donor_fixed"
"TMEM208","D2_late_increasing","clean_D2",1,6.975139896781e-07,4.55655977784337,-0.06717926456051,TRUE,1.75635279382909e-06,FALSE,FALSE,"donor_fixed"
"BUD31","D2_late_increasing","clean_D2",1,0.0021579849737825,4.36904396517455,-0.121635015031405,TRUE,0.00320402018683776,FALSE,FALSE,"donor_fixed"
"CCDC167","D2_late_increasing","clean_D2",1,0.0461657692729177,3.7116672983513,-0.0324700248739362,TRUE,0.0539324242916635,FALSE,FALSE,"donor_fixed"
"SCARF2","D2_late_increasing","clean_D2",1,0.00188866846677571,4.05425288842667,0.0123340218970021,TRUE,0.00283047097299631,TRUE,TRUE,"donor_fixed"
"RNPEPL1","D2_late_increasing","clean_D2",1,0.00233199608744766,1.00247596015802,0.104994033713696,TRUE,0.00344408404988968,TRUE,TRUE,"donor_fixed"
"OLFM2","D2_late_increasing","clean_D2",1,0.0243763323099236,1.00062513337281,0.167865962352494,TRUE,0.0299480654093347,TRUE,TRUE,"donor_fixed"
"SPINT2","D2_late_increasing","clean_D2",1,0.00290393553963025,1.00041815982554,0.155052582577165,TRUE,0.00420544032811739,TRUE,TRUE,"donor_fixed"
"BRI3","D2_late_increasing","clean_D2",1,0,4.74500046144245,-0.36246901243543,TRUE,0,FALSE,FALSE,"donor_fixed"
"RP11-196G11.1","D2_late_increasing","clean_D2",1,0.044222991347783,1.00004085464369,0.0674825586612072,TRUE,0.0518252665899595,TRUE,FALSE,"donor_fixed"
"KCNK6","D2_late_increasing","clean_D2",1,3.22417105266259e-05,1.00004983660676,0.173923950636068,TRUE,6.247180653166e-05,TRUE,TRUE,"donor_fixed"
"LRPAP1","D2_late_increasing","clean_D2",1,0.00280190107589928,4.30242419880824,-0.0962096220057564,TRUE,0.00407350507523459,FALSE,FALSE,"donor_fixed"
"FBLIM1","D2_late_increasing","clean_D2",1,0.00126685752294586,1.00012991601,0.154261541401511,TRUE,0.00194020097349791,TRUE,TRUE,"donor_fixed"
"ARSA","D2_late_increasing","clean_D2",1,0.0171004795801212,3.53442619051061,0.0519940022701625,TRUE,0.0218245846696068,TRUE,TRUE,"donor_fixed"
"RNASEH2C","D2_late_increasing","clean_D2",1,0.000867770287368119,4.38063888378685,-0.11418225712323,TRUE,0.0013664326496867,FALSE,FALSE,"donor_fixed"
"TXNL4A","D2_late_increasing","clean_D2",1,7.34926945300529e-07,4.60924409237077,-0.0182596602280808,TRUE,1.84640072999099e-06,FALSE,FALSE,"donor_fixed"
"GTF3C6","D2_late_increasing","clean_D2",1,0.00907299734068534,4.40060362238982,-0.121920746181372,TRUE,0.0122065114643637,FALSE,FALSE,"donor_fixed"
"AKT1S1","D2_late_increasing","clean_D2",1,0.0346290181408871,3.49761928962157,0.00274689913098076,TRUE,0.0412742455026779,TRUE,TRUE,"donor_fixed"
"SH3GL1","D2_late_increasing","clean_D2",1,0.00451660863835451,1.03009043012063,0.144088114537279,TRUE,0.00636767775243423,TRUE,TRUE,"donor_fixed"
"AP3D1","D2_late_increasing","clean_D2",1,0.000618876094718668,2.85691091161144,0.170117826388335,TRUE,0.000995544566756073,TRUE,TRUE,"donor_fixed"
"QSOX1","D2_late_increasing","clean_D2",1,0.00986800825567152,1.00022057157994,0.13426017670702,TRUE,0.0131809238110403,TRUE,TRUE,"donor_fixed"
"TXLNA","D2_late_increasing","clean_D2",1,0.0396441938302902,1.83211686351822,0.0873475402165265,TRUE,0.0468522290721612,TRUE,TRUE,"donor_fixed"
"GPC6","D2_late_increasing","clean_D2",1,0,4.94895033926889,1.16015791632511,TRUE,0,TRUE,TRUE,"donor_fixed"
"LTBP3","D2_late_increasing","clean_D2",1,3.6726754741534e-05,1.00569139500171,0.335036179901074,TRUE,7.01889090615983e-05,TRUE,TRUE,"donor_fixed"
"FAM229B","D2_late_increasing","clean_D2",1,1.26580436233814e-05,4.44864468454406,0.00972943893128364,TRUE,2.65510183319708e-05,TRUE,TRUE,"donor_fixed"
"C12orf75","D2_late_increasing","clean_D2",1,0.444819196353605,1.00247751734216,0.0381200157906424,TRUE,0.464339739984435,TRUE,FALSE,"donor_fixed"
"SRM","D2_late_increasing","clean_D2",1,1.55409722046862e-05,4.30680282451714,-0.0232758910825131,TRUE,3.18219907048336e-05,FALSE,FALSE,"donor_fixed"
"PPDPF","D2_late_increasing","clean_D2",1,6.62145888008503e-07,4.65407034594157,-0.354822905164818,TRUE,1.67483959908033e-06,FALSE,FALSE,"donor_fixed"
"PRKCDBP","D2_late_increasing","clean_D2",1,0,4.69007463769503,-0.24392885961608,TRUE,0,FALSE,FALSE,"donor_fixed"
"GTF3A","D2_late_increasing","clean_D2",1,0.000282029057516675,4.36180852055667,0.0188308771765181,TRUE,0.000478465077850748,TRUE,TRUE,"donor_fixed"
"JDP2","D2_late_increasing","clean_D2",1,2.71929950318994e-05,1.00009407193485,0.1885666006112,TRUE,5.39995887134344e-05,TRUE,TRUE,"donor_fixed"
"RP11-282O18.3","D2_late_increasing","clean_D2",1,0,4.71561275762857,-0.250816953396273,TRUE,0,FALSE,FALSE,"donor_fixed"
"TRAPPC1","D2_late_increasing","clean_D2",1,2.44510996973979e-05,4.59144857632829,-0.100610421109012,TRUE,4.89021993947958e-05,FALSE,FALSE,"donor_fixed"
"GSR","D2_late_increasing","clean_D2",1,0.000271279168105598,2.11886932763078,0.112713892708652,TRUE,0.000462332484667772,TRUE,TRUE,"donor_fixed"
"PDIA5","D2_late_increasing","clean_D2",1,0.00113846402159545,1.00001288373238,0.145937663457753,TRUE,0.0017580148841764,TRUE,TRUE,"donor_fixed"
"RHOC","D2_late_increasing","clean_D2",1,0,4.85870927928149,-0.414851296473542,TRUE,0,FALSE,FALSE,"donor_fixed"
"UROD","D2_late_increasing","clean_D2",1,8.28828564503059e-07,4.34409698863896,-0.0735676226339848,TRUE,2.05917852247649e-06,FALSE,FALSE,"donor_fixed"
"IMPDH1","D2_late_increasing","clean_D2",1,0.000289945533949232,4.00579266116856,-0.0112956894885097,TRUE,0.000491150162053396,FALSE,FALSE,"donor_fixed"
"YIF1B","D2_late_increasing","clean_D2",1,0.000342181710404843,1.00003917078938,0.139414187318607,TRUE,0.000572693341665591,TRUE,TRUE,"donor_fixed"
"MED8","D2_late_increasing","clean_D2",1,0.00817204321941278,4.1352725378158,-0.00478758242778542,TRUE,0.0110743567506709,FALSE,FALSE,"donor_fixed"
"UQCC2","D2_late_increasing","clean_D2",1,0.0220277296350569,3.96387807401019,-0.122729182192121,TRUE,0.0272724271672133,FALSE,FALSE,"donor_fixed"
"CD276","D2_late_increasing","clean_D2",1,0.0238310064013382,1.00026705819694,0.11421600593725,TRUE,0.0293425827716918,TRUE,TRUE,"donor_fixed"
"GLMP","D2_late_increasing","clean_D2",1,0.048756216845914,1.00008964773784,0.0859279729069632,TRUE,0.0567215925429052,TRUE,FALSE,"donor_fixed"
"BTN3A2","D2_late_increasing","clean_D2",1,0.00420765406490181,2.36501728772247,0.120428956929236,TRUE,0.00596217648233235,TRUE,TRUE,"donor_fixed"
"TANC2","D2_late_increasing","clean_D2",1,0,4.93602025670004,0.823983018117499,TRUE,0,TRUE,TRUE,"donor_fixed"
"ZNHIT1","D2_late_increasing","clean_D2",1,0,4.76593292429673,-0.282621156546525,TRUE,0,FALSE,FALSE,"donor_fixed"
"EIF4G1","D2_late_increasing","clean_D2",1,3.11445631164808e-05,4.22727609020377,0.0491048996941766,TRUE,6.07672278607776e-05,TRUE,TRUE,"donor_fixed"
"UQCRQ","D2_late_increasing","clean_D2",1,0,4.80626903710926,-0.337343344813958,TRUE,0,FALSE,FALSE,"donor_fixed"
"GRIN2D","D2_late_increasing","clean_D2",1,2.82946264856809e-06,3.91511665612024,0.174042315552764,TRUE,6.49556312340683e-06,TRUE,TRUE,"donor_fixed"
"COPA","D2_late_increasing","clean_D2",1,4.36426326599904e-06,2.93739222578493,0.284160528331103,TRUE,9.75849266277384e-06,TRUE,TRUE,"donor_fixed"
"FMO1","D2_late_increasing","clean_D2",1,7.71467759042022e-06,3.82823741074333,0.0989436565890637,TRUE,1.67801742141825e-05,TRUE,TRUE,"donor_fixed"
"CD63","D2_late_increasing","clean_D2",1,0,4.95172407051074,-1.39242926085631,TRUE,0,FALSE,FALSE,"donor_fixed"
"ARPC4","D2_late_increasing","clean_D2",1,5.7134578587803e-05,1.00060446191905,0.257839450755337,TRUE,0.000106283625392951,TRUE,TRUE,"donor_fixed"
"ITGB1BP1","D2_late_increasing","clean_D2",1,0.00327347581497761,3.58924202195329,0.15191536376172,TRUE,0.00469198200146791,TRUE,TRUE,"donor_fixed"
"NDST1","D2_late_increasing","clean_D2",1,0.0286286139363141,1.26185817323626,0.117370221112101,TRUE,0.0346393835290034,TRUE,TRUE,"donor_fixed"
"CHPF2","D2_late_increasing","clean_D2",1,0.00120024104113353,2.70949868161522,0.115512197134919,TRUE,0.00184830507436266,TRUE,TRUE,"donor_fixed"
"GLT8D2","D2_late_increasing","clean_D2",1,0.338156463643533,1.00032991985151,0.0468696379877873,TRUE,0.355318539805893,TRUE,FALSE,"donor_fixed"
"ATP6V0D1","D2_late_increasing","clean_D2",1,0.0112853536318938,1.98366054226182,0.149238378423938,TRUE,0.0148785676420486,TRUE,TRUE,"donor_fixed"
"SEMA3C","D2_late_increasing","clean_D2",1,0,4.69443727865631,0.454811174867345,TRUE,0,TRUE,TRUE,"donor_fixed"
"PLEKHA4","D2_late_increasing","clean_D2",1,0.0025743664129283,1.57640395175725,0.158979444716126,TRUE,0.00376850374867368,TRUE,TRUE,"donor_fixed"
"ARPC1A","D2_late_increasing","clean_D2",1,0.00542987265452011,1.00011680093868,0.135698631721328,TRUE,0.00755049456188244,TRUE,TRUE,"donor_fixed"
"A2M","D2_late_increasing","clean_D2",1,0.0113410672408921,4.00955330356456,-0.139981322815965,TRUE,0.0149344089226353,FALSE,FALSE,"donor_fixed"
"CDK2AP1","D2_late_increasing","clean_D2",1,0,4.7584183090216,-0.181069111838756,TRUE,0,FALSE,FALSE,"donor_fixed"
"MINOS1-NBL1","D2_late_increasing","clean_D2",1,0.0274070302761618,1.00020478341717,0.0780021713549406,TRUE,0.0333054998355966,TRUE,TRUE,"donor_fixed"
"HAPLN3","D2_late_increasing","clean_D2",1,0.00257525658675017,1.5780963924237,0.137242413273725,TRUE,0.00376850374867368,TRUE,TRUE,"donor_fixed"
"TPM2","D2_late_increasing","clean_D2",1,1.10256658131247e-06,4.60837305854316,-0.0202473816270518,TRUE,2.68555433095281e-06,FALSE,FALSE,"donor_fixed"
"ZEB1","D2_late_increasing","clean_D2",1,0,4.93026196925528,0.835023204842729,TRUE,0,TRUE,TRUE,"donor_fixed"
"ERCC1","D2_late_increasing","clean_D2",1,0.00353270104124909,1.10818251440368,0.205315338319471,TRUE,0.00505058793365279,TRUE,TRUE,"donor_fixed"
"MEIS3","D2_late_increasing","clean_D2",1,0.00317416721590669,1.00011904369019,0.134436744842186,TRUE,0.00455548003515234,TRUE,TRUE,"donor_fixed"
"ACTB","D2_late_increasing","clean_D2",1,0,4.89880745381238,-0.639317503215505,TRUE,0,FALSE,FALSE,"donor_fixed"
"MYLK","D2_late_increasing","clean_D2",1,4.75010530506803e-05,1.00023773185863,0.192006938378586,TRUE,8.9404338906836e-05,TRUE,TRUE,"donor_fixed"
"CD82","D2_late_increasing","clean_D2",1,0.068319970265743,2.22708145298885,0.0948705345119364,TRUE,0.0773094400375513,TRUE,FALSE,"donor_fixed"
"PLXNB2","D2_late_increasing","clean_D2",1,0.0195751019073683,1.00008017997172,0.131692954810739,TRUE,0.0246435671913945,TRUE,TRUE,"donor_fixed"
"PLOD2","D2_late_increasing","clean_D2",1,0.00175165263778543,2.03899648691476,0.129671830507425,TRUE,0.00262865456247531,TRUE,TRUE,"donor_fixed"
"LINC01615","D2_late_increasing","clean_D2",1,0.00213666912580884,4.26487863919921,-0.0265795435108192,TRUE,0.00317659053544453,FALSE,FALSE,"donor_fixed"
"MRPL17","D2_late_increasing","none",1,0.0101179290690369,2.84460885452715,0.0815361468846393,TRUE,0.0134986213594072,TRUE,TRUE,"donor_fixed"
"SLC39A13","D2_late_increasing","clean_D2",1,0.0109050148822996,1.00044438333237,0.122379063102203,TRUE,0.0144398567054022,TRUE,TRUE,"donor_fixed"
"ARHGAP28","D2_late_increasing","clean_D2",1,0,4.90648585405391,0.482085452160678,TRUE,0,TRUE,TRUE,"donor_fixed"
"RAD51B","D2_late_increasing","clean_D2",1,0,4.76301889100899,0.528872351451276,TRUE,0,TRUE,TRUE,"donor_fixed"
"CTSC","D2_late_increasing","clean_D2",1,0,4.6835047938997,-0.0845166966509943,TRUE,0,FALSE,FALSE,"donor_fixed"
"NANS","D2_late_increasing","clean_D2",1,0.0284175329188283,1.15598689108699,0.105224523742261,TRUE,0.0344212370566089,TRUE,TRUE,"donor_fixed"
"GAA","D2_late_increasing","clean_D2",1,0.000181402343499781,4.31219109275363,0.0763640928706711,TRUE,0.000315900031203669,TRUE,TRUE,"donor_fixed"
"TNFRSF1A","D2_late_increasing","clean_D2",1,4.44690355263511e-05,4.57139052327242,-0.0674175379427804,TRUE,8.41224732968875e-05,FALSE,FALSE,"donor_fixed"
"GALNT2","D2_late_increasing","clean_D2",1,0.00956442802245744,3.49540964989754,0.167160322705582,TRUE,0.0128367713434663,TRUE,TRUE,"donor_fixed"
"PLAUR","D2_late_increasing","clean_D2",1,0.0271725977627581,1.49554889484199,0.133189249489022,TRUE,0.0330565443947373,TRUE,TRUE,"donor_fixed"
"PAPSS2","D2_late_increasing","clean_D2",1,7.91343173893178e-05,3.27732329366245,0.248140401481561,TRUE,0.000144091476940158,TRUE,TRUE,"donor_fixed"
"DAPK3","D2_late_increasing","clean_D2",1,0.173810072891158,2.16605532844391,0.0923115629317223,TRUE,0.188294245632088,TRUE,FALSE,"donor_fixed"
"GPI","D2_late_increasing","clean_D2",1,0.000237852986046616,1.00008709127785,0.243832648229454,TRUE,0.00040910713600018,TRUE,TRUE,"donor_fixed"
"AGTRAP","D2_late_increasing","clean_D2",1,0.00292519809366298,3.67933325811991,0.02651311325844,TRUE,0.00423075222343495,TRUE,TRUE,"donor_fixed"
"HOMER3","D2_late_increasing","clean_D2",1,3.91018076116301e-05,1.00002544963652,0.167778382013008,TRUE,7.44732894545186e-05,TRUE,TRUE,"donor_fixed"
"NAA10","D2_late_increasing","clean_D2",1,0.231781510061705,1.00026873326697,0.0625208627220647,TRUE,0.247263099474224,TRUE,FALSE,"donor_fixed"
"COPZ1","D2_late_increasing","clean_D2",1,0.253326360575429,2.14323152776083,0.024265735575341,TRUE,0.269475614770056,TRUE,FALSE,"donor_fixed"
"NRBP1","D2_late_increasing","clean_D2",1,0.0296731546616472,1.00986503031975,0.126006654337475,TRUE,0.0357484772755621,TRUE,TRUE,"donor_fixed"
"NPTX2","D2_late_increasing","clean_D2",1,0.000418420813125986,1.79224162025305,0.141595162740209,TRUE,0.000688946198932036,TRUE,TRUE,"donor_fixed"
"CXXC5","D2_late_increasing","clean_D2",1,0.0123267435185688,3.64962408295531,0.043083382605723,TRUE,0.0160621203423776,TRUE,TRUE,"donor_fixed"
"TMEM147","D2_late_increasing","clean_D2",1,0.00609034345636134,3.80141482295337,0.0391817862596937,TRUE,0.00843713089119053,TRUE,TRUE,"donor_fixed"
"CTTN","D2_late_increasing","clean_D2",1,0.00024511757612955,2.23507266298484,0.196926875498958,TRUE,0.000420308972565701,TRUE,TRUE,"donor_fixed"
"METRNL","D2_late_increasing","clean_D2",1,0,4.29504618005721,0.190858273809686,TRUE,0,TRUE,TRUE,"donor_fixed"
"XBP1","D2_late_increasing","clean_D2",1,5.25287955169818e-05,1.00015040199324,0.212245378302642,TRUE,9.82060090100094e-05,TRUE,TRUE,"donor_fixed"
"FUT11","D2_late_increasing","clean_D2",1,0.0464096825658861,1.0006596261961,0.119278779547954,TRUE,0.0541607777752199,TRUE,FALSE,"donor_fixed"
"DNPH1","D2_late_increasing","clean_D2",1,0.000582175824289877,4.17524527999799,0.0210177676078319,TRUE,0.000939210059965486,TRUE,TRUE,"donor_fixed"
"MRPL52","D2_late_increasing","none",1,0.00871414786565627,4.26491664652826,-0.0782397002711854,TRUE,0.0117520112349864,FALSE,FALSE,"donor_fixed"
"ST3GAL2","D2_late_increasing","clean_D2",1,1.93763414024772e-06,4.29436800757729,0.355552703480824,TRUE,4.5605788816778e-06,TRUE,TRUE,"donor_fixed"
"FIBP","D2_late_increasing","clean_D2",1,0.00850320552862427,4.43971099724286,-0.0592254633735327,TRUE,0.0115091813329321,FALSE,FALSE,"donor_fixed"
"ETHE1","D2_late_increasing","clean_D2",1,0.0508959091769585,1.00047660153869,0.103633725704503,TRUE,0.0588434606616748,TRUE,FALSE,"donor_fixed"
"TMEM219","D2_late_increasing","clean_D2",1,1.1529326152393e-05,4.25852763294961,-0.0779586961056765,TRUE,2.44124746938927e-05,FALSE,FALSE,"donor_fixed"
"CDC42EP5","D2_late_increasing","clean_D2",1,0.00104462576278935,3.81281996069886,-0.0139832104547269,TRUE,0.00161982191788973,FALSE,FALSE,"donor_fixed"
"C7orf73","D2_late_increasing","clean_D2",1,0.0264554152816986,1.63776134606791,0.16650197882935,TRUE,0.0322894697433832,TRUE,TRUE,"donor_fixed"
"S100A13","D2_late_increasing","clean_D2",1,0,4.8898661516738,-0.403255526038853,TRUE,0,FALSE,FALSE,"donor_fixed"
"ZYX","D2_late_increasing","clean_D2",1,0.000234476633864278,3.99868613845237,0.0915875624884625,TRUE,0.000403921227519665,TRUE,TRUE,"donor_fixed"
"PDZRN4","D2_late_increasing","clean_D2",1,0,4.95972148195901,0.89662348831737,TRUE,0,TRUE,TRUE,"donor_fixed"
"MRPL12","D2_late_increasing","none",1,0.0290666608159573,1.00034505313803,0.105846843118811,TRUE,0.0351313803159354,TRUE,TRUE,"donor_fixed"
"MAP7D1","D2_late_increasing","clean_D2",1,0.00693037909866456,1.00031101655962,0.144535442663328,TRUE,0.00946051749976432,TRUE,TRUE,"donor_fixed"
"FHL3","D2_late_increasing","clean_D2",1,0.0174458773532153,3.84033455413968,-0.0343303403540711,TRUE,0.0222146820966911,FALSE,FALSE,"donor_fixed"
"PGLS","D2_late_increasing","clean_D2",1,0.00282463196714944,4.52479127357463,-0.14294387960595,TRUE,0.00410121888217282,FALSE,FALSE,"donor_fixed"
"CAPZB","D2_late_increasing","clean_D2",1,9.18117937342977e-07,1.00025830830659,0.477480953659776,TRUE,2.26590696236081e-06,TRUE,TRUE,"donor_fixed"
"ERI3","D2_late_increasing","clean_D2",1,0.000240024175150844,1.00008525413208,0.17310625720618,TRUE,0.00041220741600406,TRUE,TRUE,"donor_fixed"
"PDE4DIP","D2_late_increasing","clean_D2",1,0.000120899970147581,1.000246705476,0.127943070332726,TRUE,0.000215920393969642,TRUE,TRUE,"donor_fixed"
"GALNT10","D2_late_increasing","clean_D2",1,0,4.7306277278015,0.409166045598425,TRUE,0,TRUE,TRUE,"donor_fixed"
"B4GALT1","D2_late_increasing","clean_D2",1,0.000203649520734817,2.40566120954099,0.211481430641812,TRUE,0.000352446074584404,TRUE,TRUE,"donor_fixed"
"NME1","D2_late_increasing","clean_D2",1,1.0745700417869e-05,4.34068451471619,0.0977811082792093,TRUE,2.28397206600334e-05,TRUE,TRUE,"donor_fixed"
"LMF2","D2_late_increasing","clean_D2",1,0.0219578427216192,2.20744249945502,0.108627437565116,TRUE,0.027216040091763,TRUE,TRUE,"donor_fixed"
"DPM2","D2_late_increasing","clean_D2",1,0.000396725854868496,4.08611700876204,0.0339407548780454,TRUE,0.000655154365942361,TRUE,TRUE,"donor_fixed"
"VTI1B","D2_late_increasing","clean_D2",1,0.0324625287202831,1.00001772586669,0.101157072989776,TRUE,0.0389411020485799,TRUE,TRUE,"donor_fixed"
"TRAPPC2L","D2_late_increasing","clean_D2",1,0.00308571653279355,4.31044203050555,-0.187286895760264,TRUE,0.00444052123780302,FALSE,FALSE,"donor_fixed"
"THBS3","D2_late_increasing","clean_D2",1,0.00225296388298368,1.00025849777811,0.192625741572845,TRUE,0.0033406016195965,TRUE,TRUE,"donor_fixed"
"CNN2","D2_late_increasing","clean_D2",1,1.62675196241358e-06,1.00093077178645,0.311394689265109,TRUE,3.86959296591144e-06,TRUE,TRUE,"donor_fixed"
"DYNLT1","D2_late_increasing","clean_D2",1,2.38938533602684e-05,4.61545055813265,-0.0683346496418595,TRUE,4.79592963317416e-05,FALSE,FALSE,"donor_fixed"
"VGLL3","D2_late_increasing","clean_D2",1,0,4.64289753394081,0.437475067958312,TRUE,0,TRUE,TRUE,"donor_fixed"
"TRIOBP","D2_late_increasing","clean_D2",1,0.0339170002911756,2.40312330745374,0.127293627161219,TRUE,0.0405479390542598,TRUE,TRUE,"donor_fixed"
"THBS1","D2_late_increasing","clean_D2",1,8.35314604652471e-07,1.00012186948184,0.218683033352123,TRUE,2.0706911929079e-06,TRUE,TRUE,"donor_fixed"
"EPHB3","D2_late_increasing","clean_D2",1,0.0195616628530069,1.00025636158449,0.104309910375263,TRUE,0.0246435671913945,TRUE,TRUE,"donor_fixed"
"POMP","D2_late_increasing","clean_D2",1,0,4.78672613354138,-0.11385152089593,TRUE,0,FALSE,FALSE,"donor_fixed"
"MFAP2","D2_late_increasing","clean_D2",1,2.8902199776637e-05,4.47447562146831,-0.136210500663551,TRUE,5.67885050092797e-05,FALSE,FALSE,"donor_fixed"
"FAM195B","D2_late_increasing","clean_D2",1,0.00141079652936921,3.65153529785583,0.0294863143852636,TRUE,0.00213144664842537,TRUE,TRUE,"donor_fixed"
"C11orf96","D2_late_increasing","clean_D2",1,0.00194008475970148,2.9016865412414,0.157327270093728,TRUE,0.00290363421866968,TRUE,TRUE,"donor_fixed"
"PXDN","D2_late_increasing","clean_D2",1,0.000183289400310649,2.39448051888122,0.19858549336026,TRUE,0.000318689812670771,TRUE,TRUE,"donor_fixed"
"COMMD5","D2_late_increasing","clean_D2",1,0.000201987580554563,1.00018642474598,0.131689800680267,TRUE,0.000350111806294577,TRUE,TRUE,"donor_fixed"
"P4HA3","D2_late_increasing","clean_D2",1,1.18247656638593e-06,3.1962925549705,-0.0111356364319194,TRUE,2.87393217656405e-06,FALSE,FALSE,"donor_fixed"
"VOPP1","D2_late_increasing","clean_D2",1,5.55290700011701e-05,1.00002306277166,0.184087875713285,TRUE,0.00010346916710218,TRUE,TRUE,"donor_fixed"
"ALDH1L2","D2_late_increasing","clean_D2",1,0,4.82472325731093,0.345434932365035,TRUE,0,TRUE,TRUE,"donor_fixed"
"TNFSF10","D2_late_increasing","clean_D2",1,4.07911268318628e-07,4.60053700778231,-0.0437512379094106,TRUE,1.05969990815742e-06,FALSE,FALSE,"donor_fixed"
"HEXA","D2_late_increasing","clean_D2",1,0.00261197673323754,3.7077196824761,0.0199564761158108,TRUE,0.00380728811963438,TRUE,TRUE,"donor_fixed"
"SEMA3B","D2_late_increasing","clean_D2",1,1.43951800974373e-05,1.0000041817405,0.179650352424066,TRUE,2.97482649703049e-05,TRUE,TRUE,"donor_fixed"
"UBE2L6","D2_late_increasing","clean_D2",1,6.43229863059869e-05,4.42997438123015,-0.013958719009506,TRUE,0.000118864625934039,FALSE,FALSE,"donor_fixed"
"SURF4","D2_late_increasing","clean_D2",1,0,4.56412209699411,0.0725368902415697,TRUE,0,TRUE,TRUE,"donor_fixed"
"SPARCL1","D2_late_increasing","clean_D2",1,0.00793480361519078,2.46510216537918,0.229809035341827,TRUE,0.0107789920313284,TRUE,TRUE,"donor_fixed"
"LASP1","D2_late_increasing","clean_D2",1,0.0198872045655201,1.36886162600231,0.166431659592166,TRUE,0.024953866110271,TRUE,TRUE,"donor_fixed"
"TP53I3","D2_late_increasing","clean_D2",1,0.0293228499597714,1.00009142821611,0.0840117961015994,TRUE,0.0353645590669088,TRUE,TRUE,"donor_fixed"
"SRPRB","D2_late_increasing","clean_D2",1,0.000130649777539737,1.00064094589652,0.192210049316042,TRUE,0.000231851509983217,TRUE,TRUE,"donor_fixed"
"SHISA5","D2_late_increasing","clean_D2",1,0.000173304560084186,4.31323193994827,0.032667626452106,TRUE,0.000302269107915945,TRUE,TRUE,"donor_fixed"
"CTGF","D2_late_increasing","clean_D2",1,0,4.10468473732278,0.307522973505338,TRUE,0,TRUE,TRUE,"donor_fixed"
"AC024592.12","D2_late_increasing","clean_D2",1,0.0123080421458609,1.0014149733958,0.129273991385602,TRUE,0.0160564657165373,TRUE,TRUE,"donor_fixed"
"TENM3","D2_late_increasing","clean_D2",1,0,4.95022058814679,1.22906911012616,TRUE,0,TRUE,TRUE,"donor_fixed"
"TMEM261","D2_late_increasing","clean_D2",1,0.257168105988082,1.00118304650126,0.0614645340135138,TRUE,0.273042680431791,TRUE,FALSE,"donor_fixed"
"JTB","D2_late_increasing","clean_D2",1,0,4.76652680170508,-0.0799987267563602,TRUE,0,FALSE,FALSE,"donor_fixed"
"NSMCE1","D2_late_increasing","clean_D2",1,0.000164004874670165,4.12299641553954,-0.00067125031580853,TRUE,0.000287394122070916,FALSE,FALSE,"donor_fixed"
"CCDC28B","D2_late_increasing","clean_D2",1,7.49663872904316e-05,4.34025644298236,-0.00325211750026938,TRUE,0.000136724993459547,FALSE,FALSE,"donor_fixed"
"GRN","D2_late_increasing","clean_D2",1,0,4.67485252648114,0.111882692390848,TRUE,0,TRUE,TRUE,"donor_fixed"
"FLNA","D2_late_increasing","clean_D2",1,0,4.14773721127793,0.275512133360165,TRUE,0,TRUE,TRUE,"donor_fixed"
"COPG1","D2_late_increasing","clean_D2",1,0.00066556253141159,1.01241653931855,0.151728304318134,TRUE,0.00106148204011149,TRUE,TRUE,"donor_fixed"
"EIF4E2","D2_late_increasing","clean_D2",1,2.69077806618334e-05,1.0004862367318,0.22589392575346,TRUE,5.35282896440031e-05,TRUE,TRUE,"donor_fixed"
"LAMB2","D2_late_increasing","clean_D2",1,3.1503620624429e-05,2.71752695347033,0.319886825108522,TRUE,6.12539962749768e-05,TRUE,TRUE,"donor_fixed"
"SHC1","D2_late_increasing","clean_D2",1,0.0174264150309812,1.12572801873234,0.15613564265606,TRUE,0.0222146820966911,TRUE,TRUE,"donor_fixed"
"LUM","D2_late_increasing","clean_D2",1,0,4.8593646483754,-0.987042301527827,TRUE,0,FALSE,FALSE,"donor_fixed"
"ISLR","D2_late_increasing","clean_D2",1,0,4.40965281553135,-0.179210027420195,TRUE,0,FALSE,FALSE,"donor_fixed"
"MYO1D","D2_late_increasing","clean_D2",1,0,4.87906173500426,1.15208804663039,TRUE,0,TRUE,TRUE,"donor_fixed"
"NEK6","D2_late_increasing","clean_D2",1,0,4.79227377493313,0.40043629910178,TRUE,0,TRUE,TRUE,"donor_fixed"
"PGM1","D2_late_increasing","clean_D2",1,3.63941554773484e-05,1.00016393871665,0.139718027584543,TRUE,6.97918796289459e-05,TRUE,TRUE,"donor_fixed"
"PFN1","D2_late_increasing","clean_D2",1,0,4.8965612290921,-0.469069532600201,TRUE,0,FALSE,FALSE,"donor_fixed"
"TMEM176B","D2_late_increasing","clean_D2",1,0,4.74373535480944,-0.156159490228355,TRUE,0,FALSE,FALSE,"donor_fixed"
"MLEC","D2_late_increasing","clean_D2",1,1.15575345669972e-05,4.38964930220054,-0.0310495796820318,TRUE,2.44259426198541e-05,FALSE,FALSE,"donor_fixed"
"HN1","D2_late_increasing","clean_D2",1,0.00450584256804742,2.39712438136494,0.103054331901258,TRUE,0.00636052019075381,TRUE,TRUE,"donor_fixed"
"EDIL3","D2_late_increasing","clean_D2",1,0,4.8774170951784,0.721875076758814,TRUE,0,TRUE,TRUE,"donor_fixed"
"SNF8","D2_late_increasing","clean_D2",1,0.000128075784151971,4.32894740216182,0.0254027721082389,TRUE,0.000227645034470435,TRUE,TRUE,"donor_fixed"
"MPG","D2_late_increasing","clean_D2",1,0.00463452886914129,4.27194918304873,-0.0627544550072996,TRUE,0.00650930059761301,FALSE,FALSE,"donor_fixed"
"LINC01116","D2_late_increasing","clean_D2",1,0.00035228805288684,2.46337675808104,0.0738932090593954,TRUE,0.000587847825563413,TRUE,TRUE,"donor_fixed"
"SWI5","D2_late_increasing","clean_D2",1,0.00260908514691099,3.8638248777273,0.0447169764226348,TRUE,0.00380728811963438,TRUE,TRUE,"donor_fixed"
"NXN","D2_late_increasing","clean_D2",1,0,4.9184265638672,1.1907764712804,TRUE,0,TRUE,TRUE,"donor_fixed"
"PTN","D2_late_increasing","clean_D2",1,8.77325425141517e-07,4.50177157705335,-0.0780119711172598,TRUE,2.17002173740756e-06,FALSE,FALSE,"donor_fixed"
"KRT6A","D2_late_increasing","none",1,0.156228184667376,1.00078310711948,-0.0746774819748686,TRUE,0.170236949764256,FALSE,FALSE,"donor_fixed"
"TPM4","D2_late_increasing","clean_D2",1,0.00393388363728481,2.26157401297555,0.199400477735007,TRUE,0.00559552405405142,TRUE,TRUE,"donor_fixed"
"FAM89B","D2_late_increasing","clean_D2",1,0.000602411957760784,4.36968029331064,-0.0816323108987435,TRUE,0.000970456150974866,FALSE,FALSE,"donor_fixed"
"SMCO4","D2_late_increasing","clean_D2",1,0.00615607676488761,2.46938165996059,0.0962253331425721,TRUE,0.00850740892848498,TRUE,TRUE,"donor_fixed"
"APBB2","D2_late_increasing","clean_D2",1,0,4.97102369496672,1.93337788797443,TRUE,0,TRUE,TRUE,"donor_fixed"
"A1BG","D2_late_increasing","clean_D2",1,0,4.79790193681013,-0.189529801981788,TRUE,0,FALSE,FALSE,"donor_fixed"
"HES4","D2_late_increasing","clean_D2",1,0.00663676047073458,1.05582810922187,0.131107763507195,TRUE,0.00912656605938655,TRUE,TRUE,"donor_fixed"
"SSR4","D2_late_increasing","clean_D2",1,0,4.91483404696419,-0.760406934397637,TRUE,0,FALSE,FALSE,"donor_fixed"
"VAMP5","D2_late_increasing","clean_D2",1,3.23474879204699e-06,4.51787842228991,-0.101585257044831,TRUE,7.35050640144012e-06,FALSE,FALSE,"donor_fixed"
"KRT16","D2_late_increasing","none",1,0.231087588456387,1.60523504669509,-0.064837237723103,TRUE,0.24675828452172,FALSE,FALSE,"donor_fixed"
"CTSZ","D2_late_increasing","clean_D2",1,9.77552488928835e-06,4.56812415696253,-0.0494023628678186,TRUE,2.08172130023321e-05,FALSE,FALSE,"donor_fixed"
"FIBIN","D2_late_increasing","clean_D2",1,7.42694963806745e-07,1.00034211927428,0.163546343240085,TRUE,1.86173311555144e-06,TRUE,TRUE,"donor_fixed"
"DNAJC1","D2_late_increasing","clean_D2",1,4.67827367695017e-05,4.59016554957467,0.305364104186185,TRUE,8.82008426784198e-05,TRUE,TRUE,"donor_fixed"
"ZFHX4","D2_late_increasing","clean_D2",1,0,4.88454596866127,0.567200024664035,TRUE,0,TRUE,TRUE,"donor_fixed"
"NEK10","D2_late_increasing","clean_D2",1,0.017884275316352,1.00001356419396,0.0980571822740793,TRUE,0.0227211588678199,TRUE,TRUE,"donor_fixed"
"SGCD","D2_late_increasing","clean_D2",1,0,4.90417246050077,0.918839363198076,TRUE,0,TRUE,TRUE,"donor_fixed"
"MSRB3","D2_late_increasing","clean_D2",1,0.000305524814150471,1.00131066600492,0.18063392829074,TRUE,0.000515976951994299,TRUE,TRUE,"donor_fixed"
"PGAM1","D2_late_increasing","clean_D2",1,4.3867500332806e-06,1.00066969344681,0.271161612167657,TRUE,9.78919468504532e-06,TRUE,TRUE,"donor_fixed"
"LRRC59","D2_late_increasing","clean_D2",1,0.00275898550271247,4.44831523154248,-0.00565602864593823,TRUE,0.00401633566670904,FALSE,FALSE,"donor_fixed"
"TAF10","D2_late_increasing","clean_D2",1,9.47233233405953e-07,4.49850436165194,0.0146573752276575,TRUE,2.3326139976825e-06,TRUE,TRUE,"donor_fixed"
"GPAA1","D2_late_increasing","clean_D2",1,0.0125998811263122,1.00120044493559,0.136645225326662,TRUE,0.016360821253446,TRUE,TRUE,"donor_fixed"
"DBN1","D2_late_increasing","clean_D2",1,3.30316051100343e-05,3.86550451287092,0.109324054326399,TRUE,6.37812340466639e-05,TRUE,TRUE,"donor_fixed"
"APOL2","D2_late_increasing","clean_D2",1,0.000330388085338085,3.86882574240113,0.0455085599687038,TRUE,0.000554615434546515,TRUE,TRUE,"donor_fixed"
"MAP4","D2_late_increasing","clean_D2",1,0,4.74440722275251,0.839373767537814,TRUE,0,TRUE,TRUE,"donor_fixed"
"NDUFS8","D2_late_increasing","clean_D2",1,0,4.83774547758221,-0.121488989007253,TRUE,0,FALSE,FALSE,"donor_fixed"
"CAMK1D","D2_late_increasing","clean_D2",1,0,4.93619272763469,1.27462706119589,TRUE,0,TRUE,TRUE,"donor_fixed"
"SH3PXD2A","D2_late_increasing","clean_D2",1,0,1.00055271782328,0.4550819916401,TRUE,0,TRUE,TRUE,"donor_fixed"
"LAMC1","D2_late_increasing","clean_D2",1,2.90705875766184e-05,3.75638562359127,0.360261103572174,TRUE,5.7019152474841e-05,TRUE,TRUE,"donor_fixed"
"MYH9","D2_late_increasing","clean_D2",1,2.43542019559007e-05,1.88567942090854,0.342074990850265,TRUE,4.87956949582382e-05,TRUE,TRUE,"donor_fixed"
"PLPP4","D2_late_increasing","clean_D2",1,0,4.83654131331442,0.449710583924048,TRUE,0,TRUE,TRUE,"donor_fixed"
"SEC24D","D2_late_increasing","clean_D2",1,0,4.92150374249889,0.718360343128639,TRUE,0,TRUE,TRUE,"donor_fixed"
"RPL22L1","D2_late_increasing","none",1,0.0263254147416655,3.43538447811711,0.0228037271129223,TRUE,0.0321659165914558,TRUE,TRUE,"donor_fixed"
"EIF4EBP1","D2_late_increasing","clean_D2",1,1.24968368477862e-05,1.0002454127162,0.20830883450738,TRUE,2.62621496162124e-05,TRUE,TRUE,"donor_fixed"
"OSTC","D2_late_increasing","clean_D2",1,4.02530229037801e-07,4.74216970160864,-0.0791908455882213,TRUE,1.04901817264397e-06,FALSE,FALSE,"donor_fixed"
"ILK","D2_late_increasing","clean_D2",1,0.000366704248844274,1.00067132918821,0.205077298601461,TRUE,0.000607370889196886,TRUE,TRUE,"donor_fixed"
"COPE","D2_late_increasing","clean_D2",1,1.78709335023619e-05,1.00023553966692,0.295938978745918,TRUE,3.6525966463694e-05,TRUE,TRUE,"donor_fixed"
"AHR","D2_late_increasing","clean_D2",1,0.000773181148248536,2.57943073152753,0.224944606485181,TRUE,0.00122265420614125,TRUE,TRUE,"donor_fixed"
"FAM50A","D2_late_increasing","clean_D2",1,0.00139546575107491,1.00029270545654,0.154936189485582,TRUE,0.0021168666346021,TRUE,TRUE,"donor_fixed"
"RYR2","D2_late_increasing","clean_D2",1,0,4.95218098468243,1.03592262417445,TRUE,0,TRUE,TRUE,"donor_fixed"
"CNN3","D2_late_increasing","clean_D2",1,0.0130026153553949,3.92911759918987,0.0307634597931769,TRUE,0.0168446395913459,TRUE,TRUE,"donor_fixed"
"NGFR","D2_late_increasing","clean_D2",1,1.13032681349767e-05,4.71905534830618,-0.194781059189174,TRUE,2.39792291743909e-05,FALSE,FALSE,"donor_fixed"
"CCDC107","D2_late_increasing","clean_D2",1,0.000360151843816825,4.13786064918469,-0.0334044297499468,TRUE,0.000598290878732853,FALSE,FALSE,"donor_fixed"
"AQP1","D2_late_increasing","clean_D2",1,0.00696032679915398,2.51835399562395,0.154481012316865,TRUE,0.0094898114164075,TRUE,TRUE,"donor_fixed"
"CYR61","D2_late_increasing","clean_D2",1,0.000694423048810122,3.02961943721075,0.278186063601856,TRUE,0.0011043598414932,TRUE,TRUE,"donor_fixed"
"SMTN","D2_late_increasing","clean_D2",1,0.000511931029427204,1.00006152857058,0.154721593791973,TRUE,0.000835531227590677,TRUE,TRUE,"donor_fixed"
"DAP","D2_late_increasing","clean_D2",1,0.0185696563562334,1.00045050832228,0.124227551150361,TRUE,0.0235287127290016,TRUE,TRUE,"donor_fixed"
"PHLDA3","D2_late_increasing","clean_D2",1,0.000104810370719188,3.93119737014941,0.085801298807364,TRUE,0.000189302091218179,TRUE,TRUE,"donor_fixed"
"GARS","D2_late_increasing","clean_D2",1,1.55803639789731e-06,1.00066678521759,0.30788377747732,TRUE,3.73719404093045e-06,TRUE,TRUE,"donor_fixed"
"CGREF1","D2_late_increasing","clean_D2",1,0.00234785904144125,2.70258961354347,0.114477769151313,TRUE,0.00346293721415741,TRUE,TRUE,"donor_fixed"
"IDH2","D2_late_increasing","clean_D2",1,0.0024180922595235,2.23736151367626,0.138299612865161,TRUE,0.00355714098177272,TRUE,TRUE,"donor_fixed"
"ERLEC1","D2_late_increasing","clean_D2",1,0.00199147796575361,1.00011655025188,0.147475790421715,TRUE,0.00297259327865492,TRUE,TRUE,"donor_fixed"
"C9orf16","D2_late_increasing","clean_D2",1,0,4.79060320347936,-0.261889194819656,TRUE,0,FALSE,FALSE,"donor_fixed"
"C1QTNF3","D2_late_increasing","clean_D2",1,0.00120407377577508,1.00011177336496,0.122670905073385,TRUE,0.00185165678310391,TRUE,TRUE,"donor_fixed"
"SDF4","D2_late_increasing","clean_D2",1,0,3.88115034497435,0.212398082575943,TRUE,0,TRUE,TRUE,"donor_fixed"
"ZCCHC24","D2_late_increasing","clean_D2",1,0.0117079470062008,1.00057620513973,0.179698089162092,TRUE,0.015363245015179,TRUE,TRUE,"donor_fixed"
"GMPPA","D2_late_increasing","clean_D2",1,0.00038882954930225,3.0082639094213,0.122027717946928,TRUE,0.000643064254615259,TRUE,TRUE,"donor_fixed"
"ALDH18A1","D2_late_increasing","clean_D2",1,9.08966970702973e-06,2.38791726845084,0.179968465263417,TRUE,1.95427898701139e-05,TRUE,TRUE,"donor_fixed"
"CIB1","D2_late_increasing","clean_D2",1,6.64274713013668e-07,3.93319960810229,0.147529171734737,TRUE,1.6764314427749e-06,TRUE,TRUE,"donor_fixed"
"IGFBP6","D2_late_increasing","clean_D2",1,0,4.68038622402263,0.0341766694461251,TRUE,0,TRUE,TRUE,"donor_fixed"
"SLC27A4","D2_late_increasing","clean_D2",1,0,4.89891309301188,-0.418211417105034,TRUE,0,FALSE,FALSE,"donor_fixed"
"JOSD2","D2_late_increasing","clean_D2",1,0.0270117939199175,3.89263854867566,-0.0189272859516147,TRUE,0.0328967163425575,FALSE,FALSE,"donor_fixed"
"ENAH","D2_late_increasing","clean_D2",1,0,4.83327295719266,0.769252098098201,TRUE,0,TRUE,TRUE,"donor_fixed"
"CD99","D2_late_increasing","clean_D2",1,0,4.82085915932163,-0.325342415394329,TRUE,0,FALSE,FALSE,"donor_fixed"
"UCHL1","D2_late_increasing","clean_D2",1,0.00369627090082869,1.20619944679602,0.145065125469587,TRUE,0.00527095773868173,TRUE,TRUE,"donor_fixed"
"CALU","D2_late_increasing","clean_D2",1,5.46911922905124e-06,1.00454045692778,0.326829557823681,TRUE,1.20839432768365e-05,TRUE,TRUE,"donor_fixed"
"TMEM176A","D2_late_increasing","clean_D2",1,0,4.71645894617904,-0.177844023338788,TRUE,0,FALSE,FALSE,"donor_fixed"
"CKLF","D2_late_increasing","clean_D2",1,0.000812748086636006,3.70448133217135,0.0640900735355009,TRUE,0.00128159712391968,TRUE,TRUE,"donor_fixed"
"CYBA","D2_late_increasing","clean_D2",1,0,4.8565450383417,-0.276622948104021,TRUE,0,FALSE,FALSE,"donor_fixed"
"CSRP2","D2_late_increasing","clean_D2",1,0.00138984117083479,1.00029516576446,0.167366112608932,TRUE,0.00211119895243655,TRUE,TRUE,"donor_fixed"
"VEGFB","D2_late_increasing","clean_D2",1,1.51281500511136e-05,3.27146168488996,0.218289126205104,TRUE,3.10905730829871e-05,TRUE,TRUE,"donor_fixed"
"LAMTOR2","D2_late_increasing","clean_D2",1,9.74429368200136e-06,4.5107699649476,-0.00100197361209631,TRUE,2.07903059856441e-05,FALSE,FALSE,"donor_fixed"
"TUBA1C","D2_late_increasing","clean_D2",1,0,1.00075367875865,0.410791818294986,TRUE,0,TRUE,TRUE,"donor_fixed"
"KIAA1462","D2_late_increasing","clean_D2",1,8.5652161230243e-06,4.1320854481363,0.223054659889438,TRUE,1.85220727766754e-05,TRUE,TRUE,"donor_fixed"
"ACKR1","D2_late_increasing","clean_D2",1,0.581154393394833,1.00002539890639,0.0224822932958589,TRUE,0.592819901291445,TRUE,FALSE,"donor_fixed"
"PACS1","D2_late_increasing","clean_D2",1,0,4.74457396760923,0.671953512789943,TRUE,0,TRUE,TRUE,"donor_fixed"
"RRBP1","D2_late_increasing","clean_D2",1,0,4.21429536046245,0.112857677111834,TRUE,0,TRUE,TRUE,"donor_fixed"
"FBLN7","D2_late_increasing","clean_D2",1,0.00118391343634139,2.23624264342929,0.178941504478692,TRUE,0.00182567616804093,TRUE,TRUE,"donor_fixed"
"RTEL1-TNFRSF6B","D2_late_increasing","clean_D2",1,2.97826993267414e-06,4.60824658621622,0.0064575673670656,TRUE,6.82316759165919e-06,TRUE,TRUE,"donor_fixed"
"NUCB1","D2_late_increasing","clean_D2",1,0,4.73073451612686,-0.154647718862754,TRUE,0,FALSE,FALSE,"donor_fixed"
"FKBP7","D2_late_increasing","clean_D2",1,0.000311853521689831,4.02892664696277,0.00923743615033529,TRUE,0.000525078670556071,TRUE,TRUE,"donor_fixed"
"S100A7","D2_late_increasing","clean_D2",1,0.662192176839856,1.00003351156135,0.0310143719410341,TRUE,0.670589541401231,TRUE,FALSE,"donor_fixed"
"COTL1","D2_late_increasing","clean_D2",1,1.42380364518413e-05,2.13186947749178,0.127962378983631,TRUE,2.95326989854519e-05,TRUE,TRUE,"donor_fixed"
"HLA-DRB1","D2_late_increasing","clean_D2",1,0.247164579413997,1.00003428700575,0.049206300445483,TRUE,0.263171428366523,TRUE,FALSE,"donor_fixed"
"SIL1","D2_late_increasing","clean_D2",1,0.000362061782831768,1.00123842444681,0.211760631127059,TRUE,0.000600571325231331,TRUE,TRUE,"donor_fixed"
"SSR3","D2_late_increasing","clean_D2",1,0,4.65855867195057,-0.112743969287624,TRUE,0,FALSE,FALSE,"donor_fixed"
"IL1R1","D2_late_increasing","clean_D2",1,0.000131379679492116,4.27938997330872,0.321417699099392,TRUE,0.000232777308513765,TRUE,TRUE,"donor_fixed"
"S100A16","D2_late_increasing","clean_D2",1,9.93299111285983e-05,1.00096067533452,0.273125059563469,TRUE,0.000179985155010977,TRUE,TRUE,"donor_fixed"
"LMCD1","D2_late_increasing","clean_D2",1,5.73651789570473e-07,2.68708854687724,0.185788533799001,TRUE,1.46091731375806e-06,TRUE,TRUE,"donor_fixed"
"KHDRBS3","D2_late_increasing","clean_D2",1,0.000515915435736092,1.00079756729395,0.210191500563443,TRUE,0.000840806788852698,TRUE,TRUE,"donor_fixed"
"GALNS","D2_late_increasing","clean_D2",1,0.00106968111245082,2.39388630968868,0.146061395227196,TRUE,0.00165408503972339,TRUE,TRUE,"donor_fixed"
"ADAMTS12","D2_late_increasing","clean_D2",1,0,4.84318084139199,0.574245581269389,TRUE,0,TRUE,TRUE,"donor_fixed"
"SAR1A","D2_late_increasing","clean_D2",1,0.00227478769149958,1.00026756318587,0.153231489049947,TRUE,0.00336849356171726,TRUE,TRUE,"donor_fixed"
"ARF4","D2_late_increasing","clean_D2",1,1.49088851919554e-05,1.00136171718232,0.296780386721134,TRUE,3.07530141044394e-05,TRUE,TRUE,"donor_fixed"
"TMSB4X","D2_late_increasing","clean_D2",1,0,4.92253615654152,-0.653224325187792,TRUE,0,FALSE,FALSE,"donor_fixed"
"YIF1A","D2_late_increasing","clean_D2",1,0,4.74837069325681,-0.166481808609361,TRUE,0,FALSE,FALSE,"donor_fixed"
"ARFGAP1","D2_late_increasing","clean_D2",1,0,4.71651818199082,0.535305875910384,TRUE,0,TRUE,TRUE,"donor_fixed"
"GPR78","D2_late_increasing","clean_D2",1,0,4.39442273420985,0.136839897579664,TRUE,0,TRUE,TRUE,"donor_fixed"
"ITGBL1","D2_late_increasing","clean_D2",1,0,1.25429427334935,0.463747930202383,TRUE,0,TRUE,TRUE,"donor_fixed"
"XG","D2_late_increasing","clean_D2",1,0,1.0001938062326,0.333842285078432,TRUE,0,TRUE,TRUE,"donor_fixed"
"CDKN2A","D2_late_increasing","clean_D2",1,0.000887950008483074,1.0000133926452,0.136165996038223,TRUE,0.00139428105264617,TRUE,TRUE,"donor_fixed"
"LAMA4","D2_late_increasing","clean_D2",1,0,3.73463285621933,0.535927937349717,TRUE,0,TRUE,TRUE,"donor_fixed"
"LGMN","D2_late_increasing","clean_D2",1,7.04836076739768e-05,1.00010919676593,0.200051453577086,TRUE,0.000129393552347301,TRUE,TRUE,"donor_fixed"
"CTSA","D2_late_increasing","clean_D2",1,0.000272545519834744,3.82514504241406,0.10301664701685,TRUE,0.00046378370041894,TRUE,TRUE,"donor_fixed"
"SCO2","D2_late_increasing","clean_D2",1,0.000114894405026156,3.5334044418779,0.119961426230214,TRUE,0.000205852475671862,TRUE,TRUE,"donor_fixed"
"CCL14","D2_late_increasing","clean_D2",1,0.520114242111946,1.75095306344874,0.0395908922494407,TRUE,0.534947306974384,TRUE,FALSE,"donor_fixed"
"SEC61A1","D2_late_increasing","clean_D2",1,8.2777398273115e-06,4.00748376250191,0.167365034718856,TRUE,1.79699284018141e-05,TRUE,TRUE,"donor_fixed"
"FMOD","D2_late_increasing","clean_D2",1,0,4.47570046812993,0.0420088266716211,TRUE,0,TRUE,TRUE,"donor_fixed"
"AKR1A1","D2_late_increasing","clean_D2",1,9.57990178351853e-07,3.55937827352807,0.227218305662312,TRUE,2.35391872395027e-06,TRUE,TRUE,"donor_fixed"
"IFI6","D2_late_increasing","clean_D2",1,0,4.74525109448197,-0.167734599947755,TRUE,0,FALSE,FALSE,"donor_fixed"
"ANXA6","D2_late_increasing","clean_D2",1,3.00249672373631e-05,2.32296078014658,0.322559046873106,TRUE,5.87879393544168e-05,TRUE,TRUE,"donor_fixed"
"C7orf50","D2_late_increasing","clean_D2",1,0.000417847593112808,4.14921964056871,-0.12369268278785,TRUE,0.000688946198932036,FALSE,FALSE,"donor_fixed"
"IFITM3","D2_late_increasing","clean_D2",1,0,4.96021219201758,-1.30407339431984,TRUE,0,FALSE,FALSE,"donor_fixed"
"FTL","D2_late_increasing","clean_D2",1,0,4.96376684161257,-1.93042853626061,TRUE,0,FALSE,FALSE,"donor_fixed"
"FARP1","D2_late_increasing","clean_D2",1,0,4.91335616711513,0.871093947029669,TRUE,0,TRUE,TRUE,"donor_fixed"
"HMCN1","D2_late_increasing","clean_D2",1,0,4.89558744381191,1.05690645300173,TRUE,0,TRUE,TRUE,"donor_fixed"
"PARVB","D2_late_increasing","clean_D2",1,0.000683247933650766,3.90773377772408,0.218733905530512,TRUE,0.0010881355980364,TRUE,TRUE,"donor_fixed"
"RP11-25H12.1","D2_late_increasing","clean_D2",1,0,4.72821708101389,-0.241690464523829,TRUE,0,FALSE,FALSE,"donor_fixed"
"SRA1","D2_late_increasing","clean_D2",1,0.00140840607083292,1.00069113180468,0.151596830485627,TRUE,0.00213071446169311,TRUE,TRUE,"donor_fixed"
"LOX","D2_late_increasing","clean_D2",1,5.46383779043147e-06,3.67044849593712,0.151543938565153,TRUE,1.20839432768365e-05,TRUE,TRUE,"donor_fixed"
"TUBB2A","D2_late_increasing","clean_D2",1,2.69672660546671e-06,1.00063406823998,0.2984066137573,TRUE,6.20358095660862e-06,TRUE,TRUE,"donor_fixed"
"PLTP","D2_late_increasing","clean_D2",1,0,4.59633340507148,0.0571632049714645,TRUE,0,TRUE,TRUE,"donor_fixed"
"RP11-417E7.2","D2_late_increasing","clean_D2",1,0,4.76464342118879,-0.0856181791479692,TRUE,0,FALSE,FALSE,"donor_fixed"
"C1S","D2_late_increasing","clean_D2",1,0,4.68502975147916,0.608452891568082,TRUE,0,TRUE,TRUE,"donor_fixed"
"LGALS1","D2_late_increasing","clean_D2",1,0,4.96002458694407,-1.99045381350868,TRUE,0,FALSE,FALSE,"donor_fixed"
"TGFB3","D2_late_increasing","clean_D2",1,0.014874275814964,1.43042643049098,0.168111911085543,TRUE,0.0190268196351599,TRUE,TRUE,"donor_fixed"
"CRABP2","D2_late_increasing","clean_D2",1,0,4.67849416708813,-0.0451121186039101,TRUE,0,FALSE,FALSE,"donor_fixed"
"NID2","D2_late_increasing","clean_D2",1,6.23346983871231e-05,1.00018822837828,0.175565736948869,TRUE,0.000115572459032842,TRUE,TRUE,"donor_fixed"
"C4orf48","D2_late_increasing","clean_D2",1,0,4.58539047069145,-0.112704170604871,TRUE,0,FALSE,FALSE,"donor_fixed"
"HTRA1","D2_late_increasing","clean_D2",1,0,4.69237383578359,-0.0332444874650104,TRUE,0,FALSE,FALSE,"donor_fixed"
"FLNC","D2_late_increasing","clean_D2",1,1.90095035546012e-07,3.80023241820312,0.136376544729759,TRUE,5.00061764095156e-07,TRUE,TRUE,"donor_fixed"
"MXRA7","D2_late_increasing","clean_D2",1,0.00852812879614617,1.69362193733261,0.196143725269826,TRUE,0.0115201787179585,TRUE,TRUE,"donor_fixed"
"CLEC11A","D2_late_increasing","clean_D2",1,0,4.84819856452514,-0.1842845404496,TRUE,0,FALSE,FALSE,"donor_fixed"
"IFT20","D2_late_increasing","clean_D2",1,0.000170419797745902,4.39245635604415,0.0906947660956664,TRUE,0.000297702084187373,TRUE,TRUE,"donor_fixed"
"ROR2","D2_late_increasing","clean_D2",1,0,4.96444451548053,1.70106608250898,TRUE,0,TRUE,TRUE,"donor_fixed"
"NME1-NME2","D2_late_increasing","clean_D2",1,0,4.90353088824746,-0.579637284543875,TRUE,0,FALSE,FALSE,"donor_fixed"
"TNFAIP6","D2_late_increasing","clean_D2",1,1.52993504282106e-06,1.0002125039216,0.208110409234037,TRUE,3.67842446854612e-06,TRUE,TRUE,"donor_fixed"
"RP11-14N7.2","D2_late_increasing","clean_D2",1,2.44319379649749e-06,3.6851962202059,0.147341619882652,TRUE,5.66699307984272e-06,TRUE,TRUE,"donor_fixed"
"S100A9","D2_late_increasing","clean_D2",1,0.610350174158101,1.0013507159984,-0.0331982308495118,TRUE,0.619774291288608,FALSE,FALSE,"donor_fixed"
"SNX8","D2_late_increasing","clean_D2",1,0.000494183673816539,1.94883155217424,0.168044735537341,TRUE,0.000811303006353732,TRUE,TRUE,"donor_fixed"
"ECM1","D2_late_increasing","clean_D2",1,0,4.66531063838963,-0.141849253723638,TRUE,0,FALSE,FALSE,"donor_fixed"
"GPX7","D2_late_increasing","clean_D2",1,0,4.79681487369582,-0.113468417861978,TRUE,0,FALSE,FALSE,"donor_fixed"
"HIC1","D2_late_increasing","clean_D2",1,0.00459869349859321,2.85137048317941,0.19359731760758,TRUE,0.0064752384526791,TRUE,TRUE,"donor_fixed"
"EPHB2","D2_late_increasing","clean_D2",1,0,4.24863677461087,0.312186035466808,TRUE,0,TRUE,TRUE,"donor_fixed"
"GLIPR2","D2_late_increasing","clean_D2",1,1.33146075248503e-06,4.03481155447384,0.118137543038042,TRUE,3.22900893986607e-06,TRUE,TRUE,"donor_fixed"
"EVL","D2_late_increasing","clean_D2",1,2.05347148329871e-06,4.55774823235595,0.458207825343175,TRUE,4.82306957631923e-06,TRUE,TRUE,"donor_fixed"
"PRAF2","D2_late_increasing","clean_D2",1,1.42829566105451e-05,4.67719110382994,-0.0543269427360824,TRUE,2.95710101677582e-05,FALSE,FALSE,"donor_fixed"
"TMEM214","D2_late_increasing","clean_D2",1,2.23392619452811e-06,4.29056934121094,0.0689536894305089,TRUE,5.2031864280884e-06,TRUE,TRUE,"donor_fixed"
"CYB561","D2_late_increasing","clean_D2",1,3.37111094017573e-06,2.35919953599125,0.158664799444086,TRUE,7.62935633829243e-06,TRUE,TRUE,"donor_fixed"
"MAGED1","D2_late_increasing","clean_D2",1,0,4.14315356632083,0.226474531198399,TRUE,0,TRUE,TRUE,"donor_fixed"
"HM13","D2_late_increasing","clean_D2",1,9.57605973928022e-06,1.44786524890425,0.425736556761007,TRUE,2.04704298059566e-05,TRUE,TRUE,"donor_fixed"
"FNDC1","D2_late_increasing","clean_D2",1,7.68391186567463e-07,1.00000482135059,0.214817166199735,TRUE,1.92183746439021e-06,TRUE,TRUE,"donor_fixed"
"C11orf24","D2_late_increasing","clean_D2",1,7.92765801227446e-07,1.00067723117465,0.264206903562098,TRUE,1.97837537002742e-06,TRUE,TRUE,"donor_fixed"
"HTRA3","D2_late_increasing","clean_D2",1,0,4.09545105708793,-0.0104239916920012,TRUE,0,FALSE,FALSE,"donor_fixed"
"NT5DC2","D2_late_increasing","clean_D2",1,1.88926879005069e-05,1.00023250406417,0.210013627678599,TRUE,3.8403681950485e-05,TRUE,TRUE,"donor_fixed"
"PLAU","D2_late_increasing","clean_D2",1,0.000938021274456968,3.006355295459,0.128998642825057,TRUE,0.00146432123590213,TRUE,TRUE,"donor_fixed"
"NAGK","D2_late_increasing","clean_D2",1,0.000620959355367268,2.04097436468688,0.188434818743047,TRUE,0.000997114355377824,TRUE,TRUE,"donor_fixed"
"SPATS2L","D2_late_increasing","clean_D2",1,0,2.75843955594387,0.67064008183034,TRUE,0,TRUE,TRUE,"donor_fixed"
"FKBP9","D2_late_increasing","clean_D2",1,1.03667241591054e-06,1.00046239801792,0.344334862068645,TRUE,2.53056716372923e-06,TRUE,TRUE,"donor_fixed"
"PLOD1","D2_late_increasing","clean_D2",1,5.76799006624107e-06,4.31639682446133,0.00233322391839447,TRUE,1.2694119870192e-05,TRUE,TRUE,"donor_fixed"
"SEMA6B","D2_late_increasing","clean_D2",1,2.57210962998355e-05,3.33226480365554,0.114850441009189,TRUE,5.13503315414574e-05,TRUE,TRUE,"donor_fixed"
"TXNDC5","D2_late_increasing","clean_D2",1,4.53579604486887e-07,4.54178524676763,0.0227522702734615,TRUE,1.16843778298696e-06,TRUE,TRUE,"donor_fixed"
"P4HB","D2_late_increasing","clean_D2",1,0,4.55487182459079,0.183578598097985,TRUE,0,TRUE,TRUE,"donor_fixed"
"CUEDC1","D2_late_increasing","clean_D2",1,0,4.75413182372593,0.481106901408998,TRUE,0,TRUE,TRUE,"donor_fixed"
"SLC38A10","D2_late_increasing","clean_D2",1,1.00378520845323e-06,1.00028195372799,0.281996068769394,TRUE,2.4556495909206e-06,TRUE,TRUE,"donor_fixed"
"POLD4","D2_late_increasing","clean_D2",1,2.6682256497601e-06,4.61026202266039,-0.0385477780072572,TRUE,6.15067273491092e-06,FALSE,FALSE,"donor_fixed"
"CISD1","D2_late_increasing","clean_D2",1,0,4.7803747772602,-0.0361746149286084,TRUE,0,FALSE,FALSE,"donor_fixed"
"TTYH3","D2_late_increasing","clean_D2",1,0.00461148780667775,1.39133893050771,0.196562416458851,TRUE,0.00648508599731538,TRUE,TRUE,"donor_fixed"
"DAB2","D2_late_increasing","clean_D2",1,0,4.52203787102888,0.125838154532026,TRUE,0,TRUE,TRUE,"donor_fixed"
"OLFML3","D2_late_increasing","clean_D2",1,0,4.73392916661908,0.0781097477762971,TRUE,0,TRUE,TRUE,"donor_fixed"
"RPS26","D2_late_increasing","none",1,0,4.92424690749035,-1.39299420128169,TRUE,0,FALSE,FALSE,"donor_fixed"
"HDLBP","D2_late_increasing","clean_D2",1,0,4.64294211056278,0.128981777048377,TRUE,0,TRUE,TRUE,"donor_fixed"
"KDELR2","D2_late_increasing","clean_D2",1,0,4.87072905703194,-0.189699419260009,TRUE,0,FALSE,FALSE,"donor_fixed"
"PLIN3","D2_late_increasing","clean_D2",1,1.89807174666434e-06,4.18555273256199,-0.0277838929050643,TRUE,4.50508716453125e-06,FALSE,FALSE,"donor_fixed"
"METRN","D2_late_increasing","clean_D2",1,2.23597843042045e-05,4.49824813699913,-0.021544184617563,TRUE,4.51231748232863e-05,FALSE,FALSE,"donor_fixed"
"IFI27","D2_late_increasing","clean_D2",1,0.0144640129030359,1.00080356464298,0.225202142319815,TRUE,0.0186299152368596,TRUE,TRUE,"donor_fixed"
"BACE2","D2_late_increasing","clean_D2",1,0,1.9274333241749,0.316475843582028,TRUE,0,TRUE,TRUE,"donor_fixed"
"ANGPTL2","D2_late_increasing","clean_D2",1,0,4.15553686337644,0.208229614554562,TRUE,0,TRUE,TRUE,"donor_fixed"
"TMED3","D2_late_increasing","clean_D2",1,0,4.59234914678263,0.0895015261059536,TRUE,0,TRUE,TRUE,"donor_fixed"
"TGFBI","D2_late_increasing","clean_D2",1,0.00682163408326841,4.13544932747697,0.149104497825615,TRUE,0.00932345587419815,TRUE,TRUE,"donor_fixed"
"ABI3BP","D2_late_increasing","clean_D2",1,0,4.4937942497335,0.729420130737387,TRUE,0,TRUE,TRUE,"donor_fixed"
"SORCS2","D2_late_increasing","clean_D2",1,0,4.88508457080302,0.632497363860854,TRUE,0,TRUE,TRUE,"donor_fixed"
"TPM1","D2_late_increasing","clean_D2",1,5.50698752765921e-07,4.37038087443295,0.407250702299093,TRUE,1.40566485295046e-06,TRUE,TRUE,"donor_fixed"
"HMCN2","D2_late_increasing","clean_D2",1,0,4.83092005453113,0.625956505086487,TRUE,0,TRUE,TRUE,"donor_fixed"
"MYOF","D2_late_increasing","clean_D2",1,0,4.88032223291504,0.845046809798048,TRUE,0,TRUE,TRUE,"donor_fixed"
"AP2S1","D2_late_increasing","clean_D2",1,0,4.77033084897931,-0.119300610076802,TRUE,0,FALSE,FALSE,"donor_fixed"
"PDGFRL","D2_late_increasing","clean_D2",1,0,4.07817623817499,0.355363757809368,TRUE,0,TRUE,TRUE,"donor_fixed"
"SEC13","D2_late_increasing","clean_D2",1,1.90537053712525e-06,4.4927878671862,0.0499534308983196,TRUE,4.50508716453125e-06,TRUE,TRUE,"donor_fixed"
"RUNX1","D2_late_increasing","clean_D2",1,0,4.87619670576733,1.35152655916626,TRUE,0,TRUE,TRUE,"donor_fixed"
"PLXDC2","D2_late_increasing","clean_D2",1,0,4.96131972473259,1.89191069765264,TRUE,0,TRUE,TRUE,"donor_fixed"
"LRP1","D2_late_increasing","clean_D2",1,0,4.07465619923278,0.962532850380403,TRUE,0,TRUE,TRUE,"donor_fixed"
"BGN","D2_late_increasing","clean_D2",1,0,4.93167844095134,-1.03480376298734,TRUE,0,FALSE,FALSE,"donor_fixed"
"ADAMTS14","D2_late_increasing","clean_D2",1,0,4.92354589251356,0.761887885241112,TRUE,0,TRUE,TRUE,"donor_fixed"
"FKBP14","D2_late_increasing","clean_D2",1,0,4.29114009035981,0.0969950979326753,TRUE,0,TRUE,TRUE,"donor_fixed"
"ATOX1","D2_late_increasing","clean_D2",1,0,4.6825904315255,-0.0864816788761849,TRUE,0,FALSE,FALSE,"donor_fixed"
"NME4","D2_late_increasing","clean_D2",1,0,4.78978884124241,-0.117205845028114,TRUE,0,FALSE,FALSE,"donor_fixed"
"ISOC2","D2_late_increasing","clean_D2",1,0,4.62518263621396,-0.0865257053082017,TRUE,0,FALSE,FALSE,"donor_fixed"
"CD151","D2_late_increasing","clean_D2",1,1.17243423858326e-07,4.363411765266,0.0758692356214301,TRUE,3.09146575173606e-07,TRUE,TRUE,"donor_fixed"
"CTSB","D2_late_increasing","clean_D2",1,0,4.41595654456174,0.184581761852606,TRUE,0,TRUE,TRUE,"donor_fixed"
"MVP","D2_late_increasing","clean_D2",1,0.00175101450558957,2.59782047363,0.18009705517289,TRUE,0.00262865456247531,TRUE,TRUE,"donor_fixed"
"MAP4K4","D2_late_increasing","clean_D2",1,0.000911997829976252,1.00114635476318,0.313018427953982,TRUE,0.00142803021556506,TRUE,TRUE,"donor_fixed"
"C1R","D2_late_increasing","clean_D2",1,0,4.82150841593447,0.405167066796418,TRUE,0,TRUE,TRUE,"donor_fixed"
"FAM20C","D2_late_increasing","clean_D2",1,8.58626559485653e-06,1.00279902483813,0.260890692598156,TRUE,1.85317469788602e-05,TRUE,TRUE,"donor_fixed"
"GPX8","D2_late_increasing","clean_D2",1,1.91989623232747e-06,4.34341327705715,0.0253680766426836,TRUE,4.52836284333778e-06,TRUE,TRUE,"donor_fixed"
"OST4","D2_late_increasing","clean_D2",1,0,4.90305742099746,-0.463316045820846,TRUE,0,FALSE,FALSE,"donor_fixed"
"RCN1","D2_late_increasing","clean_D2",1,0,4.44398643648721,0.128673276292802,TRUE,0,TRUE,TRUE,"donor_fixed"
"INAFM1","D2_late_increasing","clean_D2",1,0,4.55208923873192,0.00932998120679396,TRUE,0,TRUE,TRUE,"donor_fixed"
"PRDX4","D2_late_increasing","clean_D2",1,0,4.7251522442912,-0.0182845816052906,TRUE,0,FALSE,FALSE,"donor_fixed"
"AC005943.2","D2_late_increasing","clean_D2",1,5.04955754010439e-06,4.58615840013621,-0.0198162674353342,TRUE,1.12458273502723e-05,FALSE,FALSE,"donor_fixed"
"S100A8","D2_late_increasing","clean_D2",1,0.17756056721316,1.71894598138493,-0.111621490355803,TRUE,0.191985216773997,FALSE,FALSE,"donor_fixed"
"FBLN1","D2_late_increasing","clean_D2",1,0,4.41133676795733,0.678884911920846,TRUE,0,TRUE,TRUE,"donor_fixed"
"TMEM119","D2_late_increasing","clean_D2",1,0,4.63930253469533,-0.0297234841278849,TRUE,0,FALSE,FALSE,"donor_fixed"
"MIR99AHG","D2_late_increasing","clean_D2",1,0,4.97354238513245,2.23970318500159,TRUE,0,TRUE,TRUE,"donor_fixed"
"EHD2","D2_late_increasing","clean_D2",1,2.26771864145214e-05,3.41707559978894,0.19976874793072,TRUE,4.55990906680485e-05,TRUE,TRUE,"donor_fixed"
"LRRC32","D2_late_increasing","clean_D2",1,0,4.10535755226395,0.0951399236926054,TRUE,0,TRUE,TRUE,"donor_fixed"
"ISG15","D2_late_increasing","clean_D2",1,0.000161884037136906,4.36008100581237,-0.014387141824113,TRUE,0.000284123003954569,FALSE,FALSE,"donor_fixed"
"CADM1","D2_late_increasing","clean_D2",1,0,2.67433940374054,0.416543125315537,TRUE,0,TRUE,TRUE,"donor_fixed"
"FAM114A1","D2_late_increasing","clean_D2",1,8.01370887204556e-07,1.74157933731638,0.33225676427142,TRUE,1.9953956612354e-06,TRUE,TRUE,"donor_fixed"
"PDXK","D2_late_increasing","clean_D2",1,5.2127397764945e-06,3.37676139324213,0.27147972665805,TRUE,1.15631806946842e-05,TRUE,TRUE,"donor_fixed"
"CTSK","D2_late_increasing","clean_D2",1,0,4.86024149830366,0.0787282131361406,TRUE,0,TRUE,TRUE,"donor_fixed"
"PHPT1","D2_late_increasing","clean_D2",1,0,4.88910167936471,-0.274523628101861,TRUE,0,FALSE,FALSE,"donor_fixed"
"KDELR3","D2_late_increasing","clean_D2",1,0,4.77009142710624,-0.0422409656022372,TRUE,0,FALSE,FALSE,"donor_fixed"
"SSC5D","D2_late_increasing","clean_D2",1,1.27409905295583e-05,1.00035992515188,0.288949130067097,TRUE,2.66749577004611e-05,TRUE,TRUE,"donor_fixed"
"ARHGAP1","D2_late_increasing","clean_D2",1,0,2.32620566010146,0.349964289400156,TRUE,0,TRUE,TRUE,"donor_fixed"
"HEG1","D2_late_increasing","clean_D2",1,2.43631331597882e-06,1.70343174757593,0.304733481454259,TRUE,5.66278230200483e-06,TRUE,TRUE,"donor_fixed"
"TNFRSF12A","D2_late_increasing","clean_D2",1,0,4.35487813103385,0.114200251516314,TRUE,0,TRUE,TRUE,"donor_fixed"
"DPT","D2_late_increasing","clean_D2",1,0,4.72078097092674,0.280851361274808,TRUE,0,TRUE,TRUE,"donor_fixed"
"ITGA11","D2_late_increasing","clean_D2",1,0,4.77237824275951,0.613725050243203,TRUE,0,TRUE,TRUE,"donor_fixed"
"PIEZO2","D2_late_increasing","clean_D2",1,0,4.91987408493222,0.8717134879467,TRUE,0,TRUE,TRUE,"donor_fixed"
"B4GALT2","D2_late_increasing","clean_D2",1,1.57697034952609e-06,1.00062135254842,0.275842909971473,TRUE,3.76720694609009e-06,TRUE,TRUE,"donor_fixed"
"TYMP","D2_late_increasing","clean_D2",1,4.80974657213196e-07,2.89373023237551,0.363711041679158,TRUE,1.23332492377145e-06,TRUE,TRUE,"donor_fixed"
"CD74","D2_late_increasing","clean_D2",1,1.85066340569473e-05,3.25316561836795,0.111527001796845,TRUE,3.76874624329091e-05,TRUE,TRUE,"donor_fixed"
"HLA-DRA","D2_late_increasing","clean_D2",1,0.0117218872853174,1.00040598837572,0.134346751147339,TRUE,0.0153635052578955,TRUE,TRUE,"donor_fixed"
"EFEMP2","D2_late_increasing","clean_D2",1,0,4.72258072445435,0.0629113607128335,TRUE,0,TRUE,TRUE,"donor_fixed"
"PALLD","D2_late_increasing","clean_D2",1,0,4.89255779393606,1.45947877946427,TRUE,0,TRUE,TRUE,"donor_fixed"
"CST3","D2_late_increasing","clean_D2",1,0,4.93992320788636,-0.270635681840447,TRUE,0,FALSE,FALSE,"donor_fixed"
"C1orf122","D2_late_increasing","clean_D2",1,0,4.81956806544012,-0.111430698683419,TRUE,0,FALSE,FALSE,"donor_fixed"
"GAS6","D2_late_increasing","clean_D2",1,0,3.51065459152171,0.351514298424159,TRUE,0,TRUE,TRUE,"donor_fixed"
"ZMAT3","D2_late_increasing","clean_D2",1,3.09859997321693e-06,1.00031644803798,0.265931674134465,TRUE,7.08432468314219e-06,TRUE,TRUE,"donor_fixed"
"LIMA1","D2_late_increasing","clean_D2",1,0,4.85616290816938,0.8713139007095,TRUE,0,TRUE,TRUE,"donor_fixed"
"PDLIM7","D2_late_increasing","clean_D2",1,0,4.48501801037756,0.440432671940638,TRUE,0,TRUE,TRUE,"donor_fixed"
"PDLIM2","D2_late_increasing","clean_D2",1,0,4.82494191357891,0.0305229616052947,TRUE,0,TRUE,TRUE,"donor_fixed"
"MYDGF","D2_late_increasing","clean_D2",1,0,4.7167327226404,0.0427937723677115,TRUE,0,TRUE,TRUE,"donor_fixed"
"CILP2","D2_late_increasing","clean_D2",1,0,4.1516504170554,0.129348190160729,TRUE,0,TRUE,TRUE,"donor_fixed"
"GUCY1A3","D2_late_increasing","clean_D2",1,4.25812332349729e-06,1.00042257447171,0.235959596701081,TRUE,9.54024423981957e-06,TRUE,TRUE,"donor_fixed"
"BNC2","D2_late_increasing","clean_D2",1,0,4.96545494114633,1.86994531762889,TRUE,0,TRUE,TRUE,"donor_fixed"
"COL18A1","D2_late_increasing","clean_D2",1,0,4.2910056252716,0.26789698433346,TRUE,0,TRUE,TRUE,"donor_fixed"
"LGALS3BP","D2_late_increasing","clean_D2",1,0,4.77089616813177,0.0179051044277962,TRUE,0,TRUE,TRUE,"donor_fixed"
"TMSB10","D2_late_increasing","clean_D2",1,0,4.97046786385304,-1.52621190693309,TRUE,0,FALSE,FALSE,"donor_fixed"
"S100A11","D2_late_increasing","clean_D2",1,0,4.92783059325832,-0.587523354909067,TRUE,0,FALSE,FALSE,"donor_fixed"
"C1QTNF5","D2_late_increasing","clean_D2",1,0,4.75383776190885,-0.0685776678544707,TRUE,0,FALSE,FALSE,"donor_fixed"
"FSTL1","D2_late_increasing","clean_D2",1,0,4.56831298136589,0.320314236441175,TRUE,0,TRUE,TRUE,"donor_fixed"
"OGN","D2_late_increasing","clean_D2",1,8.90219946092508e-08,4.35882390663003,0.0644401390189608,TRUE,2.35287446745017e-07,TRUE,TRUE,"donor_fixed"
"THBS4","D2_late_increasing","clean_D2",1,0,4.70596238787004,-0.123656093802859,TRUE,0,FALSE,FALSE,"donor_fixed"
"GOLM1","D2_late_increasing","clean_D2",1,5.63644085427306e-06,1.25339078337038,0.331252620949839,TRUE,1.24290747042944e-05,TRUE,TRUE,"donor_fixed"
"P3H3","D2_late_increasing","clean_D2",1,0,3.83189861736831,0.340679204561851,TRUE,0,TRUE,TRUE,"donor_fixed"
"HCFC1R1","D2_late_increasing","clean_D2",1,0,4.84290715665116,-0.111698361931839,TRUE,0,FALSE,FALSE,"donor_fixed"
"ARPC1B","D2_late_increasing","clean_D2",1,0,4.77356921129557,-0.176950876514357,TRUE,0,FALSE,FALSE,"donor_fixed"
"FKBP11","D2_late_increasing","clean_D2",1,0,4.61485067434786,0.0402241928229241,TRUE,0,TRUE,TRUE,"donor_fixed"
"CCDC80","D2_late_increasing","clean_D2",1,0,4.24165342325567,1.18374562419194,TRUE,0,TRUE,TRUE,"donor_fixed"
"AK1","D2_late_increasing","clean_D2",1,3.84654194179879e-06,1.00093552088581,0.278468864605232,TRUE,8.63540941954025e-06,TRUE,TRUE,"donor_fixed"
"C1QTNF6","D2_late_increasing","clean_D2",1,0,4.33024412216119,0.0698071149215002,TRUE,0,TRUE,TRUE,"donor_fixed"
"PODN","D2_late_increasing","clean_D2",1,0,4.38340509499947,0.334920770925022,TRUE,0,TRUE,TRUE,"donor_fixed"
"ACTA2","D2_late_increasing","clean_D2",1,0.000553675648592211,1.00045278603256,0.23665685411408,TRUE,0.000897115036414626,TRUE,TRUE,"donor_fixed"
"CKAP4","D2_late_increasing","clean_D2",1,0,4.42333071196254,0.263820266090453,TRUE,0,TRUE,TRUE,"donor_fixed"
"SULF1","D2_late_increasing","clean_D2",1,0,4.87822679830022,0.711268340377256,TRUE,0,TRUE,TRUE,"donor_fixed"
"ZNF469","D2_late_increasing","clean_D2",1,0,1.63505192351797,0.263581313561359,TRUE,0,TRUE,TRUE,"donor_fixed"
"P3H1","D2_late_increasing","clean_D2",1,0,3.60086524056765,0.240735815477163,TRUE,0,TRUE,TRUE,"donor_fixed"
"MIR4435-2HG","D2_late_increasing","clean_D2",1,0,1.00099086016797,0.334465189322717,TRUE,0,TRUE,TRUE,"donor_fixed"
"FAP","D2_late_increasing","clean_D2",1,0,1.00002388725308,0.351855648903087,TRUE,0,TRUE,TRUE,"donor_fixed"
"TSHZ2","D2_late_increasing","clean_D2",1,0,4.91263621601609,1.37936990472786,TRUE,0,TRUE,TRUE,"donor_fixed"
"COL11A1","D2_late_increasing","clean_D2",1,0,4.19897399474408,0.596100773118451,TRUE,0,TRUE,TRUE,"donor_fixed"
"VKORC1","D2_late_increasing","clean_D2",1,0,4.87094864990542,-0.151889255222062,TRUE,0,FALSE,FALSE,"donor_fixed"
"SMOC2","D2_late_increasing","clean_D2",1,0,1.00032395111958,0.442570224097199,TRUE,0,TRUE,TRUE,"donor_fixed"
"CHPF","D2_late_increasing","clean_D2",1,3.14646669175023e-06,3.89723946772005,0.142788393513694,TRUE,7.17908114566684e-06,TRUE,TRUE,"donor_fixed"
"NBL1","D2_late_increasing","clean_D2",1,0,4.49408168025653,0.207743977233667,TRUE,0,TRUE,TRUE,"donor_fixed"
"COL12A1","D2_late_increasing","clean_D2",1,0,4.56250453421633,1.34704425240646,TRUE,0,TRUE,TRUE,"donor_fixed"
"FKBP10","D2_late_increasing","clean_D2",1,0,3.8600329885759,0.400452437862405,TRUE,0,TRUE,TRUE,"donor_fixed"
"SULF2","D2_late_increasing","clean_D2",1,0,4.30307257768556,0.614637809280842,TRUE,0,TRUE,TRUE,"donor_fixed"
"COL16A1","D2_late_increasing","clean_D2",1,0,3.09620553182633,0.81028654866059,TRUE,0,TRUE,TRUE,"donor_fixed"
"MMP2","D2_late_increasing","clean_D2",1,0,4.67630888322788,0.157903169304389,TRUE,0,TRUE,TRUE,"donor_fixed"
"SERF2","D2_late_increasing","clean_D2",1,0,4.95504240772091,-1.12073173436697,TRUE,0,FALSE,FALSE,"donor_fixed"
"MXRA5","D2_late_increasing","clean_D2",1,0,1.0029203625524,0.702592135738014,TRUE,0,TRUE,TRUE,"donor_fixed"
"P4HA2","D2_late_increasing","clean_D2",1,0,4.55607744839308,0.154655086467744,TRUE,0,TRUE,TRUE,"donor_fixed"
"NREP","D2_late_increasing","clean_D2",1,0,2.46430651593746,0.375281251929688,TRUE,0,TRUE,TRUE,"donor_fixed"
"PYCR1","D2_late_increasing","clean_D2",1,0,4.5516064990511,0.0777254102866861,TRUE,0,TRUE,TRUE,"donor_fixed"
"EMILIN1","D2_late_increasing","clean_D2",1,0,4.68452198687813,0.258076096737564,TRUE,0,TRUE,TRUE,"donor_fixed"
"MYL9","D2_late_increasing","clean_D2",1,0,4.82367554922599,0.100437678206681,TRUE,0,TRUE,TRUE,"donor_fixed"
"RARRES2","D2_late_increasing","clean_D2",1,0,4.90312888990505,0.0757255452754104,TRUE,0,TRUE,TRUE,"donor_fixed"
"LINC00152","D2_late_increasing","clean_D2",1,0,2.40715608979936,0.366070774472292,TRUE,0,TRUE,TRUE,"donor_fixed"
"P3H4","D2_late_increasing","clean_D2",1,0,1.00106316610832,0.505958331492448,TRUE,0,TRUE,TRUE,"donor_fixed"
"PPIB","D2_late_increasing","clean_D2",1,0,4.95402073826194,-0.811159819478952,TRUE,0,FALSE,FALSE,"donor_fixed"
"VCAN","D2_late_increasing","clean_D2",1,0,1.00419906788486,0.871924143619934,TRUE,0,TRUE,TRUE,"donor_fixed"
"CPXM1","D2_late_increasing","clean_D2",1,0,4.47265738567138,0.172674114492871,TRUE,0,TRUE,TRUE,"donor_fixed"
"IGFBP4","D2_late_increasing","clean_D2",1,0,4.82020266894442,0.303496172360706,TRUE,0,TRUE,TRUE,"donor_fixed"
"ARMC9","D2_late_increasing","clean_D2",1,0.00163060577974444,1.06953832479726,0.215934316684647,TRUE,0.00245689657918368,TRUE,TRUE,"donor_fixed"
"SERPINF1","D2_late_increasing","clean_D2",1,0,4.93602717133852,-0.313090697473022,TRUE,0,FALSE,FALSE,"donor_fixed"
"COPZ2","D2_late_increasing","clean_D2",1,0,4.86318643786544,-0.0393704127675127,TRUE,0,FALSE,FALSE,"donor_fixed"
"PPIC","D2_late_increasing","clean_D2",1,0,4.87825909083316,-0.206217708102348,TRUE,0,FALSE,FALSE,"donor_fixed"
"FOXP1","D2_late_increasing","clean_D2",1,0,4.91559383250562,1.34942063945059,TRUE,0,TRUE,TRUE,"donor_fixed"
"OLFML2B","D2_late_increasing","clean_D2",1,0,1.00050681162632,0.41521791850476,TRUE,0,TRUE,TRUE,"donor_fixed"
"LRRC15","D2_late_increasing","clean_D2",1,0,4.65398291185379,0.217163259027098,TRUE,0,TRUE,TRUE,"donor_fixed"
"ASPN","D2_late_increasing","clean_D2",1,0,3.89550421987507,0.439555785268946,TRUE,0,TRUE,TRUE,"donor_fixed"
"COL5A3","D2_late_increasing","clean_D2",1,0,2.10176160702213,0.620323088279445,TRUE,0,TRUE,TRUE,"donor_fixed"
"SFRP4","D2_late_increasing","clean_D2",1,0,4.4141999684795,0.233030982697434,TRUE,0,TRUE,TRUE,"donor_fixed"
"SEPT11","D2_late_increasing","clean_D2",1,0,3.32924150480806,0.849460087439898,TRUE,0,TRUE,TRUE,"donor_fixed"
"BASP1","D2_late_increasing","clean_D2",1,0,4.29506515958838,0.258969189323944,TRUE,0,TRUE,TRUE,"donor_fixed"
"NNMT","D2_late_increasing","clean_D2",1,0,4.88375475241587,0.0517117096980901,TRUE,0,TRUE,TRUE,"donor_fixed"
"MARCKS","D2_late_increasing","clean_D2",1,0,4.87090772002285,0.124197627864573,TRUE,0,TRUE,TRUE,"donor_fixed"
"HSPG2","D2_late_increasing","clean_D2",1,0,2.75585067349725,0.685191605951194,TRUE,0,TRUE,TRUE,"donor_fixed"
"TIMP1","D2_late_increasing","clean_D2",1,0,4.95477740682227,-0.615236324047402,TRUE,0,FALSE,FALSE,"donor_fixed"
"ARL4C","D2_late_increasing","clean_D2",1,0,4.01836480479768,0.315967678970076,TRUE,0,TRUE,TRUE,"donor_fixed"
"AEBP1","D2_late_increasing","clean_D2",1,0,4.55955418711653,0.98737134432081,TRUE,0,TRUE,TRUE,"donor_fixed"
"WISP2","D2_late_increasing","clean_D2",1,0,4.66046944279795,0.326714285361218,TRUE,0,TRUE,TRUE,"donor_fixed"
"TAGLN","D2_late_increasing","clean_D2",1,0,4.79860715817823,0.0922604332905819,TRUE,0,TRUE,TRUE,"donor_fixed"
"BMP1","D2_late_increasing","clean_D2",1,0,1.00031248694097,0.480383683358055,TRUE,0,TRUE,TRUE,"donor_fixed"
"COL8A1","D2_late_increasing","clean_D2",1,0,2.97933018809713,0.67215578314645,TRUE,0,TRUE,TRUE,"donor_fixed"
"THBS2","D2_late_increasing","clean_D2",1,0,1.00044707537972,0.707694507920855,TRUE,0,TRUE,TRUE,"donor_fixed"
"FBN1","D2_late_increasing","clean_D2",1,0,3.12798241705744,0.987173688129996,TRUE,0,TRUE,TRUE,"donor_fixed"
"MRC2","D2_late_increasing","clean_D2",1,0,1.00074287344139,1.25217920259035,TRUE,0,TRUE,TRUE,"donor_fixed"
"COL6A1","D2_late_increasing","clean_D2",1,0,4.86364571059983,0.176710543201332,TRUE,0,TRUE,TRUE,"donor_fixed"
"CTHRC1","D2_late_increasing","clean_D2",1,0,4.72167225285701,0.140089449203782,TRUE,0,TRUE,TRUE,"donor_fixed"
"PCOLCE","D2_late_increasing","clean_D2",1,0,4.93774510644281,-0.0280803804866809,TRUE,0,FALSE,FALSE,"donor_fixed"
"COL14A1","D2_late_increasing","clean_D2",1,0,3.74877190403091,0.914341778156871,TRUE,0,TRUE,TRUE,"donor_fixed"
"ADAMTS2","D2_late_increasing","clean_D2",1,0,4.84172386661155,1.17179110806551,TRUE,0,TRUE,TRUE,"donor_fixed"
"COMP","D2_late_increasing","clean_D2",1,0,4.67292583695795,0.372733270315252,TRUE,0,TRUE,TRUE,"donor_fixed"
"IGFBP7","D2_late_increasing","clean_D2",1,0,4.85009688341073,1.0233678395114,TRUE,0,TRUE,TRUE,"donor_fixed"
"COL6A3","D2_late_increasing","clean_D2",1,0,2.29322417743379,1.38215507550206,TRUE,0,TRUE,TRUE,"donor_fixed"
"RCN3","D2_late_increasing","clean_D2",1,0,4.87121799890058,0.0647933155932674,TRUE,0,TRUE,TRUE,"donor_fixed"
"POSTN","D2_late_increasing","clean_D2",1,0,4.69458393954233,0.628334928349099,TRUE,0,TRUE,TRUE,"donor_fixed"
"ADAM12","D2_late_increasing","clean_D2",1,0,4.7987936602552,1.38154159414285,TRUE,0,TRUE,TRUE,"donor_fixed"
"COL6A2","D2_late_increasing","clean_D2",1,0,4.77818006503293,0.665173472326249,TRUE,0,TRUE,TRUE,"donor_fixed"
"MDK","D2_late_increasing","clean_D2",1,0,4.94044752489313,-0.434743358448109,TRUE,0,FALSE,FALSE,"donor_fixed"
"CREB3L1","D2_late_increasing","clean_D2",1,0,3.60298792350147,0.72584233978806,TRUE,0,TRUE,TRUE,"donor_fixed"
"CERCAM","D2_late_increasing","clean_D2",1,0,4.61394202743504,0.465743081800161,TRUE,0,TRUE,TRUE,"donor_fixed"
"GXYLT2","D2_late_increasing","clean_D2",1,0,1.00080507281626,0.899297594436215,TRUE,0,TRUE,TRUE,"donor_fixed"
"SERPINH1","D2_late_increasing","clean_D2",1,0,4.90359538436012,0.0320921881269531,TRUE,0,TRUE,TRUE,"donor_fixed"
"THY1","D2_late_increasing","clean_D2",1,0,4.933258304053,0.00137623412489685,TRUE,0,TRUE,TRUE,"donor_fixed"
"FN1","D2_late_increasing","clean_D2",1,0,3.81139966767667,1.22890425457221,TRUE,0,TRUE,TRUE,"donor_fixed"
"SFRP2","D2_late_increasing","clean_D2",1,0,4.88742062792036,0.354988780441837,TRUE,0,TRUE,TRUE,"donor_fixed"
"COL5A2","D2_late_increasing","clean_D2",1,0,1.00029693428517,1.2743941436354,TRUE,0,TRUE,TRUE,"donor_fixed"
"COL3A1","D2_late_increasing","clean_D2",1,0,4.82449767832084,1.20743721400314,TRUE,0,TRUE,TRUE,"donor_fixed"
"COL5A1","D2_late_increasing","clean_D2",1,0,1.00014211048547,1.55665287567258,TRUE,0,TRUE,TRUE,"donor_fixed"
"COL1A2","D2_late_increasing","clean_D2",1,0,4.54965977935301,1.64829910142003,TRUE,0,TRUE,TRUE,"donor_fixed"
"SPARC","D2_late_increasing","clean_D2",1,0,4.8520441226456,1.15203738622846,TRUE,0,TRUE,TRUE,"donor_fixed"
"COL1A1","D2_late_increasing","clean_D2",1,0,4.53230531741649,3.21625943658334,TRUE,0,TRUE,TRUE,"donor_fixed"
"LAMC3","D1_early_decreasing","clean_D1",-1,0,3.44082875432292,-0.620669331796452,TRUE,0,TRUE,TRUE,"donor_random"
"SEMA3G","D1_early_decreasing","clean_D1",-1,0,3.89177894603618,-0.871555618895767,TRUE,0,TRUE,TRUE,"donor_random"
"IGFBP3","D1_early_decreasing","clean_D1",-1,0,4.67489838707129,-2.96745980227704,TRUE,0,TRUE,TRUE,"donor_random"
"ALX4","D1_early_decreasing","clean_D1",-1,0,3.38761910728263,-0.586195765091427,TRUE,0,TRUE,TRUE,"donor_random"
"COL23A1","D1_early_decreasing","clean_D1",-1,0,3.36091517800301,-0.772969693734578,TRUE,0,TRUE,TRUE,"donor_random"
"TFAP2A","D1_early_decreasing","clean_D1",-1,0,4.37327630824477,-1.03813399200893,TRUE,0,TRUE,TRUE,"donor_random"
"TCF4","D1_early_decreasing","clean_D1",-1,0,4.31307656021407,-0.155005662681851,TRUE,0,TRUE,TRUE,"donor_random"
"BMP7","D1_early_decreasing","clean_D1",-1,0,3.64961484861527,-0.464104344242347,TRUE,0,TRUE,TRUE,"donor_random"
"BMP4","D1_early_decreasing","clean_D1",-1,0,3.72943216640698,-1.22547754885897,TRUE,0,TRUE,TRUE,"donor_random"
"SLC5A3","D1_early_decreasing","clean_D1",-1,0,4.29343439127069,-0.640744019543546,TRUE,0,TRUE,TRUE,"donor_random"
"GADD45G","D1_early_decreasing","clean_D1",-1,0,3.98726783389518,-0.756379716337194,TRUE,0,TRUE,TRUE,"donor_random"
"SERPINE2","D1_early_decreasing","clean_D1",-1,0,4.34785669078149,-0.993856996948123,TRUE,0,TRUE,TRUE,"donor_random"
"INHBB","D1_early_decreasing","clean_D1",-1,0,3.79350785303227,-0.515650518537724,TRUE,0,TRUE,TRUE,"donor_random"
"PRLR","D1_early_decreasing","clean_D1",-1,0,3.80364731897044,-0.427244057283532,TRUE,0,TRUE,TRUE,"donor_random"
"TRPS1","D1_early_decreasing","clean_D1",-1,0,4.59586685386578,-0.484073955852438,TRUE,0,TRUE,TRUE,"donor_random"
"TIMP3","D1_early_decreasing","clean_D1",-1,0,2.46996612815471,-0.820859606099886,TRUE,0,TRUE,TRUE,"donor_random"
"PRDM1","D1_early_decreasing","clean_D1",-1,0,4.06889711033949,-0.45679979907635,TRUE,0,TRUE,TRUE,"donor_random"
"PTCH1","D1_early_decreasing","clean_D1",-1,1.5870571981047e-06,2.77895818282041,-0.311200683264616,TRUE,2.60547716223356e-06,TRUE,TRUE,"donor_random"
"APCDD1","D1_early_decreasing","clean_D1",-1,0,1.00113783181155,-0.606733294945429,TRUE,0,TRUE,TRUE,"donor_random"
"DAAM2","D1_early_decreasing","clean_D1",-1,0,3.15141697863561,-0.35100342206267,TRUE,0,TRUE,TRUE,"donor_random"
"INHBA","D1_early_decreasing","clean_D1",-1,0,4.28550345885347,-0.967848912465794,TRUE,0,TRUE,TRUE,"donor_random"
"BCL2","D1_early_decreasing","clean_D1",-1,0,3.08406422151753,-0.402002358238955,TRUE,0,TRUE,TRUE,"donor_random"
"CENPW","D1_early_decreasing","clean_D1",-1,0,3.80532056015547,-0.620762267171838,TRUE,0,TRUE,TRUE,"donor_random"
"CEBPA","D1_early_decreasing","clean_D1",-1,0,3.55922465758448,-0.446982586997987,TRUE,0,TRUE,TRUE,"donor_random"
"IGFBP2","D1_early_decreasing","clean_D1",-1,0,3.04339350218242,-0.433121257723577,TRUE,0,TRUE,TRUE,"donor_random"
"MRPS6","D1_early_decreasing","none",-1,0,3.72241003879225,-0.891715547111679,TRUE,0,TRUE,TRUE,"donor_random"
"CRABP1","D1_early_decreasing","clean_D1",-1,1.87518467864578e-07,1.23592139575444,-0.302720916008245,TRUE,3.39782248091731e-07,TRUE,TRUE,"donor_random"
"ROBO2","D1_early_decreasing","clean_D1",-1,1.00674736591699e-06,4.3462344694782,0.0298343548737937,TRUE,1.68747159684438e-06,FALSE,FALSE,"donor_random"
"DKK2","D1_early_decreasing","clean_D1",-1,0,4.16283645872808,-0.54176532243377,TRUE,0,TRUE,TRUE,"donor_random"
"PHLDA1","D1_early_decreasing","clean_D1",-1,0,2.84157977556682,-0.298428902555386,TRUE,0,TRUE,TRUE,"donor_random"
"DIO2","D1_early_decreasing","clean_D1",-1,0,4.03611458299043,-0.602497799691516,TRUE,0,TRUE,TRUE,"donor_random"
"MYLIP","D1_early_decreasing","clean_D1",-1,0,2.80343192843428,-0.542017240573687,TRUE,0,TRUE,TRUE,"donor_random"
"LUZP2","D1_early_decreasing","clean_D1",-1,0,3.9834023509441,-0.819521653568407,TRUE,0,TRUE,TRUE,"donor_random"
"ZDHHC14","D1_early_decreasing","clean_D1",-1,1.59879304573174e-06,3.71608721101127,-0.200365401645635,TRUE,2.61705801629295e-06,TRUE,TRUE,"donor_random"
"PGM2L1","D1_early_decreasing","clean_D1",-1,0,3.81036236139625,-0.446202912520901,TRUE,0,TRUE,TRUE,"donor_random"
"PREX2","D1_early_decreasing","clean_D1",-1,0.392102489116471,1.00076419322741,-0.0523663263720694,TRUE,0.395641320245681,TRUE,FALSE,"donor_random"
"TNN","D1_early_decreasing","clean_D1",-1,0,3.03272006799974,-0.451695256294172,TRUE,0,TRUE,TRUE,"donor_random"
"F2R","D1_early_decreasing","clean_D1",-1,0,3.19031835819189,-0.527322335603142,TRUE,0,TRUE,TRUE,"donor_random"
"PLEKHH2","D1_early_decreasing","clean_D1",-1,0,4.62455415201842,0.0489298604927572,TRUE,0,FALSE,FALSE,"donor_random"
"HIST1H2BD","D1_early_decreasing","none",-1,8.21268648587559e-07,2.89710403351075,-0.27738272007003,TRUE,1.39753173382175e-06,TRUE,TRUE,"donor_random"
"TWIST1","D1_early_decreasing","clean_D1",-1,0,3.15453570328817,-0.465439172744521,TRUE,0,TRUE,TRUE,"donor_random"
"HIST2H2BE","D1_early_decreasing","none",-1,0.000147435666075724,2.74281260312229,-0.199080066538308,TRUE,0.000191889493216134,TRUE,TRUE,"donor_random"
"ITGA8","D1_early_decreasing","clean_D1",-1,1.49551596562159e-06,3.75088619106945,-0.102744888753843,TRUE,2.47335332775878e-06,TRUE,TRUE,"donor_random"
"CPE","D1_early_decreasing","clean_D1",-1,0,3.81409396393473,-0.811892531149045,TRUE,0,TRUE,TRUE,"donor_random"
"SOX18","D1_early_decreasing","clean_D1",-1,0,3.58055753009226,-0.497725098997777,TRUE,0,TRUE,TRUE,"donor_random"
"PTMA","D2_late_increasing","none",1,0,4.88206576808347,-2.54710267191269,TRUE,0,FALSE,FALSE,"donor_random"
"RPL35A","D2_late_increasing","none",1,0,4.94166953120206,-2.1700901549421,TRUE,0,FALSE,FALSE,"donor_random"
"RPL34","D2_late_increasing","none",1,0,4.89784710161385,-2.03117794423768,TRUE,0,FALSE,FALSE,"donor_random"
"SLC35F1","D2_late_increasing","none",1,1.84596897525591e-05,4.36650307760062,-0.685099518495226,TRUE,2.67330740198977e-05,FALSE,FALSE,"donor_random"
"H3F3B","D2_late_increasing","none",1,0,4.81123306086357,-1.75446123269427,TRUE,0,FALSE,FALSE,"donor_random"
"RPL13","D2_late_increasing","none",1,0,4.95661413658099,-1.8898378150856,TRUE,0,FALSE,FALSE,"donor_random"
"RPL11","D2_late_increasing","none",1,0,4.95306643927676,-2.04648322337776,TRUE,0,FALSE,FALSE,"donor_random"
"RPS27A","D2_late_increasing","none",1,0,4.90238415093974,-2.11960602688653,TRUE,0,FALSE,FALSE,"donor_random"
"RPS13","D2_late_increasing","none",1,0,4.89765618541089,-1.78185119990769,TRUE,0,FALSE,FALSE,"donor_random"
"RPL26","D2_late_increasing","none",1,0,4.91128412472808,-1.90479904015733,TRUE,0,FALSE,FALSE,"donor_random"
"RPL37A","D2_late_increasing","none",1,0,4.96800507591762,-2.24901645278688,TRUE,0,FALSE,FALSE,"donor_random"
"RPL5","D2_late_increasing","none",1,0,4.83761981331388,-1.53336757695583,TRUE,0,FALSE,FALSE,"donor_random"
"RPL13A","D2_late_increasing","none",1,0,4.96981275287539,-2.25058242496524,TRUE,0,FALSE,FALSE,"donor_random"
"FAU","D2_late_increasing","none",1,0,4.93069852777498,-1.82879315871049,TRUE,0,FALSE,FALSE,"donor_random"
"RPL19","D2_late_increasing","none",1,0,4.95763959459545,-2.21415690157615,TRUE,0,FALSE,FALSE,"donor_random"
"RPL6","D2_late_increasing","none",1,0,4.8640695558116,-1.65264471939772,TRUE,0,FALSE,FALSE,"donor_random"
"RPS14","D2_late_increasing","none",1,0,4.94637164185365,-1.88024654343217,TRUE,0,FALSE,FALSE,"donor_random"
"RPL4","D2_late_increasing","none",1,0,4.92428639874649,-1.69810365516846,TRUE,0,FALSE,FALSE,"donor_random"
"RPL30","D2_late_increasing","none",1,0,4.95960029994664,-2.3074122154599,TRUE,0,FALSE,FALSE,"donor_random"
"RPS27","D2_late_increasing","none",1,0,4.94087784131137,-2.306596659525,TRUE,0,FALSE,FALSE,"donor_random"
"RPL24","D2_late_increasing","none",1,0,4.91812203493151,-1.88744764949195,TRUE,0,FALSE,FALSE,"donor_random"
"GNB2L1","D2_late_increasing","none",1,0,4.85854792686101,-1.40976136090999,TRUE,0,FALSE,FALSE,"donor_random"
"RPL12","D2_late_increasing","none",1,0,4.92290048346342,-1.70109098489411,TRUE,0,FALSE,FALSE,"donor_random"
"RPS23","D2_late_increasing","none",1,0,4.93597645876125,-1.93793229204779,TRUE,0,FALSE,FALSE,"donor_random"
"RPL38","D2_late_increasing","none",1,0,4.94128930609221,-1.74120284187147,TRUE,0,FALSE,FALSE,"donor_random"
"RPS9","D2_late_increasing","none",1,0,4.94219767188265,-2.11741336179572,TRUE,0,FALSE,FALSE,"donor_random"
"RPL37","D2_late_increasing","none",1,0,4.95342667607851,-1.87558543962038,TRUE,0,FALSE,FALSE,"donor_random"
"RPL3","D2_late_increasing","none",1,0,4.92119001220903,-1.65986774656524,TRUE,0,FALSE,FALSE,"donor_random"
"RPS6","D2_late_increasing","none",1,0,4.92142474251253,-1.57806981584438,TRUE,0,FALSE,FALSE,"donor_random"
"RPL18","D2_late_increasing","none",1,0,4.93928450205486,-1.70219799852211,TRUE,0,FALSE,FALSE,"donor_random"
"RPL9","D2_late_increasing","none",1,0,4.87016092182312,-1.86871196867739,TRUE,0,FALSE,FALSE,"donor_random"
"RPS21","D2_late_increasing","none",1,0,4.89024611809601,-1.5942794152683,TRUE,0,FALSE,FALSE,"donor_random"
"EEF1A1","D2_late_increasing","none",1,0,4.95564306295722,-1.73870193652369,TRUE,0,FALSE,FALSE,"donor_random"
"RPL32","D2_late_increasing","none",1,0,4.9522171231417,-2.0558109707069,TRUE,0,FALSE,FALSE,"donor_random"
"RPS4X","D2_late_increasing","none",1,0,4.89825489396526,-1.55108318632263,TRUE,0,FALSE,FALSE,"donor_random"
"RPL23","D2_late_increasing","none",1,0,4.91568953652625,-1.42882452153718,TRUE,0,FALSE,FALSE,"donor_random"
"RPL14","D2_late_increasing","none",1,0,4.90130397426263,-1.57158703627866,TRUE,0,FALSE,FALSE,"donor_random"
"RPS3A","D2_late_increasing","none",1,0,4.86962369981852,-1.92319383130755,TRUE,0,FALSE,FALSE,"donor_random"
"RPL21","D2_late_increasing","none",1,0,4.86891158272479,-1.69680637742716,TRUE,0,FALSE,FALSE,"donor_random"
"RPL7","D2_late_increasing","none",1,0,4.79693988756719,-1.63259068466659,TRUE,0,FALSE,FALSE,"donor_random"
"RPL22","D2_late_increasing","none",1,0,4.71464879647453,-1.31310920059297,TRUE,0,FALSE,FALSE,"donor_random"
"RPS8","D2_late_increasing","none",1,0,4.94354711514866,-1.6515667795036,TRUE,0,FALSE,FALSE,"donor_random"
"HSP90AB1","D2_late_increasing","none",1,0,4.08665727034596,-0.994713906479088,TRUE,0,FALSE,FALSE,"donor_random"
"VIM","D2_late_increasing","none",1,0,4.89695764907917,-1.91206719570046,TRUE,0,FALSE,FALSE,"donor_random"
"RPS16","D2_late_increasing","none",1,0,4.92988929352884,-1.76012018976295,TRUE,0,FALSE,FALSE,"donor_random"
"NACA","D2_late_increasing","none",1,0,4.8047510091251,-1.44898222539791,TRUE,0,FALSE,FALSE,"donor_random"
"RPS20","D2_late_increasing","none",1,0,4.95180189735029,-1.73780384102768,TRUE,0,FALSE,FALSE,"donor_random"
"GLTSCR2","D2_late_increasing","none",1,5.16567728459094e-06,4.23734447761758,-0.753383526797695,TRUE,8.04349192781709e-06,FALSE,FALSE,"donor_random"
"RPL36A","D2_late_increasing","none",1,0,4.90101717881007,-1.41233837813992,TRUE,0,FALSE,FALSE,"donor_random"
"RPS3","D2_late_increasing","none",1,0,4.88655353769135,-1.71107024600355,TRUE,0,FALSE,FALSE,"donor_random"
"JUNB","D2_late_increasing","none",1,0,3.70687057470543,-1.08689503379154,TRUE,0,FALSE,FALSE,"donor_random"
"RPL23A","D2_late_increasing","none",1,0,4.95277314167287,-1.92175365555575,TRUE,0,FALSE,FALSE,"donor_random"
"RPS5","D2_late_increasing","none",1,0,4.88747252682502,-1.30475315741392,TRUE,0,FALSE,FALSE,"donor_random"
"BTF3","D2_late_increasing","none",1,0,4.71845756013661,-1.15204064333276,TRUE,0,FALSE,FALSE,"donor_random"
"RPS17","D2_late_increasing","none",1,0,4.91182827548808,-1.61972293943258,TRUE,0,FALSE,FALSE,"donor_random"
"RPL17-C18orf32","D2_late_increasing","none",1,0,4.83056466057845,-1.66224122826539,TRUE,0,FALSE,FALSE,"donor_random"
"RPL10A","D2_late_increasing","none",1,0,4.91218880689238,-1.72011988796341,TRUE,0,FALSE,FALSE,"donor_random"
"HNRNPA1","D2_late_increasing","none",1,0,4.52045933844615,-1.10059532881119,TRUE,0,FALSE,FALSE,"donor_random"
"RPS25","D2_late_increasing","none",1,0,4.91193069000367,-1.63540791930882,TRUE,0,FALSE,FALSE,"donor_random"
"LMO4","D2_late_increasing","none",1,0,4.49196890147893,-1.07096838076324,TRUE,0,FALSE,FALSE,"donor_random"
"PFDN5","D2_late_increasing","none",1,0,4.88849281633541,-1.51174654851538,TRUE,0,FALSE,FALSE,"donor_random"
"CIRBP","D2_late_increasing","none",1,4.06719679132417e-05,1.00158155709865,-0.410425742877448,TRUE,5.60681382577117e-05,FALSE,FALSE,"donor_random"
"RPS15","D2_late_increasing","none",1,0,4.93570126703663,-1.64501630012623,TRUE,0,FALSE,FALSE,"donor_random"
"RPL31","D2_late_increasing","none",1,0,4.94411286441466,-1.77822355339289,TRUE,0,FALSE,FALSE,"donor_random"
"RPS7","D2_late_increasing","none",1,0,4.91087629344494,-1.70442209652503,TRUE,0,FALSE,FALSE,"donor_random"
"ADIRF","D2_late_increasing","none",1,0,1.00114738108617,-0.720030065955931,TRUE,0,FALSE,FALSE,"donor_random"
"RPS10","D2_late_increasing","none",1,0,4.92773696648354,-2.01201403030099,TRUE,0,FALSE,FALSE,"donor_random"
"NUCKS1","D2_late_increasing","none",1,5.24329297391102e-06,4.68902021653796,-0.837687805266165,TRUE,8.14166881226739e-06,FALSE,FALSE,"donor_random"
"RPS15A","D2_late_increasing","none",1,0,4.92826969430236,-1.84436212071463,TRUE,0,FALSE,FALSE,"donor_random"
"FGFR1","D2_late_increasing","none",1,0,3.2253341384092,-0.311093993111125,TRUE,0,FALSE,FALSE,"donor_random"
"CD81","D2_late_increasing","none",1,0,4.85698414931056,-1.05199123971816,TRUE,0,FALSE,FALSE,"donor_random"
"EIF1","D2_late_increasing","none",1,0,4.82551211970121,-1.05702408046066,TRUE,0,FALSE,FALSE,"donor_random"
"ZFP36L2","D2_late_increasing","none",1,1.04213113727436e-06,1.74929739163682,-0.640667758344816,TRUE,1.7389591216011e-06,FALSE,FALSE,"donor_random"
"RPS24","D2_late_increasing","none",1,0,4.87605115628079,-1.57575093344337,TRUE,0,FALSE,FALSE,"donor_random"
"RPL7A","D2_late_increasing","none",1,0,4.9060322904751,-1.50087722479344,TRUE,0,FALSE,FALSE,"donor_random"
"RPS18","D2_late_increasing","none",1,0,4.95753841051437,-1.74754340627359,TRUE,0,FALSE,FALSE,"donor_random"
"HMGB1","D2_late_increasing","none",1,4.74368082925558e-07,4.3459149536541,-0.737546810404933,TRUE,8.3125943058115e-07,FALSE,FALSE,"donor_random"
"HIST1H4C","D2_late_increasing","none",1,0,1.00635680985951,-0.48367175539593,TRUE,0,FALSE,FALSE,"donor_random"
"RPL35","D2_late_increasing","none",1,0,4.94122293729434,-1.58226127428319,TRUE,0,FALSE,FALSE,"donor_random"
"SNHG8","D2_late_increasing","none",1,0,1.00121526956988,-0.549382386500078,TRUE,0,FALSE,FALSE,"donor_random"
"RPS2","D2_late_increasing","none",1,0,4.95054924884461,-1.93259779182631,TRUE,0,FALSE,FALSE,"donor_random"
"TMEM258","D2_late_increasing","clean_D2",1,0,4.81276040412436,-0.354095555854277,TRUE,0,FALSE,FALSE,"donor_random"
"POLDIP2","D2_late_increasing","clean_D2",1,0.0572879287909637,3.56598342587931,-0.0129562754159242,TRUE,0.060026152191469,FALSE,FALSE,"donor_random"
"PLXNA3","D2_late_increasing","clean_D2",1,0.0303104949682662,1.00002863143705,0.0410973955204835,TRUE,0.0322734603566872,TRUE,TRUE,"donor_random"
"MRPS12","D2_late_increasing","none",1,0.336952651142302,1.00071279151732,0.0282948798117519,TRUE,0.34091679997927,TRUE,FALSE,"donor_random"
"RAB24","D2_late_increasing","clean_D2",1,0.00043040206926992,3.9343839155747,-0.0435735889117122,TRUE,0.000532878752429424,FALSE,FALSE,"donor_random"
"MARVELD1","D2_late_increasing","clean_D2",1,0.00113510312364334,3.51161392891766,-0.0407342584070465,TRUE,0.00135581761990733,FALSE,FALSE,"donor_random"
"CMKLR1","D2_late_increasing","clean_D2",1,0.00566740465960919,1.0002863541221,0.0666334103947041,TRUE,0.00638725646113213,TRUE,TRUE,"donor_random"
"PTPMT1","D2_late_increasing","clean_D2",1,0.0515424274918885,1.47235370694733,0.0491471885435267,TRUE,0.0542602956082216,TRUE,FALSE,"donor_random"
"RNF11","D2_late_increasing","clean_D2",1,0.0141461916013973,1.00004594902884,0.0416099440928932,TRUE,0.0154447677835568,TRUE,TRUE,"donor_random"
"C6orf1","D2_late_increasing","clean_D2",1,0.0139395138707408,2.08104904153983,0.0380502287880195,TRUE,0.0152339946309758,TRUE,TRUE,"donor_random"
"SSNA1","D2_late_increasing","clean_D2",1,0.0124230841601141,2.22773799889118,0.0421732700683438,TRUE,0.0136702835541413,TRUE,TRUE,"donor_random"
"PSMC4","D2_late_increasing","clean_D2",1,0.00907724461742598,1.00006918896528,0.0605327662936762,TRUE,0.0100978701316241,TRUE,TRUE,"donor_random"
"NPC2","D2_late_increasing","clean_D2",1,0,4.7625784732924,-0.262345557709602,TRUE,0,FALSE,FALSE,"donor_random"
"SAT2","D2_late_increasing","clean_D2",1,0.998807912011747,1.00033176886411,-0.000294348453610205,TRUE,0.998807912011747,FALSE,FALSE,"donor_random"
"NDUFB11","D2_late_increasing","clean_D2",1,0,4.72885726277576,-0.269386079468173,TRUE,0,FALSE,FALSE,"donor_random"
"DCHS1","D2_late_increasing","clean_D2",1,0.00335584575689679,2.52779728748145,0.0570237081475189,TRUE,0.00384803646790832,TRUE,TRUE,"donor_random"
"HAS2","D2_late_increasing","clean_D2",1,2.17732916196756e-07,4.31623146660436,0.0937929744549378,TRUE,3.93892233508047e-07,TRUE,TRUE,"donor_random"
"NDUFA4","D2_late_increasing","clean_D2",1,0,4.81234315724826,-0.357712998767177,TRUE,0,FALSE,FALSE,"donor_random"
"ACTN1","D2_late_increasing","clean_D2",1,5.99307150737083e-05,2.71918461054446,0.199857338766006,TRUE,8.13137614713663e-05,TRUE,TRUE,"donor_random"
"RAB1B","D2_late_increasing","clean_D2",1,0.0414600744847994,2.84329568337763,-0.00801652288896768,TRUE,0.0438942834034145,FALSE,FALSE,"donor_random"
"HIGD2A","D2_late_increasing","clean_D2",1,0,4.68859987262974,-0.210390459373247,TRUE,0,FALSE,FALSE,"donor_random"
"TMEM160","D2_late_increasing","clean_D2",1,7.14487887530368e-05,4.24764760952262,-0.0537063417274776,TRUE,9.60093098868933e-05,FALSE,FALSE,"donor_random"
"ILVBL","D2_late_increasing","clean_D2",1,0.000552658611756407,1.00000870225219,0.0641315988516521,TRUE,0.000674533109108802,TRUE,TRUE,"donor_random"
"TMEM9","D2_late_increasing","clean_D2",1,0.050459018595204,1.61250646548584,0.104210922482404,TRUE,0.053169823552722,TRUE,FALSE,"donor_random"
"PMP22","D2_late_increasing","clean_D2",1,1.06396322987479e-05,3.34344847564089,0.0246253189337735,TRUE,1.59025520187167e-05,TRUE,TRUE,"donor_random"
"RIC8A","D2_late_increasing","clean_D2",1,0.166774764578167,2.2372733722521,0.0262952466470261,TRUE,0.172164530746437,TRUE,FALSE,"donor_random"
"COX7B","D2_late_increasing","clean_D2",1,0,4.75508958162562,-0.271221326739557,TRUE,0,FALSE,FALSE,"donor_random"
"YIPF3","D2_late_increasing","clean_D2",1,2.6056331098756e-05,4.49269312573635,-0.150569426311749,TRUE,3.67351553195577e-05,FALSE,FALSE,"donor_random"
"TEN1","D2_late_increasing","clean_D2",1,0.000458323765053281,1.75087190209103,0.0605775888156701,TRUE,0.000564945941928962,TRUE,TRUE,"donor_random"
"MRPS24","D2_late_increasing","none",1,4.77013311365182e-05,4.24975731599391,-0.118992761217209,TRUE,6.51957068589576e-05,FALSE,FALSE,"donor_random"
"FASTK","D2_late_increasing","clean_D2",1,0.0125306274936233,1.00004055424362,0.0534599183860298,TRUE,0.0137750654256351,TRUE,TRUE,"donor_random"
"FAM162A","D2_late_increasing","clean_D2",1,0.000162162466427695,4.31782527452254,-0.100480389282885,TRUE,0.000210322085227568,FALSE,FALSE,"donor_random"
"TSR3","D2_late_increasing","clean_D2",1,0.0155335906693303,3.4242621382729,-0.0156386781815756,TRUE,0.0168607323964187,FALSE,FALSE,"donor_random"
"PRELP","D2_late_increasing","clean_D2",1,0,4.39291881749224,0.237952960422046,TRUE,0,TRUE,TRUE,"donor_random"
"GORASP2","D2_late_increasing","clean_D2",1,0.00441587346284533,1.36373587472709,0.0629105698131011,TRUE,0.00500197216966675,TRUE,TRUE,"donor_random"
"ECH1","D2_late_increasing","clean_D2",1,0.0799753596331435,1.00037412416692,0.04820550954403,TRUE,0.0833294054705074,TRUE,FALSE,"donor_random"
"GSTO1","D2_late_increasing","clean_D2",1,0.0493444358023929,4.07753215259275,-0.0350533700414016,TRUE,0.0520444143651654,FALSE,FALSE,"donor_random"
"PRMT2","D2_late_increasing","clean_D2",1,0.604960297260165,1.00072168478491,0.023263316758927,TRUE,0.608771928296008,TRUE,FALSE,"donor_random"
"SUB1","D2_late_increasing","clean_D2",1,0.193972754375907,1.52132024888459,0.0910969478335633,TRUE,0.199504636055441,TRUE,FALSE,"donor_random"
"HLA-A","D2_late_increasing","clean_D2",1,0,4.84529224317829,-0.366123747979756,TRUE,0,FALSE,FALSE,"donor_random"
"ANXA2","D2_late_increasing","clean_D2",1,0,4.74124503185572,-0.0579225863692041,TRUE,0,FALSE,FALSE,"donor_random"
"CREB3","D2_late_increasing","clean_D2",1,1.18692757086203e-05,3.34041982083387,-0.0060144578694635,TRUE,1.7599270878299e-05,FALSE,FALSE,"donor_random"
"PLP2","D2_late_increasing","clean_D2",1,1.33223461976084e-05,1.00006995656673,0.157529574600302,TRUE,1.96236930815892e-05,TRUE,TRUE,"donor_random"
"ALDOA","D2_late_increasing","clean_D2",1,0,4.78198638298338,-0.280544606883103,TRUE,0,FALSE,FALSE,"donor_random"
"CCDC92","D2_late_increasing","clean_D2",1,0.0194595786138206,2.10254177076185,0.0645731116120786,TRUE,0.0209593534588164,TRUE,TRUE,"donor_random"
"IFITM1","D2_late_increasing","clean_D2",1,0.525731319121316,1.00101316275449,-0.0317920982376118,TRUE,0.529520373673541,FALSE,FALSE,"donor_random"
"SCAND1","D2_late_increasing","clean_D2",1,2.47446396672846e-06,4.58879405278564,-0.263968269961867,TRUE,3.96339643954501e-06,FALSE,FALSE,"donor_random"
"RPS19BP1","D2_late_increasing","none",1,0.000210355539988827,4.33389182167274,-0.0794094191398769,TRUE,0.000269081800580673,FALSE,FALSE,"donor_random"
"CD68","D2_late_increasing","clean_D2",1,0.000929500715148024,1.00056707264272,0.0565782587442634,TRUE,0.00112101596497895,TRUE,TRUE,"donor_random"
"NKIRAS2","D2_late_increasing","clean_D2",1,0.00292173699986881,1.00003783102029,0.0520652097443096,TRUE,0.00338497613041795,TRUE,TRUE,"donor_random"
"NRP2","D2_late_increasing","clean_D2",1,0.000170827063918855,4.20259135784946,0.188230530586187,TRUE,0.000220536555959907,TRUE,TRUE,"donor_random"
"PLXNA2","D2_late_increasing","clean_D2",1,0,4.79340735968215,0.391371474623051,TRUE,0,TRUE,TRUE,"donor_random"
"C4orf3","D2_late_increasing","clean_D2",1,0.000285072082821247,4.4891239445103,-0.239401636036493,TRUE,0.000359312952191831,FALSE,FALSE,"donor_random"
"RBCK1","D2_late_increasing","clean_D2",1,0.003077224100973,2.32550183635736,0.105108290821241,TRUE,0.00355774203194189,TRUE,TRUE,"donor_random"
"PKM","D2_late_increasing","clean_D2",1,0,4.69774123345169,-0.127725503131341,TRUE,0,FALSE,FALSE,"donor_random"
"MAGOHB","D2_late_increasing","clean_D2",1,6.64584522510614e-05,1.00038073771168,0.0575171699055236,TRUE,8.95187344779357e-05,TRUE,TRUE,"donor_random"
"MAP2K2","D2_late_increasing","clean_D2",1,0.816176417491964,1.00054103525022,0.012394653218492,TRUE,0.819842978217444,TRUE,FALSE,"donor_random"
"ORMDL3","D2_late_increasing","clean_D2",1,0.00592217359556668,3.89158902306845,-0.0226664065451418,TRUE,0.00666766372592503,FALSE,FALSE,"donor_random"
"CDIPT","D2_late_increasing","clean_D2",1,0.295718078822177,1.48929481772002,0.0421455088302221,TRUE,0.300011626246093,TRUE,FALSE,"donor_random"
"AGPAT1","D2_late_increasing","clean_D2",1,0.0209012330875871,3.92486079349441,-0.0564317752491785,TRUE,0.0224904510028127,FALSE,FALSE,"donor_random"
"CFL1","D2_late_increasing","clean_D2",1,0,4.89596859087785,-0.730879900873597,TRUE,0,FALSE,FALSE,"donor_random"
"PACS2","D2_late_increasing","clean_D2",1,0.257409966485299,1.00023666674287,0.0381768546957028,TRUE,0.262576954863653,TRUE,FALSE,"donor_random"
"GJA1","D2_late_increasing","clean_D2",1,0.000135497901428583,3.4852335808322,0.102464726556911,TRUE,0.000176970389949948,TRUE,TRUE,"donor_random"
"KDELR1","D2_late_increasing","clean_D2",1,2.68093565136684e-06,4.46005016665341,-0.118549671143005,TRUE,4.28796288730777e-06,FALSE,FALSE,"donor_random"
"ZNF593","D2_late_increasing","clean_D2",1,0.0269574076844868,1.00000819754346,0.0512427514752071,TRUE,0.0288129845040691,TRUE,TRUE,"donor_random"
"CORO1C","D2_late_increasing","clean_D2",1,0.213610704600212,2.91385224706227,0.0661865901891268,TRUE,0.219097952057832,TRUE,FALSE,"donor_random"
"RTN4RL2","D2_late_increasing","clean_D2",1,7.22963375535679e-05,1.00008266506524,0.0582869551049842,TRUE,9.70315790935041e-05,TRUE,TRUE,"donor_random"
"PSME2","D2_late_increasing","clean_D2",1,4.26060291902619e-06,4.68188286604749,-0.0740926842407877,TRUE,6.69951345073317e-06,FALSE,FALSE,"donor_random"
"AKR1B1","D2_late_increasing","clean_D2",1,0.0298734827223538,2.1440008337547,0.0365347854202883,TRUE,0.0318384687164838,TRUE,TRUE,"donor_random"
"CYSTM1","D2_late_increasing","clean_D2",1,9.03078090115361e-05,2.6190009072925,0.0587244035552521,TRUE,0.00011990989367565,TRUE,TRUE,"donor_random"
"SNX3","D2_late_increasing","clean_D2",1,6.37103578212672e-05,4.08313227535291,-0.0664888920868928,TRUE,8.60243720340299e-05,FALSE,FALSE,"donor_random"
"BCL7C","D2_late_increasing","clean_D2",1,2.74174387793202e-06,1.00001696937797,0.18238160465567,TRUE,4.37895665075429e-06,TRUE,TRUE,"donor_random"
"PODNL1","D2_late_increasing","clean_D2",1,0.00324770323743934,1.04065340538555,0.0853172517641765,TRUE,0.00373552697475018,TRUE,TRUE,"donor_random"
"GALNT15","D2_late_increasing","clean_D2",1,2.29825709757714e-06,4.01703753801616,0.174871725480442,TRUE,3.70237958946865e-06,TRUE,TRUE,"donor_random"
"PPP1R14B","D2_late_increasing","clean_D2",1,0,4.80771176490687,-0.537150501462258,TRUE,0,FALSE,FALSE,"donor_random"
"HOXB7","D2_late_increasing","clean_D2",1,0.0891329141031996,4.22898554331961,-0.0666693346552031,TRUE,0.0924402578547098,FALSE,FALSE,"donor_random"
"ADGRA2","D2_late_increasing","clean_D2",1,0.00858781394102914,3.17708119957928,0.204812798874097,TRUE,0.00956292428891492,TRUE,TRUE,"donor_random"
"NUCB2","D2_late_increasing","clean_D2",1,0,4.54660323568592,-0.00136990389516316,TRUE,0,FALSE,FALSE,"donor_random"
"ANXA5","D2_late_increasing","clean_D2",1,0,4.78080702229705,-0.245053438331358,TRUE,0,FALSE,FALSE,"donor_random"
"ATP5J2","D2_late_increasing","clean_D2",1,0,4.83643689889594,-0.374800211518413,TRUE,0,FALSE,FALSE,"donor_random"
"CAPNS1","D2_late_increasing","clean_D2",1,0,4.66271289898861,-0.274897827223105,TRUE,0,FALSE,FALSE,"donor_random"
"ATP5G3","D2_late_increasing","clean_D2",1,1.94863447658955e-05,4.62770386791162,-0.200601300169152,TRUE,2.80743987735453e-05,FALSE,FALSE,"donor_random"
"MBOAT7","D2_late_increasing","clean_D2",1,0.00029102265007297,1.43709661655974,0.065314479903869,TRUE,0.000366400138267545,TRUE,TRUE,"donor_random"
"WDR45","D2_late_increasing","clean_D2",1,0.0103489832291762,1.00004180399226,0.057924789944062,TRUE,0.0114442762118882,TRUE,TRUE,"donor_random"
"SLC35A4","D2_late_increasing","clean_D2",1,0.00319226791838145,1.00014927875066,0.0521900173095112,TRUE,0.00367554637770388,TRUE,TRUE,"donor_random"
"CSF1","D2_late_increasing","clean_D2",1,0,2.75248967417381,0.0752079938725958,TRUE,0,TRUE,TRUE,"donor_random"
"TES","D2_late_increasing","clean_D2",1,0.0253522212962835,1.00012491511663,0.0342505640183557,TRUE,0.0271492178249473,TRUE,TRUE,"donor_random"
"C11orf98","D2_late_increasing","clean_D2",1,0.726059076916634,1.00087884377293,-0.0149171159089659,TRUE,0.729976661864026,FALSE,FALSE,"donor_random"
"MRPS11","D2_late_increasing","none",1,0.895732491414996,1.22194676104319,0.00320995809628244,TRUE,0.896534400538913,TRUE,FALSE,"donor_random"
"PDIA6","D2_late_increasing","clean_D2",1,0.087506565106146,1.00265883826467,0.0929087724142729,TRUE,0.0909222488742298,TRUE,FALSE,"donor_random"
"NDUFS7","D2_late_increasing","clean_D2",1,0.0021867315980777,1.0002486026094,0.0875109543489793,TRUE,0.00254398119318508,TRUE,TRUE,"donor_random"
"CMBL","D2_late_increasing","clean_D2",1,2.99347262516791e-06,2.46411489804406,0.0605374994164381,TRUE,4.76738232897112e-06,TRUE,TRUE,"donor_random"
"POP7","D2_late_increasing","clean_D2",1,0.0039902426654666,1.00000433391866,0.0539612383698885,TRUE,0.00454749367990995,TRUE,TRUE,"donor_random"
"POLE4","D2_late_increasing","clean_D2",1,0.000468248180904851,2.56324571791279,0.0376838161774227,TRUE,0.000576543465034828,TRUE,TRUE,"donor_random"
"PREB","D2_late_increasing","clean_D2",1,0.000366207867731116,3.75982377365695,-0.0463267364609369,TRUE,0.000457452956562445,FALSE,FALSE,"donor_random"
"MPC2","D2_late_increasing","clean_D2",1,1.29895955791604e-05,3.41949683212779,-0.0206683556271533,TRUE,1.915879664578e-05,FALSE,FALSE,"donor_random"
"MIEN1","D2_late_increasing","clean_D2",1,7.46568464449204e-06,3.86792677756619,-0.0559460450401201,TRUE,1.14337471678659e-05,FALSE,FALSE,"donor_random"
"CA12","D2_late_increasing","clean_D2",1,0.169502320828119,1.00015580266369,0.0537321019870014,TRUE,0.174818814285827,TRUE,FALSE,"donor_random"
"PDGFD","D2_late_increasing","clean_D2",1,0,4.84858236830195,0.801674870061539,TRUE,0,TRUE,TRUE,"donor_random"
"COX14","D2_late_increasing","clean_D2",1,0.000790519493796327,1.0001190356145,0.0939301964925512,TRUE,0.000958569190959103,TRUE,TRUE,"donor_random"
"MINOS1","D2_late_increasing","clean_D2",1,0,4.63871908408232,-0.0829827764987101,TRUE,0,FALSE,FALSE,"donor_random"
"NTMT1","D2_late_increasing","clean_D2",1,0.231339003797025,1.00007396253593,0.0369651209376492,TRUE,0.236630380828064,TRUE,FALSE,"donor_random"
"MAPK6","D2_late_increasing","clean_D2",1,0.000378302121570973,3.8992890170297,0.16497701799249,TRUE,0.000471506992102951,TRUE,TRUE,"donor_random"
"FAM20A","D2_late_increasing","clean_D2",1,0,3.57136255736537,0.170257285962754,TRUE,0,TRUE,TRUE,"donor_random"
"GAPDH","D2_late_increasing","clean_D2",1,0,4.89934145029119,-0.623875366575431,TRUE,0,FALSE,FALSE,"donor_random"
"GADD45GIP1","D2_late_increasing","clean_D2",1,0.00112738835273574,4.4809021224151,-0.177437035918176,TRUE,0.00134804297150647,FALSE,FALSE,"donor_random"
"FIS1","D2_late_increasing","clean_D2",1,0,4.86191362514374,-0.336075795589799,TRUE,0,FALSE,FALSE,"donor_random"
"ASNA1","D2_late_increasing","clean_D2",1,0.000624252516953749,3.9923277363218,-0.0112131036786059,TRUE,0.000760255243958924,FALSE,FALSE,"donor_random"
"MAPKAPK2","D2_late_increasing","clean_D2",1,0.00335463087574195,2.06671746910428,0.0818264074624064,TRUE,0.00384803646790832,TRUE,TRUE,"donor_random"
"PCNXL3","D2_late_increasing","clean_D2",1,0.0139382744302316,1.00028753114053,0.039952637432653,TRUE,0.0152339946309758,TRUE,TRUE,"donor_random"
"KLF7","D2_late_increasing","clean_D2",1,0,4.75861476097312,0.352300326436775,TRUE,0,TRUE,TRUE,"donor_random"
"MEA1","D2_late_increasing","clean_D2",1,0.00434388726550261,3.22441389133026,0.00325360506041059,TRUE,0.00493042229729129,TRUE,TRUE,"donor_random"
"TMEM98","D2_late_increasing","clean_D2",1,0.0014431235263539,4.54554732220266,-0.108479240750198,TRUE,0.0017055096220546,FALSE,FALSE,"donor_random"
"DCTN1","D2_late_increasing","clean_D2",1,0.0251071459185438,3.18325949722577,-0.00230761607968083,TRUE,0.0269125495080843,FALSE,FALSE,"donor_random"
"APOL1","D2_late_increasing","clean_D2",1,0,3.96934434853663,0.0255331742745075,TRUE,0,TRUE,TRUE,"donor_random"
"SMPD1","D2_late_increasing","clean_D2",1,0.0482701476385962,3.42285682673982,-0.0128970665759444,TRUE,0.0509594193200666,FALSE,FALSE,"donor_random"
"MRPL55","D2_late_increasing","none",1,0.0265818147032076,3.35440168616476,-0.0285351931159673,TRUE,0.0284387261609437,FALSE,FALSE,"donor_random"
"RPN1","D2_late_increasing","clean_D2",1,0.000133087816594324,1.00024727492716,0.217798425755989,TRUE,0.000174433972980603,TRUE,TRUE,"donor_random"
"FRZB","D2_late_increasing","clean_D2",1,0.00424795521713156,2.12666317783482,0.0646841535613092,TRUE,0.00482643692352956,TRUE,TRUE,"donor_random"
"CLIP1","D2_late_increasing","clean_D2",1,0,4.78493773268222,0.518965253410836,TRUE,0,TRUE,TRUE,"donor_random"
"TMEM263","D2_late_increasing","clean_D2",1,0.258294098601981,1.00105115158076,0.0382203935574221,TRUE,0.26323865290521,TRUE,FALSE,"donor_random"
"CYC1","D2_late_increasing","clean_D2",1,0.0725905545260384,1.37312123587721,0.102996649100245,TRUE,0.075705447723984,TRUE,FALSE,"donor_random"
"DGCR6L","D2_late_increasing","clean_D2",1,0.881459868702439,1.00055722856758,0.0067430191442403,TRUE,0.884624895160975,TRUE,FALSE,"donor_random"
"R3HDM4","D2_late_increasing","clean_D2",1,0.0188138376880523,3.52535048003256,-0.0210047846590889,TRUE,0.0203029638371067,FALSE,FALSE,"donor_random"
"LSM7","D2_late_increasing","clean_D2",1,1.13600804978464e-05,4.46929403330219,-0.149904909332932,TRUE,1.69340933287897e-05,FALSE,FALSE,"donor_random"
"CARM1","D2_late_increasing","clean_D2",1,0.00408942448230193,1.00012534331942,0.0929519026167248,TRUE,0.00465104432473404,TRUE,TRUE,"donor_random"
"KCTD12","D2_late_increasing","clean_D2",1,0,4.66502835780724,0.0132614253429918,TRUE,0,TRUE,TRUE,"donor_random"
"SLC25A5","D2_late_increasing","clean_D2",1,0.0339683149966416,1.00060723667513,0.0893798526262119,TRUE,0.0360994070021343,TRUE,TRUE,"donor_random"
"CHMP1A","D2_late_increasing","clean_D2",1,0.0103211371168461,2.77418217582611,0.0523086490723283,TRUE,0.0114247834620138,TRUE,TRUE,"donor_random"
"ABHD17A","D2_late_increasing","clean_D2",1,0.885883060964383,1.00030699663279,-0.00633168403547898,TRUE,0.887977129400012,FALSE,FALSE,"donor_random"
"COX7A1","D2_late_increasing","clean_D2",1,0,4.80406801612274,-0.393943649676966,TRUE,0,FALSE,FALSE,"donor_random"
"TIAM2","D2_late_increasing","clean_D2",1,0,4.92383411652149,0.685207942358299,TRUE,0,TRUE,TRUE,"donor_random"
"AURKAIP1","D2_late_increasing","clean_D2",1,2.84771638325854e-07,4.38314383517366,-0.107490092624662,TRUE,5.10215852000488e-07,FALSE,FALSE,"donor_random"
"SLC31A1","D2_late_increasing","clean_D2",1,0.0664839003626273,1.7309136078025,0.0485248241760398,TRUE,0.0694663557059975,TRUE,FALSE,"donor_random"
"ARFGAP3","D2_late_increasing","clean_D2",1,5.97640569561242e-05,4.32121802651963,0.276671727007435,TRUE,8.11861672866912e-05,TRUE,TRUE,"donor_random"
"NME3","D2_late_increasing","clean_D2",1,0.0418269491241348,4.3729389640647,-0.122048218331767,TRUE,0.0442408033309202,FALSE,FALSE,"donor_random"
"MRPL41","D2_late_increasing","none",1,2.37976153875108e-05,4.58092655362207,-0.155181648326223,TRUE,3.37636218315191e-05,FALSE,FALSE,"donor_random"
"UFC1","D2_late_increasing","clean_D2",1,0.0290556502151454,4.21962581958537,-0.142749256244518,TRUE,0.0309963902104319,FALSE,FALSE,"donor_random"
"NDUFA2","D2_late_increasing","clean_D2",1,0,4.73613890680257,-0.177114980083329,TRUE,0,FALSE,FALSE,"donor_random"
"FSCN1","D2_late_increasing","clean_D2",1,1.07379671995256e-05,3.02514635853834,0.11555516131078,TRUE,1.60281005728566e-05,TRUE,TRUE,"donor_random"
"DLG1","D2_late_increasing","clean_D2",1,0,4.93947699037446,0.757182076998388,TRUE,0,TRUE,TRUE,"donor_random"
"PCED1A","D2_late_increasing","clean_D2",1,8.84657586462945e-05,1.86735550310004,0.0786589382294202,TRUE,0.000117743712103044,TRUE,TRUE,"donor_random"
"BLOC1S1","D2_late_increasing","clean_D2",1,0.00112080155598648,4.39359704918319,-0.106040052410504,TRUE,0.00134217434674122,FALSE,FALSE,"donor_random"
"COL8A2","D2_late_increasing","clean_D2",1,0.000295694531851853,3.53342585218841,0.153950721455214,TRUE,0.000371863314522353,TRUE,TRUE,"donor_random"
"LZTS1","D2_late_increasing","clean_D2",1,0.0138959808658935,3.73375590756598,0.0553264056721251,TRUE,0.0152161670989901,TRUE,TRUE,"donor_random"
"LSP1","D2_late_increasing","clean_D2",1,0,4.60676554793914,-0.333729935682573,TRUE,0,FALSE,FALSE,"donor_random"
"KIF1C","D2_late_increasing","clean_D2",1,0.198197450764465,1.0001484192057,0.036605585365234,TRUE,0.203475436138358,TRUE,FALSE,"donor_random"
"CMTM3","D2_late_increasing","clean_D2",1,0.0097740445680668,1.00018952115527,0.113405932431342,TRUE,0.0108406565745027,TRUE,TRUE,"donor_random"
"WDR46","D2_late_increasing","clean_D2",1,0.0641746575931716,1.00010133101598,0.0657927316474582,TRUE,0.0671162462012777,TRUE,FALSE,"donor_random"
"EFHD2","D2_late_increasing","clean_D2",1,2.5996367664094e-07,4.05092280885449,0.00252339131204787,TRUE,4.6801834216517e-07,TRUE,TRUE,"donor_random"
"MGP","D2_late_increasing","clean_D2",1,0,4.84091173357852,-0.513704070991207,TRUE,0,FALSE,FALSE,"donor_random"
"XPOT","D2_late_increasing","clean_D2",1,0.00553588179814268,1.68342521286617,0.0699138201832266,TRUE,0.00624532376420133,TRUE,TRUE,"donor_random"
"PKIG","D2_late_increasing","clean_D2",1,0.225519790278864,2.04729963584148,0.0489839768413105,TRUE,0.230889309095027,TRUE,FALSE,"donor_random"
"BCL3","D2_late_increasing","clean_D2",1,0,4.2242353351025,-0.0289805005946585,TRUE,0,FALSE,FALSE,"donor_random"
"ARHGDIA","D2_late_increasing","clean_D2",1,1.34434563037189e-05,4.30721934204998,-0.169237048221976,TRUE,1.97760317731023e-05,FALSE,FALSE,"donor_random"
"ZNF428","D2_late_increasing","clean_D2",1,0.000332466357625572,4.46340599007423,-0.0896714476757617,TRUE,0.000417637514410549,FALSE,FALSE,"donor_random"
"LOXL2","D2_late_increasing","clean_D2",1,0.0143245371290976,2.82990829792313,0.148917388822549,TRUE,0.0156242268393475,TRUE,TRUE,"donor_random"
"UQCR10","D2_late_increasing","clean_D2",1,0,4.71909384129114,-0.307789820708143,TRUE,0,FALSE,FALSE,"donor_random"
"RAB7B","D2_late_increasing","clean_D2",1,2.65947500589503e-05,1.00020223036286,0.0663736263856716,TRUE,3.73999126615175e-05,TRUE,TRUE,"donor_random"
"RABAC1","D2_late_increasing","clean_D2",1,0,4.84764687944852,-0.457813047993082,TRUE,0,FALSE,FALSE,"donor_random"
"DPM3","D2_late_increasing","clean_D2",1,1.00139550462952e-06,4.5339784387781,-0.0689071742956623,TRUE,1.68102128254625e-06,FALSE,FALSE,"donor_random"
"CSTB","D2_late_increasing","clean_D2",1,0,4.36385385086438,-0.0580331810974547,TRUE,0,FALSE,FALSE,"donor_random"
"TMUB1","D2_late_increasing","clean_D2",1,1.5894775207026e-05,1.0000014379487,0.0796198761373579,TRUE,2.32596317820092e-05,TRUE,TRUE,"donor_random"
"PSMB9","D2_late_increasing","clean_D2",1,4.24181055835859e-07,4.56100989990071,-0.0369502090524537,TRUE,7.48003817704244e-07,FALSE,FALSE,"donor_random"
"AP1S1","D2_late_increasing","clean_D2",1,4.27103996216149e-05,1.00012473181503,0.0539918326115086,TRUE,5.87333662693303e-05,TRUE,TRUE,"donor_random"
"MYL6","D2_late_increasing","clean_D2",1,0,4.92971650780685,-1.10048894954408,TRUE,0,FALSE,FALSE,"donor_random"
"LIMK1","D2_late_increasing","clean_D2",1,2.88842851885462e-05,3.01710387664852,0.109948495372502,TRUE,4.05686317095411e-05,TRUE,TRUE,"donor_random"
"GBP2","D2_late_increasing","clean_D2",1,0.00796908378580474,2.12953144692351,0.0608697139703902,TRUE,0.00891835402655626,TRUE,TRUE,"donor_random"
"AMPD2","D2_late_increasing","clean_D2",1,0.00199747108072124,3.01796516631591,0.101319637896123,TRUE,0.00232864720359368,TRUE,TRUE,"donor_random"
"BEST1","D2_late_increasing","clean_D2",1,0.182873569972753,1.00055264650329,0.0365318153373167,TRUE,0.18843562325303,TRUE,FALSE,"donor_random"
"CUEDC2","D2_late_increasing","clean_D2",1,0.245341639072394,1.00067194366188,0.0527004724528372,TRUE,0.250494933774371,TRUE,FALSE,"donor_random"
"ILF2","D2_late_increasing","clean_D2",1,0.110421023195496,1.00025978235059,0.0616885732622277,TRUE,0.114412144515816,TRUE,FALSE,"donor_random"
"TUBA1B","D2_late_increasing","clean_D2",1,0,4.77506607683737,-0.162764179632588,TRUE,0,FALSE,FALSE,"donor_random"
"SAC3D1","D2_late_increasing","clean_D2",1,0.0184663412740187,1.68293970606332,0.0642366480317932,TRUE,0.0199665082633975,TRUE,TRUE,"donor_random"
"GDI2","D2_late_increasing","clean_D2",1,0.0181698862685575,1.24058061096816,0.10290882498424,TRUE,0.0196649882364446,TRUE,TRUE,"donor_random"
"DCTD","D2_late_increasing","clean_D2",1,0.00674525962134298,1.0001090321011,0.0644125772367197,TRUE,0.00756389193245883,TRUE,TRUE,"donor_random"
"FAM127A","D2_late_increasing","clean_D2",1,0,4.7032832501468,-0.312069576328709,TRUE,0,FALSE,FALSE,"donor_random"
"RPN2","D2_late_increasing","clean_D2",1,0.000101356595571422,1.88330007528605,0.115183526730537,TRUE,0.00013410257260219,TRUE,TRUE,"donor_random"
"ATP5E","D2_late_increasing","clean_D2",1,0,4.92145045437133,-0.769262813651491,TRUE,0,FALSE,FALSE,"donor_random"
"CDC42EP1","D2_late_increasing","clean_D2",1,9.18445144082458e-05,4.07825008575881,-0.0778269066468784,TRUE,0.000121661335436515,FALSE,FALSE,"donor_random"
"PUF60","D2_late_increasing","clean_D2",1,0.00143430077465778,2.79812398778191,0.0425386100753897,TRUE,0.00169687647202899,TRUE,TRUE,"donor_random"
"INPPL1","D2_late_increasing","clean_D2",1,0.00435521833342656,2.3958488804355,0.0773933092056294,TRUE,0.00493826987502119,TRUE,TRUE,"donor_random"
"MYL6B","D2_late_increasing","clean_D2",1,0.137631877067292,1.6923997541801,0.063586947422237,TRUE,0.14247448014929,TRUE,FALSE,"donor_random"
"PKN1","D2_late_increasing","clean_D2",1,0.000212244843294185,1.00001825995771,0.0821147708513797,TRUE,0.00027118826834617,TRUE,TRUE,"donor_random"
"LTBP2","D2_late_increasing","clean_D2",1,4.47290584354443e-06,1.00000446110468,0.0891852739530393,TRUE,7.00379374381326e-06,TRUE,TRUE,"donor_random"
"COL15A1","D2_late_increasing","clean_D2",1,0,4.07875659634472,0.158598303194075,TRUE,0,TRUE,TRUE,"donor_random"
"NOP10","D2_late_increasing","clean_D2",1,4.2639925779131e-07,4.67304372951332,-0.225648282892008,TRUE,7.50731291670369e-07,FALSE,FALSE,"donor_random"
"RAB11FIP5","D2_late_increasing","clean_D2",1,0.000817632890598885,1.8463904508623,0.1246735973083,TRUE,0.000990372233683156,TRUE,TRUE,"donor_random"
"OXLD1","D2_late_increasing","clean_D2",1,3.81139833620092e-05,1.00017928030167,0.0646721809267778,TRUE,5.27369225231761e-05,TRUE,TRUE,"donor_random"
"DNM3OS","D2_late_increasing","clean_D2",1,0.00338904760706815,1.0005417906789,0.0617950094090396,TRUE,0.00387815273766857,TRUE,TRUE,"donor_random"
"LRRC75A","D2_late_increasing","clean_D2",1,4.36050684110567e-06,1.00000237883699,0.0846290672636957,TRUE,6.8382580911976e-06,TRUE,TRUE,"donor_random"
"XXYLT1","D2_late_increasing","clean_D2",1,0.00652320705581616,1.88130122010704,0.093099749394921,TRUE,0.00732223442610689,TRUE,TRUE,"donor_random"
"GCN1","D2_late_increasing","clean_D2",1,0.0111780325775069,2.771058818248,0.105076486967902,TRUE,0.0123123550952244,TRUE,TRUE,"donor_random"
"FAAP100","D2_late_increasing","clean_D2",1,1.83676568935032e-05,1.44387628477558,0.0788012458263154,TRUE,2.66342936536142e-05,TRUE,TRUE,"donor_random"
"PTGDS","D2_late_increasing","clean_D2",1,0,4.40207507801685,0.424490443446823,TRUE,0,TRUE,TRUE,"donor_random"
"CCL27","D2_late_increasing","clean_D2",1,0.0885312452402968,1.00122134744416,-0.106142869023257,TRUE,0.0919015154862134,FALSE,FALSE,"donor_random"
"CAPG","D2_late_increasing","clean_D2",1,3.26725416809892e-05,1.00033853765915,0.103324652128979,TRUE,4.56028734074231e-05,TRUE,TRUE,"donor_random"
"MYC","D2_late_increasing","clean_D2",1,0.260421572918087,1.00035856561177,0.0478971842574494,TRUE,0.265165135266322,TRUE,FALSE,"donor_random"
"MDFI","D2_late_increasing","clean_D2",1,1.60188076359646e-05,4.50405503814093,-0.143708151745784,TRUE,2.34104927281156e-05,FALSE,FALSE,"donor_random"
"B4GALT7","D2_late_increasing","clean_D2",1,5.98002589946578e-07,2.94214613676865,0.0358317080625588,TRUE,1.03814735335446e-06,TRUE,TRUE,"donor_random"
"PSMD8","D2_late_increasing","clean_D2",1,8.82148315162201e-06,4.46140239137674,-0.100291762436569,TRUE,1.33818428270196e-05,FALSE,FALSE,"donor_random"
"IMP4","D2_late_increasing","clean_D2",1,0.000348502821492014,1.00000325113095,0.0684314576988834,TRUE,0.00043631148312214,TRUE,TRUE,"donor_random"
"APRT","D2_late_increasing","clean_D2",1,0,4.77704688616192,-0.203063697676082,TRUE,0,FALSE,FALSE,"donor_random"
"PTGES2","D2_late_increasing","clean_D2",1,0.000220707564073552,1.00000203046597,0.0752125874499804,TRUE,0.000281679288395241,TRUE,TRUE,"donor_random"
"SLC35E1","D2_late_increasing","clean_D2",1,0.00182337244820463,1.00004823475662,0.0667131061043413,TRUE,0.00213012580678451,TRUE,TRUE,"donor_random"
"ANO1","D2_late_increasing","clean_D2",1,9.40454518316702e-07,1.00017603656905,0.0809049454179768,TRUE,1.59307295678496e-06,TRUE,TRUE,"donor_random"
"SEC61B","D2_late_increasing","clean_D2",1,0,4.72864324586265,-0.125206337883535,TRUE,0,FALSE,FALSE,"donor_random"
"TTC3","D2_late_increasing","clean_D2",1,2.29251136479869e-06,4.21424961837607,0.415832751878739,TRUE,3.69845267798692e-06,TRUE,TRUE,"donor_random"
"POLR2G","D2_late_increasing","clean_D2",1,0.00169359145270681,3.33241747994386,0.00555453787432475,TRUE,0.00198672986902757,TRUE,TRUE,"donor_random"
"TIMM13","D2_late_increasing","clean_D2",1,0.0159730423245525,4.35564550291384,-0.124760550084619,TRUE,0.0173209130153732,FALSE,FALSE,"donor_random"
"TMED2","D2_late_increasing","clean_D2",1,0.023646293633582,1.00075601492039,0.113012936002749,TRUE,0.0253953470531649,TRUE,TRUE,"donor_random"
"MMP14","D2_late_increasing","clean_D2",1,0.00169529543385716,2.31139862347961,0.108418581598974,TRUE,0.00198672986902757,TRUE,TRUE,"donor_random"
"UBA1","D2_late_increasing","clean_D2",1,0.0560012694790066,1.00028545914983,0.0711156310024514,TRUE,0.058733038721885,TRUE,FALSE,"donor_random"
"APLNR","D2_late_increasing","clean_D2",1,0.0073888466057126,2.51578331278899,0.0513275804576031,TRUE,0.00827728507533736,TRUE,TRUE,"donor_random"
"DGKZ","D2_late_increasing","clean_D2",1,0,1.00015026179247,0.0753453918451841,TRUE,0,TRUE,TRUE,"donor_random"
"ELN","D2_late_increasing","clean_D2",1,6.35436973983605e-06,3.49393095566237,0.339335219474883,TRUE,9.77191935232009e-06,TRUE,TRUE,"donor_random"
"PRELID1","D2_late_increasing","clean_D2",1,3.99548170245678e-05,4.67804426639084,-0.170971711393506,TRUE,5.51475128808232e-05,FALSE,FALSE,"donor_random"
"SIRT2","D2_late_increasing","clean_D2",1,0.00122580307328718,1.00000956782886,0.102206662934165,TRUE,0.00145947586361562,TRUE,TRUE,"donor_random"
"IL32","D2_late_increasing","clean_D2",1,1.50097409790106e-06,3.38678258740062,0.0892158842166697,TRUE,2.47871350288536e-06,TRUE,TRUE,"donor_random"
"CHRD","D2_late_increasing","clean_D2",1,2.53934796511368e-05,1.00012289375394,0.173740484718352,TRUE,3.58911634007218e-05,TRUE,TRUE,"donor_random"
"BAX","D2_late_increasing","clean_D2",1,0.0143494176271241,1.00020110012872,0.0783713855759235,TRUE,0.0156361100459306,TRUE,TRUE,"donor_random"
"PLEKHO1","D2_late_increasing","clean_D2",1,0.241668583148769,1.00001131364981,0.0384608658673865,TRUE,0.246970270530461,TRUE,FALSE,"donor_random"
"TSPAN4","D2_late_increasing","clean_D2",1,0,4.328921428912,-0.0836040357895086,TRUE,0,FALSE,FALSE,"donor_random"
"TCEB2","D2_late_increasing","clean_D2",1,0,4.8694604943504,-0.578434953439208,TRUE,0,FALSE,FALSE,"donor_random"
"ATP8B2","D2_late_increasing","clean_D2",1,0.0144610088053353,1.54729839586973,0.117798560293475,TRUE,0.0157270504322615,TRUE,TRUE,"donor_random"
"ATP6V0E1","D2_late_increasing","clean_D2",1,0,4.57865448318569,-0.193867251912962,TRUE,0,FALSE,FALSE,"donor_random"
"SPOP","D2_late_increasing","clean_D2",1,0.000169499864546174,1.00008689190485,0.107632515558349,TRUE,0.000219076125505922,TRUE,TRUE,"donor_random"
"DUSP23","D2_late_increasing","clean_D2",1,0.033945101438505,2.56556744678062,0.0108148001778908,TRUE,0.0360994070021343,TRUE,TRUE,"donor_random"
"CCND2","D2_late_increasing","clean_D2",1,3.78163395237663e-05,1.00000760808544,0.0776340394131717,TRUE,5.23899226611781e-05,TRUE,TRUE,"donor_random"
"SLC3A2","D2_late_increasing","clean_D2",1,0.000457757907602496,3.83478346359125,-0.0382954609472783,TRUE,0.000564871236975266,FALSE,FALSE,"donor_random"
"TMEM205","D2_late_increasing","clean_D2",1,0,3.15902034485817,0.0490963658118327,TRUE,0,TRUE,TRUE,"donor_random"
"COMMD7","D2_late_increasing","clean_D2",1,9.70848020664938e-06,1.0001023365313,0.0749274205868011,TRUE,1.4569236068502e-05,TRUE,TRUE,"donor_random"
"UBTD1","D2_late_increasing","clean_D2",1,0.0465351124643826,1.13538794870199,0.0684451987984963,TRUE,0.0491741547591491,TRUE,TRUE,"donor_random"
"SPNS1","D2_late_increasing","clean_D2",1,0.000525256571376642,1.00003652486403,0.0802509748871154,TRUE,0.000643194793865373,TRUE,TRUE,"donor_random"
"MRGPRF","D2_late_increasing","clean_D2",1,-4.99730367087281e-08,3.57064094493198,0.0506181614846555,TRUE,-5.5869855040358e-05,TRUE,TRUE,"donor_random"
"PIGP","D2_late_increasing","clean_D2",1,0.311451635640628,1.00018818912186,0.0261900337797186,TRUE,0.315687151991135,TRUE,FALSE,"donor_random"
"DDT","D2_late_increasing","clean_D2",1,0,4.50780904159828,-0.159250666816305,TRUE,0,FALSE,FALSE,"donor_random"
"CPNE1","D2_late_increasing","clean_D2",1,5.4200011124772e-06,3.90530976357898,-0.00717329289896512,TRUE,8.39274410491622e-06,FALSE,FALSE,"donor_random"
"TSPAN9","D2_late_increasing","clean_D2",1,0.00119681087992451,4.03565777428481,0.255610650162819,TRUE,0.00142647608076291,TRUE,TRUE,"donor_random"
"NDUFA13","D2_late_increasing","clean_D2",1,0,4.89515652633289,-0.506492072093053,TRUE,0,FALSE,FALSE,"donor_random"
"PTPN14","D2_late_increasing","clean_D2",1,4.80237121069926e-07,4.5542782691579,0.394808869055334,TRUE,8.40227075674769e-07,TRUE,TRUE,"donor_random"
"MXD4","D2_late_increasing","clean_D2",1,0,3.62185798626818,0.0396014277613028,TRUE,0,TRUE,TRUE,"donor_random"
"PPP2R1A","D2_late_increasing","clean_D2",1,9.69622878627119e-06,1.0001024018787,0.152328128894256,TRUE,1.4569236068502e-05,TRUE,TRUE,"donor_random"
"ACAN","D2_late_increasing","clean_D2",1,0.000223820663766416,2.48244325990237,0.126631178105005,TRUE,0.000285326684254109,TRUE,TRUE,"donor_random"
"STARD10","D2_late_increasing","clean_D2",1,0.000631891409671514,2.15520989894379,0.0562677620668759,TRUE,0.000768720996749459,TRUE,TRUE,"donor_random"
"TCEAL8","D2_late_increasing","clean_D2",1,1.01390212847718e-06,4.36197547261253,-0.0708976361205542,TRUE,1.69438352711135e-06,FALSE,FALSE,"donor_random"
"NUDT22","D2_late_increasing","clean_D2",1,0.00808671498375457,1.00007049267415,0.0677369147847732,TRUE,0.00904094735183761,TRUE,TRUE,"donor_random"
"TACSTD2","D2_late_increasing","clean_D2",1,0.00484465162439068,1.00013128769484,0.0709410246574139,TRUE,0.00548210578549472,TRUE,TRUE,"donor_random"
"CD248","D2_late_increasing","clean_D2",1,0,4.6907759799526,-0.165759052589227,TRUE,0,FALSE,FALSE,"donor_random"
"GOLGA2","D2_late_increasing","clean_D2",1,5.56325277478731e-06,3.86009637150256,0.315618608375026,TRUE,8.60265090209158e-06,TRUE,TRUE,"donor_random"
"HSD3B7","D2_late_increasing","clean_D2",1,0.0104519447917077,2.88447051520476,0.0350667121196134,TRUE,0.0115467137125783,TRUE,TRUE,"donor_random"
"TAX1BP3","D2_late_increasing","clean_D2",1,0,4.68636821205896,-0.174549112099916,TRUE,0,FALSE,FALSE,"donor_random"
"GLRX","D2_late_increasing","clean_D2",1,8.95379835709198e-05,2.31038181851462,0.0762176754205443,TRUE,0.000119029091120438,TRUE,TRUE,"donor_random"
"FAM96B","D2_late_increasing","clean_D2",1,0.000119817384223675,1.00019105244926,0.114397363258868,TRUE,0.000157595100661257,TRUE,TRUE,"donor_random"
"CYP1B1","D2_late_increasing","clean_D2",1,0,4.31605336730724,0.0674676812233456,TRUE,0,TRUE,TRUE,"donor_random"
"LTBR","D2_late_increasing","clean_D2",1,3.48313799602984e-06,2.42297447075791,0.0840883658499201,TRUE,5.5236145809381e-06,TRUE,TRUE,"donor_random"
"SERPINB6","D2_late_increasing","clean_D2",1,7.86571440641315e-05,1.80365352780714,0.0933467273393472,TRUE,0.000105315792890657,TRUE,TRUE,"donor_random"
"MFSD12","D2_late_increasing","clean_D2",1,8.6805534938339e-05,1.55577024373735,0.0762371395745454,TRUE,0.000115671737855856,TRUE,TRUE,"donor_random"
"FKBP1A","D2_late_increasing","clean_D2",1,0,4.71042715237017,-0.109443154767811,TRUE,0,FALSE,FALSE,"donor_random"
"NCLN","D2_late_increasing","clean_D2",1,0.0144108842264429,1.73851424775539,0.062690864442343,TRUE,0.0156877980186594,TRUE,TRUE,"donor_random"
"NTM","D2_late_increasing","clean_D2",1,0.000407911944204642,2.32590857719516,0.155281944501766,TRUE,0.000507845828085512,TRUE,TRUE,"donor_random"
"FAM173A","D2_late_increasing","clean_D2",1,0.000124314597523489,1.00003084688809,0.0786902907964222,TRUE,0.000163318119895724,TRUE,TRUE,"donor_random"
"TMEM141","D2_late_increasing","clean_D2",1,4.24313479117644e-05,4.366993579122,-0.080613858023567,TRUE,5.84214864105328e-05,FALSE,FALSE,"donor_random"
"RNF181","D2_late_increasing","clean_D2",1,0,4.65418019699552,-0.165353750981318,TRUE,0,FALSE,FALSE,"donor_random"
"FBLN2","D2_late_increasing","clean_D2",1,0,3.28411689283949,0.517926352997331,TRUE,0,TRUE,TRUE,"donor_random"
"CTD-3214H19.16","D2_late_increasing","clean_D2",1,0,4.75830151177483,-0.174209519471327,TRUE,0,FALSE,FALSE,"donor_random"
"ARHGAP22","D2_late_increasing","clean_D2",1,0.00335942997403055,1.00023968456717,0.0828302723636313,TRUE,0.00384819949894073,TRUE,TRUE,"donor_random"
"MRPL3","D2_late_increasing","none",1,0.288497921195176,2.11328764402155,0.0040762338183882,TRUE,0.2929524758367,TRUE,FALSE,"donor_random"
"YIPF5","D2_late_increasing","clean_D2",1,0.00361633312361326,1.00140554796848,0.127403917008172,TRUE,0.004134008621881,TRUE,TRUE,"donor_random"
"APOBEC3C","D2_late_increasing","clean_D2",1,0.000530605061854927,3.34516635438552,0.0304193361196867,TRUE,0.000648323999075201,TRUE,TRUE,"donor_random"
"PSMB3","D2_late_increasing","clean_D2",1,0,3.81564117016498,0.0335697037219684,TRUE,0,TRUE,TRUE,"donor_random"
"C1orf54","D2_late_increasing","clean_D2",1,1.14207597615712e-05,2.36094107399864,0.0810930742211372,TRUE,1.69792678370168e-05,TRUE,TRUE,"donor_random"
"FAM57A","D2_late_increasing","clean_D2",1,0.000862604381936416,1.0000980521775,0.0744875010844817,TRUE,0.00104258562054585,TRUE,TRUE,"donor_random"
"NUDT2","D2_late_increasing","clean_D2",1,0.000134904836690819,1.00004698784666,0.0690026257599066,TRUE,0.000176401880023784,TRUE,TRUE,"donor_random"
"AP2M1","D2_late_increasing","clean_D2",1,0,4.53544578947668,-0.120048777197625,TRUE,0,FALSE,FALSE,"donor_random"
"MYO18A","D2_late_increasing","clean_D2",1,3.97755311259962e-06,4.36493248298611,0.279414137271168,TRUE,6.28093838967002e-06,TRUE,TRUE,"donor_random"
"TOMM5","D2_late_increasing","clean_D2",1,0.0100106453739776,4.02364792951561,-0.063011631464875,TRUE,0.0110920728722566,FALSE,FALSE,"donor_random"
"C1orf216","D2_late_increasing","clean_D2",1,0.275747873981501,1.44876837297989,0.0333493414326595,TRUE,0.280515125669989,TRUE,FALSE,"donor_random"
"ELOVL1","D2_late_increasing","clean_D2",1,0.197586369990236,1.00004671735684,0.0449574923798861,TRUE,0.203034523574526,TRUE,FALSE,"donor_random"
"MMP24-AS1","D2_late_increasing","clean_D2",1,0.00233358096642367,1.00786753411347,0.170276679805275,TRUE,0.00271199950151939,TRUE,TRUE,"donor_random"
"CCDC85B","D2_late_increasing","clean_D2",1,1.96928403839447e-06,4.5960221914984,-0.233835778146185,TRUE,3.2047446214338e-06,FALSE,FALSE,"donor_random"
"COX5A","D2_late_increasing","clean_D2",1,7.94375144055892e-05,4.16506438927054,-0.0130438369874194,TRUE,0.000106233422374939,FALSE,FALSE,"donor_random"
"GTF2H5","D2_late_increasing","clean_D2",1,4.93663667253119e-05,2.38791028465523,0.0787400945490494,TRUE,6.73890085456639e-05,TRUE,TRUE,"donor_random"
"RALA","D2_late_increasing","clean_D2",1,0.00316513058175011,2.76650071873754,0.134844497113617,TRUE,0.00365182248750941,TRUE,TRUE,"donor_random"
"CTSD","D2_late_increasing","clean_D2",1,0,4.23424212234726,-0.0260115391099229,TRUE,0,FALSE,FALSE,"donor_random"
"FAM210B","D2_late_increasing","clean_D2",1,0.00052071965639322,1.00008987482099,0.0725167453214924,TRUE,0.00063833835071011,TRUE,TRUE,"donor_random"
"YKT6","D2_late_increasing","clean_D2",1,2.2818460843177e-05,3.54586817982661,0.00668588752923785,TRUE,3.25811484325311e-05,TRUE,TRUE,"donor_random"
"RP11-492E3.51","D2_late_increasing","clean_D2",1,1.55757228315068e-06,1.00004431412052,0.129459096055442,TRUE,2.56460355311113e-06,TRUE,TRUE,"donor_random"
"SEPW1","D2_late_increasing","clean_D2",1,0,4.74823994655344,-0.202036712500857,TRUE,0,FALSE,FALSE,"donor_random"
"PTPRD","D2_late_increasing","clean_D2",1,0,4.92802991514011,0.569973112985276,TRUE,0,TRUE,TRUE,"donor_random"
"USP11","D2_late_increasing","clean_D2",1,0.00407296542748309,1.00017545297335,0.0751818582114804,TRUE,0.00463704210583105,TRUE,TRUE,"donor_random"
"IFNGR2","D2_late_increasing","clean_D2",1,4.93199516998777e-06,1.00009717561629,0.116756179120145,TRUE,7.71184699307178e-06,TRUE,TRUE,"donor_random"
"SLC52A2","D2_late_increasing","clean_D2",1,0.000177042509522496,1.00002678325815,0.0700582849900421,TRUE,0.000228297030733738,TRUE,TRUE,"donor_random"
"CFH","D2_late_increasing","clean_D2",1,0,4.57118204764677,0.225126967392728,TRUE,0,TRUE,TRUE,"donor_random"
"PRKAR2A","D2_late_increasing","clean_D2",1,1.93806269804808e-05,4.44279356179956,0.324764754441835,TRUE,2.79942389718056e-05,TRUE,TRUE,"donor_random"
"SNRPC","D2_late_increasing","clean_D2",1,0.000158216547067158,3.822721917383,0.0175892540208622,TRUE,0.00020544262441473,TRUE,TRUE,"donor_random"
"CHID1","D2_late_increasing","clean_D2",1,0,4.47818167639675,-0.0925222406502627,TRUE,0,FALSE,FALSE,"donor_random"
"MSC","D2_late_increasing","clean_D2",1,0,3.98043550867778,0.0138739656225129,TRUE,0,TRUE,TRUE,"donor_random"
"DNLZ","D2_late_increasing","clean_D2",1,2.10385264803881e-05,3.93155758899834,-0.0260511851274532,TRUE,3.01552212885562e-05,FALSE,FALSE,"donor_random"
"REXO2","D2_late_increasing","clean_D2",1,3.16915220077707e-05,3.5600785262194,0.0131974187179806,TRUE,4.42889020058596e-05,TRUE,TRUE,"donor_random"
"IFI35","D2_late_increasing","clean_D2",1,0,4.48379690298955,-0.0273259017810371,TRUE,0,FALSE,FALSE,"donor_random"
"RAB31","D2_late_increasing","clean_D2",1,0.001456788532121,3.63380466050979,0.01242403346491,TRUE,0.00171984116041318,TRUE,TRUE,"donor_random"
"PRDX5","D2_late_increasing","clean_D2",1,0,4.83973905735994,-0.442031434886917,TRUE,0,FALSE,FALSE,"donor_random"
"UFD1L","D2_late_increasing","clean_D2",1,0.012915742563322,3.94012685045645,-0.0514085289531498,TRUE,0.0141844795538251,FALSE,FALSE,"donor_random"
"ICAM3","D2_late_increasing","clean_D2",1,8.98051362302477e-06,3.66124103620533,0.0358901755636259,TRUE,1.35722657182824e-05,TRUE,TRUE,"donor_random"
"SNHG18","D2_late_increasing","clean_D2",1,0.0534940671308845,1.76641561067367,0.0928039660146585,TRUE,0.056156213194675,TRUE,FALSE,"donor_random"
"PSENEN","D2_late_increasing","clean_D2",1,0.00178769620778785,4.27879761772683,-0.0861595236372991,TRUE,0.00209063217605315,FALSE,FALSE,"donor_random"
"SEC31A","D2_late_increasing","clean_D2",1,0,4.03200262235633,0.430320123724092,TRUE,0,TRUE,TRUE,"donor_random"
"EPN1","D2_late_increasing","clean_D2",1,0.00316030446819426,1.21263199265555,0.127257430697715,TRUE,0.00365002106967065,TRUE,TRUE,"donor_random"
"SH3BGRL3","D2_late_increasing","clean_D2",1,0,4.87231170452003,-0.619030849236568,TRUE,0,FALSE,FALSE,"donor_random"
"SAE1","D2_late_increasing","clean_D2",1,0.000759997573164473,1.38454988645711,0.112913108656891,TRUE,0.000922559486208339,TRUE,TRUE,"donor_random"
"HSPA12B","D2_late_increasing","clean_D2",1,2.58409446396435e-07,1.00008737737417,0.0983665781026313,TRUE,4.65970582372926e-07,TRUE,TRUE,"donor_random"
"NAA38","D2_late_increasing","clean_D2",1,0,4.74747853542323,-0.238688176239184,TRUE,0,FALSE,FALSE,"donor_random"
"CLEC2A","D2_late_increasing","clean_D2",1,1.49494496616831e-05,1.33365836767915,0.078347189734629,TRUE,2.19256550056289e-05,TRUE,TRUE,"donor_random"
"SEC23A","D2_late_increasing","clean_D2",1,0,4.53553455661981,0.338161449421191,TRUE,0,TRUE,TRUE,"donor_random"
"TENM4","D2_late_increasing","clean_D2",1,1.16367416147511e-07,4.41706110684877,0.459536264699019,TRUE,2.11887249597586e-07,TRUE,TRUE,"donor_random"
"CILP","D2_late_increasing","clean_D2",1,3.57427965176904e-05,2.948338419009,0.116296674569064,TRUE,4.96403062195998e-05,TRUE,TRUE,"donor_random"
"CCL2","D2_late_increasing","clean_D2",1,0.000500261013966108,2.45968810947993,0.141769240035828,TRUE,0.000613931738325037,TRUE,TRUE,"donor_random"
"LAMTOR1","D2_late_increasing","clean_D2",1,0,4.5515596050062,-0.103244062861605,TRUE,0,FALSE,FALSE,"donor_random"
"TP53TG1","D2_late_increasing","clean_D2",1,0.000108785122694577,3.67501885371467,0.00720795070610783,TRUE,0.000143760954104654,TRUE,TRUE,"donor_random"
"SEPN1","D2_late_increasing","clean_D2",1,7.97497083315779e-06,3.96268953848399,-0.0223627891489519,TRUE,1.2147162658679e-05,FALSE,FALSE,"donor_random"
"BRE","D2_late_increasing","clean_D2",1,0,4.88930072214885,0.881373367989684,TRUE,0,TRUE,TRUE,"donor_random"
"SIGMAR1","D2_late_increasing","clean_D2",1,0.373176086362895,2.01532599654408,0.0309258191895699,TRUE,0.376884249822688,TRUE,FALSE,"donor_random"
"DEF8","D2_late_increasing","clean_D2",1,0.00370301076331808,1.00012922542221,0.0755289620385069,TRUE,0.00422877020775242,TRUE,TRUE,"donor_random"
"CXCL12","D2_late_increasing","clean_D2",1,0,3.62377885945624,0.32417671535782,TRUE,0,TRUE,TRUE,"donor_random"
"CCDC8","D2_late_increasing","clean_D2",1,0.000423153697219125,3.96650560130697,0.0206253377899197,TRUE,0.00052448540298335,TRUE,TRUE,"donor_random"
"MRPL27","D2_late_increasing","none",1,0.000493734644334942,1.47790106805337,0.0995622250240617,TRUE,0.000606588277325786,TRUE,TRUE,"donor_random"
"GSTK1","D2_late_increasing","clean_D2",1,0.000182191522442587,2.84447214836275,0.0872797355083246,TRUE,0.000234126577115877,TRUE,TRUE,"donor_random"
"NFE2L1","D2_late_increasing","clean_D2",1,3.4263594140993e-05,1.00015750142428,0.117720263420523,TRUE,4.76451470766545e-05,TRUE,TRUE,"donor_random"
"PDIA4","D2_late_increasing","clean_D2",1,6.57629374067881e-07,4.78593518408778,-0.161652556875445,TRUE,1.13636729552997e-06,FALSE,FALSE,"donor_random"
"CAP1","D2_late_increasing","clean_D2",1,0.0191681853007306,3.31358887832644,0.00796673975658385,TRUE,0.0206654109606719,TRUE,TRUE,"donor_random"
"ABHD14A","D2_late_increasing","clean_D2",1,0,3.59093061270913,0.0187632310590759,TRUE,0,TRUE,TRUE,"donor_random"
"PLGRKT","D2_late_increasing","clean_D2",1,0.000166003659373692,1.37588226259027,0.0953591344753386,TRUE,0.000215054566836371,TRUE,TRUE,"donor_random"
"SERP1","D2_late_increasing","clean_D2",1,0,4.76124024444639,-0.210159105987398,TRUE,0,FALSE,FALSE,"donor_random"
"FAAP20","D2_late_increasing","clean_D2",1,0.0225094576860094,1.00037157023086,0.106143392699339,TRUE,0.0241976670124601,TRUE,TRUE,"donor_random"
"PPP4C","D2_late_increasing","clean_D2",1,3.3178385149768e-05,1.00021736760709,0.129390033938626,TRUE,4.62494638328101e-05,TRUE,TRUE,"donor_random"
"NRN1","D2_late_increasing","clean_D2",1,0.0827376572459265,2.76502089100606,-0.0675553769969943,TRUE,0.086127281937566,FALSE,FALSE,"donor_random"
"ITGB5","D2_late_increasing","clean_D2",1,0,2.71633102591301,0.546212052266345,TRUE,0,TRUE,TRUE,"donor_random"
"PDZD11","D2_late_increasing","clean_D2",1,0.0529197904756816,1.00057262012689,0.0441178205271692,TRUE,0.0556055693156128,TRUE,FALSE,"donor_random"
"CLTB","D2_late_increasing","clean_D2",1,4.7424229660975e-05,4.17248656406155,0.0222845197607529,TRUE,6.48963142729132e-05,TRUE,TRUE,"donor_random"
"TADA3","D2_late_increasing","clean_D2",1,0.00171600178450904,1.00059577831734,0.121228550976986,TRUE,0.00200889004720534,TRUE,TRUE,"donor_random"
"MZT2A","D2_late_increasing","clean_D2",1,0.00161266859859116,4.22304583146197,-0.0588410178365835,TRUE,0.00189785630865781,FALSE,FALSE,"donor_random"
"PTGIS","D2_late_increasing","clean_D2",1,0,3.83130803557214,0.14925415759068,TRUE,0,TRUE,TRUE,"donor_random"
"FGGY","D2_late_increasing","clean_D2",1,0,4.83145996917894,0.31752248152066,TRUE,0,TRUE,TRUE,"donor_random"
"HSPB6","D2_late_increasing","clean_D2",1,0,4.4015572969104,-0.0781334634439019,TRUE,0,FALSE,FALSE,"donor_random"
"C19orf70","D2_late_increasing","clean_D2",1,0,4.77005366042983,-0.257472144480299,TRUE,0,FALSE,FALSE,"donor_random"
"PPP1CA","D2_late_increasing","clean_D2",1,0.00043336100945679,1.00031147028564,0.112005960724413,TRUE,0.000535948682049437,TRUE,TRUE,"donor_random"
"TMEM54","D2_late_increasing","clean_D2",1,0.0111195140194868,2.09073019404575,0.0772187382151144,TRUE,0.0122599769958444,TRUE,TRUE,"donor_random"
"SSR2","D2_late_increasing","clean_D2",1,0,4.75717369933976,-0.345390638857378,TRUE,0,FALSE,FALSE,"donor_random"
"SPHK1","D2_late_increasing","clean_D2",1,0.0341730534052872,3.11789812170815,-0.00286889559258069,TRUE,0.0362825011463543,FALSE,FALSE,"donor_random"
"LY6E","D2_late_increasing","clean_D2",1,0,4.88407915556395,-0.520256175342811,TRUE,0,FALSE,FALSE,"donor_random"
"TMEM120B","D2_late_increasing","clean_D2",1,0,4.79324708472936,0.382561731762349,TRUE,0,TRUE,TRUE,"donor_random"
"PRSS23","D2_late_increasing","clean_D2",1,0,4.31651277458656,0.168660629346686,TRUE,0,TRUE,TRUE,"donor_random"
"DCN","D2_late_increasing","clean_D2",1,0,4.85653294464745,-0.36204560158996,TRUE,0,FALSE,FALSE,"donor_random"
"C17orf89","D2_late_increasing","clean_D2",1,0,4.80363783106889,-0.235006950447616,TRUE,0,FALSE,FALSE,"donor_random"
"GSDMD","D2_late_increasing","clean_D2",1,1.5147362715795e-06,2.07307127983284,0.107009787966219,TRUE,2.49775096110012e-06,TRUE,TRUE,"donor_random"
"NFATC2","D2_late_increasing","clean_D2",1,0,4.84788229125138,0.594923129009834,TRUE,0,TRUE,TRUE,"donor_random"
"PRKCSH","D2_late_increasing","clean_D2",1,0.00297437068639245,3.3723704081709,0.0124033035073928,TRUE,0.00344238760599043,TRUE,TRUE,"donor_random"
"CENPP","D2_late_increasing","clean_D2",1,0,3.94294882078006,0.29231566046886,TRUE,0,TRUE,TRUE,"donor_random"
"FBXW5","D2_late_increasing","clean_D2",1,9.10149695981244e-05,3.06841355985031,0.0512330532639074,TRUE,0.000120705499419577,TRUE,TRUE,"donor_random"
"DDRGK1","D2_late_increasing","clean_D2",1,0.0010993289544392,1.00014218797671,0.0808622686659089,TRUE,0.00131872293032514,TRUE,TRUE,"donor_random"
"CTC-479C5.12","D2_late_increasing","clean_D2",1,2.94965727190566e-05,1.00008128396574,0.105293434087138,TRUE,4.13766227100443e-05,TRUE,TRUE,"donor_random"
"ANAPC11","D2_late_increasing","clean_D2",1,0,4.79087417389178,-0.286352441574663,TRUE,0,FALSE,FALSE,"donor_random"
"MAN1B1","D2_late_increasing","clean_D2",1,0.00850887513070603,1.0003090135515,0.102435367689521,TRUE,0.00948446898916185,TRUE,TRUE,"donor_random"
"NDUFA6","D2_late_increasing","clean_D2",1,0,4.63919026436232,-0.0883205486821856,TRUE,0,FALSE,FALSE,"donor_random"
"GPX1","D2_late_increasing","clean_D2",1,0,4.82530537414304,-0.345293329659939,TRUE,0,FALSE,FALSE,"donor_random"
"MICAL2","D2_late_increasing","clean_D2",1,0,4.3603160091705,0.250528003355276,TRUE,0,TRUE,TRUE,"donor_random"
"TAPBP","D2_late_increasing","clean_D2",1,0.00113688751684388,1.06857413721507,0.142465597591053,TRUE,0.00135649972660774,TRUE,TRUE,"donor_random"
"TMED9","D2_late_increasing","clean_D2",1,0,4.80255242074753,-0.202900884365316,TRUE,0,FALSE,FALSE,"donor_random"
"MRPL36","D2_late_increasing","none",1,0.0518240875835645,3.23755291875669,-0.00485919996135174,TRUE,0.0545054844011525,FALSE,FALSE,"donor_random"
"FUCA2","D2_late_increasing","clean_D2",1,2.60298114465041e-05,3.01339103443817,0.100800205259113,TRUE,3.67351553195577e-05,TRUE,TRUE,"donor_random"
"TP53I13","D2_late_increasing","clean_D2",1,0.00955281366080135,1.00130294391479,0.113071150973201,TRUE,0.0106058050375133,TRUE,TRUE,"donor_random"
"IFI16","D2_late_increasing","clean_D2",1,6.7543508987522e-06,4.28391780682781,0.0285122806753184,TRUE,1.03585244236008e-05,TRUE,TRUE,"donor_random"
"SEC61G","D2_late_increasing","clean_D2",1,0,4.70523053096131,-0.167671493576435,TRUE,0,FALSE,FALSE,"donor_random"
"ARPC2","D2_late_increasing","clean_D2",1,0,4.80148837248928,-0.12284070022092,TRUE,0,FALSE,FALSE,"donor_random"
"NCS1","D2_late_increasing","clean_D2",1,0.00125151966786352,2.08089712726028,0.0721729421382502,TRUE,0.0014885095624164,TRUE,TRUE,"donor_random"
"GMPPB","D2_late_increasing","clean_D2",1,0.00109102053535326,2.17743427808355,0.0730718350828411,TRUE,0.00131016214664333,TRUE,TRUE,"donor_random"
"TMEM45A","D2_late_increasing","clean_D2",1,0.000177603376823876,1.00025255719876,0.193576576049536,TRUE,0.000228756423144117,TRUE,TRUE,"donor_random"
"FAM109B","D2_late_increasing","clean_D2",1,4.22867731830756e-07,3.39166517182701,0.031570011165599,TRUE,7.46865914987023e-07,TRUE,TRUE,"donor_random"
"G6PC3","D2_late_increasing","clean_D2",1,0.000252150632359172,3.36660123415036,0.00827844177044441,TRUE,0.000319619509044846,TRUE,TRUE,"donor_random"
"ARF5","D2_late_increasing","clean_D2",1,0,4.52781030807619,-0.0923518600141267,TRUE,0,FALSE,FALSE,"donor_random"
"MGAT1","D2_late_increasing","clean_D2",1,0.000341276312892991,4.08581964224562,0.013857094424225,TRUE,0.000427743181406237,TRUE,TRUE,"donor_random"
"ATP5G1","D2_late_increasing","clean_D2",1,2.25251247072955e-05,4.61346330740154,-0.179945702303301,TRUE,3.2203439159535e-05,FALSE,FALSE,"donor_random"
"PPP1R9B","D2_late_increasing","clean_D2",1,1.6801592346849e-06,1.00008623547904,0.103874672857842,TRUE,2.74622518183876e-06,TRUE,TRUE,"donor_random"
"SH3GLB1","D2_late_increasing","clean_D2",1,6.07060731233622e-06,2.34739598410081,0.0980562043051179,TRUE,9.34840079227533e-06,TRUE,TRUE,"donor_random"
"SHISA4","D2_late_increasing","clean_D2",1,0.0146530583079699,1.00029039882932,0.0672866930296275,TRUE,0.0159204268107972,TRUE,TRUE,"donor_random"
"PALM","D2_late_increasing","clean_D2",1,0,1.00004852068179,0.145667473213845,TRUE,0,TRUE,TRUE,"donor_random"
"COLGALT1","D2_late_increasing","clean_D2",1,0.00166600697791053,1.00069477151524,0.153542189996246,TRUE,0.00195650819464703,TRUE,TRUE,"donor_random"
"IGF2","D2_late_increasing","clean_D2",1,0,4.28745651178815,-0.118397479293953,TRUE,0,FALSE,FALSE,"donor_random"
"CLDN4","D2_late_increasing","clean_D2",1,0.18312276508381,2.07359877008202,0.0410609274354033,TRUE,0.188518647664548,TRUE,FALSE,"donor_random"
"EIF5A","D2_late_increasing","clean_D2",1,0,4.60772513050509,-0.194761136844083,TRUE,0,FALSE,FALSE,"donor_random"
"TGFB1I1","D2_late_increasing","clean_D2",1,0.00041461025222389,3.90782438143179,-0.00467069490687361,TRUE,0.00051459383571949,FALSE,FALSE,"donor_random"
"ORAI2","D2_late_increasing","clean_D2",1,0.000188993498281664,1.00005858709202,0.0879869481117455,TRUE,0.000242588669436166,TRUE,TRUE,"donor_random"
"WIPI1","D2_late_increasing","clean_D2",1,0.000131277008625308,2.49815943396087,0.117424967865444,TRUE,0.000172262553571707,TRUE,TRUE,"donor_random"
"CLEC2B","D2_late_increasing","clean_D2",1,3.96456069751139e-07,3.87260640691634,0.0049551596043611,TRUE,7.02437220256376e-07,TRUE,TRUE,"donor_random"
"SNRNP25","D2_late_increasing","clean_D2",1,0.0587629543053382,1.00010155257229,0.0570689085652788,TRUE,0.0615140289451013,TRUE,FALSE,"donor_random"
"UQCR11","D2_late_increasing","clean_D2",1,0,4.84591162885108,-0.497569359408815,TRUE,0,FALSE,FALSE,"donor_random"
"DDB2","D2_late_increasing","clean_D2",1,1.98410370355617e-08,4.10775633258113,0.261114899528732,TRUE,3.62455545845719e-08,TRUE,TRUE,"donor_random"
"GALNT5","D2_late_increasing","clean_D2",1,0.000196404276903261,1.00030350282658,0.0781893436948195,TRUE,0.000251523461143008,TRUE,TRUE,"donor_random"
"NAGLU","D2_late_increasing","clean_D2",1,2.02780786481838e-05,1.00003705710893,0.0945218037862892,TRUE,2.91399639185983e-05,TRUE,TRUE,"donor_random"
"UBXN6","D2_late_increasing","clean_D2",1,1.74235807171019e-07,2.5368053862693,0.103454729259707,TRUE,3.16226676001947e-07,TRUE,TRUE,"donor_random"
"SCP2","D2_late_increasing","clean_D2",1,4.03792063236041e-06,1.00003461066562,0.12320364356549,TRUE,6.36727118050627e-06,TRUE,TRUE,"donor_random"
"IKBIP","D2_late_increasing","clean_D2",1,0.00112127982098059,1.56660153096295,0.0968826950136299,TRUE,0.00134217434674122,TRUE,TRUE,"donor_random"
"MAN1C1","D2_late_increasing","clean_D2",1,0,2.97176109598892,0.178793101355677,TRUE,0,TRUE,TRUE,"donor_random"
"COPS7A","D2_late_increasing","clean_D2",1,0.0355540611548931,1.00011191080309,0.0707901043765904,TRUE,0.0376771946646166,TRUE,TRUE,"donor_random"
"WBP5","D2_late_increasing","clean_D2",1,0.00127524146195346,1.00238452363178,0.176909803528324,TRUE,0.00151511153503078,TRUE,TRUE,"donor_random"
"VAT1","D2_late_increasing","clean_D2",1,0,4.64551578939849,-0.132119311861556,TRUE,0,FALSE,FALSE,"donor_random"
"PEA15","D2_late_increasing","clean_D2",1,0.000229808377023022,1.0001236199509,0.124552515069917,TRUE,0.000292626156619292,TRUE,TRUE,"donor_random"
"TXN2","D2_late_increasing","clean_D2",1,0.000362999685069032,1.00126614300962,0.123432851816625,TRUE,0.000453952626294382,TRUE,TRUE,"donor_random"
"ECM2","D2_late_increasing","clean_D2",1,2.98556356520541e-06,4.52407352863566,0.345861239354201,TRUE,4.76156928088394e-06,TRUE,TRUE,"donor_random"
"TBC1D1","D2_late_increasing","clean_D2",1,7.77645746019573e-06,3.93284375325578,0.195272331299926,TRUE,1.1860954216233e-05,TRUE,TRUE,"donor_random"
"NDUFB3","D2_late_increasing","clean_D2",1,5.93356340489182e-06,1.00008177519339,0.110622651281774,TRUE,9.14996398161249e-06,TRUE,TRUE,"donor_random"
"APOE","D2_late_increasing","clean_D2",1,0,4.84766877844562,-0.201637363107968,TRUE,0,FALSE,FALSE,"donor_random"
"FAM129A","D2_late_increasing","clean_D2",1,0,4.4153316454005,0.27184984602963,TRUE,0,TRUE,TRUE,"donor_random"
"SLC39A7","D2_late_increasing","clean_D2",1,0,4.43530434552131,-0.100054958143502,TRUE,0,FALSE,FALSE,"donor_random"
"KIAA2013","D2_late_increasing","clean_D2",1,1.78064299266589e-06,1.00000860941125,0.105646833960282,TRUE,2.90621732233645e-06,TRUE,TRUE,"donor_random"
"TNC","D2_late_increasing","clean_D2",1,0.00252335161085715,1.00143559289288,0.246256519765,TRUE,0.00292949854718411,TRUE,TRUE,"donor_random"
"CLPP","D2_late_increasing","clean_D2",1,0.00164912125036559,1.4803727012006,0.0861571940317641,TRUE,0.00193871457193347,TRUE,TRUE,"donor_random"
"HMOX2","D2_late_increasing","clean_D2",1,5.2206159156909e-05,1.00001961321566,0.0944053621132533,TRUE,7.10919438945484e-05,TRUE,TRUE,"donor_random"
"MAST2","D2_late_increasing","clean_D2",1,0,4.79217393487079,0.428199723251522,TRUE,0,TRUE,TRUE,"donor_random"
"GPC1","D2_late_increasing","clean_D2",1,0.15299839450442,1.00024653944297,0.0519239880466586,TRUE,0.158088914099762,TRUE,FALSE,"donor_random"
"PRADC1","D2_late_increasing","clean_D2",1,3.08878022028947e-05,3.96142166977291,0.00702606382766027,TRUE,4.32738882992935e-05,TRUE,TRUE,"donor_random"
"KLHL22","D2_late_increasing","clean_D2",1,0,4.73400083181253,0.335275497728781,TRUE,0,TRUE,TRUE,"donor_random"
"ARAP1","D2_late_increasing","clean_D2",1,0,1.00005083594327,0.17770148803542,TRUE,0,TRUE,TRUE,"donor_random"
"GUK1","D2_late_increasing","clean_D2",1,0,4.77194779466461,-0.0988707048851103,TRUE,0,FALSE,FALSE,"donor_random"
"IGDCC4","D2_late_increasing","clean_D2",1,0,4.82536085962262,0.408658675936831,TRUE,0,TRUE,TRUE,"donor_random"
"CHD3","D2_late_increasing","clean_D2",1,6.73573996112786e-06,2.89334319308084,0.114498200823825,TRUE,1.03441720831606e-05,TRUE,TRUE,"donor_random"
"NDUFA3","D2_late_increasing","clean_D2",1,3.36738434192352e-07,4.36911328244481,-0.0743804883507713,TRUE,6.00436314875677e-07,FALSE,FALSE,"donor_random"
"PSMB8","D2_late_increasing","clean_D2",1,0,3.38851429072947,0.053248019213264,TRUE,0,TRUE,TRUE,"donor_random"
"KLHDC3","D2_late_increasing","clean_D2",1,4.22657032966844e-06,4.04611216388878,0.048941456057011,TRUE,6.65536004023848e-06,TRUE,TRUE,"donor_random"
"MIF","D2_late_increasing","clean_D2",1,4.03799428005946e-07,4.72345534394222,-0.243904649804595,TRUE,7.14316076757355e-07,FALSE,FALSE,"donor_random"
"GOLGA3","D2_late_increasing","clean_D2",1,2.27012807563209e-06,3.2040682198566,0.212683450303681,TRUE,3.66763466554434e-06,TRUE,TRUE,"donor_random"
"ST6GALNAC6","D2_late_increasing","clean_D2",1,0.00327486336999028,2.79460952346047,0.0765363068705792,TRUE,0.00376289542409983,TRUE,TRUE,"donor_random"
"THOC6","D2_late_increasing","clean_D2",1,7.94088289457484e-07,2.28480646386597,0.0970172220658373,TRUE,1.35955697949995e-06,TRUE,TRUE,"donor_random"
"MRPL14","D2_late_increasing","none",1,4.5853198413659e-05,4.40219808288985,-0.0557879905276446,TRUE,6.2823377238322e-05,FALSE,FALSE,"donor_random"
"GTF3C1","D2_late_increasing","clean_D2",1,5.29774007868022e-06,1.00003482096539,0.0964491719759482,TRUE,8.21480361714909e-06,TRUE,TRUE,"donor_random"
"GNG5","D2_late_increasing","clean_D2",1,0,4.02948403861527,0.0721471806877846,TRUE,0,TRUE,TRUE,"donor_random"
"BAD","D2_late_increasing","clean_D2",1,0.00815442084229645,1.00097270762788,0.114121323360535,TRUE,0.00910753496672071,TRUE,TRUE,"donor_random"
"DPYSL3","D2_late_increasing","clean_D2",1,0.000151394660525939,3.64319072950515,0.339064528371419,TRUE,0.00019681305868372,TRUE,TRUE,"donor_random"
"TIMM8B","D2_late_increasing","clean_D2",1,0,4.37364657880472,-0.107107910707131,TRUE,0,FALSE,FALSE,"donor_random"
"MYO1C","D2_late_increasing","clean_D2",1,4.36107157336663e-06,1.00121337484426,0.205519737367487,TRUE,6.8382580911976e-06,TRUE,TRUE,"donor_random"
"CRELD2","D2_late_increasing","clean_D2",1,0,4.48840637425807,-0.022625383475016,TRUE,0,FALSE,FALSE,"donor_random"
"CALR","D2_late_increasing","clean_D2",1,0,4.67966675134939,-0.173201158189543,TRUE,0,FALSE,FALSE,"donor_random"
"C11orf68","D2_late_increasing","clean_D2",1,4.4838970558736e-07,4.24297135601836,-0.0355705173983551,TRUE,7.86969687357407e-07,FALSE,FALSE,"donor_random"
"B2M","D2_late_increasing","clean_D2",1,0,4.80281104702174,-0.313990849107857,TRUE,0,FALSE,FALSE,"donor_random"
"C19orf24","D2_late_increasing","clean_D2",1,0,4.05217617290381,-0.0332979667067309,TRUE,0,FALSE,FALSE,"donor_random"
"FAM102A","D2_late_increasing","clean_D2",1,5.3032882052495e-07,1.00004288510711,0.120754766861139,TRUE,9.22095834132028e-07,TRUE,TRUE,"donor_random"
"NUTF2","D2_late_increasing","clean_D2",1,0.0855505971538777,1.00057839156644,0.0768593285592501,TRUE,0.0889726210400329,TRUE,FALSE,"donor_random"
"UROS","D2_late_increasing","clean_D2",1,8.66401521693039e-07,1.00003832181576,0.108104901482835,TRUE,1.46985872724251e-06,TRUE,TRUE,"donor_random"
"CALM3","D2_late_increasing","clean_D2",1,0,4.56144508362608,-0.122774579407777,TRUE,0,FALSE,FALSE,"donor_random"
"PRICKLE1","D2_late_increasing","clean_D2",1,0,4.92896247389536,1.02576121669007,TRUE,0,TRUE,TRUE,"donor_random"
"TXNDC15","D2_late_increasing","clean_D2",1,0.00822478148420147,1.0000569772873,0.0982382649216827,TRUE,0.00917695179574575,TRUE,TRUE,"donor_random"
"EFEMP1","D2_late_increasing","clean_D2",1,0,4.58491687233654,0.0559074805511719,TRUE,0,TRUE,TRUE,"donor_random"
"CCDC124","D2_late_increasing","clean_D2",1,0,4.60443975267179,-0.126339229346708,TRUE,0,FALSE,FALSE,"donor_random"
"NDUFB2","D2_late_increasing","clean_D2",1,0,4.85232540310282,-0.300512666980703,TRUE,0,FALSE,FALSE,"donor_random"
"GRINA","D2_late_increasing","clean_D2",1,3.3103072727414e-07,4.64754937577709,-0.050152081506621,TRUE,5.9120184200078e-07,FALSE,FALSE,"donor_random"
"FAM177A1","D2_late_increasing","clean_D2",1,0,1.00006284550595,0.115560624124234,TRUE,0,TRUE,TRUE,"donor_random"
"GIPC1","D2_late_increasing","clean_D2",1,1.78216496040662e-05,1.07611464040891,0.108842862670368,TRUE,2.59097584620884e-05,TRUE,TRUE,"donor_random"
"ZNF106","D2_late_increasing","clean_D2",1,1.24148331459573e-06,3.78478987328871,0.267402822435944,TRUE,2.06544396684229e-06,TRUE,TRUE,"donor_random"
"SLC12A4","D2_late_increasing","clean_D2",1,0.000168938242659455,1.00000341884124,0.116975893387659,TRUE,0.00021860295751536,TRUE,TRUE,"donor_random"
"SRPX2","D2_late_increasing","clean_D2",1,6.29343200886368e-07,3.50441753449858,0.154477572324313,TRUE,1.09086154820304e-06,TRUE,TRUE,"donor_random"
"ECHS1","D2_late_increasing","clean_D2",1,0.0161639743024003,1.00015678258393,0.0930392801755562,TRUE,0.0175109721609337,TRUE,TRUE,"donor_random"
"ANXA1","D2_late_increasing","clean_D2",1,0,3.09866973829183,0.333592166872845,TRUE,0,TRUE,TRUE,"donor_random"
"FAM234A","D2_late_increasing","clean_D2",1,9.06961040658683e-06,1.74635110093814,0.086773653042539,TRUE,1.36471392120647e-05,TRUE,TRUE,"donor_random"
"TWF2","D2_late_increasing","clean_D2",1,3.57379844606598e-07,3.19968243872118,0.0512833106970551,TRUE,6.36227175589453e-07,TRUE,TRUE,"donor_random"
"ITGA5","D2_late_increasing","clean_D2",1,0.000277910225004618,1.00008024706913,0.114212067700611,TRUE,0.000350681299723661,TRUE,TRUE,"donor_random"
"RARRES3","D2_late_increasing","clean_D2",1,0,4.67037009579365,-0.0728167288378065,TRUE,0,FALSE,FALSE,"donor_random"
"AKR1C3","D2_late_increasing","clean_D2",1,9.84938963055626e-07,4.42893224994628,0.0335102881416787,TRUE,1.65837614562679e-06,TRUE,TRUE,"donor_random"
"TMEM208","D2_late_increasing","clean_D2",1,0,4.55672713434911,-0.072505285223974,TRUE,0,FALSE,FALSE,"donor_random"
"BUD31","D2_late_increasing","clean_D2",1,0.00033920642977503,4.39997711490692,-0.0966194394729951,TRUE,0.0004256260252396,FALSE,FALSE,"donor_random"
"CCDC167","D2_late_increasing","clean_D2",1,0.0349541466631847,3.67925408526706,-0.0211036188072982,TRUE,0.0370765995914995,FALSE,FALSE,"donor_random"
"SCARF2","D2_late_increasing","clean_D2",1,0,1.0000303823439,0.157701865543856,TRUE,0,TRUE,TRUE,"donor_random"
"RNPEPL1","D2_late_increasing","clean_D2",1,0.000119284949928466,1.00011736933389,0.0946706460547515,TRUE,0.000157079592485307,TRUE,TRUE,"donor_random"
"OLFM2","D2_late_increasing","clean_D2",1,0.00212240182524831,1.00060967683399,0.198779604897264,TRUE,0.00247171379232043,TRUE,TRUE,"donor_random"
"SPINT2","D2_late_increasing","clean_D2",1,2.61324997611334e-05,1.00024735000601,0.123735063720928,TRUE,3.67961394621501e-05,TRUE,TRUE,"donor_random"
"BRI3","D2_late_increasing","clean_D2",1,0,4.7556211893693,-0.29168591644854,TRUE,0,FALSE,FALSE,"donor_random"
"RP11-196G11.1","D2_late_increasing","clean_D2",1,0.00619123841819014,1.11283166035474,0.074222372623825,TRUE,0.00695658748898148,TRUE,TRUE,"donor_random"
"KCNK6","D2_late_increasing","clean_D2",1,3.82308879443016e-06,1.00005380873747,0.163292913820954,TRUE,6.054126447837e-06,TRUE,TRUE,"donor_random"
"LRPAP1","D2_late_increasing","clean_D2",1,0.00136878777816929,4.32698609073914,-0.0914845997978051,TRUE,0.00162108552541659,FALSE,FALSE,"donor_random"
"FBLIM1","D2_late_increasing","clean_D2",1,0.000189583422912032,1.00011572917498,0.148813358412576,TRUE,0.00024306681974272,TRUE,TRUE,"donor_random"
"ARSA","D2_late_increasing","clean_D2",1,0.00914832730859588,3.34815178995421,0.052764469217931,TRUE,0.0101668289572666,TRUE,TRUE,"donor_random"
"RNASEH2C","D2_late_increasing","clean_D2",1,0.000115196480059754,4.38425644443939,-0.0986580212406032,TRUE,0.000151874604607081,FALSE,FALSE,"donor_random"
"TXNL4A","D2_late_increasing","clean_D2",1,7.10060889086428e-07,4.61020301903373,-0.0450484545521944,TRUE,1.22318655469742e-06,FALSE,FALSE,"donor_random"
"GTF3C6","D2_late_increasing","clean_D2",1,0.000414387724722298,4.4233529764299,-0.0456966246121799,TRUE,0.00051459383571949,FALSE,FALSE,"donor_random"
"AKT1S1","D2_late_increasing","clean_D2",1,1.58061272864662e-06,3.59084029127885,0.0188244602661354,TRUE,2.59871328033371e-06,TRUE,TRUE,"donor_random"
"SH3GL1","D2_late_increasing","clean_D2",1,2.06109043365821e-06,2.63609696209498,0.0993544547673334,TRUE,3.34441089235105e-06,TRUE,TRUE,"donor_random"
"AP3D1","D2_late_increasing","clean_D2",1,3.32185326097911e-05,3.11787450484455,0.177785834221591,TRUE,4.62494638328101e-05,TRUE,TRUE,"donor_random"
"QSOX1","D2_late_increasing","clean_D2",1,0,1.00002696159893,0.134465289276796,TRUE,0,TRUE,TRUE,"donor_random"
"TXLNA","D2_late_increasing","clean_D2",1,0.00013384408532674,2.06008980620206,0.0945861079505796,TRUE,0.000175219774467559,TRUE,TRUE,"donor_random"
"GPC6","D2_late_increasing","clean_D2",1,0,4.95063278917337,1.14396824692367,TRUE,0,TRUE,TRUE,"donor_random"
"LTBP3","D2_late_increasing","clean_D2",1,0,1.00066273559078,0.29549164363688,TRUE,0,TRUE,TRUE,"donor_random"
"FAM229B","D2_late_increasing","clean_D2",1,0,4.48364393291719,-0.0281235523058049,TRUE,0,FALSE,FALSE,"donor_random"
"C12orf75","D2_late_increasing","clean_D2",1,3.93389278685596e-06,1.00008067300799,0.110749785985938,TRUE,6.22078095573546e-06,TRUE,TRUE,"donor_random"
"SRM","D2_late_increasing","clean_D2",1,4.86046121295214e-07,4.28731921861895,0.0015918605663266,TRUE,8.49061818137577e-07,TRUE,TRUE,"donor_random"
"PPDPF","D2_late_increasing","clean_D2",1,0,4.66512930995807,-0.308133036307901,TRUE,0,FALSE,FALSE,"donor_random"
"PRKCDBP","D2_late_increasing","clean_D2",1,0,4.69630831690554,-0.216472822230095,TRUE,0,FALSE,FALSE,"donor_random"
"GTF3A","D2_late_increasing","clean_D2",1,0,4.39706377292988,-0.020400893032052,TRUE,0,FALSE,FALSE,"donor_random"
"JDP2","D2_late_increasing","clean_D2",1,7.11706051259586e-07,1.00008322086742,0.134820497784585,TRUE,1.22413440816649e-06,TRUE,TRUE,"donor_random"
"RP11-282O18.3","D2_late_increasing","clean_D2",1,0,4.72114305088153,-0.180574738827251,TRUE,0,FALSE,FALSE,"donor_random"
"TRAPPC1","D2_late_increasing","clean_D2",1,2.77588647623617e-07,4.60187572224959,-0.111627573755609,TRUE,4.98945511323478e-07,FALSE,FALSE,"donor_random"
"GSR","D2_late_increasing","clean_D2",1,0,2.4905289275746,0.101734651037434,TRUE,0,TRUE,TRUE,"donor_random"
"PDIA5","D2_late_increasing","clean_D2",1,5.18922495379437e-06,1.00006446852259,0.131053716681962,TRUE,8.06892002551058e-06,TRUE,TRUE,"donor_random"
"RHOC","D2_late_increasing","clean_D2",1,0,4.86429720579822,-0.407601801348785,TRUE,0,FALSE,FALSE,"donor_random"
"UROD","D2_late_increasing","clean_D2",1,0,4.35155125744446,-0.0715818898214419,TRUE,0,FALSE,FALSE,"donor_random"
"IMPDH1","D2_late_increasing","clean_D2",1,0,4.01672426597479,0.0213234342460625,TRUE,0,TRUE,TRUE,"donor_random"
"YIF1B","D2_late_increasing","clean_D2",1,0.000258162486776903,1.00007434247417,0.110283570098901,TRUE,0.000326869377368717,TRUE,TRUE,"donor_random"
"MED8","D2_late_increasing","clean_D2",1,8.2631042586101e-07,4.10052422959023,0.0254246395555743,TRUE,1.40397424941126e-06,TRUE,TRUE,"donor_random"
"UQCC2","D2_late_increasing","clean_D2",1,1.61891240282319e-05,4.03756255268407,-0.0458522027228333,TRUE,2.36285126156179e-05,FALSE,FALSE,"donor_random"
"CD276","D2_late_increasing","clean_D2",1,7.41683589933206e-07,1.00003162236231,0.126950394233026,TRUE,1.27178259746215e-06,TRUE,TRUE,"donor_random"
"GLMP","D2_late_increasing","clean_D2",1,0.00317636767592183,1.0001743943109,0.104868713958326,TRUE,0.00366100934193877,TRUE,TRUE,"donor_random"
"BTN3A2","D2_late_increasing","clean_D2",1,1.8284135481661e-05,2.27600460177844,0.110310035297322,TRUE,2.65476148941519e-05,TRUE,TRUE,"donor_random"
"TANC2","D2_late_increasing","clean_D2",1,0,4.93649841838221,0.875534420274804,TRUE,0,TRUE,TRUE,"donor_random"
"ZNHIT1","D2_late_increasing","clean_D2",1,0,4.77177031551879,-0.237504622359866,TRUE,0,FALSE,FALSE,"donor_random"
"EIF4G1","D2_late_increasing","clean_D2",1,0,4.24774415952145,0.00888840162681789,TRUE,0,TRUE,TRUE,"donor_random"
"UQCRQ","D2_late_increasing","clean_D2",1,0,4.82006267214486,-0.253341173764918,TRUE,0,FALSE,FALSE,"donor_random"
"GRIN2D","D2_late_increasing","clean_D2",1,0,3.920560755049,0.174599196087016,TRUE,0,TRUE,TRUE,"donor_random"
"COPA","D2_late_increasing","clean_D2",1,3.63239366307777e-07,3.0464184930777,0.197786458879646,TRUE,6.44605732590627e-07,TRUE,TRUE,"donor_random"
"FMO1","D2_late_increasing","clean_D2",1,5.10339469461663e-07,3.77882492745857,0.101384300743035,TRUE,8.8872200445193e-07,TRUE,TRUE,"donor_random"
"CD63","D2_late_increasing","clean_D2",1,0,4.95451707798726,-1.33624061890067,TRUE,0,FALSE,FALSE,"donor_random"
"ARPC4","D2_late_increasing","clean_D2",1,1.14143588403337e-05,1.01186007775554,0.215731299663324,TRUE,1.69792678370168e-05,TRUE,TRUE,"donor_random"
"ITGB1BP1","D2_late_increasing","clean_D2",1,1.39333885429416e-07,3.51774731321748,0.141978858889501,TRUE,2.53293144569247e-07,TRUE,TRUE,"donor_random"
"NDST1","D2_late_increasing","clean_D2",1,2.78507011564066e-07,1.03413550275435,0.115429048312002,TRUE,4.99792678858148e-07,TRUE,TRUE,"donor_random"
"CHPF2","D2_late_increasing","clean_D2",1,1.49635731389042e-05,2.84112100149917,0.0963628999960233,TRUE,2.19256550056289e-05,TRUE,TRUE,"donor_random"
"GLT8D2","D2_late_increasing","clean_D2",1,7.08321662490352e-07,1.64306965854971,0.119821340791262,TRUE,1.22207348559292e-06,TRUE,TRUE,"donor_random"
"ATP6V0D1","D2_late_increasing","clean_D2",1,0.00536810169930269,1.40343312628662,0.125689403297009,TRUE,0.00606215929274788,TRUE,TRUE,"donor_random"
"SEMA3C","D2_late_increasing","clean_D2",1,0,4.72392457261845,0.435911278879355,TRUE,0,TRUE,TRUE,"donor_random"
"PLEKHA4","D2_late_increasing","clean_D2",1,6.31644683365407e-05,2.3322922173115,0.179680650196584,TRUE,8.54937961262136e-05,TRUE,TRUE,"donor_random"
"ARPC1A","D2_late_increasing","clean_D2",1,0.00261525668653273,1.00009923498931,0.113064448692541,TRUE,0.00303304665512821,TRUE,TRUE,"donor_random"
"A2M","D2_late_increasing","clean_D2",1,0.0279973565963495,3.94441955691806,-0.107284035518784,TRUE,0.0298959356969615,FALSE,FALSE,"donor_random"
"CDK2AP1","D2_late_increasing","clean_D2",1,0,4.77075503835281,-0.131855785371132,TRUE,0,FALSE,FALSE,"donor_random"
"MINOS1-NBL1","D2_late_increasing","clean_D2",1,0.00507263242919448,3.07493672448377,0.128997902377827,TRUE,0.00573428013735028,TRUE,TRUE,"donor_random"
"HAPLN3","D2_late_increasing","clean_D2",1,0,1.00000492507984,0.124043579796563,TRUE,0,TRUE,TRUE,"donor_random"
"TPM2","D2_late_increasing","clean_D2",1,0,4.63173954138956,-0.0243657973368943,TRUE,0,FALSE,FALSE,"donor_random"
"ZEB1","D2_late_increasing","clean_D2",1,0,4.92964946076643,0.870813593287679,TRUE,0,TRUE,TRUE,"donor_random"
"ERCC1","D2_late_increasing","clean_D2",1,0,1.00224629648331,0.205923627876885,TRUE,0,TRUE,TRUE,"donor_random"
"MEIS3","D2_late_increasing","clean_D2",1,0.000484148544102669,1.00078906545512,0.114874707620045,TRUE,0.000595465426080071,TRUE,TRUE,"donor_random"
"ACTB","D2_late_increasing","clean_D2",1,0,4.89908053844646,-0.658902766313313,TRUE,0,FALSE,FALSE,"donor_random"
"MYLK","D2_late_increasing","clean_D2",1,7.70470047546934e-05,2.7252964648846,0.198822334250217,TRUE,0.00010328363467116,TRUE,TRUE,"donor_random"
"CD82","D2_late_increasing","clean_D2",1,0.000275059816510048,2.34141866309489,0.12257550984768,TRUE,0.000347476694755067,TRUE,TRUE,"donor_random"
"PLXNB2","D2_late_increasing","clean_D2",1,0,1.00011469682404,0.152904367198231,TRUE,0,TRUE,TRUE,"donor_random"
"PLOD2","D2_late_increasing","clean_D2",1,1.63963689499003e-05,2.29853430310727,0.125639356258527,TRUE,2.38997920286682e-05,TRUE,TRUE,"donor_random"
"LINC01615","D2_late_increasing","clean_D2",1,2.40303228719041e-05,4.27125693284471,-0.00636593144158493,TRUE,3.40505715726094e-05,FALSE,FALSE,"donor_random"
"MRPL17","D2_late_increasing","none",1,0.00184585306052409,3.15045159312915,0.0732099640228059,TRUE,0.00215413749651977,TRUE,TRUE,"donor_random"
"SLC39A13","D2_late_increasing","clean_D2",1,3.59509385816636e-07,3.98271053453385,0.0164253542455989,TRUE,6.39000784329093e-07,TRUE,TRUE,"donor_random"
"ARHGAP28","D2_late_increasing","clean_D2",1,0,4.90934846352545,0.501324397340594,TRUE,0,TRUE,TRUE,"donor_random"
"RAD51B","D2_late_increasing","clean_D2",1,0,4.77169510170528,0.552745454227843,TRUE,0,TRUE,TRUE,"donor_random"
"CTSC","D2_late_increasing","clean_D2",1,0,4.69715799104175,-0.0665643400215625,TRUE,0,FALSE,FALSE,"donor_random"
"NANS","D2_late_increasing","clean_D2",1,2.55240084345854e-07,1.33310661738771,0.127939359048913,TRUE,4.60999053794288e-07,TRUE,TRUE,"donor_random"
"GAA","D2_late_increasing","clean_D2",1,0,1.00000777948909,0.153205538543682,TRUE,0,TRUE,TRUE,"donor_random"
"TNFRSF1A","D2_late_increasing","clean_D2",1,1.59117560205591e-06,4.60009091676478,-0.0760355306038525,TRUE,2.6084080983849e-06,FALSE,FALSE,"donor_random"
"GALNT2","D2_late_increasing","clean_D2",1,0.000942873088820573,3.51025484164751,0.195676662596461,TRUE,0.00113467439108688,TRUE,TRUE,"donor_random"
"PLAUR","D2_late_increasing","clean_D2",1,0.000750521670950577,1.91389078499683,0.132262007243898,TRUE,0.00091204698708994,TRUE,TRUE,"donor_random"
"PAPSS2","D2_late_increasing","clean_D2",1,1.4564297379227e-06,3.28667869721269,0.186882853026744,TRUE,2.41227918073716e-06,TRUE,TRUE,"donor_random"
"DAPK3","D2_late_increasing","clean_D2",1,0.0186456711649833,1.97005614233059,0.108512154538972,TRUE,0.0201409278864264,TRUE,TRUE,"donor_random"
"GPI","D2_late_increasing","clean_D2",1,0,1.00038837012919,0.18209778557763,TRUE,0,TRUE,TRUE,"donor_random"
"AGTRAP","D2_late_increasing","clean_D2",1,6.32660444086497e-05,3.68931411210697,0.0213536825492909,TRUE,8.55277359720319e-05,TRUE,TRUE,"donor_random"
"HOMER3","D2_late_increasing","clean_D2",1,0,1.00000588103154,0.125111605993714,TRUE,0,TRUE,TRUE,"donor_random"
"NAA10","D2_late_increasing","clean_D2",1,0.000374801005703473,1.00024457463724,0.117228668401978,TRUE,0.000467664647741611,TRUE,TRUE,"donor_random"
"COPZ1","D2_late_increasing","clean_D2",1,0.0714094030816513,1.97565277746406,0.0806176935834785,TRUE,0.0745431490618918,TRUE,FALSE,"donor_random"
"NRBP1","D2_late_increasing","clean_D2",1,1.41765228983681e-06,1.18751161356169,0.14354740446741,TRUE,2.351535994121e-06,TRUE,TRUE,"donor_random"
"NPTX2","D2_late_increasing","clean_D2",1,1.29046649205433e-06,2.01338151584466,0.108551656554856,TRUE,2.14374671339784e-06,TRUE,TRUE,"donor_random"
"CXXC5","D2_late_increasing","clean_D2",1,0,3.73001027567894,0.0427030089825678,TRUE,0,TRUE,TRUE,"donor_random"
"TMEM147","D2_late_increasing","clean_D2",1,0.000242340991732815,1.00076781001272,0.147347165014857,TRUE,0.000307883214496917,TRUE,TRUE,"donor_random"
"CTTN","D2_late_increasing","clean_D2",1,0.000112463449964684,1.97742587092675,0.18805028151008,TRUE,0.000148446442810527,TRUE,TRUE,"donor_random"
"METRNL","D2_late_increasing","clean_D2",1,0,4.35959621726025,0.146210230206847,TRUE,0,TRUE,TRUE,"donor_random"
"XBP1","D2_late_increasing","clean_D2",1,5.11350907784203e-05,1.00013457368053,0.178404256143135,TRUE,6.97183310856998e-05,TRUE,TRUE,"donor_random"
"FUT11","D2_late_increasing","clean_D2",1,7.74918110679756e-06,1.00092577200408,0.167474602724734,TRUE,1.18354979199449e-05,TRUE,TRUE,"donor_random"
"DNPH1","D2_late_increasing","clean_D2",1,0,4.21494477319754,0.0122018092318867,TRUE,0,TRUE,TRUE,"donor_random"
"MRPL52","D2_late_increasing","none",1,1.86604852926986e-05,4.28634853213767,-0.0403770147578342,TRUE,2.69889036962963e-05,FALSE,FALSE,"donor_random"
"ST3GAL2","D2_late_increasing","clean_D2",1,0,4.30749771014244,0.364734221935215,TRUE,0,TRUE,TRUE,"donor_random"
"FIBP","D2_late_increasing","clean_D2",1,2.29020880604947e-05,4.46533449174588,-0.0406616445588523,TRUE,3.26424687666827e-05,FALSE,FALSE,"donor_random"
"ETHE1","D2_late_increasing","clean_D2",1,0,1.00006879631623,0.14319398123556,TRUE,0,TRUE,TRUE,"donor_random"
"TMEM219","D2_late_increasing","clean_D2",1,0,4.26497559269341,-0.0130869162670675,TRUE,0,FALSE,FALSE,"donor_random"
"CDC42EP5","D2_late_increasing","clean_D2",1,0.000561966889251586,3.72190075584062,-0.00262265431731323,TRUE,0.000685146109251116,FALSE,FALSE,"donor_random"
"C7orf73","D2_late_increasing","clean_D2",1,0,1.94190951763748,0.186995551537388,TRUE,0,TRUE,TRUE,"donor_random"
"S100A13","D2_late_increasing","clean_D2",1,0,4.89278623797466,-0.442509241900274,TRUE,0,FALSE,FALSE,"donor_random"
"ZYX","D2_late_increasing","clean_D2",1,5.00825723032117e-06,1.00161248777673,0.196121382157142,TRUE,7.80924907043105e-06,TRUE,TRUE,"donor_random"
"PDZRN4","D2_late_increasing","clean_D2",1,0,4.96075405125844,0.925630398894521,TRUE,0,TRUE,TRUE,"donor_random"
"MRPL12","D2_late_increasing","none",1,0.010680182354155,1.00022795245883,0.106546931431626,TRUE,0.0117872101401236,TRUE,TRUE,"donor_random"
"MAP7D1","D2_late_increasing","clean_D2",1,0.00014123685048878,1.0003417134786,0.154081410363068,TRUE,0.00018403589609144,TRUE,TRUE,"donor_random"
"FHL3","D2_late_increasing","clean_D2",1,0.000527395997593105,3.92198022983073,-0.00694154129926769,TRUE,0.00064510801456137,FALSE,FALSE,"donor_random"
"PGLS","D2_late_increasing","clean_D2",1,2.00495207652862e-06,4.55622825719687,-0.0910102894612167,TRUE,3.25804712435901e-06,FALSE,FALSE,"donor_random"
"CAPZB","D2_late_increasing","clean_D2",1,0,1.00029149820127,0.427268481716485,TRUE,0,TRUE,TRUE,"donor_random"
"ERI3","D2_late_increasing","clean_D2",1,7.56407723534469e-06,1.0001796334212,0.129352801084077,TRUE,1.15685887128801e-05,TRUE,TRUE,"donor_random"
"PDE4DIP","D2_late_increasing","clean_D2",1,1.95596654167796e-06,1.00032538832243,0.128131157607608,TRUE,3.18771223556262e-06,TRUE,TRUE,"donor_random"
"GALNT10","D2_late_increasing","clean_D2",1,0,4.74853414182129,0.399861079490116,TRUE,0,TRUE,TRUE,"donor_random"
"B4GALT1","D2_late_increasing","clean_D2",1,1.04768029679514e-05,2.11795925386802,0.204757684673883,TRUE,1.56801415236542e-05,TRUE,TRUE,"donor_random"
"NME1","D2_late_increasing","clean_D2",1,1.01046045547504e-06,4.36557888774222,0.0436715080201172,TRUE,1.69115986410343e-06,TRUE,TRUE,"donor_random"
"LMF2","D2_late_increasing","clean_D2",1,2.30962782166166e-06,2.41618357227795,0.131682284730757,TRUE,3.71534374765142e-06,TRUE,TRUE,"donor_random"
"DPM2","D2_late_increasing","clean_D2",1,0,4.14077726253379,0.010295278271124,TRUE,0,TRUE,TRUE,"donor_random"
"VTI1B","D2_late_increasing","clean_D2",1,0.000943870468435415,1.00012103917314,0.129002024651823,TRUE,0.00113467439108688,TRUE,TRUE,"donor_random"
"TRAPPC2L","D2_late_increasing","clean_D2",1,8.13119483489277e-05,4.34644731537309,-0.111227881504535,TRUE,0.000108610224915294,FALSE,FALSE,"donor_random"
"THBS3","D2_late_increasing","clean_D2",1,0,1.00046220933542,0.213491237659647,TRUE,0,TRUE,TRUE,"donor_random"
"CNN2","D2_late_increasing","clean_D2",1,1.94248242598727e-05,1.20799106022236,0.274837994261227,TRUE,2.80218755129518e-05,TRUE,TRUE,"donor_random"
"DYNLT1","D2_late_increasing","clean_D2",1,6.46097735409468e-05,1.00035005128477,0.163290116581261,TRUE,8.71335667295277e-05,TRUE,TRUE,"donor_random"
"VGLL3","D2_late_increasing","clean_D2",1,0,4.63601680132046,0.422943332968655,TRUE,0,TRUE,TRUE,"donor_random"
"TRIOBP","D2_late_increasing","clean_D2",1,0,2.59915552892561,0.17295820784281,TRUE,0,TRUE,TRUE,"donor_random"
"THBS1","D2_late_increasing","clean_D2",1,0,1.00005988442302,0.211186558051699,TRUE,0,TRUE,TRUE,"donor_random"
"EPHB3","D2_late_increasing","clean_D2",1,3.26564022540277e-06,1.00032256028806,0.140193491583984,TRUE,5.19343637553384e-06,TRUE,TRUE,"donor_random"
"POMP","D2_late_increasing","clean_D2",1,0,4.79306196308585,-0.14192716363822,TRUE,0,FALSE,FALSE,"donor_random"
"MFAP2","D2_late_increasing","clean_D2",1,8.00341720286202e-07,4.50821690154227,-0.118315193855055,TRUE,1.36801855247353e-06,FALSE,FALSE,"donor_random"
"FAM195B","D2_late_increasing","clean_D2",1,1.16257348843907e-05,3.66657946874804,0.0392117581880572,TRUE,1.72610512626146e-05,TRUE,TRUE,"donor_random"
"C11orf96","D2_late_increasing","clean_D2",1,0.000453790635401241,2.91757671951864,0.176188587088654,TRUE,0.000560594398208384,TRUE,TRUE,"donor_random"
"PXDN","D2_late_increasing","clean_D2",1,2.33791002475225e-05,2.32573555492017,0.231038040972071,TRUE,3.3254241827901e-05,TRUE,TRUE,"donor_random"
"COMMD5","D2_late_increasing","clean_D2",1,0,1.00000317539036,0.121354969058727,TRUE,0,TRUE,TRUE,"donor_random"
"P4HA3","D2_late_increasing","clean_D2",1,2.40262552519965e-06,3.14407872110012,0.0209069040323521,TRUE,3.85385270756558e-06,TRUE,TRUE,"donor_random"
"VOPP1","D2_late_increasing","clean_D2",1,0,1.00004429510247,0.128872044774117,TRUE,0,TRUE,TRUE,"donor_random"
"ALDH1L2","D2_late_increasing","clean_D2",1,0,4.82717877721803,0.343042913874128,TRUE,0,TRUE,TRUE,"donor_random"
"TNFSF10","D2_late_increasing","clean_D2",1,0,4.59354641094886,0.0104958322448018,TRUE,0,TRUE,TRUE,"donor_random"
"HEXA","D2_late_increasing","clean_D2",1,0,3.81205367325122,0.0406228368851788,TRUE,0,TRUE,TRUE,"donor_random"
"SEMA3B","D2_late_increasing","clean_D2",1,4.94564766562178e-06,1.00000196463674,0.169144982231001,TRUE,7.72239398067758e-06,TRUE,TRUE,"donor_random"
"UBE2L6","D2_late_increasing","clean_D2",1,9.64031305117352e-07,4.47852506464586,-0.0167017224673623,TRUE,1.62807703794743e-06,FALSE,FALSE,"donor_random"
"SURF4","D2_late_increasing","clean_D2",1,0,4.55353803311431,-0.0347959389332166,TRUE,0,FALSE,FALSE,"donor_random"
"SPARCL1","D2_late_increasing","clean_D2",1,0,2.85088097685101,0.245589433922713,TRUE,0,TRUE,TRUE,"donor_random"
"LASP1","D2_late_increasing","clean_D2",1,0,1.00058512944677,0.172262593440532,TRUE,0,TRUE,TRUE,"donor_random"
"TP53I3","D2_late_increasing","clean_D2",1,0,4.00442806226133,0.0548627317320914,TRUE,0,TRUE,TRUE,"donor_random"
"SRPRB","D2_late_increasing","clean_D2",1,0,1.00005556420952,0.130618786147916,TRUE,0,TRUE,TRUE,"donor_random"
"SHISA5","D2_late_increasing","clean_D2",1,0,4.33045726300671,0.0122679481498289,TRUE,0,TRUE,TRUE,"donor_random"
"CTGF","D2_late_increasing","clean_D2",1,0,4.07491908348571,0.318217972045756,TRUE,0,TRUE,TRUE,"donor_random"
"AC024592.12","D2_late_increasing","clean_D2",1,0.00371572720912877,1.00027576894901,0.129857789266963,TRUE,0.00423896226510813,TRUE,TRUE,"donor_random"
"TENM3","D2_late_increasing","clean_D2",1,0,4.95251143216578,1.22719210991537,TRUE,0,TRUE,TRUE,"donor_random"
"TMEM261","D2_late_increasing","clean_D2",1,0.0242449525986781,1.00065910869656,0.0959355569537757,TRUE,0.026013298469599,TRUE,TRUE,"donor_random"
"JTB","D2_late_increasing","clean_D2",1,0,4.77127157189573,-0.114553516692427,TRUE,0,FALSE,FALSE,"donor_random"
"NSMCE1","D2_late_increasing","clean_D2",1,0,4.18040633050605,0.00994070004882153,TRUE,0,TRUE,TRUE,"donor_random"
"CCDC28B","D2_late_increasing","clean_D2",1,0,4.36420459694304,-0.0109344400857981,TRUE,0,FALSE,FALSE,"donor_random"
"GRN","D2_late_increasing","clean_D2",1,0,4.67467891897753,0.0339107929839073,TRUE,0,TRUE,TRUE,"donor_random"
"FLNA","D2_late_increasing","clean_D2",1,0,4.22255503606673,0.189569402083552,TRUE,0,TRUE,TRUE,"donor_random"
"COPG1","D2_late_increasing","clean_D2",1,3.22220700788023e-07,1.45154226117177,0.127342666701787,TRUE,5.76388389569615e-07,TRUE,TRUE,"donor_random"
"EIF4E2","D2_late_increasing","clean_D2",1,0,1.00004678850388,0.16637972207365,TRUE,0,TRUE,TRUE,"donor_random"
"LAMB2","D2_late_increasing","clean_D2",1,0,2.78877811032785,0.278044085739835,TRUE,0,TRUE,TRUE,"donor_random"
"SHC1","D2_late_increasing","clean_D2",1,0.00129963877535305,1.00100281340161,0.176171141011078,TRUE,0.0015424587588585,TRUE,TRUE,"donor_random"
"LUM","D2_late_increasing","clean_D2",1,0,4.85922924099349,-0.926915737030218,TRUE,0,FALSE,FALSE,"donor_random"
"ISLR","D2_late_increasing","clean_D2",1,0,4.42469497900329,-0.133956605214487,TRUE,0,FALSE,FALSE,"donor_random"
"MYO1D","D2_late_increasing","clean_D2",1,0,4.88151327989681,1.09029384313834,TRUE,0,TRUE,TRUE,"donor_random"
"NEK6","D2_late_increasing","clean_D2",1,0,4.79357145319087,0.416792045025218,TRUE,0,TRUE,TRUE,"donor_random"
"PGM1","D2_late_increasing","clean_D2",1,0,1.00003592764137,0.120442088873505,TRUE,0,TRUE,TRUE,"donor_random"
"PFN1","D2_late_increasing","clean_D2",1,0,4.898320731945,-0.485648714458232,TRUE,0,FALSE,FALSE,"donor_random"
"TMEM176B","D2_late_increasing","clean_D2",1,0,4.76167016404605,-0.121427202627127,TRUE,0,FALSE,FALSE,"donor_random"
"MLEC","D2_late_increasing","clean_D2",1,0,4.38784400296691,-0.0156550173093759,TRUE,0,FALSE,FALSE,"donor_random"
"HN1","D2_late_increasing","clean_D2",1,0.000834070152654076,2.41088254726988,0.103886937071069,TRUE,0.00100918877777842,TRUE,TRUE,"donor_random"
"EDIL3","D2_late_increasing","clean_D2",1,0,4.87653361490564,0.814029199499296,TRUE,0,TRUE,TRUE,"donor_random"
"SNF8","D2_late_increasing","clean_D2",1,0,1.00022084454464,0.198627500238416,TRUE,0,TRUE,TRUE,"donor_random"
"MPG","D2_late_increasing","clean_D2",1,0.000940345002834353,1.00074075342352,0.155457108248222,TRUE,0.00113287253574225,TRUE,TRUE,"donor_random"
"LINC01116","D2_late_increasing","clean_D2",1,3.95907527573902e-05,2.34792282128993,0.0947972267102579,TRUE,5.47125606709051e-05,TRUE,TRUE,"donor_random"
"SWI5","D2_late_increasing","clean_D2",1,0.000414712921273042,3.92542514471031,0.0329380918087499,TRUE,0.00051459383571949,TRUE,TRUE,"donor_random"
"NXN","D2_late_increasing","clean_D2",1,0,4.92002118993787,1.24353224924756,TRUE,0,TRUE,TRUE,"donor_random"
"PTN","D2_late_increasing","clean_D2",1,0,4.51450340243273,-0.0497108235373698,TRUE,0,FALSE,FALSE,"donor_random"
"KRT6A","D2_late_increasing","none",1,0.323825638891987,1.00076718141491,-0.0496451171966706,TRUE,0.327932123443153,FALSE,FALSE,"donor_random"
"TPM4","D2_late_increasing","clean_D2",1,0.00156674200565687,2.08104774194952,0.233301736928924,TRUE,0.00184575085597933,TRUE,TRUE,"donor_random"
"FAM89B","D2_late_increasing","clean_D2",1,8.98711211860803e-06,4.38824274513282,-0.0607072614889639,TRUE,1.35722657182824e-05,FALSE,FALSE,"donor_random"
"SMCO4","D2_late_increasing","clean_D2",1,6.6937546377821e-05,2.33823383764881,0.0931783652162308,TRUE,9.00555678103537e-05,TRUE,TRUE,"donor_random"
"APBB2","D2_late_increasing","clean_D2",1,0,4.97210878362997,1.9167298396725,TRUE,0,TRUE,TRUE,"donor_random"
"A1BG","D2_late_increasing","clean_D2",1,0,4.8029304290221,-0.189782789311215,TRUE,0,FALSE,FALSE,"donor_random"
"HES4","D2_late_increasing","clean_D2",1,0,1.97944294590536,0.141220053042425,TRUE,0,TRUE,TRUE,"donor_random"
"SSR4","D2_late_increasing","clean_D2",1,0,4.91645862938936,-0.745614816624459,TRUE,0,FALSE,FALSE,"donor_random"
"VAMP5","D2_late_increasing","clean_D2",1,0,4.55604157037722,-0.0300693873256367,TRUE,0,FALSE,FALSE,"donor_random"
"KRT16","D2_late_increasing","none",1,0.364025036736632,1.66384614406254,-0.0365130092854472,TRUE,0.367974675471569,FALSE,FALSE,"donor_random"
"CTSZ","D2_late_increasing","clean_D2",1,6.38592378809921e-07,4.59558857701729,-0.0649506452477731,TRUE,1.1051799992407e-06,FALSE,FALSE,"donor_random"
"FIBIN","D2_late_increasing","clean_D2",1,0,3.87051871375407,0.0861168834535909,TRUE,0,TRUE,TRUE,"donor_random"
"DNAJC1","D2_late_increasing","clean_D2",1,0,4.47663358147258,0.373570632464539,TRUE,0,TRUE,TRUE,"donor_random"
"ZFHX4","D2_late_increasing","clean_D2",1,0,4.8889094337568,0.579777132631438,TRUE,0,TRUE,TRUE,"donor_random"
"NEK10","D2_late_increasing","clean_D2",1,1.2935422449567e-05,1.00000181173522,0.120553972533987,TRUE,1.91040981487661e-05,TRUE,TRUE,"donor_random"
"SGCD","D2_late_increasing","clean_D2",1,0,4.90582335840605,0.990881260645805,TRUE,0,TRUE,TRUE,"donor_random"
"MSRB3","D2_late_increasing","clean_D2",1,0,1.00008934870723,0.166246316758514,TRUE,0,TRUE,TRUE,"donor_random"
"PGAM1","D2_late_increasing","clean_D2",1,0,1.00001770504022,0.224403631855677,TRUE,0,TRUE,TRUE,"donor_random"
"LRRC59","D2_late_increasing","clean_D2",1,0,1.00000095591045,0.132513518625226,TRUE,0,TRUE,TRUE,"donor_random"
"TAF10","D2_late_increasing","clean_D2",1,0,4.51081953847801,-0.0316239685642588,TRUE,0,FALSE,FALSE,"donor_random"
"GPAA1","D2_late_increasing","clean_D2",1,0,1.0003673434089,0.163645955897805,TRUE,0,TRUE,TRUE,"donor_random"
"DBN1","D2_late_increasing","clean_D2",1,3.36825908231475e-06,3.89453688692207,0.0676435302231655,TRUE,5.34902507674416e-06,TRUE,TRUE,"donor_random"
"APOL2","D2_late_increasing","clean_D2",1,0,3.91595714109345,0.0616581973270547,TRUE,0,TRUE,TRUE,"donor_random"
"MAP4","D2_late_increasing","clean_D2",1,0,4.75062396366612,0.858479851696495,TRUE,0,TRUE,TRUE,"donor_random"
"NDUFS8","D2_late_increasing","clean_D2",1,0,4.84256890005131,-0.138917814070618,TRUE,0,FALSE,FALSE,"donor_random"
"CAMK1D","D2_late_increasing","clean_D2",1,0,4.93747535107111,1.25339550174452,TRUE,0,TRUE,TRUE,"donor_random"
"SH3PXD2A","D2_late_increasing","clean_D2",1,0,1.00293083900064,0.386961540630238,TRUE,0,TRUE,TRUE,"donor_random"
"LAMC1","D2_late_increasing","clean_D2",1,8.99557146444296e-06,3.7353230223907,0.37883769129286,TRUE,1.35722657182824e-05,TRUE,TRUE,"donor_random"
"MYH9","D2_late_increasing","clean_D2",1,0,2.12483903759432,0.324023506809828,TRUE,0,TRUE,TRUE,"donor_random"
"PLPP4","D2_late_increasing","clean_D2",1,0,4.8427076286522,0.451996349377336,TRUE,0,TRUE,TRUE,"donor_random"
"SEC24D","D2_late_increasing","clean_D2",1,0,4.92229093721068,0.706044631196912,TRUE,0,TRUE,TRUE,"donor_random"
"RPL22L1","D2_late_increasing","none",1,2.42534319483401e-05,3.50233035118094,0.0770003688817034,TRUE,3.43232112889167e-05,TRUE,TRUE,"donor_random"
"EIF4EBP1","D2_late_increasing","clean_D2",1,0,1.00013134779089,0.177278368649488,TRUE,0,TRUE,TRUE,"donor_random"
"OSTC","D2_late_increasing","clean_D2",1,0,4.75616289582441,-0.0528519108321673,TRUE,0,FALSE,FALSE,"donor_random"
"ILK","D2_late_increasing","clean_D2",1,0,1.00006991489225,0.188831906089914,TRUE,0,TRUE,TRUE,"donor_random"
"COPE","D2_late_increasing","clean_D2",1,0,1.00015254166158,0.272457102148849,TRUE,0,TRUE,TRUE,"donor_random"
"AHR","D2_late_increasing","clean_D2",1,1.34620209777947e-05,2.6807753154566,0.24246846485431,TRUE,1.97773185981268e-05,TRUE,TRUE,"donor_random"
"FAM50A","D2_late_increasing","clean_D2",1,0,1.00006246839328,0.159067622633612,TRUE,0,TRUE,TRUE,"donor_random"
"RYR2","D2_late_increasing","clean_D2",1,0,4.95312147725987,1.07515939811952,TRUE,0,TRUE,TRUE,"donor_random"
"CNN3","D2_late_increasing","clean_D2",1,0.0136876592441272,3.74214157273686,0.0861123533301946,TRUE,0.015002748073465,TRUE,TRUE,"donor_random"
"NGFR","D2_late_increasing","clean_D2",1,1.04982045023849e-06,4.71690133023358,-0.145231719075823,TRUE,1.7491792300546e-06,FALSE,FALSE,"donor_random"
"CCDC107","D2_late_increasing","clean_D2",1,5.62320409785988e-06,4.1196835493004,0.0021524860762932,TRUE,8.68334555443004e-06,TRUE,TRUE,"donor_random"
"AQP1","D2_late_increasing","clean_D2",1,0.00150770859610155,2.45361726164347,0.148178505768699,TRUE,0.00177807828105647,TRUE,TRUE,"donor_random"
"CYR61","D2_late_increasing","clean_D2",1,8.53673160172708e-06,3.21360320036281,0.282055609884751,TRUE,1.29674808841452e-05,TRUE,TRUE,"donor_random"
"SMTN","D2_late_increasing","clean_D2",1,0,1.00032453820842,0.157526716590922,TRUE,0,TRUE,TRUE,"donor_random"
"DAP","D2_late_increasing","clean_D2",1,0,1.80714770860989,0.184752220127165,TRUE,0,TRUE,TRUE,"donor_random"
"PHLDA3","D2_late_increasing","clean_D2",1,3.14932871269269e-05,3.90518285040617,0.0900006281881704,TRUE,4.40669524504434e-05,TRUE,TRUE,"donor_random"
"GARS","D2_late_increasing","clean_D2",1,0,1.0008414613215,0.22966386615736,TRUE,0,TRUE,TRUE,"donor_random"
"CGREF1","D2_late_increasing","clean_D2",1,0,2.93552261674227,0.131007475349958,TRUE,0,TRUE,TRUE,"donor_random"
"IDH2","D2_late_increasing","clean_D2",1,2.2919801414889e-05,1.87455695148484,0.18320810086392,TRUE,3.26424687666827e-05,TRUE,TRUE,"donor_random"
"ERLEC1","D2_late_increasing","clean_D2",1,0.000136266587777101,1.00011247211705,0.148970930947748,TRUE,0.000177766680437338,TRUE,TRUE,"donor_random"
"C9orf16","D2_late_increasing","clean_D2",1,0,4.80538878762241,-0.194166343509836,TRUE,0,FALSE,FALSE,"donor_random"
"C1QTNF3","D2_late_increasing","clean_D2",1,2.08514581795383e-06,1.00013693764625,0.136576761883218,TRUE,3.37854061517736e-06,TRUE,TRUE,"donor_random"
"SDF4","D2_late_increasing","clean_D2",1,0,3.90711947915592,0.104904096804419,TRUE,0,TRUE,TRUE,"donor_random"
"ZCCHC24","D2_late_increasing","clean_D2",1,0.000888319411857186,1.00084229150649,0.218786822561989,TRUE,0.00107250659012563,TRUE,TRUE,"donor_random"
"GMPPA","D2_late_increasing","clean_D2",1,0,1.00001394730324,0.148311109167355,TRUE,0,TRUE,TRUE,"donor_random"
"ALDH18A1","D2_late_increasing","clean_D2",1,0,2.67798978271814,0.157373884974267,TRUE,0,TRUE,TRUE,"donor_random"
"CIB1","D2_late_increasing","clean_D2",1,0,1.00168610969124,0.208689699657555,TRUE,0,TRUE,TRUE,"donor_random"
"IGFBP6","D2_late_increasing","clean_D2",1,0,4.67698455877348,0.00679030390228164,TRUE,0,TRUE,TRUE,"donor_random"
"SLC27A4","D2_late_increasing","clean_D2",1,0,4.89829458465252,-0.425453839390781,TRUE,0,FALSE,FALSE,"donor_random"
"JOSD2","D2_late_increasing","clean_D2",1,0.0130485386422402,3.94041106013021,-0.0146104963723101,TRUE,0.0143162573130761,FALSE,FALSE,"donor_random"
"ENAH","D2_late_increasing","clean_D2",1,0,4.83152069507601,0.784647755246216,TRUE,0,TRUE,TRUE,"donor_random"
"CD99","D2_late_increasing","clean_D2",1,0,4.8285144252713,-0.333984881566439,TRUE,0,FALSE,FALSE,"donor_random"
"UCHL1","D2_late_increasing","clean_D2",1,2.1239835775233e-05,1.62798656728432,0.147321917248853,TRUE,3.04047841187075e-05,TRUE,TRUE,"donor_random"
"CALU","D2_late_increasing","clean_D2",1,0,1.00618862834483,0.326977784848326,TRUE,0,TRUE,TRUE,"donor_random"
"TMEM176A","D2_late_increasing","clean_D2",1,0,4.72607021668805,-0.165319510469496,TRUE,0,FALSE,FALSE,"donor_random"
"CKLF","D2_late_increasing","clean_D2",1,0,3.78271779615772,0.058046752180193,TRUE,0,TRUE,TRUE,"donor_random"
"CYBA","D2_late_increasing","clean_D2",1,0,4.85671014478582,-0.288459597504141,TRUE,0,FALSE,FALSE,"donor_random"
"CSRP2","D2_late_increasing","clean_D2",1,2.13895453671231e-06,1.00019219160706,0.194393720386372,TRUE,3.46071081337824e-06,TRUE,TRUE,"donor_random"
"VEGFB","D2_late_increasing","clean_D2",1,7.5098954277486e-08,3.14035639420242,0.186865871042437,TRUE,1.36966771422886e-07,TRUE,TRUE,"donor_random"
"LAMTOR2","D2_late_increasing","clean_D2",1,0,4.5178314472979,-0.0314264604060159,TRUE,0,FALSE,FALSE,"donor_random"
"TUBA1C","D2_late_increasing","clean_D2",1,0,1.00008743752163,0.328139501494082,TRUE,0,TRUE,TRUE,"donor_random"
"KIAA1462","D2_late_increasing","clean_D2",1,0,4.08821248785225,0.239937944533675,TRUE,0,TRUE,TRUE,"donor_random"
"ACKR1","D2_late_increasing","clean_D2",1,0.279124999172478,1.00004480077608,0.0408754895420037,TRUE,0.283692499158937,TRUE,FALSE,"donor_random"
"PACS1","D2_late_increasing","clean_D2",1,0,4.75456403623267,0.658277530684168,TRUE,0,TRUE,TRUE,"donor_random"
"RRBP1","D2_late_increasing","clean_D2",1,0,4.20226085040053,0.21937012260095,TRUE,0,TRUE,TRUE,"donor_random"
"FBLN7","D2_late_increasing","clean_D2",1,0,2.37044878936893,0.21387512759056,TRUE,0,TRUE,TRUE,"donor_random"
"RTEL1-TNFRSF6B","D2_late_increasing","clean_D2",1,0,4.61424716342773,-0.00187376127371708,TRUE,0,FALSE,FALSE,"donor_random"
"NUCB1","D2_late_increasing","clean_D2",1,0,4.74478803695274,-0.145693879863722,TRUE,0,FALSE,FALSE,"donor_random"
"FKBP7","D2_late_increasing","clean_D2",1,0,4.05328788345301,0.0467155668583558,TRUE,0,TRUE,TRUE,"donor_random"
"S100A7","D2_late_increasing","clean_D2",1,0.447098843468941,1.00069037941707,0.0530585319872655,TRUE,0.450727238050745,TRUE,FALSE,"donor_random"
"COTL1","D2_late_increasing","clean_D2",1,0,2.16058373837983,0.128236396591253,TRUE,0,TRUE,TRUE,"donor_random"
"HLA-DRB1","D2_late_increasing","clean_D2",1,0.00599645036031704,1.00002639335598,0.0974167437361776,TRUE,0.00674449849379723,TRUE,TRUE,"donor_random"
"SIL1","D2_late_increasing","clean_D2",1,9.59747068651762e-07,1.00105903656411,0.21502931512061,TRUE,1.62329383169844e-06,TRUE,TRUE,"donor_random"
"SSR3","D2_late_increasing","clean_D2",1,0,4.66805112106274,-0.0642231801006719,TRUE,0,FALSE,FALSE,"donor_random"
"IL1R1","D2_late_increasing","clean_D2",1,8.9955427184929e-06,4.32745825184194,0.344323578131432,TRUE,1.35722657182824e-05,TRUE,TRUE,"donor_random"
"S100A16","D2_late_increasing","clean_D2",1,0,1.0005902972542,0.306324004383232,TRUE,0,TRUE,TRUE,"donor_random"
"LMCD1","D2_late_increasing","clean_D2",1,0,2.70039446149684,0.193887068073354,TRUE,0,TRUE,TRUE,"donor_random"
"KHDRBS3","D2_late_increasing","clean_D2",1,9.05331010520039e-06,1.00039326132396,0.238851900833531,TRUE,1.36409712905849e-05,TRUE,TRUE,"donor_random"
"GALNS","D2_late_increasing","clean_D2",1,1.29302577231982e-05,2.1969193364736,0.169220008557608,TRUE,1.91040981487661e-05,TRUE,TRUE,"donor_random"
"ADAMTS12","D2_late_increasing","clean_D2",1,0,4.84712739996792,0.590975584104301,TRUE,0,TRUE,TRUE,"donor_random"
"SAR1A","D2_late_increasing","clean_D2",1,0,1.00012311466122,0.172722121741452,TRUE,0,TRUE,TRUE,"donor_random"
"ARF4","D2_late_increasing","clean_D2",1,0,1.00023847825644,0.297764549439843,TRUE,0,TRUE,TRUE,"donor_random"
"TMSB4X","D2_late_increasing","clean_D2",1,0,4.92242194014794,-0.673723593017886,TRUE,0,FALSE,FALSE,"donor_random"
"YIF1A","D2_late_increasing","clean_D2",1,0,4.75394675845038,-0.113872364034677,TRUE,0,FALSE,FALSE,"donor_random"
"ARFGAP1","D2_late_increasing","clean_D2",1,0,4.72532518948806,0.482568002621359,TRUE,0,TRUE,TRUE,"donor_random"
"GPR78","D2_late_increasing","clean_D2",1,0,4.39322585846448,0.103450330608248,TRUE,0,TRUE,TRUE,"donor_random"
"ITGBL1","D2_late_increasing","clean_D2",1,0,1.00157663712777,0.416037435009613,TRUE,0,TRUE,TRUE,"donor_random"
"XG","D2_late_increasing","clean_D2",1,0,1.00036751619538,0.293117359115243,TRUE,0,TRUE,TRUE,"donor_random"
"CDKN2A","D2_late_increasing","clean_D2",1,0.000179835272429707,1.00008836948777,0.138782462982368,TRUE,0.000231364596750762,TRUE,TRUE,"donor_random"
"LAMA4","D2_late_increasing","clean_D2",1,0,3.73973477683084,0.507949951722361,TRUE,0,TRUE,TRUE,"donor_random"
"LGMN","D2_late_increasing","clean_D2",1,0,1.00114907525787,0.183792573800687,TRUE,0,TRUE,TRUE,"donor_random"
"CTSA","D2_late_increasing","clean_D2",1,0,3.87396970848549,0.0903006484310321,TRUE,0,TRUE,TRUE,"donor_random"
"SCO2","D2_late_increasing","clean_D2",1,1.72173450340707e-05,3.56025737065168,0.0900787915886838,TRUE,2.50637913386602e-05,TRUE,TRUE,"donor_random"
"CCL14","D2_late_increasing","clean_D2",1,0.143203095132026,2.42061436768609,0.0502548762502493,TRUE,0.148104588674936,TRUE,FALSE,"donor_random"
"SEC61A1","D2_late_increasing","clean_D2",1,0,4.03644758456379,0.217849467680318,TRUE,0,TRUE,TRUE,"donor_random"
"FMOD","D2_late_increasing","clean_D2",1,0,4.48189657160317,0.0368768113456728,TRUE,0,TRUE,TRUE,"donor_random"
"AKR1A1","D2_late_increasing","clean_D2",1,0,3.73576368509535,0.131057395669017,TRUE,0,TRUE,TRUE,"donor_random"
"IFI6","D2_late_increasing","clean_D2",1,0,4.75412799594665,-0.152371158304866,TRUE,0,FALSE,FALSE,"donor_random"
"ANXA6","D2_late_increasing","clean_D2",1,3.73855289139691e-05,2.33518151615084,0.286767948967628,TRUE,5.18573465580861e-05,TRUE,TRUE,"donor_random"
"C7orf50","D2_late_increasing","clean_D2",1,0.000270990736016885,4.13305363248613,-0.0699204349916273,TRUE,0.000342723577903708,FALSE,FALSE,"donor_random"
"IFITM3","D2_late_increasing","clean_D2",1,0,4.96126657708569,-1.2512280382394,TRUE,0,FALSE,FALSE,"donor_random"
"FTL","D2_late_increasing","clean_D2",1,0,4.96449479109091,-1.88945324246605,TRUE,0,FALSE,FALSE,"donor_random"
"FARP1","D2_late_increasing","clean_D2",1,0,4.91517188828969,0.958827194131346,TRUE,0,TRUE,TRUE,"donor_random"
"HMCN1","D2_late_increasing","clean_D2",1,0,4.89897820260484,1.0263051332088,TRUE,0,TRUE,TRUE,"donor_random"
"PARVB","D2_late_increasing","clean_D2",1,0.000231324657829324,3.8669845531093,0.222499910849394,TRUE,0.000294221805976319,TRUE,TRUE,"donor_random"
"RP11-25H12.1","D2_late_increasing","clean_D2",1,0,4.7334761329057,-0.236922093963169,TRUE,0,FALSE,FALSE,"donor_random"
"SRA1","D2_late_increasing","clean_D2",1,0,1.00032088907875,0.180670810688984,TRUE,0,TRUE,TRUE,"donor_random"
"LOX","D2_late_increasing","clean_D2",1,0,3.66124951045468,0.137766755588806,TRUE,0,TRUE,TRUE,"donor_random"
"TUBB2A","D2_late_increasing","clean_D2",1,0,1.00039608941752,0.272565573586,TRUE,0,TRUE,TRUE,"donor_random"
"PLTP","D2_late_increasing","clean_D2",1,0,4.58882231628354,-0.0152588654083091,TRUE,0,FALSE,FALSE,"donor_random"
"RP11-417E7.2","D2_late_increasing","clean_D2",1,0,4.77365269559956,-0.0599298132094066,TRUE,0,FALSE,FALSE,"donor_random"
"C1S","D2_late_increasing","clean_D2",1,0,4.69001744530809,0.567802177351184,TRUE,0,TRUE,TRUE,"donor_random"
"LGALS1","D2_late_increasing","clean_D2",1,0,4.96059176814819,-1.94226209400363,TRUE,0,FALSE,FALSE,"donor_random"
"TGFB3","D2_late_increasing","clean_D2",1,8.47053580975143e-05,1.41475429191552,0.198801951727218,TRUE,0.00011300786438308,TRUE,TRUE,"donor_random"
"CRABP2","D2_late_increasing","clean_D2",1,0,4.69117152700366,-0.0719055206844197,TRUE,0,FALSE,FALSE,"donor_random"
"NID2","D2_late_increasing","clean_D2",1,0,1.00014500906868,0.202326381231779,TRUE,0,TRUE,TRUE,"donor_random"
"C4orf48","D2_late_increasing","clean_D2",1,0,4.59385570754107,-0.127359759455675,TRUE,0,FALSE,FALSE,"donor_random"
"HTRA1","D2_late_increasing","clean_D2",1,0,4.69976006366669,-0.0302841589451375,TRUE,0,FALSE,FALSE,"donor_random"
"FLNC","D2_late_increasing","clean_D2",1,0,1.00011632025368,0.18346077041028,TRUE,0,TRUE,TRUE,"donor_random"
"MXRA7","D2_late_increasing","clean_D2",1,4.45932892249035e-05,3.83345761057753,0.122219261110441,TRUE,6.11721439919535e-05,TRUE,TRUE,"donor_random"
"CLEC11A","D2_late_increasing","clean_D2",1,0,4.85299717522351,-0.219990266849316,TRUE,0,FALSE,FALSE,"donor_random"
"IFT20","D2_late_increasing","clean_D2",1,0,1.31065539668983,0.19796080125421,TRUE,0,TRUE,TRUE,"donor_random"
"ROR2","D2_late_increasing","clean_D2",1,0,4.96515593798526,1.69688782741286,TRUE,0,TRUE,TRUE,"donor_random"
"NME1-NME2","D2_late_increasing","clean_D2",1,0,4.90539356180879,-0.573694876372166,TRUE,0,FALSE,FALSE,"donor_random"
"TNFAIP6","D2_late_increasing","clean_D2",1,2.38866268464921e-06,4.49067327022016,0.0605458000629039,TRUE,3.83696103654859e-06,TRUE,TRUE,"donor_random"
"RP11-14N7.2","D2_late_increasing","clean_D2",1,0,3.56251759437453,0.136149730588325,TRUE,0,TRUE,TRUE,"donor_random"
"S100A9","D2_late_increasing","clean_D2",1,0.886388619329529,1.00226049369213,-0.00964017682861718,TRUE,0.887977129400012,FALSE,FALSE,"donor_random"
"SNX8","D2_late_increasing","clean_D2",1,0,1.98020249670402,0.190858018455448,TRUE,0,TRUE,TRUE,"donor_random"
"ECM1","D2_late_increasing","clean_D2",1,0,4.68298167088069,-0.116846859690045,TRUE,0,FALSE,FALSE,"donor_random"
"GPX7","D2_late_increasing","clean_D2",1,0,4.80088161171791,-0.101348492647098,TRUE,0,FALSE,FALSE,"donor_random"
"HIC1","D2_late_increasing","clean_D2",1,1.19336757365418e-05,2.75975811751879,0.229177471715689,TRUE,1.7671323805899e-05,TRUE,TRUE,"donor_random"
"EPHB2","D2_late_increasing","clean_D2",1,0,4.26615759169284,0.322545557742448,TRUE,0,TRUE,TRUE,"donor_random"
"GLIPR2","D2_late_increasing","clean_D2",1,0,4.07076303565701,0.0951756928811162,TRUE,0,TRUE,TRUE,"donor_random"
"EVL","D2_late_increasing","clean_D2",1,0,4.54005703525035,0.462311118447638,TRUE,0,TRUE,TRUE,"donor_random"
"PRAF2","D2_late_increasing","clean_D2",1,0,1.00022084518638,0.221901398276906,TRUE,0,TRUE,TRUE,"donor_random"
"TMEM214","D2_late_increasing","clean_D2",1,0,4.30760879514406,0.0609891906006755,TRUE,0,TRUE,TRUE,"donor_random"
"CYB561","D2_late_increasing","clean_D2",1,0,2.58149403250082,0.165090802537015,TRUE,0,TRUE,TRUE,"donor_random"
"MAGED1","D2_late_increasing","clean_D2",1,0,1.0002263337996,0.365565548749334,TRUE,0,TRUE,TRUE,"donor_random"
"HM13","D2_late_increasing","clean_D2",1,5.09284746041949e-07,1.23368775116546,0.404388306699602,TRUE,8.88268870631668e-07,TRUE,TRUE,"donor_random"
"FNDC1","D2_late_increasing","clean_D2",1,0,1.12212938020845,0.180856027281626,TRUE,0,TRUE,TRUE,"donor_random"
"C11orf24","D2_late_increasing","clean_D2",1,0,3.74040168852687,0.124441299566694,TRUE,0,TRUE,TRUE,"donor_random"
"HTRA3","D2_late_increasing","clean_D2",1,0,4.12099409251724,-0.00886494560632545,TRUE,0,FALSE,FALSE,"donor_random"
"NT5DC2","D2_late_increasing","clean_D2",1,0,1.0001897289432,0.223143674388481,TRUE,0,TRUE,TRUE,"donor_random"
"PLAU","D2_late_increasing","clean_D2",1,0,3.27312635164547,0.198205008615098,TRUE,0,TRUE,TRUE,"donor_random"
"NAGK","D2_late_increasing","clean_D2",1,2.34167104604666e-05,2.17588397890978,0.197899526816042,TRUE,3.32654158764951e-05,TRUE,TRUE,"donor_random"
"SPATS2L","D2_late_increasing","clean_D2",1,0,2.81599156660818,0.644606327136816,TRUE,0,TRUE,TRUE,"donor_random"
"FKBP9","D2_late_increasing","clean_D2",1,0,1.00019913700293,0.302796031251281,TRUE,0,TRUE,TRUE,"donor_random"
"PLOD1","D2_late_increasing","clean_D2",1,0,4.36130579711064,0.0278403031091319,TRUE,0,TRUE,TRUE,"donor_random"
"SEMA6B","D2_late_increasing","clean_D2",1,0,3.47545494187898,0.118864410735086,TRUE,0,TRUE,TRUE,"donor_random"
"TXNDC5","D2_late_increasing","clean_D2",1,0,4.54495468594608,0.0163978040665655,TRUE,0,TRUE,TRUE,"donor_random"
"P4HB","D2_late_increasing","clean_D2",1,0,4.5710561349602,0.12953218190048,TRUE,0,TRUE,TRUE,"donor_random"
"CUEDC1","D2_late_increasing","clean_D2",1,0,4.74908599173636,0.488104450978254,TRUE,0,TRUE,TRUE,"donor_random"
"SLC38A10","D2_late_increasing","clean_D2",1,0,1.00012823955372,0.246149309514146,TRUE,0,TRUE,TRUE,"donor_random"
"POLD4","D2_late_increasing","clean_D2",1,0,4.60488156139292,0.0239291822314688,TRUE,0,TRUE,TRUE,"donor_random"
"CISD1","D2_late_increasing","clean_D2",1,0,4.78491885420276,-0.0218712670015625,TRUE,0,FALSE,FALSE,"donor_random"
"TTYH3","D2_late_increasing","clean_D2",1,5.67279318091085e-05,1.61968955066768,0.208477319179629,TRUE,7.7155508226987e-05,TRUE,TRUE,"donor_random"
"DAB2","D2_late_increasing","clean_D2",1,0,4.53014274488623,0.0961963637178659,TRUE,0,TRUE,TRUE,"donor_random"
"OLFML3","D2_late_increasing","clean_D2",1,0,4.73952657052825,0.00057102252551644,TRUE,0,TRUE,TRUE,"donor_random"
"RPS26","D2_late_increasing","none",1,0,4.92468364566274,-1.38341423136602,TRUE,0,FALSE,FALSE,"donor_random"
"HDLBP","D2_late_increasing","clean_D2",1,0,4.65643436406404,0.102308038965343,TRUE,0,TRUE,TRUE,"donor_random"
"KDELR2","D2_late_increasing","clean_D2",1,0,4.87759563750282,-0.190483718716036,TRUE,0,FALSE,FALSE,"donor_random"
"PLIN3","D2_late_increasing","clean_D2",1,0,4.21796927099195,0.0410607946969942,TRUE,0,TRUE,TRUE,"donor_random"
"METRN","D2_late_increasing","clean_D2",1,7.29597020798778e-07,4.52089137569851,-0.018483360274607,TRUE,1.25297921544245e-06,FALSE,FALSE,"donor_random"
"IFI27","D2_late_increasing","clean_D2",1,0.000244463312315035,1.00327239967271,0.299320517604892,TRUE,0.000310226995650635,TRUE,TRUE,"donor_random"
"BACE2","D2_late_increasing","clean_D2",1,0,1.98180395464665,0.307634154358423,TRUE,0,TRUE,TRUE,"donor_random"
"ANGPTL2","D2_late_increasing","clean_D2",1,0,4.14227178206531,0.186099032579454,TRUE,0,TRUE,TRUE,"donor_random"
"TMED3","D2_late_increasing","clean_D2",1,0,1.00026016617287,0.346824395405773,TRUE,0,TRUE,TRUE,"donor_random"
"TGFBI","D2_late_increasing","clean_D2",1,2.04219679489914e-05,4.27283627033966,0.178498627350892,TRUE,2.93090631154973e-05,TRUE,TRUE,"donor_random"
"ABI3BP","D2_late_increasing","clean_D2",1,0,4.47412727639002,0.708435369742159,TRUE,0,TRUE,TRUE,"donor_random"
"SORCS2","D2_late_increasing","clean_D2",1,0,4.8858895184464,0.628557574360649,TRUE,0,TRUE,TRUE,"donor_random"
"TPM1","D2_late_increasing","clean_D2",1,0,4.23123379804931,0.369094221633643,TRUE,0,TRUE,TRUE,"donor_random"
"HMCN2","D2_late_increasing","clean_D2",1,0,4.84024708904114,0.619223058663382,TRUE,0,TRUE,TRUE,"donor_random"
"MYOF","D2_late_increasing","clean_D2",1,0,4.88324905767394,0.84971104302728,TRUE,0,TRUE,TRUE,"donor_random"
"AP2S1","D2_late_increasing","clean_D2",1,0,4.77433627530831,-0.135654796126458,TRUE,0,FALSE,FALSE,"donor_random"
"PDGFRL","D2_late_increasing","clean_D2",1,0,4.10407497837732,0.298951313384261,TRUE,0,TRUE,TRUE,"donor_random"
"SEC13","D2_late_increasing","clean_D2",1,0,1.00013707545783,0.273804044775933,TRUE,0,TRUE,TRUE,"donor_random"
"RUNX1","D2_late_increasing","clean_D2",1,0,4.87734075531632,1.32873548674526,TRUE,0,TRUE,TRUE,"donor_random"
"PLXDC2","D2_late_increasing","clean_D2",1,0,4.96222591386516,1.89455320767241,TRUE,0,TRUE,TRUE,"donor_random"
"LRP1","D2_late_increasing","clean_D2",1,0,4.07439199675295,0.877457151603714,TRUE,0,TRUE,TRUE,"donor_random"
"BGN","D2_late_increasing","clean_D2",1,0,4.93325898458643,-1.00399378931405,TRUE,0,FALSE,FALSE,"donor_random"
"ADAMTS14","D2_late_increasing","clean_D2",1,0,4.92418419983139,0.770416179735291,TRUE,0,TRUE,TRUE,"donor_random"
"FKBP14","D2_late_increasing","clean_D2",1,0,4.3076231631023,0.0909373864757399,TRUE,0,TRUE,TRUE,"donor_random"
"ATOX1","D2_late_increasing","clean_D2",1,0,4.70211067380562,-0.0496221347443273,TRUE,0,FALSE,FALSE,"donor_random"
"NME4","D2_late_increasing","clean_D2",1,0,4.80075542046986,-0.110175666909307,TRUE,0,FALSE,FALSE,"donor_random"
"ISOC2","D2_late_increasing","clean_D2",1,0,4.62969396912368,-0.0626411749977033,TRUE,0,FALSE,FALSE,"donor_random"
"CD151","D2_late_increasing","clean_D2",1,0,4.3978475134317,0.0771730705074719,TRUE,0,TRUE,TRUE,"donor_random"
"CTSB","D2_late_increasing","clean_D2",1,0,4.44475587751103,0.192083342006596,TRUE,0,TRUE,TRUE,"donor_random"
"MVP","D2_late_increasing","clean_D2",1,0,2.95709569018383,0.250824335559388,TRUE,0,TRUE,TRUE,"donor_random"
"MAP4K4","D2_late_increasing","clean_D2",1,1.02606772620639e-05,1.00130831870244,0.371767923561852,TRUE,1.53772616340315e-05,TRUE,TRUE,"donor_random"
"C1R","D2_late_increasing","clean_D2",1,0,4.82302506153344,0.390678126639444,TRUE,0,TRUE,TRUE,"donor_random"
"FAM20C","D2_late_increasing","clean_D2",1,0,4.40499386157487,0.10943465261672,TRUE,0,TRUE,TRUE,"donor_random"
"GPX8","D2_late_increasing","clean_D2",1,4.39281628628052e-07,4.34633079642775,0.0400663464059994,TRUE,7.72196322022268e-07,TRUE,TRUE,"donor_random"
"OST4","D2_late_increasing","clean_D2",1,0,4.90753302443191,-0.412887579144807,TRUE,0,FALSE,FALSE,"donor_random"
"RCN1","D2_late_increasing","clean_D2",1,0,4.48103236430966,0.05822057094773,TRUE,0,TRUE,TRUE,"donor_random"
"INAFM1","D2_late_increasing","clean_D2",1,0,4.58102118880559,0.0162127089671347,TRUE,0,TRUE,TRUE,"donor_random"
"PRDX4","D2_late_increasing","clean_D2",1,0,4.72839982036279,-0.0496481312172909,TRUE,0,FALSE,FALSE,"donor_random"
"AC005943.2","D2_late_increasing","clean_D2",1,9.96625943883167e-07,4.59605664899468,-0.0262612656907262,TRUE,1.67553053422764e-06,FALSE,FALSE,"donor_random"
"S100A8","D2_late_increasing","clean_D2",1,0.225059827564745,1.82362940462535,-0.0864771142459413,TRUE,0.230629594149757,FALSE,FALSE,"donor_random"
"FBLN1","D2_late_increasing","clean_D2",1,0,4.42020775102646,0.647775734623479,TRUE,0,TRUE,TRUE,"donor_random"
"TMEM119","D2_late_increasing","clean_D2",1,0,4.65937603337403,-0.0110869841087258,TRUE,0,FALSE,FALSE,"donor_random"
"MIR99AHG","D2_late_increasing","clean_D2",1,0,4.97427398117251,2.23355478438736,TRUE,0,TRUE,TRUE,"donor_random"
"EHD2","D2_late_increasing","clean_D2",1,0,3.4948152214864,0.193614867748353,TRUE,0,TRUE,TRUE,"donor_random"
"LRRC32","D2_late_increasing","clean_D2",1,0,4.14774511619583,0.0947264612874641,TRUE,0,TRUE,TRUE,"donor_random"
"ISG15","D2_late_increasing","clean_D2",1,1.99406014593784e-05,4.38988261367476,-0.0101709753852413,TRUE,2.86918821513321e-05,FALSE,FALSE,"donor_random"
"CADM1","D2_late_increasing","clean_D2",1,0,2.94765702289742,0.377343116591091,TRUE,0,TRUE,TRUE,"donor_random"
"FAM114A1","D2_late_increasing","clean_D2",1,0,1.00021111520039,0.304356010711789,TRUE,0,TRUE,TRUE,"donor_random"
"PDXK","D2_late_increasing","clean_D2",1,0,3.69982367592522,0.294771425640695,TRUE,0,TRUE,TRUE,"donor_random"
"CTSK","D2_late_increasing","clean_D2",1,0,4.86208970801294,0.0313558190706571,TRUE,0,TRUE,TRUE,"donor_random"
"PHPT1","D2_late_increasing","clean_D2",1,0,4.89192718081612,-0.263654982279939,TRUE,0,FALSE,FALSE,"donor_random"
"KDELR3","D2_late_increasing","clean_D2",1,0,4.78192275247825,-0.0119515403115942,TRUE,0,FALSE,FALSE,"donor_random"
"SSC5D","D2_late_increasing","clean_D2",1,9.76942582664453e-07,1.00025146602282,0.286826256088111,TRUE,1.64739337468908e-06,TRUE,TRUE,"donor_random"
"ARHGAP1","D2_late_increasing","clean_D2",1,0,2.60156467471494,0.295456458187582,TRUE,0,TRUE,TRUE,"donor_random"
"HEG1","D2_late_increasing","clean_D2",1,0,1.00012859522415,0.273885573528497,TRUE,0,TRUE,TRUE,"donor_random"
"TNFRSF12A","D2_late_increasing","clean_D2",1,0,4.39008202268262,0.119949250576982,TRUE,0,TRUE,TRUE,"donor_random"
"DPT","D2_late_increasing","clean_D2",1,0,4.72705141173413,0.249867808652694,TRUE,0,TRUE,TRUE,"donor_random"
"ITGA11","D2_late_increasing","clean_D2",1,0,4.78001129490868,0.63113469023106,TRUE,0,TRUE,TRUE,"donor_random"
"PIEZO2","D2_late_increasing","clean_D2",1,0,4.92207300346865,0.883581663322074,TRUE,0,TRUE,TRUE,"donor_random"
"B4GALT2","D2_late_increasing","clean_D2",1,0,1.00003558245333,0.312461980458551,TRUE,0,TRUE,TRUE,"donor_random"
"TYMP","D2_late_increasing","clean_D2",1,0,2.7354312839839,0.343755488727895,TRUE,0,TRUE,TRUE,"donor_random"
"CD74","D2_late_increasing","clean_D2",1,8.0224461850853e-06,3.26946608027794,0.14367730198261,TRUE,1.22028501155447e-05,TRUE,TRUE,"donor_random"
"HLA-DRA","D2_late_increasing","clean_D2",1,0.00131645853988832,1.00027710409667,0.155736076205988,TRUE,0.00156076420741797,TRUE,TRUE,"donor_random"
"EFEMP2","D2_late_increasing","clean_D2",1,0,4.71759814920917,0.00502540266524854,TRUE,0,TRUE,TRUE,"donor_random"
"PALLD","D2_late_increasing","clean_D2",1,0,4.89435926173132,1.42874743525656,TRUE,0,TRUE,TRUE,"donor_random"
"CST3","D2_late_increasing","clean_D2",1,0,4.94035757687617,-0.29324343030778,TRUE,0,FALSE,FALSE,"donor_random"
"C1orf122","D2_late_increasing","clean_D2",1,0,4.82253200108546,-0.0967526264913052,TRUE,0,FALSE,FALSE,"donor_random"
"GAS6","D2_late_increasing","clean_D2",1,0,3.58329576610517,0.363054860369177,TRUE,0,TRUE,TRUE,"donor_random"
"ZMAT3","D2_late_increasing","clean_D2",1,8.04091519368555e-07,1.00043826110956,0.267400918229603,TRUE,1.37038768087507e-06,TRUE,TRUE,"donor_random"
"LIMA1","D2_late_increasing","clean_D2",1,0,4.86151240937467,0.902976387458632,TRUE,0,TRUE,TRUE,"donor_random"
"PDLIM7","D2_late_increasing","clean_D2",1,0,4.4550175296348,0.464816556192944,TRUE,0,TRUE,TRUE,"donor_random"
"PDLIM2","D2_late_increasing","clean_D2",1,0,4.82435989834506,0.0167613279728738,TRUE,0,TRUE,TRUE,"donor_random"
"MYDGF","D2_late_increasing","clean_D2",1,0,4.72194151502284,0.0468634138884167,TRUE,0,TRUE,TRUE,"donor_random"
"CILP2","D2_late_increasing","clean_D2",1,0,4.19509751560164,0.13940836770884,TRUE,0,TRUE,TRUE,"donor_random"
"GUCY1A3","D2_late_increasing","clean_D2",1,8.01477774481363e-07,1.00037972779201,0.252223910827072,TRUE,1.36801855247353e-06,TRUE,TRUE,"donor_random"
"BNC2","D2_late_increasing","clean_D2",1,0,4.96567472553221,1.91533045615776,TRUE,0,TRUE,TRUE,"donor_random"
"COL18A1","D2_late_increasing","clean_D2",1,0,4.32084221235593,0.270051750073088,TRUE,0,TRUE,TRUE,"donor_random"
"LGALS3BP","D2_late_increasing","clean_D2",1,0,4.77157954269949,0.0135032832971168,TRUE,0,TRUE,TRUE,"donor_random"
"TMSB10","D2_late_increasing","clean_D2",1,0,4.97127121755825,-1.43395549184499,TRUE,0,FALSE,FALSE,"donor_random"
"S100A11","D2_late_increasing","clean_D2",1,0,4.93032845413025,-0.539127366641543,TRUE,0,FALSE,FALSE,"donor_random"
"C1QTNF5","D2_late_increasing","clean_D2",1,0,4.75506439364177,-0.0180013645936148,TRUE,0,FALSE,FALSE,"donor_random"
"FSTL1","D2_late_increasing","clean_D2",1,0,4.58361501538713,0.287436189493498,TRUE,0,TRUE,TRUE,"donor_random"
"OGN","D2_late_increasing","clean_D2",1,0,4.37214430467905,0.0685784589800999,TRUE,0,TRUE,TRUE,"donor_random"
"THBS4","D2_late_increasing","clean_D2",1,0,4.71500699048698,-0.0694192042251118,TRUE,0,FALSE,FALSE,"donor_random"
"GOLM1","D2_late_increasing","clean_D2",1,0,1.4413185474536,0.344157633542328,TRUE,0,TRUE,TRUE,"donor_random"
"P3H3","D2_late_increasing","clean_D2",1,0,3.78898361116135,0.294462194865228,TRUE,0,TRUE,TRUE,"donor_random"
"HCFC1R1","D2_late_increasing","clean_D2",1,0,4.84532202660192,-0.110112278869322,TRUE,0,FALSE,FALSE,"donor_random"
"ARPC1B","D2_late_increasing","clean_D2",1,0,4.78522043885569,-0.106665891605346,TRUE,0,FALSE,FALSE,"donor_random"
"FKBP11","D2_late_increasing","clean_D2",1,0,4.63107669750107,0.0323160194976118,TRUE,0,TRUE,TRUE,"donor_random"
"CCDC80","D2_late_increasing","clean_D2",1,0,4.21979520462053,1.09120828875203,TRUE,0,TRUE,TRUE,"donor_random"
"AK1","D2_late_increasing","clean_D2",1,0,1.00081137940072,0.304829521626146,TRUE,0,TRUE,TRUE,"donor_random"
"C1QTNF6","D2_late_increasing","clean_D2",1,0,4.38584351953313,0.0978202391873521,TRUE,0,TRUE,TRUE,"donor_random"
"PODN","D2_late_increasing","clean_D2",1,0,4.41016343531986,0.302459506757378,TRUE,0,TRUE,TRUE,"donor_random"
"ACTA2","D2_late_increasing","clean_D2",1,4.29854238462313e-05,1.00038727910879,0.256268563096579,TRUE,5.90389482310646e-05,TRUE,TRUE,"donor_random"
"CKAP4","D2_late_increasing","clean_D2",1,0,4.44890608850303,0.247389654773788,TRUE,0,TRUE,TRUE,"donor_random"
"SULF1","D2_late_increasing","clean_D2",1,0,4.87663414093451,0.76591391883844,TRUE,0,TRUE,TRUE,"donor_random"
"ZNF469","D2_late_increasing","clean_D2",1,0,2.08352417449598,0.262604772948777,TRUE,0,TRUE,TRUE,"donor_random"
"P3H1","D2_late_increasing","clean_D2",1,0,3.67050517729387,0.257466819459345,TRUE,0,TRUE,TRUE,"donor_random"
"MIR4435-2HG","D2_late_increasing","clean_D2",1,0,1.00033472743148,0.351119476571266,TRUE,0,TRUE,TRUE,"donor_random"
"FAP","D2_late_increasing","clean_D2",1,0,1.00018161795421,0.305791800484152,TRUE,0,TRUE,TRUE,"donor_random"
"TSHZ2","D2_late_increasing","clean_D2",1,0,4.91442595190781,1.39826563367934,TRUE,0,TRUE,TRUE,"donor_random"
"COL11A1","D2_late_increasing","clean_D2",1,0,4.18425940263989,0.602572461870355,TRUE,0,TRUE,TRUE,"donor_random"
"VKORC1","D2_late_increasing","clean_D2",1,0,4.87321576936819,-0.13575949429973,TRUE,0,FALSE,FALSE,"donor_random"
"SMOC2","D2_late_increasing","clean_D2",1,0,1.00054790944415,0.461981530347113,TRUE,0,TRUE,TRUE,"donor_random"
"CHPF","D2_late_increasing","clean_D2",1,0,3.92349351792722,0.171875703086388,TRUE,0,TRUE,TRUE,"donor_random"
"NBL1","D2_late_increasing","clean_D2",1,0,4.50808368360025,0.205270829438086,TRUE,0,TRUE,TRUE,"donor_random"
"COL12A1","D2_late_increasing","clean_D2",1,0,4.56024378316386,1.28930374948583,TRUE,0,TRUE,TRUE,"donor_random"
"FKBP10","D2_late_increasing","clean_D2",1,0,3.93293228001577,0.380291698418808,TRUE,0,TRUE,TRUE,"donor_random"
"SULF2","D2_late_increasing","clean_D2",1,0,4.26376924526978,0.603140878013197,TRUE,0,TRUE,TRUE,"donor_random"
"COL16A1","D2_late_increasing","clean_D2",1,0,3.17774971801493,0.773427114810094,TRUE,0,TRUE,TRUE,"donor_random"
"MMP2","D2_late_increasing","clean_D2",1,0,4.68838611444372,0.23209339237557,TRUE,0,TRUE,TRUE,"donor_random"
"SERF2","D2_late_increasing","clean_D2",1,0,4.95608913768964,-1.0409030042146,TRUE,0,FALSE,FALSE,"donor_random"
"MXRA5","D2_late_increasing","clean_D2",1,0,1.00185401713899,0.687506287566255,TRUE,0,TRUE,TRUE,"donor_random"
"P4HA2","D2_late_increasing","clean_D2",1,0,4.58495734061132,0.161793479864774,TRUE,0,TRUE,TRUE,"donor_random"
"NREP","D2_late_increasing","clean_D2",1,0,1.97421275551503,0.428049305725078,TRUE,0,TRUE,TRUE,"donor_random"
"PYCR1","D2_late_increasing","clean_D2",1,0,4.57849794897156,0.0828438036936816,TRUE,0,TRUE,TRUE,"donor_random"
"EMILIN1","D2_late_increasing","clean_D2",1,0,4.68142361836782,0.258811708653818,TRUE,0,TRUE,TRUE,"donor_random"
"MYL9","D2_late_increasing","clean_D2",1,0,4.83160364215327,0.0694602805522821,TRUE,0,TRUE,TRUE,"donor_random"
"RARRES2","D2_late_increasing","clean_D2",1,0,4.9053010596914,-0.0486113985617451,TRUE,0,FALSE,FALSE,"donor_random"
"LINC00152","D2_late_increasing","clean_D2",1,0,2.33700559153899,0.383304741160012,TRUE,0,TRUE,TRUE,"donor_random"
"P3H4","D2_late_increasing","clean_D2",1,0,3.35068474271375,0.363853372268937,TRUE,0,TRUE,TRUE,"donor_random"
"PPIB","D2_late_increasing","clean_D2",1,0,4.95634869138381,-0.711675483868355,TRUE,0,FALSE,FALSE,"donor_random"
"VCAN","D2_late_increasing","clean_D2",1,0,1.69540839447001,0.974598687584969,TRUE,0,TRUE,TRUE,"donor_random"
"CPXM1","D2_late_increasing","clean_D2",1,0,4.4728482744128,0.207764352579595,TRUE,0,TRUE,TRUE,"donor_random"
"IGFBP4","D2_late_increasing","clean_D2",1,0,4.82307459728677,0.289327202893152,TRUE,0,TRUE,TRUE,"donor_random"
"ARMC9","D2_late_increasing","clean_D2",1,6.1888820158007e-05,1.00239909800764,0.249226879565192,TRUE,8.38687284080628e-05,TRUE,TRUE,"donor_random"
"SERPINF1","D2_late_increasing","clean_D2",1,0,4.93883736013438,-0.243869279910903,TRUE,0,FALSE,FALSE,"donor_random"
"COPZ2","D2_late_increasing","clean_D2",1,0,4.86781056576312,-0.0571509330484832,TRUE,0,FALSE,FALSE,"donor_random"
"PPIC","D2_late_increasing","clean_D2",1,0,4.88224965384307,-0.168734954949254,TRUE,0,FALSE,FALSE,"donor_random"
"FOXP1","D2_late_increasing","clean_D2",1,0,4.91519071817182,1.38461275612029,TRUE,0,TRUE,TRUE,"donor_random"
"OLFML2B","D2_late_increasing","clean_D2",1,0,1.00147582826475,0.465151622864113,TRUE,0,TRUE,TRUE,"donor_random"
"LRRC15","D2_late_increasing","clean_D2",1,0,4.66485124328727,0.172873698315572,TRUE,0,TRUE,TRUE,"donor_random"
"ASPN","D2_late_increasing","clean_D2",1,0,3.94766909450897,0.439883122726888,TRUE,0,TRUE,TRUE,"donor_random"
"COL5A3","D2_late_increasing","clean_D2",1,0,2.23051848576323,0.650552806999744,TRUE,0,TRUE,TRUE,"donor_random"
"SFRP4","D2_late_increasing","clean_D2",1,0,4.44668735041166,0.295555138020274,TRUE,0,TRUE,TRUE,"donor_random"
"SEPT11","D2_late_increasing","clean_D2",1,0,3.38844937019193,0.830594343532885,TRUE,0,TRUE,TRUE,"donor_random"
"BASP1","D2_late_increasing","clean_D2",1,0,4.30694656988985,0.316064086736408,TRUE,0,TRUE,TRUE,"donor_random"
"NNMT","D2_late_increasing","clean_D2",1,0,4.88629172420339,0.0269879009125114,TRUE,0,TRUE,TRUE,"donor_random"
"MARCKS","D2_late_increasing","clean_D2",1,0,4.87602783810418,0.147494630331523,TRUE,0,TRUE,TRUE,"donor_random"
"HSPG2","D2_late_increasing","clean_D2",1,0,3.12864074980276,0.735669695306703,TRUE,0,TRUE,TRUE,"donor_random"
"TIMP1","D2_late_increasing","clean_D2",1,0,4.95579523618214,-0.525651757215068,TRUE,0,FALSE,FALSE,"donor_random"
"ARL4C","D2_late_increasing","clean_D2",1,0,4.07212740933378,0.324065452191151,TRUE,0,TRUE,TRUE,"donor_random"
"AEBP1","D2_late_increasing","clean_D2",1,0,4.56284643079231,0.909678726369611,TRUE,0,TRUE,TRUE,"donor_random"
"WISP2","D2_late_increasing","clean_D2",1,0,4.66303203978414,0.338263565811691,TRUE,0,TRUE,TRUE,"donor_random"
"TAGLN","D2_late_increasing","clean_D2",1,0,4.80499909213187,0.230476956188739,TRUE,0,TRUE,TRUE,"donor_random"
"BMP1","D2_late_increasing","clean_D2",1,0,1.56668755115017,0.482239174793627,TRUE,0,TRUE,TRUE,"donor_random"
"COL8A1","D2_late_increasing","clean_D2",1,0,3.03120459899754,0.678654773625229,TRUE,0,TRUE,TRUE,"donor_random"
"THBS2","D2_late_increasing","clean_D2",1,0,1.00070275962959,0.712084011338096,TRUE,0,TRUE,TRUE,"donor_random"
"FBN1","D2_late_increasing","clean_D2",1,0,3.15151087909972,0.999951928836841,TRUE,0,TRUE,TRUE,"donor_random"
"MRC2","D2_late_increasing","clean_D2",1,0,1.00064939625063,1.21115169932242,TRUE,0,TRUE,TRUE,"donor_random"
"COL6A1","D2_late_increasing","clean_D2",1,0,4.86843551675121,0.182569248006688,TRUE,0,TRUE,TRUE,"donor_random"
"CTHRC1","D2_late_increasing","clean_D2",1,0,4.7383197317585,0.232040641699221,TRUE,0,TRUE,TRUE,"donor_random"
"PCOLCE","D2_late_increasing","clean_D2",1,0,4.93950102925307,-0.022220745330146,TRUE,0,FALSE,FALSE,"donor_random"
"COL14A1","D2_late_increasing","clean_D2",1,0,3.87176042533681,0.868305014378736,TRUE,0,TRUE,TRUE,"donor_random"
"ADAMTS2","D2_late_increasing","clean_D2",1,0,4.84452754567227,1.17221067694309,TRUE,0,TRUE,TRUE,"donor_random"
"COMP","D2_late_increasing","clean_D2",1,0,4.67822974881255,0.436076667356318,TRUE,0,TRUE,TRUE,"donor_random"
"IGFBP7","D2_late_increasing","clean_D2",1,0,4.85628210790923,1.08642773924365,TRUE,0,TRUE,TRUE,"donor_random"
"COL6A3","D2_late_increasing","clean_D2",1,0,2.42278716957741,1.41667685809281,TRUE,0,TRUE,TRUE,"donor_random"
"RCN3","D2_late_increasing","clean_D2",1,0,4.87393509062911,0.0589189015502649,TRUE,0,TRUE,TRUE,"donor_random"
"POSTN","D2_late_increasing","clean_D2",1,0,4.69657175888756,0.640573197441423,TRUE,0,TRUE,TRUE,"donor_random"
"ADAM12","D2_late_increasing","clean_D2",1,0,4.79819148209913,1.40549109881741,TRUE,0,TRUE,TRUE,"donor_random"
"COL6A2","D2_late_increasing","clean_D2",1,0,4.78961805874883,0.679808705422269,TRUE,0,TRUE,TRUE,"donor_random"
"MDK","D2_late_increasing","clean_D2",1,0,4.94098484937614,-0.400560585374075,TRUE,0,FALSE,FALSE,"donor_random"
"CREB3L1","D2_late_increasing","clean_D2",1,0,3.57454874555798,0.740869677416615,TRUE,0,TRUE,TRUE,"donor_random"
"CERCAM","D2_late_increasing","clean_D2",1,0,4.61617492444551,0.465397766761277,TRUE,0,TRUE,TRUE,"donor_random"
"GXYLT2","D2_late_increasing","clean_D2",1,0,1.00530005879213,0.890050977696212,TRUE,0,TRUE,TRUE,"donor_random"
"SERPINH1","D2_late_increasing","clean_D2",1,0,4.90812286589561,0.174519922307704,TRUE,0,TRUE,TRUE,"donor_random"
"THY1","D2_late_increasing","clean_D2",1,0,4.93465093450116,0.0249702556105889,TRUE,0,TRUE,TRUE,"donor_random"
"FN1","D2_late_increasing","clean_D2",1,0,3.7798058380084,1.25034580981893,TRUE,0,TRUE,TRUE,"donor_random"
"SFRP2","D2_late_increasing","clean_D2",1,0,4.88856728403938,0.376155438646985,TRUE,0,TRUE,TRUE,"donor_random"
"COL5A2","D2_late_increasing","clean_D2",1,0,1.00142088982527,1.31116801136015,TRUE,0,TRUE,TRUE,"donor_random"
"COL3A1","D2_late_increasing","clean_D2",1,0,4.82864889720115,1.27162217556049,TRUE,0,TRUE,TRUE,"donor_random"
"COL5A1","D2_late_increasing","clean_D2",1,0,1.00080062457698,1.59300269254503,TRUE,0,TRUE,TRUE,"donor_random"
"COL1A2","D2_late_increasing","clean_D2",1,0,4.56411856541966,1.68731707782582,TRUE,0,TRUE,TRUE,"donor_random"
"SPARC","D2_late_increasing","clean_D2",1,0,4.85375204611301,1.18575354085757,TRUE,0,TRUE,TRUE,"donor_random"
"COL1A1","D2_late_increasing","clean_D2",1,0,4.53995556291521,3.30586156955767,TRUE,0,TRUE,TRUE,"donor_random"
"LAMC3","D1_early_decreasing","clean_D1",-1,0,4.04892523557765,-0.695992001075057,TRUE,0,TRUE,TRUE,"donor_equal_weight"
"SEMA3G","D1_early_decreasing","clean_D1",-1,0,4.34868743322332,-0.955414074665608,TRUE,0,TRUE,TRUE,"donor_equal_weight"
"IGFBP3","D1_early_decreasing","clean_D1",-1,0,4.81929827943601,-2.93450703956254,TRUE,0,TRUE,TRUE,"donor_equal_weight"
"ALX4","D1_early_decreasing","clean_D1",-1,0,4.35049815936281,-0.436809033686611,TRUE,0,TRUE,TRUE,"donor_equal_weight"
"COL23A1","D1_early_decreasing","clean_D1",-1,0,3.1787025794353,-0.883677801398434,TRUE,0,TRUE,TRUE,"donor_equal_weight"
"TFAP2A","D1_early_decreasing","clean_D1",-1,0,4.5952424250184,-0.975276119894642,TRUE,0,TRUE,TRUE,"donor_equal_weight"
"TCF4","D1_early_decreasing","clean_D1",-1,0,4.36514535708855,-0.280918428674514,TRUE,0,TRUE,TRUE,"donor_equal_weight"
"BMP7","D1_early_decreasing","clean_D1",-1,0,3.92058499858122,-0.646592588551742,TRUE,0,TRUE,TRUE,"donor_equal_weight"
"BMP4","D1_early_decreasing","clean_D1",-1,0,3.63827421422212,-0.984203587731067,TRUE,0,TRUE,TRUE,"donor_equal_weight"
"SLC5A3","D1_early_decreasing","clean_D1",-1,0,4.695328373366,-0.582008108374251,TRUE,0,TRUE,TRUE,"donor_equal_weight"
"GADD45G","D1_early_decreasing","clean_D1",-1,0,4.24918458893113,-0.559020685098836,TRUE,0,TRUE,TRUE,"donor_equal_weight"
"SERPINE2","D1_early_decreasing","clean_D1",-1,0,4.09187899491126,-1.18228079003062,TRUE,0,TRUE,TRUE,"donor_equal_weight"
"INHBB","D1_early_decreasing","clean_D1",-1,0,4.10774302729315,-0.521606362656343,TRUE,0,TRUE,TRUE,"donor_equal_weight"
"PRLR","D1_early_decreasing","clean_D1",-1,0,3.66367887107758,-0.409619130581488,TRUE,0,TRUE,TRUE,"donor_equal_weight"
"TRPS1","D1_early_decreasing","clean_D1",-1,0,4.28510711549034,-0.695964274619212,TRUE,0,TRUE,TRUE,"donor_equal_weight"
"TIMP3","D1_early_decreasing","clean_D1",-1,0,2.57513116533046,-0.77103129708884,TRUE,0,TRUE,TRUE,"donor_equal_weight"
"PRDM1","D1_early_decreasing","clean_D1",-1,0,3.78382448544241,-0.446829277943546,TRUE,0,TRUE,TRUE,"donor_equal_weight"
"PTCH1","D1_early_decreasing","clean_D1",-1,0,3.20479466045854,-0.598162336203205,TRUE,0,TRUE,TRUE,"donor_equal_weight"
"APCDD1","D1_early_decreasing","clean_D1",-1,0,2.92671314155388,-0.933631698823855,TRUE,0,TRUE,TRUE,"donor_equal_weight"
"DAAM2","D1_early_decreasing","clean_D1",-1,0,4.57347475198959,-0.16999469694722,TRUE,0,TRUE,TRUE,"donor_equal_weight"
"INHBA","D1_early_decreasing","clean_D1",-1,0,4.31736548035185,-0.968527391832401,TRUE,0,TRUE,TRUE,"donor_equal_weight"
"BCL2","D1_early_decreasing","clean_D1",-1,0,3.12724562703433,-0.555472830159238,TRUE,0,TRUE,TRUE,"donor_equal_weight"
"CENPW","D1_early_decreasing","clean_D1",-1,0,3.85193066038424,-0.834987643976557,TRUE,0,TRUE,TRUE,"donor_equal_weight"
"CEBPA","D1_early_decreasing","clean_D1",-1,0,3.76706957909532,-0.458989162615679,TRUE,0,TRUE,TRUE,"donor_equal_weight"
"IGFBP2","D1_early_decreasing","clean_D1",-1,0,3.6336598994332,-0.368849975895821,TRUE,0,TRUE,TRUE,"donor_equal_weight"
"MRPS6","D1_early_decreasing","none",-1,0,3.80463385473211,-0.733169359488083,TRUE,0,TRUE,TRUE,"donor_equal_weight"
"CRABP1","D1_early_decreasing","clean_D1",-1,0,4.38592618961698,-0.463020069121823,TRUE,0,TRUE,TRUE,"donor_equal_weight"
"ROBO2","D1_early_decreasing","clean_D1",-1,0,4.23013914316164,-0.15815393450768,TRUE,0,TRUE,TRUE,"donor_equal_weight"
"DKK2","D1_early_decreasing","clean_D1",-1,0,4.55616394070668,-0.43509080520882,TRUE,0,TRUE,TRUE,"donor_equal_weight"
"PHLDA1","D1_early_decreasing","clean_D1",-1,0,4.37202490101096,-0.324135658827459,TRUE,0,TRUE,TRUE,"donor_equal_weight"
"DIO2","D1_early_decreasing","clean_D1",-1,0,4.27516530980484,-0.59080127597834,TRUE,0,TRUE,TRUE,"donor_equal_weight"
"MYLIP","D1_early_decreasing","clean_D1",-1,0,3.74503570743597,-0.531156326098484,TRUE,0,TRUE,TRUE,"donor_equal_weight"
"LUZP2","D1_early_decreasing","clean_D1",-1,0,4.5276541907606,-0.716375018995982,TRUE,0,TRUE,TRUE,"donor_equal_weight"
"ZDHHC14","D1_early_decreasing","clean_D1",-1,0,4.36423659431185,-0.145745415183013,TRUE,0,TRUE,TRUE,"donor_equal_weight"
"PGM2L1","D1_early_decreasing","clean_D1",-1,0,4.04093589900334,-0.573819862780946,TRUE,0,TRUE,TRUE,"donor_equal_weight"
"PREX2","D1_early_decreasing","clean_D1",-1,0,4.31088041498598,-0.0366972043387644,TRUE,0,TRUE,TRUE,"donor_equal_weight"
"TNN","D1_early_decreasing","clean_D1",-1,0,4.3701551810312,-0.181171352663182,TRUE,0,TRUE,TRUE,"donor_equal_weight"
"F2R","D1_early_decreasing","clean_D1",-1,0,3.87443729928175,-0.746633108460329,TRUE,0,TRUE,TRUE,"donor_equal_weight"
"PLEKHH2","D1_early_decreasing","clean_D1",-1,0,4.01047612780624,-0.1619992064268,TRUE,0,TRUE,TRUE,"donor_equal_weight"
"HIST1H2BD","D1_early_decreasing","none",-1,0,3.92595432145535,-0.168706186163133,TRUE,0,TRUE,TRUE,"donor_equal_weight"
"TWIST1","D1_early_decreasing","clean_D1",-1,0,1.97239249097762,-0.516074428782534,TRUE,0,TRUE,TRUE,"donor_equal_weight"
"HIST2H2BE","D1_early_decreasing","none",-1,0,3.56342215964771,-0.293579220615568,TRUE,0,TRUE,TRUE,"donor_equal_weight"
"ITGA8","D1_early_decreasing","clean_D1",-1,0,4.71055646159244,0.00765419608823509,TRUE,0,FALSE,FALSE,"donor_equal_weight"
"CPE","D1_early_decreasing","clean_D1",-1,0,4.21520227140257,-0.818624928694922,TRUE,0,TRUE,TRUE,"donor_equal_weight"
"SOX18","D1_early_decreasing","clean_D1",-1,0,3.68212945982813,-0.506292546778841,TRUE,0,TRUE,TRUE,"donor_equal_weight"
"PTMA","D2_late_increasing","none",1,0,4.84546867096185,-2.45697707067703,TRUE,0,FALSE,FALSE,"donor_equal_weight"
"RPL35A","D2_late_increasing","none",1,0,4.93965088877875,-2.47014107164031,TRUE,0,FALSE,FALSE,"donor_equal_weight"
"RPL34","D2_late_increasing","none",1,0,4.82387175504666,-2.02820537037005,TRUE,0,FALSE,FALSE,"donor_equal_weight"
"SLC35F1","D2_late_increasing","none",1,0,4.34066074613525,-1.20003316812212,TRUE,0,FALSE,FALSE,"donor_equal_weight"
"H3F3B","D2_late_increasing","none",1,0,4.72838574435723,-1.32692536248784,TRUE,0,FALSE,FALSE,"donor_equal_weight"
"RPL13","D2_late_increasing","none",1,0,4.91511051235585,-1.81026965195052,TRUE,0,FALSE,FALSE,"donor_equal_weight"
"RPL11","D2_late_increasing","none",1,0,4.90052725021241,-1.72817576904971,TRUE,0,FALSE,FALSE,"donor_equal_weight"
"RPS27A","D2_late_increasing","none",1,0,4.83716229538324,-1.85812142577655,TRUE,0,FALSE,FALSE,"donor_equal_weight"
"RPS13","D2_late_increasing","none",1,0,4.79089991107117,-1.61762674351402,TRUE,0,FALSE,FALSE,"donor_equal_weight"
"RPL26","D2_late_increasing","none",1,0,4.87054390298286,-1.92336177282245,TRUE,0,FALSE,FALSE,"donor_equal_weight"
"RPL37A","D2_late_increasing","none",1,0,4.92004510876833,-1.92218701427449,TRUE,0,FALSE,FALSE,"donor_equal_weight"
"RPL5","D2_late_increasing","none",1,0,4.77372141793882,-1.35093927545917,TRUE,0,FALSE,FALSE,"donor_equal_weight"
"RPL13A","D2_late_increasing","none",1,0,4.94426857303049,-2.06787730606953,TRUE,0,FALSE,FALSE,"donor_equal_weight"
"FAU","D2_late_increasing","none",1,0,4.86056431202108,-1.8741452997228,TRUE,0,FALSE,FALSE,"donor_equal_weight"
"RPL19","D2_late_increasing","none",1,0,4.9640151319562,-2.40464856968954,TRUE,0,FALSE,FALSE,"donor_equal_weight"
"RPL6","D2_late_increasing","none",1,0,4.82717508043714,-1.77526155629456,TRUE,0,FALSE,FALSE,"donor_equal_weight"
"RPS14","D2_late_increasing","none",1,0,4.81719122928556,-1.35620649370725,TRUE,0,FALSE,FALSE,"donor_equal_weight"
"RPL4","D2_late_increasing","none",1,0,4.88497150149291,-1.64442850029474,TRUE,0,FALSE,FALSE,"donor_equal_weight"
"RPL30","D2_late_increasing","none",1,0,4.91710132200733,-2.10487810872326,TRUE,0,FALSE,FALSE,"donor_equal_weight"
"RPS27","D2_late_increasing","none",1,0,4.81538376667864,-2.2232718002503,TRUE,0,FALSE,FALSE,"donor_equal_weight"
"RPL24","D2_late_increasing","none",1,0,4.89013463542613,-1.87696737027435,TRUE,0,FALSE,FALSE,"donor_equal_weight"
"GNB2L1","D2_late_increasing","none",1,0,4.82618653083649,-1.42802048872029,TRUE,0,FALSE,FALSE,"donor_equal_weight"
"RPL12","D2_late_increasing","none",1,0,4.91597263570603,-1.68830959778037,TRUE,0,FALSE,FALSE,"donor_equal_weight"
"RPS23","D2_late_increasing","none",1,0,4.90076571349735,-2.16646445024961,TRUE,0,FALSE,FALSE,"donor_equal_weight"
"RPL38","D2_late_increasing","none",1,0,4.89618678286882,-1.65780581643857,TRUE,0,FALSE,FALSE,"donor_equal_weight"
"RPS9","D2_late_increasing","none",1,0,4.84408979651205,-1.75850277736212,TRUE,0,FALSE,FALSE,"donor_equal_weight"
"RPL37","D2_late_increasing","none",1,0,4.93991449707059,-1.93713405663491,TRUE,0,FALSE,FALSE,"donor_equal_weight"
"RPL3","D2_late_increasing","none",1,0,4.92138551419899,-1.86096744000793,TRUE,0,FALSE,FALSE,"donor_equal_weight"
"RPS6","D2_late_increasing","none",1,0,4.88756717590412,-1.75604191647978,TRUE,0,FALSE,FALSE,"donor_equal_weight"
"RPL18","D2_late_increasing","none",1,0,4.90113467422276,-1.383794342997,TRUE,0,FALSE,FALSE,"donor_equal_weight"
"RPL9","D2_late_increasing","none",1,0,4.68639910986561,-1.46271991748136,TRUE,0,FALSE,FALSE,"donor_equal_weight"
"RPS21","D2_late_increasing","none",1,0,4.830968895715,-1.60151828368173,TRUE,0,FALSE,FALSE,"donor_equal_weight"
"EEF1A1","D2_late_increasing","none",1,0,4.92651197741037,-1.67490951992937,TRUE,0,FALSE,FALSE,"donor_equal_weight"
"RPL32","D2_late_increasing","none",1,0,4.90475334625831,-1.93862940170862,TRUE,0,FALSE,FALSE,"donor_equal_weight"
"RPS4X","D2_late_increasing","none",1,0,4.85344414273841,-1.2624603558015,TRUE,0,FALSE,FALSE,"donor_equal_weight"
"RPL23","D2_late_increasing","none",1,0,4.89791207491835,-1.61114830867867,TRUE,0,FALSE,FALSE,"donor_equal_weight"
"RPL14","D2_late_increasing","none",1,0,4.83889600562956,-1.53726520990664,TRUE,0,FALSE,FALSE,"donor_equal_weight"
"RPS3A","D2_late_increasing","none",1,0,4.78353176632686,-1.70047892678599,TRUE,0,FALSE,FALSE,"donor_equal_weight"
"RPL21","D2_late_increasing","none",1,0,4.82717976848397,-1.84688099410487,TRUE,0,FALSE,FALSE,"donor_equal_weight"
"RPL7","D2_late_increasing","none",1,0,3.93350907727426,-0.993602625738646,TRUE,0,FALSE,FALSE,"donor_equal_weight"
"RPL22","D2_late_increasing","none",1,0,4.67752184578035,-1.13639034758372,TRUE,0,FALSE,FALSE,"donor_equal_weight"
"RPS8","D2_late_increasing","none",1,0,4.91753500700502,-1.66418649530958,TRUE,0,FALSE,FALSE,"donor_equal_weight"
"HSP90AB1","D2_late_increasing","none",1,0,4.40241805405648,-1.18192462446771,TRUE,0,FALSE,FALSE,"donor_equal_weight"
"VIM","D2_late_increasing","none",1,0,4.82109889759311,-2.0411978774149,TRUE,0,FALSE,FALSE,"donor_equal_weight"
"RPS16","D2_late_increasing","none",1,0,4.9002820434875,-1.66147122068252,TRUE,0,FALSE,FALSE,"donor_equal_weight"
"NACA","D2_late_increasing","none",1,0,4.74090031987825,-1.32253086573083,TRUE,0,FALSE,FALSE,"donor_equal_weight"
"RPS20","D2_late_increasing","none",1,0,4.93094840882981,-1.82251802700968,TRUE,0,FALSE,FALSE,"donor_equal_weight"
"GLTSCR2","D2_late_increasing","none",1,3.75539522745605e-06,4.22490546873629,-0.633962750273403,TRUE,5.02284527142601e-06,FALSE,FALSE,"donor_equal_weight"
"RPL36A","D2_late_increasing","none",1,0,4.88500557598351,-1.57714171099747,TRUE,0,FALSE,FALSE,"donor_equal_weight"
"RPS3","D2_late_increasing","none",1,0,4.89619786973158,-1.75332060409057,TRUE,0,FALSE,FALSE,"donor_equal_weight"
"JUNB","D2_late_increasing","none",1,0,3.25863906118509,-0.535145738709761,TRUE,0,FALSE,FALSE,"donor_equal_weight"
"RPL23A","D2_late_increasing","none",1,0,4.9208065453346,-1.90308936039567,TRUE,0,FALSE,FALSE,"donor_equal_weight"
"RPS5","D2_late_increasing","none",1,0,4.86370980259244,-1.42529832701942,TRUE,0,FALSE,FALSE,"donor_equal_weight"
"BTF3","D2_late_increasing","none",1,0,4.51318319525562,-0.932338706830792,TRUE,0,FALSE,FALSE,"donor_equal_weight"
"RPS17","D2_late_increasing","none",1,0,4.8430898703293,-1.50977905898138,TRUE,0,FALSE,FALSE,"donor_equal_weight"
"RPL17-C18orf32","D2_late_increasing","none",1,0,4.61464477655935,-1.40322604768306,TRUE,0,FALSE,FALSE,"donor_equal_weight"
"RPL10A","D2_late_increasing","none",1,0,4.87832103963228,-1.65528630390275,TRUE,0,FALSE,FALSE,"donor_equal_weight"
"HNRNPA1","D2_late_increasing","none",1,0,4.74873778810485,-1.0641680717155,TRUE,0,FALSE,FALSE,"donor_equal_weight"
"RPS25","D2_late_increasing","none",1,0,4.8814575631516,-1.58857198561636,TRUE,0,FALSE,FALSE,"donor_equal_weight"
"LMO4","D2_late_increasing","none",1,0,4.68865928008995,-1.11689017164803,TRUE,0,FALSE,FALSE,"donor_equal_weight"
"PFDN5","D2_late_increasing","none",1,0,4.88001677222072,-1.77200672062876,TRUE,0,FALSE,FALSE,"donor_equal_weight"
"CIRBP","D2_late_increasing","none",1,0,1.00152206831972,-0.508862536824349,TRUE,0,FALSE,FALSE,"donor_equal_weight"
"RPS15","D2_late_increasing","none",1,0,4.94848893997447,-2.11434717485789,TRUE,0,FALSE,FALSE,"donor_equal_weight"
"RPL31","D2_late_increasing","none",1,0,4.82009106467737,-1.37025417331563,TRUE,0,FALSE,FALSE,"donor_equal_weight"
"RPS7","D2_late_increasing","none",1,0,4.89032097882583,-1.62380344978178,TRUE,0,FALSE,FALSE,"donor_equal_weight"
"ADIRF","D2_late_increasing","none",1,0,4.17996114944175,-1.26172931218669,TRUE,0,FALSE,FALSE,"donor_equal_weight"
"RPS10","D2_late_increasing","none",1,0,4.81708121620698,-1.66220024116471,TRUE,0,FALSE,FALSE,"donor_equal_weight"
"NUCKS1","D2_late_increasing","none",1,0,1.00105676257109,-0.592599161113706,TRUE,0,FALSE,FALSE,"donor_equal_weight"
"RPS15A","D2_late_increasing","none",1,0,4.82402152692036,-1.49032478949616,TRUE,0,FALSE,FALSE,"donor_equal_weight"
"FGFR1","D2_late_increasing","none",1,0,3.52547453177083,-0.362382626868779,TRUE,0,FALSE,FALSE,"donor_equal_weight"
"CD81","D2_late_increasing","none",1,0,4.87987393388674,-1.49510691909652,TRUE,0,FALSE,FALSE,"donor_equal_weight"
"EIF1","D2_late_increasing","none",1,0,4.6406019832146,-0.620037473633105,TRUE,0,FALSE,FALSE,"donor_equal_weight"
"ZFP36L2","D2_late_increasing","none",1,0,3.42111282498793,-0.595720400879374,TRUE,0,FALSE,FALSE,"donor_equal_weight"
"RPS24","D2_late_increasing","none",1,0,4.73306360171031,-1.37765779298313,TRUE,0,FALSE,FALSE,"donor_equal_weight"
"RPL7A","D2_late_increasing","none",1,0,4.82855388017176,-1.28670873092498,TRUE,0,FALSE,FALSE,"donor_equal_weight"
"RPS18","D2_late_increasing","none",1,0,4.94088217367697,-1.9025135326385,TRUE,0,FALSE,FALSE,"donor_equal_weight"
"HMGB1","D2_late_increasing","none",1,0,4.6498855398979,-1.13927243049438,TRUE,0,FALSE,FALSE,"donor_equal_weight"
"HIST1H4C","D2_late_increasing","none",1,0,4.70711063320188,-0.750157729902254,TRUE,0,FALSE,FALSE,"donor_equal_weight"
"RPL35","D2_late_increasing","none",1,0,4.9301828410657,-1.48604088945233,TRUE,0,FALSE,FALSE,"donor_equal_weight"
"SNHG8","D2_late_increasing","none",1,0,4.42881474158612,-0.613625075154391,TRUE,0,FALSE,FALSE,"donor_equal_weight"
"RPS2","D2_late_increasing","none",1,0,4.92429772932046,-1.7388730877765,TRUE,0,FALSE,FALSE,"donor_equal_weight"
"TMEM258","D2_late_increasing","clean_D2",1,0,4.69281150204702,-0.327271558325683,TRUE,0,FALSE,FALSE,"donor_equal_weight"
"POLDIP2","D2_late_increasing","clean_D2",1,0.00590707368022408,1.00141293537198,0.0714367227847727,TRUE,0.00646827460772823,TRUE,TRUE,"donor_equal_weight"
"PLXNA3","D2_late_increasing","clean_D2",1,0.769064693931467,1.0006328968283,-0.00655124694855631,TRUE,0.770442946071129,FALSE,FALSE,"donor_equal_weight"
"MRPS12","D2_late_increasing","none",1,0.0141412657779582,1.83762697290431,-0.0857798004741524,TRUE,0.0151726824757747,FALSE,FALSE,"donor_equal_weight"
"RAB24","D2_late_increasing","clean_D2",1,0.000107154833808076,3.90191686383826,-0.0473142464879534,TRUE,0.000129652710170378,FALSE,FALSE,"donor_equal_weight"
"MARVELD1","D2_late_increasing","clean_D2",1,0.00977870728217756,3.96409059837481,-0.210272416932986,TRUE,0.0105526976269059,FALSE,FALSE,"donor_equal_weight"
"CMKLR1","D2_late_increasing","clean_D2",1,2.48218673161715e-05,4.38043951393413,0.00842904723036575,TRUE,3.13923616057463e-05,TRUE,TRUE,"donor_equal_weight"
"PTPMT1","D2_late_increasing","clean_D2",1,2.81713175079301e-05,4.73757612650039,-0.158471659598391,TRUE,3.54679425381372e-05,FALSE,FALSE,"donor_equal_weight"
"RNF11","D2_late_increasing","clean_D2",1,0.00601384578130459,2.13848404879596,0.0470019931403264,TRUE,0.00657874714628037,TRUE,TRUE,"donor_equal_weight"
"C6orf1","D2_late_increasing","clean_D2",1,0.00659133571806847,2.18854632509653,0.055649215703109,TRUE,0.00719639973906304,TRUE,TRUE,"donor_equal_weight"
"SSNA1","D2_late_increasing","clean_D2",1,0,3.41118419448181,0.0114114554394968,TRUE,0,TRUE,TRUE,"donor_equal_weight"
"PSMC4","D2_late_increasing","clean_D2",1,0.000374281262836895,4.3436664714428,-0.0992096316824469,TRUE,0.000440469949317525,FALSE,FALSE,"donor_equal_weight"
"NPC2","D2_late_increasing","clean_D2",1,0,4.84053526066405,-0.537064031861809,TRUE,0,FALSE,FALSE,"donor_equal_weight"
"SAT2","D2_late_increasing","clean_D2",1,0.0217286460273831,4.30049141186144,-0.0552634896677098,TRUE,0.023004380926718,FALSE,FALSE,"donor_equal_weight"
"NDUFB11","D2_late_increasing","clean_D2",1,0,4.72969978184583,-0.335138103086727,TRUE,0,FALSE,FALSE,"donor_equal_weight"
"DCHS1","D2_late_increasing","clean_D2",1,0.00734490535066723,3.20062740762544,-0.0254670477124276,TRUE,0.00801132115321557,FALSE,FALSE,"donor_equal_weight"
"HAS2","D2_late_increasing","clean_D2",1,0,4.59491312780733,0.134430998181409,TRUE,0,TRUE,TRUE,"donor_equal_weight"
"NDUFA4","D2_late_increasing","clean_D2",1,0,4.6937758446056,-0.340717468635314,TRUE,0,FALSE,FALSE,"donor_equal_weight"
"ACTN1","D2_late_increasing","clean_D2",1,0.000489735287491633,2.4284255731768,0.130028484729911,TRUE,0.000571528237385851,TRUE,TRUE,"donor_equal_weight"
"RAB1B","D2_late_increasing","clean_D2",1,0.00977023979109504,3.77090684847335,-0.0459151537131479,TRUE,0.0105526976269059,FALSE,FALSE,"donor_equal_weight"
"HIGD2A","D2_late_increasing","clean_D2",1,7.24668599627609e-07,4.61525879357506,-0.397461242295136,TRUE,1.02554366377679e-06,FALSE,FALSE,"donor_equal_weight"
"TMEM160","D2_late_increasing","clean_D2",1,0.00935151028921888,4.1609423716445,-0.121102906035051,TRUE,0.0101209956469958,FALSE,FALSE,"donor_equal_weight"
"ILVBL","D2_late_increasing","clean_D2",1,0.193413999159607,1.00020634696329,0.0299419885700364,TRUE,0.198747105754082,TRUE,FALSE,"donor_equal_weight"
"TMEM9","D2_late_increasing","clean_D2",1,0.473206227107817,1.00159065250184,-0.0246361921673627,TRUE,0.477908366672574,FALSE,FALSE,"donor_equal_weight"
"PMP22","D2_late_increasing","clean_D2",1,0,4.4398690083562,-0.164772628109064,TRUE,0,FALSE,FALSE,"donor_equal_weight"
"RIC8A","D2_late_increasing","clean_D2",1,0.0355422346014133,3.29188144345861,0.00283105013970314,TRUE,0.0374164013977214,TRUE,TRUE,"donor_equal_weight"
"COX7B","D2_late_increasing","clean_D2",1,0.266560172302866,1.00175200383025,0.0490351017587806,TRUE,0.271415548847544,TRUE,FALSE,"donor_equal_weight"
"YIPF3","D2_late_increasing","clean_D2",1,0.000590098749110202,4.25893159627182,-0.251394325800314,TRUE,0.000685078298551615,FALSE,FALSE,"donor_equal_weight"
"TEN1","D2_late_increasing","clean_D2",1,1.94732590791391e-06,3.57290588222165,0.0386961411747598,TRUE,2.6647617687243e-06,TRUE,TRUE,"donor_equal_weight"
"MRPS24","D2_late_increasing","none",1,2.3398602085889e-06,4.33359901260365,-0.132739022125464,TRUE,3.18631390158634e-06,FALSE,FALSE,"donor_equal_weight"
"FASTK","D2_late_increasing","clean_D2",1,0.00636498369058075,1.00004794426796,0.0600929689004897,TRUE,0.00695606233242354,TRUE,TRUE,"donor_equal_weight"
"FAM162A","D2_late_increasing","clean_D2",1,7.83731427900225e-06,3.51868092281799,-0.0142833123169517,TRUE,1.02480904841222e-05,FALSE,FALSE,"donor_equal_weight"
"TSR3","D2_late_increasing","clean_D2",1,0.000958349407264747,4.61929781331105,-0.102508686345214,TRUE,0.00109553643897954,FALSE,FALSE,"donor_equal_weight"
"PRELP","D2_late_increasing","clean_D2",1,0,4.70368204664436,0.0211054900164684,TRUE,0,TRUE,TRUE,"donor_equal_weight"
"GORASP2","D2_late_increasing","clean_D2",1,4.38982949546585e-07,4.70325841177684,-0.0583229270823653,TRUE,6.35729193773422e-07,FALSE,FALSE,"donor_equal_weight"
"ECH1","D2_late_increasing","clean_D2",1,0.00397493224289025,4.6098972654479,-0.160852483392155,TRUE,0.0043826176011354,FALSE,FALSE,"donor_equal_weight"
"GSTO1","D2_late_increasing","clean_D2",1,0,4.48844548926875,-0.141208634619633,TRUE,0,FALSE,FALSE,"donor_equal_weight"
"PRMT2","D2_late_increasing","clean_D2",1,0.0407296902228878,3.70133363699022,0.0423775635076912,TRUE,0.0427967985612674,TRUE,TRUE,"donor_equal_weight"
"SUB1","D2_late_increasing","clean_D2",1,2.29775889918904e-05,4.32828665704292,-0.0917747117795031,TRUE,2.9125787406954e-05,FALSE,FALSE,"donor_equal_weight"
"HLA-A","D2_late_increasing","clean_D2",1,0,4.85157367766026,-0.442914486046071,TRUE,0,FALSE,FALSE,"donor_equal_weight"
"ANXA2","D2_late_increasing","clean_D2",1,0,4.79663024362653,-0.411915761043753,TRUE,0,FALSE,FALSE,"donor_equal_weight"
"CREB3","D2_late_increasing","clean_D2",1,0,3.38401267946312,0.0297024265381396,TRUE,0,TRUE,TRUE,"donor_equal_weight"
"PLP2","D2_late_increasing","clean_D2",1,0.000188058472748998,4.25968254295892,-0.0900666756468578,TRUE,0.000224385669726125,FALSE,FALSE,"donor_equal_weight"
"ALDOA","D2_late_increasing","clean_D2",1,0,4.86829957640967,-0.372234500094591,TRUE,0,FALSE,FALSE,"donor_equal_weight"
"CCDC92","D2_late_increasing","clean_D2",1,0.0602950241635703,1.73947697016642,0.0456353211700096,TRUE,0.0628237064444283,TRUE,FALSE,"donor_equal_weight"
"IFITM1","D2_late_increasing","clean_D2",1,0.561589300881,1.00016025326555,0.0156249046932791,TRUE,0.5656367913378,TRUE,FALSE,"donor_equal_weight"
"SCAND1","D2_late_increasing","clean_D2",1,0.000248732178325661,4.55273736066462,-0.284420698371006,TRUE,0.000294578999330603,FALSE,FALSE,"donor_equal_weight"
"RPS19BP1","D2_late_increasing","none",1,3.3206329168034e-06,2.89648676482922,0.0620139401913004,TRUE,4.46747003728785e-06,TRUE,TRUE,"donor_equal_weight"
"CD68","D2_late_increasing","clean_D2",1,0.00383380999530969,3.99292191515411,-0.0171577256857312,TRUE,0.0042311940520792,FALSE,FALSE,"donor_equal_weight"
"NKIRAS2","D2_late_increasing","clean_D2",1,0.0015809284429722,3.6117904666413,-0.00894941453343416,TRUE,0.00177993756217816,FALSE,FALSE,"donor_equal_weight"
"NRP2","D2_late_increasing","clean_D2",1,0.00343323151636304,3.53313871685589,0.0309106467136906,TRUE,0.00380034934187513,TRUE,TRUE,"donor_equal_weight"
"PLXNA2","D2_late_increasing","clean_D2",1,2.64310908549281e-05,3.99304274787617,0.157519334692409,TRUE,3.33520988440289e-05,TRUE,TRUE,"donor_equal_weight"
"C4orf3","D2_late_increasing","clean_D2",1,0,4.64719214352648,-0.278603298283024,TRUE,0,FALSE,FALSE,"donor_equal_weight"
"RBCK1","D2_late_increasing","clean_D2",1,2.42503939062999e-06,2.7932206842549,0.0549395645038067,TRUE,3.2942819425569e-06,TRUE,TRUE,"donor_equal_weight"
"PKM","D2_late_increasing","clean_D2",1,0.00245424555533036,1.00047073247209,0.16222206021805,TRUE,0.00274110542543391,TRUE,TRUE,"donor_equal_weight"
"MAGOHB","D2_late_increasing","clean_D2",1,0,4.40507439511909,-0.0192599332131851,TRUE,0,FALSE,FALSE,"donor_equal_weight"
"MAP2K2","D2_late_increasing","clean_D2",1,0.755343541507043,1.0008149619713,0.0109500630566415,TRUE,0.757375855968497,TRUE,FALSE,"donor_equal_weight"
"ORMDL3","D2_late_increasing","clean_D2",1,0.000410481571230359,1.00025046023482,0.070150642487918,TRUE,0.000481046537353817,TRUE,TRUE,"donor_equal_weight"
"CDIPT","D2_late_increasing","clean_D2",1,0.440322713848461,1.00050210981298,0.0232308504588264,TRUE,0.445100175481536,TRUE,FALSE,"donor_equal_weight"
"AGPAT1","D2_late_increasing","clean_D2",1,0.0431795764184149,1.00050768713591,0.0486940343865121,TRUE,0.0453284191885332,TRUE,TRUE,"donor_equal_weight"
"CFL1","D2_late_increasing","clean_D2",1,0,4.76317423339024,-0.723583477906324,TRUE,0,FALSE,FALSE,"donor_equal_weight"
"PACS2","D2_late_increasing","clean_D2",1,0.49554265784781,1.69852002024023,0.011972016655444,TRUE,0.500015064507086,TRUE,FALSE,"donor_equal_weight"
"GJA1","D2_late_increasing","clean_D2",1,0,4.48025523873503,-0.260258624026857,TRUE,0,FALSE,FALSE,"donor_equal_weight"
"KDELR1","D2_late_increasing","clean_D2",1,0,4.25673018893918,-0.0346802861211661,TRUE,0,FALSE,FALSE,"donor_equal_weight"
"ZNF593","D2_late_increasing","clean_D2",1,0.000621599999080513,4.29827158705787,0.0194191504360214,TRUE,0.000720154195825921,TRUE,TRUE,"donor_equal_weight"
"CORO1C","D2_late_increasing","clean_D2",1,0.193881690288422,1.995678954119,0.0194073592190569,TRUE,0.199044747238252,TRUE,FALSE,"donor_equal_weight"
"RTN4RL2","D2_late_increasing","clean_D2",1,1.27413298763313e-05,3.11836383766626,0.0330155623345809,TRUE,1.63921827407806e-05,TRUE,TRUE,"donor_equal_weight"
"PSME2","D2_late_increasing","clean_D2",1,0,4.60428005483907,-0.0666682854848697,TRUE,0,FALSE,FALSE,"donor_equal_weight"
"AKR1B1","D2_late_increasing","clean_D2",1,0.00130234973041382,2.63401664934325,0.0192616582284904,TRUE,0.00147520465917189,TRUE,TRUE,"donor_equal_weight"
"CYSTM1","D2_late_increasing","clean_D2",1,0.00369120351228402,4.1950283779968,-0.141801076960928,TRUE,0.00407783154815567,FALSE,FALSE,"donor_equal_weight"
"SNX3","D2_late_increasing","clean_D2",1,1.92018683923267e-05,4.59888754344249,-0.223755877889028,TRUE,2.44228542236875e-05,FALSE,FALSE,"donor_equal_weight"
"BCL7C","D2_late_increasing","clean_D2",1,0,4.63258518800703,-0.1596809232328,TRUE,0,FALSE,FALSE,"donor_equal_weight"
"PODNL1","D2_late_increasing","clean_D2",1,0.0188128369981385,1.07840963805639,0.0441463339848529,TRUE,0.0199551724515359,TRUE,TRUE,"donor_equal_weight"
"GALNT15","D2_late_increasing","clean_D2",1,6.27008982156951e-06,2.88098901861267,0.0584663845084807,TRUE,8.25672605478765e-06,TRUE,TRUE,"donor_equal_weight"
"PPP1R14B","D2_late_increasing","clean_D2",1,5.44665557100643e-06,4.66954231858492,-0.318587918002438,TRUE,7.21488261657013e-06,FALSE,FALSE,"donor_equal_weight"
"HOXB7","D2_late_increasing","clean_D2",1,0.000154278375348649,4.27844873120117,-0.0592094762002775,TRUE,0.000185465831870741,FALSE,FALSE,"donor_equal_weight"
"ADGRA2","D2_late_increasing","clean_D2",1,0.00916040012817909,2.81270736339727,0.0315573779835071,TRUE,0.00992376680552735,TRUE,TRUE,"donor_equal_weight"
"NUCB2","D2_late_increasing","clean_D2",1,0,4.61387954053289,-0.134959044876747,TRUE,0,FALSE,FALSE,"donor_equal_weight"
"ANXA5","D2_late_increasing","clean_D2",1,0,4.6441843600419,-0.273097134877705,TRUE,0,FALSE,FALSE,"donor_equal_weight"
"ATP5J2","D2_late_increasing","clean_D2",1,0,4.68894048727531,-0.239941193394809,TRUE,0,FALSE,FALSE,"donor_equal_weight"
"CAPNS1","D2_late_increasing","clean_D2",1,0,4.76262594564221,-0.40558389514086,TRUE,0,FALSE,FALSE,"donor_equal_weight"
"ATP5G3","D2_late_increasing","clean_D2",1,0,4.7252072256491,-0.265344968443822,TRUE,0,FALSE,FALSE,"donor_equal_weight"
"MBOAT7","D2_late_increasing","clean_D2",1,0.000164182289713488,3.02499377456413,0.0409047970320869,TRUE,0.000196737191746709,TRUE,TRUE,"donor_equal_weight"
"WDR45","D2_late_increasing","clean_D2",1,3.8950618972633e-05,1.00055404193378,0.107945501672559,TRUE,4.85471482847309e-05,TRUE,TRUE,"donor_equal_weight"
"SLC35A4","D2_late_increasing","clean_D2",1,2.52216215155809e-05,2.7392597493698,0.06545958118586,TRUE,3.18618902309825e-05,TRUE,TRUE,"donor_equal_weight"
"CSF1","D2_late_increasing","clean_D2",1,0,3.78070394139326,0.0360695814838498,TRUE,0,TRUE,TRUE,"donor_equal_weight"
"TES","D2_late_increasing","clean_D2",1,0.631915212971235,1.05500525052265,0.0104978609688477,TRUE,0.635896676959352,TRUE,FALSE,"donor_equal_weight"
"C11orf98","D2_late_increasing","clean_D2",1,0.0128756353257375,3.86170756292257,-0.0661118959316821,TRUE,0.0138546297345279,FALSE,FALSE,"donor_equal_weight"
"MRPS11","D2_late_increasing","none",1,0.230177467228465,1.00125715843023,-0.0315830036375606,TRUE,0.235442276634423,FALSE,FALSE,"donor_equal_weight"
"PDIA6","D2_late_increasing","clean_D2",1,0.000814190596278241,1.00158606445012,0.126473175235321,TRUE,0.00093745117058607,TRUE,TRUE,"donor_equal_weight"
"NDUFS7","D2_late_increasing","clean_D2",1,0.000628055895349866,1.00068251361739,0.119389433934022,TRUE,0.000726128739401396,TRUE,TRUE,"donor_equal_weight"
"CMBL","D2_late_increasing","clean_D2",1,1.21087828323097e-05,1.85054468408654,0.0840653673957421,TRUE,1.56427566069486e-05,TRUE,TRUE,"donor_equal_weight"
"POP7","D2_late_increasing","clean_D2",1,5.67826011652062e-05,4.59750081164983,-0.0770286871710589,TRUE,6.99922250305408e-05,FALSE,FALSE,"donor_equal_weight"
"POLE4","D2_late_increasing","clean_D2",1,0,3.7487568843702,0.00125089407747631,TRUE,0,TRUE,TRUE,"donor_equal_weight"
"PREB","D2_late_increasing","clean_D2",1,0.00108657706902215,3.14754384748857,-0.00212999711997502,TRUE,0.00123740790520318,FALSE,FALSE,"donor_equal_weight"
"MPC2","D2_late_increasing","clean_D2",1,0.00133358667073924,3.14614452866423,-0.0445936637091095,TRUE,0.00150905860109967,FALSE,FALSE,"donor_equal_weight"
"MIEN1","D2_late_increasing","clean_D2",1,0.00838914736169732,3.58937849463546,-0.0965838956833757,TRUE,0.00909705795380951,FALSE,FALSE,"donor_equal_weight"
"CA12","D2_late_increasing","clean_D2",1,0.0213320061202692,3.8018248715945,0.0807952154561986,TRUE,0.022605860514181,TRUE,TRUE,"donor_equal_weight"
"PDGFD","D2_late_increasing","clean_D2",1,0,4.62150430480858,0.695729444350464,TRUE,0,TRUE,TRUE,"donor_equal_weight"
"COX14","D2_late_increasing","clean_D2",1,0.00797110744518581,4.15970472570376,-0.00305396467051436,TRUE,0.00867740810488582,FALSE,FALSE,"donor_equal_weight"
"MINOS1","D2_late_increasing","clean_D2",1,0,4.79626858680257,-0.407965353682487,TRUE,0,FALSE,FALSE,"donor_equal_weight"
"NTMT1","D2_late_increasing","clean_D2",1,0.24369494948928,1.00042215492003,0.0305404465060493,TRUE,0.24836003056428,TRUE,FALSE,"donor_equal_weight"
"MAPK6","D2_late_increasing","clean_D2",1,1.17685277717383e-06,4.38732084206387,0.249866437120446,TRUE,1.64671014378015e-06,TRUE,TRUE,"donor_equal_weight"
"FAM20A","D2_late_increasing","clean_D2",1,0,4.26282029160786,0.312117502068726,TRUE,0,TRUE,TRUE,"donor_equal_weight"
"GAPDH","D2_late_increasing","clean_D2",1,0,4.73134457235847,-0.542758645434801,TRUE,0,FALSE,FALSE,"donor_equal_weight"
"GADD45GIP1","D2_late_increasing","clean_D2",1,0.0447575431374153,3.57960082180943,-0.201132185153786,TRUE,0.0469408379246063,FALSE,FALSE,"donor_equal_weight"
"FIS1","D2_late_increasing","clean_D2",1,0,4.77514261326244,-0.39228706967255,TRUE,0,FALSE,FALSE,"donor_equal_weight"
"ASNA1","D2_late_increasing","clean_D2",1,0,3.91905145853994,-0.0257500805802545,TRUE,0,FALSE,FALSE,"donor_equal_weight"
"MAPKAPK2","D2_late_increasing","clean_D2",1,6.79682831157269e-05,4.09178241626406,-0.0407656256476234,TRUE,8.33207681177441e-05,FALSE,FALSE,"donor_equal_weight"
"PCNXL3","D2_late_increasing","clean_D2",1,0.014992153548149,3.48488598060014,-0.0565613034591753,TRUE,0.0160548157728263,FALSE,FALSE,"donor_equal_weight"
"KLF7","D2_late_increasing","clean_D2",1,0,4.24838753328341,0.282143412046972,TRUE,0,TRUE,TRUE,"donor_equal_weight"
"MEA1","D2_late_increasing","clean_D2",1,0.143423981556722,3.08663291297896,-0.0496708366834606,TRUE,0.148195943974506,FALSE,FALSE,"donor_equal_weight"
"TMEM98","D2_late_increasing","clean_D2",1,0.000441091055468745,4.0100100976284,0.0122760271189735,TRUE,0.000515836610893365,TRUE,TRUE,"donor_equal_weight"
"DCTN1","D2_late_increasing","clean_D2",1,0.0147092584657167,3.60975009097099,-0.0945298034418026,TRUE,0.0157669712029447,FALSE,FALSE,"donor_equal_weight"
"APOL1","D2_late_increasing","clean_D2",1,3.9512417998433e-05,2.27735737709333,0.0710764790353684,TRUE,4.91925204033943e-05,TRUE,TRUE,"donor_equal_weight"
"SMPD1","D2_late_increasing","clean_D2",1,0.000333683668006568,3.72815212223495,-0.0252033768389728,TRUE,0.000393106786966642,FALSE,FALSE,"donor_equal_weight"
"MRPL55","D2_late_increasing","none",1,5.77446863203601e-06,4.16322417980292,-0.199824945491225,TRUE,7.62202589210893e-06,FALSE,FALSE,"donor_equal_weight"
"RPN1","D2_late_increasing","clean_D2",1,9.35678755270564e-06,2.76475885596627,0.14122493330314,TRUE,1.21779842653375e-05,TRUE,TRUE,"donor_equal_weight"
"FRZB","D2_late_increasing","clean_D2",1,0,1.00025182263812,0.118242487020971,TRUE,0,TRUE,TRUE,"donor_equal_weight"
"CLIP1","D2_late_increasing","clean_D2",1,0,4.90195198697689,0.685898299162896,TRUE,0,TRUE,TRUE,"donor_equal_weight"
"TMEM263","D2_late_increasing","clean_D2",1,0.128441970923652,3.00220143103232,0.102761919032745,TRUE,0.132838227097727,TRUE,FALSE,"donor_equal_weight"
"CYC1","D2_late_increasing","clean_D2",1,0.722682243045198,1.00193602075932,0.013392746277335,TRUE,0.725277152355953,TRUE,FALSE,"donor_equal_weight"
"DGCR6L","D2_late_increasing","clean_D2",1,0.0165220929784729,3.82209898383631,-0.0248319827122647,TRUE,0.017608865538544,FALSE,FALSE,"donor_equal_weight"
"R3HDM4","D2_late_increasing","clean_D2",1,5.96541511516113e-06,4.44209301299143,-0.0541645915998866,TRUE,7.864780776828e-06,FALSE,FALSE,"donor_equal_weight"
"LSM7","D2_late_increasing","clean_D2",1,0,4.21817415934215,-0.175964760138135,TRUE,0,FALSE,FALSE,"donor_equal_weight"
"CARM1","D2_late_increasing","clean_D2",1,0.0154323903620213,2.11746743499815,0.0618413028904398,TRUE,0.0164789039395795,TRUE,TRUE,"donor_equal_weight"
"KCTD12","D2_late_increasing","clean_D2",1,0,4.5797404834891,0.0136041125849654,TRUE,0,TRUE,TRUE,"donor_equal_weight"
"SLC25A5","D2_late_increasing","clean_D2",1,0.24126212849571,1.00122929958768,0.0423090770259739,TRUE,0.246104981439967,TRUE,FALSE,"donor_equal_weight"
"CHMP1A","D2_late_increasing","clean_D2",1,0,4.00046894323714,0.00774844124866531,TRUE,0,TRUE,TRUE,"donor_equal_weight"
"ABHD17A","D2_late_increasing","clean_D2",1,0.498504741455608,1.00069010087436,-0.0186036051340705,TRUE,0.502550316453895,FALSE,FALSE,"donor_equal_weight"
"COX7A1","D2_late_increasing","clean_D2",1,0,4.69130862539698,-0.412394958555806,TRUE,0,FALSE,FALSE,"donor_equal_weight"
"TIAM2","D2_late_increasing","clean_D2",1,0,4.88585502896207,0.699432053580464,TRUE,0,TRUE,TRUE,"donor_equal_weight"
"AURKAIP1","D2_late_increasing","clean_D2",1,7.00275641418724e-07,4.35854264246425,-0.118370414900753,TRUE,9.94800720592291e-07,FALSE,FALSE,"donor_equal_weight"
"SLC31A1","D2_late_increasing","clean_D2",1,0.0760661494566762,1.55530903382568,0.0425614000904296,TRUE,0.0790352742495948,TRUE,FALSE,"donor_equal_weight"
"ARFGAP3","D2_late_increasing","clean_D2",1,0,4.71156255955884,0.352882100155087,TRUE,0,TRUE,TRUE,"donor_equal_weight"
"NME3","D2_late_increasing","clean_D2",1,0.070565513846655,3.22077932399987,-0.150819493386871,TRUE,0.0733881344005212,FALSE,FALSE,"donor_equal_weight"
"MRPL41","D2_late_increasing","none",1,0.00021732860998902,1.00114707714798,0.156865445338469,TRUE,0.00025848232549758,TRUE,TRUE,"donor_equal_weight"
"UFC1","D2_late_increasing","clean_D2",1,0,4.79213317588415,-0.0271645146158635,TRUE,0,FALSE,FALSE,"donor_equal_weight"
"NDUFA2","D2_late_increasing","clean_D2",1,0,4.76728773932492,-0.190884797942651,TRUE,0,FALSE,FALSE,"donor_equal_weight"
"FSCN1","D2_late_increasing","clean_D2",1,0,4.73927727555788,0.110187677210697,TRUE,0,TRUE,TRUE,"donor_equal_weight"
"DLG1","D2_late_increasing","clean_D2",1,0,4.80050133453548,0.456592830513524,TRUE,0,TRUE,TRUE,"donor_equal_weight"
"PCED1A","D2_late_increasing","clean_D2",1,7.17480978087437e-05,4.54973533032344,0.123845257248832,TRUE,8.78580211940586e-05,TRUE,TRUE,"donor_equal_weight"
"BLOC1S1","D2_late_increasing","clean_D2",1,0,3.61750563866017,-0.0270554546656938,TRUE,0,FALSE,FALSE,"donor_equal_weight"
"COL8A2","D2_late_increasing","clean_D2",1,6.65945002087387e-07,4.67663105707835,-0.00742481163784545,TRUE,9.53298991464403e-07,FALSE,FALSE,"donor_equal_weight"
"LZTS1","D2_late_increasing","clean_D2",1,0,4.17814783949179,0.0674904681568028,TRUE,0,TRUE,TRUE,"donor_equal_weight"
"LSP1","D2_late_increasing","clean_D2",1,0,4.45552103232711,-0.325888313784893,TRUE,0,FALSE,FALSE,"donor_equal_weight"
"KIF1C","D2_late_increasing","clean_D2",1,0,4.79649446323918,-0.00226229115662024,TRUE,0,FALSE,FALSE,"donor_equal_weight"
"CMTM3","D2_late_increasing","clean_D2",1,0.000572190179195742,4.56710135226619,-0.1375050678486,TRUE,0.000664977775822078,FALSE,FALSE,"donor_equal_weight"
"WDR46","D2_late_increasing","clean_D2",1,0.234001844838576,1.00037508943982,0.0335063436385125,TRUE,0.239135340520592,TRUE,FALSE,"donor_equal_weight"
"EFHD2","D2_late_increasing","clean_D2",1,0.000235916122838298,4.22759720748008,0.00458340556156446,TRUE,0.000280291419057616,TRUE,TRUE,"donor_equal_weight"
"MGP","D2_late_increasing","clean_D2",1,0,4.90856883440899,-0.889443109495822,TRUE,0,FALSE,FALSE,"donor_equal_weight"
"XPOT","D2_late_increasing","clean_D2",1,7.47047868476791e-06,2.67924120267945,0.0721148089566649,TRUE,9.77985382853691e-06,TRUE,TRUE,"donor_equal_weight"
"PKIG","D2_late_increasing","clean_D2",1,3.19146297493855e-05,3.77399359154089,-0.075390530245687,TRUE,4.00905124267562e-05,FALSE,FALSE,"donor_equal_weight"
"BCL3","D2_late_increasing","clean_D2",1,0,3.99797147158587,0.0491469748022937,TRUE,0,TRUE,TRUE,"donor_equal_weight"
"ARHGDIA","D2_late_increasing","clean_D2",1,2.18249610300925e-06,4.60671991334664,-0.195563401499749,TRUE,2.97564712581017e-06,FALSE,FALSE,"donor_equal_weight"
"ZNF428","D2_late_increasing","clean_D2",1,0.000871897521891707,4.07861987122847,-0.122019608005481,TRUE,0.00100080228898863,FALSE,FALSE,"donor_equal_weight"
"LOXL2","D2_late_increasing","clean_D2",1,0.147764220641695,2.08004116037832,-0.0152290231630329,TRUE,0.152398891768833,FALSE,FALSE,"donor_equal_weight"
"UQCR10","D2_late_increasing","clean_D2",1,0,4.72282206159283,-0.228707054956683,TRUE,0,FALSE,FALSE,"donor_equal_weight"
"RAB7B","D2_late_increasing","clean_D2",1,0.000242359684107463,4.37537098927174,-0.00286522485580738,TRUE,0.00028733629568626,FALSE,FALSE,"donor_equal_weight"
"RABAC1","D2_late_increasing","clean_D2",1,0,4.83244801376516,-0.696557554455466,TRUE,0,FALSE,FALSE,"donor_equal_weight"
"DPM3","D2_late_increasing","clean_D2",1,0,4.78840050104112,-0.295659780008461,TRUE,0,FALSE,FALSE,"donor_equal_weight"
"CSTB","D2_late_increasing","clean_D2",1,0,4.03026948209574,-0.101039891375912,TRUE,0,FALSE,FALSE,"donor_equal_weight"
"TMUB1","D2_late_increasing","clean_D2",1,0.000627770083562074,3.48162714116609,0.0908056483894651,TRUE,0.000726128739401396,TRUE,TRUE,"donor_equal_weight"
"PSMB9","D2_late_increasing","clean_D2",1,0,4.55594316976186,-0.0253476521058062,TRUE,0,FALSE,FALSE,"donor_equal_weight"
"AP1S1","D2_late_increasing","clean_D2",1,0,3.44326170076747,0.0298770123275538,TRUE,0,TRUE,TRUE,"donor_equal_weight"
"MYL6","D2_late_increasing","clean_D2",1,0,4.91426191204513,-1.13840503661991,TRUE,0,FALSE,FALSE,"donor_equal_weight"
"LIMK1","D2_late_increasing","clean_D2",1,3.81902250573551e-06,4.23863170431779,0.110155812814767,TRUE,5.10115550945317e-06,TRUE,TRUE,"donor_equal_weight"
"GBP2","D2_late_increasing","clean_D2",1,0,4.66480124794473,-0.0150964932893911,TRUE,0,FALSE,FALSE,"donor_equal_weight"
"AMPD2","D2_late_increasing","clean_D2",1,0.144872691801452,1.00019383689099,0.0293166167689558,TRUE,0.149554634749791,TRUE,FALSE,"donor_equal_weight"
"BEST1","D2_late_increasing","clean_D2",1,0.017628920898888,2.11968192364199,-0.0365621835228024,TRUE,0.0187349178374113,FALSE,FALSE,"donor_equal_weight"
"CUEDC2","D2_late_increasing","clean_D2",1,0.0152286388627063,1.36619802951293,0.0904840617199102,TRUE,0.016276881690732,TRUE,TRUE,"donor_equal_weight"
"ILF2","D2_late_increasing","clean_D2",1,0.720898954620171,1.5641768247943,0.00251526854318046,TRUE,0.724137494398339,TRUE,FALSE,"donor_equal_weight"
"TUBA1B","D2_late_increasing","clean_D2",1,0,4.50634972977444,-0.0874786277822851,TRUE,0,FALSE,FALSE,"donor_equal_weight"
"SAC3D1","D2_late_increasing","clean_D2",1,0.000616846239352875,2.38191305006097,0.0609811925940146,TRUE,0.000715388065971488,TRUE,TRUE,"donor_equal_weight"
"GDI2","D2_late_increasing","clean_D2",1,0.00456205552949857,3.94116394293261,0.0891262288133525,TRUE,0.00501019457954754,TRUE,TRUE,"donor_equal_weight"
"DCTD","D2_late_increasing","clean_D2",1,0.0691510285788079,1.00002579154947,0.0449862682750113,TRUE,0.0719840316118317,TRUE,FALSE,"donor_equal_weight"
"FAM127A","D2_late_increasing","clean_D2",1,2.95730675059502e-07,4.00361288594052,-0.0846551676656203,TRUE,4.29943946315375e-07,FALSE,FALSE,"donor_equal_weight"
"RPN2","D2_late_increasing","clean_D2",1,0,4.49318964075793,-0.159699273452923,TRUE,0,FALSE,FALSE,"donor_equal_weight"
"ATP5E","D2_late_increasing","clean_D2",1,0,4.82107341379237,-0.628428875823997,TRUE,0,FALSE,FALSE,"donor_equal_weight"
"CDC42EP1","D2_late_increasing","clean_D2",1,0.0245659428413724,3.81179017873528,-0.0967460315424609,TRUE,0.0259836557205812,FALSE,FALSE,"donor_equal_weight"
"PUF60","D2_late_increasing","clean_D2",1,4.25552363778614e-05,3.31829878729475,0.0305787682345949,TRUE,5.28043887574351e-05,TRUE,TRUE,"donor_equal_weight"
"INPPL1","D2_late_increasing","clean_D2",1,0.0256910122590786,1.00007316393155,0.0495046714322568,TRUE,0.0271479694760396,TRUE,TRUE,"donor_equal_weight"
"MYL6B","D2_late_increasing","clean_D2",1,0.87612544186528,1.27894176034088,0.00458661560936632,TRUE,0.876909797677155,TRUE,FALSE,"donor_equal_weight"
"PKN1","D2_late_increasing","clean_D2",1,0,4.6698204551938,0.431789042277666,TRUE,0,TRUE,TRUE,"donor_equal_weight"
"LTBP2","D2_late_increasing","clean_D2",1,0,2.06497376966805,0.114374610476591,TRUE,0,TRUE,TRUE,"donor_equal_weight"
"COL15A1","D2_late_increasing","clean_D2",1,0,4.63507544748409,0.550928264555918,TRUE,0,TRUE,TRUE,"donor_equal_weight"
"NOP10","D2_late_increasing","clean_D2",1,3.73494320493606e-05,1.02204146499092,0.151123748046036,TRUE,4.66554916549555e-05,TRUE,TRUE,"donor_equal_weight"
"RAB11FIP5","D2_late_increasing","clean_D2",1,3.75590218865129e-06,3.10269801581266,0.045661773187214,TRUE,5.02284527142601e-06,TRUE,TRUE,"donor_equal_weight"
"OXLD1","D2_late_increasing","clean_D2",1,5.93761301340701e-05,4.46020567042709,0.19293199386483,TRUE,7.30280676456439e-05,TRUE,TRUE,"donor_equal_weight"
"DNM3OS","D2_late_increasing","clean_D2",1,0.00975461810649869,2.46587232905224,0.0806179718026794,TRUE,0.0105470629043187,TRUE,TRUE,"donor_equal_weight"
"LRRC75A","D2_late_increasing","clean_D2",1,3.41614337203144e-05,2.68127424734588,0.078744025229426,TRUE,4.28100567847482e-05,TRUE,TRUE,"donor_equal_weight"
"XXYLT1","D2_late_increasing","clean_D2",1,0.410354388073214,1.00041732133468,0.0202951366226675,TRUE,0.415182086756428,TRUE,FALSE,"donor_equal_weight"
"GCN1","D2_late_increasing","clean_D2",1,0.0264512061067987,2.46583272689408,0.048487078271293,TRUE,0.027898536252265,TRUE,TRUE,"donor_equal_weight"
"FAAP100","D2_late_increasing","clean_D2",1,0.177363880495245,1.00016109206746,0.0256271288190665,TRUE,0.182590072185713,TRUE,FALSE,"donor_equal_weight"
"PTGDS","D2_late_increasing","clean_D2",1,0,4.3941109923614,0.49538205010835,TRUE,0,TRUE,TRUE,"donor_equal_weight"
"CCL27","D2_late_increasing","clean_D2",1,0.00172632253069477,1.0013896125415,-0.12905130063312,TRUE,0.00193972722544397,FALSE,FALSE,"donor_equal_weight"
"CAPG","D2_late_increasing","clean_D2",1,0,3.93797535407864,-0.0291507735664122,TRUE,0,FALSE,FALSE,"donor_equal_weight"
"MYC","D2_late_increasing","clean_D2",1,0.365414731902329,1.41551847910431,0.0348325670269815,TRUE,0.37038410722285,TRUE,FALSE,"donor_equal_weight"
"MDFI","D2_late_increasing","clean_D2",1,0,4.74210294089833,-0.223369059526637,TRUE,0,FALSE,FALSE,"donor_equal_weight"
"B4GALT7","D2_late_increasing","clean_D2",1,5.42515630974627e-07,3.39104998716634,-0.0110334148869101,TRUE,7.81614014728909e-07,FALSE,FALSE,"donor_equal_weight"
"PSMD8","D2_late_increasing","clean_D2",1,0.000107712228335333,4.71766842329413,-0.268062277671302,TRUE,0.000130186239220435,FALSE,FALSE,"donor_equal_weight"
"IMP4","D2_late_increasing","clean_D2",1,0.000977283178221544,1.74365563974205,0.0740294386927145,TRUE,0.00111603942109467,TRUE,TRUE,"donor_equal_weight"
"APRT","D2_late_increasing","clean_D2",1,0.000263250299576356,3.01002897820878,0.0683500008860706,TRUE,0.000311443211562293,TRUE,TRUE,"donor_equal_weight"
"PTGES2","D2_late_increasing","clean_D2",1,0,4.76522950907618,-0.0754118708712758,TRUE,0,FALSE,FALSE,"donor_equal_weight"
"SLC35E1","D2_late_increasing","clean_D2",1,1.8893815909804e-05,2.24807229518608,0.10932709690766,TRUE,2.40584125138506e-05,TRUE,TRUE,"donor_equal_weight"
"ANO1","D2_late_increasing","clean_D2",1,3.06308850284154e-06,1.05689607549021,0.0700873722498198,TRUE,4.14091045486921e-06,TRUE,TRUE,"donor_equal_weight"
"SEC61B","D2_late_increasing","clean_D2",1,0,4.6071076205343,-0.280367910631568,TRUE,0,FALSE,FALSE,"donor_equal_weight"
"TTC3","D2_late_increasing","clean_D2",1,5.61093813816749e-06,4.59205491881702,0.231539176051395,TRUE,7.4237027674216e-06,TRUE,TRUE,"donor_equal_weight"
"POLR2G","D2_late_increasing","clean_D2",1,0.240393000983561,1.26684912171382,0.0481244321604626,TRUE,0.245442351689152,TRUE,FALSE,"donor_equal_weight"
"TIMM13","D2_late_increasing","clean_D2",1,1.77794489181204e-06,3.86131478716583,-0.0597857924022039,TRUE,2.44194396688681e-06,FALSE,FALSE,"donor_equal_weight"
"TMED2","D2_late_increasing","clean_D2",1,0.0520010870804074,1.00044519887934,0.0643428697256485,TRUE,0.0543846729241305,TRUE,FALSE,"donor_equal_weight"
"MMP14","D2_late_increasing","clean_D2",1,0.00151859300571616,1.0394501163684,0.101681560440466,TRUE,0.00171320583288665,TRUE,TRUE,"donor_equal_weight"
"UBA1","D2_late_increasing","clean_D2",1,0.222936738347012,1.0006117294874,0.0436738370623688,TRUE,0.228244755926703,TRUE,FALSE,"donor_equal_weight"
"APLNR","D2_late_increasing","clean_D2",1,0,4.62806640755552,-0.0114609392609785,TRUE,0,FALSE,FALSE,"donor_equal_weight"
"DGKZ","D2_late_increasing","clean_D2",1,1.03624271438618e-05,1.00162159486245,0.0618123578537255,TRUE,1.34555093459205e-05,TRUE,TRUE,"donor_equal_weight"
"ELN","D2_late_increasing","clean_D2",1,0,4.07830462894786,0.420378886441522,TRUE,0,TRUE,TRUE,"donor_equal_weight"
"PRELID1","D2_late_increasing","clean_D2",1,0,4.85143857604374,-0.224916105563644,TRUE,0,FALSE,FALSE,"donor_equal_weight"
"SIRT2","D2_late_increasing","clean_D2",1,0.00987336300221431,1.64718558260585,0.0543632456763756,TRUE,0.0106445707198415,TRUE,TRUE,"donor_equal_weight"
"IL32","D2_late_increasing","clean_D2",1,0,3.20792658864821,0.11316857750285,TRUE,0,TRUE,TRUE,"donor_equal_weight"
"CHRD","D2_late_increasing","clean_D2",1,0,3.41602984652885,0.220570270823125,TRUE,0,TRUE,TRUE,"donor_equal_weight"
"BAX","D2_late_increasing","clean_D2",1,0.0569863028715178,3.2070556314517,0.0716864802239512,TRUE,0.0594871023439373,TRUE,FALSE,"donor_equal_weight"
"PLEKHO1","D2_late_increasing","clean_D2",1,0.00801966076373578,3.71640691965521,-0.0321486452327931,TRUE,0.00872177114188386,FALSE,FALSE,"donor_equal_weight"
"TSPAN4","D2_late_increasing","clean_D2",1,0,4.39648538977652,-0.170974076554842,TRUE,0,FALSE,FALSE,"donor_equal_weight"
"TCEB2","D2_late_increasing","clean_D2",1,0,4.7632653526975,-0.5328179781012,TRUE,0,FALSE,FALSE,"donor_equal_weight"
"ATP8B2","D2_late_increasing","clean_D2",1,0,3.78965108904597,0.24012191930367,TRUE,0,TRUE,TRUE,"donor_equal_weight"
"ATP6V0E1","D2_late_increasing","clean_D2",1,0,4.64542008226415,-0.201853938655452,TRUE,0,FALSE,FALSE,"donor_equal_weight"
"SPOP","D2_late_increasing","clean_D2",1,0.000678679434227225,2.1480629955575,0.091882032298913,TRUE,0.000783846701927725,TRUE,TRUE,"donor_equal_weight"
"DUSP23","D2_late_increasing","clean_D2",1,0.00199818226865239,4.55911681116508,0.0129673379416089,TRUE,0.00224068984589105,TRUE,TRUE,"donor_equal_weight"
"CCND2","D2_late_increasing","clean_D2",1,1.09123802926048e-05,4.29532939998745,0.00703875069755586,TRUE,1.41367800314393e-05,TRUE,TRUE,"donor_equal_weight"
"SLC3A2","D2_late_increasing","clean_D2",1,0.00459978980368247,3.18385306192454,0.000629995548102225,TRUE,0.00504667811630717,TRUE,TRUE,"donor_equal_weight"
"TMEM205","D2_late_increasing","clean_D2",1,0,4.35098707242121,-0.0285772242383878,TRUE,0,FALSE,FALSE,"donor_equal_weight"
"COMMD7","D2_late_increasing","clean_D2",1,0.000270066095428345,2.82558192909142,0.0394660726126908,TRUE,0.000319169021869862,TRUE,TRUE,"donor_equal_weight"
"UBTD1","D2_late_increasing","clean_D2",1,1.89491335622627e-07,3.82061472307389,0.00498831585584053,TRUE,2.76568294028847e-07,TRUE,TRUE,"donor_equal_weight"
"SPNS1","D2_late_increasing","clean_D2",1,1.91505468094544e-06,4.64064125901681,0.0404018084027823,TRUE,2.62381266335417e-06,TRUE,TRUE,"donor_equal_weight"
"MRGPRF","D2_late_increasing","clean_D2",1,0.00250039761212884,4.47410326084418,-0.0737581399784843,TRUE,0.00278708328051848,FALSE,FALSE,"donor_equal_weight"
"PIGP","D2_late_increasing","clean_D2",1,7.4360942106777e-05,2.97705546708796,0.0240611159889866,TRUE,9.0957913868027e-05,TRUE,TRUE,"donor_equal_weight"
"DDT","D2_late_increasing","clean_D2",1,0,4.77491479127024,-0.326742077891151,TRUE,0,FALSE,FALSE,"donor_equal_weight"
"CPNE1","D2_late_increasing","clean_D2",1,0.000383499713769331,3.40886763060638,-0.0134814891373415,TRUE,0.000450844037848698,FALSE,FALSE,"donor_equal_weight"
"TSPAN9","D2_late_increasing","clean_D2",1,0,1.038747778292,0.190323958185214,TRUE,0,TRUE,TRUE,"donor_equal_weight"
"NDUFA13","D2_late_increasing","clean_D2",1,0,4.90480808659662,-0.368302188035261,TRUE,0,FALSE,FALSE,"donor_equal_weight"
"PTPN14","D2_late_increasing","clean_D2",1,5.38606177769019e-06,4.39402742507637,0.16819523697639,TRUE,7.1430807443151e-06,TRUE,TRUE,"donor_equal_weight"
"MXD4","D2_late_increasing","clean_D2",1,0,4.45777890449313,-0.206453357450413,TRUE,0,FALSE,FALSE,"donor_equal_weight"
"PPP2R1A","D2_late_increasing","clean_D2",1,0.00165374520248063,2.86343268005601,0.056440048416078,TRUE,0.00186004742089873,TRUE,TRUE,"donor_equal_weight"
"ACAN","D2_late_increasing","clean_D2",1,0,3.87376749151695,0.00102179318878337,TRUE,0,TRUE,TRUE,"donor_equal_weight"
"STARD10","D2_late_increasing","clean_D2",1,0.220570263166132,1.00048407821578,0.0282896388908899,TRUE,0.226028922291233,TRUE,FALSE,"donor_equal_weight"
"TCEAL8","D2_late_increasing","clean_D2",1,0,4.64921583853696,-0.104079224568058,TRUE,0,FALSE,FALSE,"donor_equal_weight"
"NUDT22","D2_late_increasing","clean_D2",1,0.696461687537503,1.00028800044826,0.00843615378715741,TRUE,0.700219574340763,TRUE,FALSE,"donor_equal_weight"
"TACSTD2","D2_late_increasing","clean_D2",1,0.00144841802736351,1.00048955439997,0.0979674827603491,TRUE,0.00163734211788918,TRUE,TRUE,"donor_equal_weight"
"CD248","D2_late_increasing","clean_D2",1,0,4.88980274117148,-0.601840533118125,TRUE,0,FALSE,FALSE,"donor_equal_weight"
"GOLGA2","D2_late_increasing","clean_D2",1,0.387611248182194,1.73248186650771,0.0563291167889313,TRUE,0.39252660821349,TRUE,FALSE,"donor_equal_weight"
"HSD3B7","D2_late_increasing","clean_D2",1,3.17833817521374e-05,2.59199728287781,0.0332872318249468,TRUE,3.99705520797408e-05,TRUE,TRUE,"donor_equal_weight"
"TAX1BP3","D2_late_increasing","clean_D2",1,0,4.66530137732889,-0.0772992177950775,TRUE,0,FALSE,FALSE,"donor_equal_weight"
"GLRX","D2_late_increasing","clean_D2",1,0,3.76342595636925,0.0246827567191922,TRUE,0,TRUE,TRUE,"donor_equal_weight"
"FAM96B","D2_late_increasing","clean_D2",1,3.34957133530933e-05,4.47080035229902,-0.187313090029832,TRUE,4.20294136125234e-05,FALSE,FALSE,"donor_equal_weight"
"CYP1B1","D2_late_increasing","clean_D2",1,0,1.00138463691343,0.234210080517883,TRUE,0,TRUE,TRUE,"donor_equal_weight"
"LTBR","D2_late_increasing","clean_D2",1,6.85902676711425e-07,4.51306970548226,0.00406753574932439,TRUE,9.78111215004303e-07,TRUE,TRUE,"donor_equal_weight"
"SERPINB6","D2_late_increasing","clean_D2",1,0.00404566982286181,1.74444646173564,0.0936300590584522,TRUE,0.00445621562754631,TRUE,TRUE,"donor_equal_weight"
"MFSD12","D2_late_increasing","clean_D2",1,5.50511291559364e-05,3.39283880971892,0.022626252184398,TRUE,6.79328503270826e-05,TRUE,TRUE,"donor_equal_weight"
"FKBP1A","D2_late_increasing","clean_D2",1,0,4.82194813065867,-0.225235778594972,TRUE,0,FALSE,FALSE,"donor_equal_weight"
"NCLN","D2_late_increasing","clean_D2",1,0.018399299075338,1.85481230223016,0.055035750042506,TRUE,0.0195350582775194,TRUE,TRUE,"donor_equal_weight"
"NTM","D2_late_increasing","clean_D2",1,1.02387544851923e-05,4.07981434977476,0.0975930890788794,TRUE,1.331038083075e-05,TRUE,TRUE,"donor_equal_weight"
"FAM173A","D2_late_increasing","clean_D2",1,0.0530442835567632,3.09178713289159,-0.0423448082378574,TRUE,0.0554238402023003,FALSE,FALSE,"donor_equal_weight"
"TMEM141","D2_late_increasing","clean_D2",1,0,4.62340499243714,-0.0432516290675094,TRUE,0,FALSE,FALSE,"donor_equal_weight"
"RNF181","D2_late_increasing","clean_D2",1,3.47653088050848e-06,4.70385600127467,-0.369185534301395,TRUE,4.67158837068327e-06,FALSE,FALSE,"donor_equal_weight"
"FBLN2","D2_late_increasing","clean_D2",1,0,4.19751077529301,0.407627174312927,TRUE,0,TRUE,TRUE,"donor_equal_weight"
"CTD-3214H19.16","D2_late_increasing","clean_D2",1,0.100040082816773,1.31289784947153,0.0823108929005439,TRUE,0.103560011656623,TRUE,FALSE,"donor_equal_weight"
"ARHGAP22","D2_late_increasing","clean_D2",1,0.000170698178415585,3.27910498324738,-0.0136981888079836,TRUE,0.00020432608508418,FALSE,FALSE,"donor_equal_weight"
"MRPL3","D2_late_increasing","none",1,0.0171084319103029,2.29638343138406,-0.0352185359238314,TRUE,0.0181990740967827,FALSE,FALSE,"donor_equal_weight"
"YIPF5","D2_late_increasing","clean_D2",1,0,4.3047151786992,-0.0484960073110053,TRUE,0,FALSE,FALSE,"donor_equal_weight"
"APOBEC3C","D2_late_increasing","clean_D2",1,0.00280055971720411,3.91361666399704,-0.101821538040483,TRUE,0.00311235165391073,FALSE,FALSE,"donor_equal_weight"
"PSMB3","D2_late_increasing","clean_D2",1,1.17960325290989e-06,2.61885266969239,0.188050104604593,TRUE,1.64849554594157e-06,TRUE,TRUE,"donor_equal_weight"
"C1orf54","D2_late_increasing","clean_D2",1,1.58928602006503e-06,2.65831059544246,0.0542326880086403,TRUE,2.19090230632886e-06,TRUE,TRUE,"donor_equal_weight"
"FAM57A","D2_late_increasing","clean_D2",1,0.000109865074673865,3.12549636264658,0.0215963939380308,TRUE,0.000132644874174278,TRUE,TRUE,"donor_equal_weight"
"NUDT2","D2_late_increasing","clean_D2",1,2.1717563031709e-05,3.46395840062229,0.0295886998677326,TRUE,2.75598586486387e-05,TRUE,TRUE,"donor_equal_weight"
"AP2M1","D2_late_increasing","clean_D2",1,3.50683102587901e-05,4.15672460552927,-0.110884380170961,TRUE,4.38550009724019e-05,FALSE,FALSE,"donor_equal_weight"
"MYO18A","D2_late_increasing","clean_D2",1,0.00269742459213596,1.53101643599906,0.0786537454573756,TRUE,0.00300071710846567,TRUE,TRUE,"donor_equal_weight"
"TOMM5","D2_late_increasing","clean_D2",1,4.3973157343169e-07,4.27994522690577,-0.163603285467573,TRUE,6.35989520176752e-07,FALSE,FALSE,"donor_equal_weight"
"C1orf216","D2_late_increasing","clean_D2",1,0.210690687681172,1.00045873623585,0.0219688061694329,TRUE,0.216102925529863,TRUE,FALSE,"donor_equal_weight"
"ELOVL1","D2_late_increasing","clean_D2",1,0.0365726603297243,1.00113874795486,0.0438159575327508,TRUE,0.0384649428491362,TRUE,TRUE,"donor_equal_weight"
"MMP24-AS1","D2_late_increasing","clean_D2",1,0,1.0015472540355,0.267477836456787,TRUE,0,TRUE,TRUE,"donor_equal_weight"
"CCDC85B","D2_late_increasing","clean_D2",1,0.000237524664019939,4.29960191464087,-0.243599489302841,TRUE,0.000281902945195639,FALSE,FALSE,"donor_equal_weight"
"COX5A","D2_late_increasing","clean_D2",1,0,4.69878674847703,-0.147492184219945,TRUE,0,FALSE,FALSE,"donor_equal_weight"
"GTF2H5","D2_late_increasing","clean_D2",1,0.000190413575655135,3.91983858770808,-0.0323306074694505,TRUE,0.000226953494224351,FALSE,FALSE,"donor_equal_weight"
"RALA","D2_late_increasing","clean_D2",1,0.016877854582916,1.93710173180381,0.084573828928676,TRUE,0.0179708965940001,TRUE,TRUE,"donor_equal_weight"
"CTSD","D2_late_increasing","clean_D2",1,0,4.40871944788484,-0.200823261922729,TRUE,0,FALSE,FALSE,"donor_equal_weight"
"FAM210B","D2_late_increasing","clean_D2",1,0.000159930299463207,2.68197470676374,0.0542275225443874,TRUE,0.000192053786036375,TRUE,TRUE,"donor_equal_weight"
"YKT6","D2_late_increasing","clean_D2",1,0,4.52283537180894,-0.134745906815841,TRUE,0,FALSE,FALSE,"donor_equal_weight"
"RP11-492E3.51","D2_late_increasing","clean_D2",1,0,4.8320601525812,0.29511060520058,TRUE,0,TRUE,TRUE,"donor_equal_weight"
"SEPW1","D2_late_increasing","clean_D2",1,0,4.66213439627606,-0.128135083841746,TRUE,0,FALSE,FALSE,"donor_equal_weight"
"PTPRD","D2_late_increasing","clean_D2",1,1.705333035118e-06,4.2302888592253,0.179045197977214,TRUE,2.34509512086337e-06,TRUE,TRUE,"donor_equal_weight"
"USP11","D2_late_increasing","clean_D2",1,0.0908410447950046,2.59689779154275,0.0150006982515482,TRUE,0.094211770019309,TRUE,FALSE,"donor_equal_weight"
"IFNGR2","D2_late_increasing","clean_D2",1,0,4.84649091706615,0.221975339983428,TRUE,0,TRUE,TRUE,"donor_equal_weight"
"SLC52A2","D2_late_increasing","clean_D2",1,0.00303938629841805,1.73449757083237,0.0693007192634482,TRUE,0.00337106535876128,TRUE,TRUE,"donor_equal_weight"
"CFH","D2_late_increasing","clean_D2",1,0,4.81688489956572,0.251015552228772,TRUE,0,TRUE,TRUE,"donor_equal_weight"
"PRKAR2A","D2_late_increasing","clean_D2",1,0.00108775195576066,3.30875105178842,0.184149154887362,TRUE,0.00123740790520318,TRUE,TRUE,"donor_equal_weight"
"SNRPC","D2_late_increasing","clean_D2",1,1.23595233172957e-05,4.03041374704178,-0.0394183850355206,TRUE,1.59376552119223e-05,FALSE,FALSE,"donor_equal_weight"
"CHID1","D2_late_increasing","clean_D2",1,2.73674232648125e-06,4.73453188015472,-0.265804744271874,TRUE,3.70421055811868e-06,FALSE,FALSE,"donor_equal_weight"
"MSC","D2_late_increasing","clean_D2",1,0,4.50910352279485,-0.0305858790359916,TRUE,0,FALSE,FALSE,"donor_equal_weight"
"DNLZ","D2_late_increasing","clean_D2",1,1.5682598031308e-07,3.56552317541548,-0.000776237237818084,TRUE,2.2949142145291e-07,FALSE,FALSE,"donor_equal_weight"
"REXO2","D2_late_increasing","clean_D2",1,0,4.14423867253745,-0.0139645255495203,TRUE,0,FALSE,FALSE,"donor_equal_weight"
"IFI35","D2_late_increasing","clean_D2",1,0.000102599433252193,2.73930245996655,0.0447927836915313,TRUE,0.000124275369854769,TRUE,TRUE,"donor_equal_weight"
"RAB31","D2_late_increasing","clean_D2",1,0,4.72937878116857,0.0101055407920462,TRUE,0,TRUE,TRUE,"donor_equal_weight"
"PRDX5","D2_late_increasing","clean_D2",1,0,4.76872029243935,-0.389456923054242,TRUE,0,FALSE,FALSE,"donor_equal_weight"
"UFD1L","D2_late_increasing","clean_D2",1,1.28060505572014e-06,4.47696359225435,-0.134842805170802,TRUE,1.78295946736627e-06,FALSE,FALSE,"donor_equal_weight"
"ICAM3","D2_late_increasing","clean_D2",1,0,4.5994626297223,-0.0391056577643323,TRUE,0,FALSE,FALSE,"donor_equal_weight"
"SNHG18","D2_late_increasing","clean_D2",1,0,3.48005082051482,0.029313894140047,TRUE,0,TRUE,TRUE,"donor_equal_weight"
"PSENEN","D2_late_increasing","clean_D2",1,0,3.5654632792661,0.00831898153911226,TRUE,0,TRUE,TRUE,"donor_equal_weight"
"SEC31A","D2_late_increasing","clean_D2",1,1.26848290366022e-06,4.31366068019137,0.347634066648197,TRUE,1.76828414749641e-06,TRUE,TRUE,"donor_equal_weight"
"EPN1","D2_late_increasing","clean_D2",1,9.33454308293946e-09,3.97488527320548,0.0937899783157148,TRUE,1.37135600088388e-08,TRUE,TRUE,"donor_equal_weight"
"SH3BGRL3","D2_late_increasing","clean_D2",1,0,4.83072447080018,-0.338371051884905,TRUE,0,FALSE,FALSE,"donor_equal_weight"
"SAE1","D2_late_increasing","clean_D2",1,1.21168400908922e-05,4.16569683874799,0.0770900233898625,TRUE,1.56427566069486e-05,TRUE,TRUE,"donor_equal_weight"
"HSPA12B","D2_late_increasing","clean_D2",1,8.42328295704853e-05,2.05160059126303,0.0744626590273624,TRUE,0.000102696077927811,TRUE,TRUE,"donor_equal_weight"
"NAA38","D2_late_increasing","clean_D2",1,0,4.3553967474938,-0.225727528256018,TRUE,0,FALSE,FALSE,"donor_equal_weight"
"CLEC2A","D2_late_increasing","clean_D2",1,0.00178940450874671,2.1901768863679,0.0563359624974382,TRUE,0.00200858859515946,TRUE,TRUE,"donor_equal_weight"
"SEC23A","D2_late_increasing","clean_D2",1,1.65342217472997e-07,4.31466903415531,0.329198132038617,TRUE,2.41637384489948e-07,TRUE,TRUE,"donor_equal_weight"
"TENM4","D2_late_increasing","clean_D2",1,0,4.71432964787842,0.587751832398289,TRUE,0,TRUE,TRUE,"donor_equal_weight"
"CILP","D2_late_increasing","clean_D2",1,0,4.37819790786826,0.0570912130877287,TRUE,0,TRUE,TRUE,"donor_equal_weight"
"CCL2","D2_late_increasing","clean_D2",1,0,2.94352912939744,0.132491876610898,TRUE,0,TRUE,TRUE,"donor_equal_weight"
"LAMTOR1","D2_late_increasing","clean_D2",1,0,4.74796322666983,-0.292036049183349,TRUE,0,FALSE,FALSE,"donor_equal_weight"
"TP53TG1","D2_late_increasing","clean_D2",1,0,4.10656844025158,-0.0684844648238694,TRUE,0,FALSE,FALSE,"donor_equal_weight"
"SEPN1","D2_late_increasing","clean_D2",1,0,4.66431931360241,-0.124143988847534,TRUE,0,FALSE,FALSE,"donor_equal_weight"
"BRE","D2_late_increasing","clean_D2",1,0,4.28284427009318,0.523167588115417,TRUE,0,TRUE,TRUE,"donor_equal_weight"
"SIGMAR1","D2_late_increasing","clean_D2",1,0.304057070804295,1.00068386486388,0.0256247930150185,TRUE,0.308471692521962,TRUE,FALSE,"donor_equal_weight"
"DEF8","D2_late_increasing","clean_D2",1,0.000160792171151836,1.00005658397245,0.0631184218168265,TRUE,0.000192881595866687,TRUE,TRUE,"donor_equal_weight"
"CXCL12","D2_late_increasing","clean_D2",1,0,4.55179614882415,0.0570897075387317,TRUE,0,TRUE,TRUE,"donor_equal_weight"
"CCDC8","D2_late_increasing","clean_D2",1,1.33317507489128e-06,4.5207163713224,-0.0116311397699407,TRUE,1.8469513429101e-06,FALSE,FALSE,"donor_equal_weight"
"MRPL27","D2_late_increasing","none",1,1.37956475695367e-05,4.44616700843934,0.00485546714372909,TRUE,1.77078461340321e-05,TRUE,TRUE,"donor_equal_weight"
"GSTK1","D2_late_increasing","clean_D2",1,0,4.81411784884212,-0.0136625207742722,TRUE,0,FALSE,FALSE,"donor_equal_weight"
"NFE2L1","D2_late_increasing","clean_D2",1,1.17459587817281e-06,3.84189075228202,0.240223342817316,TRUE,1.64561176916943e-06,TRUE,TRUE,"donor_equal_weight"
"PDIA4","D2_late_increasing","clean_D2",1,0,4.86073948813339,-0.280031453920424,TRUE,0,FALSE,FALSE,"donor_equal_weight"
"CAP1","D2_late_increasing","clean_D2",1,1.06784416543659e-05,3.71104386678774,-0.0914319313185872,TRUE,1.38497653939456e-05,FALSE,FALSE,"donor_equal_weight"
"ABHD14A","D2_late_increasing","clean_D2",1,0,3.98337218884315,-0.0236354261179563,TRUE,0,FALSE,FALSE,"donor_equal_weight"
"PLGRKT","D2_late_increasing","clean_D2",1,0,2.74870548560547,0.091565392933173,TRUE,0,TRUE,TRUE,"donor_equal_weight"
"SERP1","D2_late_increasing","clean_D2",1,0,4.64041863596112,-0.108853652963058,TRUE,0,FALSE,FALSE,"donor_equal_weight"
"FAAP20","D2_late_increasing","clean_D2",1,0.00328250369081856,4.13714927869436,-0.0983570627619326,TRUE,0.00363710517971769,FALSE,FALSE,"donor_equal_weight"
"PPP4C","D2_late_increasing","clean_D2",1,2.17022372794862e-06,1.0023556834864,0.133318111018046,TRUE,2.96252762862827e-06,TRUE,TRUE,"donor_equal_weight"
"NRN1","D2_late_increasing","clean_D2",1,0,3.76024695412324,-0.0125620277755283,TRUE,0,FALSE,FALSE,"donor_equal_weight"
"ITGB5","D2_late_increasing","clean_D2",1,0,4.59732780150199,0.144707752283015,TRUE,0,TRUE,TRUE,"donor_equal_weight"
"PDZD11","D2_late_increasing","clean_D2",1,7.10292819250391e-06,1.00095454710815,0.0675983426685005,TRUE,9.33146147969374e-06,TRUE,TRUE,"donor_equal_weight"
"CLTB","D2_late_increasing","clean_D2",1,0.000423769057096457,3.06320346327991,0.108271751533242,TRUE,0.00049609822600402,TRUE,TRUE,"donor_equal_weight"
"TADA3","D2_late_increasing","clean_D2",1,1.52802907065208e-05,1.94382267953249,0.145416514869119,TRUE,1.95461842218424e-05,TRUE,TRUE,"donor_equal_weight"
"MZT2A","D2_late_increasing","clean_D2",1,0,4.4553680944239,-0.102223906480384,TRUE,0,FALSE,FALSE,"donor_equal_weight"
"PTGIS","D2_late_increasing","clean_D2",1,0,4.87974069647329,0.376333540782465,TRUE,0,TRUE,TRUE,"donor_equal_weight"
"FGGY","D2_late_increasing","clean_D2",1,0.000102140749134505,3.27306145949281,0.0916099317405338,TRUE,0.000123853966954855,TRUE,TRUE,"donor_equal_weight"
"HSPB6","D2_late_increasing","clean_D2",1,0,4.2478634384659,-0.0153522411107875,TRUE,0,FALSE,FALSE,"donor_equal_weight"
"C19orf70","D2_late_increasing","clean_D2",1,4.36568034369311e-05,4.55420153257788,-0.202541137921566,TRUE,5.41112042599656e-05,FALSE,FALSE,"donor_equal_weight"
"PPP1CA","D2_late_increasing","clean_D2",1,5.97405836991749e-05,3.70211676781377,-0.0131374669419215,TRUE,7.33955742589863e-05,FALSE,FALSE,"donor_equal_weight"
"TMEM54","D2_late_increasing","clean_D2",1,0,2.52862176629405,0.135348485156494,TRUE,0,TRUE,TRUE,"donor_equal_weight"
"SSR2","D2_late_increasing","clean_D2",1,0,4.67558068625324,-0.419500830379254,TRUE,0,FALSE,FALSE,"donor_equal_weight"
"SPHK1","D2_late_increasing","clean_D2",1,0,4.56309207752008,-0.0658344836834938,TRUE,0,FALSE,FALSE,"donor_equal_weight"
"LY6E","D2_late_increasing","clean_D2",1,0,4.78402185350696,-0.388076799498239,TRUE,0,FALSE,FALSE,"donor_equal_weight"
"TMEM120B","D2_late_increasing","clean_D2",1,8.50259194502545e-05,3.83325551719092,0.123571633337528,TRUE,0.000103550084907826,TRUE,TRUE,"donor_equal_weight"
"PRSS23","D2_late_increasing","clean_D2",1,0,4.32852172574245,0.186266873309098,TRUE,0,TRUE,TRUE,"donor_equal_weight"
"DCN","D2_late_increasing","clean_D2",1,0,4.81337223620788,-0.123945049026708,TRUE,0,FALSE,FALSE,"donor_equal_weight"
"C17orf89","D2_late_increasing","clean_D2",1,0,4.54274367997936,-0.143652479418136,TRUE,0,FALSE,FALSE,"donor_equal_weight"
"GSDMD","D2_late_increasing","clean_D2",1,7.22346407777685e-06,4.24228510246877,-0.0148306273683902,TRUE,9.46756487567939e-06,FALSE,FALSE,"donor_equal_weight"
"NFATC2","D2_late_increasing","clean_D2",1,0,4.63093161519336,0.339311643119783,TRUE,0,TRUE,TRUE,"donor_equal_weight"
"PRKCSH","D2_late_increasing","clean_D2",1,6.07165318466385e-05,4.18082034632582,-0.0887534986049525,TRUE,7.4512714165249e-05,FALSE,FALSE,"donor_equal_weight"
"CENPP","D2_late_increasing","clean_D2",1,0,4.55850842317209,0.410966323081245,TRUE,0,TRUE,TRUE,"donor_equal_weight"
"FBXW5","D2_late_increasing","clean_D2",1,4.0823657417921e-05,1.00042054410522,0.110069599185471,TRUE,5.07120544369286e-05,TRUE,TRUE,"donor_equal_weight"
"DDRGK1","D2_late_increasing","clean_D2",1,0.057870079291135,1.00040807082579,0.0467576248642431,TRUE,0.0603533103054934,TRUE,FALSE,"donor_equal_weight"
"CTC-479C5.12","D2_late_increasing","clean_D2",1,0.302869434151271,1.0009714857135,0.0310939346042778,TRUE,0.307545892262599,TRUE,FALSE,"donor_equal_weight"
"ANAPC11","D2_late_increasing","clean_D2",1,4.5898622867413e-06,4.73555959980475,-0.315111150099883,TRUE,6.1016243003291e-06,FALSE,FALSE,"donor_equal_weight"
"MAN1B1","D2_late_increasing","clean_D2",1,1.71025521466528e-05,4.3185327183746,-0.0301381438182983,TRUE,2.18521751999518e-05,FALSE,FALSE,"donor_equal_weight"
"NDUFA6","D2_late_increasing","clean_D2",1,0,4.47362007775413,-0.0761534115518761,TRUE,0,FALSE,FALSE,"donor_equal_weight"
"GPX1","D2_late_increasing","clean_D2",1,0,4.36286418786197,-0.0547279090107614,TRUE,0,FALSE,FALSE,"donor_equal_weight"
"MICAL2","D2_late_increasing","clean_D2",1,0,3.95467836509206,0.184167108545072,TRUE,0,TRUE,TRUE,"donor_equal_weight"
"TAPBP","D2_late_increasing","clean_D2",1,0.00109368686868683,2.0831918055153,0.10659604397436,TRUE,0.00124262390161776,TRUE,TRUE,"donor_equal_weight"
"TMED9","D2_late_increasing","clean_D2",1,2.47164043735704e-05,4.11579973890851,-0.0687568713045377,TRUE,3.12943828874877e-05,FALSE,FALSE,"donor_equal_weight"
"MRPL36","D2_late_increasing","none",1,0.0487110477932722,3.28048392978215,-0.0996500784205258,TRUE,0.0509915275588749,FALSE,FALSE,"donor_equal_weight"
"FUCA2","D2_late_increasing","clean_D2",1,0,4.55350912164394,-0.00217627523034031,TRUE,0,FALSE,FALSE,"donor_equal_weight"
"TP53I13","D2_late_increasing","clean_D2",1,0.0964931771805579,1.4836325891938,0.0701925886182358,TRUE,0.0999808823798552,TRUE,FALSE,"donor_equal_weight"
"IFI16","D2_late_increasing","clean_D2",1,0,4.10709991693771,0.00752685651786686,TRUE,0,TRUE,TRUE,"donor_equal_weight"
"SEC61G","D2_late_increasing","clean_D2",1,0,4.61974195171744,-0.116107256436832,TRUE,0,FALSE,FALSE,"donor_equal_weight"
"ARPC2","D2_late_increasing","clean_D2",1,0,4.80391923232308,-0.151542426031071,TRUE,0,FALSE,FALSE,"donor_equal_weight"
"NCS1","D2_late_increasing","clean_D2",1,0,3.92283877150084,-0.00480198735648157,TRUE,0,FALSE,FALSE,"donor_equal_weight"
"GMPPB","D2_late_increasing","clean_D2",1,9.03928674667043e-05,1.00004444005503,0.068246681230166,TRUE,0.000109966513414337,TRUE,TRUE,"donor_equal_weight"
"TMEM45A","D2_late_increasing","clean_D2",1,6.67924433706002e-07,1.00065649919272,0.183563891466356,TRUE,9.54909868137225e-07,TRUE,TRUE,"donor_equal_weight"
"FAM109B","D2_late_increasing","clean_D2",1,0,3.30425080300031,0.0502393468554958,TRUE,0,TRUE,TRUE,"donor_equal_weight"
"G6PC3","D2_late_increasing","clean_D2",1,0.000516473736016376,3.48176513984957,-0.00215274592254791,TRUE,0.000601062076390674,FALSE,FALSE,"donor_equal_weight"
"ARF5","D2_late_increasing","clean_D2",1,0,4.59022217960336,-0.115021762179106,TRUE,0,FALSE,FALSE,"donor_equal_weight"
"MGAT1","D2_late_increasing","clean_D2",1,0,4.30835667027343,0.0188126523096453,TRUE,0,TRUE,TRUE,"donor_equal_weight"
"ATP5G1","D2_late_increasing","clean_D2",1,0,4.34099564143937,-0.0952212087225573,TRUE,0,FALSE,FALSE,"donor_equal_weight"
"PPP1R9B","D2_late_increasing","clean_D2",1,3.74467532582301e-06,4.61791232007517,-0.0243442323090975,TRUE,5.0198405446884e-06,FALSE,FALSE,"donor_equal_weight"
"SH3GLB1","D2_late_increasing","clean_D2",1,0,4.66333448259071,0.0468163739063764,TRUE,0,TRUE,TRUE,"donor_equal_weight"
"SHISA4","D2_late_increasing","clean_D2",1,0.025847835514089,4.0843093740083,-0.0118930752034833,TRUE,0.0272878943387644,FALSE,FALSE,"donor_equal_weight"
"PALM","D2_late_increasing","clean_D2",1,4.2129816537062e-06,3.06959055396504,0.211598245119692,TRUE,5.60727796290897e-06,TRUE,TRUE,"donor_equal_weight"
"COLGALT1","D2_late_increasing","clean_D2",1,0.000901519232009373,2.22377531359069,0.0817065837995306,TRUE,0.00103268289076484,TRUE,TRUE,"donor_equal_weight"
"IGF2","D2_late_increasing","clean_D2",1,0,4.64952589966147,-0.280443206747665,TRUE,0,FALSE,FALSE,"donor_equal_weight"
"CLDN4","D2_late_increasing","clean_D2",1,3.41944371277103e-05,2.87689913654408,0.0758955868519394,TRUE,4.28100567847482e-05,TRUE,TRUE,"donor_equal_weight"
"EIF5A","D2_late_increasing","clean_D2",1,0,4.76823641332426,-0.211377288676736,TRUE,0,FALSE,FALSE,"donor_equal_weight"
"TGFB1I1","D2_late_increasing","clean_D2",1,0.00363145833101713,1.42772373110097,0.0929711565714231,TRUE,0.00401579665091707,TRUE,TRUE,"donor_equal_weight"
"ORAI2","D2_late_increasing","clean_D2",1,0.00823426640989355,1.49996361134251,0.0864763901286666,TRUE,0.00894646243562779,TRUE,TRUE,"donor_equal_weight"
"WIPI1","D2_late_increasing","clean_D2",1,7.46013111415089e-05,2.09542976912825,0.105908352615205,TRUE,9.11522031215377e-05,TRUE,TRUE,"donor_equal_weight"
"CLEC2B","D2_late_increasing","clean_D2",1,3.98646499864541e-05,3.56830447807291,-0.0783900189819672,TRUE,4.95758383591276e-05,FALSE,FALSE,"donor_equal_weight"
"SNRNP25","D2_late_increasing","clean_D2",1,0.00438623039727748,1.9218029261345,0.0499308320552502,TRUE,0.00482183439936698,TRUE,TRUE,"donor_equal_weight"
"UQCR11","D2_late_increasing","clean_D2",1,0,4.66871140348654,-0.430843809623112,TRUE,0,FALSE,FALSE,"donor_equal_weight"
"DDB2","D2_late_increasing","clean_D2",1,0,1.00057005392313,0.154203095840049,TRUE,0,TRUE,TRUE,"donor_equal_weight"
"GALNT5","D2_late_increasing","clean_D2",1,0,3.26032592189996,0.0408898613699532,TRUE,0,TRUE,TRUE,"donor_equal_weight"
"NAGLU","D2_late_increasing","clean_D2",1,0.000287638440927773,3.40641875831,0.0278178374903139,TRUE,0.000339577377990761,TRUE,TRUE,"donor_equal_weight"
"UBXN6","D2_late_increasing","clean_D2",1,0.00835992345131598,2.38054886289931,0.0437551107023818,TRUE,0.0090741693384187,TRUE,TRUE,"donor_equal_weight"
"SCP2","D2_late_increasing","clean_D2",1,3.31720592089413e-06,4.0699973451112,0.223502602002702,TRUE,4.46747003728785e-06,TRUE,TRUE,"donor_equal_weight"
"IKBIP","D2_late_increasing","clean_D2",1,2.06320983070496e-06,2.47245507991101,0.167633273468013,TRUE,2.81988825272389e-06,TRUE,TRUE,"donor_equal_weight"
"MAN1C1","D2_late_increasing","clean_D2",1,0,3.976591578454,0.311579880326406,TRUE,0,TRUE,TRUE,"donor_equal_weight"
"COPS7A","D2_late_increasing","clean_D2",1,2.14082655497494e-05,4.48108925783287,0.0233402973372861,TRUE,2.71982282779771e-05,TRUE,TRUE,"donor_equal_weight"
"WBP5","D2_late_increasing","clean_D2",1,0.0139746031469222,1.00087192853122,0.0905359878984749,TRUE,0.0150082673566369,TRUE,TRUE,"donor_equal_weight"
"VAT1","D2_late_increasing","clean_D2",1,1.02507165461452e-06,4.34446955099255,-0.0206558608642278,TRUE,1.44154730799878e-06,FALSE,FALSE,"donor_equal_weight"
"PEA15","D2_late_increasing","clean_D2",1,1.29897537148871e-06,4.38075634002709,-0.0362960936638456,TRUE,1.80404281406755e-06,FALSE,FALSE,"donor_equal_weight"
"TXN2","D2_late_increasing","clean_D2",1,1.42593105278976e-06,3.8849695018314,-0.0258518833992641,TRUE,1.97056973673542e-06,FALSE,FALSE,"donor_equal_weight"
"ECM2","D2_late_increasing","clean_D2",1,0,4.75288887902648,0.446643577449179,TRUE,0,TRUE,TRUE,"donor_equal_weight"
"TBC1D1","D2_late_increasing","clean_D2",1,3.75061702984625e-05,3.57428778441389,0.174482926595644,TRUE,4.67989937429476e-05,TRUE,TRUE,"donor_equal_weight"
"NDUFB3","D2_late_increasing","clean_D2",1,9.15378407684297e-07,3.80849891834856,0.0777860777192283,TRUE,1.28890813575698e-06,TRUE,TRUE,"donor_equal_weight"
"APOE","D2_late_increasing","clean_D2",1,0,4.77637242348829,-0.240731349934557,TRUE,0,FALSE,FALSE,"donor_equal_weight"
"FAM129A","D2_late_increasing","clean_D2",1,0,4.50564261461549,0.262391278841581,TRUE,0,TRUE,TRUE,"donor_equal_weight"
"SLC39A7","D2_late_increasing","clean_D2",1,0,4.47559367473985,-0.183700045354759,TRUE,0,FALSE,FALSE,"donor_equal_weight"
"KIAA2013","D2_late_increasing","clean_D2",1,0.00233567894435555,3.69809733907684,0.0736435417456554,TRUE,0.00261390296275225,TRUE,TRUE,"donor_equal_weight"
"TNC","D2_late_increasing","clean_D2",1,0,3.34470937903493,0.222162864031716,TRUE,0,TRUE,TRUE,"donor_equal_weight"
"CLPP","D2_late_increasing","clean_D2",1,0.00108798924044251,1.00032545028891,0.0832806796792698,TRUE,0.00123740790520318,TRUE,TRUE,"donor_equal_weight"
"HMOX2","D2_late_increasing","clean_D2",1,0.00120942095883958,4.13110196274539,0.0503028369108271,TRUE,0.00137133126975928,TRUE,TRUE,"donor_equal_weight"
"MAST2","D2_late_increasing","clean_D2",1,6.42200122635828e-07,4.46635148946909,0.171305135630852,TRUE,9.20486842444686e-07,TRUE,TRUE,"donor_equal_weight"
"GPC1","D2_late_increasing","clean_D2",1,0.273176240011521,1.78669928401603,-0.0305215742283234,TRUE,0.277899032150027,FALSE,FALSE,"donor_equal_weight"
"PRADC1","D2_late_increasing","clean_D2",1,5.78834236953929e-05,1.68738305952604,0.0860126744106676,TRUE,7.1270559131552e-05,TRUE,TRUE,"donor_equal_weight"
"KLHL22","D2_late_increasing","clean_D2",1,7.16481096185717e-06,4.47387728013297,0.241810616779894,TRUE,9.40171203680319e-06,TRUE,TRUE,"donor_equal_weight"
"ARAP1","D2_late_increasing","clean_D2",1,0,4.63017195964113,0.123688262954086,TRUE,0,TRUE,TRUE,"donor_equal_weight"
"GUK1","D2_late_increasing","clean_D2",1,0,4.80323966928919,-0.179287302550792,TRUE,0,FALSE,FALSE,"donor_equal_weight"
"IGDCC4","D2_late_increasing","clean_D2",1,0,3.59220076612855,0.203491300135857,TRUE,0,TRUE,TRUE,"donor_equal_weight"
"CHD3","D2_late_increasing","clean_D2",1,0,3.33431732290753,0.082597564957303,TRUE,0,TRUE,TRUE,"donor_equal_weight"
"NDUFA3","D2_late_increasing","clean_D2",1,0,4.78784613155582,-0.153283783723991,TRUE,0,FALSE,FALSE,"donor_equal_weight"
"PSMB8","D2_late_increasing","clean_D2",1,0,4.71626525307631,0.0272115052332298,TRUE,0,TRUE,TRUE,"donor_equal_weight"
"KLHDC3","D2_late_increasing","clean_D2",1,0,4.77740319913445,0.10737508360652,TRUE,0,TRUE,TRUE,"donor_equal_weight"
"MIF","D2_late_increasing","clean_D2",1,0,4.8015324865485,-0.209973156734525,TRUE,0,FALSE,FALSE,"donor_equal_weight"
"GOLGA3","D2_late_increasing","clean_D2",1,0.00248891945522234,2.57832809929619,0.0859454463979447,TRUE,0.00277705783526804,TRUE,TRUE,"donor_equal_weight"
"ST6GALNAC6","D2_late_increasing","clean_D2",1,2.70065429844868e-05,3.62628378315144,-0.040433879871822,TRUE,3.40398140435809e-05,FALSE,FALSE,"donor_equal_weight"
"THOC6","D2_late_increasing","clean_D2",1,0,3.37022614882936,0.104925273084656,TRUE,0,TRUE,TRUE,"donor_equal_weight"
"MRPL14","D2_late_increasing","none",1,0,3.5378927516473,0.0820993948074846,TRUE,0,TRUE,TRUE,"donor_equal_weight"
"GTF3C1","D2_late_increasing","clean_D2",1,0.000824260565968293,4.02702806992465,0.0749222082613043,TRUE,0.000948069251803037,TRUE,TRUE,"donor_equal_weight"
"GNG5","D2_late_increasing","clean_D2",1,0,4.27987598134542,0.00971495195308308,TRUE,0,TRUE,TRUE,"donor_equal_weight"
"BAD","D2_late_increasing","clean_D2",1,0.0849672592548928,1.00054263649032,0.0599513765447423,TRUE,0.0882018531541041,TRUE,FALSE,"donor_equal_weight"
"DPYSL3","D2_late_increasing","clean_D2",1,0.000802112374144182,4.11484723113255,0.097017127251791,TRUE,0.00092449653019917,TRUE,TRUE,"donor_equal_weight"
"TIMM8B","D2_late_increasing","clean_D2",1,0,4.30185508845544,-0.132418983199832,TRUE,0,FALSE,FALSE,"donor_equal_weight"
"MYO1C","D2_late_increasing","clean_D2",1,0.000173307337835382,2.82418081515823,0.100926374892474,TRUE,0.000207227383636318,TRUE,TRUE,"donor_equal_weight"
"CRELD2","D2_late_increasing","clean_D2",1,2.43430831392555e-06,4.53968243559508,-0.0985765088430322,TRUE,3.30286006670966e-06,FALSE,FALSE,"donor_equal_weight"
"CALR","D2_late_increasing","clean_D2",1,0,4.60648057650379,-0.199399336754558,TRUE,0,FALSE,FALSE,"donor_equal_weight"
"C11orf68","D2_late_increasing","clean_D2",1,1.36463828792621e-07,4.4853282026466,-0.0881816922428952,TRUE,1.99956173774771e-07,FALSE,FALSE,"donor_equal_weight"
"B2M","D2_late_increasing","clean_D2",1,0,4.82113433403975,-0.207486490655012,TRUE,0,FALSE,FALSE,"donor_equal_weight"
"C19orf24","D2_late_increasing","clean_D2",1,0,4.27376112364941,-0.03391655285937,TRUE,0,FALSE,FALSE,"donor_equal_weight"
"FAM102A","D2_late_increasing","clean_D2",1,0,4.1666629750553,0.0594500826539505,TRUE,0,TRUE,TRUE,"donor_equal_weight"
"NUTF2","D2_late_increasing","clean_D2",1,0.00283249257938023,4.44346987297066,-0.0516823347220693,TRUE,0.00314471370779255,FALSE,FALSE,"donor_equal_weight"
"UROS","D2_late_increasing","clean_D2",1,0,1.00005673171801,0.149427867997645,TRUE,0,TRUE,TRUE,"donor_equal_weight"
"CALM3","D2_late_increasing","clean_D2",1,0,4.70490883163239,-0.1800612076905,TRUE,0,FALSE,FALSE,"donor_equal_weight"
"PRICKLE1","D2_late_increasing","clean_D2",1,0,4.7247065272547,0.671728568902889,TRUE,0,TRUE,TRUE,"donor_equal_weight"
"TXNDC15","D2_late_increasing","clean_D2",1,0,4.10893618938052,0.206466020001428,TRUE,0,TRUE,TRUE,"donor_equal_weight"
"EFEMP1","D2_late_increasing","clean_D2",1,0,4.80588910352898,0.0222549152846073,TRUE,0,TRUE,TRUE,"donor_equal_weight"
"CCDC124","D2_late_increasing","clean_D2",1,0,3.81425001825377,0.0540731888074049,TRUE,0,TRUE,TRUE,"donor_equal_weight"
"NDUFB2","D2_late_increasing","clean_D2",1,0,4.64416372993001,-0.0763455509343195,TRUE,0,FALSE,FALSE,"donor_equal_weight"
"GRINA","D2_late_increasing","clean_D2",1,0,4.56093755877015,-0.116411981075744,TRUE,0,FALSE,FALSE,"donor_equal_weight"
"FAM177A1","D2_late_increasing","clean_D2",1,0,4.56514968844466,-0.0647601870641407,TRUE,0,FALSE,FALSE,"donor_equal_weight"
"GIPC1","D2_late_increasing","clean_D2",1,0.184617662112592,2.06893149680954,0.0317356296181814,TRUE,0.189882747232639,TRUE,FALSE,"donor_equal_weight"
"ZNF106","D2_late_increasing","clean_D2",1,0,4.13745748309872,0.275180693257378,TRUE,0,TRUE,TRUE,"donor_equal_weight"
"SLC12A4","D2_late_increasing","clean_D2",1,0.000396939424239739,2.11980912903863,0.0693875691725212,TRUE,0.00046615365157566,TRUE,TRUE,"donor_equal_weight"
"SRPX2","D2_late_increasing","clean_D2",1,0.302445847414172,1.00042562561644,0.0237033612402532,TRUE,0.307394961280949,TRUE,FALSE,"donor_equal_weight"
"ECHS1","D2_late_increasing","clean_D2",1,0.000208446036483123,4.64699371348891,-0.096750364408931,TRUE,0.000248181755897904,FALSE,FALSE,"donor_equal_weight"
"ANXA1","D2_late_increasing","clean_D2",1,0,4.22845555483385,0.188557073410461,TRUE,0,TRUE,TRUE,"donor_equal_weight"
"FAM234A","D2_late_increasing","clean_D2",1,6.81413509784345e-07,2.23382579454677,0.0884134666070477,TRUE,9.72950579743165e-07,TRUE,TRUE,"donor_equal_weight"
"TWF2","D2_late_increasing","clean_D2",1,0.00759724649671945,1.00055814468104,0.0809218800187103,TRUE,0.00827848107537265,TRUE,TRUE,"donor_equal_weight"
"ITGA5","D2_late_increasing","clean_D2",1,0.000119565292561907,2.05464495757033,0.0963700330041711,TRUE,0.000144200644103789,TRUE,TRUE,"donor_equal_weight"
"RARRES3","D2_late_increasing","clean_D2",1,0,4.21678414229183,0.0305497232296222,TRUE,0,TRUE,TRUE,"donor_equal_weight"
"AKR1C3","D2_late_increasing","clean_D2",1,0,4.65282139451727,-0.00380414426999694,TRUE,0,FALSE,FALSE,"donor_equal_weight"
"TMEM208","D2_late_increasing","clean_D2",1,0,4.40348745737895,-0.133770273532508,TRUE,0,FALSE,FALSE,"donor_equal_weight"
"BUD31","D2_late_increasing","clean_D2",1,0.00147784402061857,4.13126858140397,-0.0624312431604404,TRUE,0.00166891880308238,FALSE,FALSE,"donor_equal_weight"
"CCDC167","D2_late_increasing","clean_D2",1,0.035123785640355,2.82914008664772,0.0101069833710789,TRUE,0.0370107373665569,TRUE,TRUE,"donor_equal_weight"
"SCARF2","D2_late_increasing","clean_D2",1,0,4.53882693729497,-0.115489279160092,TRUE,0,FALSE,FALSE,"donor_equal_weight"
"RNPEPL1","D2_late_increasing","clean_D2",1,1.16690006540798e-06,2.48059736110175,0.0950973068519375,TRUE,1.63688114570405e-06,TRUE,TRUE,"donor_equal_weight"
"OLFM2","D2_late_increasing","clean_D2",1,3.99810790951971e-06,1.28692289689069,0.223868921052278,TRUE,5.33399122057642e-06,TRUE,TRUE,"donor_equal_weight"
"SPINT2","D2_late_increasing","clean_D2",1,1.7451298193305e-05,2.49883722804756,0.123283588835734,TRUE,2.2272318927072e-05,TRUE,TRUE,"donor_equal_weight"
"BRI3","D2_late_increasing","clean_D2",1,0,4.2932464535056,-0.0488910807510097,TRUE,0,FALSE,FALSE,"donor_equal_weight"
"RP11-196G11.1","D2_late_increasing","clean_D2",1,0.00018370073138041,1.00031223221319,0.056254647675261,TRUE,0.000219420318037711,TRUE,TRUE,"donor_equal_weight"
"KCNK6","D2_late_increasing","clean_D2",1,0,1.40222762711941,0.152694037730497,TRUE,0,TRUE,TRUE,"donor_equal_weight"
"LRPAP1","D2_late_increasing","clean_D2",1,0.00242301066136003,1.00139036919281,0.107021447249486,TRUE,0.00270892591940051,TRUE,TRUE,"donor_equal_weight"
"FBLIM1","D2_late_increasing","clean_D2",1,0,1.00122431369493,0.133901060703273,TRUE,0,TRUE,TRUE,"donor_equal_weight"
"ARSA","D2_late_increasing","clean_D2",1,0.0152099309377099,3.5474419919029,-0.0298950264461011,TRUE,0.0162724428596743,FALSE,FALSE,"donor_equal_weight"
"RNASEH2C","D2_late_increasing","clean_D2",1,9.03708558147587e-06,3.99812623547898,-0.0347874731798868,TRUE,1.178933684958e-05,FALSE,FALSE,"donor_equal_weight"
"TXNL4A","D2_late_increasing","clean_D2",1,0,4.28262929473085,-0.143310506307248,TRUE,0,FALSE,FALSE,"donor_equal_weight"
"GTF3C6","D2_late_increasing","clean_D2",1,0,3.83003070394007,0.0293965614922199,TRUE,0,TRUE,TRUE,"donor_equal_weight"
"AKT1S1","D2_late_increasing","clean_D2",1,0,3.96024785123249,0.00585205608422018,TRUE,0,TRUE,TRUE,"donor_equal_weight"
"SH3GL1","D2_late_increasing","clean_D2",1,8.35079435724806e-05,3.24915140712117,0.00424703187360562,TRUE,0.000101923450779512,TRUE,TRUE,"donor_equal_weight"
"AP3D1","D2_late_increasing","clean_D2",1,0.0162517597896511,3.93796331644513,0.045286490534787,TRUE,0.0173372780962118,TRUE,TRUE,"donor_equal_weight"
"QSOX1","D2_late_increasing","clean_D2",1,0.00113829637332608,4.30580150750348,-0.117724704554145,TRUE,0.00129199527449599,FALSE,FALSE,"donor_equal_weight"
"TXLNA","D2_late_increasing","clean_D2",1,0,3.01080046400752,0.129349114746334,TRUE,0,TRUE,TRUE,"donor_equal_weight"
"GPC6","D2_late_increasing","clean_D2",1,0,4.80801952250994,0.558367747237077,TRUE,0,TRUE,TRUE,"donor_equal_weight"
"LTBP3","D2_late_increasing","clean_D2",1,0,4.61567367506713,0.0994592818622453,TRUE,0,TRUE,TRUE,"donor_equal_weight"
"FAM229B","D2_late_increasing","clean_D2",1,0,4.36222451091564,-0.0178506166197978,TRUE,0,FALSE,FALSE,"donor_equal_weight"
"C12orf75","D2_late_increasing","clean_D2",1,0,3.79168783834255,-0.00397323753648435,TRUE,0,FALSE,FALSE,"donor_equal_weight"
"SRM","D2_late_increasing","clean_D2",1,0,4.23933593287338,0.0573982451201627,TRUE,0,TRUE,TRUE,"donor_equal_weight"
"PPDPF","D2_late_increasing","clean_D2",1,0,4.67114827585174,-0.14991173295262,TRUE,0,FALSE,FALSE,"donor_equal_weight"
"PRKCDBP","D2_late_increasing","clean_D2",1,0,4.62029797162131,-0.155911623405081,TRUE,0,FALSE,FALSE,"donor_equal_weight"
"GTF3A","D2_late_increasing","clean_D2",1,5.50059716442064e-07,3.42718551933655,0.0295413053853537,TRUE,7.91463015421142e-07,TRUE,TRUE,"donor_equal_weight"
"JDP2","D2_late_increasing","clean_D2",1,1.29268602405697e-06,1.00007220979933,0.139127161262243,TRUE,1.79754101355185e-06,TRUE,TRUE,"donor_equal_weight"
"RP11-282O18.3","D2_late_increasing","clean_D2",1,0,4.61824005368838,-0.163968505203483,TRUE,0,FALSE,FALSE,"donor_equal_weight"
"TRAPPC1","D2_late_increasing","clean_D2",1,9.60005929964147e-05,3.46691826513586,0.00110569805744942,TRUE,0.000116661590184774,TRUE,TRUE,"donor_equal_weight"
"GSR","D2_late_increasing","clean_D2",1,6.93031844745118e-07,2.37416560774062,0.0628417652613645,TRUE,9.8701860181534e-07,TRUE,TRUE,"donor_equal_weight"
"PDIA5","D2_late_increasing","clean_D2",1,0,1.00159771096125,0.1796795114922,TRUE,0,TRUE,TRUE,"donor_equal_weight"
"RHOC","D2_late_increasing","clean_D2",1,0,4.78004786414505,-0.293015114875391,TRUE,0,FALSE,FALSE,"donor_equal_weight"
"UROD","D2_late_increasing","clean_D2",1,0,4.12677795759662,-0.00623557588295653,TRUE,0,FALSE,FALSE,"donor_equal_weight"
"IMPDH1","D2_late_increasing","clean_D2",1,4.1068128299182e-06,3.80918798666497,0.00383511790721305,TRUE,5.47248717979565e-06,TRUE,TRUE,"donor_equal_weight"
"YIF1B","D2_late_increasing","clean_D2",1,1.05849714376882e-06,4.10458919051628,0.049910242758306,TRUE,1.48668317428837e-06,TRUE,TRUE,"donor_equal_weight"
"MED8","D2_late_increasing","clean_D2",1,1.26181670095926e-06,4.17539511413156,0.00683291768134606,TRUE,1.76118735539632e-06,TRUE,TRUE,"donor_equal_weight"
"UQCC2","D2_late_increasing","clean_D2",1,0,3.7916853559295,0.014368874692083,TRUE,0,TRUE,TRUE,"donor_equal_weight"
"CD276","D2_late_increasing","clean_D2",1,3.48977533382033e-06,3.83141380531,0.0569149100237262,TRUE,4.68375609028947e-06,TRUE,TRUE,"donor_equal_weight"
"GLMP","D2_late_increasing","clean_D2",1,1.42307138784048e-06,4.39180714070748,-0.0264536695563048,TRUE,1.9690517470367e-06,FALSE,FALSE,"donor_equal_weight"
"BTN3A2","D2_late_increasing","clean_D2",1,0,3.57225460259179,0.0576195745844505,TRUE,0,TRUE,TRUE,"donor_equal_weight"
"TANC2","D2_late_increasing","clean_D2",1,0,4.78706904131172,0.599483603160376,TRUE,0,TRUE,TRUE,"donor_equal_weight"
"ZNHIT1","D2_late_increasing","clean_D2",1,0,4.27949893687843,-0.142664062748426,TRUE,0,FALSE,FALSE,"donor_equal_weight"
"EIF4G1","D2_late_increasing","clean_D2",1,0,4.6951785183074,-0.0683340099846464,TRUE,0,FALSE,FALSE,"donor_equal_weight"
"UQCRQ","D2_late_increasing","clean_D2",1,0,4.6629926779696,-0.251005599779641,TRUE,0,FALSE,FALSE,"donor_equal_weight"
"GRIN2D","D2_late_increasing","clean_D2",1,0,2.60319231609518,0.111807610409094,TRUE,0,TRUE,TRUE,"donor_equal_weight"
"COPA","D2_late_increasing","clean_D2",1,0,3.67003977483356,0.105070091305031,TRUE,0,TRUE,TRUE,"donor_equal_weight"
"FMO1","D2_late_increasing","clean_D2",1,0,1.33417278073554,0.200743070957553,TRUE,0,TRUE,TRUE,"donor_equal_weight"
"CD63","D2_late_increasing","clean_D2",1,0,4.95127483379523,-1.42882334341718,TRUE,0,FALSE,FALSE,"donor_equal_weight"
"ARPC4","D2_late_increasing","clean_D2",1,6.95837496456075e-07,1.76928398553204,0.199620733003083,TRUE,9.89753589106733e-07,TRUE,TRUE,"donor_equal_weight"
"ITGB1BP1","D2_late_increasing","clean_D2",1,0,2.64996891627498,0.163243977036203,TRUE,0,TRUE,TRUE,"donor_equal_weight"
"NDST1","D2_late_increasing","clean_D2",1,0.00488806662604374,3.94820705360059,0.176386494880688,TRUE,0.00535770439991853,TRUE,TRUE,"donor_equal_weight"
"CHPF2","D2_late_increasing","clean_D2",1,0,3.6672269648285,0.0855869217107411,TRUE,0,TRUE,TRUE,"donor_equal_weight"
"GLT8D2","D2_late_increasing","clean_D2",1,0.0455811166804878,1.00075165998113,0.0598492348689536,TRUE,0.0477597829885524,TRUE,TRUE,"donor_equal_weight"
"ATP6V0D1","D2_late_increasing","clean_D2",1,0,1.00026128897632,0.151376866419613,TRUE,0,TRUE,TRUE,"donor_equal_weight"
"SEMA3C","D2_late_increasing","clean_D2",1,0,4.7598317963705,0.507760944327693,TRUE,0,TRUE,TRUE,"donor_equal_weight"
"PLEKHA4","D2_late_increasing","clean_D2",1,0,4.3454404879573,0.295500800027188,TRUE,0,TRUE,TRUE,"donor_equal_weight"
"ARPC1A","D2_late_increasing","clean_D2",1,0.000126840332441813,1.00061452346301,0.0914646578561216,TRUE,0.000152645308579061,TRUE,TRUE,"donor_equal_weight"
"A2M","D2_late_increasing","clean_D2",1,3.28072912075816e-06,3.51093100464196,0.0857496764643009,TRUE,4.42443324126372e-06,TRUE,TRUE,"donor_equal_weight"
"CDK2AP1","D2_late_increasing","clean_D2",1,0,4.6544271648894,-0.113580230720086,TRUE,0,FALSE,FALSE,"donor_equal_weight"
"MINOS1-NBL1","D2_late_increasing","clean_D2",1,0,4.37171419779176,0.0796420243317346,TRUE,0,TRUE,TRUE,"donor_equal_weight"
"HAPLN3","D2_late_increasing","clean_D2",1,0,2.88961380962313,0.0938560653297071,TRUE,0,TRUE,TRUE,"donor_equal_weight"
"TPM2","D2_late_increasing","clean_D2",1,0,3.94596271612357,0.213176419437576,TRUE,0,TRUE,TRUE,"donor_equal_weight"
"ZEB1","D2_late_increasing","clean_D2",1,0,4.91126471921798,0.676002540718181,TRUE,0,TRUE,TRUE,"donor_equal_weight"
"ERCC1","D2_late_increasing","clean_D2",1,1.29060028331018e-07,3.21708203430554,0.101773190402897,TRUE,1.89355789598528e-07,TRUE,TRUE,"donor_equal_weight"
"MEIS3","D2_late_increasing","clean_D2",1,0,1.00058794352817,0.12478795923031,TRUE,0,TRUE,TRUE,"donor_equal_weight"
"ACTB","D2_late_increasing","clean_D2",1,0,4.91978683293354,-0.785194584027974,TRUE,0,FALSE,FALSE,"donor_equal_weight"
"MYLK","D2_late_increasing","clean_D2",1,7.3568770858623e-07,1.23310576778084,0.114446611774624,TRUE,1.03982156535955e-06,TRUE,TRUE,"donor_equal_weight"
"CD82","D2_late_increasing","clean_D2",1,0,4.38142145816654,0.0731570571193659,TRUE,0,TRUE,TRUE,"donor_equal_weight"
"PLXNB2","D2_late_increasing","clean_D2",1,0,4.78146263198578,0.184477467961069,TRUE,0,TRUE,TRUE,"donor_equal_weight"
"PLOD2","D2_late_increasing","clean_D2",1,0,4.1625878923471,0.0426567564520807,TRUE,0,TRUE,TRUE,"donor_equal_weight"
"LINC01615","D2_late_increasing","clean_D2",1,0,4.29509630747234,0.0116026595652184,TRUE,0,TRUE,TRUE,"donor_equal_weight"
"MRPL17","D2_late_increasing","none",1,0,4.09490029849825,-0.0554377920897419,TRUE,0,FALSE,FALSE,"donor_equal_weight"
"SLC39A13","D2_late_increasing","clean_D2",1,0,4.0338387980101,-0.00546050855746638,TRUE,0,FALSE,FALSE,"donor_equal_weight"
"ARHGAP28","D2_late_increasing","clean_D2",1,0,4.9352980100671,0.570373551169976,TRUE,0,TRUE,TRUE,"donor_equal_weight"
"RAD51B","D2_late_increasing","clean_D2",1,1.63642522527097e-06,3.83836654411411,0.159417311383295,TRUE,2.25310763774993e-06,TRUE,TRUE,"donor_equal_weight"
"CTSC","D2_late_increasing","clean_D2",1,0,4.68566544786347,0.110104698532316,TRUE,0,TRUE,TRUE,"donor_equal_weight"
"NANS","D2_late_increasing","clean_D2",1,0,4.22416717533959,0.0431283543089614,TRUE,0,TRUE,TRUE,"donor_equal_weight"
"GAA","D2_late_increasing","clean_D2",1,0,2.05417577800978,0.145484025709661,TRUE,0,TRUE,TRUE,"donor_equal_weight"
"TNFRSF1A","D2_late_increasing","clean_D2",1,0,4.93091927294549,-0.266654191383681,TRUE,0,FALSE,FALSE,"donor_equal_weight"
"GALNT2","D2_late_increasing","clean_D2",1,8.69677467696395e-06,4.33283870808702,0.0882560923154669,TRUE,1.1358637954259e-05,TRUE,TRUE,"donor_equal_weight"
"PLAUR","D2_late_increasing","clean_D2",1,3.87429170189968e-07,2.66414096255943,0.142401721307753,TRUE,5.61797421883767e-07,TRUE,TRUE,"donor_equal_weight"
"PAPSS2","D2_late_increasing","clean_D2",1,1.12873340916142e-05,3.23659462987039,0.166214979468851,TRUE,1.46056012898434e-05,TRUE,TRUE,"donor_equal_weight"
"DAPK3","D2_late_increasing","clean_D2",1,0,4.7976194608153,0.246192318599966,TRUE,0,TRUE,TRUE,"donor_equal_weight"
"GPI","D2_late_increasing","clean_D2",1,0,1.00138155290316,0.2371185327971,TRUE,0,TRUE,TRUE,"donor_equal_weight"
"AGTRAP","D2_late_increasing","clean_D2",1,3.00388406870855e-07,3.18428449432206,0.0541780299982939,TRUE,4.36148362183917e-07,TRUE,TRUE,"donor_equal_weight"
"HOMER3","D2_late_increasing","clean_D2",1,2.62614223134339e-06,3.84821002553068,0.0584953361083243,TRUE,3.55882062380837e-06,TRUE,TRUE,"donor_equal_weight"
"NAA10","D2_late_increasing","clean_D2",1,0,1.00093635079824,0.139560299267346,TRUE,0,TRUE,TRUE,"donor_equal_weight"
"COPZ1","D2_late_increasing","clean_D2",1,0.00262521223246354,1.49744928284251,0.0953740148388002,TRUE,0.00292329409949625,TRUE,TRUE,"donor_equal_weight"
"NRBP1","D2_late_increasing","clean_D2",1,0,4.71472792112502,-0.0794793839839514,TRUE,0,FALSE,FALSE,"donor_equal_weight"
"NPTX2","D2_late_increasing","clean_D2",1,0,4.72349218171589,0.0632092960347469,TRUE,0,TRUE,TRUE,"donor_equal_weight"
"CXXC5","D2_late_increasing","clean_D2",1,6.76282031680797e-06,4.21388429585885,-0.0657647265553177,TRUE,8.89509778140154e-06,FALSE,FALSE,"donor_equal_weight"
"TMEM147","D2_late_increasing","clean_D2",1,0.000100386746117898,3.68383704904289,0.0266441698600835,TRUE,0.000121859264017166,TRUE,TRUE,"donor_equal_weight"
"CTTN","D2_late_increasing","clean_D2",1,0.0117273578337374,1.00215501611311,0.0991943828984308,TRUE,0.0126312004413472,TRUE,TRUE,"donor_equal_weight"
"METRNL","D2_late_increasing","clean_D2",1,0,3.85288698948878,0.133712332331718,TRUE,0,TRUE,TRUE,"donor_equal_weight"
"XBP1","D2_late_increasing","clean_D2",1,0.013718910091256,4.10980599047816,0.0408567884664759,TRUE,0.0147478283481002,TRUE,TRUE,"donor_equal_weight"
"FUT11","D2_late_increasing","clean_D2",1,0,3.86992782745983,0.126790443085953,TRUE,0,TRUE,TRUE,"donor_equal_weight"
"DNPH1","D2_late_increasing","clean_D2",1,0,4.71330717646016,-0.098213958024271,TRUE,0,FALSE,FALSE,"donor_equal_weight"
"MRPL52","D2_late_increasing","none",1,0,4.60909719993341,-0.0972686887719501,TRUE,0,FALSE,FALSE,"donor_equal_weight"
"ST3GAL2","D2_late_increasing","clean_D2",1,0,4.21467399554307,0.343498995929338,TRUE,0,TRUE,TRUE,"donor_equal_weight"
"FIBP","D2_late_increasing","clean_D2",1,1.32245181150292e-06,2.44073876348678,0.0941669089580592,TRUE,1.83436864176212e-06,TRUE,TRUE,"donor_equal_weight"
"ETHE1","D2_late_increasing","clean_D2",1,0.00078528005609374,1.00067883150581,0.100915142037775,TRUE,0.000906030033759341,TRUE,TRUE,"donor_equal_weight"
"TMEM219","D2_late_increasing","clean_D2",1,0,4.74499697924902,-0.305898278476365,TRUE,0,FALSE,FALSE,"donor_equal_weight"
"CDC42EP5","D2_late_increasing","clean_D2",1,5.34918497032688e-05,3.54089337724268,0.0063463540619067,TRUE,6.61547433277152e-05,TRUE,TRUE,"donor_equal_weight"
"C7orf73","D2_late_increasing","clean_D2",1,0,4.30512935417612,0.0809976544592803,TRUE,0,TRUE,TRUE,"donor_equal_weight"
"S100A13","D2_late_increasing","clean_D2",1,0,4.90388839919181,-0.610133931907786,TRUE,0,FALSE,FALSE,"donor_equal_weight"
"ZYX","D2_late_increasing","clean_D2",1,0,3.71892476555669,0.0818032527484956,TRUE,0,TRUE,TRUE,"donor_equal_weight"
"PDZRN4","D2_late_increasing","clean_D2",1,0,4.93381315220571,0.760799377617677,TRUE,0,TRUE,TRUE,"donor_equal_weight"
"MRPL12","D2_late_increasing","none",1,0.000943456365715134,1.9068652620885,0.0946909178218047,TRUE,0.00107961537038845,TRUE,TRUE,"donor_equal_weight"
"MAP7D1","D2_late_increasing","clean_D2",1,0,3.17450148753501,0.103888027942969,TRUE,0,TRUE,TRUE,"donor_equal_weight"
"FHL3","D2_late_increasing","clean_D2",1,0,4.04466742809005,0.0215747435742178,TRUE,0,TRUE,TRUE,"donor_equal_weight"
"PGLS","D2_late_increasing","clean_D2",1,3.22764346344373e-06,4.24369656260371,-0.057439254434197,TRUE,4.35809829967402e-06,FALSE,FALSE,"donor_equal_weight"
"CAPZB","D2_late_increasing","clean_D2",1,0,3.70489731409696,0.197865425279244,TRUE,0,TRUE,TRUE,"donor_equal_weight"
"ERI3","D2_late_increasing","clean_D2",1,0.000402043047035394,2.74552630942504,0.0583469493238354,TRUE,0.000471651759271323,TRUE,TRUE,"donor_equal_weight"
"PDE4DIP","D2_late_increasing","clean_D2",1,0,4.37563267591659,0.148160364132853,TRUE,0,TRUE,TRUE,"donor_equal_weight"
"GALNT10","D2_late_increasing","clean_D2",1,5.69588235677099e-06,1.0002611455556,0.111426842253755,TRUE,7.52718259440894e-06,TRUE,TRUE,"donor_equal_weight"
"B4GALT1","D2_late_increasing","clean_D2",1,0,2.72659954503556,0.243386886504701,TRUE,0,TRUE,TRUE,"donor_equal_weight"
"NME1","D2_late_increasing","clean_D2",1,0,3.95391498394388,0.0506427617413304,TRUE,0,TRUE,TRUE,"donor_equal_weight"
"LMF2","D2_late_increasing","clean_D2",1,0.000874126496852479,3.04538241966903,0.0614460627485527,TRUE,0.00100233171639084,TRUE,TRUE,"donor_equal_weight"
"DPM2","D2_late_increasing","clean_D2",1,0.00050432041278381,3.45249565487531,0.0330914706569032,TRUE,0.000587935580283941,TRUE,TRUE,"donor_equal_weight"
"VTI1B","D2_late_increasing","clean_D2",1,0,3.57611799001694,0.0473789457532622,TRUE,0,TRUE,TRUE,"donor_equal_weight"
"TRAPPC2L","D2_late_increasing","clean_D2",1,0,4.28002748190264,-0.0998433397860215,TRUE,0,FALSE,FALSE,"donor_equal_weight"
"THBS3","D2_late_increasing","clean_D2",1,0,1.00060518255655,0.258840914083007,TRUE,0,TRUE,TRUE,"donor_equal_weight"
"CNN2","D2_late_increasing","clean_D2",1,1.4476827562282e-05,2.94676623245981,0.082333207005502,TRUE,1.85396256754081e-05,TRUE,TRUE,"donor_equal_weight"
"DYNLT1","D2_late_increasing","clean_D2",1,0,4.85299354354425,-0.15788227067944,TRUE,0,FALSE,FALSE,"donor_equal_weight"
"VGLL3","D2_late_increasing","clean_D2",1,0,3.79589109559291,0.243112796384425,TRUE,0,TRUE,TRUE,"donor_equal_weight"
"TRIOBP","D2_late_increasing","clean_D2",1,0,4.31873919376104,0.168738906464627,TRUE,0,TRUE,TRUE,"donor_equal_weight"
"THBS1","D2_late_increasing","clean_D2",1,0,4.33379578528687,0.125350560289198,TRUE,0,TRUE,TRUE,"donor_equal_weight"
"EPHB3","D2_late_increasing","clean_D2",1,0,3.05410845344438,0.147530854340195,TRUE,0,TRUE,TRUE,"donor_equal_weight"
"POMP","D2_late_increasing","clean_D2",1,0,4.23806343894518,0.0137554497574217,TRUE,0,TRUE,TRUE,"donor_equal_weight"
"MFAP2","D2_late_increasing","clean_D2",1,0,4.71486678021881,-0.120348110051956,TRUE,0,FALSE,FALSE,"donor_equal_weight"
"FAM195B","D2_late_increasing","clean_D2",1,0,4.2536709316378,-0.0258053006255889,TRUE,0,FALSE,FALSE,"donor_equal_weight"
"C11orf96","D2_late_increasing","clean_D2",1,0,3.20946334551248,0.168755713068474,TRUE,0,TRUE,TRUE,"donor_equal_weight"
"PXDN","D2_late_increasing","clean_D2",1,0,3.22455495071603,0.252328430417099,TRUE,0,TRUE,TRUE,"donor_equal_weight"
"COMMD5","D2_late_increasing","clean_D2",1,0,4.71965451344059,0.149765904352879,TRUE,0,TRUE,TRUE,"donor_equal_weight"
"P4HA3","D2_late_increasing","clean_D2",1,0,3.26749696180037,0.0677410336019803,TRUE,0,TRUE,TRUE,"donor_equal_weight"
"VOPP1","D2_late_increasing","clean_D2",1,4.92702908749809e-07,4.33860086026773,0.110488394328271,TRUE,7.10763679977144e-07,TRUE,TRUE,"donor_equal_weight"
"ALDH1L2","D2_late_increasing","clean_D2",1,0,4.78688699804849,0.311750938766539,TRUE,0,TRUE,TRUE,"donor_equal_weight"
"TNFSF10","D2_late_increasing","clean_D2",1,0,4.79689420483989,-0.109557668694501,TRUE,0,FALSE,FALSE,"donor_equal_weight"
"HEXA","D2_late_increasing","clean_D2",1,0,3.98510931874274,-0.00838926800373591,TRUE,0,FALSE,FALSE,"donor_equal_weight"
"SEMA3B","D2_late_increasing","clean_D2",1,0,1.36846123740856,0.193387655190175,TRUE,0,TRUE,TRUE,"donor_equal_weight"
"UBE2L6","D2_late_increasing","clean_D2",1,0.00429882695059736,3.22824341221513,0.000894307103014247,TRUE,0.00473040209721245,TRUE,TRUE,"donor_equal_weight"
"SURF4","D2_late_increasing","clean_D2",1,0,4.49512342619611,-0.129638929575339,TRUE,0,FALSE,FALSE,"donor_equal_weight"
"SPARCL1","D2_late_increasing","clean_D2",1,0,4.58322012073834,0.265352891514475,TRUE,0,TRUE,TRUE,"donor_equal_weight"
"LASP1","D2_late_increasing","clean_D2",1,1.48483017708978e-06,3.38008576468486,0.212038719696172,TRUE,2.04943226911898e-06,TRUE,TRUE,"donor_equal_weight"
"TP53I3","D2_late_increasing","clean_D2",1,0,4.61875005838648,-0.0163515516365405,TRUE,0,FALSE,FALSE,"donor_equal_weight"
"SRPRB","D2_late_increasing","clean_D2",1,4.85997019572526e-07,4.44644460447897,0.0149565132134303,TRUE,7.01995694938093e-07,TRUE,TRUE,"donor_equal_weight"
"SHISA5","D2_late_increasing","clean_D2",1,0,4.09387351176177,0.121242488838717,TRUE,0,TRUE,TRUE,"donor_equal_weight"
"CTGF","D2_late_increasing","clean_D2",1,0,4.66029998421699,0.213056756949639,TRUE,0,TRUE,TRUE,"donor_equal_weight"
"AC024592.12","D2_late_increasing","clean_D2",1,0,4.75886180242395,-0.0889047560031261,TRUE,0,FALSE,FALSE,"donor_equal_weight"
"TENM3","D2_late_increasing","clean_D2",1,0,4.94130094118627,1.06268649985647,TRUE,0,TRUE,TRUE,"donor_equal_weight"
"TMEM261","D2_late_increasing","clean_D2",1,0.000463708416238107,1.00094740500588,0.100773449214154,TRUE,0.000541719967977224,TRUE,TRUE,"donor_equal_weight"
"JTB","D2_late_increasing","clean_D2",1,1.2561061899341e-05,1.00075393320262,0.185465403491187,TRUE,1.61788792666628e-05,TRUE,TRUE,"donor_equal_weight"
"NSMCE1","D2_late_increasing","clean_D2",1,0,4.43981149816091,-0.0287489904446062,TRUE,0,FALSE,FALSE,"donor_equal_weight"
"CCDC28B","D2_late_increasing","clean_D2",1,0,4.53854949542273,-0.0157651647634479,TRUE,0,FALSE,FALSE,"donor_equal_weight"
"GRN","D2_late_increasing","clean_D2",1,0,4.43066450526366,-0.0451381572522663,TRUE,0,FALSE,FALSE,"donor_equal_weight"
"FLNA","D2_late_increasing","clean_D2",1,0,4.65139512086394,0.0137289923313687,TRUE,0,TRUE,TRUE,"donor_equal_weight"
"COPG1","D2_late_increasing","clean_D2",1,1.88082500162112e-05,1.35706315803549,0.111519687895594,TRUE,2.39767656991153e-05,TRUE,TRUE,"donor_equal_weight"
"EIF4E2","D2_late_increasing","clean_D2",1,0.000516655326843862,1.26029454284545,0.119742547022681,TRUE,0.000601062076390674,TRUE,TRUE,"donor_equal_weight"
"LAMB2","D2_late_increasing","clean_D2",1,0,4.73613010598137,0.117019523287645,TRUE,0,TRUE,TRUE,"donor_equal_weight"
"SHC1","D2_late_increasing","clean_D2",1,0,1.00081180766585,0.195033904946789,TRUE,0,TRUE,TRUE,"donor_equal_weight"
"LUM","D2_late_increasing","clean_D2",1,0,4.88417859391012,-0.485506991166263,TRUE,0,FALSE,FALSE,"donor_equal_weight"
"ISLR","D2_late_increasing","clean_D2",1,0,4.79676927888095,-0.154495077440981,TRUE,0,FALSE,FALSE,"donor_equal_weight"
"MYO1D","D2_late_increasing","clean_D2",1,0,4.78452684118778,0.738113028991391,TRUE,0,TRUE,TRUE,"donor_equal_weight"
"NEK6","D2_late_increasing","clean_D2",1,0,4.86885844468567,0.564011366823365,TRUE,0,TRUE,TRUE,"donor_equal_weight"
"PGM1","D2_late_increasing","clean_D2",1,1.90158229340653e-06,1.41029752441516,0.102850443279937,TRUE,2.60855092518835e-06,TRUE,TRUE,"donor_equal_weight"
"PFN1","D2_late_increasing","clean_D2",1,0,4.63512255938583,-0.225733796685058,TRUE,0,FALSE,FALSE,"donor_equal_weight"
"TMEM176B","D2_late_increasing","clean_D2",1,0,4.80644629671079,-0.146285698951478,TRUE,0,FALSE,FALSE,"donor_equal_weight"
"MLEC","D2_late_increasing","clean_D2",1,0,3.97164580147449,0.0438489917934367,TRUE,0,TRUE,TRUE,"donor_equal_weight"
"HN1","D2_late_increasing","clean_D2",1,0.000833638376776191,2.56139590617244,0.066974126642167,TRUE,0.000957870200653424,TRUE,TRUE,"donor_equal_weight"
"EDIL3","D2_late_increasing","clean_D2",1,0,4.21366155324999,0.228374156768021,TRUE,0,TRUE,TRUE,"donor_equal_weight"
"SNF8","D2_late_increasing","clean_D2",1,0,4.62263938258798,-0.0923901228684118,TRUE,0,FALSE,FALSE,"donor_equal_weight"
"MPG","D2_late_increasing","clean_D2",1,0.176354262127225,1.7011194387193,0.0446850150836836,TRUE,0.18171803231174,TRUE,FALSE,"donor_equal_weight"
"LINC01116","D2_late_increasing","clean_D2",1,8.95641029008409e-07,2.27289945259627,0.0826408862170329,TRUE,1.26270702450366e-06,TRUE,TRUE,"donor_equal_weight"
"SWI5","D2_late_increasing","clean_D2",1,0,3.56014116965177,0.0497945107347931,TRUE,0,TRUE,TRUE,"donor_equal_weight"
"NXN","D2_late_increasing","clean_D2",1,0.00203819812454864,3.69775596682336,0.294062457883669,TRUE,0.00228327204734006,TRUE,TRUE,"donor_equal_weight"
"PTN","D2_late_increasing","clean_D2",1,0,4.65071941049789,-0.157334412758252,TRUE,0,FALSE,FALSE,"donor_equal_weight"
"KRT6A","D2_late_increasing","none",1,0,1.00034460253616,0.130103104244318,TRUE,0,TRUE,TRUE,"donor_equal_weight"
"TPM4","D2_late_increasing","clean_D2",1,0,1.17024936277498,0.286938710581355,TRUE,0,TRUE,TRUE,"donor_equal_weight"
"FAM89B","D2_late_increasing","clean_D2",1,0,4.34006885542674,-0.0496365660185841,TRUE,0,FALSE,FALSE,"donor_equal_weight"
"SMCO4","D2_late_increasing","clean_D2",1,7.07522831711049e-07,1.85463446691483,0.0940412608091477,TRUE,1.0038204642804e-06,TRUE,TRUE,"donor_equal_weight"
"APBB2","D2_late_increasing","clean_D2",1,0,4.95079622785313,1.78557753152388,TRUE,0,TRUE,TRUE,"donor_equal_weight"
"A1BG","D2_late_increasing","clean_D2",1,0,4.40868218372696,-0.139988427232979,TRUE,0,FALSE,FALSE,"donor_equal_weight"
"HES4","D2_late_increasing","clean_D2",1,0,4.69728681749538,-0.0157154771095684,TRUE,0,FALSE,FALSE,"donor_equal_weight"
"SSR4","D2_late_increasing","clean_D2",1,0,4.91642136537167,-0.613435329621236,TRUE,0,FALSE,FALSE,"donor_equal_weight"
"VAMP5","D2_late_increasing","clean_D2",1,0,4.3186420021433,-0.0607427411556594,TRUE,0,FALSE,FALSE,"donor_equal_weight"
"KRT16","D2_late_increasing","none",1,0,2.44729830159665,0.122528482660543,TRUE,0,TRUE,TRUE,"donor_equal_weight"
"CTSZ","D2_late_increasing","clean_D2",1,0,4.72077161547167,-0.172566757644833,TRUE,0,FALSE,FALSE,"donor_equal_weight"
"FIBIN","D2_late_increasing","clean_D2",1,0,4.65171572417467,0.0316752338455157,TRUE,0,TRUE,TRUE,"donor_equal_weight"
"DNAJC1","D2_late_increasing","clean_D2",1,0,1.00140624613234,0.232944747700804,TRUE,0,TRUE,TRUE,"donor_equal_weight"
"ZFHX4","D2_late_increasing","clean_D2",1,0,4.59509163066734,0.388391124480407,TRUE,0,TRUE,TRUE,"donor_equal_weight"
"NEK10","D2_late_increasing","clean_D2",1,9.0763429570484e-06,4.4240425092676,0.0415210224665387,TRUE,1.18267499137297e-05,TRUE,TRUE,"donor_equal_weight"
"SGCD","D2_late_increasing","clean_D2",1,0,4.84095849908311,0.836172300883692,TRUE,0,TRUE,TRUE,"donor_equal_weight"
"MSRB3","D2_late_increasing","clean_D2",1,0,1.00050893428709,0.174996214569751,TRUE,0,TRUE,TRUE,"donor_equal_weight"
"PGAM1","D2_late_increasing","clean_D2",1,0,1.63208959939968,0.192070536058537,TRUE,0,TRUE,TRUE,"donor_equal_weight"
"LRRC59","D2_late_increasing","clean_D2",1,0.00153844297582673,3.18640014747265,0.136033540798922,TRUE,0.0017338500473531,TRUE,TRUE,"donor_equal_weight"
"TAF10","D2_late_increasing","clean_D2",1,0,4.28362437503985,0.0144672361585767,TRUE,0,TRUE,TRUE,"donor_equal_weight"
"GPAA1","D2_late_increasing","clean_D2",1,0.00100519412901068,3.50445265279092,0.0182841218543055,TRUE,0.0011467418737081,TRUE,TRUE,"donor_equal_weight"
"DBN1","D2_late_increasing","clean_D2",1,0,4.02342934981046,0.0290606501410887,TRUE,0,TRUE,TRUE,"donor_equal_weight"
"APOL2","D2_late_increasing","clean_D2",1,0,4.40683104464419,0.00443844028810411,TRUE,0,TRUE,TRUE,"donor_equal_weight"
"MAP4","D2_late_increasing","clean_D2",1,0,4.80679508932621,1.06620271982586,TRUE,0,TRUE,TRUE,"donor_equal_weight"
"NDUFS8","D2_late_increasing","clean_D2",1,0,2.4360610769231,0.183466552195552,TRUE,0,TRUE,TRUE,"donor_equal_weight"
"CAMK1D","D2_late_increasing","clean_D2",1,0,4.66491056497737,0.692704969777943,TRUE,0,TRUE,TRUE,"donor_equal_weight"
"SH3PXD2A","D2_late_increasing","clean_D2",1,0,3.77911577385469,0.424344647982314,TRUE,0,TRUE,TRUE,"donor_equal_weight"
"LAMC1","D2_late_increasing","clean_D2",1,0,3.90556281629684,0.457947652704059,TRUE,0,TRUE,TRUE,"donor_equal_weight"
"MYH9","D2_late_increasing","clean_D2",1,0,1.00013194686112,0.32670105065645,TRUE,0,TRUE,TRUE,"donor_equal_weight"
"PLPP4","D2_late_increasing","clean_D2",1,0,4.84852451383339,0.48556174803176,TRUE,0,TRUE,TRUE,"donor_equal_weight"
"SEC24D","D2_late_increasing","clean_D2",1,0,4.7712252208038,0.431555447466731,TRUE,0,TRUE,TRUE,"donor_equal_weight"
"RPL22L1","D2_late_increasing","none",1,0.000124579432925487,3.757320097102,-0.0119258894692546,TRUE,0.000150085997856352,FALSE,FALSE,"donor_equal_weight"
"EIF4EBP1","D2_late_increasing","clean_D2",1,0,4.03612336620825,0.063129937367947,TRUE,0,TRUE,TRUE,"donor_equal_weight"
"OSTC","D2_late_increasing","clean_D2",1,0,3.34633841000206,0.166311039747013,TRUE,0,TRUE,TRUE,"donor_equal_weight"
"ILK","D2_late_increasing","clean_D2",1,0,2.55000622517914,0.166134980345311,TRUE,0,TRUE,TRUE,"donor_equal_weight"
"COPE","D2_late_increasing","clean_D2",1,0,4.77571476958672,-0.159098479687467,TRUE,0,FALSE,FALSE,"donor_equal_weight"
"AHR","D2_late_increasing","clean_D2",1,0,3.2059952427344,0.177695425181825,TRUE,0,TRUE,TRUE,"donor_equal_weight"
"FAM50A","D2_late_increasing","clean_D2",1,0,4.09205988076571,0.0271200529410763,TRUE,0,TRUE,TRUE,"donor_equal_weight"
"RYR2","D2_late_increasing","clean_D2",1,0,4.55614683848723,0.324188769680212,TRUE,0,TRUE,TRUE,"donor_equal_weight"
"CNN3","D2_late_increasing","clean_D2",1,0,1.00050783691383,0.217668739961222,TRUE,0,TRUE,TRUE,"donor_equal_weight"
"NGFR","D2_late_increasing","clean_D2",1,0,3.65394604873783,0.0987393513902146,TRUE,0,TRUE,TRUE,"donor_equal_weight"
"CCDC107","D2_late_increasing","clean_D2",1,0,4.15027286630741,0.0249266346434845,TRUE,0,TRUE,TRUE,"donor_equal_weight"
"AQP1","D2_late_increasing","clean_D2",1,5.39154518426344e-05,2.20543811714034,0.135933305073594,TRUE,6.66049449282488e-05,TRUE,TRUE,"donor_equal_weight"
"CYR61","D2_late_increasing","clean_D2",1,0,3.45742374080125,0.1787861703837,TRUE,0,TRUE,TRUE,"donor_equal_weight"
"SMTN","D2_late_increasing","clean_D2",1,0,1.00048833021557,0.128034588236509,TRUE,0,TRUE,TRUE,"donor_equal_weight"
"DAP","D2_late_increasing","clean_D2",1,0,4.03717991606865,0.0380656242556701,TRUE,0,TRUE,TRUE,"donor_equal_weight"
"PHLDA3","D2_late_increasing","clean_D2",1,0,4.64442450029282,-0.0196668315569694,TRUE,0,FALSE,FALSE,"donor_equal_weight"
"GARS","D2_late_increasing","clean_D2",1,0,3.33318372448508,0.163785833447262,TRUE,0,TRUE,TRUE,"donor_equal_weight"
"CGREF1","D2_late_increasing","clean_D2",1,0,4.04267774528128,0.0823790876018954,TRUE,0,TRUE,TRUE,"donor_equal_weight"
"IDH2","D2_late_increasing","clean_D2",1,4.88292617602526e-05,1.00088205879127,0.127972486961375,TRUE,6.04552764650746e-05,TRUE,TRUE,"donor_equal_weight"
"ERLEC1","D2_late_increasing","clean_D2",1,1.39853490829234e-05,3.94174607403263,0.00710048653539468,TRUE,1.79307571957664e-05,TRUE,TRUE,"donor_equal_weight"
"C9orf16","D2_late_increasing","clean_D2",1,0,4.71076931171498,-0.257706125262187,TRUE,0,FALSE,FALSE,"donor_equal_weight"
"C1QTNF3","D2_late_increasing","clean_D2",1,0,1.96709038726825,0.115304253192804,TRUE,0,TRUE,TRUE,"donor_equal_weight"
"SDF4","D2_late_increasing","clean_D2",1,0,4.19601407753156,0.125579619559559,TRUE,0,TRUE,TRUE,"donor_equal_weight"
"ZCCHC24","D2_late_increasing","clean_D2",1,0,2.53475358547749,0.266296903073076,TRUE,0,TRUE,TRUE,"donor_equal_weight"
"GMPPA","D2_late_increasing","clean_D2",1,0,4.71219255767323,-0.0168694016209812,TRUE,0,FALSE,FALSE,"donor_equal_weight"
"ALDH18A1","D2_late_increasing","clean_D2",1,0,2.72408850730817,0.130511169607443,TRUE,0,TRUE,TRUE,"donor_equal_weight"
"CIB1","D2_late_increasing","clean_D2",1,0,1.00044499428564,0.212013077755461,TRUE,0,TRUE,TRUE,"donor_equal_weight"
"IGFBP6","D2_late_increasing","clean_D2",1,0,3.38711980752954,0.27003261615944,TRUE,0,TRUE,TRUE,"donor_equal_weight"
"SLC27A4","D2_late_increasing","clean_D2",1,0,4.88042244871055,-0.433979409802019,TRUE,0,FALSE,FALSE,"donor_equal_weight"
"JOSD2","D2_late_increasing","clean_D2",1,0.961943096588229,1.00235578116378,0.00200315582703529,TRUE,0.961943096588229,TRUE,FALSE,"donor_equal_weight"
"ENAH","D2_late_increasing","clean_D2",1,0,3.50471590716063,0.290630556587676,TRUE,0,TRUE,TRUE,"donor_equal_weight"
"CD99","D2_late_increasing","clean_D2",1,0,4.79535897083724,-0.395623752375575,TRUE,0,FALSE,FALSE,"donor_equal_weight"
"UCHL1","D2_late_increasing","clean_D2",1,0,1.25969509397684,0.134861908365727,TRUE,0,TRUE,TRUE,"donor_equal_weight"
"CALU","D2_late_increasing","clean_D2",1,0,1.00049097884798,0.31334146725388,TRUE,0,TRUE,TRUE,"donor_equal_weight"
"TMEM176A","D2_late_increasing","clean_D2",1,0,4.69669327446224,-0.0425973206049342,TRUE,0,FALSE,FALSE,"donor_equal_weight"
"CKLF","D2_late_increasing","clean_D2",1,0,3.84620133149444,0.0439858551934413,TRUE,0,TRUE,TRUE,"donor_equal_weight"
"CYBA","D2_late_increasing","clean_D2",1,0,4.78234415265328,-0.154301427723231,TRUE,0,FALSE,FALSE,"donor_equal_weight"
"CSRP2","D2_late_increasing","clean_D2",1,0,1.00105093158469,0.177060702150585,TRUE,0,TRUE,TRUE,"donor_equal_weight"
"VEGFB","D2_late_increasing","clean_D2",1,0,4.72385794905573,0.253067895443668,TRUE,0,TRUE,TRUE,"donor_equal_weight"
"LAMTOR2","D2_late_increasing","clean_D2",1,0,4.22629793867452,0.00694122187728169,TRUE,0,TRUE,TRUE,"donor_equal_weight"
"TUBA1C","D2_late_increasing","clean_D2",1,0,2.13345863540938,0.346273900731355,TRUE,0,TRUE,TRUE,"donor_equal_weight"
"KIAA1462","D2_late_increasing","clean_D2",1,0,2.373370624561,0.136842692355432,TRUE,0,TRUE,TRUE,"donor_equal_weight"
"ACKR1","D2_late_increasing","clean_D2",1,0,2.56680764458903,0.0799593306804326,TRUE,0,TRUE,TRUE,"donor_equal_weight"
"PACS1","D2_late_increasing","clean_D2",1,0,4.83179872272687,0.782214279485721,TRUE,0,TRUE,TRUE,"donor_equal_weight"
"RRBP1","D2_late_increasing","clean_D2",1,0,4.42425600592641,0.136765581212209,TRUE,0,TRUE,TRUE,"donor_equal_weight"
"FBLN7","D2_late_increasing","clean_D2",1,0,3.36264831224091,0.235370435673071,TRUE,0,TRUE,TRUE,"donor_equal_weight"
"RTEL1-TNFRSF6B","D2_late_increasing","clean_D2",1,0,4.57452327538524,0.0148975175807122,TRUE,0,TRUE,TRUE,"donor_equal_weight"
"NUCB1","D2_late_increasing","clean_D2",1,0,4.85993213971664,-0.335535217070576,TRUE,0,FALSE,FALSE,"donor_equal_weight"
"FKBP7","D2_late_increasing","clean_D2",1,0,4.57653824634804,-0.0429105134310581,TRUE,0,FALSE,FALSE,"donor_equal_weight"
"S100A7","D2_late_increasing","clean_D2",1,0,1.00148276441462,0.419243408348078,TRUE,0,TRUE,TRUE,"donor_equal_weight"
"COTL1","D2_late_increasing","clean_D2",1,0,2.57525924806686,0.108346750899014,TRUE,0,TRUE,TRUE,"donor_equal_weight"
"HLA-DRB1","D2_late_increasing","clean_D2",1,0,1.74783125668889,0.123123290049493,TRUE,0,TRUE,TRUE,"donor_equal_weight"
"SIL1","D2_late_increasing","clean_D2",1,0,4.32974628931753,0.52289661200695,TRUE,0,TRUE,TRUE,"donor_equal_weight"
"SSR3","D2_late_increasing","clean_D2",1,0,4.76533047622742,-0.204332757020323,TRUE,0,FALSE,FALSE,"donor_equal_weight"
"IL1R1","D2_late_increasing","clean_D2",1,0,4.67518973821035,0.403447948246838,TRUE,0,TRUE,TRUE,"donor_equal_weight"
"S100A16","D2_late_increasing","clean_D2",1,0,4.19748354746643,-0.0107212560808465,TRUE,0,FALSE,FALSE,"donor_equal_weight"
"LMCD1","D2_late_increasing","clean_D2",1,0,4.77136817520184,0.384289097118406,TRUE,0,TRUE,TRUE,"donor_equal_weight"
"KHDRBS3","D2_late_increasing","clean_D2",1,0,4.38762178002233,0.149433990231612,TRUE,0,TRUE,TRUE,"donor_equal_weight"
"GALNS","D2_late_increasing","clean_D2",1,0,2.44439285415166,0.160020251833236,TRUE,0,TRUE,TRUE,"donor_equal_weight"
"ADAMTS12","D2_late_increasing","clean_D2",1,0,4.84518301343762,0.643824954174736,TRUE,0,TRUE,TRUE,"donor_equal_weight"
"SAR1A","D2_late_increasing","clean_D2",1,6.08936250312553e-07,1.00052980593418,0.131086465706509,TRUE,8.7392904730351e-07,TRUE,TRUE,"donor_equal_weight"
"ARF4","D2_late_increasing","clean_D2",1,0,1.75752749924829,0.358016216973137,TRUE,0,TRUE,TRUE,"donor_equal_weight"
"TMSB4X","D2_late_increasing","clean_D2",1,0,4.91220112929322,-0.799766473743312,TRUE,0,FALSE,FALSE,"donor_equal_weight"
"YIF1A","D2_late_increasing","clean_D2",1,0,4.77616979315406,-0.10516698633448,TRUE,0,FALSE,FALSE,"donor_equal_weight"
"ARFGAP1","D2_late_increasing","clean_D2",1,0,4.72690254531411,0.36131392643201,TRUE,0,TRUE,TRUE,"donor_equal_weight"
"GPR78","D2_late_increasing","clean_D2",1,0,4.81220932096103,-0.138238002759337,TRUE,0,FALSE,FALSE,"donor_equal_weight"
"ITGBL1","D2_late_increasing","clean_D2",1,0,4.80545564510898,0.30932248381768,TRUE,0,TRUE,TRUE,"donor_equal_weight"
"XG","D2_late_increasing","clean_D2",1,0,4.88829727590151,0.63604508603308,TRUE,0,TRUE,TRUE,"donor_equal_weight"
"CDKN2A","D2_late_increasing","clean_D2",1,0,4.15817462817192,0.000110243155668655,TRUE,0,TRUE,TRUE,"donor_equal_weight"
"LAMA4","D2_late_increasing","clean_D2",1,0,4.25962670861406,0.416543397539573,TRUE,0,TRUE,TRUE,"donor_equal_weight"
"LGMN","D2_late_increasing","clean_D2",1,0,4.78646360685473,0.0054706616335618,TRUE,0,TRUE,TRUE,"donor_equal_weight"
"CTSA","D2_late_increasing","clean_D2",1,0,3.35289934345821,0.104355094642865,TRUE,0,TRUE,TRUE,"donor_equal_weight"
"SCO2","D2_late_increasing","clean_D2",1,0,4.27143682141666,0.0184132072142596,TRUE,0,TRUE,TRUE,"donor_equal_weight"
"CCL14","D2_late_increasing","clean_D2",1,0,1.00016947401514,0.128636558726608,TRUE,0,TRUE,TRUE,"donor_equal_weight"
"SEC61A1","D2_late_increasing","clean_D2",1,0,2.93258881514974,0.260889887609757,TRUE,0,TRUE,TRUE,"donor_equal_weight"
"FMOD","D2_late_increasing","clean_D2",1,0,4.71277755768718,-0.0777779248054553,TRUE,0,FALSE,FALSE,"donor_equal_weight"
"AKR1A1","D2_late_increasing","clean_D2",1,0,4.27888736115602,0.0640884231223399,TRUE,0,TRUE,TRUE,"donor_equal_weight"
"IFI6","D2_late_increasing","clean_D2",1,0,4.70715796536948,-0.213433798482667,TRUE,0,FALSE,FALSE,"donor_equal_weight"
"ANXA6","D2_late_increasing","clean_D2",1,0,4.39016728530851,0.318136043890702,TRUE,0,TRUE,TRUE,"donor_equal_weight"
"C7orf50","D2_late_increasing","clean_D2",1,1.93751964916444e-07,4.30907349496125,-0.0486934524830688,TRUE,2.82418118352783e-07,FALSE,FALSE,"donor_equal_weight"
"IFITM3","D2_late_increasing","clean_D2",1,0,4.967393942117,-1.25049872892333,TRUE,0,FALSE,FALSE,"donor_equal_weight"
"FTL","D2_late_increasing","clean_D2",1,0,4.95487675924872,-1.80068694550537,TRUE,0,FALSE,FALSE,"donor_equal_weight"
"FARP1","D2_late_increasing","clean_D2",1,0,4.93451382179519,1.11802178725698,TRUE,0,TRUE,TRUE,"donor_equal_weight"
"HMCN1","D2_late_increasing","clean_D2",1,0,4.87059219536619,0.969170962575344,TRUE,0,TRUE,TRUE,"donor_equal_weight"
"PARVB","D2_late_increasing","clean_D2",1,8.60823932413712e-07,1.57458199666012,0.0988246750590484,TRUE,1.21515297530117e-06,TRUE,TRUE,"donor_equal_weight"
"RP11-25H12.1","D2_late_increasing","clean_D2",1,0,4.54647694844944,-0.152528306086613,TRUE,0,FALSE,FALSE,"donor_equal_weight"
"SRA1","D2_late_increasing","clean_D2",1,0,4.63422381917192,0.0172007595857884,TRUE,0,TRUE,TRUE,"donor_equal_weight"
"LOX","D2_late_increasing","clean_D2",1,0,4.48506492094086,-0.00213104670732017,TRUE,0,FALSE,FALSE,"donor_equal_weight"
"TUBB2A","D2_late_increasing","clean_D2",1,0,1.00043470081397,0.227309662002714,TRUE,0,TRUE,TRUE,"donor_equal_weight"
"PLTP","D2_late_increasing","clean_D2",1,0,4.85357644269847,-0.17563114605644,TRUE,0,FALSE,FALSE,"donor_equal_weight"
"RP11-417E7.2","D2_late_increasing","clean_D2",1,0,4.83602732368009,-0.0349674010390649,TRUE,0,FALSE,FALSE,"donor_equal_weight"
"C1S","D2_late_increasing","clean_D2",1,0,4.85617865020774,0.104195572319147,TRUE,0,TRUE,TRUE,"donor_equal_weight"
"LGALS1","D2_late_increasing","clean_D2",1,0,4.94169160671743,-1.86346665477356,TRUE,0,FALSE,FALSE,"donor_equal_weight"
"TGFB3","D2_late_increasing","clean_D2",1,4.84445484799645e-06,3.42015402908379,0.0276183243388987,TRUE,6.43242342049885e-06,TRUE,TRUE,"donor_equal_weight"
"CRABP2","D2_late_increasing","clean_D2",1,0,4.87076275575991,-0.217917361203741,TRUE,0,FALSE,FALSE,"donor_equal_weight"
"NID2","D2_late_increasing","clean_D2",1,0,2.2350204534252,0.19558505279702,TRUE,0,TRUE,TRUE,"donor_equal_weight"
"C4orf48","D2_late_increasing","clean_D2",1,0,4.15633228761103,-0.0821148158239712,TRUE,0,FALSE,FALSE,"donor_equal_weight"
"HTRA1","D2_late_increasing","clean_D2",1,0,4.74924941575342,-0.0745867795316866,TRUE,0,FALSE,FALSE,"donor_equal_weight"
"FLNC","D2_late_increasing","clean_D2",1,0,4.00434437924356,0.0485873607143342,TRUE,0,TRUE,TRUE,"donor_equal_weight"
"MXRA7","D2_late_increasing","clean_D2",1,0,3.40802881883525,0.200055963398597,TRUE,0,TRUE,TRUE,"donor_equal_weight"
"CLEC11A","D2_late_increasing","clean_D2",1,0,4.90442557349123,-0.4629531557397,TRUE,0,FALSE,FALSE,"donor_equal_weight"
"IFT20","D2_late_increasing","clean_D2",1,0,1.35776658486391,0.204621332276201,TRUE,0,TRUE,TRUE,"donor_equal_weight"
"ROR2","D2_late_increasing","clean_D2",1,0,4.96288725053503,1.53221146362604,TRUE,0,TRUE,TRUE,"donor_equal_weight"
"NME1-NME2","D2_late_increasing","clean_D2",1,0,4.83202610376387,-0.57806631158138,TRUE,0,FALSE,FALSE,"donor_equal_weight"
"TNFAIP6","D2_late_increasing","clean_D2",1,0,4.46438430182756,0.056590030923213,TRUE,0,TRUE,TRUE,"donor_equal_weight"
"RP11-14N7.2","D2_late_increasing","clean_D2",1,0,4.13640525036618,0.125103112314354,TRUE,0,TRUE,TRUE,"donor_equal_weight"
"S100A9","D2_late_increasing","clean_D2",1,0,4.60849883262581,0.216467556531723,TRUE,0,TRUE,TRUE,"donor_equal_weight"
"SNX8","D2_late_increasing","clean_D2",1,0,2.68981605574474,0.200239013400491,TRUE,0,TRUE,TRUE,"donor_equal_weight"
"ECM1","D2_late_increasing","clean_D2",1,0,4.88095342329425,-0.302719793410585,TRUE,0,FALSE,FALSE,"donor_equal_weight"
"GPX7","D2_late_increasing","clean_D2",1,0,4.58864630597534,0.00374693181969415,TRUE,0,TRUE,TRUE,"donor_equal_weight"
"HIC1","D2_late_increasing","clean_D2",1,0,3.16377632482184,0.189871802816219,TRUE,0,TRUE,TRUE,"donor_equal_weight"
"EPHB2","D2_late_increasing","clean_D2",1,0,1.00025553204099,0.157427192965533,TRUE,0,TRUE,TRUE,"donor_equal_weight"
"GLIPR2","D2_late_increasing","clean_D2",1,0,3.45722244423034,0.0906622034157328,TRUE,0,TRUE,TRUE,"donor_equal_weight"
"EVL","D2_late_increasing","clean_D2",1,0,4.76264368896122,0.529355770517839,TRUE,0,TRUE,TRUE,"donor_equal_weight"
"PRAF2","D2_late_increasing","clean_D2",1,0,4.62323967976346,0.00989205294677908,TRUE,0,TRUE,TRUE,"donor_equal_weight"
"TMEM214","D2_late_increasing","clean_D2",1,0,4.58057603070258,-0.0131395417633133,TRUE,0,FALSE,FALSE,"donor_equal_weight"
"CYB561","D2_late_increasing","clean_D2",1,0,4.7191643709238,0.0337347267854526,TRUE,0,TRUE,TRUE,"donor_equal_weight"
"MAGED1","D2_late_increasing","clean_D2",1,0,1.00108624681186,0.336195588634963,TRUE,0,TRUE,TRUE,"donor_equal_weight"
"HM13","D2_late_increasing","clean_D2",1,7.145177913781e-07,1.00150798596962,0.262424406639296,TRUE,1.0124599375928e-06,TRUE,TRUE,"donor_equal_weight"
"FNDC1","D2_late_increasing","clean_D2",1,0,1.62570190523213,0.200687184280425,TRUE,0,TRUE,TRUE,"donor_equal_weight"
"C11orf24","D2_late_increasing","clean_D2",1,1.2841081297621e-05,3.78515867741201,0.0542421725882415,TRUE,1.6501527460621e-05,TRUE,TRUE,"donor_equal_weight"
"HTRA3","D2_late_increasing","clean_D2",1,0,4.22996542162145,0.0888202314239135,TRUE,0,TRUE,TRUE,"donor_equal_weight"
"NT5DC2","D2_late_increasing","clean_D2",1,0,4.36562479836599,0.118216931655178,TRUE,0,TRUE,TRUE,"donor_equal_weight"
"PLAU","D2_late_increasing","clean_D2",1,0,3.46237194660763,0.191317226594845,TRUE,0,TRUE,TRUE,"donor_equal_weight"
"NAGK","D2_late_increasing","clean_D2",1,0,1.53565167458807,0.188966142876036,TRUE,0,TRUE,TRUE,"donor_equal_weight"
"SPATS2L","D2_late_increasing","clean_D2",1,0,3.76487480961688,0.640774060742863,TRUE,0,TRUE,TRUE,"donor_equal_weight"
"FKBP9","D2_late_increasing","clean_D2",1,0,2.18074746948347,0.221721243597957,TRUE,0,TRUE,TRUE,"donor_equal_weight"
"PLOD1","D2_late_increasing","clean_D2",1,0,4.7895748337947,0.00119867686326454,TRUE,0,TRUE,TRUE,"donor_equal_weight"
"SEMA6B","D2_late_increasing","clean_D2",1,0,4.58390126986551,0.0511916830122756,TRUE,0,TRUE,TRUE,"donor_equal_weight"
"TXNDC5","D2_late_increasing","clean_D2",1,0,4.73956201373078,-0.0746577602496296,TRUE,0,FALSE,FALSE,"donor_equal_weight"
"P4HB","D2_late_increasing","clean_D2",1,0,4.76185667482483,-0.273517535096844,TRUE,0,FALSE,FALSE,"donor_equal_weight"
"CUEDC1","D2_late_increasing","clean_D2",1,0,4.70239880619568,0.492395371646024,TRUE,0,TRUE,TRUE,"donor_equal_weight"
"SLC38A10","D2_late_increasing","clean_D2",1,5.68524693767003e-07,2.71574287659468,0.1976305960668,TRUE,8.16980215464665e-07,TRUE,TRUE,"donor_equal_weight"
"POLD4","D2_late_increasing","clean_D2",1,0,4.39680705899632,-0.0590323055235233,TRUE,0,FALSE,FALSE,"donor_equal_weight"
"CISD1","D2_late_increasing","clean_D2",1,0,4.64254765998153,-0.0150393556591415,TRUE,0,FALSE,FALSE,"donor_equal_weight"
"TTYH3","D2_late_increasing","clean_D2",1,0,3.83536557169938,0.116645584888339,TRUE,0,TRUE,TRUE,"donor_equal_weight"
"DAB2","D2_late_increasing","clean_D2",1,0,4.6456158455877,-0.0395395164201222,TRUE,0,FALSE,FALSE,"donor_equal_weight"
"OLFML3","D2_late_increasing","clean_D2",1,0,4.79190821509409,-0.163696697253243,TRUE,0,FALSE,FALSE,"donor_equal_weight"
"RPS26","D2_late_increasing","none",1,0,4.8652858308248,-0.523604386662194,TRUE,0,FALSE,FALSE,"donor_equal_weight"
"HDLBP","D2_late_increasing","clean_D2",1,0,4.73739700877235,-0.0398897670400901,TRUE,0,FALSE,FALSE,"donor_equal_weight"
"KDELR2","D2_late_increasing","clean_D2",1,0,4.86285169557668,-0.204947427334873,TRUE,0,FALSE,FALSE,"donor_equal_weight"
"PLIN3","D2_late_increasing","clean_D2",1,0,4.54916354051431,0.0313572972753561,TRUE,0,TRUE,TRUE,"donor_equal_weight"
"METRN","D2_late_increasing","clean_D2",1,0,4.35189618151068,-0.0122858647129614,TRUE,0,FALSE,FALSE,"donor_equal_weight"
"IFI27","D2_late_increasing","clean_D2",1,0,1.00057930476346,0.367688287963175,TRUE,0,TRUE,TRUE,"donor_equal_weight"
"BACE2","D2_late_increasing","clean_D2",1,0,3.65217457094631,0.34706470796343,TRUE,0,TRUE,TRUE,"donor_equal_weight"
"ANGPTL2","D2_late_increasing","clean_D2",1,0,4.42616537391337,0.0866990812274274,TRUE,0,TRUE,TRUE,"donor_equal_weight"
"TMED3","D2_late_increasing","clean_D2",1,0,4.18242849341073,0.103852075084978,TRUE,0,TRUE,TRUE,"donor_equal_weight"
"TGFBI","D2_late_increasing","clean_D2",1,0,3.56146820501606,0.139012279089779,TRUE,0,TRUE,TRUE,"donor_equal_weight"
"ABI3BP","D2_late_increasing","clean_D2",1,0,3.73058479787207,0.411071646241111,TRUE,0,TRUE,TRUE,"donor_equal_weight"
"SORCS2","D2_late_increasing","clean_D2",1,0,4.8705400714622,0.561255383988001,TRUE,0,TRUE,TRUE,"donor_equal_weight"
"TPM1","D2_late_increasing","clean_D2",1,0,1.00200150528161,0.385045962829845,TRUE,0,TRUE,TRUE,"donor_equal_weight"
"HMCN2","D2_late_increasing","clean_D2",1,0,4.41685175890546,0.313075960381953,TRUE,0,TRUE,TRUE,"donor_equal_weight"
"MYOF","D2_late_increasing","clean_D2",1,0,4.89436745895912,0.939949862124481,TRUE,0,TRUE,TRUE,"donor_equal_weight"
"AP2S1","D2_late_increasing","clean_D2",1,0,4.54704613568447,-0.0388638036225637,TRUE,0,FALSE,FALSE,"donor_equal_weight"
"PDGFRL","D2_late_increasing","clean_D2",1,0,3.78389349122544,0.35847212846118,TRUE,0,TRUE,TRUE,"donor_equal_weight"
"SEC13","D2_late_increasing","clean_D2",1,0,4.75959172063086,0.187872526800244,TRUE,0,TRUE,TRUE,"donor_equal_weight"
"RUNX1","D2_late_increasing","clean_D2",1,0,2.63781332662733,0.490532006066442,TRUE,0,TRUE,TRUE,"donor_equal_weight"
"PLXDC2","D2_late_increasing","clean_D2",1,0,4.83015592228261,1.12866634641875,TRUE,0,TRUE,TRUE,"donor_equal_weight"
"LRP1","D2_late_increasing","clean_D2",1,0,4.36859975011991,0.558211273659492,TRUE,0,TRUE,TRUE,"donor_equal_weight"
"BGN","D2_late_increasing","clean_D2",1,0,4.9185093482581,-0.952537993160215,TRUE,0,FALSE,FALSE,"donor_equal_weight"
"ADAMTS14","D2_late_increasing","clean_D2",1,0,4.41938730230388,0.268766767315758,TRUE,0,TRUE,TRUE,"donor_equal_weight"
"FKBP14","D2_late_increasing","clean_D2",1,0,4.76189732236879,-0.0187025018066431,TRUE,0,FALSE,FALSE,"donor_equal_weight"
"ATOX1","D2_late_increasing","clean_D2",1,0,4.82288299306367,-0.184512755900432,TRUE,0,FALSE,FALSE,"donor_equal_weight"
"NME4","D2_late_increasing","clean_D2",1,2.42099857050704e-07,1.00072797713221,0.232962025323708,TRUE,3.5243182315454e-07,TRUE,TRUE,"donor_equal_weight"
"ISOC2","D2_late_increasing","clean_D2",1,0,3.93977634425328,0.101556945736048,TRUE,0,TRUE,TRUE,"donor_equal_weight"
"CD151","D2_late_increasing","clean_D2",1,0,4.73953866661613,-0.11723398637989,TRUE,0,FALSE,FALSE,"donor_equal_weight"
"CTSB","D2_late_increasing","clean_D2",1,0,4.6464089292198,0.102929024666017,TRUE,0,TRUE,TRUE,"donor_equal_weight"
"MVP","D2_late_increasing","clean_D2",1,0,3.94913113788745,0.242518812967153,TRUE,0,TRUE,TRUE,"donor_equal_weight"
"MAP4K4","D2_late_increasing","clean_D2",1,0,4.55963003788332,0.713675609462777,TRUE,0,TRUE,TRUE,"donor_equal_weight"
"C1R","D2_late_increasing","clean_D2",1,0,4.86102126731147,0.204822100743713,TRUE,0,TRUE,TRUE,"donor_equal_weight"
"FAM20C","D2_late_increasing","clean_D2",1,0,1.47736989848608,0.271380941975776,TRUE,0,TRUE,TRUE,"donor_equal_weight"
"GPX8","D2_late_increasing","clean_D2",1,0,4.16209704273238,0.0554749257204775,TRUE,0,TRUE,TRUE,"donor_equal_weight"
"OST4","D2_late_increasing","clean_D2",1,0,4.89565810351665,-0.39479274969429,TRUE,0,FALSE,FALSE,"donor_equal_weight"
"RCN1","D2_late_increasing","clean_D2",1,0,4.74516855993228,-0.100783618838136,TRUE,0,FALSE,FALSE,"donor_equal_weight"
"INAFM1","D2_late_increasing","clean_D2",1,0,4.61083682026528,-0.0148701917527189,TRUE,0,FALSE,FALSE,"donor_equal_weight"
"PRDX4","D2_late_increasing","clean_D2",1,0,4.80550916621418,-0.150067610239185,TRUE,0,FALSE,FALSE,"donor_equal_weight"
"AC005943.2","D2_late_increasing","clean_D2",1,0,1.00039829265313,0.194667181780013,TRUE,0,TRUE,TRUE,"donor_equal_weight"
"S100A8","D2_late_increasing","clean_D2",1,0,4.54402154574889,0.461247747051621,TRUE,0,TRUE,TRUE,"donor_equal_weight"
"FBLN1","D2_late_increasing","clean_D2",1,0,4.39969757279288,0.641153637024701,TRUE,0,TRUE,TRUE,"donor_equal_weight"
"TMEM119","D2_late_increasing","clean_D2",1,0,4.72991168168057,-0.110465720951905,TRUE,0,FALSE,FALSE,"donor_equal_weight"
"MIR99AHG","D2_late_increasing","clean_D2",1,0,4.87408905135773,1.67262067630967,TRUE,0,TRUE,TRUE,"donor_equal_weight"
"EHD2","D2_late_increasing","clean_D2",1,0,4.05549732051543,0.113961000567258,TRUE,0,TRUE,TRUE,"donor_equal_weight"
"LRRC32","D2_late_increasing","clean_D2",1,0,4.47060173412028,0.0292310855572582,TRUE,0,TRUE,TRUE,"donor_equal_weight"
"ISG15","D2_late_increasing","clean_D2",1,0.000295179879411411,3.35607107594153,0.0586462248707097,TRUE,0.000348112980149745,TRUE,TRUE,"donor_equal_weight"
"CADM1","D2_late_increasing","clean_D2",1,0,4.67058739744992,0.20667127620198,TRUE,0,TRUE,TRUE,"donor_equal_weight"
"FAM114A1","D2_late_increasing","clean_D2",1,0,3.34059607501834,0.367088741235865,TRUE,0,TRUE,TRUE,"donor_equal_weight"
"PDXK","D2_late_increasing","clean_D2",1,0,4.42481583509891,0.35292975565303,TRUE,0,TRUE,TRUE,"donor_equal_weight"
"CTSK","D2_late_increasing","clean_D2",1,0,4.82628729168952,-0.118584158630916,TRUE,0,FALSE,FALSE,"donor_equal_weight"
"PHPT1","D2_late_increasing","clean_D2",1,0,4.82950032909025,-0.273902626102234,TRUE,0,FALSE,FALSE,"donor_equal_weight"
"KDELR3","D2_late_increasing","clean_D2",1,0,4.85475960384078,-0.0156745037690637,TRUE,0,FALSE,FALSE,"donor_equal_weight"
"SSC5D","D2_late_increasing","clean_D2",1,0,2.34264900485628,0.234174977635155,TRUE,0,TRUE,TRUE,"donor_equal_weight"
"ARHGAP1","D2_late_increasing","clean_D2",1,0,3.93756380619694,0.242233060479656,TRUE,0,TRUE,TRUE,"donor_equal_weight"
"HEG1","D2_late_increasing","clean_D2",1,0,3.35506701271357,0.276839943007845,TRUE,0,TRUE,TRUE,"donor_equal_weight"
"TNFRSF12A","D2_late_increasing","clean_D2",1,0,4.65239196454437,0.0657879763424444,TRUE,0,TRUE,TRUE,"donor_equal_weight"
"DPT","D2_late_increasing","clean_D2",1,0,4.80474642173731,-0.0551236013858822,TRUE,0,FALSE,FALSE,"donor_equal_weight"
"ITGA11","D2_late_increasing","clean_D2",1,0,4.63503990047966,0.626964804333822,TRUE,0,TRUE,TRUE,"donor_equal_weight"
"PIEZO2","D2_late_increasing","clean_D2",1,0,4.92368979715664,0.797111932930031,TRUE,0,TRUE,TRUE,"donor_equal_weight"
"B4GALT2","D2_late_increasing","clean_D2",1,0,4.06973380520315,0.105086429763063,TRUE,0,TRUE,TRUE,"donor_equal_weight"
"TYMP","D2_late_increasing","clean_D2",1,0,3.82462565412136,0.256480082690514,TRUE,0,TRUE,TRUE,"donor_equal_weight"
"CD74","D2_late_increasing","clean_D2",1,0,4.19329573976249,0.181729556215084,TRUE,0,TRUE,TRUE,"donor_equal_weight"
"HLA-DRA","D2_late_increasing","clean_D2",1,2.41032261316665e-06,1.34062146420246,0.138165921399856,TRUE,3.27827333518286e-06,TRUE,TRUE,"donor_equal_weight"
"EFEMP2","D2_late_increasing","clean_D2",1,0,4.74163137451627,-0.00717951469114642,TRUE,0,FALSE,FALSE,"donor_equal_weight"
"PALLD","D2_late_increasing","clean_D2",1,0,4.44401071101116,0.947736972800159,TRUE,0,TRUE,TRUE,"donor_equal_weight"
"CST3","D2_late_increasing","clean_D2",1,0,4.94161120523322,-0.547042733863589,TRUE,0,FALSE,FALSE,"donor_equal_weight"
"C1orf122","D2_late_increasing","clean_D2",1,0,4.5697547355296,0.0657418529592558,TRUE,0,TRUE,TRUE,"donor_equal_weight"
"GAS6","D2_late_increasing","clean_D2",1,0,4.13420735722411,0.207319992405113,TRUE,0,TRUE,TRUE,"donor_equal_weight"
"ZMAT3","D2_late_increasing","clean_D2",1,0,1.00009831158134,0.196404693464937,TRUE,0,TRUE,TRUE,"donor_equal_weight"
"LIMA1","D2_late_increasing","clean_D2",1,0,4.87867422008198,1.11686242295347,TRUE,0,TRUE,TRUE,"donor_equal_weight"
"PDLIM7","D2_late_increasing","clean_D2",1,0,4.58326847090462,0.258904593475736,TRUE,0,TRUE,TRUE,"donor_equal_weight"
"PDLIM2","D2_late_increasing","clean_D2",1,0,4.74418312738217,0.027486471187004,TRUE,0,TRUE,TRUE,"donor_equal_weight"
"MYDGF","D2_late_increasing","clean_D2",1,0,4.8120874607846,-0.0563421368572833,TRUE,0,FALSE,FALSE,"donor_equal_weight"
"CILP2","D2_late_increasing","clean_D2",1,0,4.70248851436318,0.0132245940333443,TRUE,0,TRUE,TRUE,"donor_equal_weight"
"GUCY1A3","D2_late_increasing","clean_D2",1,0,3.47626224688399,0.276804970730432,TRUE,0,TRUE,TRUE,"donor_equal_weight"
"BNC2","D2_late_increasing","clean_D2",1,0,4.86508836332746,1.44160713758109,TRUE,0,TRUE,TRUE,"donor_equal_weight"
"COL18A1","D2_late_increasing","clean_D2",1,0,3.86838184623739,0.303957987880727,TRUE,0,TRUE,TRUE,"donor_equal_weight"
"LGALS3BP","D2_late_increasing","clean_D2",1,0,4.47467811032586,0.227233501462673,TRUE,0,TRUE,TRUE,"donor_equal_weight"
"TMSB10","D2_late_increasing","clean_D2",1,0,4.97088137918583,-1.61348332162956,TRUE,0,FALSE,FALSE,"donor_equal_weight"
"S100A11","D2_late_increasing","clean_D2",1,0,4.95071866088779,-1.01413236559284,TRUE,0,FALSE,FALSE,"donor_equal_weight"
"C1QTNF5","D2_late_increasing","clean_D2",1,0,4.77710885241559,-0.0460922322570851,TRUE,0,FALSE,FALSE,"donor_equal_weight"
"FSTL1","D2_late_increasing","clean_D2",1,0,4.7094389249355,0.0173467575168393,TRUE,0,TRUE,TRUE,"donor_equal_weight"
"OGN","D2_late_increasing","clean_D2",1,0,4.54624502725603,0.0596965156758644,TRUE,0,TRUE,TRUE,"donor_equal_weight"
"THBS4","D2_late_increasing","clean_D2",1,0,4.71491500281055,0.0432666619261614,TRUE,0,TRUE,TRUE,"donor_equal_weight"
"GOLM1","D2_late_increasing","clean_D2",1,0,4.13392421362103,0.113048797716189,TRUE,0,TRUE,TRUE,"donor_equal_weight"
"P3H3","D2_late_increasing","clean_D2",1,0,4.51136452122146,0.0357305536037358,TRUE,0,TRUE,TRUE,"donor_equal_weight"
"HCFC1R1","D2_late_increasing","clean_D2",1,0,4.80143164169707,-0.0495117907704288,TRUE,0,FALSE,FALSE,"donor_equal_weight"
"ARPC1B","D2_late_increasing","clean_D2",1,0,4.77927308759271,-0.122198529233825,TRUE,0,FALSE,FALSE,"donor_equal_weight"
"FKBP11","D2_late_increasing","clean_D2",1,0,4.56622588423711,0.04322324726013,TRUE,0,TRUE,TRUE,"donor_equal_weight"
"CCDC80","D2_late_increasing","clean_D2",1,0,4.64915992288865,0.683569016688481,TRUE,0,TRUE,TRUE,"donor_equal_weight"
"AK1","D2_late_increasing","clean_D2",1,0,3.94630599506701,0.281134074131027,TRUE,0,TRUE,TRUE,"donor_equal_weight"
"C1QTNF6","D2_late_increasing","clean_D2",1,0,4.60756193463547,0.0538092711993359,TRUE,0,TRUE,TRUE,"donor_equal_weight"
"PODN","D2_late_increasing","clean_D2",1,0,4.74066711382022,0.415245025952917,TRUE,0,TRUE,TRUE,"donor_equal_weight"
"ACTA2","D2_late_increasing","clean_D2",1,0,3.00477692607038,0.359301305454251,TRUE,0,TRUE,TRUE,"donor_equal_weight"
"CKAP4","D2_late_increasing","clean_D2",1,0,4.6693756400605,0.228626175394265,TRUE,0,TRUE,TRUE,"donor_equal_weight"
"SULF1","D2_late_increasing","clean_D2",1,0,4.49104681950795,0.410466757379634,TRUE,0,TRUE,TRUE,"donor_equal_weight"
"ZNF469","D2_late_increasing","clean_D2",1,0,3.36684834514036,0.231220976216031,TRUE,0,TRUE,TRUE,"donor_equal_weight"
"P3H1","D2_late_increasing","clean_D2",1,0,4.43723081850904,0.0734244908259589,TRUE,0,TRUE,TRUE,"donor_equal_weight"
"MIR4435-2HG","D2_late_increasing","clean_D2",1,0,4.82994485298124,0.615481421372054,TRUE,0,TRUE,TRUE,"donor_equal_weight"
"FAP","D2_late_increasing","clean_D2",1,0,4.7953514705233,0.019228477937188,TRUE,0,TRUE,TRUE,"donor_equal_weight"
"TSHZ2","D2_late_increasing","clean_D2",1,0,3.20806493760757,0.5702726784764,TRUE,0,TRUE,TRUE,"donor_equal_weight"
"COL11A1","D2_late_increasing","clean_D2",1,0,3.67399709002577,0.444276941043321,TRUE,0,TRUE,TRUE,"donor_equal_weight"
"VKORC1","D2_late_increasing","clean_D2",1,0,4.84969526575372,-0.194885167651005,TRUE,0,FALSE,FALSE,"donor_equal_weight"
"SMOC2","D2_late_increasing","clean_D2",1,0,4.51974375025212,0.705272146929403,TRUE,0,TRUE,TRUE,"donor_equal_weight"
"CHPF","D2_late_increasing","clean_D2",1,0,4.62429905686729,-0.00280774157959407,TRUE,0,FALSE,FALSE,"donor_equal_weight"
"NBL1","D2_late_increasing","clean_D2",1,0,4.77764627358314,-0.095893458863461,TRUE,0,FALSE,FALSE,"donor_equal_weight"
"COL12A1","D2_late_increasing","clean_D2",1,0,4.26621819987293,0.938956952686627,TRUE,0,TRUE,TRUE,"donor_equal_weight"
"FKBP10","D2_late_increasing","clean_D2",1,0,1.00284734672187,0.462006934067043,TRUE,0,TRUE,TRUE,"donor_equal_weight"
"SULF2","D2_late_increasing","clean_D2",1,0,3.50097533636402,0.381294706806426,TRUE,0,TRUE,TRUE,"donor_equal_weight"
"COL16A1","D2_late_increasing","clean_D2",1,0,3.86170747233897,0.543654374546889,TRUE,0,TRUE,TRUE,"donor_equal_weight"
"MMP2","D2_late_increasing","clean_D2",1,0,4.83715448338543,0.172218415681114,TRUE,0,TRUE,TRUE,"donor_equal_weight"
"SERF2","D2_late_increasing","clean_D2",1,0,4.94807178258404,-1.05656655351595,TRUE,0,FALSE,FALSE,"donor_equal_weight"
"MXRA5","D2_late_increasing","clean_D2",1,0,4.55889707504135,0.106245669315088,TRUE,0,TRUE,TRUE,"donor_equal_weight"
"P4HA2","D2_late_increasing","clean_D2",1,0,4.77651527536032,0.0514059631528451,TRUE,0,TRUE,TRUE,"donor_equal_weight"
"NREP","D2_late_increasing","clean_D2",1,0,4.62241821777491,0.115901236908154,TRUE,0,TRUE,TRUE,"donor_equal_weight"
"PYCR1","D2_late_increasing","clean_D2",1,0,4.72050232296806,-0.0529043588884059,TRUE,0,FALSE,FALSE,"donor_equal_weight"
"EMILIN1","D2_late_increasing","clean_D2",1,0,4.88354383805484,-0.262870348090824,TRUE,0,FALSE,FALSE,"donor_equal_weight"
"MYL9","D2_late_increasing","clean_D2",1,0,4.76606297571086,0.207517736689852,TRUE,0,TRUE,TRUE,"donor_equal_weight"
"RARRES2","D2_late_increasing","clean_D2",1,0,4.94518341076335,-0.255997488929104,TRUE,0,FALSE,FALSE,"donor_equal_weight"
"LINC00152","D2_late_increasing","clean_D2",1,0,3.86376223696222,0.411720676959531,TRUE,0,TRUE,TRUE,"donor_equal_weight"
"P3H4","D2_late_increasing","clean_D2",1,0,3.99460288341902,0.292497225972724,TRUE,0,TRUE,TRUE,"donor_equal_weight"
"PPIB","D2_late_increasing","clean_D2",1,0,4.96073466528021,-1.03436512937492,TRUE,0,FALSE,FALSE,"donor_equal_weight"
"VCAN","D2_late_increasing","clean_D2",1,0,2.8345459392501,0.848654979607888,TRUE,0,TRUE,TRUE,"donor_equal_weight"
"CPXM1","D2_late_increasing","clean_D2",1,0,4.71075144209476,0.10014545835943,TRUE,0,TRUE,TRUE,"donor_equal_weight"
"IGFBP4","D2_late_increasing","clean_D2",1,0,4.87696142938083,0.0979972379065295,TRUE,0,TRUE,TRUE,"donor_equal_weight"
"ARMC9","D2_late_increasing","clean_D2",1,0,4.52632219119386,0.309043315769756,TRUE,0,TRUE,TRUE,"donor_equal_weight"
"SERPINF1","D2_late_increasing","clean_D2",1,0,4.91613519835247,-0.271852420298045,TRUE,0,FALSE,FALSE,"donor_equal_weight"
"COPZ2","D2_late_increasing","clean_D2",1,0,4.77879882314018,-0.0242880443337461,TRUE,0,FALSE,FALSE,"donor_equal_weight"
"PPIC","D2_late_increasing","clean_D2",1,0,4.80927913849961,-0.206797774405765,TRUE,0,FALSE,FALSE,"donor_equal_weight"
"FOXP1","D2_late_increasing","clean_D2",1,0,4.40842547023346,0.699210774719945,TRUE,0,TRUE,TRUE,"donor_equal_weight"
"OLFML2B","D2_late_increasing","clean_D2",1,0,3.57449787043841,0.562080517747498,TRUE,0,TRUE,TRUE,"donor_equal_weight"
"LRRC15","D2_late_increasing","clean_D2",1,0,4.84556498285217,0.0389984569381062,TRUE,0,TRUE,TRUE,"donor_equal_weight"
"ASPN","D2_late_increasing","clean_D2",1,0,4.7048780722629,0.193211426327069,TRUE,0,TRUE,TRUE,"donor_equal_weight"
"COL5A3","D2_late_increasing","clean_D2",1,0,4.18829586861916,0.27910860197187,TRUE,0,TRUE,TRUE,"donor_equal_weight"
"SFRP4","D2_late_increasing","clean_D2",1,0,4.01698146009684,0.481399007601757,TRUE,0,TRUE,TRUE,"donor_equal_weight"
"SEPT11","D2_late_increasing","clean_D2",1,0,3.36236163917539,0.708880573829779,TRUE,0,TRUE,TRUE,"donor_equal_weight"
"BASP1","D2_late_increasing","clean_D2",1,0,4.15432311101038,0.369040939870729,TRUE,0,TRUE,TRUE,"donor_equal_weight"
"NNMT","D2_late_increasing","clean_D2",1,0,4.88294110773542,-0.0203980051687251,TRUE,0,FALSE,FALSE,"donor_equal_weight"
"MARCKS","D2_late_increasing","clean_D2",1,0,4.88116009025566,-0.00471764798281615,TRUE,0,FALSE,FALSE,"donor_equal_weight"
"HSPG2","D2_late_increasing","clean_D2",1,0,3.94812810850174,0.897121560804047,TRUE,0,TRUE,TRUE,"donor_equal_weight"
"TIMP1","D2_late_increasing","clean_D2",1,0,4.96434519537464,-0.59257863666748,TRUE,0,FALSE,FALSE,"donor_equal_weight"
"ARL4C","D2_late_increasing","clean_D2",1,0,4.47982568076736,0.233120352907631,TRUE,0,TRUE,TRUE,"donor_equal_weight"
"AEBP1","D2_late_increasing","clean_D2",1,0,4.70222323188267,0.61264208654667,TRUE,0,TRUE,TRUE,"donor_equal_weight"
"WISP2","D2_late_increasing","clean_D2",1,0,4.8227896758833,0.479656918388552,TRUE,0,TRUE,TRUE,"donor_equal_weight"
"TAGLN","D2_late_increasing","clean_D2",1,0,4.81157078978331,0.268634157439281,TRUE,0,TRUE,TRUE,"donor_equal_weight"
"BMP1","D2_late_increasing","clean_D2",1,0,3.64959749123442,0.307787725832841,TRUE,0,TRUE,TRUE,"donor_equal_weight"
"COL8A1","D2_late_increasing","clean_D2",1,0,4.72050759014004,0.288399369372814,TRUE,0,TRUE,TRUE,"donor_equal_weight"
"THBS2","D2_late_increasing","clean_D2",1,0,4.19614304152764,0.372711275317779,TRUE,0,TRUE,TRUE,"donor_equal_weight"
"FBN1","D2_late_increasing","clean_D2",1,0,4.59002362991239,1.03272365604992,TRUE,0,TRUE,TRUE,"donor_equal_weight"
"MRC2","D2_late_increasing","clean_D2",1,0,4.2602138395803,1.45724725314782,TRUE,0,TRUE,TRUE,"donor_equal_weight"
"COL6A1","D2_late_increasing","clean_D2",1,0,4.85534743494173,-0.308006191354525,TRUE,0,FALSE,FALSE,"donor_equal_weight"
"CTHRC1","D2_late_increasing","clean_D2",1,0,4.87263879824435,0.0306636944763929,TRUE,0,TRUE,TRUE,"donor_equal_weight"
"PCOLCE","D2_late_increasing","clean_D2",1,0,4.90312918019594,-0.0561869907057297,TRUE,0,FALSE,FALSE,"donor_equal_weight"
"COL14A1","D2_late_increasing","clean_D2",1,0,4.66764440200973,0.51636229203942,TRUE,0,TRUE,TRUE,"donor_equal_weight"
"ADAMTS2","D2_late_increasing","clean_D2",1,0,4.82677766786234,0.826657054232351,TRUE,0,TRUE,TRUE,"donor_equal_weight"
"COMP","D2_late_increasing","clean_D2",1,0,4.8685948306576,0.142031155068813,TRUE,0,TRUE,TRUE,"donor_equal_weight"
"IGFBP7","D2_late_increasing","clean_D2",1,0,4.91052812588246,1.15192198120282,TRUE,0,TRUE,TRUE,"donor_equal_weight"
"COL6A3","D2_late_increasing","clean_D2",1,0,4.47786507813384,1.21145873206104,TRUE,0,TRUE,TRUE,"donor_equal_weight"
"RCN3","D2_late_increasing","clean_D2",1,0,4.90865256091096,-0.130255884550845,TRUE,0,FALSE,FALSE,"donor_equal_weight"
"POSTN","D2_late_increasing","clean_D2",1,0,4.84256394505038,0.293659936047446,TRUE,0,TRUE,TRUE,"donor_equal_weight"
"ADAM12","D2_late_increasing","clean_D2",1,0,3.24668352148684,0.621849286377702,TRUE,0,TRUE,TRUE,"donor_equal_weight"
"COL6A2","D2_late_increasing","clean_D2",1,0,4.83933517839239,0.237772215343996,TRUE,0,TRUE,TRUE,"donor_equal_weight"
"MDK","D2_late_increasing","clean_D2",1,0,4.9302130714777,-0.182080090309848,TRUE,0,FALSE,FALSE,"donor_equal_weight"
"CREB3L1","D2_late_increasing","clean_D2",1,0,4.58018902705016,0.763027484431483,TRUE,0,TRUE,TRUE,"donor_equal_weight"
"CERCAM","D2_late_increasing","clean_D2",1,0,4.64384105553423,0.357239329488738,TRUE,0,TRUE,TRUE,"donor_equal_weight"
"GXYLT2","D2_late_increasing","clean_D2",1,0,4.6876454180799,0.493377878872699,TRUE,0,TRUE,TRUE,"donor_equal_weight"
"SERPINH1","D2_late_increasing","clean_D2",1,0,4.91919664356347,-0.141535579698765,TRUE,0,FALSE,FALSE,"donor_equal_weight"
"THY1","D2_late_increasing","clean_D2",1,0,4.93152770027839,-0.104313895850353,TRUE,0,FALSE,FALSE,"donor_equal_weight"
"FN1","D2_late_increasing","clean_D2",1,0,4.62458908180636,0.762178160821026,TRUE,0,TRUE,TRUE,"donor_equal_weight"
"SFRP2","D2_late_increasing","clean_D2",1,0,4.88581941929481,0.227661318633706,TRUE,0,TRUE,TRUE,"donor_equal_weight"
"COL5A2","D2_late_increasing","clean_D2",1,0,3.68337500294157,1.26910528889547,TRUE,0,TRUE,TRUE,"donor_equal_weight"
"COL3A1","D2_late_increasing","clean_D2",1,0,4.83290580114429,1.2164213919499,TRUE,0,TRUE,TRUE,"donor_equal_weight"
"COL5A1","D2_late_increasing","clean_D2",1,0,4.69592610783899,1.34040197848923,TRUE,0,TRUE,TRUE,"donor_equal_weight"
"COL1A2","D2_late_increasing","clean_D2",1,0,4.86266711391161,0.791186555130004,TRUE,0,TRUE,TRUE,"donor_equal_weight"
"SPARC","D2_late_increasing","clean_D2",1,0,4.93154028706836,1.11364336985703,TRUE,0,TRUE,TRUE,"donor_equal_weight"
"COL1A1","D2_late_increasing","clean_D2",1,0,4.84206803640591,3.40154879739351,TRUE,0,TRUE,TRUE,"donor_equal_weight"
