"gene","dynamic_module","clean_module","expected_sign","scheme","n_repeats","median_rho","expected_direction_fraction","strong_expected_fraction","direction_retained_in_at_least_80pct_repeats"
"LAMC3","D1_early_decreasing","clean_D1",-1,"all_6_donors_n11",100,-0.448190087477384,1,1,TRUE
"LAMC3","D1_early_decreasing","clean_D1",-1,"five_donors_n43",100,-0.457871378669625,1,1,TRUE
"SEMA3G","D1_early_decreasing","clean_D1",-1,"five_donors_n43",100,-0.506299334688716,1,1,TRUE
"SEMA3G","D1_early_decreasing","clean_D1",-1,"all_6_donors_n11",100,-0.472600682169425,1,1,TRUE
"IGFBP3","D1_early_decreasing","clean_D1",-1,"five_donors_n43",100,-0.448857873589401,1,1,TRUE
"IGFBP3","D1_early_decreasing","clean_D1",-1,"all_6_donors_n11",100,-0.472304844509601,1,0.99,TRUE
"ALX4","D1_early_decreasing","clean_D1",-1,"five_donors_n43",100,-0.430489937769976,1,1,TRUE
"ALX4","D1_early_decreasing","clean_D1",-1,"all_6_donors_n11",100,-0.357141403473655,1,0.93,TRUE
"COL23A1","D1_early_decreasing","clean_D1",-1,"all_6_donors_n11",100,-0.433399764645054,1,0.99,TRUE
"COL23A1","D1_early_decreasing","clean_D1",-1,"five_donors_n43",100,-0.414081570591061,1,1,TRUE
"TFAP2A","D1_early_decreasing","clean_D1",-1,"five_donors_n43",100,-0.483958127288883,1,1,TRUE
"TFAP2A","D1_early_decreasing","clean_D1",-1,"all_6_donors_n11",100,-0.438660615632509,1,0.98,TRUE
"TCF4","D1_early_decreasing","clean_D1",-1,"five_donors_n43",100,-0.38153953622137,1,1,TRUE
"TCF4","D1_early_decreasing","clean_D1",-1,"all_6_donors_n11",100,-0.351455794067387,1,0.97,TRUE
"BMP7","D1_early_decreasing","clean_D1",-1,"five_donors_n43",100,-0.459269412611447,1,1,TRUE
"BMP7","D1_early_decreasing","clean_D1",-1,"all_6_donors_n11",100,-0.445887328877969,1,0.98,TRUE
"BMP4","D1_early_decreasing","clean_D1",-1,"all_6_donors_n11",100,-0.433077613857545,1,1,TRUE
"BMP4","D1_early_decreasing","clean_D1",-1,"five_donors_n43",100,-0.379856745363448,1,1,TRUE
"SLC5A3","D1_early_decreasing","clean_D1",-1,"five_donors_n43",100,-0.285284212113381,1,0.97,TRUE
"SLC5A3","D1_early_decreasing","clean_D1",-1,"all_6_donors_n11",100,-0.290165756342864,1,0.76,TRUE
"GADD45G","D1_early_decreasing","clean_D1",-1,"five_donors_n43",100,-0.337832773601482,1,0.99,TRUE
"GADD45G","D1_early_decreasing","clean_D1",-1,"all_6_donors_n11",100,-0.338531424952832,1,0.9,TRUE
"SERPINE2","D1_early_decreasing","clean_D1",-1,"five_donors_n43",100,-0.318934022460256,1,0.99,TRUE
"SERPINE2","D1_early_decreasing","clean_D1",-1,"all_6_donors_n11",100,-0.41901475152047,1,0.99,TRUE
"INHBB","D1_early_decreasing","clean_D1",-1,"all_6_donors_n11",100,-0.349380870572351,1,0.92,TRUE
"INHBB","D1_early_decreasing","clean_D1",-1,"five_donors_n43",100,-0.327713711633203,1,1,TRUE
"PRLR","D1_early_decreasing","clean_D1",-1,"all_6_donors_n11",100,-0.303781307559256,1,0.86,TRUE
"PRLR","D1_early_decreasing","clean_D1",-1,"five_donors_n43",100,-0.303879455565419,1,1,TRUE
"TRPS1","D1_early_decreasing","clean_D1",-1,"five_donors_n43",100,-0.363534839608731,1,1,TRUE
"TRPS1","D1_early_decreasing","clean_D1",-1,"all_6_donors_n11",100,-0.395757264204366,1,0.97,TRUE
"TIMP3","D1_early_decreasing","clean_D1",-1,"five_donors_n43",100,-0.348511004800933,1,1,TRUE
"TIMP3","D1_early_decreasing","clean_D1",-1,"all_6_donors_n11",100,-0.308622172188129,1,0.86,TRUE
"PRDM1","D1_early_decreasing","clean_D1",-1,"five_donors_n43",100,-0.318922002759696,1,0.98,TRUE
"PRDM1","D1_early_decreasing","clean_D1",-1,"all_6_donors_n11",100,-0.320759389585077,0.99,0.9,TRUE
"PTCH1","D1_early_decreasing","clean_D1",-1,"all_6_donors_n11",100,-0.410674222842897,1,1,TRUE
"PTCH1","D1_early_decreasing","clean_D1",-1,"five_donors_n43",100,-0.368977421116403,1,1,TRUE
"APCDD1","D1_early_decreasing","clean_D1",-1,"five_donors_n43",100,-0.312898700605433,1,1,TRUE
"APCDD1","D1_early_decreasing","clean_D1",-1,"all_6_donors_n11",100,-0.345600718490128,1,0.95,TRUE
"DAAM2","D1_early_decreasing","clean_D1",-1,"five_donors_n43",100,-0.281897045938375,1,0.96,TRUE
"DAAM2","D1_early_decreasing","clean_D1",-1,"all_6_donors_n11",100,-0.344191719007995,1,0.93,TRUE
"INHBA","D1_early_decreasing","clean_D1",-1,"five_donors_n43",100,-0.339374286252935,1,1,TRUE
"INHBA","D1_early_decreasing","clean_D1",-1,"all_6_donors_n11",100,-0.396247100428627,1,0.95,TRUE
"BCL2","D1_early_decreasing","clean_D1",-1,"all_6_donors_n11",100,-0.364563163100998,1,0.95,TRUE
"BCL2","D1_early_decreasing","clean_D1",-1,"five_donors_n43",100,-0.302389150221556,1,1,TRUE
"CENPW","D1_early_decreasing","clean_D1",-1,"five_donors_n43",100,-0.377739163680776,1,1,TRUE
"CENPW","D1_early_decreasing","clean_D1",-1,"all_6_donors_n11",100,-0.404662827293332,1,0.99,TRUE
"CEBPA","D1_early_decreasing","clean_D1",-1,"five_donors_n43",100,-0.213761105212199,1,0.62,TRUE
"CEBPA","D1_early_decreasing","clean_D1",-1,"all_6_donors_n11",100,-0.265004066463012,0.98,0.67,TRUE
"IGFBP2","D1_early_decreasing","clean_D1",-1,"five_donors_n43",100,-0.23684450202701,1,0.76,TRUE
"IGFBP2","D1_early_decreasing","clean_D1",-1,"all_6_donors_n11",100,-0.277632733777244,1,0.73,TRUE
"MRPS6","D1_early_decreasing","none",-1,"all_6_donors_n11",100,-0.308549213127249,0.99,0.81,TRUE
"MRPS6","D1_early_decreasing","none",-1,"five_donors_n43",100,-0.252847857364699,1,0.79,TRUE
"CRABP1","D1_early_decreasing","clean_D1",-1,"five_donors_n43",100,-0.280216840068263,1,0.98,TRUE
"CRABP1","D1_early_decreasing","clean_D1",-1,"all_6_donors_n11",100,-0.278212705708971,1,0.79,TRUE
"ROBO2","D1_early_decreasing","clean_D1",-1,"five_donors_n43",100,-0.195168335407422,1,0.49,TRUE
"ROBO2","D1_early_decreasing","clean_D1",-1,"all_6_donors_n11",100,-0.236115378985139,1,0.64,TRUE
"DKK2","D1_early_decreasing","clean_D1",-1,"five_donors_n43",100,-0.210877286705655,1,0.59,TRUE
"DKK2","D1_early_decreasing","clean_D1",-1,"all_6_donors_n11",100,-0.162549279526466,0.88,0.37,TRUE
"PHLDA1","D1_early_decreasing","clean_D1",-1,"all_6_donors_n11",100,-0.240490652529851,0.99,0.65,TRUE
"PHLDA1","D1_early_decreasing","clean_D1",-1,"five_donors_n43",100,-0.238885175600835,1,0.7,TRUE
"DIO2","D1_early_decreasing","clean_D1",-1,"all_6_donors_n11",100,-0.137503802314958,0.83,0.28,TRUE
"DIO2","D1_early_decreasing","clean_D1",-1,"five_donors_n43",100,-0.157055848294807,1,0.22,TRUE
"MYLIP","D1_early_decreasing","clean_D1",-1,"five_donors_n43",100,-0.186172883926253,1,0.34,TRUE
"MYLIP","D1_early_decreasing","clean_D1",-1,"all_6_donors_n11",100,-0.240619297361327,0.97,0.58,TRUE
"LUZP2","D1_early_decreasing","clean_D1",-1,"five_donors_n43",100,-0.332980461876937,1,1,TRUE
"LUZP2","D1_early_decreasing","clean_D1",-1,"all_6_donors_n11",100,-0.420455504013291,1,0.92,TRUE
"ZDHHC14","D1_early_decreasing","clean_D1",-1,"all_6_donors_n11",100,-0.175363735773599,0.86,0.41,TRUE
"ZDHHC14","D1_early_decreasing","clean_D1",-1,"five_donors_n43",100,-0.140971704828245,1,0.15,TRUE
"PGM2L1","D1_early_decreasing","clean_D1",-1,"all_6_donors_n11",100,-0.286660740322771,0.96,0.71,TRUE
"PGM2L1","D1_early_decreasing","clean_D1",-1,"five_donors_n43",100,-0.278485312266117,1,0.96,TRUE
"PREX2","D1_early_decreasing","clean_D1",-1,"five_donors_n43",100,-0.136466828749525,1,0.09,TRUE
"PREX2","D1_early_decreasing","clean_D1",-1,"all_6_donors_n11",100,-0.205106662112012,0.96,0.52,TRUE
"TNN","D1_early_decreasing","clean_D1",-1,"five_donors_n43",100,-0.204309607564604,1,0.51,TRUE
"TNN","D1_early_decreasing","clean_D1",-1,"all_6_donors_n11",100,-0.214388263949949,0.92,0.54,TRUE
"F2R","D1_early_decreasing","clean_D1",-1,"all_6_donors_n11",100,-0.345069318981486,1,0.93,TRUE
"F2R","D1_early_decreasing","clean_D1",-1,"five_donors_n43",100,-0.24540746844148,1,0.8,TRUE
"PLEKHH2","D1_early_decreasing","clean_D1",-1,"all_6_donors_n11",100,-0.205523744600335,0.96,0.52,TRUE
"PLEKHH2","D1_early_decreasing","clean_D1",-1,"five_donors_n43",100,-0.185330743730722,1,0.39,TRUE
"HIST1H2BD","D1_early_decreasing","none",-1,"five_donors_n43",100,-0.178217588164907,1,0.37,TRUE
"HIST1H2BD","D1_early_decreasing","none",-1,"all_6_donors_n11",100,-0.16383305165065,0.98,0.4,TRUE
"TWIST1","D1_early_decreasing","clean_D1",-1,"five_donors_n43",100,-0.19641547831727,1,0.49,TRUE
"TWIST1","D1_early_decreasing","clean_D1",-1,"all_6_donors_n11",100,-0.200434278303772,0.92,0.5,TRUE
"HIST2H2BE","D1_early_decreasing","none",-1,"five_donors_n43",100,-0.152791165725105,0.98,0.24,TRUE
"HIST2H2BE","D1_early_decreasing","none",-1,"all_6_donors_n11",100,-0.231508389676689,0.94,0.59,TRUE
"ITGA8","D1_early_decreasing","clean_D1",-1,"all_6_donors_n11",100,-0.206898163664781,1,0.53,TRUE
"ITGA8","D1_early_decreasing","clean_D1",-1,"five_donors_n43",100,-0.187724928250307,1,0.45,TRUE
"CPE","D1_early_decreasing","clean_D1",-1,"all_6_donors_n11",100,-0.2592199163574,0.95,0.67,TRUE
"CPE","D1_early_decreasing","clean_D1",-1,"five_donors_n43",100,-0.187699432608419,1,0.43,TRUE
"SOX18","D1_early_decreasing","clean_D1",-1,"all_6_donors_n11",100,-0.27387930997401,0.99,0.72,TRUE
"SOX18","D1_early_decreasing","clean_D1",-1,"five_donors_n43",100,-0.260491194993153,1,0.87,TRUE
"PTMA","D2_late_increasing","none",1,"five_donors_n43",100,-0.630033857125991,0,0,FALSE
"PTMA","D2_late_increasing","none",1,"all_6_donors_n11",100,-0.618100212135692,0,0,FALSE
"RPL35A","D2_late_increasing","none",1,"all_6_donors_n11",100,-0.475166510099701,0,0,FALSE
"RPL35A","D2_late_increasing","none",1,"five_donors_n43",100,-0.48733142943709,0,0,FALSE
"RPL34","D2_late_increasing","none",1,"all_6_donors_n11",100,-0.373442254075319,0,0,FALSE
"RPL34","D2_late_increasing","none",1,"five_donors_n43",100,-0.433493897504486,0,0,FALSE
"SLC35F1","D2_late_increasing","none",1,"all_6_donors_n11",100,-0.311016805670505,0,0,FALSE
"SLC35F1","D2_late_increasing","none",1,"five_donors_n43",100,-0.375782624285795,0,0,FALSE
"H3F3B","D2_late_increasing","none",1,"five_donors_n43",100,-0.496800160400836,0,0,FALSE
"H3F3B","D2_late_increasing","none",1,"all_6_donors_n11",100,-0.425405767471353,0,0,FALSE
"RPL13","D2_late_increasing","none",1,"all_6_donors_n11",100,-0.422795115332429,0,0,FALSE
"RPL13","D2_late_increasing","none",1,"five_donors_n43",100,-0.400695320067914,0,0,FALSE
"RPL11","D2_late_increasing","none",1,"all_6_donors_n11",100,-0.375787373561821,0,0,FALSE
"RPL11","D2_late_increasing","none",1,"five_donors_n43",100,-0.395301138304444,0,0,FALSE
"RPS27A","D2_late_increasing","none",1,"all_6_donors_n11",100,-0.352035492523326,0,0,FALSE
"RPS27A","D2_late_increasing","none",1,"five_donors_n43",100,-0.376557233637183,0,0,FALSE
"RPS13","D2_late_increasing","none",1,"five_donors_n43",100,-0.413468121968376,0,0,FALSE
"RPS13","D2_late_increasing","none",1,"all_6_donors_n11",100,-0.375273342007256,0,0,FALSE
"RPL26","D2_late_increasing","none",1,"five_donors_n43",100,-0.380671701625061,0,0,FALSE
"RPL26","D2_late_increasing","none",1,"all_6_donors_n11",100,-0.353121087518802,0,0,FALSE
"RPL37A","D2_late_increasing","none",1,"all_6_donors_n11",100,-0.373480713112117,0,0,FALSE
"RPL37A","D2_late_increasing","none",1,"five_donors_n43",100,-0.430462863492356,0,0,FALSE
"RPL5","D2_late_increasing","none",1,"all_6_donors_n11",100,-0.314356677820836,0,0,FALSE
"RPL5","D2_late_increasing","none",1,"five_donors_n43",100,-0.346285304483505,0,0,FALSE
"RPL13A","D2_late_increasing","none",1,"all_6_donors_n11",100,-0.316250913265839,0,0,FALSE
"RPL13A","D2_late_increasing","none",1,"five_donors_n43",100,-0.355331844724813,0,0,FALSE
"FAU","D2_late_increasing","none",1,"five_donors_n43",100,-0.347688594420858,0,0,FALSE
"FAU","D2_late_increasing","none",1,"all_6_donors_n11",100,-0.366950957244886,0,0,FALSE
"RPL19","D2_late_increasing","none",1,"all_6_donors_n11",100,-0.304879687247941,0,0,FALSE
"RPL19","D2_late_increasing","none",1,"five_donors_n43",100,-0.386068262300946,0,0,FALSE
"RPL6","D2_late_increasing","none",1,"all_6_donors_n11",100,-0.349561678187505,0,0,FALSE
"RPL6","D2_late_increasing","none",1,"five_donors_n43",100,-0.349737397286808,0,0,FALSE
"RPS14","D2_late_increasing","none",1,"all_6_donors_n11",100,-0.320759837177748,0,0,FALSE
"RPS14","D2_late_increasing","none",1,"five_donors_n43",100,-0.379923920484796,0,0,FALSE
"RPL4","D2_late_increasing","none",1,"five_donors_n43",100,-0.350771336155139,0,0,FALSE
"RPL4","D2_late_increasing","none",1,"all_6_donors_n11",100,-0.296053432830243,0,0,FALSE
"RPL30","D2_late_increasing","none",1,"all_6_donors_n11",100,-0.355524210655438,0,0,FALSE
"RPL30","D2_late_increasing","none",1,"five_donors_n43",100,-0.374349226828956,0,0,FALSE
"RPS27","D2_late_increasing","none",1,"all_6_donors_n11",100,-0.304283329376279,0,0,FALSE
"RPS27","D2_late_increasing","none",1,"five_donors_n43",100,-0.338293111589682,0,0,FALSE
"RPL24","D2_late_increasing","none",1,"all_6_donors_n11",100,-0.303925741724681,0,0,FALSE
"RPL24","D2_late_increasing","none",1,"five_donors_n43",100,-0.361673033609064,0,0,FALSE
"GNB2L1","D2_late_increasing","none",1,"five_donors_n43",100,-0.38943148549493,0,0,FALSE
"GNB2L1","D2_late_increasing","none",1,"all_6_donors_n11",100,-0.333378387897544,0,0,FALSE
"RPL12","D2_late_increasing","none",1,"five_donors_n43",100,-0.21844295804166,0,0,FALSE
"RPL12","D2_late_increasing","none",1,"all_6_donors_n11",100,-0.157760978237171,0.08,0,FALSE
"RPS23","D2_late_increasing","none",1,"five_donors_n43",100,-0.343497930122664,0,0,FALSE
"RPS23","D2_late_increasing","none",1,"all_6_donors_n11",100,-0.31466214340819,0,0,FALSE
"RPL38","D2_late_increasing","none",1,"all_6_donors_n11",100,-0.295469669658054,0,0,FALSE
"RPL38","D2_late_increasing","none",1,"five_donors_n43",100,-0.352752992407923,0,0,FALSE
"RPS9","D2_late_increasing","none",1,"all_6_donors_n11",100,-0.3180753244776,0,0,FALSE
"RPS9","D2_late_increasing","none",1,"five_donors_n43",100,-0.30233735158561,0,0,FALSE
"RPL37","D2_late_increasing","none",1,"five_donors_n43",100,-0.250812512660543,0,0,FALSE
"RPL37","D2_late_increasing","none",1,"all_6_donors_n11",100,-0.232095980128471,0.02,0,FALSE
"RPL3","D2_late_increasing","none",1,"five_donors_n43",100,-0.279314840890665,0,0,FALSE
"RPL3","D2_late_increasing","none",1,"all_6_donors_n11",100,-0.24131817518958,0.01,0,FALSE
"RPS6","D2_late_increasing","none",1,"all_6_donors_n11",100,-0.243259887223633,0.01,0,FALSE
"RPS6","D2_late_increasing","none",1,"five_donors_n43",100,-0.289540948595567,0,0,FALSE
"RPL18","D2_late_increasing","none",1,"all_6_donors_n11",100,-0.21609888942316,0.01,0,FALSE
"RPL18","D2_late_increasing","none",1,"five_donors_n43",100,-0.284510437986775,0,0,FALSE
"RPL9","D2_late_increasing","none",1,"five_donors_n43",100,-0.317085522125802,0,0,FALSE
"RPL9","D2_late_increasing","none",1,"all_6_donors_n11",100,-0.302768192032316,0,0,FALSE
"RPS21","D2_late_increasing","none",1,"five_donors_n43",100,-0.351981881678196,0,0,FALSE
"RPS21","D2_late_increasing","none",1,"all_6_donors_n11",100,-0.304782581732355,0,0,FALSE
"EEF1A1","D2_late_increasing","none",1,"all_6_donors_n11",100,-0.238304978603486,0,0,FALSE
"EEF1A1","D2_late_increasing","none",1,"five_donors_n43",100,-0.270787792654881,0,0,FALSE
"RPL32","D2_late_increasing","none",1,"all_6_donors_n11",100,-0.285335559962426,0,0,FALSE
"RPL32","D2_late_increasing","none",1,"five_donors_n43",100,-0.289729379864438,0,0,FALSE
"RPS4X","D2_late_increasing","none",1,"five_donors_n43",100,-0.293410418880097,0,0,FALSE
"RPS4X","D2_late_increasing","none",1,"all_6_donors_n11",100,-0.205585029558512,0.04,0,FALSE
"RPL23","D2_late_increasing","none",1,"five_donors_n43",100,-0.289871684164678,0,0,FALSE
"RPL23","D2_late_increasing","none",1,"all_6_donors_n11",100,-0.222824342730416,0,0,FALSE
"RPL14","D2_late_increasing","none",1,"five_donors_n43",100,-0.296166235127928,0,0,FALSE
"RPL14","D2_late_increasing","none",1,"all_6_donors_n11",100,-0.29174868136665,0,0,FALSE
"RPS3A","D2_late_increasing","none",1,"all_6_donors_n11",100,-0.374517450322898,0,0,FALSE
"RPS3A","D2_late_increasing","none",1,"five_donors_n43",100,-0.379004014186659,0,0,FALSE
"RPL21","D2_late_increasing","none",1,"all_6_donors_n11",100,-0.290203789481519,0,0,FALSE
"RPL21","D2_late_increasing","none",1,"five_donors_n43",100,-0.279588627827494,0,0,FALSE
"RPL7","D2_late_increasing","none",1,"all_6_donors_n11",100,-0.29968079935206,0,0,FALSE
"RPL7","D2_late_increasing","none",1,"five_donors_n43",100,-0.307335187226856,0,0,FALSE
"RPL22","D2_late_increasing","none",1,"five_donors_n43",100,-0.320414723533214,0,0,FALSE
"RPL22","D2_late_increasing","none",1,"all_6_donors_n11",100,-0.312997284556053,0,0,FALSE
"RPS8","D2_late_increasing","none",1,"all_6_donors_n11",100,-0.269992693873291,0.01,0,FALSE
"RPS8","D2_late_increasing","none",1,"five_donors_n43",100,-0.295589860812092,0,0,FALSE
"HSP90AB1","D2_late_increasing","none",1,"all_6_donors_n11",100,-0.420548889575771,0,0,FALSE
"HSP90AB1","D2_late_increasing","none",1,"five_donors_n43",100,-0.40416157918597,0,0,FALSE
"VIM","D2_late_increasing","none",1,"all_6_donors_n11",100,-0.337565041958329,0,0,FALSE
"VIM","D2_late_increasing","none",1,"five_donors_n43",100,-0.375762655791639,0,0,FALSE
"RPS16","D2_late_increasing","none",1,"five_donors_n43",100,-0.297342771131552,0,0,FALSE
"RPS16","D2_late_increasing","none",1,"all_6_donors_n11",100,-0.242319238023558,0.03,0,FALSE
"NACA","D2_late_increasing","none",1,"all_6_donors_n11",100,-0.231037692988168,0.03,0,FALSE
"NACA","D2_late_increasing","none",1,"five_donors_n43",100,-0.257356975150702,0,0,FALSE
"RPS20","D2_late_increasing","none",1,"all_6_donors_n11",100,-0.151759476813177,0.09,0,FALSE
"RPS20","D2_late_increasing","none",1,"five_donors_n43",100,-0.219685954335582,0,0,FALSE
"GLTSCR2","D2_late_increasing","none",1,"all_6_donors_n11",100,-0.136994318542886,0.13,0,FALSE
"GLTSCR2","D2_late_increasing","none",1,"five_donors_n43",100,-0.176628335137599,0,0,FALSE
"RPL36A","D2_late_increasing","none",1,"five_donors_n43",100,-0.208562958177442,0,0,FALSE
"RPL36A","D2_late_increasing","none",1,"all_6_donors_n11",100,-0.159629457845492,0.08,0,FALSE
"RPS3","D2_late_increasing","none",1,"five_donors_n43",100,-0.247431748048143,0,0,FALSE
"RPS3","D2_late_increasing","none",1,"all_6_donors_n11",100,-0.275133620384219,0,0,FALSE
"JUNB","D2_late_increasing","none",1,"all_6_donors_n11",100,-0.173020293353356,0.08,0,FALSE
"JUNB","D2_late_increasing","none",1,"five_donors_n43",100,-0.220971203974421,0,0,FALSE
"RPL23A","D2_late_increasing","none",1,"all_6_donors_n11",100,-0.216455495452845,0.06,0,FALSE
"RPL23A","D2_late_increasing","none",1,"five_donors_n43",100,-0.297892796443476,0,0,FALSE
"RPS5","D2_late_increasing","none",1,"all_6_donors_n11",100,-0.229425957636011,0.02,0,FALSE
"RPS5","D2_late_increasing","none",1,"five_donors_n43",100,-0.260828118885622,0,0,FALSE
"BTF3","D2_late_increasing","none",1,"five_donors_n43",100,-0.280819654410323,0,0,FALSE
"BTF3","D2_late_increasing","none",1,"all_6_donors_n11",100,-0.202521238721792,0.05,0,FALSE
"RPS17","D2_late_increasing","none",1,"all_6_donors_n11",100,-0.206403437156557,0.02,0,FALSE
"RPS17","D2_late_increasing","none",1,"five_donors_n43",100,-0.227192893824868,0,0,FALSE
"RPL17-C18orf32","D2_late_increasing","none",1,"all_6_donors_n11",100,-0.324017275776519,0,0,FALSE
"RPL17-C18orf32","D2_late_increasing","none",1,"five_donors_n43",100,-0.26143425337785,0,0,FALSE
"RPL10A","D2_late_increasing","none",1,"all_6_donors_n11",100,-0.261341232467783,0.01,0,FALSE
"RPL10A","D2_late_increasing","none",1,"five_donors_n43",100,-0.309770141001205,0,0,FALSE
"HNRNPA1","D2_late_increasing","none",1,"five_donors_n43",100,-0.242340365794766,0,0,FALSE
"HNRNPA1","D2_late_increasing","none",1,"all_6_donors_n11",100,-0.214144536742453,0.05,0,FALSE
"RPS25","D2_late_increasing","none",1,"all_6_donors_n11",100,-0.201911362885239,0.02,0,FALSE
"RPS25","D2_late_increasing","none",1,"five_donors_n43",100,-0.191246809083614,0,0,FALSE
"LMO4","D2_late_increasing","none",1,"all_6_donors_n11",100,-0.310486349066075,0.01,0,FALSE
"LMO4","D2_late_increasing","none",1,"five_donors_n43",100,-0.311996373349488,0,0,FALSE
"PFDN5","D2_late_increasing","none",1,"all_6_donors_n11",100,-0.231375603630629,0.01,0,FALSE
"PFDN5","D2_late_increasing","none",1,"five_donors_n43",100,-0.19028673339434,0,0,FALSE
"CIRBP","D2_late_increasing","none",1,"five_donors_n43",100,-0.164014172316001,0,0,FALSE
"CIRBP","D2_late_increasing","none",1,"all_6_donors_n11",100,-0.252367372962058,0.01,0,FALSE
"RPS15","D2_late_increasing","none",1,"five_donors_n43",100,-0.309718630122499,0,0,FALSE
"RPS15","D2_late_increasing","none",1,"all_6_donors_n11",100,-0.275764245262958,0,0,FALSE
"RPL31","D2_late_increasing","none",1,"five_donors_n43",100,-0.185136573982996,0,0,FALSE
"RPL31","D2_late_increasing","none",1,"all_6_donors_n11",100,-0.177508504810463,0.04,0,FALSE
"RPS7","D2_late_increasing","none",1,"all_6_donors_n11",100,-0.215165833247243,0.01,0,FALSE
"RPS7","D2_late_increasing","none",1,"five_donors_n43",100,-0.253773692679564,0,0,FALSE
"ADIRF","D2_late_increasing","none",1,"all_6_donors_n11",100,-0.433035578609252,0,0,FALSE
"ADIRF","D2_late_increasing","none",1,"five_donors_n43",100,-0.368791788484374,0,0,FALSE
"RPS10","D2_late_increasing","none",1,"five_donors_n43",100,-0.306445978411408,0,0,FALSE
"RPS10","D2_late_increasing","none",1,"all_6_donors_n11",100,-0.342050446246209,0,0,FALSE
"NUCKS1","D2_late_increasing","none",1,"five_donors_n43",100,-0.264829303614909,0,0,FALSE
"NUCKS1","D2_late_increasing","none",1,"all_6_donors_n11",100,-0.306217108861502,0,0,FALSE
"RPS15A","D2_late_increasing","none",1,"all_6_donors_n11",100,-0.224841472847408,0.06,0,FALSE
"RPS15A","D2_late_increasing","none",1,"five_donors_n43",100,-0.245050306518898,0,0,FALSE
"FGFR1","D2_late_increasing","none",1,"all_6_donors_n11",100,-0.231051665863284,0.02,0,FALSE
"FGFR1","D2_late_increasing","none",1,"five_donors_n43",100,-0.217226865692949,0,0,FALSE
"CD81","D2_late_increasing","none",1,"five_donors_n43",100,-0.280110379485106,0,0,FALSE
"CD81","D2_late_increasing","none",1,"all_6_donors_n11",100,-0.247847627553656,0,0,FALSE
"EIF1","D2_late_increasing","none",1,"five_donors_n43",100,-0.225818187186572,0,0,FALSE
"EIF1","D2_late_increasing","none",1,"all_6_donors_n11",100,-0.177233734558835,0.04,0,FALSE
"ZFP36L2","D2_late_increasing","none",1,"all_6_donors_n11",100,-0.225232768506878,0,0,FALSE
"ZFP36L2","D2_late_increasing","none",1,"five_donors_n43",100,-0.187949429583499,0,0,FALSE
"RPS24","D2_late_increasing","none",1,"all_6_donors_n11",100,-0.212328266302547,0.02,0,FALSE
"RPS24","D2_late_increasing","none",1,"five_donors_n43",100,-0.21845270698884,0,0,FALSE
"RPL7A","D2_late_increasing","none",1,"five_donors_n43",100,-0.197463934280524,0,0,FALSE
"RPL7A","D2_late_increasing","none",1,"all_6_donors_n11",100,-0.123910635395843,0.08,0,FALSE
"RPS18","D2_late_increasing","none",1,"five_donors_n43",100,-0.216290638573738,0,0,FALSE
"RPS18","D2_late_increasing","none",1,"all_6_donors_n11",100,-0.173510072017535,0.04,0,FALSE
"HMGB1","D2_late_increasing","none",1,"five_donors_n43",100,-0.236110794382558,0,0,FALSE
"HMGB1","D2_late_increasing","none",1,"all_6_donors_n11",100,-0.258493380340932,0.01,0,FALSE
"HIST1H4C","D2_late_increasing","none",1,"all_6_donors_n11",100,-0.143383737933965,0.11,0,FALSE
"HIST1H4C","D2_late_increasing","none",1,"five_donors_n43",100,-0.172572665189243,0.01,0,FALSE
"RPL35","D2_late_increasing","none",1,"all_6_donors_n11",100,-0.0709738023170859,0.21,0.01,FALSE
"RPL35","D2_late_increasing","none",1,"five_donors_n43",100,-0.172253503175559,0,0,FALSE
"SNHG8","D2_late_increasing","none",1,"all_6_donors_n11",100,-0.098876069493252,0.21,0.01,FALSE
"SNHG8","D2_late_increasing","none",1,"five_donors_n43",100,-0.131757257003631,0,0,FALSE
"RPS2","D2_late_increasing","none",1,"all_6_donors_n11",100,-0.219721866161006,0.05,0.01,FALSE
"RPS2","D2_late_increasing","none",1,"five_donors_n43",100,-0.242836339581733,0,0,FALSE
"TMEM258","D2_late_increasing","clean_D2",1,"all_6_donors_n11",100,0.213220684101198,0.99,0.55,TRUE
"TMEM258","D2_late_increasing","clean_D2",1,"five_donors_n43",100,0.207315810536667,1,0.6,TRUE
"POLDIP2","D2_late_increasing","clean_D2",1,"all_6_donors_n11",100,0.174186385459849,0.94,0.39,TRUE
"POLDIP2","D2_late_increasing","clean_D2",1,"five_donors_n43",100,0.178128631017618,1,0.27,TRUE
"PLXNA3","D2_late_increasing","clean_D2",1,"all_6_donors_n11",100,0.116068574176098,0.86,0.22,TRUE
"PLXNA3","D2_late_increasing","clean_D2",1,"five_donors_n43",100,0.167532763209714,1,0.23,TRUE
"MRPS12","D2_late_increasing","none",1,"all_6_donors_n11",100,0.0275560624463525,0.63,0.04,FALSE
"MRPS12","D2_late_increasing","none",1,"five_donors_n43",100,0.101057224347875,0.93,0,TRUE
"RAB24","D2_late_increasing","clean_D2",1,"all_6_donors_n11",100,0.161512045573633,0.91,0.38,TRUE
"RAB24","D2_late_increasing","clean_D2",1,"five_donors_n43",100,0.150635584285287,1,0.18,TRUE
"MARVELD1","D2_late_increasing","clean_D2",1,"all_6_donors_n11",100,0.0625764600714805,0.74,0.09,FALSE
"MARVELD1","D2_late_increasing","clean_D2",1,"five_donors_n43",100,0.212350843399659,1,0.62,TRUE
"CMKLR1","D2_late_increasing","clean_D2",1,"all_6_donors_n11",100,0.154071373882315,0.95,0.27,TRUE
"CMKLR1","D2_late_increasing","clean_D2",1,"five_donors_n43",100,0.171476310292648,1,0.28,TRUE
"PTPMT1","D2_late_increasing","clean_D2",1,"all_6_donors_n11",100,0.104506784349413,0.87,0.16,TRUE
"PTPMT1","D2_late_increasing","clean_D2",1,"five_donors_n43",100,0.143332370965945,1,0.17,TRUE
"RNF11","D2_late_increasing","clean_D2",1,"five_donors_n43",100,0.151123421802338,1,0.21,TRUE
"RNF11","D2_late_increasing","clean_D2",1,"all_6_donors_n11",100,0.174020762538532,0.9,0.38,TRUE
"C6orf1","D2_late_increasing","clean_D2",1,"all_6_donors_n11",100,0.172848663626692,0.98,0.38,TRUE
"C6orf1","D2_late_increasing","clean_D2",1,"five_donors_n43",100,0.182197250653982,1,0.4,TRUE
"SSNA1","D2_late_increasing","clean_D2",1,"all_6_donors_n11",100,0.150613396247376,0.97,0.25,TRUE
"SSNA1","D2_late_increasing","clean_D2",1,"five_donors_n43",100,0.157885302799169,1,0.23,TRUE
"PSMC4","D2_late_increasing","clean_D2",1,"all_6_donors_n11",100,0.0730968332126968,0.76,0.06,FALSE
"PSMC4","D2_late_increasing","clean_D2",1,"five_donors_n43",100,0.122188172442048,0.99,0.03,TRUE
"NPC2","D2_late_increasing","clean_D2",1,"all_6_donors_n11",100,0.135905146560623,0.92,0.28,TRUE
"NPC2","D2_late_increasing","clean_D2",1,"five_donors_n43",100,0.203725065425992,1,0.54,TRUE
"SAT2","D2_late_increasing","clean_D2",1,"all_6_donors_n11",100,0.157615065954356,0.91,0.33,TRUE
"SAT2","D2_late_increasing","clean_D2",1,"five_donors_n43",100,0.131593255486445,1,0.08,TRUE
"NDUFB11","D2_late_increasing","clean_D2",1,"all_6_donors_n11",100,0.206590188275738,0.98,0.55,TRUE
"NDUFB11","D2_late_increasing","clean_D2",1,"five_donors_n43",100,0.175791164713929,1,0.36,TRUE
"DCHS1","D2_late_increasing","clean_D2",1,"all_6_donors_n11",100,0.101642452663357,0.81,0.29,TRUE
"DCHS1","D2_late_increasing","clean_D2",1,"five_donors_n43",100,0.115948316318216,0.99,0.06,TRUE
"HAS2","D2_late_increasing","clean_D2",1,"all_6_donors_n11",100,0.197111590961558,0.98,0.49,TRUE
"HAS2","D2_late_increasing","clean_D2",1,"five_donors_n43",100,0.187379726292995,1,0.32,TRUE
"NDUFA4","D2_late_increasing","clean_D2",1,"all_6_donors_n11",100,0.122131389345171,0.91,0.24,TRUE
"NDUFA4","D2_late_increasing","clean_D2",1,"five_donors_n43",100,0.130571865124426,1,0.1,TRUE
"ACTN1","D2_late_increasing","clean_D2",1,"all_6_donors_n11",100,0.163375448342622,0.96,0.34,TRUE
"ACTN1","D2_late_increasing","clean_D2",1,"five_donors_n43",100,0.21764200637103,1,0.61,TRUE
"RAB1B","D2_late_increasing","clean_D2",1,"all_6_donors_n11",100,0.158726310105666,0.88,0.37,TRUE
"RAB1B","D2_late_increasing","clean_D2",1,"five_donors_n43",100,0.14192783671792,0.99,0.18,TRUE
"HIGD2A","D2_late_increasing","clean_D2",1,"all_6_donors_n11",100,0.0808489138082317,0.78,0.13,FALSE
"HIGD2A","D2_late_increasing","clean_D2",1,"five_donors_n43",100,0.112229863255395,0.98,0,TRUE
"TMEM160","D2_late_increasing","clean_D2",1,"five_donors_n43",100,0.114070298455916,0.98,0.02,TRUE
"TMEM160","D2_late_increasing","clean_D2",1,"all_6_donors_n11",100,0.0751207987114414,0.76,0.16,FALSE
"ILVBL","D2_late_increasing","clean_D2",1,"five_donors_n43",100,0.124507867263453,1,0.07,TRUE
"ILVBL","D2_late_increasing","clean_D2",1,"all_6_donors_n11",100,0.121688353975616,0.88,0.24,TRUE
"TMEM9","D2_late_increasing","clean_D2",1,"five_donors_n43",100,0.203759118830325,1,0.53,TRUE
"TMEM9","D2_late_increasing","clean_D2",1,"all_6_donors_n11",100,0.10493963422229,0.81,0.07,TRUE
"PMP22","D2_late_increasing","clean_D2",1,"all_6_donors_n11",100,0.176289474699093,0.95,0.4,TRUE
"PMP22","D2_late_increasing","clean_D2",1,"five_donors_n43",100,0.218049213372422,1,0.64,TRUE
"RIC8A","D2_late_increasing","clean_D2",1,"all_6_donors_n11",100,0.160918897323554,0.93,0.3,TRUE
"RIC8A","D2_late_increasing","clean_D2",1,"five_donors_n43",100,0.227800500278476,1,0.69,TRUE
"COX7B","D2_late_increasing","clean_D2",1,"five_donors_n43",100,0.132140847677106,0.99,0.09,TRUE
"COX7B","D2_late_increasing","clean_D2",1,"all_6_donors_n11",100,0.178009760659529,0.96,0.43,TRUE
"YIPF3","D2_late_increasing","clean_D2",1,"five_donors_n43",100,0.150672020906108,1,0.14,TRUE
"YIPF3","D2_late_increasing","clean_D2",1,"all_6_donors_n11",100,0.055488102813566,0.7,0.11,FALSE
"TEN1","D2_late_increasing","clean_D2",1,"all_6_donors_n11",100,0.211601042402052,0.98,0.54,TRUE
"TEN1","D2_late_increasing","clean_D2",1,"five_donors_n43",100,0.193147263549413,1,0.47,TRUE
"MRPS24","D2_late_increasing","none",1,"all_6_donors_n11",100,0.155239545170207,0.91,0.37,TRUE
"MRPS24","D2_late_increasing","none",1,"five_donors_n43",100,0.191723500643582,1,0.44,TRUE
"FASTK","D2_late_increasing","clean_D2",1,"five_donors_n43",100,0.170118231431874,1,0.24,TRUE
"FASTK","D2_late_increasing","clean_D2",1,"all_6_donors_n11",100,0.178420164256185,0.94,0.44,TRUE
"FAM162A","D2_late_increasing","clean_D2",1,"five_donors_n43",100,0.168467559975732,1,0.21,TRUE
"FAM162A","D2_late_increasing","clean_D2",1,"all_6_donors_n11",100,0.252642603352335,0.96,0.64,TRUE
"TSR3","D2_late_increasing","clean_D2",1,"all_6_donors_n11",100,0.138623755370723,0.92,0.31,TRUE
"TSR3","D2_late_increasing","clean_D2",1,"five_donors_n43",100,0.167696345896203,1,0.27,TRUE
"PRELP","D2_late_increasing","clean_D2",1,"all_6_donors_n11",100,0.247464653549346,1,0.7,TRUE
"PRELP","D2_late_increasing","clean_D2",1,"five_donors_n43",100,0.21492490789055,1,0.64,TRUE
"GORASP2","D2_late_increasing","clean_D2",1,"five_donors_n43",100,0.15409486179267,1,0.12,TRUE
"GORASP2","D2_late_increasing","clean_D2",1,"all_6_donors_n11",100,0.0845361273202528,0.8,0.14,TRUE
"ECH1","D2_late_increasing","clean_D2",1,"five_donors_n43",100,0.200919132710756,1,0.51,TRUE
"ECH1","D2_late_increasing","clean_D2",1,"all_6_donors_n11",100,0.144660307936873,0.93,0.32,TRUE
"GSTO1","D2_late_increasing","clean_D2",1,"five_donors_n43",100,0.153616159713066,1,0.18,TRUE
"GSTO1","D2_late_increasing","clean_D2",1,"all_6_donors_n11",100,0.0152255237092872,0.61,0.03,FALSE
"PRMT2","D2_late_increasing","clean_D2",1,"all_6_donors_n11",100,0.122163502296216,0.86,0.23,TRUE
"PRMT2","D2_late_increasing","clean_D2",1,"five_donors_n43",100,0.13124186378118,0.98,0.07,TRUE
"SUB1","D2_late_increasing","clean_D2",1,"all_6_donors_n11",100,0.181429703891953,0.98,0.37,TRUE
"SUB1","D2_late_increasing","clean_D2",1,"five_donors_n43",100,0.145259952736803,1,0.14,TRUE
"HLA-A","D2_late_increasing","clean_D2",1,"all_6_donors_n11",100,0.172764102321423,0.94,0.41,TRUE
"HLA-A","D2_late_increasing","clean_D2",1,"five_donors_n43",100,0.214212016606195,1,0.69,TRUE
"ANXA2","D2_late_increasing","clean_D2",1,"five_donors_n43",100,0.140381020140081,1,0.15,TRUE
"ANXA2","D2_late_increasing","clean_D2",1,"all_6_donors_n11",100,0.161542607952249,0.91,0.34,TRUE
"CREB3","D2_late_increasing","clean_D2",1,"all_6_donors_n11",100,0.258311557520485,0.99,0.7,TRUE
"CREB3","D2_late_increasing","clean_D2",1,"five_donors_n43",100,0.190955903568257,1,0.4,TRUE
"PLP2","D2_late_increasing","clean_D2",1,"all_6_donors_n11",100,0.145655697602482,0.92,0.34,TRUE
"PLP2","D2_late_increasing","clean_D2",1,"five_donors_n43",100,0.187320162058277,1,0.39,TRUE
"ALDOA","D2_late_increasing","clean_D2",1,"all_6_donors_n11",100,0.156461795818681,0.91,0.38,TRUE
"ALDOA","D2_late_increasing","clean_D2",1,"five_donors_n43",100,0.1927624672787,1,0.45,TRUE
"CCDC92","D2_late_increasing","clean_D2",1,"five_donors_n43",100,0.158825692889877,1,0.21,TRUE
"CCDC92","D2_late_increasing","clean_D2",1,"all_6_donors_n11",100,0.164680256507569,0.92,0.4,TRUE
"IFITM1","D2_late_increasing","clean_D2",1,"all_6_donors_n11",100,0.143331729137004,0.9,0.2,TRUE
"IFITM1","D2_late_increasing","clean_D2",1,"five_donors_n43",100,0.185403139207729,1,0.36,TRUE
"SCAND1","D2_late_increasing","clean_D2",1,"all_6_donors_n11",100,0.123764411693873,0.88,0.22,TRUE
"SCAND1","D2_late_increasing","clean_D2",1,"five_donors_n43",100,0.190357721017218,1,0.39,TRUE
"RPS19BP1","D2_late_increasing","none",1,"all_6_donors_n11",100,0.217296040526816,0.97,0.57,TRUE
"RPS19BP1","D2_late_increasing","none",1,"five_donors_n43",100,0.155860962116956,1,0.18,TRUE
"CD68","D2_late_increasing","clean_D2",1,"five_donors_n43",100,0.139609635136212,1,0.15,TRUE
"CD68","D2_late_increasing","clean_D2",1,"all_6_donors_n11",100,0.128039012028669,0.91,0.19,TRUE
"NKIRAS2","D2_late_increasing","clean_D2",1,"five_donors_n43",100,0.15563075349901,1,0.19,TRUE
"NKIRAS2","D2_late_increasing","clean_D2",1,"all_6_donors_n11",100,0.185365772092959,0.94,0.44,TRUE
"NRP2","D2_late_increasing","clean_D2",1,"all_6_donors_n11",100,0.116566649050852,0.83,0.28,TRUE
"NRP2","D2_late_increasing","clean_D2",1,"five_donors_n43",100,0.140645699149776,0.98,0.12,TRUE
"PLXNA2","D2_late_increasing","clean_D2",1,"all_6_donors_n11",100,0.120459747343253,0.83,0.24,TRUE
"PLXNA2","D2_late_increasing","clean_D2",1,"five_donors_n43",100,0.188565805581272,1,0.43,TRUE
"C4orf3","D2_late_increasing","clean_D2",1,"all_6_donors_n11",100,0.101949375584832,0.78,0.15,FALSE
"C4orf3","D2_late_increasing","clean_D2",1,"five_donors_n43",100,0.155207975245219,1,0.14,TRUE
"RBCK1","D2_late_increasing","clean_D2",1,"five_donors_n43",100,0.188048426881906,1,0.44,TRUE
"RBCK1","D2_late_increasing","clean_D2",1,"all_6_donors_n11",100,0.175262412398617,0.96,0.43,TRUE
"PKM","D2_late_increasing","clean_D2",1,"all_6_donors_n11",100,0.134182232046798,0.9,0.23,TRUE
"PKM","D2_late_increasing","clean_D2",1,"five_donors_n43",100,0.166631474585315,1,0.24,TRUE
"MAGOHB","D2_late_increasing","clean_D2",1,"all_6_donors_n11",100,0.256298939596753,0.95,0.64,TRUE
"MAGOHB","D2_late_increasing","clean_D2",1,"five_donors_n43",100,0.228503894953451,1,0.67,TRUE
"MAP2K2","D2_late_increasing","clean_D2",1,"all_6_donors_n11",100,0.13254245609997,0.91,0.23,TRUE
"MAP2K2","D2_late_increasing","clean_D2",1,"five_donors_n43",100,0.102007187657078,1,0,TRUE
"ORMDL3","D2_late_increasing","clean_D2",1,"five_donors_n43",100,0.180459998370371,1,0.38,TRUE
"ORMDL3","D2_late_increasing","clean_D2",1,"all_6_donors_n11",100,0.241229598928877,0.96,0.68,TRUE
"CDIPT","D2_late_increasing","clean_D2",1,"all_6_donors_n11",100,0.113330614266326,0.84,0.17,TRUE
"CDIPT","D2_late_increasing","clean_D2",1,"five_donors_n43",100,0.163322335549031,1,0.2,TRUE
"AGPAT1","D2_late_increasing","clean_D2",1,"all_6_donors_n11",100,0.160069849304538,0.94,0.31,TRUE
"AGPAT1","D2_late_increasing","clean_D2",1,"five_donors_n43",100,0.15106426008729,1,0.13,TRUE
"CFL1","D2_late_increasing","clean_D2",1,"all_6_donors_n11",100,0.138069158247154,0.86,0.27,TRUE
"CFL1","D2_late_increasing","clean_D2",1,"five_donors_n43",100,0.167357028719527,1,0.2,TRUE
"PACS2","D2_late_increasing","clean_D2",1,"five_donors_n43",100,0.130024749564499,1,0.07,TRUE
"PACS2","D2_late_increasing","clean_D2",1,"all_6_donors_n11",100,0.122990719666522,0.82,0.26,TRUE
"GJA1","D2_late_increasing","clean_D2",1,"five_donors_n43",100,0.193965344575168,1,0.42,TRUE
"GJA1","D2_late_increasing","clean_D2",1,"all_6_donors_n11",100,0.191431063995086,0.9,0.49,TRUE
"KDELR1","D2_late_increasing","clean_D2",1,"five_donors_n43",100,0.183076403738292,1,0.32,TRUE
"KDELR1","D2_late_increasing","clean_D2",1,"all_6_donors_n11",100,0.184292027103148,0.96,0.45,TRUE
"ZNF593","D2_late_increasing","clean_D2",1,"all_6_donors_n11",100,0.166400379413675,0.91,0.39,TRUE
"ZNF593","D2_late_increasing","clean_D2",1,"five_donors_n43",100,0.157151806818923,1,0.17,TRUE
"CORO1C","D2_late_increasing","clean_D2",1,"all_6_donors_n11",100,0.15496938522925,0.91,0.36,TRUE
"CORO1C","D2_late_increasing","clean_D2",1,"five_donors_n43",100,0.126371820676739,0.98,0.02,TRUE
"RTN4RL2","D2_late_increasing","clean_D2",1,"five_donors_n43",100,0.203968546231361,1,0.51,TRUE
"RTN4RL2","D2_late_increasing","clean_D2",1,"all_6_donors_n11",100,0.209931413043406,0.99,0.55,TRUE
"PSME2","D2_late_increasing","clean_D2",1,"five_donors_n43",100,0.2034642227085,1,0.53,TRUE
"PSME2","D2_late_increasing","clean_D2",1,"all_6_donors_n11",100,0.258810902183688,0.99,0.73,TRUE
"AKR1B1","D2_late_increasing","clean_D2",1,"all_6_donors_n11",100,0.177289560564005,0.98,0.38,TRUE
"AKR1B1","D2_late_increasing","clean_D2",1,"five_donors_n43",100,0.160460377959028,1,0.17,TRUE
"CYSTM1","D2_late_increasing","clean_D2",1,"all_6_donors_n11",100,0.129048060914082,0.87,0.18,TRUE
"CYSTM1","D2_late_increasing","clean_D2",1,"five_donors_n43",100,0.146223569265391,1,0.07,TRUE
"SNX3","D2_late_increasing","clean_D2",1,"five_donors_n43",100,0.115992748143937,1,0.02,TRUE
"SNX3","D2_late_increasing","clean_D2",1,"all_6_donors_n11",100,0.120365598228132,0.8,0.24,TRUE
"BCL7C","D2_late_increasing","clean_D2",1,"five_donors_n43",100,0.175731196132813,1,0.32,TRUE
"BCL7C","D2_late_increasing","clean_D2",1,"all_6_donors_n11",100,0.183199062148805,0.95,0.47,TRUE
"PODNL1","D2_late_increasing","clean_D2",1,"all_6_donors_n11",100,0.216953412867233,0.94,0.53,TRUE
"PODNL1","D2_late_increasing","clean_D2",1,"five_donors_n43",100,0.163095228954726,1,0.27,TRUE
"GALNT15","D2_late_increasing","clean_D2",1,"all_6_donors_n11",100,0.180539050902438,0.94,0.41,TRUE
"GALNT15","D2_late_increasing","clean_D2",1,"five_donors_n43",100,0.162361647640522,1,0.32,TRUE
"PPP1R14B","D2_late_increasing","clean_D2",1,"five_donors_n43",100,0.159842869769432,1,0.23,TRUE
"PPP1R14B","D2_late_increasing","clean_D2",1,"all_6_donors_n11",100,0.152280742807492,0.9,0.3,TRUE
"HOXB7","D2_late_increasing","clean_D2",1,"five_donors_n43",100,0.118257369054291,0.99,0.02,TRUE
"HOXB7","D2_late_increasing","clean_D2",1,"all_6_donors_n11",100,0.138038133564111,0.88,0.31,TRUE
"ADGRA2","D2_late_increasing","clean_D2",1,"five_donors_n43",100,0.11624699145857,1,0.05,TRUE
"ADGRA2","D2_late_increasing","clean_D2",1,"all_6_donors_n11",100,0.0713359591438108,0.73,0.13,FALSE
"NUCB2","D2_late_increasing","clean_D2",1,"all_6_donors_n11",100,0.249659715783527,0.98,0.61,TRUE
"NUCB2","D2_late_increasing","clean_D2",1,"five_donors_n43",100,0.211427591615772,1,0.6,TRUE
"ANXA5","D2_late_increasing","clean_D2",1,"all_6_donors_n11",100,0.119369138566422,0.88,0.22,TRUE
"ANXA5","D2_late_increasing","clean_D2",1,"five_donors_n43",100,0.15502328780017,1,0.14,TRUE
"ATP5J2","D2_late_increasing","clean_D2",1,"all_6_donors_n11",100,0.228031000237233,0.96,0.62,TRUE
"ATP5J2","D2_late_increasing","clean_D2",1,"five_donors_n43",100,0.230250331658946,1,0.74,TRUE
"CAPNS1","D2_late_increasing","clean_D2",1,"five_donors_n43",100,0.170833212923258,1,0.32,TRUE
"CAPNS1","D2_late_increasing","clean_D2",1,"all_6_donors_n11",100,0.253599286997095,0.98,0.72,TRUE
"ATP5G3","D2_late_increasing","clean_D2",1,"all_6_donors_n11",100,0.154541579036293,0.92,0.32,TRUE
"ATP5G3","D2_late_increasing","clean_D2",1,"five_donors_n43",100,0.140072242321266,1,0.17,TRUE
"MBOAT7","D2_late_increasing","clean_D2",1,"all_6_donors_n11",100,0.129464747598601,0.9,0.2,TRUE
"MBOAT7","D2_late_increasing","clean_D2",1,"five_donors_n43",100,0.132001223149184,1,0.12,TRUE
"WDR45","D2_late_increasing","clean_D2",1,"all_6_donors_n11",100,0.254186418808035,0.99,0.74,TRUE
"WDR45","D2_late_increasing","clean_D2",1,"five_donors_n43",100,0.2180256242803,1,0.6,TRUE
"SLC35A4","D2_late_increasing","clean_D2",1,"five_donors_n43",100,0.200101353920867,1,0.5,TRUE
"SLC35A4","D2_late_increasing","clean_D2",1,"all_6_donors_n11",100,0.220732246417288,0.93,0.56,TRUE
"CSF1","D2_late_increasing","clean_D2",1,"all_6_donors_n11",100,0.14864234757603,0.99,0.21,TRUE
"CSF1","D2_late_increasing","clean_D2",1,"five_donors_n43",100,0.167749994376843,1,0.2,TRUE
"TES","D2_late_increasing","clean_D2",1,"all_6_donors_n11",100,0.0903837100744366,0.82,0.13,TRUE
"TES","D2_late_increasing","clean_D2",1,"five_donors_n43",100,0.112625800893579,0.97,0.01,TRUE
"C11orf98","D2_late_increasing","clean_D2",1,"all_6_donors_n11",100,0.151030498311952,0.92,0.36,TRUE
"C11orf98","D2_late_increasing","clean_D2",1,"five_donors_n43",100,0.124947422406108,1,0.09,TRUE
"MRPS11","D2_late_increasing","none",1,"five_donors_n43",100,0.178524252499256,1,0.32,TRUE
"MRPS11","D2_late_increasing","none",1,"all_6_donors_n11",100,0.138070980640448,0.87,0.18,TRUE
"PDIA6","D2_late_increasing","clean_D2",1,"five_donors_n43",100,0.186617364611023,1,0.35,TRUE
"PDIA6","D2_late_increasing","clean_D2",1,"all_6_donors_n11",100,0.203717093198741,0.95,0.54,TRUE
"NDUFS7","D2_late_increasing","clean_D2",1,"all_6_donors_n11",100,0.194297643177139,0.97,0.48,TRUE
"NDUFS7","D2_late_increasing","clean_D2",1,"five_donors_n43",100,0.179428403624212,1,0.3,TRUE
"CMBL","D2_late_increasing","clean_D2",1,"all_6_donors_n11",100,0.236193651264089,0.98,0.68,TRUE
"CMBL","D2_late_increasing","clean_D2",1,"five_donors_n43",100,0.202304336735365,1,0.51,TRUE
"POP7","D2_late_increasing","clean_D2",1,"all_6_donors_n11",100,0.221460759717866,0.98,0.6,TRUE
"POP7","D2_late_increasing","clean_D2",1,"five_donors_n43",100,0.189574110770834,1,0.39,TRUE
"POLE4","D2_late_increasing","clean_D2",1,"five_donors_n43",100,0.215486081461867,1,0.65,TRUE
"POLE4","D2_late_increasing","clean_D2",1,"all_6_donors_n11",100,0.249667672945309,1,0.72,TRUE
"PREB","D2_late_increasing","clean_D2",1,"all_6_donors_n11",100,0.170150821851512,0.95,0.42,TRUE
"PREB","D2_late_increasing","clean_D2",1,"five_donors_n43",100,0.204049948145251,1,0.53,TRUE
"MPC2","D2_late_increasing","clean_D2",1,"all_6_donors_n11",100,0.151089481395388,0.96,0.36,TRUE
"MPC2","D2_late_increasing","clean_D2",1,"five_donors_n43",100,0.124783635275226,0.99,0.07,TRUE
"MIEN1","D2_late_increasing","clean_D2",1,"all_6_donors_n11",100,0.0936975924454412,0.79,0.1,FALSE
"MIEN1","D2_late_increasing","clean_D2",1,"five_donors_n43",100,0.130778216550894,1,0.09,TRUE
"CA12","D2_late_increasing","clean_D2",1,"five_donors_n43",100,0.141031344940579,1,0.12,TRUE
"CA12","D2_late_increasing","clean_D2",1,"all_6_donors_n11",100,0.131285618913115,0.89,0.26,TRUE
"PDGFD","D2_late_increasing","clean_D2",1,"all_6_donors_n11",100,0.181840940200462,0.96,0.41,TRUE
"PDGFD","D2_late_increasing","clean_D2",1,"five_donors_n43",100,0.182941917315118,1,0.37,TRUE
"COX14","D2_late_increasing","clean_D2",1,"all_6_donors_n11",100,0.081856055570204,0.74,0.16,FALSE
"COX14","D2_late_increasing","clean_D2",1,"five_donors_n43",100,0.117485368134607,1,0.07,TRUE
"MINOS1","D2_late_increasing","clean_D2",1,"all_6_donors_n11",100,0.0728780476878752,0.82,0.11,TRUE
"MINOS1","D2_late_increasing","clean_D2",1,"five_donors_n43",100,0.161085769641564,1,0.27,TRUE
"NTMT1","D2_late_increasing","clean_D2",1,"five_donors_n43",100,0.16800722321866,1,0.29,TRUE
"NTMT1","D2_late_increasing","clean_D2",1,"all_6_donors_n11",100,0.122387565704546,0.86,0.18,TRUE
"MAPK6","D2_late_increasing","clean_D2",1,"five_donors_n43",100,0.18555309141367,1,0.39,TRUE
"MAPK6","D2_late_increasing","clean_D2",1,"all_6_donors_n11",100,0.176495122592745,0.93,0.37,TRUE
"FAM20A","D2_late_increasing","clean_D2",1,"five_donors_n43",100,0.22952718359326,1,0.81,TRUE
"FAM20A","D2_late_increasing","clean_D2",1,"all_6_donors_n11",100,0.222803998608427,0.99,0.57,TRUE
"GAPDH","D2_late_increasing","clean_D2",1,"all_6_donors_n11",100,0.179452173005461,0.94,0.43,TRUE
"GAPDH","D2_late_increasing","clean_D2",1,"five_donors_n43",100,0.193606181616048,1,0.44,TRUE
"GADD45GIP1","D2_late_increasing","clean_D2",1,"all_6_donors_n11",100,0.0660938551136923,0.67,0.15,FALSE
"GADD45GIP1","D2_late_increasing","clean_D2",1,"five_donors_n43",100,0.106430741844153,0.99,0.01,TRUE
"FIS1","D2_late_increasing","clean_D2",1,"five_donors_n43",100,0.157324026004869,1,0.17,TRUE
"FIS1","D2_late_increasing","clean_D2",1,"all_6_donors_n11",100,0.206434025326513,0.99,0.54,TRUE
"ASNA1","D2_late_increasing","clean_D2",1,"five_donors_n43",100,0.172775360913648,1,0.3,TRUE
"ASNA1","D2_late_increasing","clean_D2",1,"all_6_donors_n11",100,0.131414667995431,0.95,0.23,TRUE
"MAPKAPK2","D2_late_increasing","clean_D2",1,"all_6_donors_n11",100,0.19995325091924,0.94,0.5,TRUE
"MAPKAPK2","D2_late_increasing","clean_D2",1,"five_donors_n43",100,0.168292393368665,1,0.3,TRUE
"PCNXL3","D2_late_increasing","clean_D2",1,"all_6_donors_n11",100,0.106503036960427,0.81,0.19,TRUE
"PCNXL3","D2_late_increasing","clean_D2",1,"five_donors_n43",100,0.151201342348229,1,0.12,TRUE
"KLF7","D2_late_increasing","clean_D2",1,"five_donors_n43",100,0.187636994265553,1,0.41,TRUE
"KLF7","D2_late_increasing","clean_D2",1,"all_6_donors_n11",100,0.158361851198897,0.92,0.4,TRUE
"MEA1","D2_late_increasing","clean_D2",1,"five_donors_n43",100,0.148348719312312,1,0.19,TRUE
"MEA1","D2_late_increasing","clean_D2",1,"all_6_donors_n11",100,0.148818680049068,0.86,0.35,TRUE
"TMEM98","D2_late_increasing","clean_D2",1,"all_6_donors_n11",100,0.145511392772985,0.94,0.23,TRUE
"TMEM98","D2_late_increasing","clean_D2",1,"five_donors_n43",100,0.160548016287349,1,0.22,TRUE
"DCTN1","D2_late_increasing","clean_D2",1,"all_6_donors_n11",100,0.098133146226954,0.81,0.19,TRUE
"DCTN1","D2_late_increasing","clean_D2",1,"five_donors_n43",100,0.175898944817392,1,0.31,TRUE
"APOL1","D2_late_increasing","clean_D2",1,"five_donors_n43",100,0.16382730113307,1,0.17,TRUE
"APOL1","D2_late_increasing","clean_D2",1,"all_6_donors_n11",100,0.210248419055036,0.98,0.53,TRUE
"SMPD1","D2_late_increasing","clean_D2",1,"five_donors_n43",100,0.177370204800462,1,0.32,TRUE
"SMPD1","D2_late_increasing","clean_D2",1,"all_6_donors_n11",100,0.212965697511452,0.99,0.59,TRUE
"MRPL55","D2_late_increasing","none",1,"five_donors_n43",100,0.187399381313405,1,0.41,TRUE
"MRPL55","D2_late_increasing","none",1,"all_6_donors_n11",100,0.0545997563613995,0.72,0.06,FALSE
"RPN1","D2_late_increasing","clean_D2",1,"all_6_donors_n11",100,0.218656258100551,0.98,0.56,TRUE
"RPN1","D2_late_increasing","clean_D2",1,"five_donors_n43",100,0.238542806332232,1,0.8,TRUE
"FRZB","D2_late_increasing","clean_D2",1,"all_6_donors_n11",100,0.242670398131689,0.99,0.72,TRUE
"FRZB","D2_late_increasing","clean_D2",1,"five_donors_n43",100,0.210463475469394,1,0.64,TRUE
"CLIP1","D2_late_increasing","clean_D2",1,"all_6_donors_n11",100,0.232768847805298,1,0.63,TRUE
"CLIP1","D2_late_increasing","clean_D2",1,"five_donors_n43",100,0.198276765632966,1,0.48,TRUE
"TMEM263","D2_late_increasing","clean_D2",1,"all_6_donors_n11",100,0.101483258569341,0.82,0.18,TRUE
"TMEM263","D2_late_increasing","clean_D2",1,"five_donors_n43",100,0.17106187598825,1,0.21,TRUE
"CYC1","D2_late_increasing","clean_D2",1,"all_6_donors_n11",100,0.0680030200402917,0.78,0.12,FALSE
"CYC1","D2_late_increasing","clean_D2",1,"five_donors_n43",100,0.147883074864233,1,0.14,TRUE
"DGCR6L","D2_late_increasing","clean_D2",1,"all_6_donors_n11",100,0.208761892306343,0.94,0.51,TRUE
"DGCR6L","D2_late_increasing","clean_D2",1,"five_donors_n43",100,0.152564732245388,0.99,0.08,TRUE
"R3HDM4","D2_late_increasing","clean_D2",1,"all_6_donors_n11",100,0.194265992975247,0.94,0.47,TRUE
"R3HDM4","D2_late_increasing","clean_D2",1,"five_donors_n43",100,0.153300556585614,0.99,0.18,TRUE
"LSM7","D2_late_increasing","clean_D2",1,"all_6_donors_n11",100,0.121347350174779,0.88,0.31,TRUE
"LSM7","D2_late_increasing","clean_D2",1,"five_donors_n43",100,0.116626642770882,1,0.08,TRUE
"CARM1","D2_late_increasing","clean_D2",1,"all_6_donors_n11",100,0.155653772175125,0.97,0.31,TRUE
"CARM1","D2_late_increasing","clean_D2",1,"five_donors_n43",100,0.204699805689741,1,0.52,TRUE
"KCTD12","D2_late_increasing","clean_D2",1,"all_6_donors_n11",100,0.203422749241331,0.97,0.53,TRUE
"KCTD12","D2_late_increasing","clean_D2",1,"five_donors_n43",100,0.170404186665491,1,0.22,TRUE
"SLC25A5","D2_late_increasing","clean_D2",1,"all_6_donors_n11",100,0.135611637339953,0.92,0.27,TRUE
"SLC25A5","D2_late_increasing","clean_D2",1,"five_donors_n43",100,0.153150890800403,1,0.1,TRUE
"CHMP1A","D2_late_increasing","clean_D2",1,"all_6_donors_n11",100,0.235012284311085,1,0.62,TRUE
"CHMP1A","D2_late_increasing","clean_D2",1,"five_donors_n43",100,0.194648854622554,1,0.44,TRUE
"ABHD17A","D2_late_increasing","clean_D2",1,"five_donors_n43",100,0.178825840438442,1,0.33,TRUE
"ABHD17A","D2_late_increasing","clean_D2",1,"all_6_donors_n11",100,0.0976863763487992,0.87,0.18,TRUE
"COX7A1","D2_late_increasing","clean_D2",1,"all_6_donors_n11",100,0.212120524676453,0.98,0.52,TRUE
"COX7A1","D2_late_increasing","clean_D2",1,"five_donors_n43",100,0.198781196608996,1,0.48,TRUE
"TIAM2","D2_late_increasing","clean_D2",1,"all_6_donors_n11",100,0.132820218447346,0.86,0.23,TRUE
"TIAM2","D2_late_increasing","clean_D2",1,"five_donors_n43",100,0.187995914101398,1,0.44,TRUE
"AURKAIP1","D2_late_increasing","clean_D2",1,"all_6_donors_n11",100,0.196276860580521,0.96,0.5,TRUE
"AURKAIP1","D2_late_increasing","clean_D2",1,"five_donors_n43",100,0.184118861466398,1,0.39,TRUE
"SLC31A1","D2_late_increasing","clean_D2",1,"all_6_donors_n11",100,0.166024522874182,0.94,0.39,TRUE
"SLC31A1","D2_late_increasing","clean_D2",1,"five_donors_n43",100,0.19983701659101,1,0.5,TRUE
"ARFGAP3","D2_late_increasing","clean_D2",1,"all_6_donors_n11",100,0.210830843243247,0.96,0.56,TRUE
"ARFGAP3","D2_late_increasing","clean_D2",1,"five_donors_n43",100,0.235784635367907,1,0.69,TRUE
"NME3","D2_late_increasing","clean_D2",1,"all_6_donors_n11",100,0.0458371581414729,0.72,0.05,FALSE
"NME3","D2_late_increasing","clean_D2",1,"five_donors_n43",100,0.124206210612743,1,0.1,TRUE
"MRPL41","D2_late_increasing","none",1,"all_6_donors_n11",100,0.155539879576994,0.92,0.35,TRUE
"MRPL41","D2_late_increasing","none",1,"five_donors_n43",100,0.200020587427287,1,0.5,TRUE
"UFC1","D2_late_increasing","clean_D2",1,"all_6_donors_n11",100,0.230314895807232,0.99,0.59,TRUE
"UFC1","D2_late_increasing","clean_D2",1,"five_donors_n43",100,0.214159283525028,1,0.57,TRUE
"NDUFA2","D2_late_increasing","clean_D2",1,"all_6_donors_n11",100,0.194924941950031,0.96,0.46,TRUE
"NDUFA2","D2_late_increasing","clean_D2",1,"five_donors_n43",100,0.156150355515668,1,0.19,TRUE
"FSCN1","D2_late_increasing","clean_D2",1,"all_6_donors_n11",100,0.137681381731785,0.84,0.29,TRUE
"FSCN1","D2_late_increasing","clean_D2",1,"five_donors_n43",100,0.196784320915249,1,0.47,TRUE
"DLG1","D2_late_increasing","clean_D2",1,"all_6_donors_n11",100,0.0773462323199336,0.72,0.07,FALSE
"DLG1","D2_late_increasing","clean_D2",1,"five_donors_n43",100,0.133449219321025,1,0.16,TRUE
"PCED1A","D2_late_increasing","clean_D2",1,"all_6_donors_n11",100,0.173651063413171,0.97,0.42,TRUE
"PCED1A","D2_late_increasing","clean_D2",1,"five_donors_n43",100,0.227799568577412,1,0.79,TRUE
"BLOC1S1","D2_late_increasing","clean_D2",1,"five_donors_n43",100,0.200996496459368,1,0.53,TRUE
"BLOC1S1","D2_late_increasing","clean_D2",1,"all_6_donors_n11",100,0.196874863624439,0.96,0.49,TRUE
"COL8A2","D2_late_increasing","clean_D2",1,"five_donors_n43",100,0.11284120309779,1,0.02,TRUE
"COL8A2","D2_late_increasing","clean_D2",1,"all_6_donors_n11",100,0.121913094767268,0.87,0.15,TRUE
"LZTS1","D2_late_increasing","clean_D2",1,"five_donors_n43",100,0.169350334180942,1,0.25,TRUE
"LZTS1","D2_late_increasing","clean_D2",1,"all_6_donors_n11",100,0.159326409138817,0.95,0.32,TRUE
"LSP1","D2_late_increasing","clean_D2",1,"all_6_donors_n11",100,0.155416385467721,0.92,0.31,TRUE
"LSP1","D2_late_increasing","clean_D2",1,"five_donors_n43",100,0.0997126953291169,0.95,0.01,TRUE
"KIF1C","D2_late_increasing","clean_D2",1,"all_6_donors_n11",100,0.0806055942158098,0.75,0.13,FALSE
"KIF1C","D2_late_increasing","clean_D2",1,"five_donors_n43",100,0.145668557659667,1,0.11,TRUE
"CMTM3","D2_late_increasing","clean_D2",1,"five_donors_n43",100,0.179408479796057,1,0.29,TRUE
"CMTM3","D2_late_increasing","clean_D2",1,"all_6_donors_n11",100,0.0968626278197583,0.85,0.12,TRUE
"WDR46","D2_late_increasing","clean_D2",1,"five_donors_n43",100,0.121198422893892,0.99,0.05,TRUE
"WDR46","D2_late_increasing","clean_D2",1,"all_6_donors_n11",100,0.125693291680215,0.82,0.29,TRUE
"EFHD2","D2_late_increasing","clean_D2",1,"all_6_donors_n11",100,0.181032558798299,0.95,0.48,TRUE
"EFHD2","D2_late_increasing","clean_D2",1,"five_donors_n43",100,0.209867327473336,1,0.64,TRUE
"MGP","D2_late_increasing","clean_D2",1,"all_6_donors_n11",100,0.280755235418035,1,0.8,TRUE
"MGP","D2_late_increasing","clean_D2",1,"five_donors_n43",100,0.250948798228615,1,0.87,TRUE
"XPOT","D2_late_increasing","clean_D2",1,"five_donors_n43",100,0.211983088332314,1,0.6,TRUE
"XPOT","D2_late_increasing","clean_D2",1,"all_6_donors_n11",100,0.227807735633998,0.939393939393939,0.595959595959596,TRUE
"PKIG","D2_late_increasing","clean_D2",1,"five_donors_n43",100,0.189805616784615,1,0.4,TRUE
"PKIG","D2_late_increasing","clean_D2",1,"all_6_donors_n11",100,0.217517778047576,0.98,0.58,TRUE
"BCL3","D2_late_increasing","clean_D2",1,"all_6_donors_n11",100,0.242962432534902,1,0.68,TRUE
"BCL3","D2_late_increasing","clean_D2",1,"five_donors_n43",100,0.232210261008637,1,0.78,TRUE
"ARHGDIA","D2_late_increasing","clean_D2",1,"all_6_donors_n11",100,0.104067715612941,0.83,0.19,TRUE
"ARHGDIA","D2_late_increasing","clean_D2",1,"five_donors_n43",100,0.128080773064197,1,0.09,TRUE
"ZNF428","D2_late_increasing","clean_D2",1,"five_donors_n43",100,0.161531363219202,1,0.18,TRUE
"ZNF428","D2_late_increasing","clean_D2",1,"all_6_donors_n11",100,0.105212456141225,0.83,0.09,TRUE
"LOXL2","D2_late_increasing","clean_D2",1,"five_donors_n43",100,0.108850621689832,0.97,0.07,TRUE
"LOXL2","D2_late_increasing","clean_D2",1,"all_6_donors_n11",100,0.0966691166532436,0.76,0.18,FALSE
"UQCR10","D2_late_increasing","clean_D2",1,"five_donors_n43",100,0.24589214853137,1,0.83,TRUE
"UQCR10","D2_late_increasing","clean_D2",1,"all_6_donors_n11",100,0.25812165762868,0.99,0.64,TRUE
"RAB7B","D2_late_increasing","clean_D2",1,"all_6_donors_n11",100,0.110190827706339,0.91,0.25,TRUE
"RAB7B","D2_late_increasing","clean_D2",1,"five_donors_n43",100,0.150936041060331,1,0.15,TRUE
"RABAC1","D2_late_increasing","clean_D2",1,"all_6_donors_n11",100,0.141627057760846,0.87,0.29,TRUE
"RABAC1","D2_late_increasing","clean_D2",1,"five_donors_n43",100,0.174611333952459,0.99,0.29,TRUE
"DPM3","D2_late_increasing","clean_D2",1,"all_6_donors_n11",100,0.152971380766041,0.9,0.36,TRUE
"DPM3","D2_late_increasing","clean_D2",1,"five_donors_n43",100,0.144437179330943,0.99,0.09,TRUE
"CSTB","D2_late_increasing","clean_D2",1,"five_donors_n43",100,0.163037548831196,1,0.15,TRUE
"CSTB","D2_late_increasing","clean_D2",1,"all_6_donors_n11",100,0.183427748530511,0.97,0.45,TRUE
"TMUB1","D2_late_increasing","clean_D2",1,"all_6_donors_n11",100,0.149366282861604,0.95,0.28,TRUE
"TMUB1","D2_late_increasing","clean_D2",1,"five_donors_n43",100,0.207300663941789,1,0.61,TRUE
"PSMB9","D2_late_increasing","clean_D2",1,"all_6_donors_n11",100,0.202675856453573,0.98,0.51,TRUE
"PSMB9","D2_late_increasing","clean_D2",1,"five_donors_n43",100,0.174314424700997,1,0.25,TRUE
"AP1S1","D2_late_increasing","clean_D2",1,"all_6_donors_n11",100,0.235536854282263,0.97,0.73,TRUE
"AP1S1","D2_late_increasing","clean_D2",1,"five_donors_n43",100,0.231637545793172,1,0.74,TRUE
"MYL6","D2_late_increasing","clean_D2",1,"five_donors_n43",100,0.111150642676268,0.99,0.08,TRUE
"MYL6","D2_late_increasing","clean_D2",1,"all_6_donors_n11",100,0.141711414799877,0.86,0.31,TRUE
"LIMK1","D2_late_increasing","clean_D2",1,"all_6_donors_n11",100,0.147617639938157,0.91,0.34,TRUE
"LIMK1","D2_late_increasing","clean_D2",1,"five_donors_n43",100,0.177665507448298,1,0.36,TRUE
"GBP2","D2_late_increasing","clean_D2",1,"all_6_donors_n11",100,0.229370798079029,0.99,0.65,TRUE
"GBP2","D2_late_increasing","clean_D2",1,"five_donors_n43",100,0.213735635197904,1,0.72,TRUE
"AMPD2","D2_late_increasing","clean_D2",1,"all_6_donors_n11",100,0.158587071217262,0.878787878787879,0.303030303030303,TRUE
"AMPD2","D2_late_increasing","clean_D2",1,"five_donors_n43",100,0.121626289480209,0.98,0.03,TRUE
"BEST1","D2_late_increasing","clean_D2",1,"five_donors_n43",100,0.185874014021323,1,0.41,TRUE
"BEST1","D2_late_increasing","clean_D2",1,"all_6_donors_n11",100,0.0143037343133695,0.54,0.02,FALSE
"CUEDC2","D2_late_increasing","clean_D2",1,"five_donors_n43",100,0.176061250220653,1,0.34,TRUE
"CUEDC2","D2_late_increasing","clean_D2",1,"all_6_donors_n11",100,0.170624923925556,0.93,0.44,TRUE
"ILF2","D2_late_increasing","clean_D2",1,"all_6_donors_n11",100,0.127388578235898,0.91,0.22,TRUE
"ILF2","D2_late_increasing","clean_D2",1,"five_donors_n43",100,0.146347131811558,1,0.19,TRUE
"TUBA1B","D2_late_increasing","clean_D2",1,"all_6_donors_n11",100,0.300830093396071,1,0.76,TRUE
"TUBA1B","D2_late_increasing","clean_D2",1,"five_donors_n43",100,0.224260174853178,1,0.62,TRUE
"SAC3D1","D2_late_increasing","clean_D2",1,"all_6_donors_n11",100,0.17994485466769,0.91,0.46,TRUE
"SAC3D1","D2_late_increasing","clean_D2",1,"five_donors_n43",100,0.215079910425629,1,0.65,TRUE
"GDI2","D2_late_increasing","clean_D2",1,"five_donors_n43",100,0.177400677806254,1,0.33,TRUE
"GDI2","D2_late_increasing","clean_D2",1,"all_6_donors_n11",100,0.142518363618139,0.93,0.32,TRUE
"DCTD","D2_late_increasing","clean_D2",1,"all_6_donors_n11",100,0.16733690581649,0.91,0.33,TRUE
"DCTD","D2_late_increasing","clean_D2",1,"five_donors_n43",100,0.165794196189083,1,0.2,TRUE
"FAM127A","D2_late_increasing","clean_D2",1,"all_6_donors_n11",100,0.184582678103444,0.92,0.47,TRUE
"FAM127A","D2_late_increasing","clean_D2",1,"five_donors_n43",100,0.0951089139009168,0.98,0.02,TRUE
"RPN2","D2_late_increasing","clean_D2",1,"all_6_donors_n11",100,0.17226148197535,0.98,0.42,TRUE
"RPN2","D2_late_increasing","clean_D2",1,"five_donors_n43",100,0.157706627716787,0.99,0.16,TRUE
"ATP5E","D2_late_increasing","clean_D2",1,"five_donors_n43",100,0.220178878418845,1,0.65,TRUE
"ATP5E","D2_late_increasing","clean_D2",1,"all_6_donors_n11",100,0.260443946029455,1,0.74,TRUE
"CDC42EP1","D2_late_increasing","clean_D2",1,"all_6_donors_n11",100,0.16828962804166,0.97,0.36,TRUE
"CDC42EP1","D2_late_increasing","clean_D2",1,"five_donors_n43",100,0.209237389630234,1,0.62,TRUE
"PUF60","D2_late_increasing","clean_D2",1,"all_6_donors_n11",100,0.212473847452929,0.98,0.55,TRUE
"PUF60","D2_late_increasing","clean_D2",1,"five_donors_n43",100,0.197328334230593,1,0.48,TRUE
"INPPL1","D2_late_increasing","clean_D2",1,"all_6_donors_n11",100,0.188846733836592,0.93,0.43,TRUE
"INPPL1","D2_late_increasing","clean_D2",1,"five_donors_n43",100,0.188454052181615,1,0.39,TRUE
"MYL6B","D2_late_increasing","clean_D2",1,"five_donors_n43",100,0.196869904783776,1,0.45,TRUE
"MYL6B","D2_late_increasing","clean_D2",1,"all_6_donors_n11",100,0.15487052865953,0.92,0.33,TRUE
"PKN1","D2_late_increasing","clean_D2",1,"five_donors_n43",100,0.227014924608891,1,0.74,TRUE
"PKN1","D2_late_increasing","clean_D2",1,"all_6_donors_n11",100,0.170836796428274,0.96,0.37,TRUE
"LTBP2","D2_late_increasing","clean_D2",1,"five_donors_n43",100,0.242026736627569,1,0.79,TRUE
"LTBP2","D2_late_increasing","clean_D2",1,"all_6_donors_n11",100,0.239165560080796,0.98989898989899,0.626262626262626,TRUE
"COL15A1","D2_late_increasing","clean_D2",1,"all_6_donors_n11",100,0.123378887363237,0.91,0.22,TRUE
"COL15A1","D2_late_increasing","clean_D2",1,"five_donors_n43",100,0.146228697070352,1,0.07,TRUE
"NOP10","D2_late_increasing","clean_D2",1,"all_6_donors_n11",100,0.230352578048283,0.97,0.63,TRUE
"NOP10","D2_late_increasing","clean_D2",1,"five_donors_n43",100,0.204939797749019,1,0.53,TRUE
"RAB11FIP5","D2_late_increasing","clean_D2",1,"five_donors_n43",100,0.204633874498615,1,0.53,TRUE
"RAB11FIP5","D2_late_increasing","clean_D2",1,"all_6_donors_n11",100,0.22349840242436,0.96,0.55,TRUE
"OXLD1","D2_late_increasing","clean_D2",1,"five_donors_n43",100,0.238483155514587,1,0.76,TRUE
"OXLD1","D2_late_increasing","clean_D2",1,"all_6_donors_n11",100,0.166619603881642,0.93,0.43,TRUE
"DNM3OS","D2_late_increasing","clean_D2",1,"all_6_donors_n11",100,0.188181146886543,0.88,0.45,TRUE
"DNM3OS","D2_late_increasing","clean_D2",1,"five_donors_n43",100,0.15104686755015,1,0.2,TRUE
"LRRC75A","D2_late_increasing","clean_D2",1,"all_6_donors_n11",100,0.150934415335357,0.9,0.3,TRUE
"LRRC75A","D2_late_increasing","clean_D2",1,"five_donors_n43",100,0.218387749949586,1,0.63,TRUE
"XXYLT1","D2_late_increasing","clean_D2",1,"five_donors_n43",100,0.207963185359194,1,0.54,TRUE
"XXYLT1","D2_late_increasing","clean_D2",1,"all_6_donors_n11",100,0.151185572282413,0.89,0.3,TRUE
"GCN1","D2_late_increasing","clean_D2",1,"five_donors_n43",100,0.151973882441647,1,0.15,TRUE
"GCN1","D2_late_increasing","clean_D2",1,"all_6_donors_n11",100,0.191980079070173,0.95,0.46,TRUE
"FAAP100","D2_late_increasing","clean_D2",1,"all_6_donors_n11",100,0.0874274740055545,0.82,0.19,TRUE
"FAAP100","D2_late_increasing","clean_D2",1,"five_donors_n43",100,0.131260504673236,1,0.05,TRUE
"PTGDS","D2_late_increasing","clean_D2",1,"all_6_donors_n11",100,0.28818167112671,1,0.85,TRUE
"PTGDS","D2_late_increasing","clean_D2",1,"five_donors_n43",100,0.244129892207732,1,0.88,TRUE
"CCL27","D2_late_increasing","clean_D2",1,"five_donors_n43",100,0.153900303306996,1,0.19,TRUE
"CCL27","D2_late_increasing","clean_D2",1,"all_6_donors_n11",100,0.03144005010837,0.69,0.05,FALSE
"CAPG","D2_late_increasing","clean_D2",1,"five_donors_n43",100,0.204171151658352,1,0.53,TRUE
"CAPG","D2_late_increasing","clean_D2",1,"all_6_donors_n11",100,0.255741840289358,0.98,0.72,TRUE
"MYC","D2_late_increasing","clean_D2",1,"five_donors_n43",100,0.102760559281614,1,0.01,TRUE
"MYC","D2_late_increasing","clean_D2",1,"all_6_donors_n11",100,0.10070075527084,0.77,0.19,FALSE
"MDFI","D2_late_increasing","clean_D2",1,"all_6_donors_n11",100,0.211031804386843,0.94,0.54,TRUE
"MDFI","D2_late_increasing","clean_D2",1,"five_donors_n43",100,0.154784899626394,1,0.2,TRUE
"B4GALT7","D2_late_increasing","clean_D2",1,"all_6_donors_n11",100,0.188953406664963,0.99,0.45,TRUE
"B4GALT7","D2_late_increasing","clean_D2",1,"five_donors_n43",100,0.163536608316775,1,0.17,TRUE
"PSMD8","D2_late_increasing","clean_D2",1,"all_6_donors_n11",100,0.0943972482030371,0.83,0.22,TRUE
"PSMD8","D2_late_increasing","clean_D2",1,"five_donors_n43",100,0.129024187561095,0.99,0.05,TRUE
"IMP4","D2_late_increasing","clean_D2",1,"five_donors_n43",100,0.194620741966121,1,0.43,TRUE
"IMP4","D2_late_increasing","clean_D2",1,"all_6_donors_n11",100,0.247203083468336,0.99,0.65,TRUE
"APRT","D2_late_increasing","clean_D2",1,"all_6_donors_n11",100,0.157475936101436,0.87,0.34,TRUE
"APRT","D2_late_increasing","clean_D2",1,"five_donors_n43",100,0.168271760988925,1,0.23,TRUE
"PTGES2","D2_late_increasing","clean_D2",1,"all_6_donors_n11",100,0.206551452661753,0.93,0.52,TRUE
"PTGES2","D2_late_increasing","clean_D2",1,"five_donors_n43",100,0.184489857071359,1,0.36,TRUE
"SLC35E1","D2_late_increasing","clean_D2",1,"all_6_donors_n11",100,0.255904748026289,0.99,0.63,TRUE
"SLC35E1","D2_late_increasing","clean_D2",1,"five_donors_n43",100,0.210145667347164,1,0.58,TRUE
"ANO1","D2_late_increasing","clean_D2",1,"five_donors_n43",100,0.200228507688613,1,0.51,TRUE
"ANO1","D2_late_increasing","clean_D2",1,"all_6_donors_n11",100,0.216969630263569,0.95959595959596,0.595959595959596,TRUE
"SEC61B","D2_late_increasing","clean_D2",1,"all_6_donors_n11",100,0.189439937190609,0.95,0.47,TRUE
"SEC61B","D2_late_increasing","clean_D2",1,"five_donors_n43",100,0.205462130910741,1,0.57,TRUE
"TTC3","D2_late_increasing","clean_D2",1,"all_6_donors_n11",100,0.128937996998808,0.86,0.24,TRUE
"TTC3","D2_late_increasing","clean_D2",1,"five_donors_n43",100,0.180717652612966,1,0.33,TRUE
"POLR2G","D2_late_increasing","clean_D2",1,"all_6_donors_n11",100,0.147367222586345,0.97,0.29,TRUE
"POLR2G","D2_late_increasing","clean_D2",1,"five_donors_n43",100,0.255632803692283,1,0.88,TRUE
"TIMM13","D2_late_increasing","clean_D2",1,"five_donors_n43",100,0.195815598030251,1,0.47,TRUE
"TIMM13","D2_late_increasing","clean_D2",1,"all_6_donors_n11",100,0.236239719586027,1,0.66,TRUE
"TMED2","D2_late_increasing","clean_D2",1,"five_donors_n43",100,0.19004004558225,1,0.4,TRUE
"TMED2","D2_late_increasing","clean_D2",1,"all_6_donors_n11",100,0.142431233017235,0.92,0.27,TRUE
"MMP14","D2_late_increasing","clean_D2",1,"all_6_donors_n11",100,0.203403366242613,0.92,0.51,TRUE
"MMP14","D2_late_increasing","clean_D2",1,"five_donors_n43",100,0.206976188459013,1,0.58,TRUE
"UBA1","D2_late_increasing","clean_D2",1,"all_6_donors_n11",100,0.134855399045996,0.89,0.23,TRUE
"UBA1","D2_late_increasing","clean_D2",1,"five_donors_n43",100,0.15610037167379,1,0.19,TRUE
"APLNR","D2_late_increasing","clean_D2",1,"all_6_donors_n11",100,0.224949527441684,0.99,0.66,TRUE
"APLNR","D2_late_increasing","clean_D2",1,"five_donors_n43",100,0.245004779286819,1,0.91,TRUE
"DGKZ","D2_late_increasing","clean_D2",1,"five_donors_n43",100,0.205913166086192,1,0.56,TRUE
"DGKZ","D2_late_increasing","clean_D2",1,"all_6_donors_n11",100,0.202073117820427,0.94,0.51,TRUE
"ELN","D2_late_increasing","clean_D2",1,"all_6_donors_n11",100,0.246116267833877,0.99,0.69,TRUE
"ELN","D2_late_increasing","clean_D2",1,"five_donors_n43",100,0.256309335203367,1,0.89,TRUE
"PRELID1","D2_late_increasing","clean_D2",1,"all_6_donors_n11",100,0.279977989862431,0.99,0.74,TRUE
"PRELID1","D2_late_increasing","clean_D2",1,"five_donors_n43",100,0.227064499115121,1,0.71,TRUE
"SIRT2","D2_late_increasing","clean_D2",1,"all_6_donors_n11",100,0.181429797306762,0.98,0.39,TRUE
"SIRT2","D2_late_increasing","clean_D2",1,"five_donors_n43",100,0.17127135427782,1,0.23,TRUE
"IL32","D2_late_increasing","clean_D2",1,"five_donors_n43",100,0.194600943589677,1,0.46,TRUE
"IL32","D2_late_increasing","clean_D2",1,"all_6_donors_n11",100,0.223019042682187,0.98,0.63,TRUE
"CHRD","D2_late_increasing","clean_D2",1,"all_6_donors_n11",100,0.243679858704158,1,0.66,TRUE
"CHRD","D2_late_increasing","clean_D2",1,"five_donors_n43",100,0.246051724488186,1,0.87,TRUE
"BAX","D2_late_increasing","clean_D2",1,"all_6_donors_n11",100,0.121962837156921,0.89,0.24,TRUE
"BAX","D2_late_increasing","clean_D2",1,"five_donors_n43",100,0.154060607519219,1,0.2,TRUE
"PLEKHO1","D2_late_increasing","clean_D2",1,"all_6_donors_n11",100,0.10064717638124,0.88,0.11,TRUE
"PLEKHO1","D2_late_increasing","clean_D2",1,"five_donors_n43",100,0.205530457872822,1,0.53,TRUE
"TSPAN4","D2_late_increasing","clean_D2",1,"five_donors_n43",100,0.221748781717415,1,0.7,TRUE
"TSPAN4","D2_late_increasing","clean_D2",1,"all_6_donors_n11",100,0.239592005555004,0.98,0.65,TRUE
"TCEB2","D2_late_increasing","clean_D2",1,"five_donors_n43",100,0.194114489078957,1,0.44,TRUE
"TCEB2","D2_late_increasing","clean_D2",1,"all_6_donors_n11",100,0.231727494239303,0.98,0.67,TRUE
"ATP8B2","D2_late_increasing","clean_D2",1,"five_donors_n43",100,0.22603851253618,1,0.68,TRUE
"ATP8B2","D2_late_increasing","clean_D2",1,"all_6_donors_n11",100,0.267468835631254,0.97,0.78,TRUE
"ATP6V0E1","D2_late_increasing","clean_D2",1,"all_6_donors_n11",100,0.109220643452667,0.82,0.23,TRUE
"ATP6V0E1","D2_late_increasing","clean_D2",1,"five_donors_n43",100,0.170535377054137,0.99,0.31,TRUE
"SPOP","D2_late_increasing","clean_D2",1,"all_6_donors_n11",100,0.217883012010829,1,0.58,TRUE
"SPOP","D2_late_increasing","clean_D2",1,"five_donors_n43",100,0.200457844371931,1,0.51,TRUE
"DUSP23","D2_late_increasing","clean_D2",1,"five_donors_n43",100,0.162973794140992,0.99,0.21,TRUE
"DUSP23","D2_late_increasing","clean_D2",1,"all_6_donors_n11",100,0.143231006981632,0.92,0.29,TRUE
"CCND2","D2_late_increasing","clean_D2",1,"five_donors_n43",100,0.168030871363274,0.99,0.24,TRUE
"CCND2","D2_late_increasing","clean_D2",1,"all_6_donors_n11",100,0.159767028079966,0.94,0.33,TRUE
"SLC3A2","D2_late_increasing","clean_D2",1,"all_6_donors_n11",100,0.163779706385653,0.94,0.37,TRUE
"SLC3A2","D2_late_increasing","clean_D2",1,"five_donors_n43",100,0.178839185355279,1,0.32,TRUE
"TMEM205","D2_late_increasing","clean_D2",1,"all_6_donors_n11",100,0.270447715426035,0.99,0.81,TRUE
"TMEM205","D2_late_increasing","clean_D2",1,"five_donors_n43",100,0.240967594879273,1,0.87,TRUE
"COMMD7","D2_late_increasing","clean_D2",1,"five_donors_n43",100,0.187137486092617,0.99,0.42,TRUE
"COMMD7","D2_late_increasing","clean_D2",1,"all_6_donors_n11",100,0.223730366155421,0.98,0.64,TRUE
"UBTD1","D2_late_increasing","clean_D2",1,"five_donors_n43",100,0.212954885278997,1,0.63,TRUE
"UBTD1","D2_late_increasing","clean_D2",1,"all_6_donors_n11",100,0.251319476307428,1,0.72,TRUE
"SPNS1","D2_late_increasing","clean_D2",1,"all_6_donors_n11",100,0.169709253554571,1,0.39,TRUE
"SPNS1","D2_late_increasing","clean_D2",1,"five_donors_n43",100,0.23540225248741,1,0.85,TRUE
"MRGPRF","D2_late_increasing","clean_D2",1,"all_6_donors_n11",100,0.135597414096957,0.94,0.16,TRUE
"MRGPRF","D2_late_increasing","clean_D2",1,"five_donors_n43",100,0.209595025807836,1,0.58,TRUE
"PIGP","D2_late_increasing","clean_D2",1,"five_donors_n43",100,0.196982878035741,1,0.46,TRUE
"PIGP","D2_late_increasing","clean_D2",1,"all_6_donors_n11",100,0.198064997714264,0.96,0.49,TRUE
"DDT","D2_late_increasing","clean_D2",1,"five_donors_n43",100,0.259316193971652,1,0.86,TRUE
"DDT","D2_late_increasing","clean_D2",1,"all_6_donors_n11",100,0.197499953268063,0.99,0.49,TRUE
"CPNE1","D2_late_increasing","clean_D2",1,"five_donors_n43",100,0.237356290084386,1,0.78,TRUE
"CPNE1","D2_late_increasing","clean_D2",1,"all_6_donors_n11",100,0.183198115330282,0.96,0.43,TRUE
"TSPAN9","D2_late_increasing","clean_D2",1,"all_6_donors_n11",100,0.273000742277876,0.97,0.73,TRUE
"TSPAN9","D2_late_increasing","clean_D2",1,"five_donors_n43",100,0.262151816907675,1,0.87,TRUE
"NDUFA13","D2_late_increasing","clean_D2",1,"five_donors_n43",100,0.191086464199662,1,0.41,TRUE
"NDUFA13","D2_late_increasing","clean_D2",1,"all_6_donors_n11",100,0.267446536345073,0.98,0.66,TRUE
"PTPN14","D2_late_increasing","clean_D2",1,"five_donors_n43",100,0.1019451072494,0.98,0.01,TRUE
"PTPN14","D2_late_increasing","clean_D2",1,"all_6_donors_n11",100,0.103115305288092,0.81,0.16,TRUE
"MXD4","D2_late_increasing","clean_D2",1,"five_donors_n43",100,0.190023866592477,1,0.4,TRUE
"MXD4","D2_late_increasing","clean_D2",1,"all_6_donors_n11",100,0.187324360245299,0.92,0.46,TRUE
"PPP2R1A","D2_late_increasing","clean_D2",1,"all_6_donors_n11",100,0.164389095688837,0.93,0.39,TRUE
"PPP2R1A","D2_late_increasing","clean_D2",1,"five_donors_n43",100,0.170614762764467,1,0.26,TRUE
"ACAN","D2_late_increasing","clean_D2",1,"five_donors_n43",100,0.135126203425781,1,0.09,TRUE
"ACAN","D2_late_increasing","clean_D2",1,"all_6_donors_n11",100,0.166158478328832,0.87,0.36,TRUE
"STARD10","D2_late_increasing","clean_D2",1,"five_donors_n43",100,0.188430280255713,1,0.38,TRUE
"STARD10","D2_late_increasing","clean_D2",1,"all_6_donors_n11",100,0.167483472748987,0.93,0.37,TRUE
"TCEAL8","D2_late_increasing","clean_D2",1,"five_donors_n43",100,0.157609959688294,1,0.15,TRUE
"TCEAL8","D2_late_increasing","clean_D2",1,"all_6_donors_n11",100,0.184061817356585,0.92,0.45,TRUE
"NUDT22","D2_late_increasing","clean_D2",1,"all_6_donors_n11",100,0.0959052171515209,0.84,0.13,TRUE
"NUDT22","D2_late_increasing","clean_D2",1,"five_donors_n43",100,0.176426660043301,1,0.37,TRUE
"TACSTD2","D2_late_increasing","clean_D2",1,"five_donors_n43",100,0.199461280092908,1,0.49,TRUE
"TACSTD2","D2_late_increasing","clean_D2",1,"all_6_donors_n11",100,0.23714798830242,0.96,0.63,TRUE
"CD248","D2_late_increasing","clean_D2",1,"five_donors_n43",100,0.198236282636881,1,0.47,TRUE
"CD248","D2_late_increasing","clean_D2",1,"all_6_donors_n11",100,0.204724133568556,0.97,0.51,TRUE
"GOLGA2","D2_late_increasing","clean_D2",1,"five_donors_n43",100,0.131802404620691,1,0.08,TRUE
"GOLGA2","D2_late_increasing","clean_D2",1,"all_6_donors_n11",100,0.118897799203514,0.8,0.26,TRUE
"HSD3B7","D2_late_increasing","clean_D2",1,"all_6_donors_n11",100,0.149180838254192,0.96,0.32,TRUE
"HSD3B7","D2_late_increasing","clean_D2",1,"five_donors_n43",100,0.160405605332304,1,0.22,TRUE
"TAX1BP3","D2_late_increasing","clean_D2",1,"all_6_donors_n11",100,0.237067872130546,0.96,0.61,TRUE
"TAX1BP3","D2_late_increasing","clean_D2",1,"five_donors_n43",100,0.223366457282856,1,0.73,TRUE
"GLRX","D2_late_increasing","clean_D2",1,"five_donors_n43",100,0.231938199741549,1,0.74,TRUE
"GLRX","D2_late_increasing","clean_D2",1,"all_6_donors_n11",100,0.248083272238675,0.97,0.69,TRUE
"FAM96B","D2_late_increasing","clean_D2",1,"five_donors_n43",100,0.181180407151583,1,0.37,TRUE
"FAM96B","D2_late_increasing","clean_D2",1,"all_6_donors_n11",100,0.17092411508182,0.96,0.37,TRUE
"CYP1B1","D2_late_increasing","clean_D2",1,"five_donors_n43",100,0.239496901847884,1,0.83,TRUE
"CYP1B1","D2_late_increasing","clean_D2",1,"all_6_donors_n11",100,0.276965094339821,1,0.79,TRUE
"LTBR","D2_late_increasing","clean_D2",1,"all_6_donors_n11",100,0.163982414724513,0.95,0.4,TRUE
"LTBR","D2_late_increasing","clean_D2",1,"five_donors_n43",100,0.222649244045376,1,0.69,TRUE
"SERPINB6","D2_late_increasing","clean_D2",1,"five_donors_n43",100,0.21209119877068,1,0.57,TRUE
"SERPINB6","D2_late_increasing","clean_D2",1,"all_6_donors_n11",100,0.171819237933848,0.91,0.41,TRUE
"MFSD12","D2_late_increasing","clean_D2",1,"five_donors_n43",100,0.194917897648887,1,0.44,TRUE
"MFSD12","D2_late_increasing","clean_D2",1,"all_6_donors_n11",100,0.237217456501425,0.99,0.57,TRUE
"FKBP1A","D2_late_increasing","clean_D2",1,"five_donors_n43",100,0.26077131478584,1,0.82,TRUE
"FKBP1A","D2_late_increasing","clean_D2",1,"all_6_donors_n11",100,0.269086734734407,1,0.8,TRUE
"NCLN","D2_late_increasing","clean_D2",1,"all_6_donors_n11",100,0.200458613191908,0.96,0.51,TRUE
"NCLN","D2_late_increasing","clean_D2",1,"five_donors_n43",100,0.156832841367647,1,0.25,TRUE
"NTM","D2_late_increasing","clean_D2",1,"five_donors_n43",100,0.223561131233926,1,0.66,TRUE
"NTM","D2_late_increasing","clean_D2",1,"all_6_donors_n11",100,0.172448638708173,0.91,0.37,TRUE
"FAM173A","D2_late_increasing","clean_D2",1,"five_donors_n43",100,0.196209019276167,1,0.45,TRUE
"FAM173A","D2_late_increasing","clean_D2",1,"all_6_donors_n11",100,0.163702211237046,0.95,0.35,TRUE
"TMEM141","D2_late_increasing","clean_D2",1,"five_donors_n43",100,0.203297641509308,1,0.55,TRUE
"TMEM141","D2_late_increasing","clean_D2",1,"all_6_donors_n11",100,0.186047526785034,0.89,0.46,TRUE
"RNF181","D2_late_increasing","clean_D2",1,"all_6_donors_n11",100,0.109850081246963,0.87,0.16,TRUE
"RNF181","D2_late_increasing","clean_D2",1,"five_donors_n43",100,0.145679910287396,1,0.13,TRUE
"FBLN2","D2_late_increasing","clean_D2",1,"five_donors_n43",100,0.272296444688274,1,0.97,TRUE
"FBLN2","D2_late_increasing","clean_D2",1,"all_6_donors_n11",100,0.27553484304471,0.99,0.77,TRUE
"CTD-3214H19.16","D2_late_increasing","clean_D2",1,"five_donors_n43",100,0.198721013503779,1,0.49,TRUE
"CTD-3214H19.16","D2_late_increasing","clean_D2",1,"all_6_donors_n11",100,0.13180642122817,0.89,0.28,TRUE
"ARHGAP22","D2_late_increasing","clean_D2",1,"five_donors_n43",100,0.200794322209391,0.99,0.52,TRUE
"ARHGAP22","D2_late_increasing","clean_D2",1,"all_6_donors_n11",100,0.0729249155582142,0.8,0.13,TRUE
"MRPL3","D2_late_increasing","none",1,"all_6_donors_n11",100,0.101854347201926,0.85,0.13,TRUE
"MRPL3","D2_late_increasing","none",1,"five_donors_n43",100,0.132314413356388,1,0.1,TRUE
"YIPF5","D2_late_increasing","clean_D2",1,"all_6_donors_n11",100,0.248339034883179,0.99,0.64,TRUE
"YIPF5","D2_late_increasing","clean_D2",1,"five_donors_n43",100,0.201279085841422,1,0.52,TRUE
"APOBEC3C","D2_late_increasing","clean_D2",1,"five_donors_n43",100,0.157053802229182,1,0.18,TRUE
"APOBEC3C","D2_late_increasing","clean_D2",1,"all_6_donors_n11",100,0.106154301309345,0.85,0.12,TRUE
"PSMB3","D2_late_increasing","clean_D2",1,"five_donors_n43",100,0.266514401047426,1,0.9,TRUE
"PSMB3","D2_late_increasing","clean_D2",1,"all_6_donors_n11",100,0.229650554155181,0.95,0.6,TRUE
"C1orf54","D2_late_increasing","clean_D2",1,"all_6_donors_n11",100,0.1781441193399,0.95,0.41,TRUE
"C1orf54","D2_late_increasing","clean_D2",1,"five_donors_n43",100,0.191176337248109,1,0.35,TRUE
"FAM57A","D2_late_increasing","clean_D2",1,"all_6_donors_n11",100,0.218713305291014,1,0.6,TRUE
"FAM57A","D2_late_increasing","clean_D2",1,"five_donors_n43",100,0.202205944233254,1,0.51,TRUE
"NUDT2","D2_late_increasing","clean_D2",1,"five_donors_n43",100,0.22066467911631,1,0.65,TRUE
"NUDT2","D2_late_increasing","clean_D2",1,"all_6_donors_n11",100,0.232196404065332,0.99,0.65,TRUE
"AP2M1","D2_late_increasing","clean_D2",1,"five_donors_n43",100,0.25357401144555,1,0.83,TRUE
"AP2M1","D2_late_increasing","clean_D2",1,"all_6_donors_n11",100,0.144554176808258,0.92,0.31,TRUE
"MYO18A","D2_late_increasing","clean_D2",1,"all_6_donors_n11",100,0.204216508918821,0.97,0.51,TRUE
"MYO18A","D2_late_increasing","clean_D2",1,"five_donors_n43",100,0.223525569258512,1,0.63,TRUE
"TOMM5","D2_late_increasing","clean_D2",1,"all_6_donors_n11",100,0.185694844614565,0.98,0.47,TRUE
"TOMM5","D2_late_increasing","clean_D2",1,"five_donors_n43",100,0.146005372063299,1,0.09,TRUE
"C1orf216","D2_late_increasing","clean_D2",1,"five_donors_n43",100,0.168164430015172,1,0.33,TRUE
"C1orf216","D2_late_increasing","clean_D2",1,"all_6_donors_n11",100,0.150335713744967,0.89,0.33,TRUE
"ELOVL1","D2_late_increasing","clean_D2",1,"five_donors_n43",100,0.159401445809642,1,0.23,TRUE
"ELOVL1","D2_late_increasing","clean_D2",1,"all_6_donors_n11",100,0.209574504588944,0.92,0.52,TRUE
"MMP24-AS1","D2_late_increasing","clean_D2",1,"five_donors_n43",100,0.274466099601383,1,0.95,TRUE
"MMP24-AS1","D2_late_increasing","clean_D2",1,"all_6_donors_n11",100,0.315826689496401,1,0.82,TRUE
"CCDC85B","D2_late_increasing","clean_D2",1,"all_6_donors_n11",100,0.118475145665834,0.84,0.18,TRUE
"CCDC85B","D2_late_increasing","clean_D2",1,"five_donors_n43",100,0.182047245302623,1,0.34,TRUE
"COX5A","D2_late_increasing","clean_D2",1,"all_6_donors_n11",100,0.304599565718723,1,0.8,TRUE
"COX5A","D2_late_increasing","clean_D2",1,"five_donors_n43",100,0.241351808604683,1,0.78,TRUE
"GTF2H5","D2_late_increasing","clean_D2",1,"all_6_donors_n11",100,0.199810039638621,0.97,0.5,TRUE
"GTF2H5","D2_late_increasing","clean_D2",1,"five_donors_n43",100,0.20936829391601,1,0.57,TRUE
"RALA","D2_late_increasing","clean_D2",1,"five_donors_n43",100,0.159355587892242,1,0.2,TRUE
"RALA","D2_late_increasing","clean_D2",1,"all_6_donors_n11",100,0.187860293972701,0.93,0.44,TRUE
"CTSD","D2_late_increasing","clean_D2",1,"all_6_donors_n11",100,0.147582883771517,0.94,0.24,TRUE
"CTSD","D2_late_increasing","clean_D2",1,"five_donors_n43",100,0.269140182547519,1,0.88,TRUE
"FAM210B","D2_late_increasing","clean_D2",1,"all_6_donors_n11",100,0.25813959252426,0.93,0.68,TRUE
"FAM210B","D2_late_increasing","clean_D2",1,"five_donors_n43",100,0.196317856842493,1,0.48,TRUE
"YKT6","D2_late_increasing","clean_D2",1,"all_6_donors_n11",100,0.207665638291245,1,0.52,TRUE
"YKT6","D2_late_increasing","clean_D2",1,"five_donors_n43",100,0.196571538352921,1,0.47,TRUE
"RP11-492E3.51","D2_late_increasing","clean_D2",1,"five_donors_n43",100,0.197495939618851,1,0.47,TRUE
"RP11-492E3.51","D2_late_increasing","clean_D2",1,"all_6_donors_n11",100,0.135194733632724,0.98,0.27,TRUE
"SEPW1","D2_late_increasing","clean_D2",1,"all_6_donors_n11",100,0.175082636224603,0.94,0.42,TRUE
"SEPW1","D2_late_increasing","clean_D2",1,"five_donors_n43",100,0.167841599770674,1,0.28,TRUE
"PTPRD","D2_late_increasing","clean_D2",1,"all_6_donors_n11",100,0.173078384138715,0.92,0.4,TRUE
"PTPRD","D2_late_increasing","clean_D2",1,"five_donors_n43",100,0.192119738717959,1,0.46,TRUE
"USP11","D2_late_increasing","clean_D2",1,"all_6_donors_n11",100,0.172080549728386,0.94,0.39,TRUE
"USP11","D2_late_increasing","clean_D2",1,"five_donors_n43",100,0.140780701574622,1,0.13,TRUE
"IFNGR2","D2_late_increasing","clean_D2",1,"five_donors_n43",100,0.25770067802598,1,0.84,TRUE
"IFNGR2","D2_late_increasing","clean_D2",1,"all_6_donors_n11",100,0.251252750087214,0.98,0.6,TRUE
"SLC52A2","D2_late_increasing","clean_D2",1,"five_donors_n43",100,0.171305055429669,1,0.25,TRUE
"SLC52A2","D2_late_increasing","clean_D2",1,"all_6_donors_n11",100,0.204582208981498,0.95959595959596,0.515151515151515,TRUE
"CFH","D2_late_increasing","clean_D2",1,"all_6_donors_n11",100,0.202999957298674,0.98,0.52,TRUE
"CFH","D2_late_increasing","clean_D2",1,"five_donors_n43",100,0.203210693370737,1,0.53,TRUE
"PRKAR2A","D2_late_increasing","clean_D2",1,"all_6_donors_n11",100,0.230774121709497,0.99,0.61,TRUE
"PRKAR2A","D2_late_increasing","clean_D2",1,"five_donors_n43",100,0.183450752353811,1,0.35,TRUE
"SNRPC","D2_late_increasing","clean_D2",1,"all_6_donors_n11",100,0.141446535567106,0.88,0.29,TRUE
"SNRPC","D2_late_increasing","clean_D2",1,"five_donors_n43",100,0.227703534577542,1,0.68,TRUE
"CHID1","D2_late_increasing","clean_D2",1,"five_donors_n43",100,0.165766417249436,1,0.19,TRUE
"CHID1","D2_late_increasing","clean_D2",1,"all_6_donors_n11",100,0.131349576941964,0.95,0.18,TRUE
"MSC","D2_late_increasing","clean_D2",1,"all_6_donors_n11",100,0.242797576591485,1,0.68,TRUE
"MSC","D2_late_increasing","clean_D2",1,"five_donors_n43",100,0.226085470496589,1,0.72,TRUE
"DNLZ","D2_late_increasing","clean_D2",1,"all_6_donors_n11",100,0.228412260979316,1,0.63,TRUE
"DNLZ","D2_late_increasing","clean_D2",1,"five_donors_n43",100,0.20825727859237,1,0.57,TRUE
"REXO2","D2_late_increasing","clean_D2",1,"all_6_donors_n11",100,0.254113923230641,1,0.72,TRUE
"REXO2","D2_late_increasing","clean_D2",1,"five_donors_n43",100,0.189441824275278,1,0.45,TRUE
"IFI35","D2_late_increasing","clean_D2",1,"five_donors_n43",100,0.217922003056592,1,0.63,TRUE
"IFI35","D2_late_increasing","clean_D2",1,"all_6_donors_n11",100,0.204733874618433,1,0.52,TRUE
"RAB31","D2_late_increasing","clean_D2",1,"all_6_donors_n11",100,0.247800995952586,0.97,0.62,TRUE
"RAB31","D2_late_increasing","clean_D2",1,"five_donors_n43",100,0.295532828724234,1,0.96,TRUE
"PRDX5","D2_late_increasing","clean_D2",1,"all_6_donors_n11",100,0.228089303392439,0.97,0.62,TRUE
"PRDX5","D2_late_increasing","clean_D2",1,"five_donors_n43",100,0.210867353783475,1,0.57,TRUE
"UFD1L","D2_late_increasing","clean_D2",1,"all_6_donors_n11",100,0.156639278470001,0.88,0.31,TRUE
"UFD1L","D2_late_increasing","clean_D2",1,"five_donors_n43",100,0.189129140176273,1,0.38,TRUE
"ICAM3","D2_late_increasing","clean_D2",1,"five_donors_n43",100,0.235638455319002,1,0.79,TRUE
"ICAM3","D2_late_increasing","clean_D2",1,"all_6_donors_n11",100,0.257071689487971,0.98989898989899,0.717171717171717,TRUE
"SNHG18","D2_late_increasing","clean_D2",1,"five_donors_n43",100,0.235234707931301,1,0.73,TRUE
"SNHG18","D2_late_increasing","clean_D2",1,"all_6_donors_n11",100,0.26567158998154,1,0.76,TRUE
"PSENEN","D2_late_increasing","clean_D2",1,"five_donors_n43",100,0.203380242718867,1,0.56,TRUE
"PSENEN","D2_late_increasing","clean_D2",1,"all_6_donors_n11",100,0.265293806957719,1,0.76,TRUE
"SEC31A","D2_late_increasing","clean_D2",1,"all_6_donors_n11",100,0.101805166821539,0.77,0.22,FALSE
"SEC31A","D2_late_increasing","clean_D2",1,"five_donors_n43",100,0.189999741740012,1,0.43,TRUE
"EPN1","D2_late_increasing","clean_D2",1,"all_6_donors_n11",100,0.247090603875987,0.98,0.62,TRUE
"EPN1","D2_late_increasing","clean_D2",1,"five_donors_n43",100,0.190596339694508,1,0.43,TRUE
"SH3BGRL3","D2_late_increasing","clean_D2",1,"five_donors_n43",100,0.192078015640804,1,0.45,TRUE
"SH3BGRL3","D2_late_increasing","clean_D2",1,"all_6_donors_n11",100,0.233249027044043,0.97,0.64,TRUE
"SAE1","D2_late_increasing","clean_D2",1,"five_donors_n43",100,0.22163200431304,1,0.64,TRUE
"SAE1","D2_late_increasing","clean_D2",1,"all_6_donors_n11",100,0.224851930438801,0.99,0.61,TRUE
"HSPA12B","D2_late_increasing","clean_D2",1,"all_6_donors_n11",100,0.224005501400705,0.98,0.63,TRUE
"HSPA12B","D2_late_increasing","clean_D2",1,"five_donors_n43",100,0.196747858894928,1,0.49,TRUE
"NAA38","D2_late_increasing","clean_D2",1,"all_6_donors_n11",100,0.158167720502516,0.95,0.38,TRUE
"NAA38","D2_late_increasing","clean_D2",1,"five_donors_n43",100,0.148376379272973,1,0.13,TRUE
"CLEC2A","D2_late_increasing","clean_D2",1,"five_donors_n43",100,0.159145792595671,0.99,0.27,TRUE
"CLEC2A","D2_late_increasing","clean_D2",1,"all_6_donors_n11",100,0.219155905867758,0.94,0.55,TRUE
"SEC23A","D2_late_increasing","clean_D2",1,"five_donors_n43",100,0.175659178005876,1,0.3,TRUE
"SEC23A","D2_late_increasing","clean_D2",1,"all_6_donors_n11",100,0.20480141109113,0.95,0.53,TRUE
"TENM4","D2_late_increasing","clean_D2",1,"all_6_donors_n11",100,0.240880781220052,0.98,0.71,TRUE
"TENM4","D2_late_increasing","clean_D2",1,"five_donors_n43",100,0.212650511196599,1,0.64,TRUE
"CILP","D2_late_increasing","clean_D2",1,"all_6_donors_n11",100,0.247745312218474,0.99,0.77,TRUE
"CILP","D2_late_increasing","clean_D2",1,"five_donors_n43",100,0.225239243578799,1,0.78,TRUE
"CCL2","D2_late_increasing","clean_D2",1,"five_donors_n43",100,0.202688676964446,1,0.54,TRUE
"CCL2","D2_late_increasing","clean_D2",1,"all_6_donors_n11",100,0.230339937974942,0.99,0.65,TRUE
"LAMTOR1","D2_late_increasing","clean_D2",1,"five_donors_n43",100,0.243101483603367,1,0.8,TRUE
"LAMTOR1","D2_late_increasing","clean_D2",1,"all_6_donors_n11",100,0.227237102986961,0.99,0.63,TRUE
"TP53TG1","D2_late_increasing","clean_D2",1,"five_donors_n43",100,0.184497831037861,1,0.38,TRUE
"TP53TG1","D2_late_increasing","clean_D2",1,"all_6_donors_n11",100,0.245886736136174,0.98,0.66,TRUE
"SEPN1","D2_late_increasing","clean_D2",1,"all_6_donors_n11",100,0.195836249161912,0.97,0.47,TRUE
"SEPN1","D2_late_increasing","clean_D2",1,"five_donors_n43",100,0.244041743712936,1,0.79,TRUE
"BRE","D2_late_increasing","clean_D2",1,"all_6_donors_n11",100,0.234849752946047,0.96,0.64,TRUE
"BRE","D2_late_increasing","clean_D2",1,"five_donors_n43",100,0.237606975055381,1,0.72,TRUE
"SIGMAR1","D2_late_increasing","clean_D2",1,"all_6_donors_n11",100,0.126668485777928,0.9,0.21,TRUE
"SIGMAR1","D2_late_increasing","clean_D2",1,"five_donors_n43",100,0.205761193895819,1,0.56,TRUE
"DEF8","D2_late_increasing","clean_D2",1,"five_donors_n43",100,0.188470902366963,1,0.44,TRUE
"DEF8","D2_late_increasing","clean_D2",1,"all_6_donors_n11",100,0.250444814197476,0.96969696969697,0.676767676767677,TRUE
"CXCL12","D2_late_increasing","clean_D2",1,"all_6_donors_n11",100,0.2496074672424,1,0.78,TRUE
"CXCL12","D2_late_increasing","clean_D2",1,"five_donors_n43",100,0.245965616941234,1,0.92,TRUE
"CCDC8","D2_late_increasing","clean_D2",1,"all_6_donors_n11",100,0.183841289931896,0.93,0.43,TRUE
"CCDC8","D2_late_increasing","clean_D2",1,"five_donors_n43",100,0.189813450905296,1,0.4,TRUE
"MRPL27","D2_late_increasing","none",1,"all_6_donors_n11",100,0.265583994296012,1,0.78,TRUE
"MRPL27","D2_late_increasing","none",1,"five_donors_n43",100,0.215377401443011,1,0.61,TRUE
"GSTK1","D2_late_increasing","clean_D2",1,"five_donors_n43",100,0.210101233262224,1,0.66,TRUE
"GSTK1","D2_late_increasing","clean_D2",1,"all_6_donors_n11",100,0.227241557387391,1,0.62,TRUE
"NFE2L1","D2_late_increasing","clean_D2",1,"all_6_donors_n11",100,0.236095309502128,0.96,0.61,TRUE
"NFE2L1","D2_late_increasing","clean_D2",1,"five_donors_n43",100,0.22105895879469,1,0.67,TRUE
"PDIA4","D2_late_increasing","clean_D2",1,"all_6_donors_n11",100,0.22223742376462,1,0.6,TRUE
"PDIA4","D2_late_increasing","clean_D2",1,"five_donors_n43",100,0.18335182147306,1,0.35,TRUE
"CAP1","D2_late_increasing","clean_D2",1,"all_6_donors_n11",100,0.160615592254451,0.94,0.34,TRUE
"CAP1","D2_late_increasing","clean_D2",1,"five_donors_n43",100,0.190452115531474,1,0.45,TRUE
"ABHD14A","D2_late_increasing","clean_D2",1,"five_donors_n43",100,0.220135472483493,1,0.7,TRUE
"ABHD14A","D2_late_increasing","clean_D2",1,"all_6_donors_n11",100,0.22465582511946,0.99,0.59,TRUE
"PLGRKT","D2_late_increasing","clean_D2",1,"five_donors_n43",100,0.266339324363919,1,0.89,TRUE
"PLGRKT","D2_late_increasing","clean_D2",1,"all_6_donors_n11",100,0.284985901440762,0.99,0.81,TRUE
"SERP1","D2_late_increasing","clean_D2",1,"all_6_donors_n11",100,0.286266998850262,1,0.82,TRUE
"SERP1","D2_late_increasing","clean_D2",1,"five_donors_n43",100,0.240862384084566,1,0.82,TRUE
"FAAP20","D2_late_increasing","clean_D2",1,"all_6_donors_n11",100,0.0887379384593484,0.83,0.12,TRUE
"FAAP20","D2_late_increasing","clean_D2",1,"five_donors_n43",100,0.180845968122716,1,0.32,TRUE
"PPP4C","D2_late_increasing","clean_D2",1,"all_6_donors_n11",100,0.255222180660028,0.95,0.68,TRUE
"PPP4C","D2_late_increasing","clean_D2",1,"five_donors_n43",100,0.212758640511735,1,0.61,TRUE
"NRN1","D2_late_increasing","clean_D2",1,"five_donors_n43",100,0.211791312138255,1,0.6,TRUE
"NRN1","D2_late_increasing","clean_D2",1,"all_6_donors_n11",100,0.204582208981498,0.99,0.54,TRUE
"ITGB5","D2_late_increasing","clean_D2",1,"all_6_donors_n11",100,0.178536130013934,0.95,0.39,TRUE
"ITGB5","D2_late_increasing","clean_D2",1,"five_donors_n43",100,0.285334133933801,1,0.95,TRUE
"PDZD11","D2_late_increasing","clean_D2",1,"all_6_donors_n11",100,0.230815055321192,0.98,0.69,TRUE
"PDZD11","D2_late_increasing","clean_D2",1,"five_donors_n43",100,0.228763835751814,1,0.72,TRUE
"CLTB","D2_late_increasing","clean_D2",1,"all_6_donors_n11",100,0.159488993380318,0.95,0.39,TRUE
"CLTB","D2_late_increasing","clean_D2",1,"five_donors_n43",100,0.205845844890925,1,0.59,TRUE
"TADA3","D2_late_increasing","clean_D2",1,"five_donors_n43",100,0.241675973398091,1,0.85,TRUE
"TADA3","D2_late_increasing","clean_D2",1,"all_6_donors_n11",100,0.249948474138193,0.98,0.65,TRUE
"MZT2A","D2_late_increasing","clean_D2",1,"all_6_donors_n11",100,0.299638109889221,1,0.86,TRUE
"MZT2A","D2_late_increasing","clean_D2",1,"five_donors_n43",100,0.273197473506733,1,0.95,TRUE
"PTGIS","D2_late_increasing","clean_D2",1,"all_6_donors_n11",100,0.195275117071942,0.99,0.49,TRUE
"PTGIS","D2_late_increasing","clean_D2",1,"five_donors_n43",100,0.245679082773706,1,0.92,TRUE
"FGGY","D2_late_increasing","clean_D2",1,"all_6_donors_n11",100,0.180845791270354,0.97,0.41,TRUE
"FGGY","D2_late_increasing","clean_D2",1,"five_donors_n43",100,0.237204243864687,1,0.73,TRUE
"HSPB6","D2_late_increasing","clean_D2",1,"five_donors_n43",100,0.253911795514944,1,0.83,TRUE
"HSPB6","D2_late_increasing","clean_D2",1,"all_6_donors_n11",100,0.275848225929954,1,0.78,TRUE
"C19orf70","D2_late_increasing","clean_D2",1,"five_donors_n43",100,0.226850207505907,1,0.71,TRUE
"C19orf70","D2_late_increasing","clean_D2",1,"all_6_donors_n11",100,0.166423433420491,0.97,0.36,TRUE
"PPP1CA","D2_late_increasing","clean_D2",1,"five_donors_n43",100,0.175120502126439,1,0.36,TRUE
"PPP1CA","D2_late_increasing","clean_D2",1,"all_6_donors_n11",100,0.235359902625198,0.97,0.56,TRUE
"TMEM54","D2_late_increasing","clean_D2",1,"all_6_donors_n11",100,0.286858249879251,1,0.82,TRUE
"TMEM54","D2_late_increasing","clean_D2",1,"five_donors_n43",100,0.231574783501846,1,0.7,TRUE
"SSR2","D2_late_increasing","clean_D2",1,"all_6_donors_n11",100,0.156529533197629,0.94,0.31,TRUE
"SSR2","D2_late_increasing","clean_D2",1,"five_donors_n43",100,0.19972486354567,1,0.49,TRUE
"SPHK1","D2_late_increasing","clean_D2",1,"five_donors_n43",100,0.220295990367923,1,0.61,TRUE
"SPHK1","D2_late_increasing","clean_D2",1,"all_6_donors_n11",100,0.256724686082588,0.909090909090909,0.616161616161616,TRUE
"LY6E","D2_late_increasing","clean_D2",1,"five_donors_n43",100,0.194061093238134,1,0.44,TRUE
"LY6E","D2_late_increasing","clean_D2",1,"all_6_donors_n11",100,0.178379797418087,0.91,0.38,TRUE
"TMEM120B","D2_late_increasing","clean_D2",1,"all_6_donors_n11",100,0.130497075049205,0.87,0.3,TRUE
"TMEM120B","D2_late_increasing","clean_D2",1,"five_donors_n43",100,0.138455981774009,0.98,0.18,TRUE
"PRSS23","D2_late_increasing","clean_D2",1,"all_6_donors_n11",100,0.323946121740706,0.99,0.82,TRUE
"PRSS23","D2_late_increasing","clean_D2",1,"five_donors_n43",100,0.334478495244972,1,0.99,TRUE
"DCN","D2_late_increasing","clean_D2",1,"five_donors_n43",100,0.298104252080168,1,0.98,TRUE
"DCN","D2_late_increasing","clean_D2",1,"all_6_donors_n11",100,0.339065895735776,1,0.94,TRUE
"C17orf89","D2_late_increasing","clean_D2",1,"five_donors_n43",100,0.206705329013825,1,0.59,TRUE
"C17orf89","D2_late_increasing","clean_D2",1,"all_6_donors_n11",100,0.273156425293968,0.98,0.76,TRUE
"GSDMD","D2_late_increasing","clean_D2",1,"all_6_donors_n11",100,0.208991522921661,1,0.55,TRUE
"GSDMD","D2_late_increasing","clean_D2",1,"five_donors_n43",100,0.197698874256152,1,0.47,TRUE
"NFATC2","D2_late_increasing","clean_D2",1,"all_6_donors_n11",100,0.178951796966297,0.94,0.36,TRUE
"NFATC2","D2_late_increasing","clean_D2",1,"five_donors_n43",100,0.183864240126141,1,0.34,TRUE
"PRKCSH","D2_late_increasing","clean_D2",1,"five_donors_n43",100,0.209832645753641,1,0.56,TRUE
"PRKCSH","D2_late_increasing","clean_D2",1,"all_6_donors_n11",100,0.234196664467,0.98,0.59,TRUE
"CENPP","D2_late_increasing","clean_D2",1,"five_donors_n43",100,0.231909717768446,1,0.76,TRUE
"CENPP","D2_late_increasing","clean_D2",1,"all_6_donors_n11",100,0.251871832341054,0.98,0.64,TRUE
"FBXW5","D2_late_increasing","clean_D2",1,"five_donors_n43",100,0.244786834057799,1,0.87,TRUE
"FBXW5","D2_late_increasing","clean_D2",1,"all_6_donors_n11",100,0.23111382854796,0.99,0.61,TRUE
"DDRGK1","D2_late_increasing","clean_D2",1,"all_6_donors_n11",100,0.192792799329851,0.94,0.47,TRUE
"DDRGK1","D2_late_increasing","clean_D2",1,"five_donors_n43",100,0.167365496649792,1,0.28,TRUE
"CTC-479C5.12","D2_late_increasing","clean_D2",1,"all_6_donors_n11",100,0.101416896838961,0.89,0.2,TRUE
"CTC-479C5.12","D2_late_increasing","clean_D2",1,"five_donors_n43",100,0.162833340390495,1,0.21,TRUE
"ANAPC11","D2_late_increasing","clean_D2",1,"all_6_donors_n11",100,0.121301931034504,0.87,0.23,TRUE
"ANAPC11","D2_late_increasing","clean_D2",1,"five_donors_n43",100,0.159330555100029,1,0.17,TRUE
"MAN1B1","D2_late_increasing","clean_D2",1,"all_6_donors_n11",100,0.176186295369977,0.95,0.42,TRUE
"MAN1B1","D2_late_increasing","clean_D2",1,"five_donors_n43",100,0.157746113301653,1,0.18,TRUE
"NDUFA6","D2_late_increasing","clean_D2",1,"all_6_donors_n11",100,0.210293468089829,1,0.54,TRUE
"NDUFA6","D2_late_increasing","clean_D2",1,"five_donors_n43",100,0.194356598145569,1,0.43,TRUE
"GPX1","D2_late_increasing","clean_D2",1,"all_6_donors_n11",100,0.25336008023827,0.97,0.69,TRUE
"GPX1","D2_late_increasing","clean_D2",1,"five_donors_n43",100,0.297036839503351,1,0.97,TRUE
"MICAL2","D2_late_increasing","clean_D2",1,"all_6_donors_n11",100,0.238863359354422,0.9,0.6,TRUE
"MICAL2","D2_late_increasing","clean_D2",1,"five_donors_n43",100,0.207120994062635,1,0.55,TRUE
"TAPBP","D2_late_increasing","clean_D2",1,"all_6_donors_n11",100,0.189128068750153,0.96,0.45,TRUE
"TAPBP","D2_late_increasing","clean_D2",1,"five_donors_n43",100,0.211563079472117,1,0.62,TRUE
"TMED9","D2_late_increasing","clean_D2",1,"all_6_donors_n11",100,0.160833837702505,0.9,0.36,TRUE
"TMED9","D2_late_increasing","clean_D2",1,"five_donors_n43",100,0.237548109533024,1,0.78,TRUE
"MRPL36","D2_late_increasing","none",1,"all_6_donors_n11",100,0.146759879897061,0.96,0.33,TRUE
"MRPL36","D2_late_increasing","none",1,"five_donors_n43",100,0.185439890226512,1,0.35,TRUE
"FUCA2","D2_late_increasing","clean_D2",1,"all_6_donors_n11",100,0.264380476306156,1,0.73,TRUE
"FUCA2","D2_late_increasing","clean_D2",1,"five_donors_n43",100,0.271238899254472,1,0.96,TRUE
"TP53I13","D2_late_increasing","clean_D2",1,"all_6_donors_n11",100,0.19126828194025,0.96,0.48,TRUE
"TP53I13","D2_late_increasing","clean_D2",1,"five_donors_n43",100,0.179989837381162,1,0.37,TRUE
"IFI16","D2_late_increasing","clean_D2",1,"five_donors_n43",100,0.236473358508051,1,0.84,TRUE
"IFI16","D2_late_increasing","clean_D2",1,"all_6_donors_n11",100,0.229860898383647,1,0.69,TRUE
"SEC61G","D2_late_increasing","clean_D2",1,"all_6_donors_n11",100,0.256209624084005,0.98,0.76,TRUE
"SEC61G","D2_late_increasing","clean_D2",1,"five_donors_n43",100,0.220754102400895,1,0.72,TRUE
"ARPC2","D2_late_increasing","clean_D2",1,"all_6_donors_n11",100,0.269466437260482,1,0.7,TRUE
"ARPC2","D2_late_increasing","clean_D2",1,"five_donors_n43",100,0.226379091444663,1,0.73,TRUE
"NCS1","D2_late_increasing","clean_D2",1,"all_6_donors_n11",100,0.254813964859465,0.98,0.67,TRUE
"NCS1","D2_late_increasing","clean_D2",1,"five_donors_n43",100,0.220221360141471,1,0.61,TRUE
"GMPPB","D2_late_increasing","clean_D2",1,"all_6_donors_n11",100,0.183445165607619,0.95,0.42,TRUE
"GMPPB","D2_late_increasing","clean_D2",1,"five_donors_n43",100,0.216621457794739,1,0.71,TRUE
"TMEM45A","D2_late_increasing","clean_D2",1,"all_6_donors_n11",100,0.205427965384692,0.98,0.51,TRUE
"TMEM45A","D2_late_increasing","clean_D2",1,"five_donors_n43",100,0.219810573461554,1,0.61,TRUE
"FAM109B","D2_late_increasing","clean_D2",1,"all_6_donors_n11",100,0.269174045449287,0.95959595959596,0.767676767676768,TRUE
"FAM109B","D2_late_increasing","clean_D2",1,"five_donors_n43",100,0.227759812931096,1,0.71,TRUE
"G6PC3","D2_late_increasing","clean_D2",1,"all_6_donors_n11",100,0.217929283347402,0.98,0.61,TRUE
"G6PC3","D2_late_increasing","clean_D2",1,"five_donors_n43",100,0.197484532861999,1,0.47,TRUE
"ARF5","D2_late_increasing","clean_D2",1,"all_6_donors_n11",100,0.230641705054542,0.97,0.59,TRUE
"ARF5","D2_late_increasing","clean_D2",1,"five_donors_n43",100,0.187665366117605,1,0.38,TRUE
"MGAT1","D2_late_increasing","clean_D2",1,"all_6_donors_n11",100,0.258368007042349,1,0.73,TRUE
"MGAT1","D2_late_increasing","clean_D2",1,"five_donors_n43",100,0.242590967169907,1,0.76,TRUE
"ATP5G1","D2_late_increasing","clean_D2",1,"all_6_donors_n11",100,0.257907349721506,0.98,0.7,TRUE
"ATP5G1","D2_late_increasing","clean_D2",1,"five_donors_n43",100,0.204024998934862,1,0.55,TRUE
"PPP1R9B","D2_late_increasing","clean_D2",1,"all_6_donors_n11",100,0.21674993992133,0.96,0.55,TRUE
"PPP1R9B","D2_late_increasing","clean_D2",1,"five_donors_n43",100,0.19681266018786,1,0.46,TRUE
"SH3GLB1","D2_late_increasing","clean_D2",1,"all_6_donors_n11",100,0.140809161706181,0.95,0.27,TRUE
"SH3GLB1","D2_late_increasing","clean_D2",1,"five_donors_n43",100,0.183705604532015,1,0.34,TRUE
"SHISA4","D2_late_increasing","clean_D2",1,"five_donors_n43",100,0.193935325239829,1,0.47,TRUE
"SHISA4","D2_late_increasing","clean_D2",1,"all_6_donors_n11",100,0.135901103316447,0.88,0.31,TRUE
"PALM","D2_late_increasing","clean_D2",1,"five_donors_n43",100,0.275849210992902,1,1,TRUE
"PALM","D2_late_increasing","clean_D2",1,"all_6_donors_n11",100,0.138097297128466,0.89,0.38,TRUE
"COLGALT1","D2_late_increasing","clean_D2",1,"five_donors_n43",100,0.154981228251087,1,0.18,TRUE
"COLGALT1","D2_late_increasing","clean_D2",1,"all_6_donors_n11",100,0.196073053098409,0.99,0.47,TRUE
"IGF2","D2_late_increasing","clean_D2",1,"all_6_donors_n11",100,0.242250177492803,0.99,0.68,TRUE
"IGF2","D2_late_increasing","clean_D2",1,"five_donors_n43",100,0.202933226194619,1,0.51,TRUE
"CLDN4","D2_late_increasing","clean_D2",1,"all_6_donors_n11",100,0.265854666398415,0.99,0.76,TRUE
"CLDN4","D2_late_increasing","clean_D2",1,"five_donors_n43",100,0.215730990442268,1,0.61,TRUE
"EIF5A","D2_late_increasing","clean_D2",1,"five_donors_n43",100,0.190558748570702,1,0.39,TRUE
"EIF5A","D2_late_increasing","clean_D2",1,"all_6_donors_n11",100,0.262080581938754,0.99,0.68,TRUE
"TGFB1I1","D2_late_increasing","clean_D2",1,"five_donors_n43",100,0.18273607473411,1,0.34,TRUE
"TGFB1I1","D2_late_increasing","clean_D2",1,"all_6_donors_n11",100,0.179384530710767,0.96,0.46,TRUE
"ORAI2","D2_late_increasing","clean_D2",1,"all_6_donors_n11",100,0.225813162081744,0.98,0.56,TRUE
"ORAI2","D2_late_increasing","clean_D2",1,"five_donors_n43",100,0.215946733985944,1,0.62,TRUE
"WIPI1","D2_late_increasing","clean_D2",1,"all_6_donors_n11",100,0.227434195384618,0.98,0.6,TRUE
"WIPI1","D2_late_increasing","clean_D2",1,"five_donors_n43",100,0.211613169123711,1,0.58,TRUE
"CLEC2B","D2_late_increasing","clean_D2",1,"five_donors_n43",100,0.255383493306209,1,0.99,TRUE
"CLEC2B","D2_late_increasing","clean_D2",1,"all_6_donors_n11",100,0.150077594956986,0.97,0.25,TRUE
"SNRNP25","D2_late_increasing","clean_D2",1,"five_donors_n43",100,0.210304441911004,1,0.6,TRUE
"SNRNP25","D2_late_increasing","clean_D2",1,"all_6_donors_n11",100,0.214981679659749,0.99,0.53,TRUE
"UQCR11","D2_late_increasing","clean_D2",1,"all_6_donors_n11",100,0.138288688312427,0.92,0.22,TRUE
"UQCR11","D2_late_increasing","clean_D2",1,"five_donors_n43",100,0.20420062525146,1,0.55,TRUE
"DDB2","D2_late_increasing","clean_D2",1,"all_6_donors_n11",100,0.270404552246148,1,0.74,TRUE
"DDB2","D2_late_increasing","clean_D2",1,"five_donors_n43",100,0.259230857020768,1,0.9,TRUE
"GALNT5","D2_late_increasing","clean_D2",1,"five_donors_n43",100,0.212299855104683,1,0.67,TRUE
"GALNT5","D2_late_increasing","clean_D2",1,"all_6_donors_n11",100,0.241918758886156,1,0.65,TRUE
"NAGLU","D2_late_increasing","clean_D2",1,"five_donors_n43",100,0.150591388957701,1,0.15,TRUE
"NAGLU","D2_late_increasing","clean_D2",1,"all_6_donors_n11",100,0.178870242885076,0.93,0.4,TRUE
"UBXN6","D2_late_increasing","clean_D2",1,"five_donors_n43",100,0.211706371653714,1,0.59,TRUE
"UBXN6","D2_late_increasing","clean_D2",1,"all_6_donors_n11",100,0.161984870050069,0.93,0.32,TRUE
"SCP2","D2_late_increasing","clean_D2",1,"all_6_donors_n11",100,0.203659120413666,0.97,0.5,TRUE
"SCP2","D2_late_increasing","clean_D2",1,"five_donors_n43",100,0.228101640183823,1,0.77,TRUE
"IKBIP","D2_late_increasing","clean_D2",1,"all_6_donors_n11",100,0.258273567837326,0.98,0.66,TRUE
"IKBIP","D2_late_increasing","clean_D2",1,"five_donors_n43",100,0.225196944678896,1,0.71,TRUE
"MAN1C1","D2_late_increasing","clean_D2",1,"all_6_donors_n11",100,0.265185028258231,1,0.78,TRUE
"MAN1C1","D2_late_increasing","clean_D2",1,"five_donors_n43",100,0.266568739528885,1,0.99,TRUE
"COPS7A","D2_late_increasing","clean_D2",1,"five_donors_n43",100,0.143916761744637,1,0.1,TRUE
"COPS7A","D2_late_increasing","clean_D2",1,"all_6_donors_n11",100,0.173822718681785,0.93,0.45,TRUE
"WBP5","D2_late_increasing","clean_D2",1,"all_6_donors_n11",100,0.118419527044264,0.86,0.25,TRUE
"WBP5","D2_late_increasing","clean_D2",1,"five_donors_n43",100,0.238403860284698,1,0.8,TRUE
"VAT1","D2_late_increasing","clean_D2",1,"all_6_donors_n11",100,0.240556064686977,0.97,0.63,TRUE
"VAT1","D2_late_increasing","clean_D2",1,"five_donors_n43",100,0.232717980775644,1,0.71,TRUE
"PEA15","D2_late_increasing","clean_D2",1,"all_6_donors_n11",100,0.228825428666525,0.96,0.55,TRUE
"PEA15","D2_late_increasing","clean_D2",1,"five_donors_n43",100,0.173738203958551,1,0.32,TRUE
"TXN2","D2_late_increasing","clean_D2",1,"five_donors_n43",100,0.253649885889507,1,0.83,TRUE
"TXN2","D2_late_increasing","clean_D2",1,"all_6_donors_n11",100,0.257612319239918,0.99,0.73,TRUE
"ECM2","D2_late_increasing","clean_D2",1,"all_6_donors_n11",100,0.127538710620882,0.89,0.16,TRUE
"ECM2","D2_late_increasing","clean_D2",1,"five_donors_n43",100,0.190509217116946,1,0.32,TRUE
"TBC1D1","D2_late_increasing","clean_D2",1,"all_6_donors_n11",100,0.199654002972797,0.93,0.5,TRUE
"TBC1D1","D2_late_increasing","clean_D2",1,"five_donors_n43",100,0.232256892303447,1,0.77,TRUE
"NDUFB3","D2_late_increasing","clean_D2",1,"all_6_donors_n11",100,0.243068789604081,0.98,0.65,TRUE
"NDUFB3","D2_late_increasing","clean_D2",1,"five_donors_n43",100,0.219549076420277,1,0.64,TRUE
"APOE","D2_late_increasing","clean_D2",1,"five_donors_n43",100,0.255494722278082,1,0.91,TRUE
"APOE","D2_late_increasing","clean_D2",1,"all_6_donors_n11",100,0.268405356472555,0.99,0.76,TRUE
"FAM129A","D2_late_increasing","clean_D2",1,"five_donors_n43",100,0.21439605092517,1,0.61,TRUE
"FAM129A","D2_late_increasing","clean_D2",1,"all_6_donors_n11",100,0.19683002998184,0.97,0.47,TRUE
"SLC39A7","D2_late_increasing","clean_D2",1,"all_6_donors_n11",100,0.262107452071501,0.99,0.73,TRUE
"SLC39A7","D2_late_increasing","clean_D2",1,"five_donors_n43",100,0.253011923751023,1,0.87,TRUE
"KIAA2013","D2_late_increasing","clean_D2",1,"all_6_donors_n11",100,0.161607805742658,0.94,0.34,TRUE
"KIAA2013","D2_late_increasing","clean_D2",1,"five_donors_n43",100,0.192059286884554,1,0.46,TRUE
"TNC","D2_late_increasing","clean_D2",1,"all_6_donors_n11",100,0.219939836238225,1,0.6,TRUE
"TNC","D2_late_increasing","clean_D2",1,"five_donors_n43",100,0.248233679977137,1,0.88,TRUE
"CLPP","D2_late_increasing","clean_D2",1,"five_donors_n43",100,0.20614367036366,1,0.54,TRUE
"CLPP","D2_late_increasing","clean_D2",1,"all_6_donors_n11",100,0.201736017895218,0.97,0.51,TRUE
"HMOX2","D2_late_increasing","clean_D2",1,"all_6_donors_n11",100,0.202333628794144,0.97,0.53,TRUE
"HMOX2","D2_late_increasing","clean_D2",1,"five_donors_n43",100,0.202968734838082,1,0.55,TRUE
"MAST2","D2_late_increasing","clean_D2",1,"all_6_donors_n11",100,0.196657322548668,0.94,0.48,TRUE
"MAST2","D2_late_increasing","clean_D2",1,"five_donors_n43",100,0.173209170837796,1,0.28,TRUE
"GPC1","D2_late_increasing","clean_D2",1,"all_6_donors_n11",100,0.122546107351364,0.85,0.2,TRUE
"GPC1","D2_late_increasing","clean_D2",1,"five_donors_n43",100,0.13362229555803,0.99,0.04,TRUE
"PRADC1","D2_late_increasing","clean_D2",1,"five_donors_n43",100,0.230459251821872,1,0.7,TRUE
"PRADC1","D2_late_increasing","clean_D2",1,"all_6_donors_n11",100,0.254861728127691,0.97,0.72,TRUE
"KLHL22","D2_late_increasing","clean_D2",1,"all_6_donors_n11",100,0.205144374674499,0.98,0.53,TRUE
"KLHL22","D2_late_increasing","clean_D2",1,"five_donors_n43",100,0.276580218848036,1,0.92,TRUE
"ARAP1","D2_late_increasing","clean_D2",1,"all_6_donors_n11",100,0.238501616042181,0.99,0.71,TRUE
"ARAP1","D2_late_increasing","clean_D2",1,"five_donors_n43",100,0.260247826250049,1,0.89,TRUE
"GUK1","D2_late_increasing","clean_D2",1,"all_6_donors_n11",100,0.259496399281677,0.99,0.68,TRUE
"GUK1","D2_late_increasing","clean_D2",1,"five_donors_n43",100,0.231887174577418,1,0.76,TRUE
"IGDCC4","D2_late_increasing","clean_D2",1,"five_donors_n43",100,0.248641938807647,1,0.87,TRUE
"IGDCC4","D2_late_increasing","clean_D2",1,"all_6_donors_n11",100,0.212284693437478,0.97,0.54,TRUE
"CHD3","D2_late_increasing","clean_D2",1,"five_donors_n43",100,0.206420255133664,1,0.55,TRUE
"CHD3","D2_late_increasing","clean_D2",1,"all_6_donors_n11",100,0.241954225913998,0.95,0.67,TRUE
"NDUFA3","D2_late_increasing","clean_D2",1,"five_donors_n43",100,0.232874189690369,1,0.82,TRUE
"NDUFA3","D2_late_increasing","clean_D2",1,"all_6_donors_n11",100,0.221434926922816,1,0.59,TRUE
"PSMB8","D2_late_increasing","clean_D2",1,"all_6_donors_n11",100,0.250064422365168,1,0.78,TRUE
"PSMB8","D2_late_increasing","clean_D2",1,"five_donors_n43",100,0.301624619192231,1,0.98,TRUE
"KLHDC3","D2_late_increasing","clean_D2",1,"all_6_donors_n11",100,0.188726779304576,0.97,0.47,TRUE
"KLHDC3","D2_late_increasing","clean_D2",1,"five_donors_n43",100,0.245447466012266,1,0.91,TRUE
"MIF","D2_late_increasing","clean_D2",1,"five_donors_n43",100,0.241037786188815,1,0.84,TRUE
"MIF","D2_late_increasing","clean_D2",1,"all_6_donors_n11",100,0.243539055683099,0.99,0.73,TRUE
"GOLGA3","D2_late_increasing","clean_D2",1,"five_donors_n43",100,0.157632603875578,1,0.26,TRUE
"GOLGA3","D2_late_increasing","clean_D2",1,"all_6_donors_n11",100,0.166992088155596,0.94,0.38,TRUE
"ST6GALNAC6","D2_late_increasing","clean_D2",1,"all_6_donors_n11",100,0.21708319929078,0.96,0.55,TRUE
"ST6GALNAC6","D2_late_increasing","clean_D2",1,"five_donors_n43",100,0.229327786873901,1,0.83,TRUE
"THOC6","D2_late_increasing","clean_D2",1,"all_6_donors_n11",100,0.291442029724526,0.95,0.72,TRUE
"THOC6","D2_late_increasing","clean_D2",1,"five_donors_n43",100,0.247392875262389,1,0.81,TRUE
"MRPL14","D2_late_increasing","none",1,"five_donors_n43",100,0.295671014666809,1,0.97,TRUE
"MRPL14","D2_late_increasing","none",1,"all_6_donors_n11",100,0.269852353480897,1,0.75,TRUE
"GTF3C1","D2_late_increasing","clean_D2",1,"five_donors_n43",100,0.218431589869449,1,0.66,TRUE
"GTF3C1","D2_late_increasing","clean_D2",1,"all_6_donors_n11",100,0.175166538318591,0.91,0.42,TRUE
"GNG5","D2_late_increasing","clean_D2",1,"all_6_donors_n11",100,0.222663305385713,0.99,0.59,TRUE
"GNG5","D2_late_increasing","clean_D2",1,"five_donors_n43",100,0.223557076238561,1,0.7,TRUE
"BAD","D2_late_increasing","clean_D2",1,"all_6_donors_n11",100,0.146341272886348,0.9,0.36,TRUE
"BAD","D2_late_increasing","clean_D2",1,"five_donors_n43",100,0.190002467977099,1,0.44,TRUE
"DPYSL3","D2_late_increasing","clean_D2",1,"five_donors_n43",100,0.172814838395203,1,0.22,TRUE
"DPYSL3","D2_late_increasing","clean_D2",1,"all_6_donors_n11",100,0.140402215872367,0.87,0.26,TRUE
"TIMM8B","D2_late_increasing","clean_D2",1,"five_donors_n43",100,0.222546719969243,1,0.66,TRUE
"TIMM8B","D2_late_increasing","clean_D2",1,"all_6_donors_n11",100,0.240425914433395,0.98,0.61,TRUE
"MYO1C","D2_late_increasing","clean_D2",1,"five_donors_n43",100,0.235953044611539,1,0.74,TRUE
"MYO1C","D2_late_increasing","clean_D2",1,"all_6_donors_n11",100,0.19987578257318,0.97,0.5,TRUE
"CRELD2","D2_late_increasing","clean_D2",1,"all_6_donors_n11",100,0.229409894658558,1,0.62,TRUE
"CRELD2","D2_late_increasing","clean_D2",1,"five_donors_n43",100,0.258818700177944,1,0.9,TRUE
"CALR","D2_late_increasing","clean_D2",1,"all_6_donors_n11",100,0.227477702768036,1,0.65,TRUE
"CALR","D2_late_increasing","clean_D2",1,"five_donors_n43",100,0.211607699009946,1,0.62,TRUE
"C11orf68","D2_late_increasing","clean_D2",1,"all_6_donors_n11",100,0.245500294331631,0.99,0.67,TRUE
"C11orf68","D2_late_increasing","clean_D2",1,"five_donors_n43",100,0.230784364720488,1,0.8,TRUE
"B2M","D2_late_increasing","clean_D2",1,"five_donors_n43",100,0.260298698464393,1,0.9,TRUE
"B2M","D2_late_increasing","clean_D2",1,"all_6_donors_n11",100,0.25599165066396,0.99,0.69,TRUE
"C19orf24","D2_late_increasing","clean_D2",1,"all_6_donors_n11",100,0.271825881268581,0.98,0.76,TRUE
"C19orf24","D2_late_increasing","clean_D2",1,"five_donors_n43",100,0.230887518073449,1,0.76,TRUE
"FAM102A","D2_late_increasing","clean_D2",1,"all_6_donors_n11",100,0.285806651523547,1,0.81,TRUE
"FAM102A","D2_late_increasing","clean_D2",1,"five_donors_n43",100,0.266241958110025,1,0.92,TRUE
"NUTF2","D2_late_increasing","clean_D2",1,"all_6_donors_n11",100,0.176823818917742,0.92,0.46,TRUE
"NUTF2","D2_late_increasing","clean_D2",1,"five_donors_n43",100,0.178652107950135,1,0.33,TRUE
"UROS","D2_late_increasing","clean_D2",1,"five_donors_n43",100,0.280488371093171,1,0.96,TRUE
"UROS","D2_late_increasing","clean_D2",1,"all_6_donors_n11",100,0.260133900453308,0.99,0.71,TRUE
"CALM3","D2_late_increasing","clean_D2",1,"all_6_donors_n11",100,0.258525140775809,0.99,0.72,TRUE
"CALM3","D2_late_increasing","clean_D2",1,"five_donors_n43",100,0.225604556788415,1,0.77,TRUE
"PRICKLE1","D2_late_increasing","clean_D2",1,"all_6_donors_n11",100,0.188580037430831,0.95,0.48,TRUE
"PRICKLE1","D2_late_increasing","clean_D2",1,"five_donors_n43",100,0.179442080794477,1,0.38,TRUE
"TXNDC15","D2_late_increasing","clean_D2",1,"all_6_donors_n11",100,0.191012339296623,0.96,0.47,TRUE
"TXNDC15","D2_late_increasing","clean_D2",1,"five_donors_n43",100,0.242637815889135,1,0.81,TRUE
"EFEMP1","D2_late_increasing","clean_D2",1,"five_donors_n43",100,0.258997083860988,1,0.86,TRUE
"EFEMP1","D2_late_increasing","clean_D2",1,"all_6_donors_n11",100,0.298548252667253,1,0.85,TRUE
"CCDC124","D2_late_increasing","clean_D2",1,"five_donors_n43",100,0.224600331313061,1,0.69,TRUE
"CCDC124","D2_late_increasing","clean_D2",1,"all_6_donors_n11",100,0.263787582542119,1,0.71,TRUE
"NDUFB2","D2_late_increasing","clean_D2",1,"all_6_donors_n11",100,0.233369042802415,0.98,0.63,TRUE
"NDUFB2","D2_late_increasing","clean_D2",1,"five_donors_n43",100,0.220700609536388,1,0.67,TRUE
"GRINA","D2_late_increasing","clean_D2",1,"all_6_donors_n11",100,0.220837593580627,0.99,0.57,TRUE
"GRINA","D2_late_increasing","clean_D2",1,"five_donors_n43",100,0.235559289335684,1,0.75,TRUE
"FAM177A1","D2_late_increasing","clean_D2",1,"all_6_donors_n11",100,0.224288410749308,1,0.62,TRUE
"FAM177A1","D2_late_increasing","clean_D2",1,"five_donors_n43",100,0.234082555851332,1,0.75,TRUE
"GIPC1","D2_late_increasing","clean_D2",1,"five_donors_n43",100,0.168210988594839,1,0.25,TRUE
"GIPC1","D2_late_increasing","clean_D2",1,"all_6_donors_n11",100,0.132589558731015,0.91,0.33,TRUE
"ZNF106","D2_late_increasing","clean_D2",1,"all_6_donors_n11",100,0.217772183981412,0.99,0.55,TRUE
"ZNF106","D2_late_increasing","clean_D2",1,"five_donors_n43",100,0.238167359011779,1,0.74,TRUE
"SLC12A4","D2_late_increasing","clean_D2",1,"all_6_donors_n11",100,0.194335585143972,0.98,0.48,TRUE
"SLC12A4","D2_late_increasing","clean_D2",1,"five_donors_n43",100,0.21409660481311,1,0.64,TRUE
"SRPX2","D2_late_increasing","clean_D2",1,"all_6_donors_n11",100,0.131086965918747,0.91,0.19,TRUE
"SRPX2","D2_late_increasing","clean_D2",1,"five_donors_n43",100,0.194726412658705,1,0.43,TRUE
"ECHS1","D2_late_increasing","clean_D2",1,"five_donors_n43",100,0.169865742066588,0.99,0.23,TRUE
"ECHS1","D2_late_increasing","clean_D2",1,"all_6_donors_n11",100,0.11375400983772,0.9,0.26,TRUE
"ANXA1","D2_late_increasing","clean_D2",1,"all_6_donors_n11",100,0.192960869578732,0.95,0.46,TRUE
"ANXA1","D2_late_increasing","clean_D2",1,"five_donors_n43",100,0.234512352900624,1,0.77,TRUE
"FAM234A","D2_late_increasing","clean_D2",1,"all_6_donors_n11",100,0.257595623286055,0.96,0.66,TRUE
"FAM234A","D2_late_increasing","clean_D2",1,"five_donors_n43",100,0.246666830659097,1,0.8,TRUE
"TWF2","D2_late_increasing","clean_D2",1,"all_6_donors_n11",100,0.203285846334471,0.98,0.51,TRUE
"TWF2","D2_late_increasing","clean_D2",1,"five_donors_n43",100,0.222665508023407,1,0.65,TRUE
"ITGA5","D2_late_increasing","clean_D2",1,"five_donors_n43",100,0.260201620250651,1,0.83,TRUE
"ITGA5","D2_late_increasing","clean_D2",1,"all_6_donors_n11",100,0.233985072016258,0.96,0.65,TRUE
"RARRES3","D2_late_increasing","clean_D2",1,"five_donors_n43",100,0.234662653109272,1,0.83,TRUE
"RARRES3","D2_late_increasing","clean_D2",1,"all_6_donors_n11",100,0.273129740293148,1,0.82,TRUE
"AKR1C3","D2_late_increasing","clean_D2",1,"five_donors_n43",100,0.285609860934279,1,1,TRUE
"AKR1C3","D2_late_increasing","clean_D2",1,"all_6_donors_n11",100,0.200388152051534,1,0.5,TRUE
"TMEM208","D2_late_increasing","clean_D2",1,"all_6_donors_n11",100,0.228069885919482,0.97,0.62,TRUE
"TMEM208","D2_late_increasing","clean_D2",1,"five_donors_n43",100,0.2554224920962,1,0.79,TRUE
"BUD31","D2_late_increasing","clean_D2",1,"all_6_donors_n11",100,0.203649456441844,0.96,0.5,TRUE
"BUD31","D2_late_increasing","clean_D2",1,"five_donors_n43",100,0.244347991297289,1,0.82,TRUE
"CCDC167","D2_late_increasing","clean_D2",1,"five_donors_n43",100,0.118968944716595,1,0.05,TRUE
"CCDC167","D2_late_increasing","clean_D2",1,"all_6_donors_n11",100,0.161821490788852,0.87,0.36,TRUE
"SCARF2","D2_late_increasing","clean_D2",1,"five_donors_n43",100,0.253926264890621,1,0.88,TRUE
"SCARF2","D2_late_increasing","clean_D2",1,"all_6_donors_n11",100,0.188148239437372,0.96,0.45,TRUE
"RNPEPL1","D2_late_increasing","clean_D2",1,"all_6_donors_n11",100,0.260698448717414,0.98989898989899,0.686868686868687,TRUE
"RNPEPL1","D2_late_increasing","clean_D2",1,"five_donors_n43",100,0.222309406072193,1,0.67,TRUE
"OLFM2","D2_late_increasing","clean_D2",1,"all_6_donors_n11",100,0.272415934898557,0.99,0.78,TRUE
"OLFM2","D2_late_increasing","clean_D2",1,"five_donors_n43",100,0.297696083783736,1,0.98,TRUE
"SPINT2","D2_late_increasing","clean_D2",1,"five_donors_n43",100,0.225325650201548,1,0.72,TRUE
"SPINT2","D2_late_increasing","clean_D2",1,"all_6_donors_n11",100,0.26825841896221,1,0.76,TRUE
"BRI3","D2_late_increasing","clean_D2",1,"five_donors_n43",100,0.252389226896567,1,0.83,TRUE
"BRI3","D2_late_increasing","clean_D2",1,"all_6_donors_n11",100,0.244166620920738,0.98,0.73,TRUE
"RP11-196G11.1","D2_late_increasing","clean_D2",1,"all_6_donors_n11",100,0.234852022000941,0.97,0.64,TRUE
"RP11-196G11.1","D2_late_increasing","clean_D2",1,"five_donors_n43",100,0.204811915588033,1,0.55,TRUE
"KCNK6","D2_late_increasing","clean_D2",1,"all_6_donors_n11",100,0.287183245849649,0.97,0.77,TRUE
"KCNK6","D2_late_increasing","clean_D2",1,"five_donors_n43",100,0.250484965163053,1,0.83,TRUE
"LRPAP1","D2_late_increasing","clean_D2",1,"five_donors_n43",100,0.198404093538691,1,0.47,TRUE
"LRPAP1","D2_late_increasing","clean_D2",1,"all_6_donors_n11",100,0.207226731292644,0.98,0.54,TRUE
"FBLIM1","D2_late_increasing","clean_D2",1,"five_donors_n43",100,0.282840663707951,1,0.92,TRUE
"FBLIM1","D2_late_increasing","clean_D2",1,"all_6_donors_n11",100,0.259595754308419,1,0.7,TRUE
"ARSA","D2_late_increasing","clean_D2",1,"five_donors_n43",100,0.220664435499364,1,0.67,TRUE
"ARSA","D2_late_increasing","clean_D2",1,"all_6_donors_n11",100,0.173330082537447,0.96,0.38,TRUE
"RNASEH2C","D2_late_increasing","clean_D2",1,"all_6_donors_n11",100,0.223230804409164,0.98,0.63,TRUE
"RNASEH2C","D2_late_increasing","clean_D2",1,"five_donors_n43",100,0.20970999529639,1,0.56,TRUE
"TXNL4A","D2_late_increasing","clean_D2",1,"all_6_donors_n11",100,0.161079454360899,0.9,0.35,TRUE
"TXNL4A","D2_late_increasing","clean_D2",1,"five_donors_n43",100,0.137350314222962,1,0.1,TRUE
"GTF3C6","D2_late_increasing","clean_D2",1,"all_6_donors_n11",100,0.279900487910553,1,0.72,TRUE
"GTF3C6","D2_late_increasing","clean_D2",1,"five_donors_n43",100,0.220956731011885,1,0.67,TRUE
"AKT1S1","D2_late_increasing","clean_D2",1,"all_6_donors_n11",100,0.244266605295341,0.97,0.67,TRUE
"AKT1S1","D2_late_increasing","clean_D2",1,"five_donors_n43",100,0.22065856267597,1,0.65,TRUE
"SH3GL1","D2_late_increasing","clean_D2",1,"all_6_donors_n11",100,0.187319560946024,0.95,0.48,TRUE
"SH3GL1","D2_late_increasing","clean_D2",1,"five_donors_n43",100,0.240716166129271,1,0.81,TRUE
"AP3D1","D2_late_increasing","clean_D2",1,"all_6_donors_n11",100,0.168816436872197,0.94,0.36,TRUE
"AP3D1","D2_late_increasing","clean_D2",1,"five_donors_n43",100,0.203182184027532,1,0.53,TRUE
"QSOX1","D2_late_increasing","clean_D2",1,"all_6_donors_n11",100,0.166980410890669,0.98,0.29,TRUE
"QSOX1","D2_late_increasing","clean_D2",1,"five_donors_n43",100,0.248541376224575,1,0.85,TRUE
"TXLNA","D2_late_increasing","clean_D2",1,"all_6_donors_n11",100,0.275630995636071,1,0.79,TRUE
"TXLNA","D2_late_increasing","clean_D2",1,"five_donors_n43",100,0.261616922023117,1,0.89,TRUE
"GPC6","D2_late_increasing","clean_D2",1,"all_6_donors_n11",100,0.250718494177427,0.96,0.67,TRUE
"GPC6","D2_late_increasing","clean_D2",1,"five_donors_n43",100,0.199211090366712,1,0.49,TRUE
"LTBP3","D2_late_increasing","clean_D2",1,"all_6_donors_n11",100,0.222929655763581,0.99,0.64,TRUE
"LTBP3","D2_late_increasing","clean_D2",1,"five_donors_n43",100,0.283061488930081,1,0.96,TRUE
"FAM229B","D2_late_increasing","clean_D2",1,"all_6_donors_n11",100,0.24763798091807,1,0.65,TRUE
"FAM229B","D2_late_increasing","clean_D2",1,"five_donors_n43",100,0.214352701805966,1,0.62,TRUE
"C12orf75","D2_late_increasing","clean_D2",1,"all_6_donors_n11",100,0.2575123939124,0.99,0.69,TRUE
"C12orf75","D2_late_increasing","clean_D2",1,"five_donors_n43",100,0.216339951383728,1,0.62,TRUE
"SRM","D2_late_increasing","clean_D2",1,"five_donors_n43",100,0.229216872751187,1,0.74,TRUE
"SRM","D2_late_increasing","clean_D2",1,"all_6_donors_n11",100,0.254497804657055,0.99,0.69,TRUE
"PPDPF","D2_late_increasing","clean_D2",1,"all_6_donors_n11",100,0.20446258727482,0.97,0.52,TRUE
"PPDPF","D2_late_increasing","clean_D2",1,"five_donors_n43",100,0.257714034203721,1,0.9,TRUE
"PRKCDBP","D2_late_increasing","clean_D2",1,"all_6_donors_n11",100,0.270878496719198,1,0.72,TRUE
"PRKCDBP","D2_late_increasing","clean_D2",1,"five_donors_n43",100,0.200450057489042,1,0.51,TRUE
"GTF3A","D2_late_increasing","clean_D2",1,"all_6_donors_n11",100,0.180929603375243,1,0.44,TRUE
"GTF3A","D2_late_increasing","clean_D2",1,"five_donors_n43",100,0.227128168090837,1,0.74,TRUE
"JDP2","D2_late_increasing","clean_D2",1,"all_6_donors_n11",100,0.206261554403675,1,0.54,TRUE
"JDP2","D2_late_increasing","clean_D2",1,"five_donors_n43",100,0.288903610857056,1,0.99,TRUE
"RP11-282O18.3","D2_late_increasing","clean_D2",1,"all_6_donors_n11",100,0.281924020116563,0.99,0.75,TRUE
"RP11-282O18.3","D2_late_increasing","clean_D2",1,"five_donors_n43",100,0.212135997080148,1,0.57,TRUE
"TRAPPC1","D2_late_increasing","clean_D2",1,"all_6_donors_n11",100,0.23074853401901,0.99,0.6,TRUE
"TRAPPC1","D2_late_increasing","clean_D2",1,"five_donors_n43",100,0.249380556252232,1,0.87,TRUE
"GSR","D2_late_increasing","clean_D2",1,"all_6_donors_n11",100,0.226998061021437,0.948453608247423,0.608247422680412,TRUE
"GSR","D2_late_increasing","clean_D2",1,"five_donors_n43",100,0.214741964980576,1,0.63,TRUE
"PDIA5","D2_late_increasing","clean_D2",1,"all_6_donors_n11",100,0.300493959765293,1,0.85,TRUE
"PDIA5","D2_late_increasing","clean_D2",1,"five_donors_n43",100,0.26601828911498,1,0.96,TRUE
"RHOC","D2_late_increasing","clean_D2",1,"all_6_donors_n11",100,0.161936595692728,0.93,0.34,TRUE
"RHOC","D2_late_increasing","clean_D2",1,"five_donors_n43",100,0.216960052839082,1,0.59,TRUE
"UROD","D2_late_increasing","clean_D2",1,"all_6_donors_n11",100,0.241993608546785,1,0.64,TRUE
"UROD","D2_late_increasing","clean_D2",1,"five_donors_n43",100,0.234028682482767,1,0.77,TRUE
"IMPDH1","D2_late_increasing","clean_D2",1,"all_6_donors_n11",100,0.218466947421053,0.92,0.55,TRUE
"IMPDH1","D2_late_increasing","clean_D2",1,"five_donors_n43",100,0.187509040054312,1,0.36,TRUE
"YIF1B","D2_late_increasing","clean_D2",1,"all_6_donors_n11",100,0.177050039208827,0.94,0.39,TRUE
"YIF1B","D2_late_increasing","clean_D2",1,"five_donors_n43",100,0.233147844641319,1,0.72,TRUE
"MED8","D2_late_increasing","clean_D2",1,"five_donors_n43",100,0.213726074104819,1,0.62,TRUE
"MED8","D2_late_increasing","clean_D2",1,"all_6_donors_n11",100,0.252559371569525,0.99,0.67,TRUE
"UQCC2","D2_late_increasing","clean_D2",1,"five_donors_n43",100,0.239092639168725,1,0.81,TRUE
"UQCC2","D2_late_increasing","clean_D2",1,"all_6_donors_n11",100,0.280828787975802,1,0.79,TRUE
"CD276","D2_late_increasing","clean_D2",1,"five_donors_n43",100,0.211851411957359,1,0.62,TRUE
"CD276","D2_late_increasing","clean_D2",1,"all_6_donors_n11",100,0.244742480952855,0.99,0.64,TRUE
"GLMP","D2_late_increasing","clean_D2",1,"all_6_donors_n11",100,0.237405646993589,0.98,0.62,TRUE
"GLMP","D2_late_increasing","clean_D2",1,"five_donors_n43",100,0.233195476412446,1,0.75,TRUE
"BTN3A2","D2_late_increasing","clean_D2",1,"all_6_donors_n11",100,0.260431352466274,1,0.78,TRUE
"BTN3A2","D2_late_increasing","clean_D2",1,"five_donors_n43",100,0.250904336586358,1,0.9,TRUE
"TANC2","D2_late_increasing","clean_D2",1,"five_donors_n43",100,0.250049951771891,1,0.81,TRUE
"TANC2","D2_late_increasing","clean_D2",1,"all_6_donors_n11",100,0.252895308607576,0.99,0.71,TRUE
"ZNHIT1","D2_late_increasing","clean_D2",1,"five_donors_n43",100,0.251101425194738,1,0.9,TRUE
"ZNHIT1","D2_late_increasing","clean_D2",1,"all_6_donors_n11",100,0.249771564562703,1,0.77,TRUE
"EIF4G1","D2_late_increasing","clean_D2",1,"all_6_donors_n11",100,0.301237355699332,1,0.85,TRUE
"EIF4G1","D2_late_increasing","clean_D2",1,"five_donors_n43",100,0.232217914158137,1,0.75,TRUE
"UQCRQ","D2_late_increasing","clean_D2",1,"all_6_donors_n11",100,0.258593200521615,0.99,0.69,TRUE
"UQCRQ","D2_late_increasing","clean_D2",1,"five_donors_n43",100,0.235589855619112,1,0.77,TRUE
"GRIN2D","D2_late_increasing","clean_D2",1,"five_donors_n43",100,0.252218340026406,1,0.84,TRUE
"GRIN2D","D2_late_increasing","clean_D2",1,"all_6_donors_n11",100,0.264114298604022,0.97979797979798,0.737373737373737,TRUE
"COPA","D2_late_increasing","clean_D2",1,"five_donors_n43",100,0.246906955396936,1,0.84,TRUE
"COPA","D2_late_increasing","clean_D2",1,"all_6_donors_n11",100,0.285395774589181,1,0.74,TRUE
"FMO1","D2_late_increasing","clean_D2",1,"all_6_donors_n11",100,0.290469178464821,1,0.84,TRUE
"FMO1","D2_late_increasing","clean_D2",1,"five_donors_n43",100,0.280712899987221,1,1,TRUE
"CD63","D2_late_increasing","clean_D2",1,"all_6_donors_n11",100,0.33151351451108,1,0.85,TRUE
"CD63","D2_late_increasing","clean_D2",1,"five_donors_n43",100,0.258306929588057,1,0.84,TRUE
"ARPC4","D2_late_increasing","clean_D2",1,"five_donors_n43",100,0.281010439569487,1,0.97,TRUE
"ARPC4","D2_late_increasing","clean_D2",1,"all_6_donors_n11",100,0.258342284021642,0.98,0.74,TRUE
"ITGB1BP1","D2_late_increasing","clean_D2",1,"five_donors_n43",100,0.232964211063193,1,0.77,TRUE
"ITGB1BP1","D2_late_increasing","clean_D2",1,"all_6_donors_n11",100,0.254840786459028,1,0.76,TRUE
"NDST1","D2_late_increasing","clean_D2",1,"five_donors_n43",100,0.226997006478692,1,0.71,TRUE
"NDST1","D2_late_increasing","clean_D2",1,"all_6_donors_n11",100,0.171674381954867,0.94,0.39,TRUE
"CHPF2","D2_late_increasing","clean_D2",1,"all_6_donors_n11",100,0.332564780688971,1,0.89,TRUE
"CHPF2","D2_late_increasing","clean_D2",1,"five_donors_n43",100,0.300647702447959,1,0.99,TRUE
"GLT8D2","D2_late_increasing","clean_D2",1,"all_6_donors_n11",100,0.227341056374113,0.97,0.63,TRUE
"GLT8D2","D2_late_increasing","clean_D2",1,"five_donors_n43",100,0.223814904607559,1,0.69,TRUE
"ATP6V0D1","D2_late_increasing","clean_D2",1,"all_6_donors_n11",100,0.261422764486054,1,0.74,TRUE
"ATP6V0D1","D2_late_increasing","clean_D2",1,"five_donors_n43",100,0.271449552236828,1,0.94,TRUE
"SEMA3C","D2_late_increasing","clean_D2",1,"five_donors_n43",100,0.257210268773597,1,0.9,TRUE
"SEMA3C","D2_late_increasing","clean_D2",1,"all_6_donors_n11",100,0.273191302042164,0.99,0.75,TRUE
"PLEKHA4","D2_late_increasing","clean_D2",1,"all_6_donors_n11",100,0.259986515275215,1,0.73,TRUE
"PLEKHA4","D2_late_increasing","clean_D2",1,"five_donors_n43",100,0.235376925385911,1,0.85,TRUE
"ARPC1A","D2_late_increasing","clean_D2",1,"all_6_donors_n11",100,0.241370012207364,0.99,0.63,TRUE
"ARPC1A","D2_late_increasing","clean_D2",1,"five_donors_n43",100,0.199712801789477,1,0.49,TRUE
"A2M","D2_late_increasing","clean_D2",1,"all_6_donors_n11",100,0.13504083484187,0.95,0.25,TRUE
"A2M","D2_late_increasing","clean_D2",1,"five_donors_n43",100,0.113782128065842,1,0.04,TRUE
"CDK2AP1","D2_late_increasing","clean_D2",1,"five_donors_n43",100,0.167817664215893,1,0.26,TRUE
"CDK2AP1","D2_late_increasing","clean_D2",1,"all_6_donors_n11",100,0.246170373605206,0.98,0.62,TRUE
"MINOS1-NBL1","D2_late_increasing","clean_D2",1,"all_6_donors_n11",100,0.145955822575945,0.93,0.24,TRUE
"MINOS1-NBL1","D2_late_increasing","clean_D2",1,"five_donors_n43",100,0.195895888023934,1,0.46,TRUE
"HAPLN3","D2_late_increasing","clean_D2",1,"all_6_donors_n11",100,0.261901032705759,0.99,0.7,TRUE
"HAPLN3","D2_late_increasing","clean_D2",1,"five_donors_n43",100,0.253128628830365,1,0.9,TRUE
"TPM2","D2_late_increasing","clean_D2",1,"all_6_donors_n11",100,0.228014022130693,0.97,0.6,TRUE
"TPM2","D2_late_increasing","clean_D2",1,"five_donors_n43",100,0.276673534647637,1,0.95,TRUE
"ZEB1","D2_late_increasing","clean_D2",1,"five_donors_n43",100,0.157395322319907,1,0.28,TRUE
"ZEB1","D2_late_increasing","clean_D2",1,"all_6_donors_n11",100,0.0831938065310712,0.83,0.14,TRUE
"ERCC1","D2_late_increasing","clean_D2",1,"five_donors_n43",100,0.272536708035296,1,0.93,TRUE
"ERCC1","D2_late_increasing","clean_D2",1,"all_6_donors_n11",100,0.170217567824112,0.97,0.38,TRUE
"MEIS3","D2_late_increasing","clean_D2",1,"all_6_donors_n11",100,0.244403292439511,0.99,0.69,TRUE
"MEIS3","D2_late_increasing","clean_D2",1,"five_donors_n43",100,0.259482492223786,1,0.94,TRUE
"ACTB","D2_late_increasing","clean_D2",1,"all_6_donors_n11",100,0.278045873311649,0.99,0.75,TRUE
"ACTB","D2_late_increasing","clean_D2",1,"five_donors_n43",100,0.209669895774121,1,0.57,TRUE
"MYLK","D2_late_increasing","clean_D2",1,"all_6_donors_n11",100,0.263932370743158,0.99,0.8,TRUE
"MYLK","D2_late_increasing","clean_D2",1,"five_donors_n43",100,0.249936036964106,1,0.83,TRUE
"CD82","D2_late_increasing","clean_D2",1,"five_donors_n43",100,0.21674257721995,1,0.61,TRUE
"CD82","D2_late_increasing","clean_D2",1,"all_6_donors_n11",100,0.24381631546461,1,0.69,TRUE
"PLXNB2","D2_late_increasing","clean_D2",1,"all_6_donors_n11",100,0.19049992999188,0.95,0.46,TRUE
"PLXNB2","D2_late_increasing","clean_D2",1,"five_donors_n43",100,0.239164913192382,1,0.87,TRUE
"PLOD2","D2_late_increasing","clean_D2",1,"all_6_donors_n11",100,0.300745354986147,0.98,0.78,TRUE
"PLOD2","D2_late_increasing","clean_D2",1,"five_donors_n43",100,0.259337539269194,1,0.92,TRUE
"LINC01615","D2_late_increasing","clean_D2",1,"all_6_donors_n11",100,0.284467451744268,1,0.848484848484849,TRUE
"LINC01615","D2_late_increasing","clean_D2",1,"five_donors_n43",100,0.273088214256836,1,0.95,TRUE
"MRPL17","D2_late_increasing","none",1,"five_donors_n43",100,0.206663939821701,1,0.54,TRUE
"MRPL17","D2_late_increasing","none",1,"all_6_donors_n11",100,0.178010322572679,0.92,0.42,TRUE
"SLC39A13","D2_late_increasing","clean_D2",1,"all_6_donors_n11",100,0.257078649362699,1,0.75,TRUE
"SLC39A13","D2_late_increasing","clean_D2",1,"five_donors_n43",100,0.21696965006339,1,0.69,TRUE
"ARHGAP28","D2_late_increasing","clean_D2",1,"all_6_donors_n11",100,0.281765869715135,0.97,0.75,TRUE
"ARHGAP28","D2_late_increasing","clean_D2",1,"five_donors_n43",100,0.290113907724539,1,0.98,TRUE
"RAD51B","D2_late_increasing","clean_D2",1,"all_6_donors_n11",100,0.133662516074337,0.89,0.28,TRUE
"RAD51B","D2_late_increasing","clean_D2",1,"five_donors_n43",100,0.164280758026456,1,0.26,TRUE
"CTSC","D2_late_increasing","clean_D2",1,"five_donors_n43",100,0.325287038217104,1,1,TRUE
"CTSC","D2_late_increasing","clean_D2",1,"all_6_donors_n11",100,0.377783800493691,1,0.98,TRUE
"NANS","D2_late_increasing","clean_D2",1,"five_donors_n43",100,0.224183352897522,1,0.75,TRUE
"NANS","D2_late_increasing","clean_D2",1,"all_6_donors_n11",100,0.239602317688511,0.98,0.62,TRUE
"GAA","D2_late_increasing","clean_D2",1,"five_donors_n43",100,0.239059917381113,1,0.86,TRUE
"GAA","D2_late_increasing","clean_D2",1,"all_6_donors_n11",100,0.283734715633606,0.99,0.82,TRUE
"TNFRSF1A","D2_late_increasing","clean_D2",1,"all_6_donors_n11",100,0.284306890824182,0.99,0.81,TRUE
"TNFRSF1A","D2_late_increasing","clean_D2",1,"five_donors_n43",100,0.300298647647929,1,0.98,TRUE
"GALNT2","D2_late_increasing","clean_D2",1,"all_6_donors_n11",100,0.166333137140962,0.98,0.4,TRUE
"GALNT2","D2_late_increasing","clean_D2",1,"five_donors_n43",100,0.18989019109909,1,0.44,TRUE
"PLAUR","D2_late_increasing","clean_D2",1,"five_donors_n43",100,0.238998635767679,1,0.81,TRUE
"PLAUR","D2_late_increasing","clean_D2",1,"all_6_donors_n11",100,0.210910307995934,0.98,0.51,TRUE
"PAPSS2","D2_late_increasing","clean_D2",1,"five_donors_n43",100,0.203695005041842,1,0.53,TRUE
"PAPSS2","D2_late_increasing","clean_D2",1,"all_6_donors_n11",100,0.247703438158296,0.99,0.67,TRUE
"DAPK3","D2_late_increasing","clean_D2",1,"all_6_donors_n11",100,0.207762943576734,0.98,0.52,TRUE
"DAPK3","D2_late_increasing","clean_D2",1,"five_donors_n43",100,0.226578925922853,1,0.7,TRUE
"GPI","D2_late_increasing","clean_D2",1,"all_6_donors_n11",100,0.318903667304731,1,0.89,TRUE
"GPI","D2_late_increasing","clean_D2",1,"five_donors_n43",100,0.275307017276661,1,0.97,TRUE
"AGTRAP","D2_late_increasing","clean_D2",1,"five_donors_n43",100,0.252708393150442,1,0.86,TRUE
"AGTRAP","D2_late_increasing","clean_D2",1,"all_6_donors_n11",100,0.262998396696223,1,0.8,TRUE
"HOMER3","D2_late_increasing","clean_D2",1,"five_donors_n43",100,0.240940512383183,1,0.82,TRUE
"HOMER3","D2_late_increasing","clean_D2",1,"all_6_donors_n11",100,0.197936675321955,0.95,0.47,TRUE
"NAA10","D2_late_increasing","clean_D2",1,"all_6_donors_n11",100,0.261862167770868,0.99,0.71,TRUE
"NAA10","D2_late_increasing","clean_D2",1,"five_donors_n43",100,0.234217056649004,1,0.77,TRUE
"COPZ1","D2_late_increasing","clean_D2",1,"all_6_donors_n11",100,0.248561900002441,0.96,0.63,TRUE
"COPZ1","D2_late_increasing","clean_D2",1,"five_donors_n43",100,0.196589426368402,1,0.47,TRUE
"NRBP1","D2_late_increasing","clean_D2",1,"five_donors_n43",100,0.23565728979065,1,0.8,TRUE
"NRBP1","D2_late_increasing","clean_D2",1,"all_6_donors_n11",100,0.215275242998424,0.97,0.52,TRUE
"NPTX2","D2_late_increasing","clean_D2",1,"five_donors_n43",100,0.22855769821601,1,0.75,TRUE
"NPTX2","D2_late_increasing","clean_D2",1,"all_6_donors_n11",100,0.144350781492069,0.94,0.25,TRUE
"CXXC5","D2_late_increasing","clean_D2",1,"five_donors_n43",100,0.269170317237682,1,0.92,TRUE
"CXXC5","D2_late_increasing","clean_D2",1,"all_6_donors_n11",100,0.257000946737905,0.99,0.64,TRUE
"TMEM147","D2_late_increasing","clean_D2",1,"all_6_donors_n11",100,0.237700355913523,1,0.6,TRUE
"TMEM147","D2_late_increasing","clean_D2",1,"five_donors_n43",100,0.192923850987295,1,0.41,TRUE
"CTTN","D2_late_increasing","clean_D2",1,"all_6_donors_n11",100,0.184076188312593,0.96,0.42,TRUE
"CTTN","D2_late_increasing","clean_D2",1,"five_donors_n43",100,0.26512934827127,1,0.88,TRUE
"METRNL","D2_late_increasing","clean_D2",1,"all_6_donors_n11",100,0.312862040984406,1,0.82,TRUE
"METRNL","D2_late_increasing","clean_D2",1,"five_donors_n43",100,0.290667553183053,1,0.96,TRUE
"XBP1","D2_late_increasing","clean_D2",1,"five_donors_n43",100,0.193834229714233,1,0.44,TRUE
"XBP1","D2_late_increasing","clean_D2",1,"all_6_donors_n11",100,0.140852002116317,0.87,0.22,TRUE
"FUT11","D2_late_increasing","clean_D2",1,"all_6_donors_n11",100,0.30509092592497,1,0.87,TRUE
"FUT11","D2_late_increasing","clean_D2",1,"five_donors_n43",100,0.27840175012786,1,0.98,TRUE
"DNPH1","D2_late_increasing","clean_D2",1,"all_6_donors_n11",100,0.271232011479456,1,0.8,TRUE
"DNPH1","D2_late_increasing","clean_D2",1,"five_donors_n43",100,0.231733439787957,1,0.81,TRUE
"MRPL52","D2_late_increasing","none",1,"all_6_donors_n11",100,0.287913335842062,1,0.85,TRUE
"MRPL52","D2_late_increasing","none",1,"five_donors_n43",100,0.245923355824238,1,0.81,TRUE
"ST3GAL2","D2_late_increasing","clean_D2",1,"five_donors_n43",100,0.313584480353593,1,0.97,TRUE
"ST3GAL2","D2_late_increasing","clean_D2",1,"all_6_donors_n11",100,0.308483633206345,1,0.85,TRUE
"FIBP","D2_late_increasing","clean_D2",1,"all_6_donors_n11",100,0.255629940137937,0.98,0.73,TRUE
"FIBP","D2_late_increasing","clean_D2",1,"five_donors_n43",100,0.253432848136574,1,0.91,TRUE
"ETHE1","D2_late_increasing","clean_D2",1,"all_6_donors_n11",100,0.189107597321348,0.96,0.46,TRUE
"ETHE1","D2_late_increasing","clean_D2",1,"five_donors_n43",100,0.238052099873361,1,0.81,TRUE
"TMEM219","D2_late_increasing","clean_D2",1,"all_6_donors_n11",100,0.21499017612629,0.99,0.57,TRUE
"TMEM219","D2_late_increasing","clean_D2",1,"five_donors_n43",100,0.262654802009407,1,0.94,TRUE
"CDC42EP5","D2_late_increasing","clean_D2",1,"five_donors_n43",100,0.264878473073514,1,0.92,TRUE
"CDC42EP5","D2_late_increasing","clean_D2",1,"all_6_donors_n11",100,0.154532657255132,0.93,0.25,TRUE
"C7orf73","D2_late_increasing","clean_D2",1,"five_donors_n43",100,0.263415754948214,1,0.9,TRUE
"C7orf73","D2_late_increasing","clean_D2",1,"all_6_donors_n11",100,0.310596542154965,1,0.9,TRUE
"S100A13","D2_late_increasing","clean_D2",1,"all_6_donors_n11",100,0.3209156454337,1,0.88,TRUE
"S100A13","D2_late_increasing","clean_D2",1,"five_donors_n43",100,0.295503580329632,1,1,TRUE
"ZYX","D2_late_increasing","clean_D2",1,"all_6_donors_n11",100,0.275291787931912,0.98,0.79,TRUE
"ZYX","D2_late_increasing","clean_D2",1,"five_donors_n43",100,0.246060990285577,1,0.77,TRUE
"PDZRN4","D2_late_increasing","clean_D2",1,"all_6_donors_n11",100,0.193535779659648,0.97,0.44,TRUE
"PDZRN4","D2_late_increasing","clean_D2",1,"five_donors_n43",100,0.228544804665467,1,0.73,TRUE
"MRPL12","D2_late_increasing","none",1,"five_donors_n43",100,0.20772618029924,1,0.58,TRUE
"MRPL12","D2_late_increasing","none",1,"all_6_donors_n11",100,0.220595629694905,0.97,0.6,TRUE
"MAP7D1","D2_late_increasing","clean_D2",1,"all_6_donors_n11",100,0.277334738808217,0.98,0.77,TRUE
"MAP7D1","D2_late_increasing","clean_D2",1,"five_donors_n43",100,0.232046733013076,1,0.79,TRUE
"FHL3","D2_late_increasing","clean_D2",1,"all_6_donors_n11",100,0.279404728912177,0.99,0.78,TRUE
"FHL3","D2_late_increasing","clean_D2",1,"five_donors_n43",100,0.247486165686393,1,0.86,TRUE
"PGLS","D2_late_increasing","clean_D2",1,"all_6_donors_n11",100,0.252659328688788,0.97,0.69,TRUE
"PGLS","D2_late_increasing","clean_D2",1,"five_donors_n43",100,0.206519827136588,1,0.54,TRUE
"CAPZB","D2_late_increasing","clean_D2",1,"five_donors_n43",100,0.222648979037,1,0.72,TRUE
"CAPZB","D2_late_increasing","clean_D2",1,"all_6_donors_n11",100,0.225143784861415,0.93,0.67,TRUE
"ERI3","D2_late_increasing","clean_D2",1,"all_6_donors_n11",100,0.214131360609704,0.99,0.57,TRUE
"ERI3","D2_late_increasing","clean_D2",1,"five_donors_n43",100,0.244313734291348,1,0.83,TRUE
"PDE4DIP","D2_late_increasing","clean_D2",1,"all_6_donors_n11",100,0.339670734292087,1,0.92,TRUE
"PDE4DIP","D2_late_increasing","clean_D2",1,"five_donors_n43",100,0.324735060619799,1,1,TRUE
"GALNT10","D2_late_increasing","clean_D2",1,"all_6_donors_n11",100,0.245794129844135,0.99,0.67,TRUE
"GALNT10","D2_late_increasing","clean_D2",1,"five_donors_n43",100,0.219330988199343,1,0.69,TRUE
"B4GALT1","D2_late_increasing","clean_D2",1,"five_donors_n43",100,0.255863310133968,1,0.79,TRUE
"B4GALT1","D2_late_increasing","clean_D2",1,"all_6_donors_n11",100,0.264308056574701,0.99,0.7,TRUE
"NME1","D2_late_increasing","clean_D2",1,"five_donors_n43",100,0.281574194780924,1,0.94,TRUE
"NME1","D2_late_increasing","clean_D2",1,"all_6_donors_n11",100,0.263036751741966,1,0.72,TRUE
"LMF2","D2_late_increasing","clean_D2",1,"five_donors_n43",100,0.223280414870317,1,0.69,TRUE
"LMF2","D2_late_increasing","clean_D2",1,"all_6_donors_n11",100,0.167246936032867,0.97,0.43,TRUE
"DPM2","D2_late_increasing","clean_D2",1,"all_6_donors_n11",100,0.227940246016575,0.96,0.59,TRUE
"DPM2","D2_late_increasing","clean_D2",1,"five_donors_n43",100,0.227361724446161,1,0.71,TRUE
"VTI1B","D2_late_increasing","clean_D2",1,"all_6_donors_n11",100,0.288814049951617,1,0.89,TRUE
"VTI1B","D2_late_increasing","clean_D2",1,"five_donors_n43",100,0.254043749836708,1,0.88,TRUE
"TRAPPC2L","D2_late_increasing","clean_D2",1,"five_donors_n43",100,0.273917149156027,1,0.98,TRUE
"TRAPPC2L","D2_late_increasing","clean_D2",1,"all_6_donors_n11",100,0.21149842365073,1,0.56,TRUE
"THBS3","D2_late_increasing","clean_D2",1,"five_donors_n43",100,0.250380945286308,1,0.92,TRUE
"THBS3","D2_late_increasing","clean_D2",1,"all_6_donors_n11",100,0.269209359656528,1,0.74,TRUE
"CNN2","D2_late_increasing","clean_D2",1,"all_6_donors_n11",100,0.187596557378444,0.93,0.43,TRUE
"CNN2","D2_late_increasing","clean_D2",1,"five_donors_n43",100,0.268624666204001,1,0.93,TRUE
"DYNLT1","D2_late_increasing","clean_D2",1,"all_6_donors_n11",100,0.251268560167604,0.99,0.72,TRUE
"DYNLT1","D2_late_increasing","clean_D2",1,"five_donors_n43",100,0.233967948781316,1,0.75,TRUE
"VGLL3","D2_late_increasing","clean_D2",1,"five_donors_n43",100,0.284532100149442,1,0.96,TRUE
"VGLL3","D2_late_increasing","clean_D2",1,"all_6_donors_n11",100,0.245475470746306,1,0.67,TRUE
"TRIOBP","D2_late_increasing","clean_D2",1,"five_donors_n43",100,0.223790298200532,1,0.73,TRUE
"TRIOBP","D2_late_increasing","clean_D2",1,"all_6_donors_n11",100,0.281979283869164,0.99,0.79,TRUE
"THBS1","D2_late_increasing","clean_D2",1,"all_6_donors_n11",100,0.247778642855265,1,0.79,TRUE
"THBS1","D2_late_increasing","clean_D2",1,"five_donors_n43",100,0.265417831063757,1,0.95,TRUE
"EPHB3","D2_late_increasing","clean_D2",1,"all_6_donors_n11",100,0.304620377084594,0.99,0.82,TRUE
"EPHB3","D2_late_increasing","clean_D2",1,"five_donors_n43",100,0.285054810533141,1,0.98,TRUE
"POMP","D2_late_increasing","clean_D2",1,"five_donors_n43",100,0.280816238336371,1,0.93,TRUE
"POMP","D2_late_increasing","clean_D2",1,"all_6_donors_n11",100,0.341735009612932,1,0.85,TRUE
"MFAP2","D2_late_increasing","clean_D2",1,"five_donors_n43",100,0.257055973765913,1,0.87,TRUE
"MFAP2","D2_late_increasing","clean_D2",1,"all_6_donors_n11",100,0.247258305610826,0.99,0.68,TRUE
"FAM195B","D2_late_increasing","clean_D2",1,"five_donors_n43",100,0.243690924737369,1,0.8,TRUE
"FAM195B","D2_late_increasing","clean_D2",1,"all_6_donors_n11",100,0.30772670772063,1,0.78,TRUE
"C11orf96","D2_late_increasing","clean_D2",1,"all_6_donors_n11",100,0.309948705276979,1,0.85,TRUE
"C11orf96","D2_late_increasing","clean_D2",1,"five_donors_n43",100,0.252967221008025,1,0.86,TRUE
"PXDN","D2_late_increasing","clean_D2",1,"five_donors_n43",100,0.31527192852339,1,0.99,TRUE
"PXDN","D2_late_increasing","clean_D2",1,"all_6_donors_n11",100,0.334091137508492,1,0.91,TRUE
"COMMD5","D2_late_increasing","clean_D2",1,"five_donors_n43",100,0.323029406335383,1,1,TRUE
"COMMD5","D2_late_increasing","clean_D2",1,"all_6_donors_n11",100,0.247257114092945,0.97,0.67,TRUE
"P4HA3","D2_late_increasing","clean_D2",1,"five_donors_n43",100,0.160765822264791,1,0.2,TRUE
"P4HA3","D2_late_increasing","clean_D2",1,"all_6_donors_n11",100,0.159138282613707,0.86,0.38,TRUE
"VOPP1","D2_late_increasing","clean_D2",1,"all_6_donors_n11",100,0.260750824830306,1,0.73,TRUE
"VOPP1","D2_late_increasing","clean_D2",1,"five_donors_n43",100,0.226391160303399,1,0.74,TRUE
"ALDH1L2","D2_late_increasing","clean_D2",1,"five_donors_n43",100,0.256507865595942,1,0.85,TRUE
"ALDH1L2","D2_late_increasing","clean_D2",1,"all_6_donors_n11",100,0.223664772325567,0.95,0.62,TRUE
"TNFSF10","D2_late_increasing","clean_D2",1,"five_donors_n43",100,0.255521079552994,1,0.93,TRUE
"TNFSF10","D2_late_increasing","clean_D2",1,"all_6_donors_n11",100,0.284798487222526,1,0.86,TRUE
"HEXA","D2_late_increasing","clean_D2",1,"five_donors_n43",100,0.303976622329928,1,0.98,TRUE
"HEXA","D2_late_increasing","clean_D2",1,"all_6_donors_n11",100,0.30832493887137,1,0.88,TRUE
"SEMA3B","D2_late_increasing","clean_D2",1,"all_6_donors_n11",100,0.286539774820106,1,0.81,TRUE
"SEMA3B","D2_late_increasing","clean_D2",1,"five_donors_n43",100,0.253879943011958,1,0.97,TRUE
"UBE2L6","D2_late_increasing","clean_D2",1,"five_donors_n43",100,0.260268741557808,1,0.86,TRUE
"UBE2L6","D2_late_increasing","clean_D2",1,"all_6_donors_n11",100,0.216482966422238,0.99,0.59,TRUE
"SURF4","D2_late_increasing","clean_D2",1,"five_donors_n43",100,0.288651218094253,1,0.98,TRUE
"SURF4","D2_late_increasing","clean_D2",1,"all_6_donors_n11",100,0.300277993337343,1,0.78,TRUE
"SPARCL1","D2_late_increasing","clean_D2",1,"five_donors_n43",100,0.198170260197758,1,0.49,TRUE
"SPARCL1","D2_late_increasing","clean_D2",1,"all_6_donors_n11",100,0.189944944742743,0.98,0.45,TRUE
"LASP1","D2_late_increasing","clean_D2",1,"all_6_donors_n11",100,0.240482619644671,0.99,0.61,TRUE
"LASP1","D2_late_increasing","clean_D2",1,"five_donors_n43",100,0.241518772829706,1,0.82,TRUE
"TP53I3","D2_late_increasing","clean_D2",1,"all_6_donors_n11",100,0.305872370619973,1,0.83,TRUE
"TP53I3","D2_late_increasing","clean_D2",1,"five_donors_n43",100,0.266551401341868,1,0.95,TRUE
"SRPRB","D2_late_increasing","clean_D2",1,"five_donors_n43",100,0.274539360364565,1,0.93,TRUE
"SRPRB","D2_late_increasing","clean_D2",1,"all_6_donors_n11",100,0.235432493158566,1,0.71,TRUE
"SHISA5","D2_late_increasing","clean_D2",1,"five_donors_n43",100,0.268507420382767,1,0.93,TRUE
"SHISA5","D2_late_increasing","clean_D2",1,"all_6_donors_n11",100,0.338283839737361,1,0.85,TRUE
"CTGF","D2_late_increasing","clean_D2",1,"five_donors_n43",100,0.280216615163383,1,0.97,TRUE
"CTGF","D2_late_increasing","clean_D2",1,"all_6_donors_n11",100,0.294115634063918,1,0.85,TRUE
"AC024592.12","D2_late_increasing","clean_D2",1,"all_6_donors_n11",100,0.246346186877509,1,0.66,TRUE
"AC024592.12","D2_late_increasing","clean_D2",1,"five_donors_n43",100,0.242888569824262,1,0.77,TRUE
"TENM3","D2_late_increasing","clean_D2",1,"five_donors_n43",100,0.254769965814196,1,0.74,TRUE
"TENM3","D2_late_increasing","clean_D2",1,"all_6_donors_n11",100,0.272494101603679,0.96,0.61,TRUE
"TMEM261","D2_late_increasing","clean_D2",1,"five_donors_n43",100,0.238177796037944,1,0.74,TRUE
"TMEM261","D2_late_increasing","clean_D2",1,"all_6_donors_n11",100,0.240765143843047,0.97,0.67,TRUE
"JTB","D2_late_increasing","clean_D2",1,"five_donors_n43",100,0.262876330128607,1,0.95,TRUE
"JTB","D2_late_increasing","clean_D2",1,"all_6_donors_n11",100,0.169038658411359,0.94,0.41,TRUE
"NSMCE1","D2_late_increasing","clean_D2",1,"all_6_donors_n11",100,0.27119649522013,0.99,0.77,TRUE
"NSMCE1","D2_late_increasing","clean_D2",1,"five_donors_n43",100,0.250466550531841,1,0.89,TRUE
"CCDC28B","D2_late_increasing","clean_D2",1,"five_donors_n43",100,0.293671876780532,1,0.98,TRUE
"CCDC28B","D2_late_increasing","clean_D2",1,"all_6_donors_n11",100,0.314846263689801,1,0.94,TRUE
"GRN","D2_late_increasing","clean_D2",1,"five_donors_n43",100,0.279005812793413,1,0.93,TRUE
"GRN","D2_late_increasing","clean_D2",1,"all_6_donors_n11",100,0.265238093613133,0.98,0.82,TRUE
"FLNA","D2_late_increasing","clean_D2",1,"five_donors_n43",100,0.279105252512252,1,0.93,TRUE
"FLNA","D2_late_increasing","clean_D2",1,"all_6_donors_n11",100,0.206063670580828,0.97,0.54,TRUE
"COPG1","D2_late_increasing","clean_D2",1,"all_6_donors_n11",100,0.216046357707356,0.96,0.57,TRUE
"COPG1","D2_late_increasing","clean_D2",1,"five_donors_n43",100,0.249722913859595,1,0.81,TRUE
"EIF4E2","D2_late_increasing","clean_D2",1,"five_donors_n43",100,0.236815788161499,1,0.79,TRUE
"EIF4E2","D2_late_increasing","clean_D2",1,"all_6_donors_n11",100,0.204066723883478,0.98,0.52,TRUE
"LAMB2","D2_late_increasing","clean_D2",1,"five_donors_n43",100,0.335809423337302,1,1,TRUE
"LAMB2","D2_late_increasing","clean_D2",1,"all_6_donors_n11",100,0.314281900751713,1,0.87,TRUE
"SHC1","D2_late_increasing","clean_D2",1,"five_donors_n43",100,0.262375353851196,1,0.85,TRUE
"SHC1","D2_late_increasing","clean_D2",1,"all_6_donors_n11",100,0.288795006071794,1,0.79,TRUE
"LUM","D2_late_increasing","clean_D2",1,"all_6_donors_n11",100,0.273458004568398,1,0.74,TRUE
"LUM","D2_late_increasing","clean_D2",1,"five_donors_n43",100,0.253011667185888,1,0.88,TRUE
"ISLR","D2_late_increasing","clean_D2",1,"all_6_donors_n11",100,0.266975275632846,0.99,0.71,TRUE
"ISLR","D2_late_increasing","clean_D2",1,"five_donors_n43",100,0.199303782078776,1,0.5,TRUE
"MYO1D","D2_late_increasing","clean_D2",1,"five_donors_n43",100,0.271538673329731,1,0.9,TRUE
"MYO1D","D2_late_increasing","clean_D2",1,"all_6_donors_n11",100,0.174749866997571,0.94,0.44,TRUE
"NEK6","D2_late_increasing","clean_D2",1,"five_donors_n43",100,0.285716735919015,1,0.98,TRUE
"NEK6","D2_late_increasing","clean_D2",1,"all_6_donors_n11",100,0.241507580693494,1,0.68,TRUE
"PGM1","D2_late_increasing","clean_D2",1,"all_6_donors_n11",100,0.240027319394898,1,0.66,TRUE
"PGM1","D2_late_increasing","clean_D2",1,"five_donors_n43",100,0.263793635440235,1,0.94,TRUE
"PFN1","D2_late_increasing","clean_D2",1,"all_6_donors_n11",100,0.250870817984527,0.99,0.67,TRUE
"PFN1","D2_late_increasing","clean_D2",1,"five_donors_n43",100,0.287101986765267,1,0.97,TRUE
"TMEM176B","D2_late_increasing","clean_D2",1,"five_donors_n43",100,0.311175509710217,1,0.95,TRUE
"TMEM176B","D2_late_increasing","clean_D2",1,"all_6_donors_n11",100,0.349869307933813,1,0.93,TRUE
"MLEC","D2_late_increasing","clean_D2",1,"five_donors_n43",100,0.243046878622337,1,0.81,TRUE
"MLEC","D2_late_increasing","clean_D2",1,"all_6_donors_n11",100,0.295542229605049,1,0.87,TRUE
"HN1","D2_late_increasing","clean_D2",1,"all_6_donors_n11",100,0.212570306653338,0.97,0.56,TRUE
"HN1","D2_late_increasing","clean_D2",1,"five_donors_n43",100,0.179428609906605,1,0.4,TRUE
"EDIL3","D2_late_increasing","clean_D2",1,"all_6_donors_n11",100,0.119324505863648,0.87,0.21,TRUE
"EDIL3","D2_late_increasing","clean_D2",1,"five_donors_n43",100,0.161624579378706,1,0.27,TRUE
"SNF8","D2_late_increasing","clean_D2",1,"five_donors_n43",100,0.277912441815222,1,0.96,TRUE
"SNF8","D2_late_increasing","clean_D2",1,"all_6_donors_n11",100,0.259644861991541,0.97,0.7,TRUE
"MPG","D2_late_increasing","clean_D2",1,"five_donors_n43",100,0.166647046642075,1,0.28,TRUE
"MPG","D2_late_increasing","clean_D2",1,"all_6_donors_n11",100,0.163415542177458,0.99,0.37,TRUE
"LINC01116","D2_late_increasing","clean_D2",1,"five_donors_n43",100,0.265615197690569,1,0.93,TRUE
"LINC01116","D2_late_increasing","clean_D2",1,"all_6_donors_n11",100,0.232966487918343,0.98,0.66,TRUE
"SWI5","D2_late_increasing","clean_D2",1,"all_6_donors_n11",100,0.271229497881372,0.98,0.76,TRUE
"SWI5","D2_late_increasing","clean_D2",1,"five_donors_n43",100,0.255418989931271,1,0.8,TRUE
"NXN","D2_late_increasing","clean_D2",1,"all_6_donors_n11",100,0.140457710946264,0.87,0.3,TRUE
"NXN","D2_late_increasing","clean_D2",1,"five_donors_n43",100,0.171722398262707,1,0.3,TRUE
"PTN","D2_late_increasing","clean_D2",1,"all_6_donors_n11",100,0.200237335600302,0.97,0.51,TRUE
"PTN","D2_late_increasing","clean_D2",1,"five_donors_n43",100,0.221079237532473,1,0.64,TRUE
"KRT6A","D2_late_increasing","none",1,"five_donors_n43",100,0.276171893172734,1,0.95,TRUE
"KRT6A","D2_late_increasing","none",1,"all_6_donors_n11",100,0.310201264653662,1,0.83,TRUE
"TPM4","D2_late_increasing","clean_D2",1,"all_6_donors_n11",100,0.223656866992196,0.98,0.59,TRUE
"TPM4","D2_late_increasing","clean_D2",1,"five_donors_n43",100,0.238146401122162,1,0.81,TRUE
"FAM89B","D2_late_increasing","clean_D2",1,"all_6_donors_n11",100,0.275637396499376,0.98,0.73,TRUE
"FAM89B","D2_late_increasing","clean_D2",1,"five_donors_n43",100,0.253190485142027,1,0.86,TRUE
"SMCO4","D2_late_increasing","clean_D2",1,"all_6_donors_n11",100,0.263718988180272,0.99,0.74,TRUE
"SMCO4","D2_late_increasing","clean_D2",1,"five_donors_n43",100,0.23099649783219,1,0.81,TRUE
"APBB2","D2_late_increasing","clean_D2",1,"five_donors_n43",100,0.26933569265248,1,0.92,TRUE
"APBB2","D2_late_increasing","clean_D2",1,"all_6_donors_n11",100,0.232311288276595,0.97,0.59,TRUE
"A1BG","D2_late_increasing","clean_D2",1,"all_6_donors_n11",100,0.268010289991737,0.99,0.79,TRUE
"A1BG","D2_late_increasing","clean_D2",1,"five_donors_n43",100,0.284659152371757,1,0.96,TRUE
"HES4","D2_late_increasing","clean_D2",1,"all_6_donors_n11",100,0.270149153015062,1,0.75,TRUE
"HES4","D2_late_increasing","clean_D2",1,"five_donors_n43",100,0.229479980720279,1,0.77,TRUE
"SSR4","D2_late_increasing","clean_D2",1,"all_6_donors_n11",100,0.304564949044752,1,0.86,TRUE
"SSR4","D2_late_increasing","clean_D2",1,"five_donors_n43",100,0.275877719809176,1,0.98,TRUE
"VAMP5","D2_late_increasing","clean_D2",1,"five_donors_n43",100,0.227205848444986,1,0.68,TRUE
"VAMP5","D2_late_increasing","clean_D2",1,"all_6_donors_n11",100,0.286629812839598,1,0.72,TRUE
"KRT16","D2_late_increasing","none",1,"five_donors_n43",100,0.275645416841378,1,0.98,TRUE
"KRT16","D2_late_increasing","none",1,"all_6_donors_n11",100,0.33091798274239,1,0.9,TRUE
"CTSZ","D2_late_increasing","clean_D2",1,"all_6_donors_n11",100,0.193808536682078,0.95,0.44,TRUE
"CTSZ","D2_late_increasing","clean_D2",1,"five_donors_n43",100,0.239620409039037,1,0.86,TRUE
"FIBIN","D2_late_increasing","clean_D2",1,"all_6_donors_n11",100,0.304230639038055,1,0.88,TRUE
"FIBIN","D2_late_increasing","clean_D2",1,"five_donors_n43",100,0.279233391603786,1,0.97,TRUE
"DNAJC1","D2_late_increasing","clean_D2",1,"all_6_donors_n11",100,0.293625368817436,0.99,0.83,TRUE
"DNAJC1","D2_late_increasing","clean_D2",1,"five_donors_n43",100,0.2819948777443,1,0.96,TRUE
"ZFHX4","D2_late_increasing","clean_D2",1,"five_donors_n43",100,0.269121318516172,1,0.9,TRUE
"ZFHX4","D2_late_increasing","clean_D2",1,"all_6_donors_n11",100,0.27148770739813,0.99,0.76,TRUE
"NEK10","D2_late_increasing","clean_D2",1,"all_6_donors_n11",100,0.215124195137651,0.96,0.58,TRUE
"NEK10","D2_late_increasing","clean_D2",1,"five_donors_n43",100,0.238514562493326,1,0.83,TRUE
"SGCD","D2_late_increasing","clean_D2",1,"all_6_donors_n11",100,0.188050266738533,0.96,0.43,TRUE
"SGCD","D2_late_increasing","clean_D2",1,"five_donors_n43",100,0.240866643129998,1,0.74,TRUE
"MSRB3","D2_late_increasing","clean_D2",1,"all_6_donors_n11",100,0.269646018387123,1,0.82,TRUE
"MSRB3","D2_late_increasing","clean_D2",1,"five_donors_n43",100,0.260095164219561,1,0.89,TRUE
"PGAM1","D2_late_increasing","clean_D2",1,"five_donors_n43",100,0.24160320253263,1,0.9,TRUE
"PGAM1","D2_late_increasing","clean_D2",1,"all_6_donors_n11",100,0.249162881582473,0.98,0.7,TRUE
"LRRC59","D2_late_increasing","clean_D2",1,"all_6_donors_n11",100,0.248014224188942,0.98,0.71,TRUE
"LRRC59","D2_late_increasing","clean_D2",1,"five_donors_n43",100,0.26104475578607,1,0.87,TRUE
"TAF10","D2_late_increasing","clean_D2",1,"all_6_donors_n11",100,0.293255888718357,1,0.82,TRUE
"TAF10","D2_late_increasing","clean_D2",1,"five_donors_n43",100,0.263891270432792,1,0.87,TRUE
"GPAA1","D2_late_increasing","clean_D2",1,"all_6_donors_n11",100,0.210611804387158,0.99,0.54,TRUE
"GPAA1","D2_late_increasing","clean_D2",1,"five_donors_n43",100,0.188432310568066,1,0.47,TRUE
"DBN1","D2_late_increasing","clean_D2",1,"five_donors_n43",100,0.288055397596421,1,0.96,TRUE
"DBN1","D2_late_increasing","clean_D2",1,"all_6_donors_n11",100,0.337450414383754,1,0.92,TRUE
"APOL2","D2_late_increasing","clean_D2",1,"five_donors_n43",100,0.291989137317528,1,0.98,TRUE
"APOL2","D2_late_increasing","clean_D2",1,"all_6_donors_n11",100,0.311966520870647,1,0.88,TRUE
"MAP4","D2_late_increasing","clean_D2",1,"five_donors_n43",100,0.222308931285818,1,0.63,TRUE
"MAP4","D2_late_increasing","clean_D2",1,"all_6_donors_n11",100,0.29411740242157,0.99,0.8,TRUE
"NDUFS8","D2_late_increasing","clean_D2",1,"all_6_donors_n11",100,0.26041008441165,1,0.77,TRUE
"NDUFS8","D2_late_increasing","clean_D2",1,"five_donors_n43",100,0.291567322670438,1,0.94,TRUE
"CAMK1D","D2_late_increasing","clean_D2",1,"all_6_donors_n11",100,0.21724731669779,0.95,0.53,TRUE
"CAMK1D","D2_late_increasing","clean_D2",1,"five_donors_n43",100,0.280906358132403,1,0.91,TRUE
"SH3PXD2A","D2_late_increasing","clean_D2",1,"five_donors_n43",100,0.265795915671414,1,0.88,TRUE
"SH3PXD2A","D2_late_increasing","clean_D2",1,"all_6_donors_n11",100,0.215646829792378,0.95,0.55,TRUE
"LAMC1","D2_late_increasing","clean_D2",1,"five_donors_n43",100,0.278088977418422,1,0.92,TRUE
"LAMC1","D2_late_increasing","clean_D2",1,"all_6_donors_n11",100,0.316306602437616,1,0.88,TRUE
"MYH9","D2_late_increasing","clean_D2",1,"all_6_donors_n11",100,0.302911581662026,1,0.83,TRUE
"MYH9","D2_late_increasing","clean_D2",1,"five_donors_n43",100,0.275398980610633,1,0.89,TRUE
"PLPP4","D2_late_increasing","clean_D2",1,"all_6_donors_n11",100,0.29368848136115,0.99,0.75,TRUE
"PLPP4","D2_late_increasing","clean_D2",1,"five_donors_n43",100,0.316711127529601,1,1,TRUE
"SEC24D","D2_late_increasing","clean_D2",1,"five_donors_n43",100,0.211573498289823,1,0.58,TRUE
"SEC24D","D2_late_increasing","clean_D2",1,"all_6_donors_n11",100,0.21352479162839,0.98,0.56,TRUE
"RPL22L1","D2_late_increasing","none",1,"five_donors_n43",100,0.261599335348646,1,0.91,TRUE
"RPL22L1","D2_late_increasing","none",1,"all_6_donors_n11",100,0.207029079456818,0.98,0.53,TRUE
"EIF4EBP1","D2_late_increasing","clean_D2",1,"all_6_donors_n11",100,0.265171931169693,0.99,0.72,TRUE
"EIF4EBP1","D2_late_increasing","clean_D2",1,"five_donors_n43",100,0.233776059030638,1,0.79,TRUE
"OSTC","D2_late_increasing","clean_D2",1,"all_6_donors_n11",100,0.306378681608292,1,0.9,TRUE
"OSTC","D2_late_increasing","clean_D2",1,"five_donors_n43",100,0.240133221674345,1,0.87,TRUE
"ILK","D2_late_increasing","clean_D2",1,"five_donors_n43",100,0.28223736368221,1,0.97,TRUE
"ILK","D2_late_increasing","clean_D2",1,"all_6_donors_n11",100,0.308859717529086,1,0.82,TRUE
"COPE","D2_late_increasing","clean_D2",1,"five_donors_n43",100,0.245204327457249,1,0.84,TRUE
"COPE","D2_late_increasing","clean_D2",1,"all_6_donors_n11",100,0.209403500449927,0.97,0.54,TRUE
"AHR","D2_late_increasing","clean_D2",1,"five_donors_n43",100,0.265196928759851,1,0.99,TRUE
"AHR","D2_late_increasing","clean_D2",1,"all_6_donors_n11",100,0.275513440700164,0.99,0.81,TRUE
"FAM50A","D2_late_increasing","clean_D2",1,"all_6_donors_n11",100,0.312881062116001,1,0.87,TRUE
"FAM50A","D2_late_increasing","clean_D2",1,"five_donors_n43",100,0.311629763860173,1,0.99,TRUE
"RYR2","D2_late_increasing","clean_D2",1,"all_6_donors_n11",100,0.258825797141842,0.98989898989899,0.828282828282828,TRUE
"RYR2","D2_late_increasing","clean_D2",1,"five_donors_n43",100,0.23679460518048,1,0.8,TRUE
"CNN3","D2_late_increasing","clean_D2",1,"all_6_donors_n11",100,0.289267501668323,1,0.78,TRUE
"CNN3","D2_late_increasing","clean_D2",1,"five_donors_n43",100,0.23663072288263,1,0.8,TRUE
"NGFR","D2_late_increasing","clean_D2",1,"five_donors_n43",100,0.257255668189235,1,0.92,TRUE
"NGFR","D2_late_increasing","clean_D2",1,"all_6_donors_n11",100,0.265839790653253,0.99,0.81,TRUE
"CCDC107","D2_late_increasing","clean_D2",1,"all_6_donors_n11",100,0.331855640780455,1,0.94,TRUE
"CCDC107","D2_late_increasing","clean_D2",1,"five_donors_n43",100,0.343858303917975,1,1,TRUE
"AQP1","D2_late_increasing","clean_D2",1,"all_6_donors_n11",100,0.208049452098415,0.96,0.52,TRUE
"AQP1","D2_late_increasing","clean_D2",1,"five_donors_n43",100,0.208867452102405,1,0.58,TRUE
"CYR61","D2_late_increasing","clean_D2",1,"all_6_donors_n11",100,0.243207842946436,1,0.7,TRUE
"CYR61","D2_late_increasing","clean_D2",1,"five_donors_n43",100,0.207427194041415,1,0.6,TRUE
"SMTN","D2_late_increasing","clean_D2",1,"five_donors_n43",100,0.247961507257384,1,0.84,TRUE
"SMTN","D2_late_increasing","clean_D2",1,"all_6_donors_n11",100,0.30242202264127,0.98,0.84,TRUE
"DAP","D2_late_increasing","clean_D2",1,"all_6_donors_n11",100,0.288826268284809,1,0.83,TRUE
"DAP","D2_late_increasing","clean_D2",1,"five_donors_n43",100,0.317524581865663,1,1,TRUE
"PHLDA3","D2_late_increasing","clean_D2",1,"all_6_donors_n11",100,0.208716297292648,0.98,0.55,TRUE
"PHLDA3","D2_late_increasing","clean_D2",1,"five_donors_n43",100,0.262401829146371,1,0.91,TRUE
"GARS","D2_late_increasing","clean_D2",1,"all_6_donors_n11",100,0.309028736474591,1,0.89,TRUE
"GARS","D2_late_increasing","clean_D2",1,"five_donors_n43",100,0.272789410143343,1,0.93,TRUE
"CGREF1","D2_late_increasing","clean_D2",1,"five_donors_n43",100,0.329481988334297,1,1,TRUE
"CGREF1","D2_late_increasing","clean_D2",1,"all_6_donors_n11",100,0.352826846469628,1,0.97,TRUE
"IDH2","D2_late_increasing","clean_D2",1,"five_donors_n43",100,0.204892432273996,1,0.53,TRUE
"IDH2","D2_late_increasing","clean_D2",1,"all_6_donors_n11",100,0.215594304366578,0.97,0.56,TRUE
"ERLEC1","D2_late_increasing","clean_D2",1,"all_6_donors_n11",100,0.206391396884735,0.98,0.53,TRUE
"ERLEC1","D2_late_increasing","clean_D2",1,"five_donors_n43",100,0.272768328466246,1,0.94,TRUE
"C9orf16","D2_late_increasing","clean_D2",1,"all_6_donors_n11",100,0.242588332407412,0.99,0.67,TRUE
"C9orf16","D2_late_increasing","clean_D2",1,"five_donors_n43",100,0.316971164714377,1,0.99,TRUE
"C1QTNF3","D2_late_increasing","clean_D2",1,"all_6_donors_n11",100,0.274705423477677,1,0.82,TRUE
"C1QTNF3","D2_late_increasing","clean_D2",1,"five_donors_n43",100,0.26469473683353,1,0.95,TRUE
"SDF4","D2_late_increasing","clean_D2",1,"five_donors_n43",100,0.333937637277342,1,0.98,TRUE
"SDF4","D2_late_increasing","clean_D2",1,"all_6_donors_n11",100,0.384719556960603,1,0.95,TRUE
"ZCCHC24","D2_late_increasing","clean_D2",1,"all_6_donors_n11",100,0.322898580207621,1,0.87,TRUE
"ZCCHC24","D2_late_increasing","clean_D2",1,"five_donors_n43",100,0.260432967036508,1,0.92,TRUE
"GMPPA","D2_late_increasing","clean_D2",1,"all_6_donors_n11",100,0.337008034817269,1,0.91,TRUE
"GMPPA","D2_late_increasing","clean_D2",1,"five_donors_n43",100,0.319293804683108,1,1,TRUE
"ALDH18A1","D2_late_increasing","clean_D2",1,"all_6_donors_n11",100,0.262924637717697,0.99,0.7,TRUE
"ALDH18A1","D2_late_increasing","clean_D2",1,"five_donors_n43",100,0.254700643309478,1,0.89,TRUE
"CIB1","D2_late_increasing","clean_D2",1,"five_donors_n43",100,0.301031562212571,1,0.96,TRUE
"CIB1","D2_late_increasing","clean_D2",1,"all_6_donors_n11",100,0.294320258944145,1,0.78,TRUE
"IGFBP6","D2_late_increasing","clean_D2",1,"all_6_donors_n11",100,0.316202722272437,1,0.92,TRUE
"IGFBP6","D2_late_increasing","clean_D2",1,"five_donors_n43",100,0.292955244400607,1,0.98,TRUE
"SLC27A4","D2_late_increasing","clean_D2",1,"all_6_donors_n11",100,0.308566179259426,1,0.85,TRUE
"SLC27A4","D2_late_increasing","clean_D2",1,"five_donors_n43",100,0.26439630696749,1,0.87,TRUE
"JOSD2","D2_late_increasing","clean_D2",1,"all_6_donors_n11",100,0.195687930073309,0.99,0.47,TRUE
"JOSD2","D2_late_increasing","clean_D2",1,"five_donors_n43",100,0.249878769167856,1,0.87,TRUE
"ENAH","D2_late_increasing","clean_D2",1,"five_donors_n43",100,0.22114888985949,1,0.69,TRUE
"ENAH","D2_late_increasing","clean_D2",1,"all_6_donors_n11",100,0.205610263405797,0.97,0.51,TRUE
"CD99","D2_late_increasing","clean_D2",1,"five_donors_n43",100,0.333021046101142,1,1,TRUE
"CD99","D2_late_increasing","clean_D2",1,"all_6_donors_n11",100,0.309303515651859,1,0.82,TRUE
"UCHL1","D2_late_increasing","clean_D2",1,"five_donors_n43",100,0.302656913024139,1,0.97,TRUE
"UCHL1","D2_late_increasing","clean_D2",1,"all_6_donors_n11",100,0.264637067440755,1,0.82,TRUE
"CALU","D2_late_increasing","clean_D2",1,"all_6_donors_n11",100,0.322714093155168,1,0.85,TRUE
"CALU","D2_late_increasing","clean_D2",1,"five_donors_n43",100,0.286816209393093,1,0.9,TRUE
"TMEM176A","D2_late_increasing","clean_D2",1,"all_6_donors_n11",100,0.357589530333838,1,0.93,TRUE
"TMEM176A","D2_late_increasing","clean_D2",1,"five_donors_n43",100,0.330646903262624,1,1,TRUE
"CKLF","D2_late_increasing","clean_D2",1,"five_donors_n43",100,0.33151131141662,1,1,TRUE
"CKLF","D2_late_increasing","clean_D2",1,"all_6_donors_n11",100,0.329831834194645,1,0.91,TRUE
"CYBA","D2_late_increasing","clean_D2",1,"five_donors_n43",100,0.250452583554192,1,0.87,TRUE
"CYBA","D2_late_increasing","clean_D2",1,"all_6_donors_n11",100,0.308709263696078,1,0.84,TRUE
"CSRP2","D2_late_increasing","clean_D2",1,"all_6_donors_n11",100,0.264324307366545,1,0.74,TRUE
"CSRP2","D2_late_increasing","clean_D2",1,"five_donors_n43",100,0.283941255972202,1,0.99,TRUE
"VEGFB","D2_late_increasing","clean_D2",1,"all_6_donors_n11",100,0.260496963962532,1,0.74,TRUE
"VEGFB","D2_late_increasing","clean_D2",1,"five_donors_n43",100,0.283538407958532,1,1,TRUE
"LAMTOR2","D2_late_increasing","clean_D2",1,"five_donors_n43",100,0.318373653177193,1,1,TRUE
"LAMTOR2","D2_late_increasing","clean_D2",1,"all_6_donors_n11",100,0.351407880602454,1,0.94,TRUE
"TUBA1C","D2_late_increasing","clean_D2",1,"five_donors_n43",100,0.299391781439599,1,0.99,TRUE
"TUBA1C","D2_late_increasing","clean_D2",1,"all_6_donors_n11",100,0.305649663820364,1,0.81,TRUE
"KIAA1462","D2_late_increasing","clean_D2",1,"all_6_donors_n11",100,0.30395069699942,0.99,0.83,TRUE
"KIAA1462","D2_late_increasing","clean_D2",1,"five_donors_n43",100,0.27852256005541,1,0.96,TRUE
"ACKR1","D2_late_increasing","clean_D2",1,"all_6_donors_n11",100,0.238623344434976,0.98,0.69,TRUE
"ACKR1","D2_late_increasing","clean_D2",1,"five_donors_n43",100,0.240819077112139,1,0.87,TRUE
"PACS1","D2_late_increasing","clean_D2",1,"five_donors_n43",100,0.282328687906581,1,0.95,TRUE
"PACS1","D2_late_increasing","clean_D2",1,"all_6_donors_n11",100,0.320482222255748,1,0.88,TRUE
"RRBP1","D2_late_increasing","clean_D2",1,"five_donors_n43",100,0.294540549628062,1,0.97,TRUE
"RRBP1","D2_late_increasing","clean_D2",1,"all_6_donors_n11",100,0.250920610981895,0.97,0.68,TRUE
"FBLN7","D2_late_increasing","clean_D2",1,"five_donors_n43",100,0.28867523176966,1,1,TRUE
"FBLN7","D2_late_increasing","clean_D2",1,"all_6_donors_n11",100,0.249955588942478,1,0.74,TRUE
"RTEL1-TNFRSF6B","D2_late_increasing","clean_D2",1,"all_6_donors_n11",100,0.34170483615697,1,0.96,TRUE
"RTEL1-TNFRSF6B","D2_late_increasing","clean_D2",1,"five_donors_n43",100,0.290503893025208,1,0.99,TRUE
"NUCB1","D2_late_increasing","clean_D2",1,"all_6_donors_n11",100,0.297060426875921,1,0.83,TRUE
"NUCB1","D2_late_increasing","clean_D2",1,"five_donors_n43",100,0.304183307846035,1,0.99,TRUE
"FKBP7","D2_late_increasing","clean_D2",1,"all_6_donors_n11",100,0.302768543568515,1,0.8,TRUE
"FKBP7","D2_late_increasing","clean_D2",1,"five_donors_n43",100,0.287355393859672,1,0.98,TRUE
"S100A7","D2_late_increasing","clean_D2",1,"all_6_donors_n11",100,0.398437810948893,1,0.97,TRUE
"S100A7","D2_late_increasing","clean_D2",1,"five_donors_n43",100,0.343759664455907,1,1,TRUE
"COTL1","D2_late_increasing","clean_D2",1,"all_6_donors_n11",100,0.28999044313273,1,0.89,TRUE
"COTL1","D2_late_increasing","clean_D2",1,"five_donors_n43",100,0.289345953963388,1,0.98,TRUE
"HLA-DRB1","D2_late_increasing","clean_D2",1,"all_6_donors_n11",100,0.276083203079519,1,0.79,TRUE
"HLA-DRB1","D2_late_increasing","clean_D2",1,"five_donors_n43",100,0.222844216831671,1,0.69,TRUE
"SIL1","D2_late_increasing","clean_D2",1,"all_6_donors_n11",100,0.31242084119282,1,0.91,TRUE
"SIL1","D2_late_increasing","clean_D2",1,"five_donors_n43",100,0.337527886081514,1,1,TRUE
"SSR3","D2_late_increasing","clean_D2",1,"all_6_donors_n11",100,0.267411173825187,0.99,0.69,TRUE
"SSR3","D2_late_increasing","clean_D2",1,"five_donors_n43",100,0.324410014102486,1,1,TRUE
"IL1R1","D2_late_increasing","clean_D2",1,"all_6_donors_n11",100,0.397892619004313,1,0.98,TRUE
"IL1R1","D2_late_increasing","clean_D2",1,"five_donors_n43",100,0.330904746194241,1,0.99,TRUE
"S100A16","D2_late_increasing","clean_D2",1,"all_6_donors_n11",100,0.25797144058992,1,0.74,TRUE
"S100A16","D2_late_increasing","clean_D2",1,"five_donors_n43",100,0.304358861572942,1,0.98,TRUE
"LMCD1","D2_late_increasing","clean_D2",1,"all_6_donors_n11",100,0.362243464357522,1,0.92,TRUE
"LMCD1","D2_late_increasing","clean_D2",1,"five_donors_n43",100,0.335922174976925,1,1,TRUE
"KHDRBS3","D2_late_increasing","clean_D2",1,"all_6_donors_n11",100,0.290114706115382,1,0.85,TRUE
"KHDRBS3","D2_late_increasing","clean_D2",1,"five_donors_n43",100,0.268432949014055,1,0.96,TRUE
"GALNS","D2_late_increasing","clean_D2",1,"five_donors_n43",100,0.300101398333099,1,0.99,TRUE
"GALNS","D2_late_increasing","clean_D2",1,"all_6_donors_n11",100,0.31014455264691,1,0.83,TRUE
"ADAMTS12","D2_late_increasing","clean_D2",1,"all_6_donors_n11",100,0.302473102173959,0.99,0.82,TRUE
"ADAMTS12","D2_late_increasing","clean_D2",1,"five_donors_n43",100,0.26541109785001,1,0.96,TRUE
"SAR1A","D2_late_increasing","clean_D2",1,"all_6_donors_n11",100,0.283089210747,0.99,0.74,TRUE
"SAR1A","D2_late_increasing","clean_D2",1,"five_donors_n43",100,0.250564746777613,1,0.95,TRUE
"ARF4","D2_late_increasing","clean_D2",1,"all_6_donors_n11",100,0.343553596554084,1,0.89,TRUE
"ARF4","D2_late_increasing","clean_D2",1,"five_donors_n43",100,0.325529500574013,1,1,TRUE
"TMSB4X","D2_late_increasing","clean_D2",1,"all_6_donors_n11",100,0.297270750796108,1,0.84,TRUE
"TMSB4X","D2_late_increasing","clean_D2",1,"five_donors_n43",100,0.230171752508049,1,0.73,TRUE
"YIF1A","D2_late_increasing","clean_D2",1,"all_6_donors_n11",100,0.342454418014726,1,0.85,TRUE
"YIF1A","D2_late_increasing","clean_D2",1,"five_donors_n43",100,0.293211580217866,1,0.95,TRUE
"ARFGAP1","D2_late_increasing","clean_D2",1,"all_6_donors_n11",100,0.244000622948507,0.98,0.67,TRUE
"ARFGAP1","D2_late_increasing","clean_D2",1,"five_donors_n43",100,0.295907711470773,1,0.98,TRUE
"GPR78","D2_late_increasing","clean_D2",1,"all_6_donors_n11",100,0.414410538841749,1,0.96,TRUE
"GPR78","D2_late_increasing","clean_D2",1,"five_donors_n43",100,0.352287610380408,1,0.99,TRUE
"ITGBL1","D2_late_increasing","clean_D2",1,"all_6_donors_n11",100,0.211563031347555,0.99,0.55,TRUE
"ITGBL1","D2_late_increasing","clean_D2",1,"five_donors_n43",100,0.332899232461361,1,1,TRUE
"XG","D2_late_increasing","clean_D2",1,"all_6_donors_n11",100,0.374932590025334,1,0.95,TRUE
"XG","D2_late_increasing","clean_D2",1,"five_donors_n43",100,0.382562308183195,1,1,TRUE
"CDKN2A","D2_late_increasing","clean_D2",1,"all_6_donors_n11",100,0.213035002670705,0.96,0.54,TRUE
"CDKN2A","D2_late_increasing","clean_D2",1,"five_donors_n43",100,0.279945923864078,1,0.96,TRUE
"LAMA4","D2_late_increasing","clean_D2",1,"all_6_donors_n11",100,0.328893968203391,1,0.94,TRUE
"LAMA4","D2_late_increasing","clean_D2",1,"five_donors_n43",100,0.323157722801025,1,1,TRUE
"LGMN","D2_late_increasing","clean_D2",1,"all_6_donors_n11",100,0.241588835603747,0.98,0.68,TRUE
"LGMN","D2_late_increasing","clean_D2",1,"five_donors_n43",100,0.270743535421336,1,0.98,TRUE
"CTSA","D2_late_increasing","clean_D2",1,"five_donors_n43",100,0.295611660128761,1,1,TRUE
"CTSA","D2_late_increasing","clean_D2",1,"all_6_donors_n11",100,0.312129376299533,1,0.86,TRUE
"SCO2","D2_late_increasing","clean_D2",1,"five_donors_n43",100,0.306954160948218,1,1,TRUE
"SCO2","D2_late_increasing","clean_D2",1,"all_6_donors_n11",100,0.357783568713532,1,0.95,TRUE
"CCL14","D2_late_increasing","clean_D2",1,"five_donors_n43",100,0.259539109170493,1,0.97,TRUE
"CCL14","D2_late_increasing","clean_D2",1,"all_6_donors_n11",100,0.287245486118825,1,0.79,TRUE
"SEC61A1","D2_late_increasing","clean_D2",1,"all_6_donors_n11",100,0.265234470549813,0.99,0.7,TRUE
"SEC61A1","D2_late_increasing","clean_D2",1,"five_donors_n43",100,0.333781942919037,1,1,TRUE
"FMOD","D2_late_increasing","clean_D2",1,"all_6_donors_n11",100,0.357750458809253,1,0.97,TRUE
"FMOD","D2_late_increasing","clean_D2",1,"five_donors_n43",100,0.336774172985599,1,1,TRUE
"AKR1A1","D2_late_increasing","clean_D2",1,"five_donors_n43",100,0.307772244660782,1,0.99,TRUE
"AKR1A1","D2_late_increasing","clean_D2",1,"all_6_donors_n11",100,0.266857630068166,1,0.84,TRUE
"IFI6","D2_late_increasing","clean_D2",1,"five_donors_n43",100,0.263967935187688,1,0.93,TRUE
"IFI6","D2_late_increasing","clean_D2",1,"all_6_donors_n11",100,0.248939477556748,1,0.69,TRUE
"ANXA6","D2_late_increasing","clean_D2",1,"all_6_donors_n11",100,0.218900212635599,0.99,0.59,TRUE
"ANXA6","D2_late_increasing","clean_D2",1,"five_donors_n43",100,0.294748202857219,1,1,TRUE
"C7orf50","D2_late_increasing","clean_D2",1,"all_6_donors_n11",100,0.254134215264748,0.99,0.68,TRUE
"C7orf50","D2_late_increasing","clean_D2",1,"five_donors_n43",100,0.225751289709393,1,0.68,TRUE
"IFITM3","D2_late_increasing","clean_D2",1,"five_donors_n43",100,0.348782669258754,1,1,TRUE
"IFITM3","D2_late_increasing","clean_D2",1,"all_6_donors_n11",100,0.401441480899677,1,0.99,TRUE
"FTL","D2_late_increasing","clean_D2",1,"five_donors_n43",100,0.35380134544319,1,1,TRUE
"FTL","D2_late_increasing","clean_D2",1,"all_6_donors_n11",100,0.393582691836126,1,0.93,TRUE
"FARP1","D2_late_increasing","clean_D2",1,"all_6_donors_n11",100,0.346094180939041,1,0.9,TRUE
"FARP1","D2_late_increasing","clean_D2",1,"five_donors_n43",100,0.311664464073685,1,0.99,TRUE
"HMCN1","D2_late_increasing","clean_D2",1,"all_6_donors_n11",100,0.244351543705315,1,0.66,TRUE
"HMCN1","D2_late_increasing","clean_D2",1,"five_donors_n43",100,0.300357538629178,1,1,TRUE
"PARVB","D2_late_increasing","clean_D2",1,"five_donors_n43",100,0.230294945342554,1,0.76,TRUE
"PARVB","D2_late_increasing","clean_D2",1,"all_6_donors_n11",100,0.287019527821051,1,0.72,TRUE
"RP11-25H12.1","D2_late_increasing","clean_D2",1,"five_donors_n43",100,0.307967448926304,1,1,TRUE
"RP11-25H12.1","D2_late_increasing","clean_D2",1,"all_6_donors_n11",100,0.229784392425676,0.97,0.6,TRUE
"SRA1","D2_late_increasing","clean_D2",1,"five_donors_n43",100,0.261174465785236,1,0.9,TRUE
"SRA1","D2_late_increasing","clean_D2",1,"all_6_donors_n11",100,0.273910888900929,0.98,0.73,TRUE
"LOX","D2_late_increasing","clean_D2",1,"all_6_donors_n11",100,0.304782727321105,1,0.89,TRUE
"LOX","D2_late_increasing","clean_D2",1,"five_donors_n43",100,0.369904357601514,1,1,TRUE
"TUBB2A","D2_late_increasing","clean_D2",1,"all_6_donors_n11",100,0.278603442198764,0.98,0.74,TRUE
"TUBB2A","D2_late_increasing","clean_D2",1,"five_donors_n43",100,0.29165233178591,1,0.97,TRUE
"PLTP","D2_late_increasing","clean_D2",1,"all_6_donors_n11",100,0.36827163034045,1,0.97,TRUE
"PLTP","D2_late_increasing","clean_D2",1,"five_donors_n43",100,0.362367015123974,1,1,TRUE
"RP11-417E7.2","D2_late_increasing","clean_D2",1,"five_donors_n43",100,0.355860245268037,1,1,TRUE
"RP11-417E7.2","D2_late_increasing","clean_D2",1,"all_6_donors_n11",100,0.356305387407211,1,0.93,TRUE
"C1S","D2_late_increasing","clean_D2",1,"all_6_donors_n11",100,0.362520910773568,1,0.95,TRUE
"C1S","D2_late_increasing","clean_D2",1,"five_donors_n43",100,0.365134905835036,1,1,TRUE
"LGALS1","D2_late_increasing","clean_D2",1,"all_6_donors_n11",100,0.268124615061721,0.97,0.68,TRUE
"LGALS1","D2_late_increasing","clean_D2",1,"five_donors_n43",100,0.222145017742117,1,0.65,TRUE
"TGFB3","D2_late_increasing","clean_D2",1,"all_6_donors_n11",100,0.1738092275462,0.91,0.39,TRUE
"TGFB3","D2_late_increasing","clean_D2",1,"five_donors_n43",100,0.299323034861831,1,0.96,TRUE
"CRABP2","D2_late_increasing","clean_D2",1,"five_donors_n43",100,0.3189709541786,1,1,TRUE
"CRABP2","D2_late_increasing","clean_D2",1,"all_6_donors_n11",100,0.345048184649947,1,0.88,TRUE
"NID2","D2_late_increasing","clean_D2",1,"all_6_donors_n11",100,0.307569936484069,1,0.88,TRUE
"NID2","D2_late_increasing","clean_D2",1,"five_donors_n43",100,0.336902558412197,1,1,TRUE
"C4orf48","D2_late_increasing","clean_D2",1,"all_6_donors_n11",100,0.230130447165492,0.97,0.62,TRUE
"C4orf48","D2_late_increasing","clean_D2",1,"five_donors_n43",100,0.311425940860631,1,0.96,TRUE
"HTRA1","D2_late_increasing","clean_D2",1,"all_6_donors_n11",100,0.28679700510698,0.99,0.8,TRUE
"HTRA1","D2_late_increasing","clean_D2",1,"five_donors_n43",100,0.320140040623668,1,0.98,TRUE
"FLNC","D2_late_increasing","clean_D2",1,"five_donors_n43",100,0.282012234141728,1,1,TRUE
"FLNC","D2_late_increasing","clean_D2",1,"all_6_donors_n11",100,0.328565895671474,1,0.93,TRUE
"MXRA7","D2_late_increasing","clean_D2",1,"five_donors_n43",100,0.253985854841673,1,0.87,TRUE
"MXRA7","D2_late_increasing","clean_D2",1,"all_6_donors_n11",100,0.259186614024867,1,0.76,TRUE
"CLEC11A","D2_late_increasing","clean_D2",1,"all_6_donors_n11",100,0.295259693559029,1,0.78,TRUE
"CLEC11A","D2_late_increasing","clean_D2",1,"five_donors_n43",100,0.340301028519758,1,1,TRUE
"IFT20","D2_late_increasing","clean_D2",1,"all_6_donors_n11",100,0.336210550673788,1,0.88,TRUE
"IFT20","D2_late_increasing","clean_D2",1,"five_donors_n43",100,0.314204077899706,1,1,TRUE
"ROR2","D2_late_increasing","clean_D2",1,"all_6_donors_n11",100,0.239304499898525,1,0.67,TRUE
"ROR2","D2_late_increasing","clean_D2",1,"five_donors_n43",100,0.327007623804705,1,0.99,TRUE
"NME1-NME2","D2_late_increasing","clean_D2",1,"five_donors_n43",100,0.325917715713973,1,1,TRUE
"NME1-NME2","D2_late_increasing","clean_D2",1,"all_6_donors_n11",100,0.312379904564637,0.99,0.85,TRUE
"TNFAIP6","D2_late_increasing","clean_D2",1,"all_6_donors_n11",100,0.150482889953972,0.95,0.29,TRUE
"TNFAIP6","D2_late_increasing","clean_D2",1,"five_donors_n43",100,0.264274024800274,1,0.95,TRUE
"RP11-14N7.2","D2_late_increasing","clean_D2",1,"all_6_donors_n11",100,0.382879217688025,1,0.98,TRUE
"RP11-14N7.2","D2_late_increasing","clean_D2",1,"five_donors_n43",100,0.321135908896853,1,1,TRUE
"S100A9","D2_late_increasing","clean_D2",1,"all_6_donors_n11",100,0.408545996343811,1,0.98,TRUE
"S100A9","D2_late_increasing","clean_D2",1,"five_donors_n43",100,0.345795069342577,1,1,TRUE
"SNX8","D2_late_increasing","clean_D2",1,"five_donors_n43",100,0.332038955819573,1,1,TRUE
"SNX8","D2_late_increasing","clean_D2",1,"all_6_donors_n11",100,0.33253133576708,1,0.89,TRUE
"ECM1","D2_late_increasing","clean_D2",1,"all_6_donors_n11",100,0.321700258107055,1,0.93,TRUE
"ECM1","D2_late_increasing","clean_D2",1,"five_donors_n43",100,0.341814007375324,1,1,TRUE
"GPX7","D2_late_increasing","clean_D2",1,"all_6_donors_n11",100,0.324822560781097,1,0.92,TRUE
"GPX7","D2_late_increasing","clean_D2",1,"five_donors_n43",100,0.287448485726616,1,0.98,TRUE
"HIC1","D2_late_increasing","clean_D2",1,"all_6_donors_n11",100,0.357910104831773,1,0.98,TRUE
"HIC1","D2_late_increasing","clean_D2",1,"five_donors_n43",100,0.294666939775268,1,1,TRUE
"EPHB2","D2_late_increasing","clean_D2",1,"five_donors_n43",100,0.280729405271314,1,1,TRUE
"EPHB2","D2_late_increasing","clean_D2",1,"all_6_donors_n11",100,0.306577683062624,1,0.91,TRUE
"GLIPR2","D2_late_increasing","clean_D2",1,"five_donors_n43",100,0.277099897058914,1,0.99,TRUE
"GLIPR2","D2_late_increasing","clean_D2",1,"all_6_donors_n11",100,0.306355293771671,1,0.93,TRUE
"EVL","D2_late_increasing","clean_D2",1,"five_donors_n43",100,0.318287330739245,1,0.99,TRUE
"EVL","D2_late_increasing","clean_D2",1,"all_6_donors_n11",100,0.266815182435628,1,0.71,TRUE
"PRAF2","D2_late_increasing","clean_D2",1,"all_6_donors_n11",100,0.329972338884666,1,0.94,TRUE
"PRAF2","D2_late_increasing","clean_D2",1,"five_donors_n43",100,0.309205523610027,1,0.99,TRUE
"TMEM214","D2_late_increasing","clean_D2",1,"all_6_donors_n11",100,0.328930383536122,1,0.86,TRUE
"TMEM214","D2_late_increasing","clean_D2",1,"five_donors_n43",100,0.298171469380617,1,1,TRUE
"CYB561","D2_late_increasing","clean_D2",1,"five_donors_n43",100,0.328000214075828,1,0.98,TRUE
"CYB561","D2_late_increasing","clean_D2",1,"all_6_donors_n11",100,0.366399271579519,0.99,0.94,TRUE
"MAGED1","D2_late_increasing","clean_D2",1,"five_donors_n43",100,0.337094319729923,1,1,TRUE
"MAGED1","D2_late_increasing","clean_D2",1,"all_6_donors_n11",100,0.351037282234067,0.99,0.95,TRUE
"HM13","D2_late_increasing","clean_D2",1,"all_6_donors_n11",100,0.268789600005377,0.97,0.72,TRUE
"HM13","D2_late_increasing","clean_D2",1,"five_donors_n43",100,0.233443433523464,1,0.73,TRUE
"FNDC1","D2_late_increasing","clean_D2",1,"all_6_donors_n11",100,0.347634592434882,1,0.96,TRUE
"FNDC1","D2_late_increasing","clean_D2",1,"five_donors_n43",100,0.324548897588668,1,1,TRUE
"C11orf24","D2_late_increasing","clean_D2",1,"five_donors_n43",100,0.319439469015653,1,1,TRUE
"C11orf24","D2_late_increasing","clean_D2",1,"all_6_donors_n11",100,0.265998327625617,0.99,0.78,TRUE
"HTRA3","D2_late_increasing","clean_D2",1,"five_donors_n43",100,0.303659235344601,1,1,TRUE
"HTRA3","D2_late_increasing","clean_D2",1,"all_6_donors_n11",100,0.301664316920094,1,0.93,TRUE
"NT5DC2","D2_late_increasing","clean_D2",1,"all_6_donors_n11",100,0.332791868815247,1,0.91,TRUE
"NT5DC2","D2_late_increasing","clean_D2",1,"five_donors_n43",100,0.308715752872696,1,1,TRUE
"PLAU","D2_late_increasing","clean_D2",1,"all_6_donors_n11",100,0.334463154852502,1,0.95,TRUE
"PLAU","D2_late_increasing","clean_D2",1,"five_donors_n43",100,0.335222230240189,1,0.99,TRUE
"NAGK","D2_late_increasing","clean_D2",1,"five_donors_n43",100,0.284174569698298,1,0.96,TRUE
"NAGK","D2_late_increasing","clean_D2",1,"all_6_donors_n11",100,0.319985566422275,1,0.79,TRUE
"SPATS2L","D2_late_increasing","clean_D2",1,"five_donors_n43",100,0.325599768667182,1,1,TRUE
"SPATS2L","D2_late_increasing","clean_D2",1,"all_6_donors_n11",100,0.293590892495748,1,0.77,TRUE
"FKBP9","D2_late_increasing","clean_D2",1,"five_donors_n43",100,0.304858087084397,1,0.97,TRUE
"FKBP9","D2_late_increasing","clean_D2",1,"all_6_donors_n11",100,0.264674704584541,0.99,0.69,TRUE
"PLOD1","D2_late_increasing","clean_D2",1,"all_6_donors_n11",100,0.247146720597155,1,0.66,TRUE
"PLOD1","D2_late_increasing","clean_D2",1,"five_donors_n43",100,0.356891802380273,1,1,TRUE
"SEMA6B","D2_late_increasing","clean_D2",1,"all_6_donors_n11",100,0.359212188687752,1,0.96,TRUE
"SEMA6B","D2_late_increasing","clean_D2",1,"five_donors_n43",100,0.355540253904838,1,1,TRUE
"TXNDC5","D2_late_increasing","clean_D2",1,"all_6_donors_n11",100,0.328806052189965,0.99,0.92,TRUE
"TXNDC5","D2_late_increasing","clean_D2",1,"five_donors_n43",100,0.292885229980262,1,0.97,TRUE
"P4HB","D2_late_increasing","clean_D2",1,"five_donors_n43",100,0.271385278093145,1,0.93,TRUE
"P4HB","D2_late_increasing","clean_D2",1,"all_6_donors_n11",100,0.322832400028874,1,0.8,TRUE
"CUEDC1","D2_late_increasing","clean_D2",1,"all_6_donors_n11",100,0.249292659178757,1,0.63,TRUE
"CUEDC1","D2_late_increasing","clean_D2",1,"five_donors_n43",100,0.294468447890099,1,0.94,TRUE
"SLC38A10","D2_late_increasing","clean_D2",1,"all_6_donors_n11",100,0.263198971727498,0.99,0.73,TRUE
"SLC38A10","D2_late_increasing","clean_D2",1,"five_donors_n43",100,0.360251964441525,1,1,TRUE
"POLD4","D2_late_increasing","clean_D2",1,"all_6_donors_n11",100,0.303947248513672,1,0.93,TRUE
"POLD4","D2_late_increasing","clean_D2",1,"five_donors_n43",100,0.284991301839138,1,0.98,TRUE
"CISD1","D2_late_increasing","clean_D2",1,"five_donors_n43",100,0.319873792997656,1,1,TRUE
"CISD1","D2_late_increasing","clean_D2",1,"all_6_donors_n11",100,0.350092177185679,1,0.98,TRUE
"TTYH3","D2_late_increasing","clean_D2",1,"all_6_donors_n11",100,0.318914427315539,1,0.89,TRUE
"TTYH3","D2_late_increasing","clean_D2",1,"five_donors_n43",100,0.333510440903398,1,1,TRUE
"DAB2","D2_late_increasing","clean_D2",1,"all_6_donors_n11",100,0.352310496979004,1,0.99,TRUE
"DAB2","D2_late_increasing","clean_D2",1,"five_donors_n43",100,0.312083178984167,1,1,TRUE
"OLFML3","D2_late_increasing","clean_D2",1,"all_6_donors_n11",100,0.340183152453247,1,0.85,TRUE
"OLFML3","D2_late_increasing","clean_D2",1,"five_donors_n43",100,0.354394175752016,1,1,TRUE
"RPS26","D2_late_increasing","none",1,"five_donors_n43",100,0.281650011781764,1,0.96,TRUE
"RPS26","D2_late_increasing","none",1,"all_6_donors_n11",100,0.166484320760232,0.94,0.34,TRUE
"HDLBP","D2_late_increasing","clean_D2",1,"five_donors_n43",100,0.321857022550221,1,1,TRUE
"HDLBP","D2_late_increasing","clean_D2",1,"all_6_donors_n11",100,0.348042494891666,1,0.89,TRUE
"KDELR2","D2_late_increasing","clean_D2",1,"all_6_donors_n11",100,0.322869285485359,1,0.88,TRUE
"KDELR2","D2_late_increasing","clean_D2",1,"five_donors_n43",100,0.294883169474774,1,1,TRUE
"PLIN3","D2_late_increasing","clean_D2",1,"all_6_donors_n11",100,0.405287527251024,1,0.97,TRUE
"PLIN3","D2_late_increasing","clean_D2",1,"five_donors_n43",100,0.337465823364718,1,1,TRUE
"METRN","D2_late_increasing","clean_D2",1,"all_6_donors_n11",100,0.267335896518042,0.98,0.76,TRUE
"METRN","D2_late_increasing","clean_D2",1,"five_donors_n43",100,0.300701541110319,1,0.99,TRUE
"IFI27","D2_late_increasing","clean_D2",1,"five_donors_n43",100,0.300233185306309,1,1,TRUE
"IFI27","D2_late_increasing","clean_D2",1,"all_6_donors_n11",100,0.261697606027842,1,0.8,TRUE
"BACE2","D2_late_increasing","clean_D2",1,"all_6_donors_n11",100,0.381742613948515,1,0.98,TRUE
"BACE2","D2_late_increasing","clean_D2",1,"five_donors_n43",100,0.399194578151406,1,1,TRUE
"ANGPTL2","D2_late_increasing","clean_D2",1,"all_6_donors_n11",100,0.371279343643986,0.98,0.91,TRUE
"ANGPTL2","D2_late_increasing","clean_D2",1,"five_donors_n43",100,0.329037008384822,1,1,TRUE
"TMED3","D2_late_increasing","clean_D2",1,"all_6_donors_n11",100,0.362846365171035,1,0.93,TRUE
"TMED3","D2_late_increasing","clean_D2",1,"five_donors_n43",100,0.353209720847202,1,1,TRUE
"TGFBI","D2_late_increasing","clean_D2",1,"five_donors_n43",100,0.293331508839352,1,0.99,TRUE
"TGFBI","D2_late_increasing","clean_D2",1,"all_6_donors_n11",100,0.261716742719359,1,0.79,TRUE
"ABI3BP","D2_late_increasing","clean_D2",1,"all_6_donors_n11",100,0.336036248917126,1,0.95,TRUE
"ABI3BP","D2_late_increasing","clean_D2",1,"five_donors_n43",100,0.32104613484541,1,1,TRUE
"SORCS2","D2_late_increasing","clean_D2",1,"all_6_donors_n11",100,0.306815569823851,0.98,0.8,TRUE
"SORCS2","D2_late_increasing","clean_D2",1,"five_donors_n43",100,0.270405821617488,1,0.89,TRUE
"TPM1","D2_late_increasing","clean_D2",1,"all_6_donors_n11",100,0.339428062734735,1,0.95,TRUE
"TPM1","D2_late_increasing","clean_D2",1,"five_donors_n43",100,0.313081876069639,1,0.98,TRUE
"HMCN2","D2_late_increasing","clean_D2",1,"five_donors_n43",100,0.3357649171739,1,1,TRUE
"HMCN2","D2_late_increasing","clean_D2",1,"all_6_donors_n11",100,0.350148376809816,1,0.97,TRUE
"MYOF","D2_late_increasing","clean_D2",1,"five_donors_n43",100,0.374948457759597,1,1,TRUE
"MYOF","D2_late_increasing","clean_D2",1,"all_6_donors_n11",100,0.336543815045746,1,0.88,TRUE
"AP2S1","D2_late_increasing","clean_D2",1,"five_donors_n43",100,0.319810930688507,1,0.99,TRUE
"AP2S1","D2_late_increasing","clean_D2",1,"all_6_donors_n11",100,0.344523945979494,1,0.94,TRUE
"PDGFRL","D2_late_increasing","clean_D2",1,"all_6_donors_n11",100,0.359280623455422,1,0.98,TRUE
"PDGFRL","D2_late_increasing","clean_D2",1,"five_donors_n43",100,0.361207738950638,1,1,TRUE
"SEC13","D2_late_increasing","clean_D2",1,"all_6_donors_n11",100,0.334789415136766,1,0.87,TRUE
"SEC13","D2_late_increasing","clean_D2",1,"five_donors_n43",100,0.290207334830744,1,0.98,TRUE
"RUNX1","D2_late_increasing","clean_D2",1,"five_donors_n43",100,0.361934728457737,1,1,TRUE
"RUNX1","D2_late_increasing","clean_D2",1,"all_6_donors_n11",100,0.380256116879773,1,0.93,TRUE
"PLXDC2","D2_late_increasing","clean_D2",1,"five_donors_n43",100,0.277068977259542,1,0.95,TRUE
"PLXDC2","D2_late_increasing","clean_D2",1,"all_6_donors_n11",100,0.245957345433067,0.97,0.68,TRUE
"LRP1","D2_late_increasing","clean_D2",1,"all_6_donors_n11",100,0.390486622701451,1,0.98,TRUE
"LRP1","D2_late_increasing","clean_D2",1,"five_donors_n43",100,0.324448801058915,1,1,TRUE
"BGN","D2_late_increasing","clean_D2",1,"all_6_donors_n11",100,0.295653429191784,1,0.83,TRUE
"BGN","D2_late_increasing","clean_D2",1,"five_donors_n43",100,0.337950843048365,1,1,TRUE
"ADAMTS14","D2_late_increasing","clean_D2",1,"five_donors_n43",100,0.266143452065579,1,0.94,TRUE
"ADAMTS14","D2_late_increasing","clean_D2",1,"all_6_donors_n11",100,0.300654829095541,0.99,0.87,TRUE
"FKBP14","D2_late_increasing","clean_D2",1,"five_donors_n43",100,0.329371030827092,1,1,TRUE
"FKBP14","D2_late_increasing","clean_D2",1,"all_6_donors_n11",100,0.289697238412178,0.99,0.84,TRUE
"ATOX1","D2_late_increasing","clean_D2",1,"all_6_donors_n11",100,0.421918794995585,1,0.97,TRUE
"ATOX1","D2_late_increasing","clean_D2",1,"five_donors_n43",100,0.349431887476037,1,1,TRUE
"NME4","D2_late_increasing","clean_D2",1,"all_6_donors_n11",100,0.255271233250803,1,0.66,TRUE
"NME4","D2_late_increasing","clean_D2",1,"five_donors_n43",100,0.288693718856713,1,0.98,TRUE
"ISOC2","D2_late_increasing","clean_D2",1,"five_donors_n43",100,0.316666599800516,1,1,TRUE
"ISOC2","D2_late_increasing","clean_D2",1,"all_6_donors_n11",100,0.31808853265191,1,0.84,TRUE
"CD151","D2_late_increasing","clean_D2",1,"five_donors_n43",100,0.303469496332699,1,1,TRUE
"CD151","D2_late_increasing","clean_D2",1,"all_6_donors_n11",100,0.349270805110343,1,0.92,TRUE
"CTSB","D2_late_increasing","clean_D2",1,"five_donors_n43",100,0.348265021448996,1,1,TRUE
"CTSB","D2_late_increasing","clean_D2",1,"all_6_donors_n11",100,0.402946719981508,1,0.98,TRUE
"MVP","D2_late_increasing","clean_D2",1,"all_6_donors_n11",100,0.309217421734925,1,0.88,TRUE
"MVP","D2_late_increasing","clean_D2",1,"five_donors_n43",100,0.348619268887254,1,1,TRUE
"MAP4K4","D2_late_increasing","clean_D2",1,"all_6_donors_n11",100,0.261656753040558,1,0.68,TRUE
"MAP4K4","D2_late_increasing","clean_D2",1,"five_donors_n43",100,0.340854987969579,1,1,TRUE
"C1R","D2_late_increasing","clean_D2",1,"all_6_donors_n11",100,0.493368204057103,1,1,TRUE
"C1R","D2_late_increasing","clean_D2",1,"five_donors_n43",100,0.444819027531953,1,1,TRUE
"FAM20C","D2_late_increasing","clean_D2",1,"all_6_donors_n11",100,0.341508047532886,1,0.95,TRUE
"FAM20C","D2_late_increasing","clean_D2",1,"five_donors_n43",100,0.355188442903082,1,1,TRUE
"GPX8","D2_late_increasing","clean_D2",1,"all_6_donors_n11",100,0.395338048029418,1,0.97,TRUE
"GPX8","D2_late_increasing","clean_D2",1,"five_donors_n43",100,0.349851940764676,1,1,TRUE
"OST4","D2_late_increasing","clean_D2",1,"all_6_donors_n11",100,0.356915151872684,1,0.91,TRUE
"OST4","D2_late_increasing","clean_D2",1,"five_donors_n43",100,0.363940395405314,1,1,TRUE
"RCN1","D2_late_increasing","clean_D2",1,"all_6_donors_n11",100,0.340328550757828,1,0.94,TRUE
"RCN1","D2_late_increasing","clean_D2",1,"five_donors_n43",100,0.377740112414125,1,1,TRUE
"INAFM1","D2_late_increasing","clean_D2",1,"all_6_donors_n11",100,0.325597990365893,1,0.93,TRUE
"INAFM1","D2_late_increasing","clean_D2",1,"five_donors_n43",100,0.321473436821698,1,1,TRUE
"PRDX4","D2_late_increasing","clean_D2",1,"all_6_donors_n11",100,0.358518329651212,1,0.94,TRUE
"PRDX4","D2_late_increasing","clean_D2",1,"five_donors_n43",100,0.337874824593077,1,0.99,TRUE
"AC005943.2","D2_late_increasing","clean_D2",1,"all_6_donors_n11",100,0.286757287275979,0.99,0.75,TRUE
"AC005943.2","D2_late_increasing","clean_D2",1,"five_donors_n43",100,0.294391070773441,1,0.98,TRUE
"S100A8","D2_late_increasing","clean_D2",1,"all_6_donors_n11",100,0.45789976193913,1,1,TRUE
"S100A8","D2_late_increasing","clean_D2",1,"five_donors_n43",100,0.391618766002005,1,1,TRUE
"FBLN1","D2_late_increasing","clean_D2",1,"all_6_donors_n11",100,0.429022531611404,1,0.99,TRUE
"FBLN1","D2_late_increasing","clean_D2",1,"five_donors_n43",100,0.39563179109586,1,1,TRUE
"TMEM119","D2_late_increasing","clean_D2",1,"five_donors_n43",100,0.310781587389781,1,1,TRUE
"TMEM119","D2_late_increasing","clean_D2",1,"all_6_donors_n11",100,0.302390294546785,1,0.79,TRUE
"MIR99AHG","D2_late_increasing","clean_D2",1,"all_6_donors_n11",100,0.251900702612988,1,0.81,TRUE
"MIR99AHG","D2_late_increasing","clean_D2",1,"five_donors_n43",100,0.283300263135779,1,0.98,TRUE
"EHD2","D2_late_increasing","clean_D2",1,"all_6_donors_n11",100,0.306662907509709,0.99,0.81,TRUE
"EHD2","D2_late_increasing","clean_D2",1,"five_donors_n43",100,0.305585788161029,1,0.96,TRUE
"LRRC32","D2_late_increasing","clean_D2",1,"all_6_donors_n11",100,0.38243455944465,1,1,TRUE
"LRRC32","D2_late_increasing","clean_D2",1,"five_donors_n43",100,0.36657812084523,1,1,TRUE
"ISG15","D2_late_increasing","clean_D2",1,"all_6_donors_n11",100,0.232036560199152,0.98,0.61,TRUE
"ISG15","D2_late_increasing","clean_D2",1,"five_donors_n43",100,0.278517074654057,1,0.98,TRUE
"CADM1","D2_late_increasing","clean_D2",1,"all_6_donors_n11",100,0.257423772910485,0.99,0.74,TRUE
"CADM1","D2_late_increasing","clean_D2",1,"five_donors_n43",100,0.358428182827652,1,1,TRUE
"FAM114A1","D2_late_increasing","clean_D2",1,"all_6_donors_n11",100,0.325663898873913,1,0.89,TRUE
"FAM114A1","D2_late_increasing","clean_D2",1,"five_donors_n43",100,0.334633860646135,1,0.99,TRUE
"PDXK","D2_late_increasing","clean_D2",1,"all_6_donors_n11",100,0.272879973706723,1,0.85,TRUE
"PDXK","D2_late_increasing","clean_D2",1,"five_donors_n43",100,0.308502886972713,1,1,TRUE
"CTSK","D2_late_increasing","clean_D2",1,"all_6_donors_n11",100,0.47951600155189,1,1,TRUE
"CTSK","D2_late_increasing","clean_D2",1,"five_donors_n43",100,0.420461149323036,1,1,TRUE
"PHPT1","D2_late_increasing","clean_D2",1,"all_6_donors_n11",100,0.371054185153734,1,0.97,TRUE
"PHPT1","D2_late_increasing","clean_D2",1,"five_donors_n43",100,0.345991759519786,1,1,TRUE
"KDELR3","D2_late_increasing","clean_D2",1,"all_6_donors_n11",100,0.385983752655423,1,0.96,TRUE
"KDELR3","D2_late_increasing","clean_D2",1,"five_donors_n43",100,0.371931328593521,1,1,TRUE
"SSC5D","D2_late_increasing","clean_D2",1,"all_6_donors_n11",100,0.294245689325555,1,0.82,TRUE
"SSC5D","D2_late_increasing","clean_D2",1,"five_donors_n43",100,0.309176573286656,1,0.97,TRUE
"ARHGAP1","D2_late_increasing","clean_D2",1,"all_6_donors_n11",100,0.288563367993789,1,0.87,TRUE
"ARHGAP1","D2_late_increasing","clean_D2",1,"five_donors_n43",100,0.39186537941399,1,1,TRUE
"HEG1","D2_late_increasing","clean_D2",1,"five_donors_n43",100,0.355743448384792,1,1,TRUE
"HEG1","D2_late_increasing","clean_D2",1,"all_6_donors_n11",100,0.34729562040937,1,0.96,TRUE
"TNFRSF12A","D2_late_increasing","clean_D2",1,"five_donors_n43",100,0.36311776401528,1,1,TRUE
"TNFRSF12A","D2_late_increasing","clean_D2",1,"all_6_donors_n11",100,0.383328925375897,1,0.99,TRUE
"DPT","D2_late_increasing","clean_D2",1,"five_donors_n43",100,0.369477628448782,1,1,TRUE
"DPT","D2_late_increasing","clean_D2",1,"all_6_donors_n11",100,0.347726898827034,1,0.96,TRUE
"ITGA11","D2_late_increasing","clean_D2",1,"all_6_donors_n11",100,0.355779481779156,1,0.98,TRUE
"ITGA11","D2_late_increasing","clean_D2",1,"five_donors_n43",100,0.366131349924586,1,1,TRUE
"PIEZO2","D2_late_increasing","clean_D2",1,"all_6_donors_n11",100,0.325253252525994,1,0.84,TRUE
"PIEZO2","D2_late_increasing","clean_D2",1,"five_donors_n43",100,0.294870449115423,1,0.98,TRUE
"B4GALT2","D2_late_increasing","clean_D2",1,"five_donors_n43",100,0.311612901154439,1,1,TRUE
"B4GALT2","D2_late_increasing","clean_D2",1,"all_6_donors_n11",100,0.378342749117895,1,0.96,TRUE
"TYMP","D2_late_increasing","clean_D2",1,"five_donors_n43",100,0.36754540614972,1,1,TRUE
"TYMP","D2_late_increasing","clean_D2",1,"all_6_donors_n11",100,0.377561265370306,1,0.99,TRUE
"CD74","D2_late_increasing","clean_D2",1,"all_6_donors_n11",100,0.365747405619781,1,0.96,TRUE
"CD74","D2_late_increasing","clean_D2",1,"five_donors_n43",100,0.325140583096863,1,1,TRUE
"HLA-DRA","D2_late_increasing","clean_D2",1,"all_6_donors_n11",100,0.227054328562419,1,0.63,TRUE
"HLA-DRA","D2_late_increasing","clean_D2",1,"five_donors_n43",100,0.299465212030821,1,0.99,TRUE
"EFEMP2","D2_late_increasing","clean_D2",1,"five_donors_n43",100,0.379290361111954,1,1,TRUE
"EFEMP2","D2_late_increasing","clean_D2",1,"all_6_donors_n11",100,0.409498320120733,1,1,TRUE
"PALLD","D2_late_increasing","clean_D2",1,"five_donors_n43",100,0.36516933532218,1,1,TRUE
"PALLD","D2_late_increasing","clean_D2",1,"all_6_donors_n11",100,0.364246113402326,1,0.95,TRUE
"CST3","D2_late_increasing","clean_D2",1,"all_6_donors_n11",100,0.463218518173179,1,1,TRUE
"CST3","D2_late_increasing","clean_D2",1,"five_donors_n43",100,0.41929334607739,1,1,TRUE
"C1orf122","D2_late_increasing","clean_D2",1,"all_6_donors_n11",100,0.346331397156724,1,0.95,TRUE
"C1orf122","D2_late_increasing","clean_D2",1,"five_donors_n43",100,0.332764688260913,1,0.99,TRUE
"GAS6","D2_late_increasing","clean_D2",1,"five_donors_n43",100,0.377997326286215,1,1,TRUE
"GAS6","D2_late_increasing","clean_D2",1,"all_6_donors_n11",100,0.425157046834867,1,1,TRUE
"ZMAT3","D2_late_increasing","clean_D2",1,"five_donors_n43",100,0.266446245217209,1,0.96,TRUE
"ZMAT3","D2_late_increasing","clean_D2",1,"all_6_donors_n11",100,0.321555323190897,1,0.89,TRUE
"LIMA1","D2_late_increasing","clean_D2",1,"five_donors_n43",100,0.400847553428012,1,1,TRUE
"LIMA1","D2_late_increasing","clean_D2",1,"all_6_donors_n11",100,0.367537133513512,1,0.95,TRUE
"PDLIM7","D2_late_increasing","clean_D2",1,"all_6_donors_n11",100,0.320945379036976,1,0.91,TRUE
"PDLIM7","D2_late_increasing","clean_D2",1,"five_donors_n43",100,0.318833571102598,1,0.99,TRUE
"PDLIM2","D2_late_increasing","clean_D2",1,"all_6_donors_n11",100,0.46894239027253,1,1,TRUE
"PDLIM2","D2_late_increasing","clean_D2",1,"five_donors_n43",100,0.428418538267157,1,1,TRUE
"MYDGF","D2_late_increasing","clean_D2",1,"all_6_donors_n11",100,0.333501411598062,1,0.88,TRUE
"MYDGF","D2_late_increasing","clean_D2",1,"five_donors_n43",100,0.362114687782822,1,1,TRUE
"CILP2","D2_late_increasing","clean_D2",1,"five_donors_n43",100,0.369554315325674,1,1,TRUE
"CILP2","D2_late_increasing","clean_D2",1,"all_6_donors_n11",100,0.35527529676302,1,0.97,TRUE
"GUCY1A3","D2_late_increasing","clean_D2",1,"all_6_donors_n11",100,0.419328990849804,1,0.98,TRUE
"GUCY1A3","D2_late_increasing","clean_D2",1,"five_donors_n43",100,0.384327188753894,1,1,TRUE
"BNC2","D2_late_increasing","clean_D2",1,"all_6_donors_n11",100,0.318648022049593,1,0.91,TRUE
"BNC2","D2_late_increasing","clean_D2",1,"five_donors_n43",100,0.30692126627038,1,1,TRUE
"COL18A1","D2_late_increasing","clean_D2",1,"all_6_donors_n11",100,0.250385070698363,1,0.66,TRUE
"COL18A1","D2_late_increasing","clean_D2",1,"five_donors_n43",100,0.342286536579598,1,1,TRUE
"LGALS3BP","D2_late_increasing","clean_D2",1,"five_donors_n43",100,0.355712294756562,1,1,TRUE
"LGALS3BP","D2_late_increasing","clean_D2",1,"all_6_donors_n11",100,0.408913933128607,1,0.99,TRUE
"TMSB10","D2_late_increasing","clean_D2",1,"all_6_donors_n11",100,0.479229292334847,1,1,TRUE
"TMSB10","D2_late_increasing","clean_D2",1,"five_donors_n43",100,0.414843013239358,1,1,TRUE
"S100A11","D2_late_increasing","clean_D2",1,"all_6_donors_n11",100,0.373107927118142,1,0.97,TRUE
"S100A11","D2_late_increasing","clean_D2",1,"five_donors_n43",100,0.354683000472358,1,1,TRUE
"C1QTNF5","D2_late_increasing","clean_D2",1,"all_6_donors_n11",100,0.420915989016595,1,0.97,TRUE
"C1QTNF5","D2_late_increasing","clean_D2",1,"five_donors_n43",100,0.356771193666454,1,1,TRUE
"FSTL1","D2_late_increasing","clean_D2",1,"five_donors_n43",100,0.329424737997973,1,1,TRUE
"FSTL1","D2_late_increasing","clean_D2",1,"all_6_donors_n11",100,0.362529898693654,1,0.98,TRUE
"OGN","D2_late_increasing","clean_D2",1,"five_donors_n43",100,0.332840964148889,1,1,TRUE
"OGN","D2_late_increasing","clean_D2",1,"all_6_donors_n11",100,0.371006933120015,1,0.99,TRUE
"THBS4","D2_late_increasing","clean_D2",1,"all_6_donors_n11",100,0.427632071900378,1,1,TRUE
"THBS4","D2_late_increasing","clean_D2",1,"five_donors_n43",100,0.40704226382977,1,1,TRUE
"GOLM1","D2_late_increasing","clean_D2",1,"all_6_donors_n11",100,0.374449480475835,1,0.95,TRUE
"GOLM1","D2_late_increasing","clean_D2",1,"five_donors_n43",100,0.344444046924275,1,1,TRUE
"P3H3","D2_late_increasing","clean_D2",1,"all_6_donors_n11",100,0.38739294027396,1,0.96,TRUE
"P3H3","D2_late_increasing","clean_D2",1,"five_donors_n43",100,0.375663911472709,1,1,TRUE
"HCFC1R1","D2_late_increasing","clean_D2",1,"five_donors_n43",100,0.370306154293131,1,1,TRUE
"HCFC1R1","D2_late_increasing","clean_D2",1,"all_6_donors_n11",100,0.446578733812846,1,1,TRUE
"ARPC1B","D2_late_increasing","clean_D2",1,"all_6_donors_n11",100,0.424347585925962,1,0.96,TRUE
"ARPC1B","D2_late_increasing","clean_D2",1,"five_donors_n43",100,0.36514769697797,1,1,TRUE
"FKBP11","D2_late_increasing","clean_D2",1,"all_6_donors_n11",100,0.403267049156545,1,1,TRUE
"FKBP11","D2_late_increasing","clean_D2",1,"five_donors_n43",100,0.382149156094781,1,1,TRUE
"CCDC80","D2_late_increasing","clean_D2",1,"all_6_donors_n11",100,0.498591087471881,1,1,TRUE
"CCDC80","D2_late_increasing","clean_D2",1,"five_donors_n43",100,0.483352577177153,1,1,TRUE
"AK1","D2_late_increasing","clean_D2",1,"five_donors_n43",100,0.357973793472721,1,1,TRUE
"AK1","D2_late_increasing","clean_D2",1,"all_6_donors_n11",100,0.394263563266953,1,0.94,TRUE
"C1QTNF6","D2_late_increasing","clean_D2",1,"all_6_donors_n11",100,0.465260698313375,1,0.99,TRUE
"C1QTNF6","D2_late_increasing","clean_D2",1,"five_donors_n43",100,0.428503727538713,1,1,TRUE
"PODN","D2_late_increasing","clean_D2",1,"all_6_donors_n11",100,0.48167007539441,1,1,TRUE
"PODN","D2_late_increasing","clean_D2",1,"five_donors_n43",100,0.462379976490995,1,1,TRUE
"ACTA2","D2_late_increasing","clean_D2",1,"all_6_donors_n11",100,0.388474955658666,1,0.99,TRUE
"ACTA2","D2_late_increasing","clean_D2",1,"five_donors_n43",100,0.3679142266395,1,1,TRUE
"CKAP4","D2_late_increasing","clean_D2",1,"five_donors_n43",100,0.415575064266897,1,1,TRUE
"CKAP4","D2_late_increasing","clean_D2",1,"all_6_donors_n11",100,0.408329692913841,1,0.98,TRUE
"SULF1","D2_late_increasing","clean_D2",1,"five_donors_n43",100,0.291610774041025,1,1,TRUE
"SULF1","D2_late_increasing","clean_D2",1,"all_6_donors_n11",100,0.305618280783968,1,0.83,TRUE
"ZNF469","D2_late_increasing","clean_D2",1,"five_donors_n43",100,0.398265207735418,1,1,TRUE
"ZNF469","D2_late_increasing","clean_D2",1,"all_6_donors_n11",100,0.417273741737355,1,1,TRUE
"P3H1","D2_late_increasing","clean_D2",1,"all_6_donors_n11",100,0.410606589500311,1,1,TRUE
"P3H1","D2_late_increasing","clean_D2",1,"five_donors_n43",100,0.380287874265646,1,1,TRUE
"MIR4435-2HG","D2_late_increasing","clean_D2",1,"all_6_donors_n11",100,0.439021467030021,1,1,TRUE
"MIR4435-2HG","D2_late_increasing","clean_D2",1,"five_donors_n43",100,0.461819265372102,1,1,TRUE
"FAP","D2_late_increasing","clean_D2",1,"five_donors_n43",100,0.398679100684128,1,1,TRUE
"FAP","D2_late_increasing","clean_D2",1,"all_6_donors_n11",100,0.345531831971969,1,0.96,TRUE
"TSHZ2","D2_late_increasing","clean_D2",1,"five_donors_n43",100,0.3450306366898,1,1,TRUE
"TSHZ2","D2_late_increasing","clean_D2",1,"all_6_donors_n11",100,0.354092078992202,1,0.95,TRUE
"COL11A1","D2_late_increasing","clean_D2",1,"all_6_donors_n11",100,0.358840435361508,1,0.93,TRUE
"COL11A1","D2_late_increasing","clean_D2",1,"five_donors_n43",100,0.362482747173308,1,1,TRUE
"VKORC1","D2_late_increasing","clean_D2",1,"all_6_donors_n11",100,0.437925841880505,1,1,TRUE
"VKORC1","D2_late_increasing","clean_D2",1,"five_donors_n43",100,0.386248499101854,1,1,TRUE
"SMOC2","D2_late_increasing","clean_D2",1,"five_donors_n43",100,0.473217231618598,1,1,TRUE
"SMOC2","D2_late_increasing","clean_D2",1,"all_6_donors_n11",100,0.493094552590502,1,1,TRUE
"CHPF","D2_late_increasing","clean_D2",1,"five_donors_n43",100,0.385059202379819,1,1,TRUE
"CHPF","D2_late_increasing","clean_D2",1,"all_6_donors_n11",100,0.355717506405279,1,0.94,TRUE
"NBL1","D2_late_increasing","clean_D2",1,"all_6_donors_n11",100,0.299967433321735,1,0.84,TRUE
"NBL1","D2_late_increasing","clean_D2",1,"five_donors_n43",100,0.438568152924564,1,1,TRUE
"COL12A1","D2_late_increasing","clean_D2",1,"all_6_donors_n11",100,0.358390829625453,1,0.94,TRUE
"COL12A1","D2_late_increasing","clean_D2",1,"five_donors_n43",100,0.424271071065278,1,1,TRUE
"FKBP10","D2_late_increasing","clean_D2",1,"five_donors_n43",100,0.370379774501975,1,1,TRUE
"FKBP10","D2_late_increasing","clean_D2",1,"all_6_donors_n11",100,0.36937508658727,1,0.92,TRUE
"SULF2","D2_late_increasing","clean_D2",1,"five_donors_n43",100,0.388359944129588,1,1,TRUE
"SULF2","D2_late_increasing","clean_D2",1,"all_6_donors_n11",100,0.32134869520731,1,0.93,TRUE
"COL16A1","D2_late_increasing","clean_D2",1,"five_donors_n43",100,0.434255073878672,1,1,TRUE
"COL16A1","D2_late_increasing","clean_D2",1,"all_6_donors_n11",100,0.304178030752127,1,0.88,TRUE
"MMP2","D2_late_increasing","clean_D2",1,"all_6_donors_n11",100,0.390995046848433,1,0.98,TRUE
"MMP2","D2_late_increasing","clean_D2",1,"five_donors_n43",100,0.423885980080878,1,1,TRUE
"SERF2","D2_late_increasing","clean_D2",1,"all_6_donors_n11",100,0.449752120492771,1,0.98,TRUE
"SERF2","D2_late_increasing","clean_D2",1,"five_donors_n43",100,0.431258068952307,1,1,TRUE
"MXRA5","D2_late_increasing","clean_D2",1,"all_6_donors_n11",100,0.343019917593382,1,0.95,TRUE
"MXRA5","D2_late_increasing","clean_D2",1,"five_donors_n43",100,0.364846226794463,1,1,TRUE
"P4HA2","D2_late_increasing","clean_D2",1,"five_donors_n43",100,0.405319930689954,1,1,TRUE
"P4HA2","D2_late_increasing","clean_D2",1,"all_6_donors_n11",100,0.41857474254036,1,0.99,TRUE
"NREP","D2_late_increasing","clean_D2",1,"all_6_donors_n11",100,0.346677553501022,1,0.95,TRUE
"NREP","D2_late_increasing","clean_D2",1,"five_donors_n43",100,0.361883837098327,1,1,TRUE
"PYCR1","D2_late_increasing","clean_D2",1,"all_6_donors_n11",100,0.351380864009327,1,0.97,TRUE
"PYCR1","D2_late_increasing","clean_D2",1,"five_donors_n43",100,0.393406140701824,1,1,TRUE
"EMILIN1","D2_late_increasing","clean_D2",1,"all_6_donors_n11",100,0.419514514831816,1,0.97,TRUE
"EMILIN1","D2_late_increasing","clean_D2",1,"five_donors_n43",100,0.375660656232519,1,1,TRUE
"MYL9","D2_late_increasing","clean_D2",1,"five_donors_n43",100,0.452985328085239,1,1,TRUE
"MYL9","D2_late_increasing","clean_D2",1,"all_6_donors_n11",100,0.482336345521787,1,1,TRUE
"RARRES2","D2_late_increasing","clean_D2",1,"all_6_donors_n11",100,0.447965620618193,1,1,TRUE
"RARRES2","D2_late_increasing","clean_D2",1,"five_donors_n43",100,0.417341094564592,1,1,TRUE
"LINC00152","D2_late_increasing","clean_D2",1,"all_6_donors_n11",100,0.505988160717609,1,1,TRUE
"LINC00152","D2_late_increasing","clean_D2",1,"five_donors_n43",100,0.4922820103447,1,1,TRUE
"P3H4","D2_late_increasing","clean_D2",1,"all_6_donors_n11",100,0.398669521523455,1,1,TRUE
"P3H4","D2_late_increasing","clean_D2",1,"five_donors_n43",100,0.421689501802537,1,1,TRUE
"PPIB","D2_late_increasing","clean_D2",1,"five_donors_n43",100,0.441584278500604,1,1,TRUE
"PPIB","D2_late_increasing","clean_D2",1,"all_6_donors_n11",100,0.449400505137083,1,1,TRUE
"VCAN","D2_late_increasing","clean_D2",1,"five_donors_n43",100,0.431188474484221,1,1,TRUE
"VCAN","D2_late_increasing","clean_D2",1,"all_6_donors_n11",100,0.400927108654011,1,0.97,TRUE
"CPXM1","D2_late_increasing","clean_D2",1,"all_6_donors_n11",100,0.502769999167192,1,1,TRUE
"CPXM1","D2_late_increasing","clean_D2",1,"five_donors_n43",100,0.462432393779132,1,1,TRUE
"IGFBP4","D2_late_increasing","clean_D2",1,"all_6_donors_n11",100,0.557617676112941,1,1,TRUE
"IGFBP4","D2_late_increasing","clean_D2",1,"five_donors_n43",100,0.515722282334368,1,1,TRUE
"ARMC9","D2_late_increasing","clean_D2",1,"all_6_donors_n11",100,0.466095500414919,1,0.99,TRUE
"ARMC9","D2_late_increasing","clean_D2",1,"five_donors_n43",100,0.426397084389453,1,1,TRUE
"SERPINF1","D2_late_increasing","clean_D2",1,"five_donors_n43",100,0.473919768504331,1,1,TRUE
"SERPINF1","D2_late_increasing","clean_D2",1,"all_6_donors_n11",100,0.495925109025812,1,1,TRUE
"COPZ2","D2_late_increasing","clean_D2",1,"all_6_donors_n11",100,0.474182690496252,1,0.99,TRUE
"COPZ2","D2_late_increasing","clean_D2",1,"five_donors_n43",100,0.471127308444178,1,1,TRUE
"PPIC","D2_late_increasing","clean_D2",1,"all_6_donors_n11",100,0.406107884446193,1,1,TRUE
"PPIC","D2_late_increasing","clean_D2",1,"five_donors_n43",100,0.427601255685675,1,1,TRUE
"FOXP1","D2_late_increasing","clean_D2",1,"all_6_donors_n11",100,0.373805786485617,1,0.98,TRUE
"FOXP1","D2_late_increasing","clean_D2",1,"five_donors_n43",100,0.424794916695614,1,1,TRUE
"OLFML2B","D2_late_increasing","clean_D2",1,"five_donors_n43",100,0.413504159447206,1,1,TRUE
"OLFML2B","D2_late_increasing","clean_D2",1,"all_6_donors_n11",100,0.412021791431066,1,0.99,TRUE
"LRRC15","D2_late_increasing","clean_D2",1,"all_6_donors_n11",100,0.508141909644342,1,1,TRUE
"LRRC15","D2_late_increasing","clean_D2",1,"five_donors_n43",100,0.494917084434103,1,1,TRUE
"ASPN","D2_late_increasing","clean_D2",1,"all_6_donors_n11",100,0.473357496342399,1,1,TRUE
"ASPN","D2_late_increasing","clean_D2",1,"five_donors_n43",100,0.452551519805928,1,1,TRUE
"COL5A3","D2_late_increasing","clean_D2",1,"all_6_donors_n11",100,0.413403363967715,1,0.98,TRUE
"COL5A3","D2_late_increasing","clean_D2",1,"five_donors_n43",100,0.426348888510006,1,1,TRUE
"SFRP4","D2_late_increasing","clean_D2",1,"five_donors_n43",100,0.475723506751292,1,1,TRUE
"SFRP4","D2_late_increasing","clean_D2",1,"all_6_donors_n11",100,0.493485614498263,1,1,TRUE
"SEPT11","D2_late_increasing","clean_D2",1,"five_donors_n43",100,0.415905690653407,1,1,TRUE
"SEPT11","D2_late_increasing","clean_D2",1,"all_6_donors_n11",100,0.377173436107843,1,0.94,TRUE
"BASP1","D2_late_increasing","clean_D2",1,"five_donors_n43",100,0.49567015117618,1,1,TRUE
"BASP1","D2_late_increasing","clean_D2",1,"all_6_donors_n11",100,0.529847889978138,1,0.99,TRUE
"NNMT","D2_late_increasing","clean_D2",1,"all_6_donors_n11",100,0.516484632404788,1,1,TRUE
"NNMT","D2_late_increasing","clean_D2",1,"five_donors_n43",100,0.490472346178024,1,1,TRUE
"MARCKS","D2_late_increasing","clean_D2",1,"all_6_donors_n11",100,0.389182767185917,1,0.99,TRUE
"MARCKS","D2_late_increasing","clean_D2",1,"five_donors_n43",100,0.41379188670452,1,1,TRUE
"HSPG2","D2_late_increasing","clean_D2",1,"five_donors_n43",100,0.459677361913711,1,1,TRUE
"HSPG2","D2_late_increasing","clean_D2",1,"all_6_donors_n11",100,0.447767366233496,1,1,TRUE
"TIMP1","D2_late_increasing","clean_D2",1,"five_donors_n43",100,0.500986270196339,1,1,TRUE
"TIMP1","D2_late_increasing","clean_D2",1,"all_6_donors_n11",100,0.575469034611784,1,1,TRUE
"ARL4C","D2_late_increasing","clean_D2",1,"all_6_donors_n11",100,0.49532414652347,1,1,TRUE
"ARL4C","D2_late_increasing","clean_D2",1,"five_donors_n43",100,0.470614942721335,1,1,TRUE
"AEBP1","D2_late_increasing","clean_D2",1,"all_6_donors_n11",100,0.595511563874385,1,1,TRUE
"AEBP1","D2_late_increasing","clean_D2",1,"five_donors_n43",100,0.594172283980566,1,1,TRUE
"WISP2","D2_late_increasing","clean_D2",1,"five_donors_n43",100,0.554812450371753,1,1,TRUE
"WISP2","D2_late_increasing","clean_D2",1,"all_6_donors_n11",100,0.595409833686934,1,1,TRUE
"TAGLN","D2_late_increasing","clean_D2",1,"five_donors_n43",100,0.464184602484404,1,1,TRUE
"TAGLN","D2_late_increasing","clean_D2",1,"all_6_donors_n11",100,0.474688818298821,1,1,TRUE
"BMP1","D2_late_increasing","clean_D2",1,"all_6_donors_n11",100,0.44734163158741,1,0.99,TRUE
"BMP1","D2_late_increasing","clean_D2",1,"five_donors_n43",100,0.426730469528385,1,1,TRUE
"COL8A1","D2_late_increasing","clean_D2",1,"all_6_donors_n11",100,0.474152963774872,1,1,TRUE
"COL8A1","D2_late_increasing","clean_D2",1,"five_donors_n43",100,0.477636588505426,1,1,TRUE
"THBS2","D2_late_increasing","clean_D2",1,"five_donors_n43",100,0.503592316515897,1,1,TRUE
"THBS2","D2_late_increasing","clean_D2",1,"all_6_donors_n11",100,0.508886754313299,1,1,TRUE
"FBN1","D2_late_increasing","clean_D2",1,"five_donors_n43",100,0.528000243797631,1,1,TRUE
"FBN1","D2_late_increasing","clean_D2",1,"all_6_donors_n11",100,0.516819289541959,1,1,TRUE
"MRC2","D2_late_increasing","clean_D2",1,"five_donors_n43",100,0.528691912572732,1,1,TRUE
"MRC2","D2_late_increasing","clean_D2",1,"all_6_donors_n11",100,0.55988274302114,1,1,TRUE
"COL6A1","D2_late_increasing","clean_D2",1,"all_6_donors_n11",100,0.436283868201277,1,1,TRUE
"COL6A1","D2_late_increasing","clean_D2",1,"five_donors_n43",100,0.460759217078305,1,1,TRUE
"CTHRC1","D2_late_increasing","clean_D2",1,"five_donors_n43",100,0.548073406848388,1,1,TRUE
"CTHRC1","D2_late_increasing","clean_D2",1,"all_6_donors_n11",100,0.576776552337865,1,1,TRUE
"PCOLCE","D2_late_increasing","clean_D2",1,"five_donors_n43",100,0.576616105713826,1,1,TRUE
"PCOLCE","D2_late_increasing","clean_D2",1,"all_6_donors_n11",100,0.575731243957048,1,1,TRUE
"COL14A1","D2_late_increasing","clean_D2",1,"five_donors_n43",100,0.564663228948931,1,1,TRUE
"COL14A1","D2_late_increasing","clean_D2",1,"all_6_donors_n11",100,0.602741405854593,1,1,TRUE
"ADAMTS2","D2_late_increasing","clean_D2",1,"all_6_donors_n11",100,0.43506381810562,1,1,TRUE
"ADAMTS2","D2_late_increasing","clean_D2",1,"five_donors_n43",100,0.500538546657446,1,1,TRUE
"COMP","D2_late_increasing","clean_D2",1,"five_donors_n43",100,0.551417549815845,1,1,TRUE
"COMP","D2_late_increasing","clean_D2",1,"all_6_donors_n11",100,0.568923881973197,1,1,TRUE
"IGFBP7","D2_late_increasing","clean_D2",1,"five_donors_n43",100,0.463664700177231,1,1,TRUE
"IGFBP7","D2_late_increasing","clean_D2",1,"all_6_donors_n11",100,0.476586448795558,1,1,TRUE
"COL6A3","D2_late_increasing","clean_D2",1,"five_donors_n43",100,0.56474573743172,1,1,TRUE
"COL6A3","D2_late_increasing","clean_D2",1,"all_6_donors_n11",100,0.512393243270587,1,1,TRUE
"RCN3","D2_late_increasing","clean_D2",1,"all_6_donors_n11",100,0.501627905296785,1,1,TRUE
"RCN3","D2_late_increasing","clean_D2",1,"five_donors_n43",100,0.570300815194641,1,1,TRUE
"POSTN","D2_late_increasing","clean_D2",1,"five_donors_n43",100,0.528262564588124,1,1,TRUE
"POSTN","D2_late_increasing","clean_D2",1,"all_6_donors_n11",100,0.54212588363407,1,1,TRUE
"ADAM12","D2_late_increasing","clean_D2",1,"five_donors_n43",100,0.469664594969149,1,1,TRUE
"ADAM12","D2_late_increasing","clean_D2",1,"all_6_donors_n11",100,0.472969161277494,1,1,TRUE
"COL6A2","D2_late_increasing","clean_D2",1,"five_donors_n43",100,0.53666684205296,1,1,TRUE
"COL6A2","D2_late_increasing","clean_D2",1,"all_6_donors_n11",100,0.531182807276928,1,1,TRUE
"MDK","D2_late_increasing","clean_D2",1,"all_6_donors_n11",100,0.586045661065665,1,1,TRUE
"MDK","D2_late_increasing","clean_D2",1,"five_donors_n43",100,0.549822015472474,1,1,TRUE
"CREB3L1","D2_late_increasing","clean_D2",1,"all_6_donors_n11",100,0.610606734141631,1,1,TRUE
"CREB3L1","D2_late_increasing","clean_D2",1,"five_donors_n43",100,0.604088717233979,1,1,TRUE
"CERCAM","D2_late_increasing","clean_D2",1,"five_donors_n43",100,0.523529102479878,1,1,TRUE
"CERCAM","D2_late_increasing","clean_D2",1,"all_6_donors_n11",100,0.526524401161032,1,1,TRUE
"GXYLT2","D2_late_increasing","clean_D2",1,"five_donors_n43",100,0.53206075696843,1,1,TRUE
"GXYLT2","D2_late_increasing","clean_D2",1,"all_6_donors_n11",100,0.50350765096305,1,1,TRUE
"SERPINH1","D2_late_increasing","clean_D2",1,"five_donors_n43",100,0.585751616898045,1,1,TRUE
"SERPINH1","D2_late_increasing","clean_D2",1,"all_6_donors_n11",100,0.596582193799674,1,1,TRUE
"THY1","D2_late_increasing","clean_D2",1,"all_6_donors_n11",100,0.629811041470755,1,1,TRUE
"THY1","D2_late_increasing","clean_D2",1,"five_donors_n43",100,0.599567989817865,1,1,TRUE
"FN1","D2_late_increasing","clean_D2",1,"five_donors_n43",100,0.461467073188217,1,1,TRUE
"FN1","D2_late_increasing","clean_D2",1,"all_6_donors_n11",100,0.509861852179109,1,1,TRUE
"SFRP2","D2_late_increasing","clean_D2",1,"five_donors_n43",100,0.62843534160735,1,1,TRUE
"SFRP2","D2_late_increasing","clean_D2",1,"all_6_donors_n11",100,0.651326193469274,1,1,TRUE
"COL5A2","D2_late_increasing","clean_D2",1,"five_donors_n43",100,0.614707683656072,1,1,TRUE
"COL5A2","D2_late_increasing","clean_D2",1,"all_6_donors_n11",100,0.642966892131982,1,1,TRUE
"COL3A1","D2_late_increasing","clean_D2",1,"all_6_donors_n11",100,0.679753013257886,1,1,TRUE
"COL3A1","D2_late_increasing","clean_D2",1,"five_donors_n43",100,0.696746860525751,1,1,TRUE
"COL5A1","D2_late_increasing","clean_D2",1,"five_donors_n43",100,0.642665078745538,1,1,TRUE
"COL5A1","D2_late_increasing","clean_D2",1,"all_6_donors_n11",100,0.629626986841177,1,1,TRUE
"COL1A2","D2_late_increasing","clean_D2",1,"five_donors_n43",100,0.671716476414942,1,1,TRUE
"COL1A2","D2_late_increasing","clean_D2",1,"all_6_donors_n11",100,0.68117591301721,1,1,TRUE
"SPARC","D2_late_increasing","clean_D2",1,"five_donors_n43",100,0.694622019958516,1,1,TRUE
"SPARC","D2_late_increasing","clean_D2",1,"all_6_donors_n11",100,0.668128917706524,1,1,TRUE
"COL1A1","D2_late_increasing","clean_D2",1,"all_6_donors_n11",100,0.814366586832302,1,1,TRUE
"COL1A1","D2_late_increasing","clean_D2",1,"five_donors_n43",100,0.787767284550541,1,1,TRUE
