"gene","donor","n_cells","detected_cells","rho","evaluable","expected_sign","concordant"
"LAMC3","K183156",569,18,NA,FALSE,-1,NA
"SEMA3G","K183156",569,23,NA,FALSE,-1,NA
"IGFBP3","K183156",569,214,-0.0557875283720682,TRUE,-1,TRUE
"ALX4","K183156",569,20,NA,FALSE,-1,NA
"COL23A1","K183156",569,45,NA,FALSE,-1,NA
"TFAP2A","K183156",569,64,-0.042980570047884,TRUE,-1,TRUE
"TCF4","K183156",569,374,0.057410845264228,TRUE,-1,FALSE
"BMP7","K183156",569,18,NA,FALSE,-1,NA
"BMP4","K183156",569,49,NA,FALSE,-1,NA
"SLC5A3","K183156",569,30,NA,FALSE,-1,NA
"GADD45G","K183156",569,60,-0.0835342888898802,TRUE,-1,TRUE
"SERPINE2","K183156",569,152,-0.0396605249979872,TRUE,-1,TRUE
"INHBB","K183156",569,36,NA,FALSE,-1,NA
"PRLR","K183156",569,14,NA,FALSE,-1,NA
"TRPS1","K183156",569,201,0.0902135175420787,TRUE,-1,FALSE
"TIMP3","K183156",569,282,-0.0890320987418203,TRUE,-1,TRUE
"PRDM1","K183156",569,27,NA,FALSE,-1,NA
"PTCH1","K183156",569,30,NA,FALSE,-1,NA
"APCDD1","K183156",569,119,-0.0564605564625481,TRUE,-1,TRUE
"DAAM2","K183156",569,64,0.00276710212175893,TRUE,-1,FALSE
"INHBA","K183156",569,140,0.0858359064585264,TRUE,-1,FALSE
"BCL2","K183156",569,62,-0.0777001371435556,TRUE,-1,TRUE
"CENPW","K183156",569,34,NA,FALSE,-1,NA
"CEBPA","K183156",569,53,NA,FALSE,-1,NA
"IGFBP2","K183156",569,40,NA,FALSE,-1,NA
"MRPS6","K183156",569,170,0.0317161003639909,TRUE,-1,FALSE
"CRABP1","K183156",569,20,NA,FALSE,-1,NA
"ROBO2","K183156",569,90,0.0824422859052108,TRUE,-1,FALSE
"DKK2","K183156",569,105,-0.00223252099921587,TRUE,-1,TRUE
"PHLDA1","K183156",569,54,NA,FALSE,-1,NA
"DIO2","K183156",569,146,-0.0238234486477039,TRUE,-1,TRUE
"MYLIP","K183156",569,143,-0.0268427299577454,TRUE,-1,TRUE
"LUZP2","K183156",569,71,-0.024998465678189,TRUE,-1,TRUE
"ZDHHC14","K183156",569,43,NA,FALSE,-1,NA
"PGM2L1","K183156",569,52,NA,FALSE,-1,NA
"PREX2","K183156",569,29,NA,FALSE,-1,NA
"TNN","K183156",569,56,NA,FALSE,-1,NA
"F2R","K183156",569,182,0.0363997101032098,TRUE,-1,FALSE
"PLEKHH2","K183156",569,74,0.062072918197925,TRUE,-1,FALSE
"HIST1H2BD","K183156",569,60,-0.018303694325675,TRUE,-1,TRUE
"TWIST1","K183156",569,217,0.000815586454010533,TRUE,-1,FALSE
"HIST2H2BE","K183156",569,39,NA,FALSE,-1,NA
"ITGA8","K183156",569,62,0.153006365949958,TRUE,-1,FALSE
"CPE","K183156",569,156,-0.0367843417509539,TRUE,-1,TRUE
"SOX18","K183156",569,67,0.0544575682045517,TRUE,-1,FALSE
"PTMA","K183156",569,547,-0.253570996881812,TRUE,1,FALSE
"RPL35A","K183156",569,540,-0.326846092132433,TRUE,1,FALSE
"RPL34","K183156",569,554,-0.266283817578805,TRUE,1,FALSE
"SLC35F1","K183156",569,399,-0.113956658556616,TRUE,1,FALSE
"H3F3B","K183156",569,507,-0.135008190021454,TRUE,1,FALSE
"RPL13","K183156",569,566,-0.291631828455611,TRUE,1,FALSE
"RPL11","K183156",569,560,-0.353867576084674,TRUE,1,FALSE
"RPS27A","K183156",569,539,-0.244232080260656,TRUE,1,FALSE
"RPS13","K183156",569,553,-0.303200070852458,TRUE,1,FALSE
"RPL26","K183156",569,540,-0.309719903389385,TRUE,1,FALSE
"RPL37A","K183156",569,562,-0.293183006390463,TRUE,1,FALSE
"RPL5","K183156",569,544,-0.303707124680683,TRUE,1,FALSE
"RPL13A","K183156",569,561,-0.286605058529233,TRUE,1,FALSE
"FAU","K183156",569,545,-0.271280046823459,TRUE,1,FALSE
"RPL19","K183156",569,553,-0.277683876057627,TRUE,1,FALSE
"RPL6","K183156",569,518,-0.237178185926429,TRUE,1,FALSE
"RPS14","K183156",569,565,-0.325322244555743,TRUE,1,FALSE
"RPL4","K183156",569,523,-0.209300968381515,TRUE,1,FALSE
"RPL30","K183156",569,554,-0.345230689032664,TRUE,1,FALSE
"RPS27","K183156",569,555,-0.314703108443298,TRUE,1,FALSE
"RPL24","K183156",569,547,-0.270290814631152,TRUE,1,FALSE
"GNB2L1","K183156",569,529,-0.209919389204184,TRUE,1,FALSE
"RPL12","K183156",569,560,-0.333535179974558,TRUE,1,FALSE
"RPS23","K183156",569,549,-0.288445587724455,TRUE,1,FALSE
"RPL38","K183156",569,540,-0.229571741471889,TRUE,1,FALSE
"RPS9","K183156",569,543,-0.294372715033439,TRUE,1,FALSE
"RPL37","K183156",569,561,-0.346752033672925,TRUE,1,FALSE
"RPL3","K183156",569,556,-0.24027118345529,TRUE,1,FALSE
"RPS6","K183156",569,555,-0.204673428018581,TRUE,1,FALSE
"RPL18","K183156",569,557,-0.321807720039631,TRUE,1,FALSE
"RPL9","K183156",569,541,-0.249395769255919,TRUE,1,FALSE
"RPS21","K183156",569,553,-0.271123029799675,TRUE,1,FALSE
"EEF1A1","K183156",569,569,-0.311251776685457,TRUE,1,FALSE
"RPL32","K183156",569,560,-0.356711928050771,TRUE,1,FALSE
"RPS4X","K183156",569,559,-0.252426269346464,TRUE,1,FALSE
"RPL23","K183156",569,559,-0.26871426945127,TRUE,1,FALSE
"RPL14","K183156",569,535,-0.266480919873865,TRUE,1,FALSE
"RPS3A","K183156",569,536,-0.263571552856126,TRUE,1,FALSE
"RPL21","K183156",569,530,-0.232921247285324,TRUE,1,FALSE
"RPL7","K183156",569,495,-0.244631430659925,TRUE,1,FALSE
"RPL22","K183156",569,457,-0.221298955381909,TRUE,1,FALSE
"RPS8","K183156",569,568,-0.306024530702593,TRUE,1,FALSE
"HSP90AB1","K183156",569,441,-0.172564673723757,TRUE,1,FALSE
"VIM","K183156",569,546,-0.123680250483173,TRUE,1,FALSE
"RPS16","K183156",569,550,-0.263538721443765,TRUE,1,FALSE
"NACA","K183156",569,533,-0.261477792849364,TRUE,1,FALSE
"RPS20","K183156",569,550,-0.248479395147354,TRUE,1,FALSE
"GLTSCR2","K183156",569,445,-0.192500742018069,TRUE,1,FALSE
"RPL36A","K183156",569,528,-0.248551343893753,TRUE,1,FALSE
"RPS3","K183156",569,557,-0.267110433006557,TRUE,1,FALSE
"JUNB","K183156",569,460,-0.110768980887535,TRUE,1,FALSE
"RPL23A","K183156",569,548,-0.238090252531335,TRUE,1,FALSE
"RPS5","K183156",569,538,-0.129361653510982,TRUE,1,FALSE
"BTF3","K183156",569,481,-0.230883555486152,TRUE,1,FALSE
"RPS17","K183156",569,547,-0.205500712393163,TRUE,1,FALSE
"RPL17-C18orf32","K183156",569,507,-0.190436143509063,TRUE,1,FALSE
"RPL10A","K183156",569,531,-0.167125361052276,TRUE,1,FALSE
"HNRNPA1","K183156",569,460,-0.165710421611397,TRUE,1,FALSE
"RPS25","K183156",569,524,-0.291228710406284,TRUE,1,FALSE
"LMO4","K183156",569,324,0.0260306652733559,TRUE,1,TRUE
"PFDN5","K183156",569,526,-0.263962596159527,TRUE,1,FALSE
"CIRBP","K183156",569,432,-0.125251568217176,TRUE,1,FALSE
"RPS15","K183156",569,557,-0.215721190837473,TRUE,1,FALSE
"RPL31","K183156",569,549,-0.233121699659797,TRUE,1,FALSE
"RPS7","K183156",569,534,-0.210526802389954,TRUE,1,FALSE
"ADIRF","K183156",569,347,-0.0344484352486118,TRUE,1,FALSE
"RPS10","K183156",569,538,-0.261324725496721,TRUE,1,FALSE
"NUCKS1","K183156",569,451,-0.0297289239671616,TRUE,1,FALSE
"RPS15A","K183156",569,539,-0.243203591156239,TRUE,1,FALSE
"FGFR1","K183156",569,326,0.0766630412821665,TRUE,1,TRUE
"CD81","K183156",569,508,-0.177267277914625,TRUE,1,FALSE
"EIF1","K183156",569,490,-0.0372162338631285,TRUE,1,FALSE
"ZFP36L2","K183156",569,441,-0.20800461017433,TRUE,1,FALSE
"RPS24","K183156",569,551,-0.259269217380215,TRUE,1,FALSE
"RPL7A","K183156",569,559,-0.243349136053883,TRUE,1,FALSE
"RPS18","K183156",569,565,-0.244114781006945,TRUE,1,FALSE
"HMGB1","K183156",569,471,-0.0648604312599434,TRUE,1,FALSE
"HIST1H4C","K183156",569,257,-0.142050626392847,TRUE,1,FALSE
"RPL35","K183156",569,553,-0.256317103106301,TRUE,1,FALSE
"SNHG8","K183156",569,256,-0.14309275096614,TRUE,1,FALSE
"RPS2","K183156",569,557,-0.209233039713248,TRUE,1,FALSE
"TMEM258","K183156",569,431,-0.0131708822167737,TRUE,1,FALSE
"POLDIP2","K183156",569,139,0.1348254354676,TRUE,1,TRUE
"PLXNA3","K183156",569,103,0.157027904106792,TRUE,1,TRUE
"MRPS12","K183156",569,165,0.130296538019547,TRUE,1,TRUE
"RAB24","K183156",569,117,0.0968855457822336,TRUE,1,TRUE
"MARVELD1","K183156",569,301,0.0791198455275563,TRUE,1,TRUE
"CMKLR1","K183156",569,91,0.0457918077255627,TRUE,1,TRUE
"PTPMT1","K183156",569,193,0.0918391064919327,TRUE,1,TRUE
"RNF11","K183156",569,108,0.0898240550666103,TRUE,1,TRUE
"C6orf1","K183156",569,118,0.0856325155250015,TRUE,1,TRUE
"SSNA1","K183156",569,200,0.0898470456992352,TRUE,1,TRUE
"PSMC4","K183156",569,162,0.100112453574717,TRUE,1,TRUE
"NPC2","K183156",569,394,-0.0610923274054709,TRUE,1,FALSE
"SAT2","K183156",569,215,0.0563825472358153,TRUE,1,TRUE
"NDUFB11","K183156",569,377,0.0433239676513986,TRUE,1,TRUE
"DCHS1","K183156",569,159,0.252995737383089,TRUE,1,TRUE
"HAS2","K183156",569,143,0.0205848063923356,TRUE,1,TRUE
"NDUFA4","K183156",569,384,0.0543921208477955,TRUE,1,TRUE
"ACTN1","K183156",569,255,0.247042096437238,TRUE,1,TRUE
"RAB1B","K183156",569,220,0.0872500519548547,TRUE,1,TRUE
"HIGD2A","K183156",569,310,0.0521807297693245,TRUE,1,TRUE
"TMEM160","K183156",569,190,0.0784228665176301,TRUE,1,TRUE
"ILVBL","K183156",569,127,0.135225452323369,TRUE,1,TRUE
"TMEM9","K183156",569,170,0.124623729099427,TRUE,1,TRUE
"PMP22","K183156",569,288,-0.0283647240153572,TRUE,1,FALSE
"RIC8A","K183156",569,125,0.130507826863793,TRUE,1,TRUE
"COX7B","K183156",569,301,0.13900265279582,TRUE,1,TRUE
"YIPF3","K183156",569,250,0.124406094639084,TRUE,1,TRUE
"TEN1","K183156",569,104,0.086960652002219,TRUE,1,TRUE
"MRPS24","K183156",569,261,0.0567173248338486,TRUE,1,TRUE
"FASTK","K183156",569,142,0.139307750200362,TRUE,1,TRUE
"FAM162A","K183156",569,245,-0.00233252917385685,TRUE,1,FALSE
"TSR3","K183156",569,188,0.1057132226832,TRUE,1,TRUE
"PRELP","K183156",569,205,-0.0782896295238072,TRUE,1,FALSE
"GORASP2","K183156",569,156,0.0969549684225687,TRUE,1,TRUE
"ECH1","K183156",569,225,0.110633394767658,TRUE,1,TRUE
"GSTO1","K183156",569,253,0.0861648141835464,TRUE,1,TRUE
"PRMT2","K183156",569,201,0.159991511746291,TRUE,1,TRUE
"SUB1","K183156",569,277,0.102795413525279,TRUE,1,TRUE
"HLA-A","K183156",569,505,-0.112270298254813,TRUE,1,FALSE
"ANXA2","K183156",569,510,0.0974787553068203,TRUE,1,TRUE
"CREB3","K183156",569,139,0.0484514065470464,TRUE,1,TRUE
"PLP2","K183156",569,303,0.068067847583993,TRUE,1,TRUE
"ALDOA","K183156",569,443,0.0571701456149579,TRUE,1,TRUE
"CCDC92","K183156",569,121,0.196500276995489,TRUE,1,TRUE
"IFITM1","K183156",569,192,0.00474672173825756,TRUE,1,TRUE
"SCAND1","K183156",569,299,0.0281950138122284,TRUE,1,TRUE
"RPS19BP1","K183156",569,255,0.0609221944073853,TRUE,1,TRUE
"CD68","K183156",569,103,0.104461739561372,TRUE,1,TRUE
"NKIRAS2","K183156",569,118,0.137975417989978,TRUE,1,TRUE
"NRP2","K183156",569,145,0.222419615433454,TRUE,1,TRUE
"PLXNA2","K183156",569,94,0.229483892397012,TRUE,1,TRUE
"C4orf3","K183156",569,347,0.00174245369247142,TRUE,1,TRUE
"RBCK1","K183156",569,184,0.0410386953008638,TRUE,1,TRUE
"PKM","K183156",569,397,0.119878597047394,TRUE,1,TRUE
"MAGOHB","K183156",569,92,0.100735216792663,TRUE,1,TRUE
"MAP2K2","K183156",569,227,0.117069247660251,TRUE,1,TRUE
"ORMDL3","K183156",569,158,0.0465400250330718,TRUE,1,TRUE
"CDIPT","K183156",569,218,0.0565082626678748,TRUE,1,TRUE
"AGPAT1","K183156",569,149,0.136257528100336,TRUE,1,TRUE
"CFL1","K183156",569,473,0.0518567637511663,TRUE,1,TRUE
"PACS2","K183156",569,154,0.103759985758904,TRUE,1,TRUE
"GJA1","K183156",569,266,0.143659779878367,TRUE,1,TRUE
"KDELR1","K183156",569,389,0.0497085961988309,TRUE,1,TRUE
"ZNF593","K183156",569,138,0.131424750202689,TRUE,1,TRUE
"CORO1C","K183156",569,150,0.182122103272499,TRUE,1,TRUE
"RTN4RL2","K183156",569,99,0.114132074012049,TRUE,1,TRUE
"PSME2","K183156",569,246,0.0829582827465837,TRUE,1,TRUE
"AKR1B1","K183156",569,135,0.0795770140600766,TRUE,1,TRUE
"CYSTM1","K183156",569,189,0.0847989425405223,TRUE,1,TRUE
"SNX3","K183156",569,280,0.0582176004549466,TRUE,1,TRUE
"BCL7C","K183156",569,344,0.0647739968260049,TRUE,1,TRUE
"PODNL1","K183156",569,108,0.117932513621062,TRUE,1,TRUE
"GALNT15","K183156",569,82,0.247443190228326,TRUE,1,TRUE
"PPP1R14B","K183156",569,397,0.0891228739857266,TRUE,1,TRUE
"HOXB7","K183156",569,91,0.104569415965036,TRUE,1,TRUE
"ADGRA2","K183156",569,254,0.103856763517598,TRUE,1,TRUE
"NUCB2","K183156",569,210,0.0516349030227592,TRUE,1,TRUE
"ANXA5","K183156",569,372,0.0745082338939818,TRUE,1,TRUE
"ATP5J2","K183156",569,388,0.0326307503673731,TRUE,1,TRUE
"CAPNS1","K183156",569,389,0.0361292003236185,TRUE,1,TRUE
"ATP5G3","K183156",569,370,0.0334536064337377,TRUE,1,TRUE
"MBOAT7","K183156",569,104,0.11710108847272,TRUE,1,TRUE
"WDR45","K183156",569,165,0.0742653960953026,TRUE,1,TRUE
"SLC35A4","K183156",569,110,0.117739208940384,TRUE,1,TRUE
"CSF1","K183156",569,108,0.0949983983169997,TRUE,1,TRUE
"TES","K183156",569,94,0.207780199285551,TRUE,1,TRUE
"C11orf98","K183156",569,189,0.0868880007024132,TRUE,1,TRUE
"MRPS11","K183156",569,142,0.083682103616781,TRUE,1,TRUE
"PDIA6","K183156",569,254,0.0526178601674341,TRUE,1,TRUE
"NDUFS7","K183156",569,229,0.0689640354728267,TRUE,1,TRUE
"CMBL","K183156",569,96,0.0853739356771281,TRUE,1,TRUE
"POP7","K183156",569,136,0.105468496528495,TRUE,1,TRUE
"POLE4","K183156",569,179,0.0305357503317622,TRUE,1,TRUE
"PREB","K183156",569,146,0.0231315376020507,TRUE,1,TRUE
"MPC2","K183156",569,167,0.0908659064882151,TRUE,1,TRUE
"MIEN1","K183156",569,186,0.0496226717057943,TRUE,1,TRUE
"CA12","K183156",569,161,0.118871229492709,TRUE,1,TRUE
"PDGFD","K183156",569,104,0.123925363770583,TRUE,1,TRUE
"COX14","K183156",569,229,0.0801483268307113,TRUE,1,TRUE
"MINOS1","K183156",569,370,0.0636129019098653,TRUE,1,TRUE
"NTMT1","K183156",569,159,0.102459190893625,TRUE,1,TRUE
"MAPK6","K183156",569,114,0.209143090872314,TRUE,1,TRUE
"FAM20A","K183156",569,126,0.0273450809455184,TRUE,1,TRUE
"GAPDH","K183156",569,510,-0.0266312889129194,TRUE,1,FALSE
"GADD45GIP1","K183156",569,311,0.0954784176731476,TRUE,1,TRUE
"FIS1","K183156",569,362,0.105903376156236,TRUE,1,TRUE
"ASNA1","K183156",569,156,0.102375327627877,TRUE,1,TRUE
"MAPKAPK2","K183156",569,183,0.100830051903791,TRUE,1,TRUE
"PCNXL3","K183156",569,87,0.227147270734914,TRUE,1,TRUE
"KLF7","K183156",569,115,0.175089488171339,TRUE,1,TRUE
"MEA1","K183156",569,249,0.0934453802702008,TRUE,1,TRUE
"TMEM98","K183156",569,217,0.0678035801723087,TRUE,1,TRUE
"DCTN1","K183156",569,172,0.157418162593658,TRUE,1,TRUE
"APOL1","K183156",569,119,0.0451547735676677,TRUE,1,TRUE
"SMPD1","K183156",569,135,0.0718954653393442,TRUE,1,TRUE
"MRPL55","K183156",569,208,0.128092103139459,TRUE,1,TRUE
"RPN1","K183156",569,325,0.140604601249355,TRUE,1,TRUE
"FRZB","K183156",569,119,0.0553404838648283,TRUE,1,TRUE
"CLIP1","K183156",569,132,0.209121324056487,TRUE,1,TRUE
"TMEM263","K183156",569,141,0.123645031431963,TRUE,1,TRUE
"CYC1","K183156",569,255,0.147253899960001,TRUE,1,TRUE
"DGCR6L","K183156",569,219,0.105587736645703,TRUE,1,TRUE
"R3HDM4","K183156",569,168,0.157447625494012,TRUE,1,TRUE
"LSM7","K183156",569,345,0.0827454356285125,TRUE,1,TRUE
"CARM1","K183156",569,145,0.139405336516808,TRUE,1,TRUE
"KCTD12","K183156",569,133,0.0429039874227103,TRUE,1,TRUE
"SLC25A5","K183156",569,268,0.139152548792949,TRUE,1,TRUE
"CHMP1A","K183156",569,129,0.08241487363738,TRUE,1,TRUE
"ABHD17A","K183156",569,198,0.072637362276956,TRUE,1,TRUE
"COX7A1","K183156",569,357,0.025161659074967,TRUE,1,TRUE
"TIAM2","K183156",569,110,0.218175975330728,TRUE,1,TRUE
"AURKAIP1","K183156",569,330,0.0878198954760056,TRUE,1,TRUE
"SLC31A1","K183156",569,116,0.201470493319988,TRUE,1,TRUE
"ARFGAP3","K183156",569,154,0.170493231386712,TRUE,1,TRUE
"NME3","K183156",569,286,0.0916430676602872,TRUE,1,TRUE
"MRPL41","K183156",569,366,0.0688521389749883,TRUE,1,TRUE
"UFC1","K183156",569,269,0.04472837428225,TRUE,1,TRUE
"NDUFA2","K183156",569,300,0.0605398554811632,TRUE,1,TRUE
"FSCN1","K183156",569,296,0.194363221495142,TRUE,1,TRUE
"DLG1","K183156",569,121,0.17741444376967,TRUE,1,TRUE
"PCED1A","K183156",569,113,0.124955777245498,TRUE,1,TRUE
"BLOC1S1","K183156",569,311,0.0291092173708849,TRUE,1,TRUE
"COL8A2","K183156",569,88,0.195245418453404,TRUE,1,TRUE
"LZTS1","K183156",569,88,0.109306426920161,TRUE,1,TRUE
"LSP1","K183156",569,413,0.00596881982502382,TRUE,1,TRUE
"KIF1C","K183156",569,153,0.189849614174039,TRUE,1,TRUE
"CMTM3","K183156",569,178,0.149974417284203,TRUE,1,TRUE
"WDR46","K183156",569,143,0.18152198530703,TRUE,1,TRUE
"EFHD2","K183156",569,103,0.0828217420959339,TRUE,1,TRUE
"MGP","K183156",569,496,-0.0842040706732703,TRUE,1,FALSE
"XPOT","K183156",569,98,0.169265098034273,TRUE,1,TRUE
"PKIG","K183156",569,174,0.0970317008785383,TRUE,1,TRUE
"BCL3","K183156",569,173,0.000721447986441627,TRUE,1,TRUE
"ARHGDIA","K183156",569,328,0.0612333396817527,TRUE,1,TRUE
"ZNF428","K183156",569,209,0.0980492444701563,TRUE,1,TRUE
"LOXL2","K183156",569,183,0.221471826123129,TRUE,1,TRUE
"UQCR10","K183156",569,379,0.0418134683721574,TRUE,1,TRUE
"RAB7B","K183156",569,103,0.166907646807651,TRUE,1,TRUE
"RABAC1","K183156",569,442,0.0383859950995814,TRUE,1,TRUE
"DPM3","K183156",569,297,0.0470035192299356,TRUE,1,TRUE
"CSTB","K183156",569,398,-0.0547197619247745,TRUE,1,FALSE
"TMUB1","K183156",569,121,0.122343387252667,TRUE,1,TRUE
"PSMB9","K183156",569,173,0.066864287415871,TRUE,1,TRUE
"AP1S1","K183156",569,97,0.126304644757828,TRUE,1,TRUE
"MYL6","K183156",569,533,0.0114422931679963,TRUE,1,TRUE
"LIMK1","K183156",569,99,0.156709163823775,TRUE,1,TRUE
"GBP2","K183156",569,97,0.102185727069547,TRUE,1,TRUE
"AMPD2","K183156",569,101,0.236477518988777,TRUE,1,TRUE
"BEST1","K183156",569,112,0.108609316117906,TRUE,1,TRUE
"CUEDC2","K183156",569,218,0.07830149958444,TRUE,1,TRUE
"ILF2","K183156",569,188,0.142854181402706,TRUE,1,TRUE
"TUBA1B","K183156",569,431,0.125426945208002,TRUE,1,TRUE
"SAC3D1","K183156",569,108,0.133754088365522,TRUE,1,TRUE
"GDI2","K183156",569,228,0.15620079105099,TRUE,1,TRUE
"DCTD","K183156",569,162,0.147175408488344,TRUE,1,TRUE
"FAM127A","K183156",569,351,0.0410227682762285,TRUE,1,TRUE
"RPN2","K183156",569,275,0.155443667113681,TRUE,1,TRUE
"ATP5E","K183156",569,504,0.0365560408936452,TRUE,1,TRUE
"CDC42EP1","K183156",569,212,0.0860851499501694,TRUE,1,TRUE
"PUF60","K183156",569,208,0.0473204649344446,TRUE,1,TRUE
"INPPL1","K183156",569,133,0.223041117731865,TRUE,1,TRUE
"MYL6B","K183156",569,233,0.0939501173443907,TRUE,1,TRUE
"PKN1","K183156",569,148,0.102602718382803,TRUE,1,TRUE
"LTBP2","K183156",569,109,0.11289017512412,TRUE,1,TRUE
"COL15A1","K183156",569,226,-0.00898618362197437,TRUE,1,FALSE
"NOP10","K183156",569,291,0.0397129834506107,TRUE,1,TRUE
"RAB11FIP5","K183156",569,127,0.215921765899892,TRUE,1,TRUE
"OXLD1","K183156",569,112,0.0981778402454074,TRUE,1,TRUE
"DNM3OS","K183156",569,95,0.187982227446595,TRUE,1,TRUE
"LRRC75A","K183156",569,131,0.119496234205493,TRUE,1,TRUE
"XXYLT1","K183156",569,116,0.179534846983875,TRUE,1,TRUE
"GCN1","K183156",569,120,0.189738370768551,TRUE,1,TRUE
"FAAP100","K183156",569,99,0.147749777714264,TRUE,1,TRUE
"PTGDS","K183156",569,303,-0.156645001119851,TRUE,1,FALSE
"CCL27","K183156",569,280,0.0415586602538525,TRUE,1,TRUE
"CAPG","K183156",569,178,0.144958518991058,TRUE,1,TRUE
"MYC","K183156",569,195,0.102347626042531,TRUE,1,TRUE
"MDFI","K183156",569,201,0.0915041159058434,TRUE,1,TRUE
"B4GALT7","K183156",569,130,0.100390754600519,TRUE,1,TRUE
"PSMD8","K183156",569,295,0.161094508503428,TRUE,1,TRUE
"IMP4","K183156",569,139,0.113794175904962,TRUE,1,TRUE
"APRT","K183156",569,368,0.0543483051418183,TRUE,1,TRUE
"PTGES2","K183156",569,136,0.135782064233267,TRUE,1,TRUE
"SLC35E1","K183156",569,145,0.142620143946161,TRUE,1,TRUE
"ANO1","K183156",569,97,0.128553660043623,TRUE,1,TRUE
"SEC61B","K183156",569,415,0.117474265388058,TRUE,1,TRUE
"TTC3","K183156",569,319,0.207390733845919,TRUE,1,TRUE
"POLR2G","K183156",569,244,0.0965503705619183,TRUE,1,TRUE
"TIMM13","K183156",569,291,0.0796982370964474,TRUE,1,TRUE
"TMED2","K183156",569,224,0.159832693679983,TRUE,1,TRUE
"MMP14","K183156",569,233,0.190596858410989,TRUE,1,TRUE
"UBA1","K183156",569,214,0.16318069520281,TRUE,1,TRUE
"APLNR","K183156",569,106,0.0378411094709406,TRUE,1,TRUE
"DGKZ","K183156",569,95,0.133199164383727,TRUE,1,TRUE
"ELN","K183156",569,282,0.0213623192571466,TRUE,1,TRUE
"PRELID1","K183156",569,281,0.097414598223187,TRUE,1,TRUE
"SIRT2","K183156",569,130,0.18595572755664,TRUE,1,TRUE
"IL32","K183156",569,157,0.0101223229148154,TRUE,1,TRUE
"CHRD","K183156",569,123,0.142188861789111,TRUE,1,TRUE
"BAX","K183156",569,128,0.137420071928359,TRUE,1,TRUE
"PLEKHO1","K183156",569,139,0.128745341463216,TRUE,1,TRUE
"TSPAN4","K183156",569,273,0.00681311007774893,TRUE,1,TRUE
"TCEB2","K183156",569,502,-0.0487512125748694,TRUE,1,FALSE
"ATP8B2","K183156",569,156,0.159847458035358,TRUE,1,TRUE
"ATP6V0E1","K183156",569,390,0.0350646055806957,TRUE,1,TRUE
"SPOP","K183156",569,218,0.15126310485769,TRUE,1,TRUE
"DUSP23","K183156",569,171,0.0592318641310807,TRUE,1,TRUE
"CCND2","K183156",569,137,0.151275258965601,TRUE,1,TRUE
"SLC3A2","K183156",569,204,0.0902551602672972,TRUE,1,TRUE
"TMEM205","K183156",569,227,0.0214085306307132,TRUE,1,TRUE
"COMMD7","K183156",569,109,0.158831753255781,TRUE,1,TRUE
"UBTD1","K183156",569,140,0.146838520131234,TRUE,1,TRUE
"SPNS1","K183156",569,151,0.145010304719392,TRUE,1,TRUE
"MRGPRF","K183156",569,140,0.0878064545027674,TRUE,1,TRUE
"PIGP","K183156",569,122,0.122624813648267,TRUE,1,TRUE
"DDT","K183156",569,302,0.059119768575595,TRUE,1,TRUE
"CPNE1","K183156",569,230,0.120957489553894,TRUE,1,TRUE
"TSPAN9","K183156",569,189,0.173560312996802,TRUE,1,TRUE
"NDUFA13","K183156",569,458,0.0480509274017135,TRUE,1,TRUE
"PTPN14","K183156",569,233,0.225324090369082,TRUE,1,TRUE
"MXD4","K183156",569,324,0.13106164598567,TRUE,1,TRUE
"PPP2R1A","K183156",569,314,0.134251562969413,TRUE,1,TRUE
"ACAN","K183156",569,141,0.18974365138032,TRUE,1,TRUE
"STARD10","K183156",569,144,0.0961700564915983,TRUE,1,TRUE
"TCEAL8","K183156",569,253,0.115935254252136,TRUE,1,TRUE
"NUDT22","K183156",569,118,0.150495980293233,TRUE,1,TRUE
"TACSTD2","K183156",569,185,0.126609837296309,TRUE,1,TRUE
"CD248","K183156",569,425,-0.0107889422155279,TRUE,1,FALSE
"GOLGA2","K183156",569,298,0.314506734854278,TRUE,1,TRUE
"HSD3B7","K183156",569,98,0.115746742535371,TRUE,1,TRUE
"TAX1BP3","K183156",569,311,0.0593370476185594,TRUE,1,TRUE
"GLRX","K183156",569,130,0.139350441902737,TRUE,1,TRUE
"FAM96B","K183156",569,253,0.120907225780246,TRUE,1,TRUE
"CYP1B1","K183156",569,148,0.0472514207890776,TRUE,1,TRUE
"LTBR","K183156",569,228,0.0447298884472834,TRUE,1,TRUE
"SERPINB6","K183156",569,192,0.0778904363118898,TRUE,1,TRUE
"MFSD12","K183156",569,104,0.190402751365033,TRUE,1,TRUE
"FKBP1A","K183156",569,300,0.0410249088295932,TRUE,1,TRUE
"NCLN","K183156",569,132,0.185992848529368,TRUE,1,TRUE
"NTM","K183156",569,112,0.247413123179286,TRUE,1,TRUE
"FAM173A","K183156",569,159,0.165683102072498,TRUE,1,TRUE
"TMEM141","K183156",569,205,0.109049569324195,TRUE,1,TRUE
"RNF181","K183156",569,304,0.101490415388591,TRUE,1,TRUE
"FBLN2","K183156",569,436,-0.00829647580583262,TRUE,1,FALSE
"CTD-3214H19.16","K183156",569,348,0.0440661782525991,TRUE,1,TRUE
"ARHGAP22","K183156",569,96,0.156345901330522,TRUE,1,TRUE
"MRPL3","K183156",569,130,0.18186833097289,TRUE,1,TRUE
"YIPF5","K183156",569,201,0.149939399967472,TRUE,1,TRUE
"APOBEC3C","K183156",569,186,0.0734081001105538,TRUE,1,TRUE
"PSMB3","K183156",569,358,0.016653523217682,TRUE,1,TRUE
"C1orf54","K183156",569,132,0.0699615290589969,TRUE,1,TRUE
"FAM57A","K183156",569,116,0.199485960358562,TRUE,1,TRUE
"NUDT2","K183156",569,136,0.115599584503338,TRUE,1,TRUE
"AP2M1","K183156",569,342,0.048134934464086,TRUE,1,TRUE
"MYO18A","K183156",569,135,0.222345947918312,TRUE,1,TRUE
"TOMM5","K183156",569,262,0.0888111175697031,TRUE,1,TRUE
"C1orf216","K183156",569,113,0.208913083834528,TRUE,1,TRUE
"ELOVL1","K183156",569,159,0.148152201422516,TRUE,1,TRUE
"MMP24-AS1","K183156",569,264,0.0877758616057084,TRUE,1,TRUE
"CCDC85B","K183156",569,328,0.0165037613092495,TRUE,1,TRUE
"COX5A","K183156",569,282,0.0715139289825217,TRUE,1,TRUE
"GTF2H5","K183156",569,213,0.13089663224702,TRUE,1,TRUE
"RALA","K183156",569,188,0.226058250849496,TRUE,1,TRUE
"CTSD","K183156",569,344,-0.0230575142906289,TRUE,1,FALSE
"FAM210B","K183156",569,150,0.118354497828238,TRUE,1,TRUE
"YKT6","K183156",569,193,0.170173133230735,TRUE,1,TRUE
"RP11-492E3.51","K183156",569,176,0.12410199053333,TRUE,1,TRUE
"SEPW1","K183156",569,456,0.0566738710275638,TRUE,1,TRUE
"PTPRD","K183156",569,101,0.216740503364048,TRUE,1,TRUE
"USP11","K183156",569,195,0.160763802861662,TRUE,1,TRUE
"IFNGR2","K183156",569,206,0.096154221306082,TRUE,1,TRUE
"SLC52A2","K183156",569,129,0.188536470336954,TRUE,1,TRUE
"CFH","K183156",569,316,-0.0291898083588347,TRUE,1,FALSE
"PRKAR2A","K183156",569,186,0.22616140264274,TRUE,1,TRUE
"SNRPC","K183156",569,229,0.137722315029482,TRUE,1,TRUE
"CHID1","K183156",569,247,0.053486809521123,TRUE,1,TRUE
"MSC","K183156",569,103,0.110997087202477,TRUE,1,TRUE
"DNLZ","K183156",569,243,0.0995771221595582,TRUE,1,TRUE
"REXO2","K183156",569,208,0.0498097551739274,TRUE,1,TRUE
"IFI35","K183156",569,142,0.114608586698057,TRUE,1,TRUE
"RAB31","K183156",569,361,0.0973040000643636,TRUE,1,TRUE
"PRDX5","K183156",569,423,0.0301021240496257,TRUE,1,TRUE
"UFD1L","K183156",569,197,0.0624582894325595,TRUE,1,TRUE
"ICAM3","K183156",569,93,0.16149004115485,TRUE,1,TRUE
"SNHG18","K183156",569,160,0.167630265873824,TRUE,1,TRUE
"PSENEN","K183156",569,222,0.0478161392118736,TRUE,1,TRUE
"SEC31A","K183156",569,324,0.217298736752558,TRUE,1,TRUE
"EPN1","K183156",569,210,0.0999347552956455,TRUE,1,TRUE
"SH3BGRL3","K183156",569,457,-0.027432534375049,TRUE,1,FALSE
"SAE1","K183156",569,151,0.18028824836025,TRUE,1,TRUE
"HSPA12B","K183156",569,123,0.126092724735574,TRUE,1,TRUE
"NAA38","K183156",569,354,0.10382158815392,TRUE,1,TRUE
"CLEC2A","K183156",569,106,0.167046895437294,TRUE,1,TRUE
"SEC23A","K183156",569,137,0.222832693917181,TRUE,1,TRUE
"TENM4","K183156",569,163,0.136634308751591,TRUE,1,TRUE
"CILP","K183156",569,137,0.0286704630720927,TRUE,1,TRUE
"CCL2","K183156",569,140,0.0900861489698478,TRUE,1,TRUE
"LAMTOR1","K183156",569,336,0.0531003570435731,TRUE,1,TRUE
"TP53TG1","K183156",569,164,0.105811256684286,TRUE,1,TRUE
"SEPN1","K183156",569,216,0.0871502011857929,TRUE,1,TRUE
"BRE","K183156",569,210,0.270710272485808,TRUE,1,TRUE
"SIGMAR1","K183156",569,191,0.0466247271536325,TRUE,1,TRUE
"DEF8","K183156",569,126,0.175331775117721,TRUE,1,TRUE
"CXCL12","K183156",569,240,-0.00444901440886291,TRUE,1,FALSE
"CCDC8","K183156",569,196,0.139153454622942,TRUE,1,TRUE
"MRPL27","K183156",569,221,0.110276980353721,TRUE,1,TRUE
"GSTK1","K183156",569,232,0.100890380296299,TRUE,1,TRUE
"NFE2L1","K183156",569,229,0.11642300147859,TRUE,1,TRUE
"PDIA4","K183156",569,258,0.156719804144652,TRUE,1,TRUE
"CAP1","K183156",569,274,0.09133211268291,TRUE,1,TRUE
"ABHD14A","K183156",569,150,0.0891745088782161,TRUE,1,TRUE
"PLGRKT","K183156",569,112,0.123174379192889,TRUE,1,TRUE
"SERP1","K183156",569,321,0.0499040663822819,TRUE,1,TRUE
"FAAP20","K183156",569,271,0.129483523044058,TRUE,1,TRUE
"PPP4C","K183156",569,196,0.148599549965799,TRUE,1,TRUE
"NRN1","K183156",569,153,0.0334881331427182,TRUE,1,TRUE
"ITGB5","K183156",569,398,0.22481423151346,TRUE,1,TRUE
"PDZD11","K183156",569,114,0.127750661256316,TRUE,1,TRUE
"CLTB","K183156",569,359,0.0102177845058135,TRUE,1,TRUE
"TADA3","K183156",569,174,0.12332893466909,TRUE,1,TRUE
"MZT2A","K183156",569,279,0.0744354251162829,TRUE,1,TRUE
"PTGIS","K183156",569,184,0.0206495801878876,TRUE,1,TRUE
"FGGY","K183156",569,98,0.192410030533178,TRUE,1,TRUE
"HSPB6","K183156",569,209,0.00851649886731398,TRUE,1,TRUE
"C19orf70","K183156",569,347,0.0689423409944273,TRUE,1,TRUE
"PPP1CA","K183156",569,244,0.128578472384205,TRUE,1,TRUE
"TMEM54","K183156",569,168,0.141359769709527,TRUE,1,TRUE
"SSR2","K183156",569,431,0.03829362284132,TRUE,1,TRUE
"SPHK1","K183156",569,111,0.123246840571572,TRUE,1,TRUE
"LY6E","K183156",569,419,-0.0222443591930947,TRUE,1,FALSE
"TMEM120B","K183156",569,105,0.268852247514653,TRUE,1,TRUE
"PRSS23","K183156",569,323,0.120403128557368,TRUE,1,TRUE
"DCN","K183156",569,519,-0.210118656757814,TRUE,1,FALSE
"C17orf89","K183156",569,332,0.0685201234109613,TRUE,1,TRUE
"GSDMD","K183156",569,172,0.114318073554548,TRUE,1,TRUE
"NFATC2","K183156",569,107,0.156080360340566,TRUE,1,TRUE
"PRKCSH","K183156",569,304,0.0332507270668163,TRUE,1,TRUE
"CENPP","K183156",569,183,0.202118250499753,TRUE,1,TRUE
"FBXW5","K183156",569,178,0.135304442105626,TRUE,1,TRUE
"DDRGK1","K183156",569,185,0.167204934615948,TRUE,1,TRUE
"CTC-479C5.12","K183156",569,207,0.138772809474822,TRUE,1,TRUE
"ANAPC11","K183156",569,372,0.0555790715848403,TRUE,1,TRUE
"MAN1B1","K183156",569,233,0.136239536900919,TRUE,1,TRUE
"NDUFA6","K183156",569,313,0.121472959144799,TRUE,1,TRUE
"GPX1","K183156",569,416,-0.0724915504907259,TRUE,1,FALSE
"MICAL2","K183156",569,105,0.256251865359636,TRUE,1,TRUE
"TAPBP","K183156",569,234,0.124451247455701,TRUE,1,TRUE
"TMED9","K183156",569,355,0.113751476731797,TRUE,1,TRUE
"MRPL36","K183156",569,202,0.0868005855370333,TRUE,1,TRUE
"FUCA2","K183156",569,174,0.0672684042928644,TRUE,1,TRUE
"TP53I13","K183156",569,248,0.0832942010251024,TRUE,1,TRUE
"IFI16","K183156",569,263,0.071047192300824,TRUE,1,TRUE
"SEC61G","K183156",569,397,0.089070353091181,TRUE,1,TRUE
"ARPC2","K183156",569,415,0.0852018735856118,TRUE,1,TRUE
"NCS1","K183156",569,133,0.224436993782854,TRUE,1,TRUE
"GMPPB","K183156",569,99,0.16086319579494,TRUE,1,TRUE
"TMEM45A","K183156",569,267,0.181504763834257,TRUE,1,TRUE
"FAM109B","K183156",569,106,0.14305404704724,TRUE,1,TRUE
"G6PC3","K183156",569,165,0.0804926140786568,TRUE,1,TRUE
"ARF5","K183156",569,359,0.060544979838338,TRUE,1,TRUE
"MGAT1","K183156",569,300,0.0505464324660359,TRUE,1,TRUE
"ATP5G1","K183156",569,313,0.0302953784494877,TRUE,1,TRUE
"PPP1R9B","K183156",569,163,0.152674044376152,TRUE,1,TRUE
"SH3GLB1","K183156",569,203,0.165783567926981,TRUE,1,TRUE
"SHISA4","K183156",569,138,0.164092755206511,TRUE,1,TRUE
"PALM","K183156",569,139,0.0990865342803116,TRUE,1,TRUE
"COLGALT1","K183156",569,243,0.209986695801024,TRUE,1,TRUE
"IGF2","K183156",569,384,0.00238609872608119,TRUE,1,TRUE
"CLDN4","K183156",569,194,0.0756948083939993,TRUE,1,TRUE
"EIF5A","K183156",569,333,0.0390744968806992,TRUE,1,TRUE
"TGFB1I1","K183156",569,221,0.12937064358862,TRUE,1,TRUE
"ORAI2","K183156",569,173,0.144248718112643,TRUE,1,TRUE
"WIPI1","K183156",569,130,0.257973356430187,TRUE,1,TRUE
"CLEC2B","K183156",569,247,0.00371307140018285,TRUE,1,TRUE
"SNRNP25","K183156",569,142,0.140458670697943,TRUE,1,TRUE
"UQCR11","K183156",569,469,-0.0327214099653042,TRUE,1,FALSE
"DDB2","K183156",569,141,0.162039960525615,TRUE,1,TRUE
"GALNT5","K183156",569,97,0.161274053373405,TRUE,1,TRUE
"NAGLU","K183156",569,173,0.190908298087838,TRUE,1,TRUE
"UBXN6","K183156",569,238,0.0799392609570588,TRUE,1,TRUE
"SCP2","K183156",569,223,0.137992113991611,TRUE,1,TRUE
"IKBIP","K183156",569,184,0.175610304915049,TRUE,1,TRUE
"MAN1C1","K183156",569,155,0.027370839820629,TRUE,1,TRUE
"COPS7A","K183156",569,146,0.208178661603322,TRUE,1,TRUE
"WBP5","K183156",569,290,0.0814817901133943,TRUE,1,TRUE
"VAT1","K183156",569,249,0.108637412687443,TRUE,1,TRUE
"PEA15","K183156",569,191,0.165027808847813,TRUE,1,TRUE
"TXN2","K183156",569,251,0.157447378419889,TRUE,1,TRUE
"ECM2","K183156",569,182,0.152999227028332,TRUE,1,TRUE
"TBC1D1","K183156",569,127,0.212301215153213,TRUE,1,TRUE
"NDUFB3","K183156",569,209,0.15436614491761,TRUE,1,TRUE
"APOE","K183156",569,433,-0.0659245070851528,TRUE,1,FALSE
"FAM129A","K183156",569,108,0.178571581698657,TRUE,1,TRUE
"SLC39A7","K183156",569,323,0.101592980991009,TRUE,1,TRUE
"KIAA2013","K183156",569,159,0.172786783558768,TRUE,1,TRUE
"TNC","K183156",569,182,0.161413221628304,TRUE,1,TRUE
"CLPP","K183156",569,186,0.206393552047621,TRUE,1,TRUE
"HMOX2","K183156",569,181,0.15122678349875,TRUE,1,TRUE
"MAST2","K183156",569,128,0.240659658400235,TRUE,1,TRUE
"GPC1","K183156",569,178,0.156480993884173,TRUE,1,TRUE
"PRADC1","K183156",569,140,0.175214964229539,TRUE,1,TRUE
"KLHL22","K183156",569,127,0.200719331414671,TRUE,1,TRUE
"ARAP1","K183156",569,234,0.0818834471355815,TRUE,1,TRUE
"GUK1","K183156",569,381,0.0563072547050282,TRUE,1,TRUE
"IGDCC4","K183156",569,102,0.165511606184695,TRUE,1,TRUE
"CHD3","K183156",569,284,0.163077065059551,TRUE,1,TRUE
"NDUFA3","K183156",569,325,0.0153076706110046,TRUE,1,TRUE
"PSMB8","K183156",569,203,0.0237059011137107,TRUE,1,TRUE
"KLHDC3","K183156",569,200,0.0971557977110993,TRUE,1,TRUE
"MIF","K183156",569,279,0.0806348995463161,TRUE,1,TRUE
"GOLGA3","K183156",569,229,0.267013051032607,TRUE,1,TRUE
"ST6GALNAC6","K183156",569,188,0.110633019785564,TRUE,1,TRUE
"THOC6","K183156",569,127,0.147678379156612,TRUE,1,TRUE
"MRPL14","K183156",569,233,0.108853604103649,TRUE,1,TRUE
"GTF3C1","K183156",569,160,0.153449442073577,TRUE,1,TRUE
"GNG5","K183156",569,365,0.0246102033893523,TRUE,1,TRUE
"BAD","K183156",569,283,0.0901213851464634,TRUE,1,TRUE
"DPYSL3","K183156",569,293,0.222454465925208,TRUE,1,TRUE
"TIMM8B","K183156",569,303,0.0346190543461726,TRUE,1,TRUE
"MYO1C","K183156",569,326,0.091145182712556,TRUE,1,TRUE
"CRELD2","K183156",569,184,0.111225565130309,TRUE,1,TRUE
"CALR","K183156",569,440,0.0547366047155998,TRUE,1,TRUE
"C11orf68","K183156",569,210,0.112623090573266,TRUE,1,TRUE
"B2M","K183156",569,562,-0.168127529071871,TRUE,1,FALSE
"C19orf24","K183156",569,200,0.12462779896349,TRUE,1,TRUE
"FAM102A","K183156",569,177,0.144130094544308,TRUE,1,TRUE
"NUTF2","K183156",569,252,0.136494521190656,TRUE,1,TRUE
"UROS","K183156",569,157,0.127655922460283,TRUE,1,TRUE
"CALM3","K183156",569,339,0.0452921572304654,TRUE,1,TRUE
"PRICKLE1","K183156",569,183,0.221694223235915,TRUE,1,TRUE
"TXNDC15","K183156",569,167,0.146473755098779,TRUE,1,TRUE
"EFEMP1","K183156",569,230,0.0605297996016224,TRUE,1,TRUE
"CCDC124","K183156",569,245,0.0801957853513179,TRUE,1,TRUE
"NDUFB2","K183156",569,414,0.0981737372262586,TRUE,1,TRUE
"GRINA","K183156",569,243,0.138615376909979,TRUE,1,TRUE
"FAM177A1","K183156",569,175,0.193339076641392,TRUE,1,TRUE
"GIPC1","K183156",569,193,0.208010609869137,TRUE,1,TRUE
"ZNF106","K183156",569,205,0.212977237530302,TRUE,1,TRUE
"SLC12A4","K183156",569,132,0.216489118387695,TRUE,1,TRUE
"SRPX2","K183156",569,106,0.258826490051402,TRUE,1,TRUE
"ECHS1","K183156",569,204,0.176486694800218,TRUE,1,TRUE
"ANXA1","K183156",569,346,0.0767059814931968,TRUE,1,TRUE
"FAM234A","K183156",569,129,0.179781862697138,TRUE,1,TRUE
"TWF2","K183156",569,211,0.117325395759864,TRUE,1,TRUE
"ITGA5","K183156",569,147,0.157197923254918,TRUE,1,TRUE
"RARRES3","K183156",569,192,-0.0135978988926171,TRUE,1,FALSE
"AKR1C3","K183156",569,140,0.140183501269085,TRUE,1,TRUE
"TMEM208","K183156",569,187,0.218516315213822,TRUE,1,TRUE
"BUD31","K183156",569,233,0.124857958961265,TRUE,1,TRUE
"CCDC167","K183156",569,144,0.121142324689519,TRUE,1,TRUE
"SCARF2","K183156",569,217,0.112806379345593,TRUE,1,TRUE
"RNPEPL1","K183156",569,117,0.144396171233812,TRUE,1,TRUE
"OLFM2","K183156",569,241,0.105360981823411,TRUE,1,TRUE
"SPINT2","K183156",569,207,0.168044705531855,TRUE,1,TRUE
"BRI3","K183156",569,415,0.0170102863066131,TRUE,1,TRUE
"RP11-196G11.1","K183156",569,130,0.164366102698926,TRUE,1,TRUE
"KCNK6","K183156",569,112,0.22118364026863,TRUE,1,TRUE
"LRPAP1","K183156",569,272,0.0778943933752081,TRUE,1,TRUE
"FBLIM1","K183156",569,156,0.173345314277534,TRUE,1,TRUE
"ARSA","K183156",569,171,0.110535130788391,TRUE,1,TRUE
"RNASEH2C","K183156",569,291,0.0517209074331199,TRUE,1,TRUE
"TXNL4A","K183156",569,279,0.223768433074039,TRUE,1,TRUE
"GTF3C6","K183156",569,200,0.130026658773811,TRUE,1,TRUE
"AKT1S1","K183156",569,170,0.115880334726672,TRUE,1,TRUE
"SH3GL1","K183156",569,195,0.161205713293253,TRUE,1,TRUE
"AP3D1","K183156",569,164,0.247066604860378,TRUE,1,TRUE
"QSOX1","K183156",569,198,0.142298394542519,TRUE,1,TRUE
"TXLNA","K183156",569,165,0.175308529026433,TRUE,1,TRUE
"GPC6","K183156",569,114,0.291941182268449,TRUE,1,TRUE
"LTBP3","K183156",569,382,0.04886348026751,TRUE,1,TRUE
"FAM229B","K183156",569,174,0.144671710517744,TRUE,1,TRUE
"C12orf75","K183156",569,182,0.172909068183976,TRUE,1,TRUE
"SRM","K183156",569,262,0.171360527059192,TRUE,1,TRUE
"PPDPF","K183156",569,393,0.00130267197128377,TRUE,1,TRUE
"PRKCDBP","K183156",569,384,0.0300432149244674,TRUE,1,TRUE
"GTF3A","K183156",569,204,0.12815177071004,TRUE,1,TRUE
"JDP2","K183156",569,148,0.159564076774766,TRUE,1,TRUE
"RP11-282O18.3","K183156",569,287,0.105855576220005,TRUE,1,TRUE
"TRAPPC1","K183156",569,266,0.120525185252696,TRUE,1,TRUE
"GSR","K183156",569,97,0.189631492274033,TRUE,1,TRUE
"PDIA5","K183156",569,175,0.166215309518606,TRUE,1,TRUE
"RHOC","K183156",569,412,0.09791501224191,TRUE,1,TRUE
"UROD","K183156",569,230,0.0173144639945875,TRUE,1,TRUE
"IMPDH1","K183156",569,136,0.199590428856273,TRUE,1,TRUE
"YIF1B","K183156",569,141,0.217247046680892,TRUE,1,TRUE
"MED8","K183156",569,151,0.170404434077376,TRUE,1,TRUE
"UQCC2","K183156",569,227,0.0807574088069086,TRUE,1,TRUE
"CD276","K183156",569,200,0.149441426424076,TRUE,1,TRUE
"GLMP","K183156",569,192,0.0884291986858541,TRUE,1,TRUE
"BTN3A2","K183156",569,165,0.0749946410698746,TRUE,1,TRUE
"TANC2","K183156",569,129,0.259003718462688,TRUE,1,TRUE
"ZNHIT1","K183156",569,368,-0.0178119036825693,TRUE,1,FALSE
"EIF4G1","K183156",569,305,0.167770588006669,TRUE,1,TRUE
"UQCRQ","K183156",569,457,0.0115483756735236,TRUE,1,TRUE
"GRIN2D","K183156",569,95,0.223920876345791,TRUE,1,TRUE
"COPA","K183156",569,304,0.198324582422602,TRUE,1,TRUE
"FMO1","K183156",569,132,0.0795375483039495,TRUE,1,TRUE
"CD63","K183156",569,538,-0.0358800908322297,TRUE,1,FALSE
"ARPC4","K183156",569,272,0.168025706813668,TRUE,1,TRUE
"ITGB1BP1","K183156",569,195,0.144991075044751,TRUE,1,TRUE
"NDST1","K183156",569,162,0.171825749768834,TRUE,1,TRUE
"CHPF2","K183156",569,154,0.196181289022536,TRUE,1,TRUE
"GLT8D2","K183156",569,204,0.12727652673794,TRUE,1,TRUE
"ATP6V0D1","K183156",569,215,0.125381165850626,TRUE,1,TRUE
"SEMA3C","K183156",569,131,0.137675825759905,TRUE,1,TRUE
"PLEKHA4","K183156",569,153,0.127225499160568,TRUE,1,TRUE
"ARPC1A","K183156",569,207,0.214687988787873,TRUE,1,TRUE
"A2M","K183156",569,220,0.0533618162796444,TRUE,1,TRUE
"CDK2AP1","K183156",569,257,0.143106703651949,TRUE,1,TRUE
"MINOS1-NBL1","K183156",569,120,0.183005730687842,TRUE,1,TRUE
"HAPLN3","K183156",569,154,0.153130332593908,TRUE,1,TRUE
"TPM2","K183156",569,362,0.152981903323273,TRUE,1,TRUE
"ZEB1","K183156",569,170,0.29491571342394,TRUE,1,TRUE
"ERCC1","K183156",569,298,0.140032458351489,TRUE,1,TRUE
"MEIS3","K183156",569,179,0.173126015700122,TRUE,1,TRUE
"ACTB","K183156",569,554,0.0511695974070729,TRUE,1,TRUE
"MYLK","K183156",569,141,0.156788712262678,TRUE,1,TRUE
"CD82","K183156",569,190,0.129233215049922,TRUE,1,TRUE
"PLXNB2","K183156",569,229,0.133983803416103,TRUE,1,TRUE
"PLOD2","K183156",569,128,0.225293846032209,TRUE,1,TRUE
"LINC01615","K183156",569,128,0.10120837092434,TRUE,1,TRUE
"MRPL17","K183156",569,201,0.198633556973121,TRUE,1,TRUE
"SLC39A13","K183156",569,197,0.18274023247032,TRUE,1,TRUE
"ARHGAP28","K183156",569,96,0.171848663960106,TRUE,1,TRUE
"RAD51B","K183156",569,156,0.253051517730631,TRUE,1,TRUE
"CTSC","K183156",569,233,-0.00111841374753874,TRUE,1,FALSE
"NANS","K183156",569,173,0.146178762944421,TRUE,1,TRUE
"GAA","K183156",569,202,0.12670523225801,TRUE,1,TRUE
"TNFRSF1A","K183156",569,300,0.0449569374780872,TRUE,1,TRUE
"GALNT2","K183156",569,185,0.214337916489809,TRUE,1,TRUE
"PLAUR","K183156",569,193,0.17897086175599,TRUE,1,TRUE
"PAPSS2","K183156",569,172,0.183597226325922,TRUE,1,TRUE
"DAPK3","K183156",569,189,0.209622126798614,TRUE,1,TRUE
"GPI","K183156",569,280,0.152159620083138,TRUE,1,TRUE
"AGTRAP","K183156",569,187,0.0876609034737972,TRUE,1,TRUE
"HOMER3","K183156",569,160,0.178201676392693,TRUE,1,TRUE
"NAA10","K183156",569,221,0.155262907935948,TRUE,1,TRUE
"COPZ1","K183156",569,246,0.158137114129667,TRUE,1,TRUE
"NRBP1","K183156",569,237,0.123721081488345,TRUE,1,TRUE
"NPTX2","K183156",569,129,0.221674935926725,TRUE,1,TRUE
"CXXC5","K183156",569,234,0.0912268865038519,TRUE,1,TRUE
"TMEM147","K183156",569,244,0.118219073532547,TRUE,1,TRUE
"CTTN","K183156",569,260,0.182430590337873,TRUE,1,TRUE
"METRNL","K183156",569,282,0.0877854503757131,TRUE,1,TRUE
"XBP1","K183156",569,214,0.203548304296242,TRUE,1,TRUE
"FUT11","K183156",569,245,0.0838531397332493,TRUE,1,TRUE
"DNPH1","K183156",569,223,0.0994702381753751,TRUE,1,TRUE
"MRPL52","K183156",569,277,0.0844268081083742,TRUE,1,TRUE
"ST3GAL2","K183156",569,215,0.21565228890424,TRUE,1,TRUE
"FIBP","K183156",569,190,0.10036002301302,TRUE,1,TRUE
"ETHE1","K183156",569,206,0.186689186736574,TRUE,1,TRUE
"TMEM219","K183156",569,333,0.026092013357065,TRUE,1,TRUE
"CDC42EP5","K183156",569,257,0.0698960601869002,TRUE,1,TRUE
"C7orf73","K183156",569,265,0.144716233779826,TRUE,1,TRUE
"S100A13","K183156",569,470,-0.0685257197050237,TRUE,1,FALSE
"ZYX","K183156",569,255,0.157715689569603,TRUE,1,TRUE
"PDZRN4","K183156",569,103,0.208850172536704,TRUE,1,TRUE
"MRPL12","K183156",569,184,0.148792673398708,TRUE,1,TRUE
"MAP7D1","K183156",569,222,0.159342837596048,TRUE,1,TRUE
"FHL3","K183156",569,140,0.145232225093756,TRUE,1,TRUE
"PGLS","K183156",569,286,0.118441199111712,TRUE,1,TRUE
"CAPZB","K183156",569,408,0.22140792152828,TRUE,1,TRUE
"ERI3","K183156",569,178,0.20623243822938,TRUE,1,TRUE
"PDE4DIP","K183156",569,142,0.0959886079734725,TRUE,1,TRUE
"GALNT10","K183156",569,156,0.245947498098296,TRUE,1,TRUE
"B4GALT1","K183156",569,260,0.123245702533528,TRUE,1,TRUE
"NME1","K183156",569,242,0.232404191870352,TRUE,1,TRUE
"LMF2","K183156",569,225,0.174938299168448,TRUE,1,TRUE
"DPM2","K183156",569,204,0.167663117517355,TRUE,1,TRUE
"VTI1B","K183156",569,212,0.153141590697906,TRUE,1,TRUE
"TRAPPC2L","K183156",569,254,0.0665126769410877,TRUE,1,TRUE
"THBS3","K183156",569,250,0.162763974755533,TRUE,1,TRUE
"CNN2","K183156",569,266,0.16903275003893,TRUE,1,TRUE
"DYNLT1","K183156",569,261,0.131981725014971,TRUE,1,TRUE
"VGLL3","K183156",569,133,0.213578834818053,TRUE,1,TRUE
"TRIOBP","K183156",569,268,0.0916895871810591,TRUE,1,TRUE
"THBS1","K183156",569,133,0.176968820584963,TRUE,1,TRUE
"EPHB3","K183156",569,158,0.121877531220094,TRUE,1,TRUE
"POMP","K183156",569,302,0.196850875971554,TRUE,1,TRUE
"MFAP2","K183156",569,295,0.0603267647604144,TRUE,1,TRUE
"FAM195B","K183156",569,265,0.147268096451294,TRUE,1,TRUE
"C11orf96","K183156",569,221,0.0750598847382612,TRUE,1,TRUE
"PXDN","K183156",569,257,0.228198672008025,TRUE,1,TRUE
"COMMD5","K183156",569,147,0.127353246822043,TRUE,1,TRUE
"P4HA3","K183156",569,177,0.259729293231651,TRUE,1,TRUE
"VOPP1","K183156",569,168,0.223313627147575,TRUE,1,TRUE
"ALDH1L2","K183156",569,98,0.272156306117213,TRUE,1,TRUE
"TNFSF10","K183156",569,242,0.0387552299668664,TRUE,1,TRUE
"HEXA","K183156",569,261,0.0165664130192855,TRUE,1,TRUE
"SEMA3B","K183156",569,128,0.191479043529187,TRUE,1,TRUE
"UBE2L6","K183156",569,211,0.136318772921179,TRUE,1,TRUE
"SURF4","K183156",569,312,0.184059742499053,TRUE,1,TRUE
"SPARCL1","K183156",569,283,0.154337520050116,TRUE,1,TRUE
"LASP1","K183156",569,231,0.188549024621456,TRUE,1,TRUE
"TP53I3","K183156",569,167,0.0945042879976018,TRUE,1,TRUE
"SRPRB","K183156",569,205,0.182707021543496,TRUE,1,TRUE
"SHISA5","K183156",569,283,0.103173138904122,TRUE,1,TRUE
"CTGF","K183156",569,222,0.198089318108083,TRUE,1,TRUE
"AC024592.12","K183156",569,242,0.147017952636937,TRUE,1,TRUE
"TENM3","K183156",569,195,0.348345138340947,TRUE,1,TRUE
"TMEM261","K183156",569,232,0.156578362657541,TRUE,1,TRUE
"JTB","K183156",569,348,0.0777070481062277,TRUE,1,TRUE
"NSMCE1","K183156",569,187,0.124426285900831,TRUE,1,TRUE
"CCDC28B","K183156",569,159,0.0806938019362416,TRUE,1,TRUE
"GRN","K183156",569,370,0.101459348074903,TRUE,1,TRUE
"FLNA","K183156",569,428,0.13822397415323,TRUE,1,TRUE
"COPG1","K183156",569,180,0.200722425716723,TRUE,1,TRUE
"EIF4E2","K183156",569,230,0.191314659939517,TRUE,1,TRUE
"LAMB2","K183156",569,340,0.0536476787491575,TRUE,1,TRUE
"SHC1","K183156",569,254,0.124702985437072,TRUE,1,TRUE
"LUM","K183156",569,484,-0.0280897253556225,TRUE,1,FALSE
"ISLR","K183156",569,412,-0.089493221418027,TRUE,1,FALSE
"MYO1D","K183156",569,261,0.309077039631418,TRUE,1,TRUE
"NEK6","K183156",569,133,0.214343317316871,TRUE,1,TRUE
"PGM1","K183156",569,152,0.172929271286563,TRUE,1,TRUE
"PFN1","K183156",569,522,0.103544081422877,TRUE,1,TRUE
"TMEM176B","K183156",569,368,-0.0255773412364669,TRUE,1,FALSE
"MLEC","K183156",569,269,0.077402631866181,TRUE,1,TRUE
"HN1","K183156",569,185,0.213762110200638,TRUE,1,TRUE
"EDIL3","K183156",569,217,0.338182026558392,TRUE,1,TRUE
"SNF8","K183156",569,245,0.115317722693539,TRUE,1,TRUE
"MPG","K183156",569,280,0.151146391055156,TRUE,1,TRUE
"LINC01116","K183156",569,130,0.186480138890691,TRUE,1,TRUE
"SWI5","K183156",569,184,0.145975385297651,TRUE,1,TRUE
"NXN","K183156",569,268,0.312385394291223,TRUE,1,TRUE
"PTN","K183156",569,417,0.0110544204899841,TRUE,1,TRUE
"KRT6A","K183156",569,225,0.0495998524765968,TRUE,1,TRUE
"TPM4","K183156",569,363,0.114100057428739,TRUE,1,TRUE
"FAM89B","K183156",569,246,0.109472179006212,TRUE,1,TRUE
"SMCO4","K183156",569,148,0.134234564827411,TRUE,1,TRUE
"APBB2","K183156",569,238,0.231791503333972,TRUE,1,TRUE
"A1BG","K183156",569,293,0.146854436358496,TRUE,1,TRUE
"HES4","K183156",569,173,0.172986266020548,TRUE,1,TRUE
"SSR4","K183156",569,475,-0.0509278074616211,TRUE,1,FALSE
"VAMP5","K183156",569,340,0.0388643380020046,TRUE,1,TRUE
"KRT16","K183156",569,227,0.026129939063728,TRUE,1,TRUE
"CTSZ","K183156",569,276,0.0758931762459687,TRUE,1,TRUE
"FIBIN","K183156",569,133,0.166692727750156,TRUE,1,TRUE
"DNAJC1","K183156",569,265,0.184746108493215,TRUE,1,TRUE
"ZFHX4","K183156",569,156,0.244818891929808,TRUE,1,TRUE
"NEK10","K183156",569,175,0.177294584713941,TRUE,1,TRUE
"SGCD","K183156",569,205,0.303393247006409,TRUE,1,TRUE
"MSRB3","K183156",569,214,0.141656710991552,TRUE,1,TRUE
"PGAM1","K183156",569,257,0.192808714818925,TRUE,1,TRUE
"LRRC59","K183156",569,178,0.200947861383832,TRUE,1,TRUE
"TAF10","K183156",569,302,0.114380222361306,TRUE,1,TRUE
"GPAA1","K183156",569,239,0.193147096455535,TRUE,1,TRUE
"DBN1","K183156",569,191,0.187912775447828,TRUE,1,TRUE
"APOL2","K183156",569,161,0.110077541749848,TRUE,1,TRUE
"MAP4","K183156",569,359,0.250275137204396,TRUE,1,TRUE
"NDUFS8","K183156",569,291,0.114382696751497,TRUE,1,TRUE
"CAMK1D","K183156",569,256,0.276900578112942,TRUE,1,TRUE
"SH3PXD2A","K183156",569,326,0.23450986370349,TRUE,1,TRUE
"LAMC1","K183156",569,283,0.174737391228853,TRUE,1,TRUE
"MYH9","K183156",569,351,0.185566373194649,TRUE,1,TRUE
"PLPP4","K183156",569,96,0.265887147532259,TRUE,1,TRUE
"SEC24D","K183156",569,142,0.292102882585674,TRUE,1,TRUE
"RPL22L1","K183156",569,250,0.142066508595905,TRUE,1,TRUE
"EIF4EBP1","K183156",569,213,0.185238987018447,TRUE,1,TRUE
"OSTC","K183156",569,306,0.157989386883097,TRUE,1,TRUE
"ILK","K183156",569,238,0.205826232735797,TRUE,1,TRUE
"COPE","K183156",569,311,0.209116148604086,TRUE,1,TRUE
"AHR","K183156",569,246,0.10605173176469,TRUE,1,TRUE
"FAM50A","K183156",569,196,0.146085997869429,TRUE,1,TRUE
"RYR2","K183156",569,108,0.285499948555532,TRUE,1,TRUE
"CNN3","K183156",569,276,0.16092904405837,TRUE,1,TRUE
"NGFR","K183156",569,212,0.0677381937476173,TRUE,1,TRUE
"CCDC107","K183156",569,223,0.102186836836083,TRUE,1,TRUE
"AQP1","K183156",569,282,0.0830996015677663,TRUE,1,TRUE
"CYR61","K183156",569,196,0.177024813097022,TRUE,1,TRUE
"SMTN","K183156",569,175,0.195540322593129,TRUE,1,TRUE
"DAP","K183156",569,229,0.122111710872834,TRUE,1,TRUE
"PHLDA3","K183156",569,331,0.0643810890646685,TRUE,1,TRUE
"GARS","K183156",569,254,0.218142891159863,TRUE,1,TRUE
"CGREF1","K183156",569,152,0.106629753065969,TRUE,1,TRUE
"IDH2","K183156",569,225,0.240868570937311,TRUE,1,TRUE
"ERLEC1","K183156",569,200,0.241039486714104,TRUE,1,TRUE
"C9orf16","K183156",569,354,0.0217164868099966,TRUE,1,TRUE
"C1QTNF3","K183156",569,124,0.189561143130665,TRUE,1,TRUE
"SDF4","K183156",569,335,0.116532882079389,TRUE,1,TRUE
"ZCCHC24","K183156",569,325,0.167926524629826,TRUE,1,TRUE
"GMPPA","K183156",569,142,0.173036021307843,TRUE,1,TRUE
"ALDH18A1","K183156",569,158,0.227170511027757,TRUE,1,TRUE
"CIB1","K183156",569,222,0.184537391775782,TRUE,1,TRUE
"IGFBP6","K183156",569,336,0.0626104188451865,TRUE,1,TRUE
"SLC27A4","K183156",569,467,-0.0278205039150862,TRUE,1,FALSE
"JOSD2","K183156",569,192,0.145355319165092,TRUE,1,TRUE
"ENAH","K183156",569,249,0.291384675375299,TRUE,1,TRUE
"CD99","K183156",569,526,-0.0168867152023804,TRUE,1,FALSE
"UCHL1","K183156",569,155,0.201279372245313,TRUE,1,TRUE
"CALU","K183156",569,325,0.191695623222536,TRUE,1,TRUE
"TMEM176A","K183156",569,333,-0.0433507417445154,TRUE,1,FALSE
"CKLF","K183156",569,205,0.157548897963849,TRUE,1,TRUE
"CYBA","K183156",569,418,-0.0283534590709352,TRUE,1,FALSE
"CSRP2","K183156",569,173,0.134290972239082,TRUE,1,TRUE
"VEGFB","K183156",569,324,0.0660155384062895,TRUE,1,TRUE
"LAMTOR2","K183156",569,262,0.124102098706143,TRUE,1,TRUE
"TUBA1C","K183156",569,316,0.201830498788616,TRUE,1,TRUE
"KIAA1462","K183156",569,139,0.224899937443122,TRUE,1,TRUE
"ACKR1","K183156",569,176,0.109912662329705,TRUE,1,TRUE
"PACS1","K183156",569,213,0.266077814360284,TRUE,1,TRUE
"RRBP1","K183156",569,483,0.197917940175412,TRUE,1,TRUE
"FBLN7","K183156",569,201,0.0538955324647541,TRUE,1,TRUE
"RTEL1-TNFRSF6B","K183156",569,207,0.0697624763073281,TRUE,1,TRUE
"NUCB1","K183156",569,377,0.0869452653945623,TRUE,1,TRUE
"FKBP7","K183156",569,205,0.173923302767347,TRUE,1,TRUE
"S100A7","K183156",569,323,0.076681330448493,TRUE,1,TRUE
"COTL1","K183156",569,121,0.207518769051862,TRUE,1,TRUE
"HLA-DRB1","K183156",569,181,0.170914794098509,TRUE,1,TRUE
"SIL1","K183156",569,240,0.148136614535755,TRUE,1,TRUE
"SSR3","K183156",569,317,0.131796012243508,TRUE,1,TRUE
"IL1R1","K183156",569,203,0.119373772672447,TRUE,1,TRUE
"S100A16","K183156",569,319,0.182407074229594,TRUE,1,TRUE
"LMCD1","K183156",569,152,0.184415472742313,TRUE,1,TRUE
"KHDRBS3","K183156",569,234,0.114932243525904,TRUE,1,TRUE
"GALNS","K183156",569,165,0.216043005659465,TRUE,1,TRUE
"ADAMTS12","K183156",569,142,0.289113439999321,TRUE,1,TRUE
"SAR1A","K183156",569,223,0.170000519431108,TRUE,1,TRUE
"ARF4","K183156",569,277,0.222341195868599,TRUE,1,TRUE
"TMSB4X","K183156",569,551,-0.0188738120857058,TRUE,1,FALSE
"YIF1A","K183156",569,276,0.152911159809206,TRUE,1,TRUE
"ARFGAP1","K183156",569,191,0.282089569198838,TRUE,1,TRUE
"GPR78","K183156",569,250,0.0955965613592116,TRUE,1,TRUE
"ITGBL1","K183156",569,218,0.187561254568752,TRUE,1,TRUE
"XG","K183156",569,188,0.171653356816982,TRUE,1,TRUE
"CDKN2A","K183156",569,158,0.157836361923628,TRUE,1,TRUE
"LAMA4","K183156",569,299,0.10889539847459,TRUE,1,TRUE
"LGMN","K183156",569,219,0.233032715537263,TRUE,1,TRUE
"CTSA","K183156",569,295,0.0995137286252274,TRUE,1,TRUE
"SCO2","K183156",569,241,0.128536665459787,TRUE,1,TRUE
"CCL14","K183156",569,207,0.0553425251616994,TRUE,1,TRUE
"SEC61A1","K183156",569,378,0.101465978409012,TRUE,1,TRUE
"FMOD","K183156",569,304,0.0370026549289952,TRUE,1,TRUE
"AKR1A1","K183156",569,267,0.138931728737906,TRUE,1,TRUE
"IFI6","K183156",569,320,0.0711691404287313,TRUE,1,TRUE
"ANXA6","K183156",569,317,0.104045230164421,TRUE,1,TRUE
"C7orf50","K183156",569,284,0.163377909994282,TRUE,1,TRUE
"IFITM3","K183156",569,540,-0.134121070248736,TRUE,1,FALSE
"FTL","K183156",569,545,-0.0958784906827527,TRUE,1,FALSE
"FARP1","K183156",569,255,0.244338284088413,TRUE,1,TRUE
"HMCN1","K183156",569,185,0.307290782115371,TRUE,1,TRUE
"PARVB","K183156",569,185,0.227131282240457,TRUE,1,TRUE
"RP11-25H12.1","K183156",569,398,-0.0657315274613716,TRUE,1,FALSE
"SRA1","K183156",569,207,0.167653344655939,TRUE,1,TRUE
"LOX","K183156",569,224,0.131487073510733,TRUE,1,TRUE
"TUBB2A","K183156",569,238,0.198420148224298,TRUE,1,TRUE
"PLTP","K183156",569,304,0.000724051634370566,TRUE,1,TRUE
"RP11-417E7.2","K183156",569,147,0.154093881517029,TRUE,1,TRUE
"C1S","K183156",569,439,-0.0364240149150767,TRUE,1,FALSE
"LGALS1","K183156",569,538,-0.00545061426967838,TRUE,1,FALSE
"TGFB3","K183156",569,215,0.225433000791891,TRUE,1,TRUE
"CRABP2","K183156",569,430,0.075261886599314,TRUE,1,TRUE
"NID2","K183156",569,177,0.167492861940064,TRUE,1,TRUE
"C4orf48","K183156",569,287,0.0761113600884189,TRUE,1,TRUE
"HTRA1","K183156",569,459,0.0724370965974527,TRUE,1,TRUE
"FLNC","K183156",569,175,0.185533301546588,TRUE,1,TRUE
"MXRA7","K183156",569,311,0.110730634416628,TRUE,1,TRUE
"CLEC11A","K183156",569,441,0.0508333888572377,TRUE,1,TRUE
"IFT20","K183156",569,210,0.206884898124829,TRUE,1,TRUE
"ROR2","K183156",569,225,0.30221478242081,TRUE,1,TRUE
"NME1-NME2","K183156",569,521,0.0100488940061924,TRUE,1,TRUE
"TNFAIP6","K183156",569,157,0.213508859765084,TRUE,1,TRUE
"RP11-14N7.2","K183156",569,229,0.114276307576392,TRUE,1,TRUE
"S100A9","K183156",569,291,0.0961053146047487,TRUE,1,TRUE
"SNX8","K183156",569,170,0.177776830697622,TRUE,1,TRUE
"ECM1","K183156",569,372,-0.0316496113086721,TRUE,1,FALSE
"GPX7","K183156",569,224,0.128221776652142,TRUE,1,TRUE
"HIC1","K183156",569,231,0.134295644721652,TRUE,1,TRUE
"EPHB2","K183156",569,140,0.252665339691814,TRUE,1,TRUE
"GLIPR2","K183156",569,189,0.165719573640531,TRUE,1,TRUE
"EVL","K183156",569,270,0.223690498650642,TRUE,1,TRUE
"PRAF2","K183156",569,241,0.157836830838551,TRUE,1,TRUE
"TMEM214","K183156",569,200,0.198046063927621,TRUE,1,TRUE
"CYB561","K183156",569,172,0.242655615917922,TRUE,1,TRUE
"MAGED1","K183156",569,336,0.170363253014826,TRUE,1,TRUE
"HM13","K183156",569,358,0.247563820304008,TRUE,1,TRUE
"FNDC1","K183156",569,158,0.195469095369757,TRUE,1,TRUE
"C11orf24","K183156",569,217,0.223897406278945,TRUE,1,TRUE
"HTRA3","K183156",569,296,-0.019901351402031,TRUE,1,FALSE
"NT5DC2","K183156",569,188,0.179367094693362,TRUE,1,TRUE
"PLAU","K183156",569,221,0.175946500781906,TRUE,1,TRUE
"NAGK","K183156",569,258,0.207844431672077,TRUE,1,TRUE
"SPATS2L","K183156",569,417,0.199708364918557,TRUE,1,TRUE
"FKBP9","K183156",569,309,0.230419190824525,TRUE,1,TRUE
"PLOD1","K183156",569,323,0.0579757791835818,TRUE,1,TRUE
"SEMA6B","K183156",569,163,0.148605446230963,TRUE,1,TRUE
"TXNDC5","K183156",569,270,0.190566549696143,TRUE,1,TRUE
"P4HB","K183156",569,468,0.109869242422406,TRUE,1,TRUE
"CUEDC1","K183156",569,172,0.278065697341378,TRUE,1,TRUE
"SLC38A10","K183156",569,263,0.168375510402256,TRUE,1,TRUE
"POLD4","K183156",569,280,0.182843409719713,TRUE,1,TRUE
"CISD1","K183156",569,226,0.163005912081128,TRUE,1,TRUE
"TTYH3","K183156",569,251,0.171673061733162,TRUE,1,TRUE
"DAB2","K183156",569,318,0.0337036516788966,TRUE,1,TRUE
"OLFML3","K183156",569,389,0.0917836121091045,TRUE,1,TRUE
"RPS26","K183156",569,539,-0.235459663806815,TRUE,1,FALSE
"HDLBP","K183156",569,441,0.123225356552451,TRUE,1,TRUE
"KDELR2","K183156",569,400,0.119998845561044,TRUE,1,TRUE
"PLIN3","K183156",569,340,0.0777230840759401,TRUE,1,TRUE
"METRN","K183156",569,254,0.154273902133418,TRUE,1,TRUE
"IFI27","K183156",569,351,0.0888184339723123,TRUE,1,TRUE
"BACE2","K183156",569,221,0.183998942849354,TRUE,1,TRUE
"ANGPTL2","K183156",569,343,0.140941628131437,TRUE,1,TRUE
"TMED3","K183156",569,316,0.172777127326152,TRUE,1,TRUE
"TGFBI","K183156",569,259,0.179740685901477,TRUE,1,TRUE
"ABI3BP","K183156",569,252,0.152580199464367,TRUE,1,TRUE
"SORCS2","K183156",569,147,0.32905412673434,TRUE,1,TRUE
"TPM1","K183156",569,289,0.193104519611938,TRUE,1,TRUE
"HMCN2","K183156",569,149,0.248408223371118,TRUE,1,TRUE
"MYOF","K183156",569,209,0.292688666700706,TRUE,1,TRUE
"AP2S1","K183156",569,353,0.0773622506292581,TRUE,1,TRUE
"PDGFRL","K183156",569,268,0.080985668072357,TRUE,1,TRUE
"SEC13","K183156",569,315,0.160765585558747,TRUE,1,TRUE
"RUNX1","K183156",569,302,0.268687738471772,TRUE,1,TRUE
"PLXDC2","K183156",569,298,0.321818885423233,TRUE,1,TRUE
"LRP1","K183156",569,496,0.0712241102093281,TRUE,1,TRUE
"BGN","K183156",569,500,0.0682766293022914,TRUE,1,TRUE
"ADAMTS14","K183156",569,142,0.282575928287111,TRUE,1,TRUE
"FKBP14","K183156",569,235,0.209929410591671,TRUE,1,TRUE
"ATOX1","K183156",569,387,0.0857707124844826,TRUE,1,TRUE
"NME4","K183156",569,361,0.13028965379458,TRUE,1,TRUE
"ISOC2","K183156",569,298,0.124746150601392,TRUE,1,TRUE
"CD151","K183156",569,302,0.16871476021119,TRUE,1,TRUE
"CTSB","K183156",569,426,0.0804855633103862,TRUE,1,TRUE
"MVP","K183156",569,303,0.0670305044074376,TRUE,1,TRUE
"MAP4K4","K183156",569,418,0.0872479488475699,TRUE,1,TRUE
"C1R","K183156",569,490,-0.113450497043164,TRUE,1,FALSE
"FAM20C","K183156",569,245,0.127127601122148,TRUE,1,TRUE
"GPX8","K183156",569,204,0.227656762740285,TRUE,1,TRUE
"OST4","K183156",569,477,0.0733046607792294,TRUE,1,TRUE
"RCN1","K183156",569,332,0.0954274275454682,TRUE,1,TRUE
"INAFM1","K183156",569,323,0.15099278685861,TRUE,1,TRUE
"PRDX4","K183156",569,348,0.0936535373385494,TRUE,1,TRUE
"AC005943.2","K183156",569,296,0.124630235854829,TRUE,1,TRUE
"S100A8","K183156",569,436,-0.0451811257939133,TRUE,1,FALSE
"FBLN1","K183156",569,513,-0.0403631236783603,TRUE,1,FALSE
"TMEM119","K183156",569,301,0.0757523970667452,TRUE,1,TRUE
"MIR99AHG","K183156",569,229,0.340311927138363,TRUE,1,TRUE
"EHD2","K183156",569,310,0.162001393731091,TRUE,1,TRUE
"LRRC32","K183156",569,215,0.120339228768345,TRUE,1,TRUE
"ISG15","K183156",569,253,0.130181256511481,TRUE,1,TRUE
"CADM1","K183156",569,247,0.292054696442047,TRUE,1,TRUE
"FAM114A1","K183156",569,281,0.214586265356845,TRUE,1,TRUE
"PDXK","K183156",569,250,0.237457948146658,TRUE,1,TRUE
"CTSK","K183156",569,453,-0.0521691142480455,TRUE,1,FALSE
"PHPT1","K183156",569,440,0.0770932003755482,TRUE,1,TRUE
"KDELR3","K183156",569,196,0.230977549067567,TRUE,1,TRUE
"SSC5D","K183156",569,284,0.199145903816975,TRUE,1,TRUE
"ARHGAP1","K183156",569,243,0.263287619038735,TRUE,1,TRUE
"HEG1","K183156",569,256,0.24238555619686,TRUE,1,TRUE
"TNFRSF12A","K183156",569,176,0.235004100940878,TRUE,1,TRUE
"DPT","K183156",569,350,0.071064100913563,TRUE,1,TRUE
"ITGA11","K183156",569,186,0.229217486823477,TRUE,1,TRUE
"PIEZO2","K183156",569,168,0.327192659035591,TRUE,1,TRUE
"B4GALT2","K183156",569,262,0.187676256597314,TRUE,1,TRUE
"TYMP","K183156",569,342,0.128844689381374,TRUE,1,TRUE
"CD74","K183156",569,394,-0.0199320119330748,TRUE,1,FALSE
"HLA-DRA","K183156",569,258,0.168505231575706,TRUE,1,TRUE
"EFEMP2","K183156",569,393,0.0538688593161062,TRUE,1,TRUE
"PALLD","K183156",569,333,0.381738429862928,TRUE,1,TRUE
"CST3","K183156",569,525,-0.183509823480119,TRUE,1,FALSE
"C1orf122","K183156",569,345,0.13080032152348,TRUE,1,TRUE
"GAS6","K183156",569,384,0.0477256883045189,TRUE,1,TRUE
"ZMAT3","K183156",569,264,0.146397236470051,TRUE,1,TRUE
"LIMA1","K183156",569,253,0.227789238557543,TRUE,1,TRUE
"PDLIM7","K183156",569,251,0.260394891147021,TRUE,1,TRUE
"PDLIM2","K183156",569,380,0.107695045317561,TRUE,1,TRUE
"MYDGF","K183156",569,344,0.170921477931597,TRUE,1,TRUE
"CILP2","K183156",569,201,0.190206558850364,TRUE,1,TRUE
"GUCY1A3","K183156",569,227,0.199384521345513,TRUE,1,TRUE
"BNC2","K183156",569,269,0.235234557804698,TRUE,1,TRUE
"COL18A1","K183156",569,367,0.102163491688361,TRUE,1,TRUE
"LGALS3BP","K183156",569,344,0.0300043095370255,TRUE,1,TRUE
"TMSB10","K183156",569,559,-0.0559369531916011,TRUE,1,FALSE
"S100A11","K183156",569,524,0.0461847259115565,TRUE,1,TRUE
"C1QTNF5","K183156",569,350,0.0835384438891817,TRUE,1,TRUE
"FSTL1","K183156",569,427,0.115322952508881,TRUE,1,TRUE
"OGN","K183156",569,267,0.10153417469524,TRUE,1,TRUE
"THBS4","K183156",569,268,0.0531135831375724,TRUE,1,TRUE
"GOLM1","K183156",569,289,0.23867352204566,TRUE,1,TRUE
"P3H3","K183156",569,334,0.195843293812422,TRUE,1,TRUE
"HCFC1R1","K183156",569,431,-0.0326251378919769,TRUE,1,FALSE
"ARPC1B","K183156",569,377,0.0926897197818174,TRUE,1,TRUE
"FKBP11","K183156",569,254,0.190431283111323,TRUE,1,TRUE
"CCDC80","K183156",569,496,-0.0124687608623132,TRUE,1,FALSE
"AK1","K183156",569,281,0.191053906603347,TRUE,1,TRUE
"C1QTNF6","K183156",569,289,0.096429981878149,TRUE,1,TRUE
"PODN","K183156",569,363,0.0085054957653618,TRUE,1,TRUE
"ACTA2","K183156",569,294,0.124871667097194,TRUE,1,TRUE
"CKAP4","K183156",569,413,0.205708382799151,TRUE,1,TRUE
"SULF1","K183156",569,186,0.343386487904809,TRUE,1,TRUE
"ZNF469","K183156",569,205,0.230564875215712,TRUE,1,TRUE
"P3H1","K183156",569,313,0.204456536819346,TRUE,1,TRUE
"MIR4435-2HG","K183156",569,239,0.173872464922345,TRUE,1,TRUE
"FAP","K183156",569,233,0.246245984375428,TRUE,1,TRUE
"TSHZ2","K183156",569,328,0.249324666596704,TRUE,1,TRUE
"COL11A1","K183156",569,265,0.30163622598817,TRUE,1,TRUE
"VKORC1","K183156",569,432,0.0971509713240973,TRUE,1,TRUE
"SMOC2","K183156",569,277,0.151722287484379,TRUE,1,TRUE
"CHPF","K183156",569,323,0.187797770318658,TRUE,1,TRUE
"NBL1","K183156",569,406,0.119554444879775,TRUE,1,TRUE
"COL12A1","K183156",569,318,0.367543614601795,TRUE,1,TRUE
"FKBP10","K183156",569,382,0.270774266873376,TRUE,1,TRUE
"SULF2","K183156",569,317,0.285933564294703,TRUE,1,TRUE
"COL16A1","K183156",569,387,0.308950764459528,TRUE,1,TRUE
"MMP2","K183156",569,484,-0.0116996514383284,TRUE,1,FALSE
"SERF2","K183156",569,552,0.00477975467516403,TRUE,1,TRUE
"MXRA5","K183156",569,411,0.225632518909312,TRUE,1,TRUE
"P4HA2","K183156",569,300,0.177498742731271,TRUE,1,TRUE
"NREP","K183156",569,291,0.241414574237877,TRUE,1,TRUE
"PYCR1","K183156",569,261,0.214006500325159,TRUE,1,TRUE
"EMILIN1","K183156",569,471,0.165918645626446,TRUE,1,TRUE
"MYL9","K183156",569,429,0.153597830692562,TRUE,1,TRUE
"RARRES2","K183156",569,455,0.0257154320268998,TRUE,1,TRUE
"LINC00152","K183156",569,232,0.266575396541829,TRUE,1,TRUE
"P3H4","K183156",569,288,0.235320761015235,TRUE,1,TRUE
"PPIB","K183156",569,527,0.0660490129214238,TRUE,1,TRUE
"VCAN","K183156",569,458,0.180912975932,TRUE,1,TRUE
"CPXM1","K183156",569,399,0.0668389078786082,TRUE,1,TRUE
"IGFBP4","K183156",569,485,-0.0744107400084489,TRUE,1,FALSE
"ARMC9","K183156",569,373,0.0796215113941971,TRUE,1,TRUE
"SERPINF1","K183156",569,482,-0.137313551686656,TRUE,1,FALSE
"COPZ2","K183156",569,420,0.114840131888836,TRUE,1,TRUE
"PPIC","K183156",569,404,0.0608079399044467,TRUE,1,TRUE
"FOXP1","K183156",569,341,0.276840231056038,TRUE,1,TRUE
"OLFML2B","K183156",569,328,0.139889541497099,TRUE,1,TRUE
"LRRC15","K183156",569,317,0.207228547219887,TRUE,1,TRUE
"ASPN","K183156",569,299,0.23310911476831,TRUE,1,TRUE
"COL5A3","K183156",569,359,0.267550926195081,TRUE,1,TRUE
"SFRP4","K183156",569,288,0.178363001457029,TRUE,1,TRUE
"SEPT11","K183156",569,377,0.337748955840022,TRUE,1,TRUE
"BASP1","K183156",569,335,0.173760364336501,TRUE,1,TRUE
"NNMT","K183156",569,456,-0.0407049130475619,TRUE,1,FALSE
"MARCKS","K183156",569,483,0.143385288291315,TRUE,1,TRUE
"HSPG2","K183156",569,438,0.112830694904515,TRUE,1,TRUE
"TIMP1","K183156",569,517,-0.0737969562634597,TRUE,1,FALSE
"ARL4C","K183156",569,306,0.233009481795522,TRUE,1,TRUE
"AEBP1","K183156",569,523,0.137505072581515,TRUE,1,TRUE
"WISP2","K183156",569,415,-0.0303190350111629,TRUE,1,FALSE
"TAGLN","K183156",569,369,0.189376366571187,TRUE,1,TRUE
"BMP1","K183156",569,343,0.275792354888617,TRUE,1,TRUE
"COL8A1","K183156",569,304,0.33478742534398,TRUE,1,TRUE
"THBS2","K183156",569,359,0.249084907868719,TRUE,1,TRUE
"FBN1","K183156",569,437,0.225272183421219,TRUE,1,TRUE
"MRC2","K183156",569,484,0.29016062631542,TRUE,1,TRUE
"COL6A1","K183156",569,556,0.136184517394287,TRUE,1,TRUE
"CTHRC1","K183156",569,412,0.112823186758779,TRUE,1,TRUE
"PCOLCE","K183156",569,517,0.0265923588402459,TRUE,1,TRUE
"COL14A1","K183156",569,442,0.17825398434819,TRUE,1,TRUE
"ADAMTS2","K183156",569,342,0.393865692097189,TRUE,1,TRUE
"COMP","K183156",569,366,0.158508492512094,TRUE,1,TRUE
"IGFBP7","K183156",569,511,0.0816911610387381,TRUE,1,TRUE
"COL6A3","K183156",569,529,0.206006972702978,TRUE,1,TRUE
"RCN3","K183156",569,474,0.108749832334802,TRUE,1,TRUE
"POSTN","K183156",569,392,0.282065908079828,TRUE,1,TRUE
"ADAM12","K183156",569,351,0.418186387715333,TRUE,1,TRUE
"COL6A2","K183156",569,561,0.0808865617624697,TRUE,1,TRUE
"MDK","K183156",569,506,0.0389429445816015,TRUE,1,TRUE
"CREB3L1","K183156",569,410,0.176883509516949,TRUE,1,TRUE
"CERCAM","K183156",569,452,0.242083048210801,TRUE,1,TRUE
"GXYLT2","K183156",569,403,0.287193759003292,TRUE,1,TRUE
"SERPINH1","K183156",569,495,0.165478207381689,TRUE,1,TRUE
"THY1","K183156",569,488,0.0691760335846593,TRUE,1,TRUE
"FN1","K183156",569,456,0.327136939668335,TRUE,1,TRUE
"SFRP2","K183156",569,491,0.138476465901854,TRUE,1,TRUE
"COL5A2","K183156",569,514,0.301826121888499,TRUE,1,TRUE
"COL3A1","K183156",569,562,0.105813554620974,TRUE,1,TRUE
"COL5A1","K183156",569,528,0.334778891335214,TRUE,1,TRUE
"COL1A2","K183156",569,565,0.226207205853067,TRUE,1,TRUE
"SPARC","K183156",569,560,0.184829167038736,TRUE,1,TRUE
"COL1A1","K183156",569,568,0.148412938641214,TRUE,1,TRUE
"LAMC3","K183261",49,4,NA,FALSE,-1,NA
"SEMA3G","K183261",49,2,NA,FALSE,-1,NA
"IGFBP3","K183261",49,7,-0.203890568463971,TRUE,-1,TRUE
"ALX4","K183261",49,3,NA,FALSE,-1,NA
"COL23A1","K183261",49,3,NA,FALSE,-1,NA
"TFAP2A","K183261",49,4,NA,FALSE,-1,NA
"TCF4","K183261",49,30,0.174960267324562,TRUE,-1,FALSE
"BMP7","K183261",49,0,NA,FALSE,-1,NA
"BMP4","K183261",49,5,-0.224231831747201,TRUE,-1,TRUE
"SLC5A3","K183261",49,3,NA,FALSE,-1,NA
"GADD45G","K183261",49,7,-0.145707980259203,TRUE,-1,TRUE
"SERPINE2","K183261",49,9,-0.00763000071595305,TRUE,-1,TRUE
"INHBB","K183261",49,2,NA,FALSE,-1,NA
"PRLR","K183261",49,0,NA,FALSE,-1,NA
"TRPS1","K183261",49,14,-0.139626447807861,TRUE,-1,TRUE
"TIMP3","K183261",49,22,-0.0629501923955917,TRUE,-1,TRUE
"PRDM1","K183261",49,1,NA,FALSE,-1,NA
"PTCH1","K183261",49,8,-0.32467877421237,TRUE,-1,TRUE
"APCDD1","K183261",49,6,-0.100524721128338,TRUE,-1,TRUE
"DAAM2","K183261",49,7,-0.192824139583525,TRUE,-1,TRUE
"INHBA","K183261",49,7,-0.0874415554720071,TRUE,-1,TRUE
"BCL2","K183261",49,5,-0.205586309141977,TRUE,-1,TRUE
"CENPW","K183261",49,2,NA,FALSE,-1,NA
"CEBPA","K183261",49,5,-0.084973084789433,TRUE,-1,TRUE
"IGFBP2","K183261",49,2,NA,FALSE,-1,NA
"MRPS6","K183261",49,5,0.00369025968228395,TRUE,-1,FALSE
"CRABP1","K183261",49,5,-0.220056011580406,TRUE,-1,TRUE
"ROBO2","K183261",49,11,0.0486763652654379,TRUE,-1,FALSE
"DKK2","K183261",49,3,NA,FALSE,-1,NA
"PHLDA1","K183261",49,1,NA,FALSE,-1,NA
"DIO2","K183261",49,6,-0.0942531253360176,TRUE,-1,TRUE
"MYLIP","K183261",49,16,-0.0249751069141029,TRUE,-1,TRUE
"LUZP2","K183261",49,2,NA,FALSE,-1,NA
"ZDHHC14","K183261",49,5,0.18946570105621,TRUE,-1,FALSE
"PGM2L1","K183261",49,3,NA,FALSE,-1,NA
"PREX2","K183261",49,4,NA,FALSE,-1,NA
"TNN","K183261",49,1,NA,FALSE,-1,NA
"F2R","K183261",49,9,0.0193394077552869,TRUE,-1,FALSE
"PLEKHH2","K183261",49,8,0.0180729395801808,TRUE,-1,FALSE
"HIST1H2BD","K183261",49,3,NA,FALSE,-1,NA
"TWIST1","K183261",49,14,0.0112622616013673,TRUE,-1,FALSE
"HIST2H2BE","K183261",49,6,0.0546524776187935,TRUE,-1,FALSE
"ITGA8","K183261",49,4,NA,FALSE,-1,NA
"CPE","K183261",49,11,0.0486763652654379,TRUE,-1,FALSE
"SOX18","K183261",49,5,-0.145182584868803,TRUE,-1,TRUE
"PTMA","K183261",49,42,-0.321684367611628,TRUE,1,FALSE
"RPL35A","K183261",49,43,-0.425431039277461,TRUE,1,FALSE
"RPL34","K183261",49,41,-0.146283188305923,TRUE,1,FALSE
"SLC35F1","K183261",49,23,-0.146362184513187,TRUE,1,FALSE
"H3F3B","K183261",49,40,-0.435416587007058,TRUE,1,FALSE
"RPL13","K183261",49,48,-0.152551020408163,TRUE,1,FALSE
"RPL11","K183261",49,47,-0.418224954854324,TRUE,1,FALSE
"RPS27A","K183261",49,40,-0.135926945826369,TRUE,1,FALSE
"RPS13","K183261",49,46,-0.540769469087978,TRUE,1,FALSE
"RPL26","K183261",49,38,-0.315859314953251,TRUE,1,FALSE
"RPL37A","K183261",49,46,-0.352689051739583,TRUE,1,FALSE
"RPL5","K183261",49,43,-0.36456033962331,TRUE,1,FALSE
"RPL13A","K183261",49,49,-0.317448979591837,TRUE,1,FALSE
"FAU","K183261",49,43,-0.240010309039019,TRUE,1,FALSE
"RPL19","K183261",49,46,-0.31697112115253,TRUE,1,FALSE
"RPL6","K183261",49,40,-0.454659257048743,TRUE,1,FALSE
"RPS14","K183261",49,49,-0.515408163265306,TRUE,1,FALSE
"RPL4","K183261",49,42,-0.194972609086082,TRUE,1,FALSE
"RPL30","K183261",49,44,-0.361919393758811,TRUE,1,FALSE
"RPS27","K183261",49,41,-0.247213986528885,TRUE,1,FALSE
"RPL24","K183261",49,45,-0.500280700134625,TRUE,1,FALSE
"GNB2L1","K183261",49,41,-0.286481895867909,TRUE,1,FALSE
"RPL12","K183261",49,47,-0.181382178175811,TRUE,1,FALSE
"RPS23","K183261",49,42,-0.269875608279005,TRUE,1,FALSE
"RPL38","K183261",49,43,-0.306447205221947,TRUE,1,FALSE
"RPS9","K183261",49,45,-0.20392958050984,TRUE,1,FALSE
"RPL37","K183261",49,47,-0.128064491482781,TRUE,1,FALSE
"RPL3","K183261",49,45,-0.306098504478984,TRUE,1,FALSE
"RPS6","K183261",49,46,-0.286866008229157,TRUE,1,FALSE
"RPL18","K183261",49,48,-0.0968367346938775,TRUE,1,FALSE
"RPL9","K183261",49,36,-0.293760972299051,TRUE,1,FALSE
"RPS21","K183261",49,44,-0.340275695175774,TRUE,1,FALSE
"EEF1A1","K183261",49,48,-0.26530612244898,TRUE,1,FALSE
"RPL32","K183261",49,45,-0.402908918449747,TRUE,1,FALSE
"RPS4X","K183261",49,48,-0.407040816326531,TRUE,1,FALSE
"RPL23","K183261",49,42,-0.235438622292627,TRUE,1,FALSE
"RPL14","K183261",49,41,-0.126700363726696,TRUE,1,FALSE
"RPS3A","K183261",49,38,-0.476970141618815,TRUE,1,FALSE
"RPL21","K183261",49,32,-0.113301970837344,TRUE,1,FALSE
"RPL7","K183261",49,36,-0.0578869798148901,TRUE,1,FALSE
"RPL22","K183261",49,25,-0.248341965569026,TRUE,1,FALSE
"RPS8","K183261",49,48,-0.302040816326531,TRUE,1,FALSE
"HSP90AB1","K183261",49,28,-0.314655116499944,TRUE,1,FALSE
"VIM","K183261",49,40,-0.300615542087384,TRUE,1,FALSE
"RPS16","K183261",49,48,-0.398877551020408,TRUE,1,FALSE
"NACA","K183261",49,39,-0.160165386294463,TRUE,1,FALSE
"RPS20","K183261",49,46,-0.0601081746164972,TRUE,1,FALSE
"GLTSCR2","K183261",49,30,-0.0315433174263033,TRUE,1,FALSE
"RPL36A","K183261",49,41,-0.120104582079907,TRUE,1,FALSE
"RPS3","K183261",49,46,-0.0865394432509162,TRUE,1,FALSE
"JUNB","K183261",49,33,-0.142026285542661,TRUE,1,FALSE
"RPL23A","K183261",49,42,-0.305947584697971,TRUE,1,FALSE
"RPS5","K183261",49,43,-0.167956150304113,TRUE,1,FALSE
"BTF3","K183261",49,33,-0.254504872191803,TRUE,1,FALSE
"RPS17","K183261",49,44,-0.0435936759196086,TRUE,1,FALSE
"RPL17-C18orf32","K183261",49,36,0.0317245369804024,TRUE,1,TRUE
"RPL10A","K183261",49,41,-0.267308112010964,TRUE,1,FALSE
"HNRNPA1","K183261",49,27,-0.18193451767889,TRUE,1,FALSE
"RPS25","K183261",49,39,-0.0612276508707239,TRUE,1,FALSE
"LMO4","K183261",49,16,-0.078842984571972,TRUE,1,FALSE
"PFDN5","K183261",49,35,-0.342054816805948,TRUE,1,FALSE
"CIRBP","K183261",49,30,-0.184423262552453,TRUE,1,FALSE
"RPS15","K183261",49,41,-0.333981749742849,TRUE,1,FALSE
"RPL31","K183261",49,46,-0.178283499244517,TRUE,1,FALSE
"RPS7","K183261",49,37,-0.00519107405588225,TRUE,1,FALSE
"ADIRF","K183261",49,21,-0.441827478369524,TRUE,1,FALSE
"RPS10","K183261",49,42,-0.419579419762816,TRUE,1,FALSE
"NUCKS1","K183261",49,32,-0.178760699159195,TRUE,1,FALSE
"RPS15A","K183261",49,45,-0.364327646461399,TRUE,1,FALSE
"FGFR1","K183261",49,24,-0.0116140412596888,TRUE,1,FALSE
"CD81","K183261",49,41,-0.330658293874312,TRUE,1,FALSE
"EIF1","K183261",49,39,-0.262740915200897,TRUE,1,FALSE
"ZFP36L2","K183261",49,36,-0.109799858510094,TRUE,1,FALSE
"RPS24","K183261",49,45,-0.139270226529368,TRUE,1,FALSE
"RPL7A","K183261",49,46,-0.111439943431604,TRUE,1,FALSE
"RPS18","K183261",49,49,-0.240918367346939,TRUE,1,FALSE
"HMGB1","K183261",49,27,-0.0840397316299725,TRUE,1,FALSE
"HIST1H4C","K183261",49,16,-0.269339388289345,TRUE,1,FALSE
"RPL35","K183261",49,47,0.0822469961236025,TRUE,1,TRUE
"SNHG8","K183261",49,9,-0.22278091199352,TRUE,1,FALSE
"RPS2","K183261",49,47,-0.0885736881331104,TRUE,1,FALSE
"TMEM258","K183261",49,24,-0.0052591884949534,TRUE,1,FALSE
"POLDIP2","K183261",49,7,0.0651410245462603,TRUE,1,TRUE
"PLXNA3","K183261",49,4,NA,FALSE,1,NA
"MRPS12","K183261",49,7,-0.0415829448840993,TRUE,1,FALSE
"RAB24","K183261",49,5,0.0499156178077355,TRUE,1,TRUE
"MARVELD1","K183261",49,12,0.131419046235347,TRUE,1,TRUE
"CMKLR1","K183261",49,2,NA,FALSE,1,NA
"PTPMT1","K183261",49,5,-0.00572961371723034,TRUE,1,FALSE
"RNF11","K183261",49,4,NA,FALSE,1,NA
"C6orf1","K183261",49,6,0.0163061490600335,TRUE,1,TRUE
"SSNA1","K183261",49,7,-0.0689136707555032,TRUE,1,FALSE
"PSMC4","K183261",49,7,-0.190057532363413,TRUE,1,FALSE
"NPC2","K183261",49,18,0.157384359525252,TRUE,1,TRUE
"SAT2","K183261",49,8,0.0908403015740665,TRUE,1,TRUE
"NDUFB11","K183261",49,29,0.0816452972262553,TRUE,1,TRUE
"DCHS1","K183261",49,5,0.136345384050702,TRUE,1,TRUE
"HAS2","K183261",49,5,0.178977594590771,TRUE,1,TRUE
"NDUFA4","K183261",49,15,0.120153633769898,TRUE,1,TRUE
"ACTN1","K183261",49,9,0.408620533391981,TRUE,1,TRUE
"RAB1B","K183261",49,7,-0.0432596765326517,TRUE,1,FALSE
"HIGD2A","K183261",49,18,-0.0210160660131245,TRUE,1,FALSE
"TMEM160","K183261",49,9,0.146556449395534,TRUE,1,TRUE
"ILVBL","K183261",49,7,0.162810643074437,TRUE,1,TRUE
"TMEM9","K183261",49,9,0.235699032017559,TRUE,1,TRUE
"PMP22","K183261",49,22,-0.135628034415369,TRUE,1,FALSE
"RIC8A","K183261",49,6,0.168616332587819,TRUE,1,TRUE
"COX7B","K183261",49,14,-0.0366023502044438,TRUE,1,FALSE
"YIPF3","K183261",49,9,0.182817838936697,TRUE,1,TRUE
"TEN1","K183261",49,3,NA,FALSE,1,NA
"MRPS24","K183261",49,13,0.220526245612357,TRUE,1,TRUE
"FASTK","K183261",49,5,0.0769127807465496,TRUE,1,TRUE
"FAM162A","K183261",49,13,-0.0797256885567008,TRUE,1,FALSE
"TSR3","K183261",49,8,0.201655957420964,TRUE,1,TRUE
"PRELP","K183261",49,12,0.0797708202457353,TRUE,1,TRUE
"GORASP2","K183261",49,9,0.116036446531722,TRUE,1,TRUE
"ECH1","K183261",49,7,0.0781356948225414,TRUE,1,TRUE
"GSTO1","K183261",49,12,-0.205781675277981,TRUE,1,FALSE
"PRMT2","K183261",49,13,-0.0413732980154213,TRUE,1,FALSE
"SUB1","K183261",49,13,-0.146185652987822,TRUE,1,FALSE
"HLA-A","K183261",49,40,0.0308087429922719,TRUE,1,TRUE
"ANXA2","K183261",49,43,-0.149827712068188,TRUE,1,FALSE
"CREB3","K183261",49,10,-0.159679962531929,TRUE,1,FALSE
"PLP2","K183261",49,15,0.129030749272149,TRUE,1,TRUE
"ALDOA","K183261",49,27,-0.0786367953507699,TRUE,1,FALSE
"CCDC92","K183261",49,3,NA,FALSE,1,NA
"IFITM1","K183261",49,4,NA,FALSE,1,NA
"SCAND1","K183261",49,16,0.000979415957415801,TRUE,1,TRUE
"RPS19BP1","K183261",49,15,0.0785187117663853,TRUE,1,TRUE
"CD68","K183261",49,3,NA,FALSE,1,NA
"NKIRAS2","K183261",49,4,NA,FALSE,1,NA
"NRP2","K183261",49,8,-0.0659503760118877,TRUE,1,FALSE
"PLXNA2","K183261",49,2,NA,FALSE,1,NA
"C4orf3","K183261",49,16,0.130139895341625,TRUE,1,TRUE
"RBCK1","K183261",49,7,-0.0955737039674862,TRUE,1,FALSE
"PKM","K183261",49,19,0.129370947686346,TRUE,1,TRUE
"MAGOHB","K183261",49,5,0.219473338998993,TRUE,1,TRUE
"MAP2K2","K183261",49,7,-0.0285044380253906,TRUE,1,FALSE
"ORMDL3","K183261",49,3,NA,FALSE,1,NA
"CDIPT","K183261",49,10,0.138524540998661,TRUE,1,TRUE
"AGPAT1","K183261",49,5,0.0736109694518745,TRUE,1,TRUE
"CFL1","K183261",49,29,0.0991897882806998,TRUE,1,TRUE
"PACS2","K183261",49,2,NA,FALSE,1,NA
"GJA1","K183261",49,16,0.235304683769146,TRUE,1,TRUE
"KDELR1","K183261",49,15,0.339768470103745,TRUE,1,TRUE
"ZNF593","K183261",49,5,0.0606950605638807,TRUE,1,TRUE
"CORO1C","K183261",49,3,NA,FALSE,1,NA
"RTN4RL2","K183261",49,2,NA,FALSE,1,NA
"PSME2","K183261",49,9,0.114298921616208,TRUE,1,TRUE
"AKR1B1","K183261",49,8,0.0575480444526809,TRUE,1,TRUE
"CYSTM1","K183261",49,13,-0.247189037666739,TRUE,1,FALSE
"SNX3","K183261",49,16,-0.132955716219195,TRUE,1,FALSE
"BCL7C","K183261",49,19,0.0366725372821581,TRUE,1,TRUE
"PODNL1","K183261",49,2,NA,FALSE,1,NA
"GALNT15","K183261",49,2,NA,FALSE,1,NA
"PPP1R14B","K183261",49,24,-0.00613571991077896,TRUE,1,FALSE
"HOXB7","K183261",49,3,NA,FALSE,1,NA
"ADGRA2","K183261",49,14,0.0563113080068366,TRUE,1,TRUE
"NUCB2","K183261",49,15,0.122529199890219,TRUE,1,TRUE
"ANXA5","K183261",49,17,0.128648671851795,TRUE,1,TRUE
"ATP5J2","K183261",49,21,0.0991580552530758,TRUE,1,TRUE
"CAPNS1","K183261",49,25,-0.10996992789794,TRUE,1,FALSE
"ATP5G3","K183261",49,16,0.142749875793353,TRUE,1,TRUE
"MBOAT7","K183261",49,5,-0.00475849274820824,TRUE,1,FALSE
"WDR45","K183261",49,10,0.288785993943861,TRUE,1,TRUE
"SLC35A4","K183261",49,4,NA,FALSE,1,NA
"CSF1","K183261",49,4,NA,FALSE,1,NA
"TES","K183261",49,5,0.0142754782446247,TRUE,1,TRUE
"C11orf98","K183261",49,5,-0.0488473847418112,TRUE,1,FALSE
"MRPS11","K183261",49,6,0.0548316660700026,TRUE,1,TRUE
"PDIA6","K183261",49,9,0.195056057906839,TRUE,1,TRUE
"NDUFS7","K183261",49,13,0.275033923950134,TRUE,1,TRUE
"CMBL","K183261",49,6,-0.0297452829007204,TRUE,1,FALSE
"POP7","K183261",49,4,NA,FALSE,1,NA
"POLE4","K183261",49,8,0.0881452140928115,TRUE,1,TRUE
"PREB","K183261",49,7,0.0928070967473748,TRUE,1,TRUE
"MPC2","K183261",49,10,-0.0365148371670111,TRUE,1,FALSE
"MIEN1","K183261",49,7,-0.196345276045485,TRUE,1,FALSE
"CA12","K183261",49,10,0.115775217843023,TRUE,1,TRUE
"PDGFD","K183261",49,3,NA,FALSE,1,NA
"COX14","K183261",49,10,-0.0486864495560148,TRUE,1,FALSE
"MINOS1","K183261",49,25,0.0256324967742358,TRUE,1,TRUE
"NTMT1","K183261",49,4,NA,FALSE,1,NA
"MAPK6","K183261",49,5,0.127022622748089,TRUE,1,TRUE
"FAM20A","K183261",49,11,-0.0546823443369267,TRUE,1,FALSE
"GAPDH","K183261",49,39,-0.0790579625887255,TRUE,1,FALSE
"GADD45GIP1","K183261",49,12,0.123036349870541,TRUE,1,TRUE
"FIS1","K183261",49,26,-0.0882522608121828,TRUE,1,FALSE
"ASNA1","K183261",49,8,-0.0201338888305523,TRUE,1,FALSE
"MAPKAPK2","K183261",49,7,0.0622905807437213,TRUE,1,TRUE
"PCNXL3","K183261",49,3,NA,FALSE,1,NA
"KLF7","K183261",49,2,NA,FALSE,1,NA
"MEA1","K183261",49,13,-0.102382494612765,TRUE,1,FALSE
"TMEM98","K183261",49,16,0.0288927707437661,TRUE,1,TRUE
"DCTN1","K183261",49,4,NA,FALSE,1,NA
"APOL1","K183261",49,3,NA,FALSE,1,NA
"SMPD1","K183261",49,3,NA,FALSE,1,NA
"MRPL55","K183261",49,9,0.22776685305543,TRUE,1,TRUE
"RPN1","K183261",49,22,0.0584777098097592,TRUE,1,TRUE
"FRZB","K183261",49,4,NA,FALSE,1,NA
"CLIP1","K183261",49,14,0.142058072471792,TRUE,1,TRUE
"TMEM263","K183261",49,5,0.0271913871326185,TRUE,1,TRUE
"CYC1","K183261",49,9,0.17715199682089,TRUE,1,TRUE
"DGCR6L","K183261",49,5,0.0676871315408397,TRUE,1,TRUE
"R3HDM4","K183261",49,5,0.0846817484987263,TRUE,1,TRUE
"LSM7","K183261",49,18,-0.131291378688733,TRUE,1,FALSE
"CARM1","K183261",49,5,0.0990543388402533,TRUE,1,TRUE
"KCTD12","K183261",49,7,-0.0787225508995347,TRUE,1,FALSE
"SLC25A5","K183261",49,15,-0.108338318066199,TRUE,1,FALSE
"CHMP1A","K183261",49,2,NA,FALSE,1,NA
"ABHD17A","K183261",49,4,NA,FALSE,1,NA
"COX7A1","K183261",49,18,0.1066152112913,TRUE,1,TRUE
"TIAM2","K183261",49,9,0.306786464430548,TRUE,1,TRUE
"AURKAIP1","K183261",49,21,0.0498335691260467,TRUE,1,TRUE
"SLC31A1","K183261",49,7,0.0760397802618509,TRUE,1,TRUE
"ARFGAP3","K183261",49,9,0.28540735351357,TRUE,1,TRUE
"NME3","K183261",49,20,-0.196191511500846,TRUE,1,FALSE
"MRPL41","K183261",49,18,-0.259749130499291,TRUE,1,FALSE
"UFC1","K183261",49,10,0.00724500737440696,TRUE,1,TRUE
"NDUFA2","K183261",49,15,-0.188482417178067,TRUE,1,FALSE
"FSCN1","K183261",49,15,0.248309174471403,TRUE,1,TRUE
"DLG1","K183261",49,5,-0.0220444459968015,TRUE,1,FALSE
"PCED1A","K183261",49,6,0.154818821844713,TRUE,1,TRUE
"BLOC1S1","K183261",49,11,0.0974225674968234,TRUE,1,TRUE
"COL8A2","K183261",49,1,NA,FALSE,1,NA
"LZTS1","K183261",49,5,-0.116728740476455,TRUE,1,FALSE
"LSP1","K183261",49,24,-0.159528717680253,TRUE,1,FALSE
"KIF1C","K183261",49,6,0.144605080125791,TRUE,1,TRUE
"CMTM3","K183261",49,4,NA,FALSE,1,NA
"WDR46","K183261",49,6,0.127940554163339,TRUE,1,TRUE
"EFHD2","K183261",49,3,NA,FALSE,1,NA
"MGP","K183261",49,35,-0.0307157585269453,TRUE,1,FALSE
"XPOT","K183261",49,4,NA,FALSE,1,NA
"PKIG","K183261",49,15,-0.12352943825667,TRUE,1,FALSE
"BCL3","K183261",49,9,-0.0766777299672509,TRUE,1,FALSE
"ARHGDIA","K183261",49,15,0.000687663876934903,TRUE,1,TRUE
"ZNF428","K183261",49,10,0.113746615778189,TRUE,1,TRUE
"LOXL2","K183261",49,4,NA,FALSE,1,NA
"UQCR10","K183261",49,21,0.250638529849617,TRUE,1,TRUE
"RAB7B","K183261",49,4,NA,FALSE,1,NA
"RABAC1","K183261",49,22,0.122993271110392,TRUE,1,TRUE
"DPM3","K183261",49,16,0.121937286698267,TRUE,1,TRUE
"CSTB","K183261",49,26,-0.131893488686339,TRUE,1,FALSE
"TMUB1","K183261",49,4,NA,FALSE,1,NA
"PSMB9","K183261",49,10,-0.167214770201313,TRUE,1,FALSE
"AP1S1","K183261",49,3,NA,FALSE,1,NA
"MYL6","K183261",49,42,0.18097300350705,TRUE,1,TRUE
"LIMK1","K183261",49,1,NA,FALSE,1,NA
"GBP2","K183261",49,3,NA,FALSE,1,NA
"AMPD2","K183261",49,3,NA,FALSE,1,NA
"BEST1","K183261",49,2,NA,FALSE,1,NA
"CUEDC2","K183261",49,13,0.136925914860561,TRUE,1,TRUE
"ILF2","K183261",49,3,NA,FALSE,1,NA
"TUBA1B","K183261",49,30,0.105144391421011,TRUE,1,TRUE
"SAC3D1","K183261",49,2,NA,FALSE,1,NA
"GDI2","K183261",49,9,0.166651302766262,TRUE,1,TRUE
"DCTD","K183261",49,6,-0.0499935778873553,TRUE,1,FALSE
"FAM127A","K183261",49,17,-0.0236036078607635,TRUE,1,FALSE
"RPN2","K183261",49,14,0.00639901227350416,TRUE,1,TRUE
"ATP5E","K183261",49,36,-0.204458460734087,TRUE,1,FALSE
"CDC42EP1","K183261",49,9,-0.00415495088492493,TRUE,1,FALSE
"PUF60","K183261",49,10,-0.0596988607651133,TRUE,1,FALSE
"INPPL1","K183261",49,5,-0.125760165488361,TRUE,1,FALSE
"MYL6B","K183261",49,13,-0.0318508722817132,TRUE,1,FALSE
"PKN1","K183261",49,9,0.266596757689092,TRUE,1,TRUE
"LTBP2","K183261",49,2,NA,FALSE,1,NA
"COL15A1","K183261",49,21,-0.219867290797893,TRUE,1,FALSE
"NOP10","K183261",49,14,0.111854734540853,TRUE,1,TRUE
"RAB11FIP5","K183261",49,3,NA,FALSE,1,NA
"OXLD1","K183261",49,2,NA,FALSE,1,NA
"DNM3OS","K183261",49,3,NA,FALSE,1,NA
"LRRC75A","K183261",49,3,NA,FALSE,1,NA
"XXYLT1","K183261",49,4,NA,FALSE,1,NA
"GCN1","K183261",49,6,0.0876231526412787,TRUE,1,TRUE
"FAAP100","K183261",49,4,NA,FALSE,1,NA
"PTGDS","K183261",49,25,-0.268978297717775,TRUE,1,FALSE
"CCL27","K183261",49,8,0.0117315572713454,TRUE,1,TRUE
"CAPG","K183261",49,9,0.0803794134829113,TRUE,1,TRUE
"MYC","K183261",49,10,0.0749133762513679,TRUE,1,TRUE
"MDFI","K183261",49,8,0.0909988361317874,TRUE,1,TRUE
"B4GALT7","K183261",49,7,0.143947412028223,TRUE,1,TRUE
"PSMD8","K183261",49,14,0.0715409572177765,TRUE,1,TRUE
"IMP4","K183261",49,8,-0.117949710944338,TRUE,1,FALSE
"APRT","K183261",49,22,-0.106221461413521,TRUE,1,FALSE
"PTGES2","K183261",49,5,0.108959772724279,TRUE,1,TRUE
"SLC35E1","K183261",49,5,0.104978176751288,TRUE,1,TRUE
"ANO1","K183261",49,3,NA,FALSE,1,NA
"SEC61B","K183261",49,28,0.0550646453874903,TRUE,1,TRUE
"TTC3","K183261",49,20,-0.132131315864764,TRUE,1,FALSE
"POLR2G","K183261",49,11,0.120887788055198,TRUE,1,TRUE
"TIMM13","K183261",49,18,0.00696599940884462,TRUE,1,TRUE
"TMED2","K183261",49,7,0.189219166539137,TRUE,1,TRUE
"MMP14","K183261",49,11,0.0590122362256744,TRUE,1,TRUE
"UBA1","K183261",49,13,0.178102197171147,TRUE,1,TRUE
"APLNR","K183261",49,3,NA,FALSE,1,NA
"DGKZ","K183261",49,1,NA,FALSE,1,NA
"ELN","K183261",49,16,0.390297259030197,TRUE,1,TRUE
"PRELID1","K183261",49,6,0.274337518801222,TRUE,1,TRUE
"SIRT2","K183261",49,3,NA,FALSE,1,NA
"IL32","K183261",49,4,NA,FALSE,1,NA
"CHRD","K183261",49,12,0.375193264715111,TRUE,1,TRUE
"BAX","K183261",49,1,NA,FALSE,1,NA
"PLEKHO1","K183261",49,3,NA,FALSE,1,NA
"TSPAN4","K183261",49,17,0.146966993474016,TRUE,1,TRUE
"TCEB2","K183261",49,38,-0.138740023982065,TRUE,1,FALSE
"ATP8B2","K183261",49,9,0.191505463514267,TRUE,1,TRUE
"ATP6V0E1","K183261",49,21,0.0681039923130081,TRUE,1,TRUE
"SPOP","K183261",49,11,0.122913060067677,TRUE,1,TRUE
"DUSP23","K183261",49,6,-0.0720337573860819,TRUE,1,FALSE
"CCND2","K183261",49,7,-0.0144198921775506,TRUE,1,FALSE
"SLC3A2","K183261",49,8,0.275057457645734,TRUE,1,TRUE
"TMEM205","K183261",49,11,0.115370667745342,TRUE,1,TRUE
"COMMD7","K183261",49,5,0.132169563883907,TRUE,1,TRUE
"UBTD1","K183261",49,6,0.073288076544546,TRUE,1,TRUE
"SPNS1","K183261",49,6,0.177038189794649,TRUE,1,TRUE
"MRGPRF","K183261",49,4,NA,FALSE,1,NA
"PIGP","K183261",49,3,NA,FALSE,1,NA
"DDT","K183261",49,18,0.0961071782847377,TRUE,1,TRUE
"CPNE1","K183261",49,10,0.240099544387847,TRUE,1,TRUE
"TSPAN9","K183261",49,12,0.457397771002241,TRUE,1,TRUE
"NDUFA13","K183261",49,28,0.129795235556227,TRUE,1,TRUE
"PTPN14","K183261",49,12,-0.0909928169921692,TRUE,1,FALSE
"MXD4","K183261",49,16,-0.0804345355027727,TRUE,1,FALSE
"PPP2R1A","K183261",49,13,-0.00722390917729578,TRUE,1,FALSE
"ACAN","K183261",49,4,NA,FALSE,1,NA
"STARD10","K183261",49,7,-0.0476191788188879,TRUE,1,FALSE
"TCEAL8","K183261",49,10,-0.0173880176985767,TRUE,1,FALSE
"NUDT22","K183261",49,3,NA,FALSE,1,NA
"TACSTD2","K183261",49,10,0.25386505839922,TRUE,1,TRUE
"CD248","K183261",49,29,-0.0280606167165965,TRUE,1,FALSE
"GOLGA2","K183261",49,14,0.0982888285210239,TRUE,1,TRUE
"HSD3B7","K183261",49,3,NA,FALSE,1,NA
"TAX1BP3","K183261",49,13,0.15203045223127,TRUE,1,TRUE
"GLRX","K183261",49,5,0.184707208308002,TRUE,1,TRUE
"FAM96B","K183261",49,13,0.142508026497562,TRUE,1,TRUE
"CYP1B1","K183261",49,12,0.178605514482401,TRUE,1,TRUE
"LTBR","K183261",49,6,0.180621958818832,TRUE,1,TRUE
"SERPINB6","K183261",49,10,0.136206138638851,TRUE,1,TRUE
"MFSD12","K183261",49,5,0.100608132390689,TRUE,1,TRUE
"FKBP1A","K183261",49,19,-0.0263275109173021,TRUE,1,FALSE
"NCLN","K183261",49,2,NA,FALSE,1,NA
"NTM","K183261",49,2,NA,FALSE,1,NA
"FAM173A","K183261",49,8,0.00634138230883536,TRUE,1,TRUE
"TMEM141","K183261",49,4,NA,FALSE,1,NA
"RNF181","K183261",49,13,0.0759823901648293,TRUE,1,TRUE
"FBLN2","K183261",49,26,0.290187226333588,TRUE,1,TRUE
"CTD-3214H19.16","K183261",49,17,0.0444444524604706,TRUE,1,TRUE
"ARHGAP22","K183261",49,1,NA,FALSE,1,NA
"MRPL3","K183261",49,2,NA,FALSE,1,NA
"YIPF5","K183261",49,12,-0.00986994894565877,TRUE,1,FALSE
"APOBEC3C","K183261",49,5,-0.0402044081175146,TRUE,1,FALSE
"PSMB3","K183261",49,19,0.222127476216178,TRUE,1,TRUE
"C1orf54","K183261",49,6,-0.0494560125337279,TRUE,1,FALSE
"FAM57A","K183261",49,3,NA,FALSE,1,NA
"NUDT2","K183261",49,6,0.0505311432409828,TRUE,1,TRUE
"AP2M1","K183261",49,19,0.211026914217934,TRUE,1,TRUE
"MYO18A","K183261",49,6,0.157327460161642,TRUE,1,TRUE
"TOMM5","K183261",49,10,0.247924152352206,TRUE,1,TRUE
"C1orf216","K183261",49,3,NA,FALSE,1,NA
"ELOVL1","K183261",49,1,NA,FALSE,1,NA
"MMP24-AS1","K183261",49,15,0.246433727534308,TRUE,1,TRUE
"CCDC85B","K183261",49,12,0.0252832938744958,TRUE,1,TRUE
"COX5A","K183261",49,12,0.327465977347747,TRUE,1,TRUE
"GTF2H5","K183261",49,10,0.159824862679418,TRUE,1,TRUE
"RALA","K183261",49,7,0.271462853900632,TRUE,1,TRUE
"CTSD","K183261",49,17,0.0443243323186856,TRUE,1,TRUE
"FAM210B","K183261",49,4,NA,FALSE,1,NA
"YKT6","K183261",49,5,0.186455226052241,TRUE,1,TRUE
"RP11-492E3.51","K183261",49,9,0.227691308493886,TRUE,1,TRUE
"SEPW1","K183261",49,24,0.0275011731715271,TRUE,1,TRUE
"PTPRD","K183261",49,0,NA,FALSE,1,NA
"USP11","K183261",49,10,0.0678132690244491,TRUE,1,TRUE
"IFNGR2","K183261",49,9,0.193545166675957,TRUE,1,TRUE
"SLC52A2","K183261",49,4,NA,FALSE,1,NA
"CFH","K183261",49,24,-0.273587368164555,TRUE,1,FALSE
"PRKAR2A","K183261",49,8,0.189448796476456,TRUE,1,TRUE
"SNRPC","K183261",49,6,0.0942531253360176,TRUE,1,TRUE
"CHID1","K183261",49,10,0.123310025512406,TRUE,1,TRUE
"MSC","K183261",49,6,0.0675540461058529,TRUE,1,TRUE
"DNLZ","K183261",49,8,0.117949710944338,TRUE,1,TRUE
"REXO2","K183261",49,5,0.00495271694201266,TRUE,1,TRUE
"IFI35","K183261",49,9,0.113090208631502,TRUE,1,TRUE
"RAB31","K183261",49,13,0.432121112605512,TRUE,1,TRUE
"PRDX5","K183261",49,28,0.173060314074969,TRUE,1,TRUE
"UFD1L","K183261",49,6,-0.0537565353627477,TRUE,1,FALSE
"ICAM3","K183261",49,4,NA,FALSE,1,NA
"SNHG18","K183261",49,5,0.0630257508895337,TRUE,1,TRUE
"PSENEN","K183261",49,8,-0.00649991686655624,TRUE,1,FALSE
"SEC31A","K183261",49,20,0.295089452169789,TRUE,1,TRUE
"EPN1","K183261",49,13,-0.0279105581850064,TRUE,1,FALSE
"SH3BGRL3","K183261",49,30,-0.0713930417748664,TRUE,1,FALSE
"SAE1","K183261",49,8,0.202131561094127,TRUE,1,TRUE
"HSPA12B","K183261",49,2,NA,FALSE,1,NA
"NAA38","K183261",49,20,-0.0441201705185899,TRUE,1,FALSE
"CLEC2A","K183261",49,1,NA,FALSE,1,NA
"SEC23A","K183261",49,7,0.0191147407934972,TRUE,1,TRUE
"TENM4","K183261",49,15,0.00881460060434739,TRUE,1,TRUE
"CILP","K183261",49,9,0.205934474769188,TRUE,1,TRUE
"CCL2","K183261",49,6,-0.0621783925695782,TRUE,1,FALSE
"LAMTOR1","K183261",49,19,0.354636802687368,TRUE,1,TRUE
"TP53TG1","K183261",49,7,0.229460726104395,TRUE,1,TRUE
"SEPN1","K183261",49,8,0.217350878635332,TRUE,1,TRUE
"BRE","K183261",49,12,0.291636710627205,TRUE,1,TRUE
"SIGMAR1","K183261",49,4,NA,FALSE,1,NA
"DEF8","K183261",49,6,0.0245488178156548,TRUE,1,TRUE
"CXCL12","K183261",49,17,-0.0224624665138054,TRUE,1,FALSE
"CCDC8","K183261",49,7,0.182931422857066,TRUE,1,TRUE
"MRPL27","K183261",49,10,0.10041580220928,TRUE,1,TRUE
"GSTK1","K183261",49,11,0.173125838583961,TRUE,1,TRUE
"NFE2L1","K183261",49,9,0.356041518557294,TRUE,1,TRUE
"PDIA4","K183261",49,9,0.175263382782288,TRUE,1,TRUE
"CAP1","K183261",49,7,0.0265761966295554,TRUE,1,TRUE
"ABHD14A","K183261",49,5,0.0488473847418112,TRUE,1,TRUE
"PLGRKT","K183261",49,2,NA,FALSE,1,NA
"SERP1","K183261",49,14,0.035322547749743,TRUE,1,TRUE
"FAAP20","K183261",49,10,0.0880992896727886,TRUE,1,TRUE
"PPP4C","K183261",49,11,0.0277951124471224,TRUE,1,TRUE
"NRN1","K183261",49,2,NA,FALSE,1,NA
"ITGB5","K183261",49,21,0.496751877485746,TRUE,1,TRUE
"PDZD11","K183261",49,5,0.18596966556773,TRUE,1,TRUE
"CLTB","K183261",49,24,-0.0170923626085985,TRUE,1,FALSE
"TADA3","K183261",49,12,0.269733536254647,TRUE,1,TRUE
"MZT2A","K183261",49,13,0.332365494057218,TRUE,1,TRUE
"PTGIS","K183261",49,13,0.227487467183205,TRUE,1,TRUE
"FGGY","K183261",49,0,NA,FALSE,1,NA
"HSPB6","K183261",49,8,0.170583184107671,TRUE,1,TRUE
"C19orf70","K183261",49,17,-0.0964564738533998,TRUE,1,FALSE
"PPP1CA","K183261",49,7,0.0440142057745002,TRUE,1,TRUE
"TMEM54","K183261",49,7,0.110328942474747,TRUE,1,TRUE
"SSR2","K183261",49,23,-0.000608459572806145,TRUE,1,FALSE
"SPHK1","K183261",49,4,NA,FALSE,1,NA
"LY6E","K183261",49,24,-0.192727345054646,TRUE,1,FALSE
"TMEM120B","K183261",49,3,NA,FALSE,1,NA
"PRSS23","K183261",49,21,0.235083215990749,TRUE,1,TRUE
"DCN","K183261",49,41,-0.14388007406252,TRUE,1,FALSE
"C17orf89","K183261",49,11,0.0786364236569341,TRUE,1,TRUE
"GSDMD","K183261",49,7,0.0705904024040556,TRUE,1,TRUE
"NFATC2","K183261",49,2,NA,FALSE,1,NA
"PRKCSH","K183261",49,8,0.26174055479718,TRUE,1,TRUE
"CENPP","K183261",49,11,0.343109013700282,TRUE,1,TRUE
"FBXW5","K183261",49,6,0.121131393017391,TRUE,1,TRUE
"DDRGK1","K183261",49,8,0.0537432150673797,TRUE,1,TRUE
"CTC-479C5.12","K183261",49,5,-0.168780824416039,TRUE,1,FALSE
"ANAPC11","K183261",49,19,0.0219105333682625,TRUE,1,TRUE
"MAN1B1","K183261",49,8,0.125400835157219,TRUE,1,TRUE
"NDUFA6","K183261",49,19,-0.0124372788880853,TRUE,1,FALSE
"GPX1","K183261",49,25,0.0723900809323227,TRUE,1,TRUE
"MICAL2","K183261",49,3,NA,FALSE,1,NA
"TAPBP","K183261",49,11,0.116208711336713,TRUE,1,TRUE
"TMED9","K183261",49,13,0.172454413632534,TRUE,1,TRUE
"MRPL36","K183261",49,10,-0.00985321002919346,TRUE,1,FALSE
"FUCA2","K183261",49,5,0.185678329277024,TRUE,1,TRUE
"TP53I13","K183261",49,9,0.1182272388165,TRUE,1,TRUE
"IFI16","K183261",49,11,-0.0235350575243222,TRUE,1,FALSE
"SEC61G","K183261",49,21,-0.157702600140089,TRUE,1,FALSE
"ARPC2","K183261",49,24,0.0399917458470415,TRUE,1,TRUE
"NCS1","K183261",49,7,0.246311879172346,TRUE,1,TRUE
"GMPPB","K183261",49,4,NA,FALSE,1,NA
"TMEM45A","K183261",49,17,-0.0518318411802516,TRUE,1,FALSE
"FAM109B","K183261",49,1,NA,FALSE,1,NA
"G6PC3","K183261",49,8,0.158376023163163,TRUE,1,TRUE
"ARF5","K183261",49,17,-0.298258312052294,TRUE,1,FALSE
"MGAT1","K183261",49,9,0.13356278480995,TRUE,1,TRUE
"ATP5G1","K183261",49,13,0.21290830502539,TRUE,1,TRUE
"PPP1R9B","K183261",49,4,NA,FALSE,1,NA
"SH3GLB1","K183261",49,11,0.0903690339361215,TRUE,1,TRUE
"SHISA4","K183261",49,3,NA,FALSE,1,NA
"PALM","K183261",49,8,0.312947216941025,TRUE,1,TRUE
"COLGALT1","K183261",49,9,0.0257606954865345,TRUE,1,TRUE
"IGF2","K183261",49,15,0.267438733229774,TRUE,1,TRUE
"CLDN4","K183261",49,11,0.0170402196912006,TRUE,1,TRUE
"EIF5A","K183261",49,20,-0.285577830993054,TRUE,1,FALSE
"TGFB1I1","K183261",49,7,0.0644703318868394,TRUE,1,TRUE
"ORAI2","K183261",49,9,0.276644184374456,TRUE,1,TRUE
"WIPI1","K183261",49,6,0.120952204566182,TRUE,1,TRUE
"CLEC2B","K183261",49,10,0.116209918285488,TRUE,1,TRUE
"SNRNP25","K183261",49,2,NA,FALSE,1,NA
"UQCR11","K183261",49,32,-0.257978268465893,TRUE,1,FALSE
"DDB2","K183261",49,8,0.220997173462912,TRUE,1,TRUE
"GALNT5","K183261",49,0,NA,FALSE,1,NA
"NAGLU","K183261",49,6,-0.160194475380988,TRUE,1,FALSE
"UBXN6","K183261",49,11,0.138416866508031,TRUE,1,TRUE
"SCP2","K183261",49,10,0.202570406188419,TRUE,1,TRUE
"IKBIP","K183261",49,8,0.164717405471998,TRUE,1,TRUE
"MAN1C1","K183261",49,11,0.166561163784892,TRUE,1,TRUE
"COPS7A","K183261",49,0,NA,FALSE,1,NA
"WBP5","K183261",49,10,0.139973542473542,TRUE,1,TRUE
"VAT1","K183261",49,9,0.133336151125318,TRUE,1,TRUE
"PEA15","K183261",49,6,0.0530397815579111,TRUE,1,TRUE
"TXN2","K183261",49,12,0.191044354249532,TRUE,1,TRUE
"ECM2","K183261",49,10,0.0199962203533632,TRUE,1,TRUE
"TBC1D1","K183261",49,5,0.195486651064147,TRUE,1,TRUE
"NDUFB3","K183261",49,8,0.269350213567782,TRUE,1,TRUE
"APOE","K183261",49,29,-0.116258675661982,TRUE,1,FALSE
"FAM129A","K183261",49,4,NA,FALSE,1,NA
"SLC39A7","K183261",49,13,0.182764902185583,TRUE,1,TRUE
"KIAA2013","K183261",49,5,0.18373608733898,TRUE,1,TRUE
"TNC","K183261",49,7,0.227280974961276,TRUE,1,TRUE
"CLPP","K183261",49,7,0.242539232963103,TRUE,1,TRUE
"HMOX2","K183261",49,8,-0.124925231484057,TRUE,1,FALSE
"MAST2","K183261",49,5,0.203644067203932,TRUE,1,TRUE
"GPC1","K183261",49,5,-0.216754200285731,TRUE,1,FALSE
"PRADC1","K183261",49,7,-0.0673207756893785,TRUE,1,FALSE
"KLHL22","K183261",49,8,0.375251298125332,TRUE,1,TRUE
"ARAP1","K183261",49,12,0.0689544378395339,TRUE,1,TRUE
"GUK1","K183261",49,25,-0.000162918411700651,TRUE,1,FALSE
"IGDCC4","K183261",49,5,0.127411071135698,TRUE,1,TRUE
"CHD3","K183261",49,16,0.371688355839297,TRUE,1,TRUE
"NDUFA3","K183261",49,16,0.0143239583772061,TRUE,1,TRUE
"PSMB8","K183261",49,9,0.180173779282654,TRUE,1,TRUE
"KLHDC3","K183261",49,9,0.203819227045954,TRUE,1,TRUE
"MIF","K183261",49,8,0.156790677585954,TRUE,1,TRUE
"GOLGA3","K183261",49,9,0.114978822670104,TRUE,1,TRUE
"ST6GALNAC6","K183261",49,6,0.205529153536905,TRUE,1,TRUE
"THOC6","K183261",49,5,0.243945587418349,TRUE,1,TRUE
"MRPL14","K183261",49,11,0.313009281376891,TRUE,1,TRUE
"GTF3C1","K183261",49,6,-0.0650454077889247,TRUE,1,FALSE
"GNG5","K183261",49,23,-0.0587440060291024,TRUE,1,FALSE
"BAD","K183261",49,16,0.0417476051848485,TRUE,1,TRUE
"DPYSL3","K183261",49,11,0.260352209052443,TRUE,1,TRUE
"TIMM8B","K183261",49,13,0.0273851829721122,TRUE,1,TRUE
"MYO1C","K183261",49,11,0.330678033761619,TRUE,1,TRUE
"CRELD2","K183261",49,7,0.106975479177642,TRUE,1,TRUE
"CALR","K183261",49,23,-0.00243383829122458,TRUE,1,FALSE
"C11orf68","K183261",49,8,0.0889378868814159,TRUE,1,TRUE
"B2M","K183261",49,47,-0.0682670476509803,TRUE,1,FALSE
"C19orf24","K183261",49,10,0.229232033326236,TRUE,1,TRUE
"FAM102A","K183261",49,11,0.249946501126259,TRUE,1,TRUE
"NUTF2","K183261",49,7,0.0476191788188879,TRUE,1,TRUE
"UROS","K183261",49,8,0.309776525786607,TRUE,1,TRUE
"CALM3","K183261",49,16,0.0748028937476318,TRUE,1,TRUE
"PRICKLE1","K183261",49,12,0.261350839889841,TRUE,1,TRUE
"TXNDC15","K183261",49,11,0.0393182118284671,TRUE,1,TRUE
"EFEMP1","K183261",49,19,-0.131056373330058,TRUE,1,FALSE
"CCDC124","K183261",49,9,0.130087734978922,TRUE,1,TRUE
"NDUFB2","K183261",49,19,0.166915256853183,TRUE,1,TRUE
"GRINA","K183261",49,13,0.0891824423887971,TRUE,1,TRUE
"FAM177A1","K183261",49,8,0.0584992517990062,TRUE,1,TRUE
"GIPC1","K183261",49,8,-0.094328061843926,TRUE,1,FALSE
"ZNF106","K183261",49,9,0.457951132080271,TRUE,1,TRUE
"SLC12A4","K183261",49,3,NA,FALSE,1,NA
"SRPX2","K183261",49,5,0.0196166435742462,TRUE,1,TRUE
"ECHS1","K183261",49,9,-0.0151089123088179,TRUE,1,FALSE
"ANXA1","K183261",49,17,0.0608408518141308,TRUE,1,TRUE
"FAM234A","K183261",49,5,0.26861206003151,TRUE,1,TRUE
"TWF2","K183261",49,9,-0.0579426787043167,TRUE,1,FALSE
"ITGA5","K183261",49,3,NA,FALSE,1,NA
"RARRES3","K183261",49,8,-0.0664259796850504,TRUE,1,FALSE
"AKR1C3","K183261",49,11,0.184998122795043,TRUE,1,TRUE
"TMEM208","K183261",49,9,0.183648829113682,TRUE,1,TRUE
"BUD31","K183261",49,5,0.336687639959959,TRUE,1,TRUE
"CCDC167","K183261",49,3,NA,FALSE,1,NA
"SCARF2","K183261",49,12,0.183472886565191,TRUE,1,TRUE
"RNPEPL1","K183261",49,0,NA,FALSE,1,NA
"OLFM2","K183261",49,10,0.286612491731539,TRUE,1,TRUE
"SPINT2","K183261",49,8,0.248582186506346,TRUE,1,TRUE
"BRI3","K183261",49,25,-0.122840482422291,TRUE,1,FALSE
"RP11-196G11.1","K183261",49,2,NA,FALSE,1,NA
"KCNK6","K183261",49,8,0.152034640854328,TRUE,1,TRUE
"LRPAP1","K183261",49,7,0.0796447533062385,TRUE,1,TRUE
"FBLIM1","K183261",49,3,NA,FALSE,1,NA
"ARSA","K183261",49,7,0.186620232483881,TRUE,1,TRUE
"RNASEH2C","K183261",49,11,-0.150219313753166,TRUE,1,FALSE
"TXNL4A","K183261",49,13,0.102054135104706,TRUE,1,TRUE
"GTF3C6","K183261",49,9,0.0543165397502004,TRUE,1,TRUE
"AKT1S1","K183261",49,6,-0.0345833710833677,TRUE,1,FALSE
"SH3GL1","K183261",49,5,0.119642103383522,TRUE,1,TRUE
"AP3D1","K183261",49,10,0.11838342049781,TRUE,1,TRUE
"QSOX1","K183261",49,8,0.0762551222637452,TRUE,1,TRUE
"TXLNA","K183261",49,5,0.348923764169637,TRUE,1,TRUE
"GPC6","K183261",49,6,0.186714366159944,TRUE,1,TRUE
"LTBP3","K183261",49,20,0.263002055428997,TRUE,1,TRUE
"FAM229B","K183261",49,4,NA,FALSE,1,NA
"C12orf75","K183261",49,8,0.0599260628184942,TRUE,1,TRUE
"SRM","K183261",49,15,0.231742726527062,TRUE,1,TRUE
"PPDPF","K183261",49,23,0.194707063297966,TRUE,1,TRUE
"PRKCDBP","K183261",49,18,0.0027155590915835,TRUE,1,TRUE
"GTF3A","K183261",49,5,0.100511020293786,TRUE,1,TRUE
"JDP2","K183261",49,9,0.451454299787479,TRUE,1,TRUE
"RP11-282O18.3","K183261",49,18,0.172378968422257,TRUE,1,TRUE
"TRAPPC1","K183261",49,12,-0.00838269636480608,TRUE,1,FALSE
"GSR","K183261",49,1,NA,FALSE,1,NA
"PDIA5","K183261",49,14,0.21500681238974,TRUE,1,TRUE
"RHOC","K183261",49,16,0.0373402333764774,TRUE,1,TRUE
"UROD","K183261",49,14,-0.0979048877846137,TRUE,1,FALSE
"IMPDH1","K183261",49,3,NA,FALSE,1,NA
"YIF1B","K183261",49,4,NA,FALSE,1,NA
"MED8","K183261",49,4,NA,FALSE,1,NA
"UQCC2","K183261",49,9,0.054845351681009,TRUE,1,TRUE
"CD276","K183261",49,5,0.231806575305573,TRUE,1,TRUE
"GLMP","K183261",49,4,NA,FALSE,1,NA
"BTN3A2","K183261",49,2,NA,FALSE,1,NA
"TANC2","K183261",49,7,0.280852551132525,TRUE,1,TRUE
"ZNHIT1","K183261",49,19,0.0767740439773865,TRUE,1,TRUE
"EIF4G1","K183261",49,13,0.159582720916625,TRUE,1,TRUE
"UQCRQ","K183261",49,31,0.126482526420851,TRUE,1,TRUE
"GRIN2D","K183261",49,4,NA,FALSE,1,NA
"COPA","K183261",49,13,0.307147483838294,TRUE,1,TRUE
"FMO1","K183261",49,9,0.206992098630805,TRUE,1,TRUE
"CD63","K183261",49,41,-0.0669804182735965,TRUE,1,FALSE
"ARPC4","K183261",49,11,0.237934542983281,TRUE,1,TRUE
"ITGB1BP1","K183261",49,10,0.101285203094209,TRUE,1,TRUE
"NDST1","K183261",49,7,0.215795363168693,TRUE,1,TRUE
"CHPF2","K183261",49,8,0.303435143477772,TRUE,1,TRUE
"GLT8D2","K183261",49,9,-0.0877827805142321,TRUE,1,FALSE
"ATP6V0D1","K183261",49,7,0.286050419243038,TRUE,1,TRUE
"SEMA3C","K183261",49,8,0.379056127510634,TRUE,1,TRUE
"PLEKHA4","K183261",49,10,0.182429285687567,TRUE,1,TRUE
"ARPC1A","K183261",49,5,0.175772895392998,TRUE,1,TRUE
"A2M","K183261",49,12,-0.341527274475809,TRUE,1,FALSE
"CDK2AP1","K183261",49,9,0.110974960908268,TRUE,1,TRUE
"MINOS1-NBL1","K183261",49,7,0.0508049689511374,TRUE,1,TRUE
"HAPLN3","K183261",49,4,NA,FALSE,1,NA
"TPM2","K183261",49,13,0.421416592642791,TRUE,1,TRUE
"ZEB1","K183261",49,11,-0.0822679458862064,TRUE,1,FALSE
"ERCC1","K183261",49,14,0.119661529514528,TRUE,1,TRUE
"MEIS3","K183261",49,10,0.26864487344301,TRUE,1,TRUE
"ACTB","K183261",49,45,-0.000408267428448129,TRUE,1,FALSE
"MYLK","K183261",49,2,NA,FALSE,1,NA
"CD82","K183261",49,4,NA,FALSE,1,NA
"PLXNB2","K183261",49,14,0.249817439157602,TRUE,1,TRUE
"PLOD2","K183261",49,5,0.311341382668482,TRUE,1,TRUE
"LINC01615","K183261",49,1,NA,FALSE,1,NA
"MRPL17","K183261",49,4,NA,FALSE,1,NA
"SLC39A13","K183261",49,7,-0.0394031937409812,TRUE,1,FALSE
"ARHGAP28","K183261",49,5,0.307456898792394,TRUE,1,TRUE
"RAD51B","K183261",49,9,0.0414739642877052,TRUE,1,TRUE
"CTSC","K183261",49,14,0.125548620806152,TRUE,1,TRUE
"NANS","K183261",49,5,0.16528478892756,TRUE,1,TRUE
"GAA","K183261",49,12,0.0669263661383711,TRUE,1,TRUE
"TNFRSF1A","K183261",49,13,0.168514099535827,TRUE,1,TRUE
"GALNT2","K183261",49,6,0.119160320054091,TRUE,1,TRUE
"PLAUR","K183261",49,9,0.312452306546354,TRUE,1,TRUE
"PAPSS2","K183261",49,4,NA,FALSE,1,NA
"DAPK3","K183261",49,5,0.162565650214298,TRUE,1,TRUE
"GPI","K183261",49,12,0.360050329346429,TRUE,1,TRUE
"AGTRAP","K183261",49,7,-0.133719348972053,TRUE,1,FALSE
"HOMER3","K183261",49,4,NA,FALSE,1,NA
"NAA10","K183261",49,10,0.259371264003769,TRUE,1,TRUE
"COPZ1","K183261",49,6,-0.106796316920659,TRUE,1,FALSE
"NRBP1","K183261",49,8,0.0156949212143675,TRUE,1,TRUE
"NPTX2","K183261",49,6,0.157506648612851,TRUE,1,TRUE
"CXXC5","K183261",49,11,0.0801728369077801,TRUE,1,TRUE
"TMEM147","K183261",49,7,0.198357354023748,TRUE,1,TRUE
"CTTN","K183261",49,13,0.301368356496458,TRUE,1,TRUE
"METRNL","K183261",49,19,0.372246594757881,TRUE,1,TRUE
"XBP1","K183261",49,7,0.132461800235639,TRUE,1,TRUE
"FUT11","K183261",49,10,0.177937381115435,TRUE,1,TRUE
"DNPH1","K183261",49,10,0.00101430103241697,TRUE,1,TRUE
"MRPL52","K183261",49,10,0.0854910870180021,TRUE,1,TRUE
"ST3GAL2","K183261",49,11,0.348416623112295,TRUE,1,TRUE
"FIBP","K183261",49,7,-0.0216298382663258,TRUE,1,FALSE
"ETHE1","K183261",49,9,0.135375854287009,TRUE,1,TRUE
"TMEM219","K183261",49,18,0.108386228090159,TRUE,1,TRUE
"CDC42EP5","K183261",49,12,0.264460549831624,TRUE,1,TRUE
"C7orf73","K183261",49,12,0.00608421510348828,TRUE,1,TRUE
"S100A13","K183261",49,32,0.0347098033935929,TRUE,1,TRUE
"ZYX","K183261",49,9,0.140135161664286,TRUE,1,TRUE
"PDZRN4","K183261",49,5,0.218016657545459,TRUE,1,TRUE
"MRPL12","K183261",49,10,0.207641911350503,TRUE,1,TRUE
"MAP7D1","K183261",49,7,0.00511403152808479,TRUE,1,TRUE
"FHL3","K183261",49,4,NA,FALSE,1,NA
"PGLS","K183261",49,13,-0.0770988124922296,TRUE,1,FALSE
"CAPZB","K183261",49,27,-0.000374460930241762,TRUE,1,FALSE
"ERI3","K183261",49,5,0.14197788567103,TRUE,1,TRUE
"PDE4DIP","K183261",49,8,0.293288931783635,TRUE,1,TRUE
"GALNT10","K183261",49,9,0.0315776267254294,TRUE,1,TRUE
"B4GALT1","K183261",49,10,0.292408497631065,TRUE,1,TRUE
"NME1","K183261",49,10,0.133887736279041,TRUE,1,TRUE
"LMF2","K183261",49,12,-0.140883380840773,TRUE,1,FALSE
"DPM2","K183261",49,3,NA,FALSE,1,NA
"VTI1B","K183261",49,6,-0.0261615138765372,TRUE,1,FALSE
"TRAPPC2L","K183261",49,14,0.246873893511791,TRUE,1,TRUE
"THBS3","K183261",49,11,0.273900580446266,TRUE,1,TRUE
"CNN2","K183261",49,8,0.31738618455721,TRUE,1,TRUE
"DYNLT1","K183261",49,7,0.155768370150517,TRUE,1,TRUE
"VGLL3","K183261",49,6,0.179546828111577,TRUE,1,TRUE
"TRIOBP","K183261",49,16,-0.0484810898920822,TRUE,1,FALSE
"THBS1","K183261",49,5,0.185192768792513,TRUE,1,TRUE
"EPHB3","K183261",49,9,0.355814884872662,TRUE,1,TRUE
"POMP","K183261",49,15,0.293882535042816,TRUE,1,TRUE
"MFAP2","K183261",49,7,0.216969075322679,TRUE,1,TRUE
"FAM195B","K183261",49,11,0.182483992020932,TRUE,1,TRUE
"C11orf96","K183261",49,22,-0.313073781008271,TRUE,1,FALSE
"PXDN","K183261",49,13,0.181254448448512,TRUE,1,TRUE
"COMMD5","K183261",49,6,0.381492212624299,TRUE,1,TRUE
"P4HA3","K183261",49,2,NA,FALSE,1,NA
"VOPP1","K183261",49,7,0.0977534551106043,TRUE,1,TRUE
"ALDH1L2","K183261",49,2,NA,FALSE,1,NA
"TNFSF10","K183261",49,13,-0.131540818928395,TRUE,1,FALSE
"HEXA","K183261",49,11,0.115161156847499,TRUE,1,TRUE
"SEMA3B","K183261",49,7,0.345658229349075,TRUE,1,TRUE
"UBE2L6","K183261",49,6,-0.0548316660700026,TRUE,1,FALSE
"SURF4","K183261",49,17,0.0642042157841123,TRUE,1,TRUE
"SPARCL1","K183261",49,14,0.0152296492109399,TRUE,1,TRUE
"LASP1","K183261",49,8,-0.0434384688155222,TRUE,1,FALSE
"TP53I3","K183261",49,9,-0.00445712913110128,TRUE,1,FALSE
"SRPRB","K183261",49,5,0.151300646973642,TRUE,1,TRUE
"SHISA5","K183261",49,10,0.227058531113914,TRUE,1,TRUE
"CTGF","K183261",49,12,0.221735839327129,TRUE,1,TRUE
"AC024592.12","K183261",49,4,NA,FALSE,1,NA
"TENM3","K183261",49,10,0.475417383908585,TRUE,1,TRUE
"TMEM261","K183261",49,7,-0.0513079884457031,TRUE,1,FALSE
"JTB","K183261",49,13,0.33466401061363,TRUE,1,TRUE
"NSMCE1","K183261",49,3,NA,FALSE,1,NA
"CCDC28B","K183261",49,5,0.172956644582834,TRUE,1,TRUE
"GRN","K183261",49,18,0.116060634218547,TRUE,1,TRUE
"FLNA","K183261",49,23,0.401583318052056,TRUE,1,TRUE
"COPG1","K183261",49,5,0.369511528712906,TRUE,1,TRUE
"EIF4E2","K183261",49,9,0.254056360472773,TRUE,1,TRUE
"LAMB2","K183261",49,20,0.209141068042666,TRUE,1,TRUE
"SHC1","K183261",49,9,-0.0948084247378324,TRUE,1,FALSE
"LUM","K183261",49,29,-0.215554153647829,TRUE,1,FALSE
"ISLR","K183261",49,24,-0.179798506671219,TRUE,1,FALSE
"MYO1D","K183261",49,19,0.447160858714619,TRUE,1,TRUE
"NEK6","K183261",49,7,0.366785048120835,TRUE,1,TRUE
"PGM1","K183261",49,4,NA,FALSE,1,NA
"PFN1","K183261",49,39,0.0956585976365201,TRUE,1,TRUE
"TMEM176B","K183261",49,23,0.0756149305478182,TRUE,1,TRUE
"MLEC","K183261",49,11,0.14044213852051,TRUE,1,TRUE
"HN1","K183261",49,2,NA,FALSE,1,NA
"EDIL3","K183261",49,9,0.0925420878915097,TRUE,1,TRUE
"SNF8","K183261",49,12,0.303940345614259,TRUE,1,TRUE
"MPG","K183261",49,11,0.030448917153129,TRUE,1,TRUE
"LINC01116","K183261",49,1,NA,FALSE,1,NA
"SWI5","K183261",49,1,NA,FALSE,1,NA
"NXN","K183261",49,16,-0.024852679919426,TRUE,1,FALSE
"PTN","K183261",49,24,-0.094555826482183,TRUE,1,FALSE
"KRT6A","K183261",49,0,NA,FALSE,1,NA
"TPM4","K183261",49,13,0.302419106922246,TRUE,1,TRUE
"FAM89B","K183261",49,8,0.100827978710482,TRUE,1,TRUE
"SMCO4","K183261",49,3,NA,FALSE,1,NA
"APBB2","K183261",49,15,0.336267635821168,TRUE,1,TRUE
"A1BG","K183261",49,16,0.185476896935617,TRUE,1,TRUE
"HES4","K183261",49,5,-0.0265116024543031,TRUE,1,FALSE
"SSR4","K183261",49,30,0.0739165071689707,TRUE,1,TRUE
"VAMP5","K183261",49,20,-0.046755920965155,TRUE,1,FALSE
"KRT16","K183261",49,1,NA,FALSE,1,NA
"CTSZ","K183261",49,8,0.104949877211225,TRUE,1,TRUE
"FIBIN","K183261",49,3,NA,FALSE,1,NA
"DNAJC1","K183261",49,12,0.261756454230074,TRUE,1,TRUE
"ZFHX4","K183261",49,6,0.239754147717855,TRUE,1,TRUE
"NEK10","K183261",49,6,0.116293304834744,TRUE,1,TRUE
"SGCD","K183261",49,14,0.195041894096407,TRUE,1,TRUE
"MSRB3","K183261",49,8,0.131108079235171,TRUE,1,TRUE
"PGAM1","K183261",49,11,0.270059547319151,TRUE,1,TRUE
"LRRC59","K183261",49,9,0.122004466893705,TRUE,1,TRUE
"TAF10","K183261",49,10,0.181559884802638,TRUE,1,TRUE
"GPAA1","K183261",49,10,0.196484599993917,TRUE,1,TRUE
"DBN1","K183261",49,9,0.105082485107829,TRUE,1,TRUE
"APOL2","K183261",49,9,0.0725983236438701,TRUE,1,TRUE
"MAP4","K183261",49,19,0.00494004067984698,TRUE,1,TRUE
"NDUFS8","K183261",49,12,0.243368604139531,TRUE,1,TRUE
"CAMK1D","K183261",49,19,0.387415425551294,TRUE,1,TRUE
"SH3PXD2A","K183261",49,13,0.234645704458889,TRUE,1,TRUE
"LAMC1","K183261",49,15,0.056388437908662,TRUE,1,TRUE
"MYH9","K183261",49,17,0.0269069117598525,TRUE,1,TRUE
"PLPP4","K183261",49,5,0.294249653613694,TRUE,1,TRUE
"SEC24D","K183261",49,4,NA,FALSE,1,NA
"RPL22L1","K183261",49,11,0.267056557783407,TRUE,1,TRUE
"EIF4EBP1","K183261",49,9,0.0929198106992302,TRUE,1,TRUE
"OSTC","K183261",49,14,0.101488334657776,TRUE,1,TRUE
"ILK","K183261",49,12,0.0524594546700768,TRUE,1,TRUE
"COPE","K183261",49,12,0.152781401487595,TRUE,1,TRUE
"AHR","K183261",49,12,0.203483194016664,TRUE,1,TRUE
"FAM50A","K183261",49,6,0.149443168308439,TRUE,1,TRUE
"RYR2","K183261",49,5,0.242780242255523,TRUE,1,TRUE
"CNN3","K183261",49,14,0.00115182220923075,TRUE,1,TRUE
"NGFR","K183261",49,14,-0.0894581915835882,TRUE,1,FALSE
"CCDC107","K183261",49,15,0.187357149015809,TRUE,1,TRUE
"AQP1","K183261",49,5,0.282596201985428,TRUE,1,TRUE
"CYR61","K183261",49,9,-0.0915600085914366,TRUE,1,FALSE
"SMTN","K183261",49,7,0.030181169673943,TRUE,1,TRUE
"DAP","K183261",49,14,-0.0102384196376067,TRUE,1,FALSE
"PHLDA3","K183261",49,24,-0.205217917730161,TRUE,1,FALSE
"GARS","K183261",49,11,0.336684012833108,TRUE,1,TRUE
"CGREF1","K183261",49,8,0.140144549025261,TRUE,1,TRUE
"IDH2","K183261",49,10,0.0165186168136479,TRUE,1,TRUE
"ERLEC1","K183261",49,6,-0.0268782676813738,TRUE,1,FALSE
"C9orf16","K183261",49,20,0.143018111187533,TRUE,1,TRUE
"C1QTNF3","K183261",49,2,NA,FALSE,1,NA
"SDF4","K183261",49,14,0.251609162594184,TRUE,1,TRUE
"ZCCHC24","K183261",49,24,-0.1020063435167,TRUE,1,FALSE
"GMPPA","K183261",49,9,0.329525377455319,TRUE,1,TRUE
"ALDH18A1","K183261",49,7,0.17538613043858,TRUE,1,TRUE
"CIB1","K183261",49,10,0.259661064298745,TRUE,1,TRUE
"IGFBP6","K183261",49,25,-0.1500478571763,TRUE,1,FALSE
"SLC27A4","K183261",49,29,-0.0839176258869213,TRUE,1,FALSE
"JOSD2","K183261",49,3,NA,FALSE,1,NA
"ENAH","K183261",49,8,0.343861455696597,TRUE,1,TRUE
"CD99","K183261",49,44,-0.021337419829504,TRUE,1,FALSE
"UCHL1","K183261",49,3,NA,FALSE,1,NA
"CALU","K183261",49,10,0.203150006778371,TRUE,1,TRUE
"TMEM176A","K183261",49,13,0.141260260366939,TRUE,1,TRUE
"CKLF","K183261",49,9,0.0880849587604084,TRUE,1,TRUE
"CYBA","K183261",49,21,-0.0121614271987515,TRUE,1,FALSE
"CSRP2","K183261",49,3,NA,FALSE,1,NA
"VEGFB","K183261",49,18,0.108976567023112,TRUE,1,TRUE
"LAMTOR2","K183261",49,14,0.0710290362358962,TRUE,1,TRUE
"TUBA1C","K183261",49,17,0.132732756672487,TRUE,1,TRUE
"KIAA1462","K183261",49,2,NA,FALSE,1,NA
"ACKR1","K183261",49,3,NA,FALSE,1,NA
"PACS1","K183261",49,13,0.356270066243906,TRUE,1,TRUE
"RRBP1","K183261",49,29,0.344865507895496,TRUE,1,TRUE
"FBLN7","K183261",49,6,0.16395743285638,TRUE,1,TRUE
"RTEL1-TNFRSF6B","K183261",49,7,0.199866412507445,TRUE,1,TRUE
"NUCB1","K183261",49,18,0.323741870831389,TRUE,1,TRUE
"FKBP7","K183261",49,8,0.19547310966985,TRUE,1,TRUE
"S100A7","K183261",49,30,0.0205031563270971,TRUE,1,TRUE
"COTL1","K183261",49,6,0.111096839749679,TRUE,1,TRUE
"HLA-DRB1","K183261",49,6,-0.0632535232768331,TRUE,1,FALSE
"SIL1","K183261",49,15,0.166664717809859,TRUE,1,TRUE
"SSR3","K183261",49,14,0.287699591816747,TRUE,1,TRUE
"IL1R1","K183261",49,11,0.198895679018604,TRUE,1,TRUE
"S100A16","K183261",49,21,-0.00808876320661143,TRUE,1,FALSE
"LMCD1","K183261",49,5,0.343097038355505,TRUE,1,TRUE
"KHDRBS3","K183261",49,6,-0.0256239485229097,TRUE,1,FALSE
"GALNS","K183261",49,12,0.151699763246975,TRUE,1,TRUE
"ADAMTS12","K183261",49,12,0.11384242482527,TRUE,1,TRUE
"SAR1A","K183261",49,5,-0.00271913871326185,TRUE,1,FALSE
"ARF4","K183261",49,20,0.314800281596276,TRUE,1,TRUE
"TMSB4X","K183261",49,40,-0.268169125049011,TRUE,1,FALSE
"YIF1A","K183261",49,12,0.0680080043789913,TRUE,1,TRUE
"ARFGAP1","K183261",49,8,0.157107746701396,TRUE,1,TRUE
"GPR78","K183261",49,17,0.358018082590359,TRUE,1,TRUE
"ITGBL1","K183261",49,10,0.368915775504802,TRUE,1,TRUE
"XG","K183261",49,11,0.458409844479676,TRUE,1,TRUE
"CDKN2A","K183261",49,4,NA,FALSE,1,NA
"LAMA4","K183261",49,17,0.0589189295455699,TRUE,1,TRUE
"LGMN","K183261",49,6,0.197465673232493,TRUE,1,TRUE
"CTSA","K183261",49,13,0.0512240832571883,TRUE,1,TRUE
"SCO2","K183261",49,9,0.257758043988434,TRUE,1,TRUE
"CCL14","K183261",49,4,NA,FALSE,1,NA
"SEC61A1","K183261",49,23,0.373926064742685,TRUE,1,TRUE
"FMOD","K183261",49,8,0.182631810494458,TRUE,1,TRUE
"AKR1A1","K183261",49,11,0.376770431286998,TRUE,1,TRUE
"IFI6","K183261",49,17,0.0651651769183928,TRUE,1,TRUE
"ANXA6","K183261",49,10,0.134467336868993,TRUE,1,TRUE
"C7orf50","K183261",49,15,0.0664533364710729,TRUE,1,TRUE
"IFITM3","K183261",49,39,-0.138287388870363,TRUE,1,FALSE
"FTL","K183261",49,43,0.190374134488822,TRUE,1,TRUE
"FARP1","K183261",49,16,0.196005618477837,TRUE,1,TRUE
"HMCN1","K183261",49,11,0.282281016359971,TRUE,1,TRUE
"PARVB","K183261",49,3,NA,FALSE,1,NA
"RP11-25H12.1","K183261",49,17,0.0437237316097603,TRUE,1,TRUE
"SRA1","K183261",49,7,0.0660632269529642,TRUE,1,TRUE
"LOX","K183261",49,8,0.198802335381989,TRUE,1,TRUE
"TUBB2A","K183261",49,16,0.049460505849498,TRUE,1,TRUE
"PLTP","K183261",49,19,0.27873453059466,TRUE,1,TRUE
"RP11-417E7.2","K183261",49,5,0.208596784145945,TRUE,1,TRUE
"C1S","K183261",49,29,0.00723974480258704,TRUE,1,TRUE
"LGALS1","K183261",49,42,-0.0073574569466446,TRUE,1,FALSE
"TGFB3","K183261",49,7,0.0963282332093348,TRUE,1,TRUE
"CRABP2","K183261",49,22,0.151281723465783,TRUE,1,TRUE
"NID2","K183261",49,10,0.130265232591837,TRUE,1,TRUE
"C4orf48","K183261",49,7,0.137827341511006,TRUE,1,TRUE
"HTRA1","K183261",49,21,0.113808332669246,TRUE,1,TRUE
"FLNC","K183261",49,7,0.126341729718423,TRUE,1,TRUE
"MXRA7","K183261",49,14,-0.00191970368205125,TRUE,1,FALSE
"CLEC11A","K183261",49,27,0.151282215817672,TRUE,1,TRUE
"IFT20","K183261",49,6,0.251043020144032,TRUE,1,TRUE
"ROR2","K183261",49,14,0.439484162944266,TRUE,1,TRUE
"NME1-NME2","K183261",49,36,-0.0708651994886911,TRUE,1,FALSE
"TNFAIP6","K183261",49,1,NA,FALSE,1,NA
"RP11-14N7.2","K183261",49,16,0.0318310186160135,TRUE,1,TRUE
"S100A9","K183261",49,14,0.0253400886030765,TRUE,1,TRUE
"SNX8","K183261",49,8,0.22416786461733,TRUE,1,TRUE
"ECM1","K183261",49,16,0.255137856906816,TRUE,1,TRUE
"GPX7","K183261",49,3,NA,FALSE,1,NA
"HIC1","K183261",49,19,-0.207597944804864,TRUE,1,FALSE
"EPHB2","K183261",49,5,0.215491743026002,TRUE,1,TRUE
"GLIPR2","K183261",49,4,NA,FALSE,1,NA
"EVL","K183261",49,11,0.321319880324648,TRUE,1,TRUE
"PRAF2","K183261",49,12,0.0404262292431777,TRUE,1,TRUE
"TMEM214","K183261",49,5,0.178103585718651,TRUE,1,TRUE
"CYB561","K183261",49,6,0.35156774127237,TRUE,1,TRUE
"MAGED1","K183261",49,14,0.329805092576405,TRUE,1,TRUE
"HM13","K183261",49,22,0.0789393176399427,TRUE,1,TRUE
"FNDC1","K183261",49,6,0.27917560698387,TRUE,1,TRUE
"C11orf24","K183261",49,4,NA,FALSE,1,NA
"HTRA3","K183261",49,7,0.0285882746078182,TRUE,1,TRUE
"NT5DC2","K183261",49,8,0.197851128035663,TRUE,1,TRUE
"PLAU","K183261",49,10,0.180835384065198,TRUE,1,TRUE
"NAGK","K183261",49,4,NA,FALSE,1,NA
"SPATS2L","K183261",49,25,0.475287313068033,TRUE,1,TRUE
"FKBP9","K183261",49,14,0.0459449081237599,TRUE,1,TRUE
"PLOD1","K183261",49,11,0.133388604959808,TRUE,1,TRUE
"SEMA6B","K183261",49,3,NA,FALSE,1,NA
"TXNDC5","K183261",49,6,0.365544440466684,TRUE,1,TRUE
"P4HB","K183261",49,27,0.0695427441877557,TRUE,1,TRUE
"CUEDC1","K183261",49,2,NA,FALSE,1,NA
"SLC38A10","K183261",49,12,0.204294422697129,TRUE,1,TRUE
"POLD4","K183261",49,17,-0.0975375551294653,TRUE,1,FALSE
"CISD1","K183261",49,10,0.111283313270891,TRUE,1,TRUE
"TTYH3","K183261",49,8,0.230984850599328,TRUE,1,TRUE
"DAB2","K183261",49,20,-0.240197084173933,TRUE,1,FALSE
"OLFML3","K183261",49,22,0.343486662591932,TRUE,1,TRUE
"RPS26","K183261",49,36,-0.0827103999846205,TRUE,1,FALSE
"HDLBP","K183261",49,23,0.0576930304033463,TRUE,1,TRUE
"KDELR2","K183261",49,18,0.0363648782699007,TRUE,1,TRUE
"PLIN3","K183261",49,21,0.408737083433386,TRUE,1,TRUE
"METRN","K183261",49,7,0.173290215877889,TRUE,1,TRUE
"IFI27","K183261",49,18,-0.0884327721563495,TRUE,1,FALSE
"BACE2","K183261",49,11,0.361825320574224,TRUE,1,TRUE
"ANGPTL2","K183261",49,13,0.360538739848671,TRUE,1,TRUE
"TMED3","K183261",49,14,0.234843750437603,TRUE,1,TRUE
"TGFBI","K183261",49,11,0.0404356032836278,TRUE,1,TRUE
"ABI3BP","K183261",49,11,0.0960258281778725,TRUE,1,TRUE
"SORCS2","K183261",49,2,NA,FALSE,1,NA
"TPM1","K183261",49,16,0.115448655980388,TRUE,1,TRUE
"HMCN2","K183261",49,9,0.242800220802704,TRUE,1,TRUE
"MYOF","K183261",49,14,0.385604479601361,TRUE,1,TRUE
"AP2S1","K183261",49,9,0.0855919882294535,TRUE,1,TRUE
"PDGFRL","K183261",49,14,0.0865146459377763,TRUE,1,TRUE
"SEC13","K183261",49,12,0.085449421008991,TRUE,1,TRUE
"RUNX1","K183261",49,12,0.233769064754028,TRUE,1,TRUE
"PLXDC2","K183261",49,16,0.148259090553817,TRUE,1,TRUE
"LRP1","K183261",49,37,-0.163287547282554,TRUE,1,FALSE
"BGN","K183261",49,23,0.24592829642692,TRUE,1,TRUE
"ADAMTS14","K183261",49,2,NA,FALSE,1,NA
"FKBP14","K183261",49,13,0.109278044282002,TRUE,1,TRUE
"ATOX1","K183261",49,17,0.304624679566901,TRUE,1,TRUE
"NME4","K183261",49,14,0.302289339800337,TRUE,1,TRUE
"ISOC2","K183261",49,16,0.222817130312095,TRUE,1,TRUE
"CD151","K183261",49,14,0.00550315055521358,TRUE,1,TRUE
"CTSB","K183261",49,23,0.26744563950161,TRUE,1,TRUE
"MVP","K183261",49,18,0.116532905364909,TRUE,1,TRUE
"MAP4K4","K183261",49,24,0.255399341286174,TRUE,1,TRUE
"C1R","K183261",49,40,0.0448313270120102,TRUE,1,TRUE
"FAM20C","K183261",49,11,0.227808182920887,TRUE,1,TRUE
"GPX8","K183261",49,4,NA,FALSE,1,NA
"OST4","K183261",49,32,0.168962736639682,TRUE,1,TRUE
"RCN1","K183261",49,11,0.204482636294408,TRUE,1,TRUE
"INAFM1","K183261",49,13,0.102382494612765,TRUE,1,TRUE
"PRDX4","K183261",49,20,0.231487647915718,TRUE,1,TRUE
"AC005943.2","K183261",49,6,-0.0499935778873553,TRUE,1,FALSE
"S100A8","K183261",49,29,-0.074299862718521,TRUE,1,FALSE
"FBLN1","K183261",49,40,0.277995169325616,TRUE,1,TRUE
"TMEM119","K183261",49,14,0.134891178725468,TRUE,1,TRUE
"MIR99AHG","K183261",49,20,0.168688028580167,TRUE,1,TRUE
"EHD2","K183261",49,14,0.0482485525422214,TRUE,1,TRUE
"LRRC32","K183261",49,8,0.0153778520989258,TRUE,1,TRUE
"ISG15","K183261",49,3,NA,FALSE,1,NA
"CADM1","K183261",49,9,0.366919935419643,TRUE,1,TRUE
"FAM114A1","K183261",49,15,0.184356433916457,TRUE,1,TRUE
"PDXK","K183261",49,14,0.212447207480338,TRUE,1,TRUE
"CTSK","K183261",49,28,0.186773324219731,TRUE,1,TRUE
"PHPT1","K183261",49,26,0.22661111659099,TRUE,1,TRUE
"KDELR3","K183261",49,4,NA,FALSE,1,NA
"SSC5D","K183261",49,9,0.310639237069296,TRUE,1,TRUE
"ARHGAP1","K183261",49,11,0.251622588309,TRUE,1,TRUE
"HEG1","K183261",49,14,0.110702912331622,TRUE,1,TRUE
"TNFRSF12A","K183261",49,6,0.234916059535207,TRUE,1,TRUE
"DPT","K183261",49,13,0.302025075512576,TRUE,1,TRUE
"ITGA11","K183261",49,9,0.0748646604901928,TRUE,1,TRUE
"PIEZO2","K183261",49,10,0.211554215332683,TRUE,1,TRUE
"B4GALT2","K183261",49,10,0.0515844525057775,TRUE,1,TRUE
"TYMP","K183261",49,18,0.26364536745678,TRUE,1,TRUE
"CD74","K183261",49,14,0.237403355347004,TRUE,1,TRUE
"HLA-DRA","K183261",49,6,-0.0130807569382686,TRUE,1,FALSE
"EFEMP2","K183261",49,27,0.218257227912341,TRUE,1,TRUE
"PALLD","K183261",49,19,0.386950480546132,TRUE,1,TRUE
"CST3","K183261",49,41,-0.185499967554663,TRUE,1,FALSE
"C1orf122","K183261",49,17,0.19483486997536,TRUE,1,TRUE
"GAS6","K183261",49,22,0.197571918229148,TRUE,1,TRUE
"ZMAT3","K183261",49,6,0.033866617278531,TRUE,1,TRUE
"LIMA1","K183261",49,17,0.34426432635597,TRUE,1,TRUE
"PDLIM7","K183261",49,13,-0.106585496315919,TRUE,1,FALSE
"PDLIM2","K183261",49,21,0.32179702015673,TRUE,1,TRUE
"MYDGF","K183261",49,17,0.146306332694198,TRUE,1,TRUE
"CILP2","K183261",49,5,0.209276568824261,TRUE,1,TRUE
"GUCY1A3","K183261",49,7,0.314974040180566,TRUE,1,TRUE
"BNC2","K183261",49,21,-0.0627303384344901,TRUE,1,FALSE
"COL18A1","K183261",49,10,0.0683928696144017,TRUE,1,TRUE
"LGALS3BP","K183261",49,13,0.11623926585285,TRUE,1,TRUE
"TMSB10","K183261",49,44,-0.00735069008480519,TRUE,1,FALSE
"S100A11","K183261",49,34,0.0570453286865177,TRUE,1,TRUE
"C1QTNF5","K183261",49,22,0.0818464313207338,TRUE,1,TRUE
"FSTL1","K183261",49,20,0.130412348182221,TRUE,1,TRUE
"OGN","K183261",49,8,-0.0493042474511949,TRUE,1,FALSE
"THBS4","K183261",49,10,0.020865621238292,TRUE,1,TRUE
"GOLM1","K183261",49,6,0.0897734140557886,TRUE,1,TRUE
"P3H3","K183261",49,16,0.249261361162321,TRUE,1,TRUE
"HCFC1R1","K183261",49,29,0.012365695502229,TRUE,1,TRUE
"ARPC1B","K183261",49,16,0.0954930558480406,TRUE,1,TRUE
"FKBP11","K183261",49,6,0.287059898837073,TRUE,1,TRUE
"CCDC80","K183261",49,39,0.245832860985551,TRUE,1,TRUE
"AK1","K183261",49,11,0.320831021563015,TRUE,1,TRUE
"C1QTNF6","K183261",49,9,0.223838535855137,TRUE,1,TRUE
"PODN","K183261",49,22,0.355115117315096,TRUE,1,TRUE
"ACTA2","K183261",49,4,NA,FALSE,1,NA
"CKAP4","K183261",49,15,0.495743140372162,TRUE,1,TRUE
"SULF1","K183261",49,7,-0.232227333324506,TRUE,1,FALSE
"ZNF469","K183261",49,5,0.326685093979031,TRUE,1,TRUE
"P3H1","K183261",49,12,0.193748449851082,TRUE,1,TRUE
"MIR4435-2HG","K183261",49,10,0.390071197038071,TRUE,1,TRUE
"FAP","K183261",49,8,0.249057790179509,TRUE,1,TRUE
"TSHZ2","K183261",49,22,0.217586277800748,TRUE,1,TRUE
"COL11A1","K183261",49,7,0.386654318156181,TRUE,1,TRUE
"VKORC1","K183261",49,28,0.104495263351164,TRUE,1,TRUE
"SMOC2","K183261",49,15,0.394781580258537,TRUE,1,TRUE
"CHPF","K183261",49,7,0.158618813953056,TRUE,1,TRUE
"NBL1","K183261",49,21,0.211043185481589,TRUE,1,TRUE
"COL12A1","K183261",49,14,0.459065140501189,TRUE,1,TRUE
"FKBP10","K183261",49,19,0.303783442747766,TRUE,1,TRUE
"SULF2","K183261",49,6,0.385792735453319,TRUE,1,TRUE
"COL16A1","K183261",49,17,0.603964072895261,TRUE,1,TRUE
"MMP2","K183261",49,32,0.348348837661825,TRUE,1,TRUE
"SERF2","K183261",49,47,0.0685221561997507,TRUE,1,TRUE
"MXRA5","K183261",49,12,0.190503535129222,TRUE,1,TRUE
"P4HA2","K183261",49,11,0.339198143607219,TRUE,1,TRUE
"NREP","K183261",49,10,0.103313805159043,TRUE,1,TRUE
"PYCR1","K183261",49,6,0.125252727395202,TRUE,1,TRUE
"EMILIN1","K183261",49,29,0.199436473612872,TRUE,1,TRUE
"MYL9","K183261",49,22,0.314639149913313,TRUE,1,TRUE
"RARRES2","K183261",49,32,-0.00760905599919605,TRUE,1,FALSE
"LINC00152","K183261",49,15,0.402158338211112,TRUE,1,TRUE
"P3H4","K183261",49,9,0.317967059539073,TRUE,1,TRUE
"PPIB","K183261",49,39,0.304293739348309,TRUE,1,TRUE
"VCAN","K183261",49,30,0.00494178639678751,TRUE,1,TRUE
"CPXM1","K183261",49,29,0.30967083608146,TRUE,1,TRUE
"IGFBP4","K183261",49,32,0.259333305835613,TRUE,1,TRUE
"ARMC9","K183261",49,16,0.300925552916005,TRUE,1,TRUE
"SERPINF1","K183261",49,32,0.0747355226222406,TRUE,1,TRUE
"COPZ2","K183261",49,23,0.211799245843157,TRUE,1,TRUE
"PPIC","K183261",49,19,0.105833106800016,TRUE,1,TRUE
"FOXP1","K183261",49,14,0.316879087783926,TRUE,1,TRUE
"OLFML2B","K183261",49,20,0.177626660529388,TRUE,1,TRUE
"LRRC15","K183261",49,14,0.366023502044438,TRUE,1,TRUE
"ASPN","K183261",49,10,0.300378005742912,TRUE,1,TRUE
"COL5A3","K183261",49,14,0.110958872822562,TRUE,1,TRUE
"SFRP4","K183261",49,12,0.273248860536663,TRUE,1,TRUE
"SEPT11","K183261",49,14,0.41440003483213,TRUE,1,TRUE
"BASP1","K183261",49,21,0.39188077968814,TRUE,1,TRUE
"NNMT","K183261",49,23,0.26567557528981,TRUE,1,TRUE
"MARCKS","K183261",49,30,-0.169597903362091,TRUE,1,FALSE
"HSPG2","K183261",49,28,0.374503370077468,TRUE,1,TRUE
"TIMP1","K183261",49,40,-0.128045639479509,TRUE,1,FALSE
"ARL4C","K183261",49,7,0.272720402637046,TRUE,1,TRUE
"AEBP1","K183261",49,34,0.493012441388743,TRUE,1,TRUE
"WISP2","K183261",49,32,0.227854745400583,TRUE,1,TRUE
"TAGLN","K183261",49,15,0.139595767017785,TRUE,1,TRUE
"BMP1","K183261",49,11,0.287239440942247,TRUE,1,TRUE
"COL8A1","K183261",49,9,0.335720031501934,TRUE,1,TRUE
"THBS2","K183261",49,16,0.197229888424607,TRUE,1,TRUE
"FBN1","K183261",49,28,0.373759253247907,TRUE,1,TRUE
"MRC2","K183261",49,37,0.44504465593945,TRUE,1,TRUE
"COL6A1","K183261",49,43,0.296336132628389,TRUE,1,TRUE
"CTHRC1","K183261",49,18,0.33602092063681,TRUE,1,TRUE
"PCOLCE","K183261",49,38,0.441874662179564,TRUE,1,TRUE
"COL14A1","K183261",49,20,0.493802116271698,TRUE,1,TRUE
"ADAMTS2","K183261",49,17,0.520240334071077,TRUE,1,TRUE
"COMP","K183261",49,14,0.324685882757601,TRUE,1,TRUE
"IGFBP7","K183261",49,35,-0.123482511590677,TRUE,1,FALSE
"COL6A3","K183261",49,36,0.512639677115139,TRUE,1,TRUE
"RCN3","K183261",49,23,0.348979222257634,TRUE,1,TRUE
"POSTN","K183261",49,9,0.337457556417448,TRUE,1,TRUE
"ADAM12","K183261",49,9,0.235019130963663,TRUE,1,TRUE
"COL6A2","K183261",49,45,0.293646347911316,TRUE,1,TRUE
"MDK","K183261",49,26,0.452036915881693,TRUE,1,TRUE
"CREB3L1","K183261",49,23,0.321156025428407,TRUE,1,TRUE
"CERCAM","K183261",49,21,0.434360927717267,TRUE,1,TRUE
"GXYLT2","K183261",49,18,0.318546888221403,TRUE,1,TRUE
"SERPINH1","K183261",49,35,0.190592572237785,TRUE,1,TRUE
"THY1","K183261",49,33,0.123903004499009,TRUE,1,TRUE
"FN1","K183261",49,21,0.237968019651848,TRUE,1,TRUE
"SFRP2","K183261",49,25,0.219016651462909,TRUE,1,TRUE
"COL5A2","K183261",49,29,0.39401122078897,TRUE,1,TRUE
"COL3A1","K183261",49,44,0.476773926333892,TRUE,1,TRUE
"COL5A1","K183261",49,31,0.415293888984641,TRUE,1,TRUE
"COL1A2","K183261",49,42,0.509810454261249,TRUE,1,TRUE
"SPARC","K183261",49,35,0.58865847812228,TRUE,1,TRUE
"COL1A1","K183261",49,46,0.587917137462887,TRUE,1,TRUE
"LAMC3","K712771",93,4,NA,FALSE,-1,NA
"SEMA3G","K712771",93,1,NA,FALSE,-1,NA
"IGFBP3","K712771",93,41,0.0129589677266427,TRUE,-1,FALSE
"ALX4","K712771",93,2,NA,FALSE,-1,NA
"COL23A1","K712771",93,30,-0.200954610484874,TRUE,-1,TRUE
"TFAP2A","K712771",93,12,-0.130298290636735,TRUE,-1,TRUE
"TCF4","K712771",93,82,-0.403049399005107,TRUE,-1,TRUE
"BMP7","K712771",93,2,NA,FALSE,-1,NA
"BMP4","K712771",93,22,-0.13926527799343,TRUE,-1,TRUE
"SLC5A3","K712771",93,14,-0.0751603117688647,TRUE,-1,TRUE
"GADD45G","K712771",93,3,NA,FALSE,-1,NA
"SERPINE2","K712771",93,29,0.260971610008352,TRUE,-1,FALSE
"INHBB","K712771",93,10,-0.146781085097624,TRUE,-1,TRUE
"PRLR","K712771",93,3,NA,FALSE,-1,NA
"TRPS1","K712771",93,31,0.0306094378213858,TRUE,-1,FALSE
"TIMP3","K712771",93,22,0.119318741197132,TRUE,-1,FALSE
"PRDM1","K712771",93,8,NA,FALSE,-1,NA
"PTCH1","K712771",93,3,NA,FALSE,-1,NA
"APCDD1","K712771",93,52,-0.308764061278869,TRUE,-1,TRUE
"DAAM2","K712771",93,21,-0.127628217358687,TRUE,-1,TRUE
"INHBA","K712771",93,25,0.345919303990067,TRUE,-1,FALSE
"BCL2","K712771",93,11,-0.0580224709119943,TRUE,-1,TRUE
"CENPW","K712771",93,6,NA,FALSE,-1,NA
"CEBPA","K712771",93,8,NA,FALSE,-1,NA
"IGFBP2","K712771",93,5,NA,FALSE,-1,NA
"MRPS6","K712771",93,32,0.208152714781802,TRUE,-1,FALSE
"CRABP1","K712771",93,18,-0.213097712279991,TRUE,-1,TRUE
"ROBO2","K712771",93,33,-0.206794303665132,TRUE,-1,TRUE
"DKK2","K712771",93,20,0.126280683665709,TRUE,-1,FALSE
"PHLDA1","K712771",93,12,-0.194717437668657,TRUE,-1,TRUE
"DIO2","K712771",93,35,0.0784656057739131,TRUE,-1,FALSE
"MYLIP","K712771",93,21,-0.0774634497693203,TRUE,-1,TRUE
"LUZP2","K712771",93,4,NA,FALSE,-1,NA
"ZDHHC14","K712771",93,14,-0.206343115015735,TRUE,-1,TRUE
"PGM2L1","K712771",93,5,NA,FALSE,-1,NA
"PREX2","K712771",93,24,-0.034625573871536,TRUE,-1,TRUE
"TNN","K712771",93,7,NA,FALSE,-1,NA
"F2R","K712771",93,34,0.130243719227718,TRUE,-1,FALSE
"PLEKHH2","K712771",93,18,-0.218593378735379,TRUE,-1,TRUE
"HIST1H2BD","K712771",93,2,NA,FALSE,-1,NA
"TWIST1","K712771",93,49,-0.216527608481133,TRUE,-1,TRUE
"HIST2H2BE","K712771",93,5,NA,FALSE,-1,NA
"ITGA8","K712771",93,20,-0.208979789723013,TRUE,-1,TRUE
"CPE","K712771",93,30,0.110892580868587,TRUE,-1,FALSE
"SOX18","K712771",93,2,NA,FALSE,-1,NA
"PTMA","K712771",93,91,-0.231596459359954,TRUE,1,FALSE
"RPL35A","K712771",93,90,-0.40299309176238,TRUE,1,FALSE
"RPL34","K712771",93,92,-0.433918839782643,TRUE,1,FALSE
"SLC35F1","K712771",93,84,-0.299811947902778,TRUE,1,FALSE
"H3F3B","K712771",93,86,-0.433992965537248,TRUE,1,FALSE
"RPL13","K712771",93,93,-0.171958461400734,TRUE,1,FALSE
"RPL11","K712771",93,93,-0.305034167885172,TRUE,1,FALSE
"RPS27A","K712771",93,89,-0.351033472021926,TRUE,1,FALSE
"RPS13","K712771",93,91,-0.2706584056687,TRUE,1,FALSE
"RPL26","K712771",93,91,-0.395587999420851,TRUE,1,FALSE
"RPL37A","K712771",93,92,-0.299626613750606,TRUE,1,FALSE
"RPL5","K712771",93,90,-0.232210799625974,TRUE,1,FALSE
"RPL13A","K712771",93,92,-0.315985795708872,TRUE,1,FALSE
"FAU","K712771",93,91,-0.257968495303693,TRUE,1,FALSE
"RPL19","K712771",93,91,-0.236109919542687,TRUE,1,FALSE
"RPL6","K712771",93,91,-0.406196495916466,TRUE,1,FALSE
"RPS14","K712771",93,93,-0.220823013338904,TRUE,1,FALSE
"RPL4","K712771",93,93,-0.0125481185282445,TRUE,1,FALSE
"RPL30","K712771",93,92,-0.265718719226523,TRUE,1,FALSE
"RPS27","K712771",93,92,-0.358076452508132,TRUE,1,FALSE
"RPL24","K712771",93,90,-0.174616911136848,TRUE,1,FALSE
"GNB2L1","K712771",93,89,-0.176553092879421,TRUE,1,FALSE
"RPL12","K712771",93,92,-0.219226522634359,TRUE,1,FALSE
"RPS23","K712771",93,90,-0.255860103578114,TRUE,1,FALSE
"RPL38","K712771",93,92,-0.296648861567843,TRUE,1,FALSE
"RPS9","K712771",93,92,-0.322237474262183,TRUE,1,FALSE
"RPL37","K712771",93,93,-0.267210766613948,TRUE,1,FALSE
"RPL3","K712771",93,91,-0.305072607028946,TRUE,1,FALSE
"RPS6","K712771",93,90,-0.41224392359224,TRUE,1,FALSE
"RPL18","K712771",93,93,-0.267091402822954,TRUE,1,FALSE
"RPL9","K712771",93,88,-0.313666682461242,TRUE,1,FALSE
"RPS21","K712771",93,90,-0.113337610612279,TRUE,1,FALSE
"EEF1A1","K712771",93,93,-0.407164811554415,TRUE,1,FALSE
"RPL32","K712771",93,92,-0.289188624630718,TRUE,1,FALSE
"RPS4X","K712771",93,92,-0.323356509802751,TRUE,1,FALSE
"RPL23","K712771",93,89,-0.313036926221372,TRUE,1,FALSE
"RPL14","K712771",93,91,-0.156568576619873,TRUE,1,FALSE
"RPS3A","K712771",93,87,-0.213092188809358,TRUE,1,FALSE
"RPL21","K712771",93,89,-0.244391557851007,TRUE,1,FALSE
"RPL7","K712771",93,85,-0.33127865390422,TRUE,1,FALSE
"RPL22","K712771",93,70,-0.195101562056209,TRUE,1,FALSE
"RPS8","K712771",93,92,-0.327892333860523,TRUE,1,FALSE
"HSP90AB1","K712771",93,71,-0.235739318848203,TRUE,1,FALSE
"VIM","K712771",93,92,-0.361925934767688,TRUE,1,FALSE
"RPS16","K712771",93,92,-0.248903345170243,TRUE,1,FALSE
"NACA","K712771",93,89,-0.286498705799938,TRUE,1,FALSE
"RPS20","K712771",93,91,-0.242257177708922,TRUE,1,FALSE
"GLTSCR2","K712771",93,78,-0.177208007621428,TRUE,1,FALSE
"RPL36A","K712771",93,88,-0.0130116239525333,TRUE,1,FALSE
"RPS3","K712771",93,90,-0.217051371982204,TRUE,1,FALSE
"JUNB","K712771",93,77,-0.176098517076504,TRUE,1,FALSE
"RPL23A","K712771",93,92,-0.101205574289039,TRUE,1,FALSE
"RPS5","K712771",93,88,-0.3015503537348,TRUE,1,FALSE
"BTF3","K712771",93,81,-0.238945327111437,TRUE,1,FALSE
"RPS17","K712771",93,92,-0.0887469786040405,TRUE,1,FALSE
"RPL17-C18orf32","K712771",93,83,-0.415753858845338,TRUE,1,FALSE
"RPL10A","K712771",93,91,-0.190333734945577,TRUE,1,FALSE
"HNRNPA1","K712771",93,81,-0.232440517612638,TRUE,1,FALSE
"RPS25","K712771",93,90,-0.304262843023379,TRUE,1,FALSE
"LMO4","K712771",93,44,0.0374787357137583,TRUE,1,TRUE
"PFDN5","K712771",93,83,-0.00470284461931166,TRUE,1,FALSE
"CIRBP","K712771",93,71,-0.214230640632808,TRUE,1,FALSE
"RPS15","K712771",93,92,-0.190071916684074,TRUE,1,FALSE
"RPL31","K712771",93,92,-0.255274387514547,TRUE,1,FALSE
"RPS7","K712771",93,91,-0.222218906550539,TRUE,1,FALSE
"ADIRF","K712771",93,61,-0.433765059590936,TRUE,1,FALSE
"RPS10","K712771",93,88,-0.301371294689582,TRUE,1,FALSE
"NUCKS1","K712771",93,74,-0.176815074104403,TRUE,1,FALSE
"RPS15A","K712771",93,91,-0.323715808676302,TRUE,1,FALSE
"FGFR1","K712771",93,57,-0.08916917905555,TRUE,1,FALSE
"CD81","K712771",93,89,-0.436820627136403,TRUE,1,FALSE
"EIF1","K712771",93,83,-0.171885238419477,TRUE,1,FALSE
"ZFP36L2","K712771",93,76,-0.105974931935379,TRUE,1,FALSE
"RPS24","K712771",93,92,-0.257825788547044,TRUE,1,FALSE
"RPL7A","K712771",93,92,-0.243457372206141,TRUE,1,FALSE
"RPS18","K712771",93,93,-0.226806123362478,TRUE,1,FALSE
"HMGB1","K712771",93,79,-0.0361017287221199,TRUE,1,FALSE
"HIST1H4C","K712771",93,42,0.0145473403453267,TRUE,1,TRUE
"RPL35","K712771",93,92,-0.135388379934947,TRUE,1,FALSE
"SNHG8","K712771",93,50,-0.312157626844625,TRUE,1,FALSE
"RPS2","K712771",93,92,-0.343484229059115,TRUE,1,FALSE
"TMEM258","K712771",93,80,-0.0688919075138285,TRUE,1,FALSE
"POLDIP2","K712771",93,22,0.185767143898053,TRUE,1,TRUE
"PLXNA3","K712771",93,12,0.0999201163306275,TRUE,1,TRUE
"MRPS12","K712771",93,21,-0.0489317923957216,TRUE,1,FALSE
"RAB24","K712771",93,13,0.166861365763031,TRUE,1,TRUE
"MARVELD1","K712771",93,35,0.26160916410529,TRUE,1,TRUE
"CMKLR1","K712771",93,12,0.253296598409017,TRUE,1,TRUE
"PTPMT1","K712771",93,22,0.0840918755096943,TRUE,1,TRUE
"RNF11","K712771",93,12,0.10422326412441,TRUE,1,TRUE
"C6orf1","K712771",93,18,0.0512784625955506,TRUE,1,TRUE
"SSNA1","K712771",93,28,-0.0126856988054521,TRUE,1,FALSE
"PSMC4","K712771",93,19,0.0135766142851076,TRUE,1,TRUE
"NPC2","K712771",93,71,-0.0707217956544609,TRUE,1,FALSE
"SAT2","K712771",93,30,-0.015187071447967,TRUE,1,FALSE
"NDUFB11","K712771",93,48,0.175272906998643,TRUE,1,TRUE
"DCHS1","K712771",93,17,0.228763910544145,TRUE,1,TRUE
"HAS2","K712771",93,40,-0.267221723587612,TRUE,1,FALSE
"NDUFA4","K712771",93,59,0.154042038683993,TRUE,1,TRUE
"ACTN1","K712771",93,46,0.190891200047507,TRUE,1,TRUE
"RAB1B","K712771",93,30,0.0540444069160197,TRUE,1,TRUE
"HIGD2A","K712771",93,42,0.00104492680370472,TRUE,1,TRUE
"TMEM160","K712771",93,21,-0.00145715250158022,TRUE,1,FALSE
"ILVBL","K712771",93,12,-0.0677745777520739,TRUE,1,FALSE
"TMEM9","K712771",93,39,0.025604565893641,TRUE,1,TRUE
"PMP22","K712771",93,53,0.0220833638329844,TRUE,1,TRUE
"RIC8A","K712771",93,25,0.236271611705946,TRUE,1,TRUE
"COX7B","K712771",93,45,-0.042444618739248,TRUE,1,FALSE
"YIPF3","K712771",93,30,0.122808590773915,TRUE,1,TRUE
"TEN1","K712771",93,12,0.0960011781612899,TRUE,1,TRUE
"MRPS24","K712771",93,36,-0.0314773474131977,TRUE,1,FALSE
"FASTK","K712771",93,13,0.0285093501459417,TRUE,1,TRUE
"FAM162A","K712771",93,28,-0.0250772364791837,TRUE,1,FALSE
"TSR3","K712771",93,23,0.233173481021971,TRUE,1,TRUE
"PRELP","K712771",93,47,-0.0815275827732601,TRUE,1,FALSE
"GORASP2","K712771",93,18,0.0497206358837871,TRUE,1,TRUE
"ECH1","K712771",93,27,0.0887633563797524,TRUE,1,TRUE
"GSTO1","K712771",93,38,0.0575965572751453,TRUE,1,TRUE
"PRMT2","K712771",93,34,0.141188133706829,TRUE,1,TRUE
"SUB1","K712771",93,51,-0.012276419684167,TRUE,1,FALSE
"HLA-A","K712771",93,87,-0.37500046952235,TRUE,1,FALSE
"ANXA2","K712771",93,86,-0.207706547035776,TRUE,1,FALSE
"CREB3","K712771",93,24,0.149753182234318,TRUE,1,TRUE
"PLP2","K712771",93,48,0.138529291799777,TRUE,1,TRUE
"ALDOA","K712771",93,73,-0.00679275793746245,TRUE,1,FALSE
"CCDC92","K712771",93,19,0.106336024989677,TRUE,1,TRUE
"IFITM1","K712771",93,21,0.012115764506146,TRUE,1,TRUE
"SCAND1","K712771",93,37,0.118955993948251,TRUE,1,TRUE
"RPS19BP1","K712771",93,41,-0.15907995173181,TRUE,1,FALSE
"CD68","K712771",93,7,NA,FALSE,1,NA
"NKIRAS2","K712771",93,13,0.0360202770290088,TRUE,1,TRUE
"NRP2","K712771",93,18,0.238087849114531,TRUE,1,TRUE
"PLXNA2","K712771",93,7,NA,FALSE,1,NA
"C4orf3","K712771",93,50,-0.0457368055041467,TRUE,1,FALSE
"RBCK1","K712771",93,22,0.19321705523161,TRUE,1,TRUE
"PKM","K712771",93,56,0.234452799131303,TRUE,1,TRUE
"MAGOHB","K712771",93,9,NA,FALSE,1,NA
"MAP2K2","K712771",93,31,0.166902361717539,TRUE,1,TRUE
"ORMDL3","K712771",93,17,0.107021397863912,TRUE,1,TRUE
"CDIPT","K712771",93,25,0.100939728926887,TRUE,1,TRUE
"AGPAT1","K712771",93,18,0.180383351332956,TRUE,1,TRUE
"CFL1","K712771",93,77,0.123003449218101,TRUE,1,TRUE
"PACS2","K712771",93,17,0.193532851551402,TRUE,1,TRUE
"GJA1","K712771",93,49,0.206042449374869,TRUE,1,TRUE
"KDELR1","K712771",93,60,0.00891481642328908,TRUE,1,TRUE
"ZNF593","K712771",93,21,0.0355728628182974,TRUE,1,TRUE
"CORO1C","K712771",93,18,0.0575097694426049,TRUE,1,TRUE
"RTN4RL2","K712771",93,10,0.0594616002578842,TRUE,1,TRUE
"PSME2","K712771",93,43,-0.11087549152529,TRUE,1,FALSE
"AKR1B1","K712771",93,13,0.0661382276606156,TRUE,1,TRUE
"CYSTM1","K712771",93,29,-0.034000270338112,TRUE,1,FALSE
"SNX3","K712771",93,42,0.111758187052482,TRUE,1,TRUE
"BCL7C","K712771",93,52,0.315707663829359,TRUE,1,TRUE
"PODNL1","K712771",93,11,0.167935280894986,TRUE,1,TRUE
"GALNT15","K712771",93,8,NA,FALSE,1,NA
"PPP1R14B","K712771",93,47,0.312424264103971,TRUE,1,TRUE
"HOXB7","K712771",93,17,-0.158943765986739,TRUE,1,FALSE
"ADGRA2","K712771",93,49,-0.0469741439568834,TRUE,1,FALSE
"NUCB2","K712771",93,36,0.0272769666400698,TRUE,1,TRUE
"ANXA5","K712771",93,63,0.00286088649858101,TRUE,1,TRUE
"ATP5J2","K712771",93,62,0.140488918734414,TRUE,1,TRUE
"CAPNS1","K712771",93,56,0.116340130684575,TRUE,1,TRUE
"ATP5G3","K712771",93,56,0.150526989436349,TRUE,1,TRUE
"MBOAT7","K712771",93,10,0.0971696332725667,TRUE,1,TRUE
"WDR45","K712771",93,21,-0.0243843771767934,TRUE,1,FALSE
"SLC35A4","K712771",93,13,0.0813085676254265,TRUE,1,TRUE
"CSF1","K712771",93,19,-0.169940662584339,TRUE,1,FALSE
"TES","K712771",93,9,NA,FALSE,1,NA
"C11orf98","K712771",93,22,0.00953268224401393,TRUE,1,TRUE
"MRPS11","K712771",93,13,0.0734635467953367,TRUE,1,TRUE
"PDIA6","K712771",93,39,0.263956621303159,TRUE,1,TRUE
"NDUFS7","K712771",93,30,0.0154386915666315,TRUE,1,TRUE
"CMBL","K712771",93,9,NA,FALSE,1,NA
"POP7","K712771",93,14,0.108303754929226,TRUE,1,TRUE
"POLE4","K712771",93,28,0.229390527529893,TRUE,1,TRUE
"PREB","K712771",93,13,0.0980998819257923,TRUE,1,TRUE
"MPC2","K712771",93,21,-0.160052407988255,TRUE,1,FALSE
"MIEN1","K712771",93,19,0.0454107036306876,TRUE,1,TRUE
"CA12","K712771",93,10,-0.103357191302202,TRUE,1,FALSE
"PDGFD","K712771",93,9,NA,FALSE,1,NA
"COX14","K712771",93,30,0.143675087757453,TRUE,1,TRUE
"MINOS1","K712771",93,56,0.0547945369082756,TRUE,1,TRUE
"NTMT1","K712771",93,13,0.0801577995856815,TRUE,1,TRUE
"MAPK6","K712771",93,10,0.21734144415306,TRUE,1,TRUE
"FAM20A","K712771",93,28,-0.0767944404498169,TRUE,1,FALSE
"GAPDH","K712771",93,84,0.114476366864148,TRUE,1,TRUE
"GADD45GIP1","K712771",93,42,-0.0962312278286818,TRUE,1,FALSE
"FIS1","K712771",93,54,0.137633324166063,TRUE,1,TRUE
"ASNA1","K712771",93,22,0.150219851916699,TRUE,1,TRUE
"MAPKAPK2","K712771",93,21,0.1254679633004,TRUE,1,TRUE
"PCNXL3","K712771",93,12,0.0385490323193013,TRUE,1,TRUE
"KLF7","K712771",93,10,0.248556703271174,TRUE,1,TRUE
"MEA1","K712771",93,35,-0.067596653608595,TRUE,1,FALSE
"TMEM98","K712771",93,26,0.00984290678181642,TRUE,1,TRUE
"DCTN1","K712771",93,19,0.389644593909489,TRUE,1,TRUE
"APOL1","K712771",93,20,0.0100700643830761,TRUE,1,TRUE
"SMPD1","K712771",93,14,0.110414191252027,TRUE,1,TRUE
"MRPL55","K712771",93,33,0.170944607863559,TRUE,1,TRUE
"RPN1","K712771",93,53,0.0860007056312701,TRUE,1,TRUE
"FRZB","K712771",93,15,-0.0956830514648277,TRUE,1,FALSE
"CLIP1","K712771",93,19,0.0561703293043767,TRUE,1,TRUE
"TMEM263","K712771",93,13,0.0897599071001132,TRUE,1,TRUE
"CYC1","K712771",93,30,0.263248562719967,TRUE,1,TRUE
"DGCR6L","K712771",93,25,-0.0171960769260861,TRUE,1,FALSE
"R3HDM4","K712771",93,13,0.0559174276516972,TRUE,1,TRUE
"LSM7","K712771",93,42,-0.0177311017003645,TRUE,1,FALSE
"CARM1","K712771",93,21,0.126700938494045,TRUE,1,TRUE
"KCTD12","K712771",93,27,-0.0107859855361851,TRUE,1,FALSE
"SLC25A5","K712771",93,30,0.0767800819239229,TRUE,1,TRUE
"CHMP1A","K712771",93,16,0.133342268236066,TRUE,1,TRUE
"ABHD17A","K712771",93,16,0.0677261648263838,TRUE,1,TRUE
"COX7A1","K712771",93,56,0.117496133572935,TRUE,1,TRUE
"TIAM2","K712771",93,15,0.173949061417429,TRUE,1,TRUE
"AURKAIP1","K712771",93,47,0.152535990802596,TRUE,1,TRUE
"SLC31A1","K712771",93,11,0.187848082122692,TRUE,1,TRUE
"ARFGAP3","K712771",93,25,0.280490095230167,TRUE,1,TRUE
"NME3","K712771",93,42,0.165653552349814,TRUE,1,TRUE
"MRPL41","K712771",93,43,0.24134637338238,TRUE,1,TRUE
"UFC1","K712771",93,38,0.23119036951629,TRUE,1,TRUE
"NDUFA2","K712771",93,44,0.0326828785371162,TRUE,1,TRUE
"FSCN1","K712771",93,35,0.105612271000697,TRUE,1,TRUE
"DLG1","K712771",93,8,NA,FALSE,1,NA
"PCED1A","K712771",93,13,0.128316823356517,TRUE,1,TRUE
"BLOC1S1","K712771",93,40,-0.145180332755664,TRUE,1,FALSE
"COL8A2","K712771",93,9,NA,FALSE,1,NA
"LZTS1","K712771",93,12,0.0904429455943209,TRUE,1,TRUE
"LSP1","K712771",93,30,0.271462162307802,TRUE,1,TRUE
"KIF1C","K712771",93,20,-0.0602335191243378,TRUE,1,FALSE
"CMTM3","K712771",93,35,0.182980695483474,TRUE,1,TRUE
"WDR46","K712771",93,13,0.0345106673424615,TRUE,1,TRUE
"EFHD2","K712771",93,13,0.071050646066839,TRUE,1,TRUE
"MGP","K712771",93,63,0.333873801798591,TRUE,1,TRUE
"XPOT","K712771",93,10,0.0709210687163565,TRUE,1,TRUE
"PKIG","K712771",93,32,0.0624986450728101,TRUE,1,TRUE
"BCL3","K712771",93,29,0.183276176640849,TRUE,1,TRUE
"ARHGDIA","K712771",93,50,0.0860197720014416,TRUE,1,TRUE
"ZNF428","K712771",93,19,0.0896035362451604,TRUE,1,TRUE
"LOXL2","K712771",93,25,0.208063927987836,TRUE,1,TRUE
"UQCR10","K712771",93,66,0.0351370483064041,TRUE,1,TRUE
"RAB7B","K712771",93,7,NA,FALSE,1,NA
"RABAC1","K712771",93,72,0.199292009708114,TRUE,1,TRUE
"DPM3","K712771",93,44,0.00817071963427905,TRUE,1,TRUE
"CSTB","K712771",93,65,-0.0287358111826602,TRUE,1,FALSE
"TMUB1","K712771",93,9,NA,FALSE,1,NA
"PSMB9","K712771",93,21,-0.0313542534780582,TRUE,1,FALSE
"AP1S1","K712771",93,13,0.225736143538374,TRUE,1,TRUE
"MYL6","K712771",93,90,0.00282001163845717,TRUE,1,TRUE
"LIMK1","K712771",93,12,0.264080081868436,TRUE,1,TRUE
"GBP2","K712771",93,19,0.0919545568155925,TRUE,1,TRUE
"AMPD2","K712771",93,7,NA,FALSE,1,NA
"BEST1","K712771",93,4,NA,FALSE,1,NA
"CUEDC2","K712771",93,16,0.0956788063895681,TRUE,1,TRUE
"ILF2","K712771",93,19,0.119139555934057,TRUE,1,TRUE
"TUBA1B","K712771",93,80,0.131269637696052,TRUE,1,TRUE
"SAC3D1","K712771",93,8,NA,FALSE,1,NA
"GDI2","K712771",93,37,0.14405842564041,TRUE,1,TRUE
"DCTD","K712771",93,19,0.144725437457317,TRUE,1,TRUE
"FAM127A","K712771",93,54,0.0835132594371009,TRUE,1,TRUE
"RPN2","K712771",93,42,-0.103219175828457,TRUE,1,FALSE
"ATP5E","K712771",93,81,0.150297693643309,TRUE,1,TRUE
"CDC42EP1","K712771",93,31,0.205124140844882,TRUE,1,TRUE
"PUF60","K712771",93,22,0.285239481515736,TRUE,1,TRUE
"INPPL1","K712771",93,13,0.247254268496617,TRUE,1,TRUE
"MYL6B","K712771",93,32,-0.011076823823837,TRUE,1,FALSE
"PKN1","K712771",93,17,0.031456697975927,TRUE,1,TRUE
"LTBP2","K712771",93,15,0.292291742140638,TRUE,1,TRUE
"COL15A1","K712771",93,31,-0.162180220089661,TRUE,1,FALSE
"NOP10","K712771",93,34,0.00950936487126572,TRUE,1,TRUE
"RAB11FIP5","K712771",93,14,0.150392570230552,TRUE,1,TRUE
"OXLD1","K712771",93,10,0.0780797681407775,TRUE,1,TRUE
"DNM3OS","K712771",93,16,0.154079861084078,TRUE,1,TRUE
"LRRC75A","K712771",93,14,-0.12058265717098,TRUE,1,FALSE
"XXYLT1","K712771",93,19,0.29099704159609,TRUE,1,TRUE
"GCN1","K712771",93,8,NA,FALSE,1,NA
"FAAP100","K712771",93,7,NA,FALSE,1,NA
"PTGDS","K712771",93,66,-0.370751752615682,TRUE,1,FALSE
"CCL27","K712771",93,24,-0.0237432506547675,TRUE,1,FALSE
"CAPG","K712771",93,27,0.16037522756262,TRUE,1,TRUE
"MYC","K712771",93,14,-0.0282270858174709,TRUE,1,FALSE
"MDFI","K712771",93,25,0.268723352208482,TRUE,1,TRUE
"B4GALT7","K712771",93,18,-0.0470593485845243,TRUE,1,FALSE
"PSMD8","K712771",93,40,-0.0661939017174904,TRUE,1,FALSE
"IMP4","K712771",93,16,0.28862463743934,TRUE,1,TRUE
"APRT","K712771",93,52,0.130929817980139,TRUE,1,TRUE
"PTGES2","K712771",93,16,0.212095205627148,TRUE,1,TRUE
"SLC35E1","K712771",93,20,-0.0191642668568645,TRUE,1,FALSE
"ANO1","K712771",93,10,0.239788683821108,TRUE,1,TRUE
"SEC61B","K712771",93,68,0.221956645340773,TRUE,1,TRUE
"TTC3","K712771",93,49,0.268148673968182,TRUE,1,TRUE
"POLR2G","K712771",93,40,0.00905724298156923,TRUE,1,TRUE
"TIMM13","K712771",93,28,0.130184685857111,TRUE,1,TRUE
"TMED2","K712771",93,41,0.111711557658759,TRUE,1,TRUE
"MMP14","K712771",93,26,0.185638730396518,TRUE,1,TRUE
"UBA1","K712771",93,24,0.0875823339103557,TRUE,1,TRUE
"APLNR","K712771",93,12,0.0945411815883994,TRUE,1,TRUE
"DGKZ","K712771",93,9,NA,FALSE,1,NA
"ELN","K712771",93,47,0.295722488167891,TRUE,1,TRUE
"PRELID1","K712771",93,46,0.112616215505413,TRUE,1,TRUE
"SIRT2","K712771",93,11,0.00795447904754071,TRUE,1,TRUE
"IL32","K712771",93,33,-0.079096117160259,TRUE,1,FALSE
"CHRD","K712771",93,18,-0.0681765551217637,TRUE,1,FALSE
"BAX","K712771",93,5,NA,FALSE,1,NA
"PLEKHO1","K712771",93,9,NA,FALSE,1,NA
"TSPAN4","K712771",93,53,0.159466769537621,TRUE,1,TRUE
"TCEB2","K712771",93,80,0.246746877595072,TRUE,1,TRUE
"ATP8B2","K712771",93,15,0.170640406039855,TRUE,1,TRUE
"ATP6V0E1","K712771",93,70,0.0760290205223279,TRUE,1,TRUE
"SPOP","K712771",93,33,0.0869289704035224,TRUE,1,TRUE
"DUSP23","K712771",93,14,0.126602197137153,TRUE,1,TRUE
"CCND2","K712771",93,13,0.13648356428374,TRUE,1,TRUE
"SLC3A2","K712771",93,18,0.218225558539546,TRUE,1,TRUE
"TMEM205","K712771",93,40,-0.125660982461443,TRUE,1,FALSE
"COMMD7","K712771",93,13,-0.0328154499075683,TRUE,1,FALSE
"UBTD1","K712771",93,12,0.156911210623282,TRUE,1,TRUE
"SPNS1","K712771",93,22,0.0751599925667737,TRUE,1,TRUE
"MRGPRF","K712771",93,28,0.1180873093151,TRUE,1,TRUE
"PIGP","K712771",93,9,NA,FALSE,1,NA
"DDT","K712771",93,50,0.125155389082309,TRUE,1,TRUE
"CPNE1","K712771",93,32,0.0528834689077624,TRUE,1,TRUE
"TSPAN9","K712771",93,30,0.151277609914246,TRUE,1,TRUE
"NDUFA13","K712771",93,71,0.177386515170263,TRUE,1,TRUE
"PTPN14","K712771",93,33,0.072423363562156,TRUE,1,TRUE
"MXD4","K712771",93,50,0.0660276013480826,TRUE,1,TRUE
"PPP2R1A","K712771",93,46,-0.0366114613156441,TRUE,1,FALSE
"ACAN","K712771",93,7,NA,FALSE,1,NA
"STARD10","K712771",93,15,0.228204019492639,TRUE,1,TRUE
"TCEAL8","K712771",93,32,0.162260500338369,TRUE,1,TRUE
"NUDT22","K712771",93,17,-0.0846962184770561,TRUE,1,FALSE
"TACSTD2","K712771",93,19,0.146472817611017,TRUE,1,TRUE
"CD248","K712771",93,60,0.0248515772895798,TRUE,1,TRUE
"GOLGA2","K712771",93,44,0.110869883416917,TRUE,1,TRUE
"HSD3B7","K712771",93,4,NA,FALSE,1,NA
"TAX1BP3","K712771",93,43,0.129740316351762,TRUE,1,TRUE
"GLRX","K712771",93,18,0.253406478446873,TRUE,1,TRUE
"FAM96B","K712771",93,33,0.112904735390648,TRUE,1,TRUE
"CYP1B1","K712771",93,27,0.0532598750850622,TRUE,1,TRUE
"LTBR","K712771",93,32,0.0728886705991437,TRUE,1,TRUE
"SERPINB6","K712771",93,22,0.155326645975992,TRUE,1,TRUE
"MFSD12","K712771",93,15,0.0390864041963347,TRUE,1,TRUE
"FKBP1A","K712771",93,48,-0.00738358114819812,TRUE,1,FALSE
"NCLN","K712771",93,11,0.196494255000454,TRUE,1,TRUE
"NTM","K712771",93,17,0.2904154966546,TRUE,1,TRUE
"FAM173A","K712771",93,21,0.0635338870444241,TRUE,1,TRUE
"TMEM141","K712771",93,23,0.00870755986918818,TRUE,1,TRUE
"RNF181","K712771",93,45,-0.0814110921503176,TRUE,1,FALSE
"FBLN2","K712771",93,77,-0.0930940005118391,TRUE,1,FALSE
"CTD-3214H19.16","K712771",93,49,0.0784454002961524,TRUE,1,TRUE
"ARHGAP22","K712771",93,6,NA,FALSE,1,NA
"MRPL3","K712771",93,15,-0.015867565578363,TRUE,1,FALSE
"YIPF5","K712771",93,40,0.119777080086555,TRUE,1,TRUE
"APOBEC3C","K712771",93,25,-0.00712122140630025,TRUE,1,FALSE
"PSMB3","K712771",93,56,0.21117860764565,TRUE,1,TRUE
"C1orf54","K712771",93,13,0.0550141366097468,TRUE,1,TRUE
"FAM57A","K712771",93,19,0.0259141771885011,TRUE,1,TRUE
"NUDT2","K712771",93,16,0.287399440487707,TRUE,1,TRUE
"AP2M1","K712771",93,51,0.180380378254799,TRUE,1,TRUE
"MYO18A","K712771",93,12,0.0879840039978737,TRUE,1,TRUE
"TOMM5","K712771",93,34,0.18093727886872,TRUE,1,TRUE
"C1orf216","K712771",93,8,NA,FALSE,1,NA
"ELOVL1","K712771",93,11,0.0691826848265205,TRUE,1,TRUE
"MMP24-AS1","K712771",93,52,0.0193328619327127,TRUE,1,TRUE
"CCDC85B","K712771",93,49,0.256314408611224,TRUE,1,TRUE
"COX5A","K712771",93,36,0.237976228903452,TRUE,1,TRUE
"GTF2H5","K712771",93,26,-0.045839284265509,TRUE,1,FALSE
"RALA","K712771",93,26,0.0177813430943542,TRUE,1,TRUE
"CTSD","K712771",93,49,0.0167415407249759,TRUE,1,TRUE
"FAM210B","K712771",93,18,0.141956959109455,TRUE,1,TRUE
"YKT6","K712771",93,27,0.246588661563672,TRUE,1,TRUE
"RP11-492E3.51","K712771",93,18,0.149919184525135,TRUE,1,TRUE
"SEPW1","K712771",93,68,0.0254939002047782,TRUE,1,TRUE
"PTPRD","K712771",93,8,NA,FALSE,1,NA
"USP11","K712771",93,15,0.0734661296161212,TRUE,1,TRUE
"IFNGR2","K712771",93,32,0.177176350543123,TRUE,1,TRUE
"SLC52A2","K712771",93,10,0.240204887276017,TRUE,1,TRUE
"CFH","K712771",93,64,-0.340928397455706,TRUE,1,FALSE
"PRKAR2A","K712771",93,24,0.117203202987014,TRUE,1,TRUE
"SNRPC","K712771",93,35,0.202215654993706,TRUE,1,TRUE
"CHID1","K712771",93,31,-0.0141753178057202,TRUE,1,FALSE
"MSC","K712771",93,11,0.0917292433308374,TRUE,1,TRUE
"DNLZ","K712771",93,27,0.0340703132424275,TRUE,1,TRUE
"REXO2","K712771",93,24,-0.089929501662992,TRUE,1,FALSE
"IFI35","K712771",93,20,0.16550202721134,TRUE,1,TRUE
"RAB31","K712771",93,64,0.344973901305343,TRUE,1,TRUE
"PRDX5","K712771",93,51,0.259550758258815,TRUE,1,TRUE
"UFD1L","K712771",93,18,0.153510840555034,TRUE,1,TRUE
"ICAM3","K712771",93,11,0.149206340261311,TRUE,1,TRUE
"SNHG18","K712771",93,33,0.0131797786754688,TRUE,1,TRUE
"PSENEN","K712771",93,31,-0.0409341203636952,TRUE,1,FALSE
"SEC31A","K712771",93,45,0.127020582158162,TRUE,1,TRUE
"EPN1","K712771",93,32,0.184132384581939,TRUE,1,TRUE
"SH3BGRL3","K712771",93,66,0.179748812466854,TRUE,1,TRUE
"SAE1","K712771",93,21,0.17103709607709,TRUE,1,TRUE
"HSPA12B","K712771",93,14,0.0715150126658438,TRUE,1,TRUE
"NAA38","K712771",93,48,0.197312738280067,TRUE,1,TRUE
"CLEC2A","K712771",93,10,0.107657960336253,TRUE,1,TRUE
"SEC23A","K712771",93,16,0.156847898641471,TRUE,1,TRUE
"TENM4","K712771",93,30,0.021729194533245,TRUE,1,TRUE
"CILP","K712771",93,10,0.0198945251446117,TRUE,1,TRUE
"CCL2","K712771",93,31,-0.106448277374198,TRUE,1,FALSE
"LAMTOR1","K712771",93,46,0.143024512196398,TRUE,1,TRUE
"TP53TG1","K712771",93,25,0.0429662955990868,TRUE,1,TRUE
"SEPN1","K712771",93,29,0.235430519703586,TRUE,1,TRUE
"BRE","K712771",93,28,0.218543335797695,TRUE,1,TRUE
"SIGMAR1","K712771",93,14,0.206103292706325,TRUE,1,TRUE
"DEF8","K712771",93,7,NA,FALSE,1,NA
"CXCL12","K712771",93,48,-0.0162248650123495,TRUE,1,FALSE
"CCDC8","K712771",93,17,0.123889803112087,TRUE,1,TRUE
"MRPL27","K712771",93,28,0.142079826621064,TRUE,1,TRUE
"GSTK1","K712771",93,36,0.0702500930113019,TRUE,1,TRUE
"NFE2L1","K712771",93,23,0.155514655220298,TRUE,1,TRUE
"PDIA4","K712771",93,48,-0.0414177706467594,TRUE,1,FALSE
"CAP1","K712771",93,37,0.146572887705708,TRUE,1,TRUE
"ABHD14A","K712771",93,19,-0.0352864889219802,TRUE,1,FALSE
"PLGRKT","K712771",93,18,0.241917506447617,TRUE,1,TRUE
"SERP1","K712771",93,48,0.226466792599132,TRUE,1,TRUE
"FAAP20","K712771",93,41,0.109387484232498,TRUE,1,TRUE
"PPP4C","K712771",93,28,0.0798647472621509,TRUE,1,TRUE
"NRN1","K712771",93,23,-0.0232365766192476,TRUE,1,FALSE
"ITGB5","K712771",93,62,0.322850833377332,TRUE,1,TRUE
"PDZD11","K712771",93,11,0.0164410302721745,TRUE,1,TRUE
"CLTB","K712771",93,47,0.106695623404904,TRUE,1,TRUE
"TADA3","K712771",93,23,0.141222042810578,TRUE,1,TRUE
"MZT2A","K712771",93,45,-0.0204993692321273,TRUE,1,FALSE
"PTGIS","K712771",93,22,0.00138183839251462,TRUE,1,TRUE
"FGGY","K712771",93,8,NA,FALSE,1,NA
"HSPB6","K712771",93,19,0.194096869436391,TRUE,1,TRUE
"C19orf70","K712771",93,42,0.252039610449841,TRUE,1,TRUE
"PPP1CA","K712771",93,31,0.182713977187156,TRUE,1,TRUE
"TMEM54","K712771",93,9,NA,FALSE,1,NA
"SSR2","K712771",93,59,0.139148809499479,TRUE,1,TRUE
"SPHK1","K712771",93,7,NA,FALSE,1,NA
"LY6E","K712771",93,60,0.0865988930981489,TRUE,1,TRUE
"TMEM120B","K712771",93,7,NA,FALSE,1,NA
"PRSS23","K712771",93,52,0.423325701561336,TRUE,1,TRUE
"DCN","K712771",93,89,-0.213713919231941,TRUE,1,FALSE
"C17orf89","K712771",93,41,0.210242416203917,TRUE,1,TRUE
"GSDMD","K712771",93,24,-0.028941936255648,TRUE,1,FALSE
"NFATC2","K712771",93,10,-0.0890675393503538,TRUE,1,FALSE
"PRKCSH","K712771",93,40,-0.00140486433108282,TRUE,1,FALSE
"CENPP","K712771",93,21,0.23012819647334,TRUE,1,TRUE
"FBXW5","K712771",93,20,0.115130942276613,TRUE,1,TRUE
"DDRGK1","K712771",93,17,-0.0521105327482985,TRUE,1,FALSE
"CTC-479C5.12","K712771",93,26,0.169724145484923,TRUE,1,TRUE
"ANAPC11","K712771",93,52,0.0279148426130937,TRUE,1,TRUE
"MAN1B1","K712771",93,20,0.0407785699966217,TRUE,1,TRUE
"NDUFA6","K712771",93,47,0.139947991978928,TRUE,1,TRUE
"GPX1","K712771",93,66,0.0422671802069298,TRUE,1,TRUE
"MICAL2","K712771",93,6,NA,FALSE,1,NA
"TAPBP","K712771",93,38,0.0635270928409979,TRUE,1,TRUE
"TMED9","K712771",93,51,0.145735507653753,TRUE,1,TRUE
"MRPL36","K712771",93,29,0.0890985170859237,TRUE,1,TRUE
"FUCA2","K712771",93,27,0.061765820538102,TRUE,1,TRUE
"TP53I13","K712771",93,25,0.166149087898404,TRUE,1,TRUE
"IFI16","K712771",93,53,0.071685398301508,TRUE,1,TRUE
"SEC61G","K712771",93,63,0.278909873657418,TRUE,1,TRUE
"ARPC2","K712771",93,63,0.205300857646182,TRUE,1,TRUE
"NCS1","K712771",93,20,0.0823461347284122,TRUE,1,TRUE
"GMPPB","K712771",93,5,NA,FALSE,1,NA
"TMEM45A","K712771",93,45,0.161858264117306,TRUE,1,TRUE
"FAM109B","K712771",93,11,0.193421538177742,TRUE,1,TRUE
"G6PC3","K712771",93,16,0.136790970766589,TRUE,1,TRUE
"ARF5","K712771",93,53,0.194582428365,TRUE,1,TRUE
"MGAT1","K712771",93,34,0.158028354406125,TRUE,1,TRUE
"ATP5G1","K712771",93,42,0.207597567329774,TRUE,1,TRUE
"PPP1R9B","K712771",93,22,0.0615018217885857,TRUE,1,TRUE
"SH3GLB1","K712771",93,24,-0.0305131807842723,TRUE,1,FALSE
"SHISA4","K712771",93,10,0.0462540772887975,TRUE,1,TRUE
"PALM","K712771",93,18,0.244384065407909,TRUE,1,TRUE
"COLGALT1","K712771",93,29,-0.0106852800421218,TRUE,1,FALSE
"IGF2","K712771",93,47,0.261714203103191,TRUE,1,TRUE
"CLDN4","K712771",93,19,0.126573864224342,TRUE,1,TRUE
"EIF5A","K712771",93,49,0.16706037928905,TRUE,1,TRUE
"TGFB1I1","K712771",93,23,0.221323713462431,TRUE,1,TRUE
"ORAI2","K712771",93,20,0.109981713478669,TRUE,1,TRUE
"WIPI1","K712771",93,19,0.130513412207228,TRUE,1,TRUE
"CLEC2B","K712771",93,35,-0.101454982514752,TRUE,1,FALSE
"SNRNP25","K712771",93,9,NA,FALSE,1,NA
"UQCR11","K712771",93,71,0.246966788796532,TRUE,1,TRUE
"DDB2","K712771",93,17,-0.0382416930002913,TRUE,1,FALSE
"GALNT5","K712771",93,15,-0.0547675666548344,TRUE,1,FALSE
"NAGLU","K712771",93,21,0.0761081960440743,TRUE,1,TRUE
"UBXN6","K712771",93,27,0.184906597600052,TRUE,1,TRUE
"SCP2","K712771",93,22,0.120480286512579,TRUE,1,TRUE
"IKBIP","K712771",93,19,0.264489814173606,TRUE,1,TRUE
"MAN1C1","K712771",93,21,0.00452430566924207,TRUE,1,TRUE
"COPS7A","K712771",93,17,0.150952303657879,TRUE,1,TRUE
"WBP5","K712771",93,39,0.201500779610678,TRUE,1,TRUE
"VAT1","K712771",93,29,0.116111559233226,TRUE,1,TRUE
"PEA15","K712771",93,34,0.177133532920213,TRUE,1,TRUE
"TXN2","K712771",93,32,0.0583954655005462,TRUE,1,TRUE
"ECM2","K712771",93,37,-0.0797371359633263,TRUE,1,FALSE
"TBC1D1","K712771",93,11,0.172178556507303,TRUE,1,TRUE
"NDUFB3","K712771",93,26,-0.120547323862361,TRUE,1,FALSE
"APOE","K712771",93,81,-0.261267801958635,TRUE,1,FALSE
"FAM129A","K712771",93,6,NA,FALSE,1,NA
"SLC39A7","K712771",93,43,0.347911528426235,TRUE,1,TRUE
"KIAA2013","K712771",93,19,0.0984569290239046,TRUE,1,TRUE
"TNC","K712771",93,41,-0.0332597080436648,TRUE,1,FALSE
"CLPP","K712771",93,17,0.182896015958557,TRUE,1,TRUE
"HMOX2","K712771",93,26,0.246921195992119,TRUE,1,TRUE
"MAST2","K712771",93,7,NA,FALSE,1,NA
"GPC1","K712771",93,15,0.14579054012308,TRUE,1,TRUE
"PRADC1","K712771",93,13,0.326026196894649,TRUE,1,TRUE
"KLHL22","K712771",93,13,0.198884889277656,TRUE,1,TRUE
"ARAP1","K712771",93,35,0.172626047048376,TRUE,1,TRUE
"GUK1","K712771",93,59,0.261140190616388,TRUE,1,TRUE
"IGDCC4","K712771",93,12,0.106502907896116,TRUE,1,TRUE
"CHD3","K712771",93,30,0.220940437053086,TRUE,1,TRUE
"NDUFA3","K712771",93,42,0.178209000975579,TRUE,1,TRUE
"PSMB8","K712771",93,29,-0.00223518613126017,TRUE,1,FALSE
"KLHDC3","K712771",93,27,-0.0440931833222129,TRUE,1,FALSE
"MIF","K712771",93,24,0.129016634072597,TRUE,1,TRUE
"GOLGA3","K712771",93,30,0.184078089668731,TRUE,1,TRUE
"ST6GALNAC6","K712771",93,40,-0.0435342664479076,TRUE,1,FALSE
"THOC6","K712771",93,11,0.149618696198558,TRUE,1,TRUE
"MRPL14","K712771",93,30,0.196209773961486,TRUE,1,TRUE
"GTF3C1","K712771",93,14,0.279369008230857,TRUE,1,TRUE
"GNG5","K712771",93,60,0.190294694405345,TRUE,1,TRUE
"BAD","K712771",93,31,0.0216186935920363,TRUE,1,TRUE
"DPYSL3","K712771",93,40,0.0996131449816017,TRUE,1,TRUE
"TIMM8B","K712771",93,43,0.151762807640151,TRUE,1,TRUE
"MYO1C","K712771",93,44,0.203186097150461,TRUE,1,TRUE
"CRELD2","K712771",93,36,0.203029741094634,TRUE,1,TRUE
"CALR","K712771",93,72,0.0439252795493712,TRUE,1,TRUE
"C11orf68","K712771",93,26,0.136989880785242,TRUE,1,TRUE
"B2M","K712771",93,93,-0.352749843335024,TRUE,1,FALSE
"C19orf24","K712771",93,21,0.123827393001418,TRUE,1,TRUE
"FAM102A","K712771",93,24,0.0261486126492047,TRUE,1,TRUE
"NUTF2","K712771",93,23,0.0510436371517343,TRUE,1,TRUE
"UROS","K712771",93,18,0.162381798219244,TRUE,1,TRUE
"CALM3","K712771",93,53,0.354888987794861,TRUE,1,TRUE
"PRICKLE1","K712771",93,21,0.0586121761474783,TRUE,1,TRUE
"TXNDC15","K712771",93,28,0.182214436030197,TRUE,1,TRUE
"EFEMP1","K712771",93,49,0.0832658910515532,TRUE,1,TRUE
"CCDC124","K712771",93,27,0.207344053275412,TRUE,1,TRUE
"NDUFB2","K712771",93,66,0.172467618449792,TRUE,1,TRUE
"GRINA","K712771",93,17,0.145517666533959,TRUE,1,TRUE
"FAM177A1","K712771",93,20,0.198099967585421,TRUE,1,TRUE
"GIPC1","K712771",93,19,0.141220086967169,TRUE,1,TRUE
"ZNF106","K712771",93,28,0.0736322082838201,TRUE,1,TRUE
"SLC12A4","K712771",93,10,0.139455904291239,TRUE,1,TRUE
"SRPX2","K712771",93,12,0.162879266789659,TRUE,1,TRUE
"ECHS1","K712771",93,28,0.208431546894799,TRUE,1,TRUE
"ANXA1","K712771",93,53,0.10231440187127,TRUE,1,TRUE
"FAM234A","K712771",93,15,0.284858917736089,TRUE,1,TRUE
"TWF2","K712771",93,25,0.173891623924046,TRUE,1,TRUE
"ITGA5","K712771",93,11,0.133776247125614,TRUE,1,TRUE
"RARRES3","K712771",93,26,0.109327918622551,TRUE,1,TRUE
"AKR1C3","K712771",93,28,-0.0431865311507349,TRUE,1,FALSE
"TMEM208","K712771",93,23,0.191073808079765,TRUE,1,TRUE
"BUD31","K712771",93,34,0.0592174085165184,TRUE,1,TRUE
"CCDC167","K712771",93,12,0.0423655145887869,TRUE,1,TRUE
"SCARF2","K712771",93,28,0.265370110953473,TRUE,1,TRUE
"RNPEPL1","K712771",93,12,0.0295841410822545,TRUE,1,TRUE
"OLFM2","K712771",93,39,0.0361941085780481,TRUE,1,TRUE
"SPINT2","K712771",93,21,0.0978533949138099,TRUE,1,TRUE
"BRI3","K712771",93,70,0.122244802425756,TRUE,1,TRUE
"RP11-196G11.1","K712771",93,9,NA,FALSE,1,NA
"KCNK6","K712771",93,17,0.0803020210469213,TRUE,1,TRUE
"LRPAP1","K712771",93,42,0.20740164355408,TRUE,1,TRUE
"FBLIM1","K712771",93,24,0.134603281285483,TRUE,1,TRUE
"ARSA","K712771",93,11,-0.0899867069508577,TRUE,1,FALSE
"RNASEH2C","K712771",93,32,0.188869531813437,TRUE,1,TRUE
"TXNL4A","K712771",93,32,0.294583638990693,TRUE,1,TRUE
"GTF3C6","K712771",93,23,0.168556294662385,TRUE,1,TRUE
"AKT1S1","K712771",93,20,0.155162043576759,TRUE,1,TRUE
"SH3GL1","K712771",93,24,0.143662184925824,TRUE,1,TRUE
"AP3D1","K712771",93,23,0.234759360138418,TRUE,1,TRUE
"QSOX1","K712771",93,21,0.17489905970016,TRUE,1,TRUE
"TXLNA","K712771",93,21,0.181603999182955,TRUE,1,TRUE
"GPC6","K712771",93,16,0.00726042638004785,TRUE,1,TRUE
"LTBP3","K712771",93,46,0.284530208312016,TRUE,1,TRUE
"FAM229B","K712771",93,22,-0.0101334815451072,TRUE,1,FALSE
"C12orf75","K712771",93,26,0.248618248885535,TRUE,1,TRUE
"SRM","K712771",93,38,0.448559575637584,TRUE,1,TRUE
"PPDPF","K712771",93,55,0.0673370540868705,TRUE,1,TRUE
"PRKCDBP","K712771",93,51,-0.0520808314662494,TRUE,1,FALSE
"GTF3A","K712771",93,27,-0.0404172003310196,TRUE,1,FALSE
"JDP2","K712771",93,20,0.185372236725987,TRUE,1,TRUE
"RP11-282O18.3","K712771",93,40,0.232959561724851,TRUE,1,TRUE
"TRAPPC1","K712771",93,33,0.216511228512566,TRUE,1,TRUE
"GSR","K712771",93,7,NA,FALSE,1,NA
"PDIA5","K712771",93,22,0.128991609944735,TRUE,1,TRUE
"RHOC","K712771",93,63,0.23630011851277,TRUE,1,TRUE
"UROD","K712771",93,30,0.145454401453724,TRUE,1,TRUE
"IMPDH1","K712771",93,11,0.0868607829104362,TRUE,1,TRUE
"YIF1B","K712771",93,14,0.197805440800765,TRUE,1,TRUE
"MED8","K712771",93,17,0.151649619622863,TRUE,1,TRUE
"UQCC2","K712771",93,29,0.0947773436389221,TRUE,1,TRUE
"CD276","K712771",93,24,0.0660504644440224,TRUE,1,TRUE
"GLMP","K712771",93,18,0.179561165012858,TRUE,1,TRUE
"BTN3A2","K712771",93,22,0.101194628947484,TRUE,1,TRUE
"TANC2","K712771",93,17,0.27266161081597,TRUE,1,TRUE
"ZNHIT1","K712771",93,51,0.222032516468937,TRUE,1,TRUE
"EIF4G1","K712771",93,37,0.303937711591003,TRUE,1,TRUE
"UQCRQ","K712771",93,80,0.0710433789261016,TRUE,1,TRUE
"GRIN2D","K712771",93,7,NA,FALSE,1,NA
"COPA","K712771",93,48,0.163975710950005,TRUE,1,TRUE
"FMO1","K712771",93,23,0.202450766958625,TRUE,1,TRUE
"CD63","K712771",93,91,0.124534199719614,TRUE,1,TRUE
"ARPC4","K712771",93,42,0.141489620014143,TRUE,1,TRUE
"ITGB1BP1","K712771",93,31,0.104723050489436,TRUE,1,TRUE
"NDST1","K712771",93,19,0.068613794035267,TRUE,1,TRUE
"CHPF2","K712771",93,26,0.247147469711241,TRUE,1,TRUE
"GLT8D2","K712771",93,23,0.139911968757861,TRUE,1,TRUE
"ATP6V0D1","K712771",93,19,0.180986223192269,TRUE,1,TRUE
"SEMA3C","K712771",93,8,NA,FALSE,1,NA
"PLEKHA4","K712771",93,29,0.0939232481253511,TRUE,1,TRUE
"ARPC1A","K712771",93,17,0.0299403124647722,TRUE,1,TRUE
"A2M","K712771",93,6,NA,FALSE,1,NA
"CDK2AP1","K712771",93,31,0.283782036699082,TRUE,1,TRUE
"MINOS1-NBL1","K712771",93,7,NA,FALSE,1,NA
"HAPLN3","K712771",93,17,0.0844527113146808,TRUE,1,TRUE
"TPM2","K712771",93,48,0.287357570179659,TRUE,1,TRUE
"ZEB1","K712771",93,31,0.223914885213444,TRUE,1,TRUE
"ERCC1","K712771",93,39,0.168060118502024,TRUE,1,TRUE
"MEIS3","K712771",93,10,0.205632253621642,TRUE,1,TRUE
"ACTB","K712771",93,89,0.229589895637917,TRUE,1,TRUE
"MYLK","K712771",93,20,0.216662106881236,TRUE,1,TRUE
"CD82","K712771",93,31,0.0215386572932587,TRUE,1,TRUE
"PLXNB2","K712771",93,29,0.0994294383511383,TRUE,1,TRUE
"PLOD2","K712771",93,9,NA,FALSE,1,NA
"LINC01615","K712771",93,19,0.18271242298047,TRUE,1,TRUE
"MRPL17","K712771",93,31,0.179201272963029,TRUE,1,TRUE
"SLC39A13","K712771",93,16,0.113557606350436,TRUE,1,TRUE
"ARHGAP28","K712771",93,10,0.255659908901608,TRUE,1,TRUE
"RAD51B","K712771",93,16,0.13427251036601,TRUE,1,TRUE
"CTSC","K712771",93,66,-0.125426875360307,TRUE,1,FALSE
"NANS","K712771",93,20,0.0903191341574869,TRUE,1,TRUE
"GAA","K712771",93,24,0.16218735189911,TRUE,1,TRUE
"TNFRSF1A","K712771",93,54,0.258105115345887,TRUE,1,TRUE
"GALNT2","K712771",93,19,0.257394391731311,TRUE,1,TRUE
"PLAUR","K712771",93,13,0.108766140530741,TRUE,1,TRUE
"PAPSS2","K712771",93,15,0.159852325477767,TRUE,1,TRUE
"DAPK3","K712771",93,19,0.12697629116883,TRUE,1,TRUE
"GPI","K712771",93,41,0.230600642436076,TRUE,1,TRUE
"AGTRAP","K712771",93,16,0.135928795133958,TRUE,1,TRUE
"HOMER3","K712771",93,23,0.263246083149383,TRUE,1,TRUE
"NAA10","K712771",93,23,0.00821505082681328,TRUE,1,TRUE
"COPZ1","K712771",93,26,0.090245501643244,TRUE,1,TRUE
"NRBP1","K712771",93,30,0.301153336310218,TRUE,1,TRUE
"NPTX2","K712771",93,12,0.226120170973284,TRUE,1,TRUE
"CXXC5","K712771",93,33,0.0169915346524244,TRUE,1,TRUE
"TMEM147","K712771",93,28,0.234336111556947,TRUE,1,TRUE
"CTTN","K712771",93,39,0.0476404642212093,TRUE,1,TRUE
"METRNL","K712771",93,28,0.308023475052964,TRUE,1,TRUE
"XBP1","K712771",93,27,0.0724122117834822,TRUE,1,TRUE
"FUT11","K712771",93,28,0.13669300089643,TRUE,1,TRUE
"DNPH1","K712771",93,34,0.0996408540965534,TRUE,1,TRUE
"MRPL52","K712771",93,38,0.106347569977493,TRUE,1,TRUE
"ST3GAL2","K712771",93,26,0.138083537094333,TRUE,1,TRUE
"FIBP","K712771",93,20,0.184001877449115,TRUE,1,TRUE
"ETHE1","K712771",93,32,0.0729062808119002,TRUE,1,TRUE
"TMEM219","K712771",93,51,0.0738933985836534,TRUE,1,TRUE
"CDC42EP5","K712771",93,22,0.155066299612185,TRUE,1,TRUE
"C7orf73","K712771",93,45,0.289609819081159,TRUE,1,TRUE
"S100A13","K712771",93,81,0.000933526047473969,TRUE,1,TRUE
"ZYX","K712771",93,31,0.241069331918107,TRUE,1,TRUE
"PDZRN4","K712771",93,3,NA,FALSE,1,NA
"MRPL12","K712771",93,14,0.170273839680581,TRUE,1,TRUE
"MAP7D1","K712771",93,24,0.13243069625825,TRUE,1,TRUE
"FHL3","K712771",93,11,0.277661865615995,TRUE,1,TRUE
"PGLS","K712771",93,32,-0.0939328748431584,TRUE,1,FALSE
"CAPZB","K712771",93,70,0.101001178538461,TRUE,1,TRUE
"ERI3","K712771",93,25,0.184989258894133,TRUE,1,TRUE
"PDE4DIP","K712771",93,13,0.230401084946803,TRUE,1,TRUE
"GALNT10","K712771",93,18,0.0376474788676194,TRUE,1,TRUE
"B4GALT1","K712771",93,34,0.363032971276302,TRUE,1,TRUE
"NME1","K712771",93,40,0.21831591705027,TRUE,1,TRUE
"LMF2","K712771",93,25,0.353050084082819,TRUE,1,TRUE
"DPM2","K712771",93,28,0.271382029083013,TRUE,1,TRUE
"VTI1B","K712771",93,33,0.0764444608284638,TRUE,1,TRUE
"TRAPPC2L","K712771",93,32,0.0579023795433642,TRUE,1,TRUE
"THBS3","K712771",93,41,-0.0546198316539295,TRUE,1,FALSE
"CNN2","K712771",93,39,0.312046288434783,TRUE,1,TRUE
"DYNLT1","K712771",93,30,0.170077227351611,TRUE,1,TRUE
"VGLL3","K712771",93,24,0.208354783727825,TRUE,1,TRUE
"TRIOBP","K712771",93,40,0.0744247539160698,TRUE,1,TRUE
"THBS1","K712771",93,27,0.218409227393207,TRUE,1,TRUE
"EPHB3","K712771",93,16,0.216632972114678,TRUE,1,TRUE
"POMP","K712771",93,42,0.109113216080604,TRUE,1,TRUE
"MFAP2","K712771",93,39,0.220400576137758,TRUE,1,TRUE
"FAM195B","K712771",93,24,0.219237106944593,TRUE,1,TRUE
"C11orf96","K712771",93,31,0.170930855422678,TRUE,1,TRUE
"PXDN","K712771",93,46,0.29749610138057,TRUE,1,TRUE
"COMMD5","K712771",93,16,0.261829126330476,TRUE,1,TRUE
"P4HA3","K712771",93,10,0.132630167630745,TRUE,1,TRUE
"VOPP1","K712771",93,24,0.0905308421616013,TRUE,1,TRUE
"ALDH1L2","K712771",93,8,NA,FALSE,1,NA
"TNFSF10","K712771",93,39,0.0142413959746308,TRUE,1,TRUE
"HEXA","K712771",93,39,0.254065838701619,TRUE,1,TRUE
"SEMA3B","K712771",93,8,NA,FALSE,1,NA
"UBE2L6","K712771",93,34,0.174972313631289,TRUE,1,TRUE
"SURF4","K712771",93,45,0.108055452551166,TRUE,1,TRUE
"SPARCL1","K712771",93,39,-0.090123413545064,TRUE,1,FALSE
"LASP1","K712771",93,32,0.0788937531491094,TRUE,1,TRUE
"TP53I3","K712771",93,20,0.208294610084577,TRUE,1,TRUE
"SRPRB","K712771",93,20,0.245169732444047,TRUE,1,TRUE
"SHISA5","K712771",93,38,0.227186420363073,TRUE,1,TRUE
"CTGF","K712771",93,42,0.378851274268194,TRUE,1,TRUE
"AC024592.12","K712771",93,26,0.0834384339263174,TRUE,1,TRUE
"TENM3","K712771",93,17,0.346278253404953,TRUE,1,TRUE
"TMEM261","K712771",93,25,0.214458689223829,TRUE,1,TRUE
"JTB","K712771",93,38,0.174096400000963,TRUE,1,TRUE
"NSMCE1","K712771",93,24,0.152061553825754,TRUE,1,TRUE
"CCDC28B","K712771",93,19,0.190930404794232,TRUE,1,TRUE
"GRN","K712771",93,66,0.00290039263750197,TRUE,1,TRUE
"FLNA","K712771",93,63,0.367976783031013,TRUE,1,TRUE
"COPG1","K712771",93,20,0.20887597462628,TRUE,1,TRUE
"EIF4E2","K712771",93,26,0.00744817658777296,TRUE,1,TRUE
"LAMB2","K712771",93,57,0.0660025636195162,TRUE,1,TRUE
"SHC1","K712771",93,50,0.248927672018789,TRUE,1,TRUE
"LUM","K712771",93,80,0.360132409176604,TRUE,1,TRUE
"ISLR","K712771",93,61,0.071537568302277,TRUE,1,TRUE
"MYO1D","K712771",93,39,0.147288643181549,TRUE,1,TRUE
"NEK6","K712771",93,22,-0.00612815287115181,TRUE,1,FALSE
"PGM1","K712771",93,14,0.123988133964592,TRUE,1,TRUE
"PFN1","K712771",93,83,0.256148270265175,TRUE,1,TRUE
"TMEM176B","K712771",93,63,-0.103834243925952,TRUE,1,FALSE
"MLEC","K712771",93,42,0.119970658650348,TRUE,1,TRUE
"HN1","K712771",93,20,0.285408463937659,TRUE,1,TRUE
"EDIL3","K712771",93,21,0.141415121796715,TRUE,1,TRUE
"SNF8","K712771",93,32,0.355250821936827,TRUE,1,TRUE
"MPG","K712771",93,31,0.053161888232494,TRUE,1,TRUE
"LINC01116","K712771",93,14,0.297619485976902,TRUE,1,TRUE
"SWI5","K712771",93,16,0.0556783948019919,TRUE,1,TRUE
"NXN","K712771",93,24,0.240012451267515,TRUE,1,TRUE
"PTN","K712771",93,48,0.227465002067666,TRUE,1,TRUE
"KRT6A","K712771",93,25,0.111559429574403,TRUE,1,TRUE
"TPM4","K712771",93,61,0.283918532630683,TRUE,1,TRUE
"FAM89B","K712771",93,25,0.102708085920398,TRUE,1,TRUE
"SMCO4","K712771",93,9,NA,FALSE,1,NA
"APBB2","K712771",93,27,0.157350684595183,TRUE,1,TRUE
"A1BG","K712771",93,51,0.0141163167669344,TRUE,1,TRUE
"HES4","K712771",93,24,0.110918224872517,TRUE,1,TRUE
"SSR4","K712771",93,68,0.168377266423402,TRUE,1,TRUE
"VAMP5","K712771",93,52,-0.0376046789813056,TRUE,1,FALSE
"KRT16","K712771",93,24,0.230759566821172,TRUE,1,TRUE
"CTSZ","K712771",93,37,0.100645984949265,TRUE,1,TRUE
"FIBIN","K712771",93,12,0.347274272548231,TRUE,1,TRUE
"DNAJC1","K712771",93,37,0.0517742927270868,TRUE,1,TRUE
"ZFHX4","K712771",93,12,0.212595992192824,TRUE,1,TRUE
"NEK10","K712771",93,18,0.198406540928776,TRUE,1,TRUE
"SGCD","K712771",93,29,0.137009640948261,TRUE,1,TRUE
"MSRB3","K712771",93,29,0.353613714863347,TRUE,1,TRUE
"PGAM1","K712771",93,33,0.0897027424874397,TRUE,1,TRUE
"LRRC59","K712771",93,21,0.25812998021,TRUE,1,TRUE
"TAF10","K712771",93,37,0.090039680197318,TRUE,1,TRUE
"GPAA1","K712771",93,24,0.0533059254896251,TRUE,1,TRUE
"DBN1","K712771",93,15,0.237256221001,TRUE,1,TRUE
"APOL2","K712771",93,14,0.121182212944503,TRUE,1,TRUE
"MAP4","K712771",93,47,0.209635535403505,TRUE,1,TRUE
"NDUFS8","K712771",93,35,0.179800584084947,TRUE,1,TRUE
"CAMK1D","K712771",93,26,0.147737882443547,TRUE,1,TRUE
"SH3PXD2A","K712771",93,51,0.280525585002363,TRUE,1,TRUE
"LAMC1","K712771",93,57,-0.0300612584506729,TRUE,1,FALSE
"MYH9","K712771",93,50,0.340338414565908,TRUE,1,TRUE
"PLPP4","K712771",93,9,NA,FALSE,1,NA
"SEC24D","K712771",93,15,0.171199615399445,TRUE,1,TRUE
"RPL22L1","K712771",93,42,0.0838880299599198,TRUE,1,TRUE
"EIF4EBP1","K712771",93,23,0.137449423545986,TRUE,1,TRUE
"OSTC","K712771",93,50,0.0171945241311122,TRUE,1,TRUE
"ILK","K712771",93,38,0.154746771247969,TRUE,1,TRUE
"COPE","K712771",93,49,0.138326783002358,TRUE,1,TRUE
"AHR","K712771",93,47,-0.130383659117962,TRUE,1,FALSE
"FAM50A","K712771",93,30,0.193711545640459,TRUE,1,TRUE
"RYR2","K712771",93,8,NA,FALSE,1,NA
"CNN3","K712771",93,46,0.193673031605988,TRUE,1,TRUE
"NGFR","K712771",93,20,0.073106591119198,TRUE,1,TRUE
"CCDC107","K712771",93,30,0.145454401453724,TRUE,1,TRUE
"AQP1","K712771",93,26,-0.0521749484009311,TRUE,1,FALSE
"CYR61","K712771",93,32,0.0503299880580702,TRUE,1,TRUE
"SMTN","K712771",93,14,0.157994937438826,TRUE,1,TRUE
"DAP","K712771",93,37,0.363643528953595,TRUE,1,TRUE
"PHLDA3","K712771",93,34,0.233999534850382,TRUE,1,TRUE
"GARS","K712771",93,30,0.27931630458326,TRUE,1,TRUE
"CGREF1","K712771",93,18,0.299470548854437,TRUE,1,TRUE
"IDH2","K712771",93,38,0.208054579639334,TRUE,1,TRUE
"ERLEC1","K712771",93,35,0.0508303520034198,TRUE,1,TRUE
"C9orf16","K712771",93,54,0.255857218071267,TRUE,1,TRUE
"C1QTNF3","K712771",93,8,NA,FALSE,1,NA
"SDF4","K712771",93,51,0.224154270126086,TRUE,1,TRUE
"ZCCHC24","K712771",93,55,0.0472279051445961,TRUE,1,TRUE
"GMPPA","K712771",93,15,0.28710740536944,TRUE,1,TRUE
"ALDH18A1","K712771",93,16,0.346957625636537,TRUE,1,TRUE
"CIB1","K712771",93,26,0.354137226569529,TRUE,1,TRUE
"IGFBP6","K712771",93,30,0.269269472702297,TRUE,1,TRUE
"SLC27A4","K712771",93,52,0.169189848213401,TRUE,1,TRUE
"JOSD2","K712771",93,17,0.100468841494542,TRUE,1,TRUE
"ENAH","K712771",93,29,0.124625256001482,TRUE,1,TRUE
"CD99","K712771",93,86,0.191215978385501,TRUE,1,TRUE
"UCHL1","K712771",93,15,0.190678741425159,TRUE,1,TRUE
"CALU","K712771",93,56,0.119823552721501,TRUE,1,TRUE
"TMEM176A","K712771",93,48,-0.193811082842831,TRUE,1,FALSE
"CKLF","K712771",93,29,0.268667555752975,TRUE,1,TRUE
"CYBA","K712771",93,51,0.093889556666155,TRUE,1,TRUE
"CSRP2","K712771",93,25,0.21114182502519,TRUE,1,TRUE
"VEGFB","K712771",93,37,0.201899490934442,TRUE,1,TRUE
"LAMTOR2","K712771",93,40,0.170319140374217,TRUE,1,TRUE
"TUBA1C","K712771",93,46,0.232474785585494,TRUE,1,TRUE
"KIAA1462","K712771",93,21,0.176570199632042,TRUE,1,TRUE
"ACKR1","K712771",93,2,NA,FALSE,1,NA
"PACS1","K712771",93,35,0.270060888738574,TRUE,1,TRUE
"RRBP1","K712771",93,75,0.248520085778369,TRUE,1,TRUE
"FBLN7","K712771",93,28,0.0610752049734957,TRUE,1,TRUE
"RTEL1-TNFRSF6B","K712771",93,27,0.000195432007126735,TRUE,1,TRUE
"NUCB1","K712771",93,58,0.0807666312266515,TRUE,1,TRUE
"FKBP7","K712771",93,27,0.113620446429062,TRUE,1,TRUE
"S100A7","K712771",93,55,-0.0172342052810423,TRUE,1,FALSE
"COTL1","K712771",93,10,0.302801886894209,TRUE,1,TRUE
"HLA-DRB1","K712771",93,17,-0.0640091781825425,TRUE,1,FALSE
"SIL1","K712771",93,29,0.151574695291391,TRUE,1,TRUE
"SSR3","K712771",93,48,0.116647906465739,TRUE,1,TRUE
"IL1R1","K712771",93,45,0.0117517935684178,TRUE,1,TRUE
"S100A16","K712771",93,55,0.0841693855227943,TRUE,1,TRUE
"LMCD1","K712771",93,13,0.342978371243581,TRUE,1,TRUE
"KHDRBS3","K712771",93,40,0.149973399297006,TRUE,1,TRUE
"GALNS","K712771",93,13,0.107281278543973,TRUE,1,TRUE
"ADAMTS12","K712771",93,16,0.149950493580426,TRUE,1,TRUE
"SAR1A","K712771",93,28,0.151401057482462,TRUE,1,TRUE
"ARF4","K712771",93,50,0.155033625255293,TRUE,1,TRUE
"TMSB4X","K712771",93,84,0.104310972962142,TRUE,1,TRUE
"YIF1A","K712771",93,33,0.245435216658069,TRUE,1,TRUE
"ARFGAP1","K712771",93,21,0.128198850506159,TRUE,1,TRUE
"GPR78","K712771",93,32,0.337482117265521,TRUE,1,TRUE
"ITGBL1","K712771",93,25,0.364998442147081,TRUE,1,TRUE
"XG","K712771",93,31,0.146564248905944,TRUE,1,TRUE
"CDKN2A","K712771",93,4,NA,FALSE,1,NA
"LAMA4","K712771",93,61,-0.03463387170682,TRUE,1,FALSE
"LGMN","K712771",93,23,0.0206853797797457,TRUE,1,TRUE
"CTSA","K712771",93,36,0.190581649086822,TRUE,1,TRUE
"SCO2","K712771",93,21,0.153612405323928,TRUE,1,TRUE
"CCL14","K712771",93,6,NA,FALSE,1,NA
"SEC61A1","K712771",93,55,0.288174460322647,TRUE,1,TRUE
"FMOD","K712771",93,60,0.00958648067435881,TRUE,1,TRUE
"AKR1A1","K712771",93,31,0.0790847561143474,TRUE,1,TRUE
"IFI6","K712771",93,36,0.0392318965328185,TRUE,1,TRUE
"ANXA6","K712771",93,37,0.0751554148174971,TRUE,1,TRUE
"C7orf50","K712771",93,26,0.327059804847904,TRUE,1,TRUE
"IFITM3","K712771",93,90,-0.0122946539158133,TRUE,1,FALSE
"FTL","K712771",93,90,0.217916772379191,TRUE,1,TRUE
"FARP1","K712771",93,35,0.0290067303844136,TRUE,1,TRUE
"HMCN1","K712771",93,29,0.241490963400946,TRUE,1,TRUE
"PARVB","K712771",93,11,0.0882707741797327,TRUE,1,TRUE
"RP11-25H12.1","K712771",93,45,0.0183466141560262,TRUE,1,TRUE
"SRA1","K712771",93,23,0.267353608562789,TRUE,1,TRUE
"LOX","K712771",93,37,0.162140614250929,TRUE,1,TRUE
"TUBB2A","K712771",93,36,0.130619938131157,TRUE,1,TRUE
"PLTP","K712771",93,42,0.0409154151575631,TRUE,1,TRUE
"RP11-417E7.2","K712771",93,20,0.41835407681361,TRUE,1,TRUE
"C1S","K712771",93,81,-0.213755060246399,TRUE,1,FALSE
"LGALS1","K712771",93,90,0.12707957208857,TRUE,1,TRUE
"TGFB3","K712771",93,23,0.117975616010483,TRUE,1,TRUE
"CRABP2","K712771",93,60,0.330290895463537,TRUE,1,TRUE
"NID2","K712771",93,23,0.26538357239329,TRUE,1,TRUE
"C4orf48","K712771",93,23,0.233035578490106,TRUE,1,TRUE
"HTRA1","K712771",93,74,0.241007936601289,TRUE,1,TRUE
"FLNC","K712771",93,14,0.309874405987716,TRUE,1,TRUE
"MXRA7","K712771",93,40,0.179673884037663,TRUE,1,TRUE
"CLEC11A","K712771",93,68,0.373096901223829,TRUE,1,TRUE
"IFT20","K712771",93,32,0.231451026258648,TRUE,1,TRUE
"ROR2","K712771",93,32,0.173777579481119,TRUE,1,TRUE
"NME1-NME2","K712771",93,83,0.344927525911959,TRUE,1,TRUE
"TNFAIP6","K712771",93,9,NA,FALSE,1,NA
"RP11-14N7.2","K712771",93,30,0.118297401503572,TRUE,1,TRUE
"S100A9","K712771",93,56,-0.0804423876580283,TRUE,1,FALSE
"SNX8","K712771",93,12,0.237492775856852,TRUE,1,TRUE
"ECM1","K712771",93,55,0.267400673867292,TRUE,1,TRUE
"GPX7","K712771",93,21,0.227111992693845,TRUE,1,TRUE
"HIC1","K712771",93,32,0.212150233077527,TRUE,1,TRUE
"EPHB2","K712771",93,14,0.159074137831168,TRUE,1,TRUE
"GLIPR2","K712771",93,25,0.231951085429909,TRUE,1,TRUE
"EVL","K712771",93,34,0.0458351386795008,TRUE,1,TRUE
"PRAF2","K712771",93,31,0.252470058032871,TRUE,1,TRUE
"TMEM214","K712771",93,21,0.18462020296245,TRUE,1,TRUE
"CYB561","K712771",93,14,0.288889953914405,TRUE,1,TRUE
"MAGED1","K712771",93,51,0.143934757317428,TRUE,1,TRUE
"HM13","K712771",93,55,0.31367799280132,TRUE,1,TRUE
"FNDC1","K712771",93,14,0.409520575547267,TRUE,1,TRUE
"C11orf24","K712771",93,31,0.40586407110117,TRUE,1,TRUE
"HTRA3","K712771",93,24,0.0913067653856133,TRUE,1,TRUE
"NT5DC2","K712771",93,17,0.221292668062177,TRUE,1,TRUE
"PLAU","K712771",93,25,0.165298364804229,TRUE,1,TRUE
"NAGK","K712771",93,24,0.253668700010126,TRUE,1,TRUE
"SPATS2L","K712771",93,65,0.166635935865755,TRUE,1,TRUE
"FKBP9","K712771",93,46,0.128955479027068,TRUE,1,TRUE
"PLOD1","K712771",93,40,0.426268893681847,TRUE,1,TRUE
"SEMA6B","K712771",93,16,0.333843480487575,TRUE,1,TRUE
"TXNDC5","K712771",93,31,0.113206898159861,TRUE,1,TRUE
"P4HB","K712771",93,74,0.292344245404822,TRUE,1,TRUE
"CUEDC1","K712771",93,14,0.240182042873382,TRUE,1,TRUE
"SLC38A10","K712771",93,34,0.337513293912688,TRUE,1,TRUE
"POLD4","K712771",93,35,0.239185521467694,TRUE,1,TRUE
"CISD1","K712771",93,41,0.0738365518569358,TRUE,1,TRUE
"TTYH3","K712771",93,21,0.192955522866594,TRUE,1,TRUE
"DAB2","K712771",93,61,-0.00417404039923848,TRUE,1,FALSE
"OLFML3","K712771",93,50,0.210515042241423,TRUE,1,TRUE
"RPS26","K712771",93,79,0.0169784987904484,TRUE,1,TRUE
"HDLBP","K712771",93,70,0.262996965789417,TRUE,1,TRUE
"KDELR2","K712771",93,64,0.138713811773121,TRUE,1,TRUE
"PLIN3","K712771",93,41,0.147016121826589,TRUE,1,TRUE
"METRN","K712771",93,22,0.143490899744453,TRUE,1,TRUE
"IFI27","K712771",93,43,0.0747693207730763,TRUE,1,TRUE
"BACE2","K712771",93,48,0.10490706176442,TRUE,1,TRUE
"ANGPTL2","K712771",93,42,0.256202990683352,TRUE,1,TRUE
"TMED3","K712771",93,44,0.20499463588374,TRUE,1,TRUE
"TGFBI","K712771",93,41,0.0827632932503836,TRUE,1,TRUE
"ABI3BP","K712771",93,40,0.127098902423846,TRUE,1,TRUE
"SORCS2","K712771",93,8,NA,FALSE,1,NA
"TPM1","K712771",93,39,0.213371382447009,TRUE,1,TRUE
"HMCN2","K712771",93,9,NA,FALSE,1,NA
"MYOF","K712771",93,33,0.245504997087853,TRUE,1,TRUE
"AP2S1","K712771",93,37,0.335208169356092,TRUE,1,TRUE
"PDGFRL","K712771",93,33,0.224588313260074,TRUE,1,TRUE
"SEC13","K712771",93,49,0.306341793030202,TRUE,1,TRUE
"RUNX1","K712771",93,48,0.262022063192601,TRUE,1,TRUE
"PLXDC2","K712771",93,34,0.230973827845889,TRUE,1,TRUE
"LRP1","K712771",93,79,0.224083303138375,TRUE,1,TRUE
"BGN","K712771",93,72,0.431464199632378,TRUE,1,TRUE
"ADAMTS14","K712771",93,4,NA,FALSE,1,NA
"FKBP14","K712771",93,30,0.218154642882157,TRUE,1,TRUE
"ATOX1","K712771",93,55,0.263745167545349,TRUE,1,TRUE
"NME4","K712771",93,54,0.22051097127034,TRUE,1,TRUE
"ISOC2","K712771",93,28,0.269102280312178,TRUE,1,TRUE
"CD151","K712771",93,41,0.191953682916696,TRUE,1,TRUE
"CTSB","K712771",93,72,0.162675104309936,TRUE,1,TRUE
"MVP","K712771",93,42,0.140036518677741,TRUE,1,TRUE
"MAP4K4","K712771",93,51,0.0875947598383041,TRUE,1,TRUE
"C1R","K712771",93,90,-0.148625057834243,TRUE,1,FALSE
"FAM20C","K712771",93,35,0.145899396534605,TRUE,1,TRUE
"GPX8","K712771",93,34,0.149711982582345,TRUE,1,TRUE
"OST4","K712771",93,81,0.282492450174003,TRUE,1,TRUE
"RCN1","K712771",93,43,0.294361076885687,TRUE,1,TRUE
"INAFM1","K712771",93,39,0.241388334341025,TRUE,1,TRUE
"PRDX4","K712771",93,42,0.344238073895475,TRUE,1,TRUE
"AC005943.2","K712771",93,26,0.284671194799009,TRUE,1,TRUE
"S100A8","K712771",93,75,-0.170576783387648,TRUE,1,FALSE
"FBLN1","K712771",93,78,0.094569747570497,TRUE,1,TRUE
"TMEM119","K712771",93,45,0.146274887820156,TRUE,1,TRUE
"MIR99AHG","K712771",93,33,-0.0160931116189543,TRUE,1,FALSE
"EHD2","K712771",93,33,0.310357184018436,TRUE,1,TRUE
"LRRC32","K712771",93,20,0.325667958450616,TRUE,1,TRUE
"ISG15","K712771",93,19,0.0989652577958899,TRUE,1,TRUE
"CADM1","K712771",93,23,0.139439160077181,TRUE,1,TRUE
"FAM114A1","K712771",93,34,0.222017735112588,TRUE,1,TRUE
"PDXK","K712771",93,25,0.178384206556208,TRUE,1,TRUE
"CTSK","K712771",93,82,0.0175011631889884,TRUE,1,TRUE
"PHPT1","K712771",93,67,0.0852961239095524,TRUE,1,TRUE
"KDELR3","K712771",93,21,0.257528777429628,TRUE,1,TRUE
"SSC5D","K712771",93,19,0.283891028971045,TRUE,1,TRUE
"ARHGAP1","K712771",93,30,0.406042980062094,TRUE,1,TRUE
"HEG1","K712771",93,33,0.0973349769950739,TRUE,1,TRUE
"TNFRSF12A","K712771",93,16,0.352062612935008,TRUE,1,TRUE
"DPT","K712771",93,74,-0.196384606882398,TRUE,1,FALSE
"ITGA11","K712771",93,23,0.410476736276934,TRUE,1,TRUE
"PIEZO2","K712771",93,7,NA,FALSE,1,NA
"B4GALT2","K712771",93,37,0.26759614073449,TRUE,1,TRUE
"TYMP","K712771",93,43,-0.164726286662473,TRUE,1,FALSE
"CD74","K712771",93,41,-0.328729099575274,TRUE,1,FALSE
"HLA-DRA","K712771",93,11,0.0365799621751454,TRUE,1,TRUE
"EFEMP2","K712771",93,56,0.198524229361066,TRUE,1,TRUE
"PALLD","K712771",93,44,0.33202833422934,TRUE,1,TRUE
"CST3","K712771",93,87,-0.0573394072478962,TRUE,1,FALSE
"C1orf122","K712771",93,40,0.142073103411622,TRUE,1,TRUE
"GAS6","K712771",93,52,-0.0617278464937946,TRUE,1,FALSE
"ZMAT3","K712771",93,13,0.182316304275306,TRUE,1,TRUE
"LIMA1","K712771",93,33,0.283875510915376,TRUE,1,TRUE
"PDLIM7","K712771",93,29,0.45057172789862,TRUE,1,TRUE
"PDLIM2","K712771",93,63,0.168959251700017,TRUE,1,TRUE
"MYDGF","K712771",93,37,0.295398665919586,TRUE,1,TRUE
"CILP2","K712771",93,11,0.31175439036323,TRUE,1,TRUE
"GUCY1A3","K712771",93,48,0.0611759802858217,TRUE,1,TRUE
"BNC2","K712771",93,22,0.247949871561211,TRUE,1,TRUE
"COL18A1","K712771",93,78,-0.218444903083788,TRUE,1,FALSE
"LGALS3BP","K712771",93,45,0.130948556905227,TRUE,1,TRUE
"TMSB10","K712771",93,92,0.118886335830026,TRUE,1,TRUE
"S100A11","K712771",93,87,0.168899435506913,TRUE,1,TRUE
"C1QTNF5","K712771",93,47,0.277413395062165,TRUE,1,TRUE
"FSTL1","K712771",93,68,0.156368614849402,TRUE,1,TRUE
"OGN","K712771",93,17,0.284848037442112,TRUE,1,TRUE
"THBS4","K712771",93,31,0.421729044103306,TRUE,1,TRUE
"GOLM1","K712771",93,46,0.232218984982415,TRUE,1,TRUE
"P3H3","K712771",93,42,0.383537117903557,TRUE,1,TRUE
"HCFC1R1","K712771",93,59,0.35402590298801,TRUE,1,TRUE
"ARPC1B","K712771",93,54,0.0812653621624806,TRUE,1,TRUE
"FKBP11","K712771",93,32,0.313532227916684,TRUE,1,TRUE
"CCDC80","K712771",93,85,0.171333272098283,TRUE,1,TRUE
"AK1","K712771",93,28,0.226356990859024,TRUE,1,TRUE
"C1QTNF6","K712771",93,39,0.29005198296929,TRUE,1,TRUE
"PODN","K712771",93,53,0.269284849612705,TRUE,1,TRUE
"ACTA2","K712771",93,20,0.366052031079654,TRUE,1,TRUE
"CKAP4","K712771",93,58,0.163542077469572,TRUE,1,TRUE
"SULF1","K712771",93,14,0.366784240010535,TRUE,1,TRUE
"ZNF469","K712771",93,16,0.364087694126962,TRUE,1,TRUE
"P3H1","K712771",93,43,0.210402865534485,TRUE,1,TRUE
"MIR4435-2HG","K712771",93,42,0.342621702745994,TRUE,1,TRUE
"FAP","K712771",93,25,0.286741476169389,TRUE,1,TRUE
"TSHZ2","K712771",93,29,0.201057718343598,TRUE,1,TRUE
"COL11A1","K712771",93,11,0.35885607984039,TRUE,1,TRUE
"VKORC1","K712771",93,62,0.319521063550185,TRUE,1,TRUE
"SMOC2","K712771",93,47,0.213423074872573,TRUE,1,TRUE
"CHPF","K712771",93,34,0.377175990303021,TRUE,1,TRUE
"NBL1","K712771",93,66,0.142572425587206,TRUE,1,TRUE
"COL12A1","K712771",93,44,0.345334012052751,TRUE,1,TRUE
"FKBP10","K712771",93,44,0.263933621387927,TRUE,1,TRUE
"SULF2","K712771",93,35,0.295416062638425,TRUE,1,TRUE
"COL16A1","K712771",93,44,0.332351287574568,TRUE,1,TRUE
"MMP2","K712771",93,71,0.03565003334095,TRUE,1,TRUE
"SERF2","K712771",93,92,0.318775924323356,TRUE,1,TRUE
"MXRA5","K712771",93,51,0.286280156729316,TRUE,1,TRUE
"P4HA2","K712771",93,35,0.287410067904665,TRUE,1,TRUE
"NREP","K712771",93,37,0.290369741788989,TRUE,1,TRUE
"PYCR1","K712771",93,26,0.422339896741617,TRUE,1,TRUE
"EMILIN1","K712771",93,70,0.186817601148991,TRUE,1,TRUE
"MYL9","K712771",93,66,0.250702688604077,TRUE,1,TRUE
"RARRES2","K712771",93,77,0.128590435510569,TRUE,1,TRUE
"LINC00152","K712771",93,46,0.344627362497827,TRUE,1,TRUE
"P3H4","K712771",93,31,0.386326321277351,TRUE,1,TRUE
"PPIB","K712771",93,87,0.310968355924244,TRUE,1,TRUE
"VCAN","K712771",93,70,0.302522434437469,TRUE,1,TRUE
"CPXM1","K712771",93,57,0.266293096145119,TRUE,1,TRUE
"IGFBP4","K712771",93,83,0.0423629257374503,TRUE,1,TRUE
"ARMC9","K712771",93,28,0.223911776451597,TRUE,1,TRUE
"SERPINF1","K712771",93,83,-0.056553572755405,TRUE,1,FALSE
"COPZ2","K712771",93,60,0.409715193152532,TRUE,1,TRUE
"PPIC","K712771",93,59,0.325723413012304,TRUE,1,TRUE
"FOXP1","K712771",93,37,0.36138220065326,TRUE,1,TRUE
"OLFML2B","K712771",93,35,0.29903333220764,TRUE,1,TRUE
"LRRC15","K712771",93,42,0.369414279072235,TRUE,1,TRUE
"ASPN","K712771",93,30,0.403796371859732,TRUE,1,TRUE
"COL5A3","K712771",93,53,0.307541944703649,TRUE,1,TRUE
"SFRP4","K712771",93,28,0.497886100507898,TRUE,1,TRUE
"SEPT11","K712771",93,49,0.427643012939017,TRUE,1,TRUE
"BASP1","K712771",93,56,0.136331273967285,TRUE,1,TRUE
"NNMT","K712771",93,67,0.289273642724738,TRUE,1,TRUE
"MARCKS","K712771",93,71,0.199195593919393,TRUE,1,TRUE
"HSPG2","K712771",93,64,0.299912746066319,TRUE,1,TRUE
"TIMP1","K712771",93,87,0.206720314536137,TRUE,1,TRUE
"ARL4C","K712771",93,31,0.440510895549781,TRUE,1,TRUE
"AEBP1","K712771",93,83,0.579420316430113,TRUE,1,TRUE
"WISP2","K712771",93,44,0.457318084510706,TRUE,1,TRUE
"TAGLN","K712771",93,38,0.44417030920184,TRUE,1,TRUE
"BMP1","K712771",93,34,0.288894504789053,TRUE,1,TRUE
"COL8A1","K712771",93,28,0.486818287926909,TRUE,1,TRUE
"THBS2","K712771",93,55,0.357752733930371,TRUE,1,TRUE
"FBN1","K712771",93,75,0.129883041937737,TRUE,1,TRUE
"MRC2","K712771",93,72,0.456345686989009,TRUE,1,TRUE
"COL6A1","K712771",93,91,0.306146885155084,TRUE,1,TRUE
"CTHRC1","K712771",93,61,0.33823437585508,TRUE,1,TRUE
"PCOLCE","K712771",93,86,0.231957383286181,TRUE,1,TRUE
"COL14A1","K712771",93,62,0.425207045598119,TRUE,1,TRUE
"ADAMTS2","K712771",93,41,0.314349408517383,TRUE,1,TRUE
"COMP","K712771",93,44,0.513657295585804,TRUE,1,TRUE
"IGFBP7","K712771",93,85,0.0426189280510833,TRUE,1,TRUE
"COL6A3","K712771",93,87,0.338962819944297,TRUE,1,TRUE
"RCN3","K712771",93,66,0.467809162490423,TRUE,1,TRUE
"POSTN","K712771",93,60,0.380406207651308,TRUE,1,TRUE
"ADAM12","K712771",93,36,0.343699983018984,TRUE,1,TRUE
"COL6A2","K712771",93,92,0.340559816179762,TRUE,1,TRUE
"MDK","K712771",93,72,0.345204374948475,TRUE,1,TRUE
"CREB3L1","K712771",93,63,0.53195035189398,TRUE,1,TRUE
"CERCAM","K712771",93,52,0.441847176229722,TRUE,1,TRUE
"GXYLT2","K712771",93,49,0.407098728279339,TRUE,1,TRUE
"SERPINH1","K712771",93,76,0.511256835170807,TRUE,1,TRUE
"THY1","K712771",93,75,0.382131827484654,TRUE,1,TRUE
"FN1","K712771",93,57,0.427052804786342,TRUE,1,TRUE
"SFRP2","K712771",93,82,0.491779699063954,TRUE,1,TRUE
"COL5A2","K712771",93,86,0.440051943701964,TRUE,1,TRUE
"COL3A1","K712771",93,91,0.482186752811212,TRUE,1,TRUE
"COL5A1","K712771",93,78,0.624818210470118,TRUE,1,TRUE
"COL1A2","K712771",93,92,0.510996389245322,TRUE,1,TRUE
"SPARC","K712771",93,89,0.504569565925248,TRUE,1,TRUE
"COL1A1","K712771",93,93,0.553116886992331,TRUE,1,TRUE
"LAMC3","N176712",11,3,NA,FALSE,-1,NA
"SEMA3G","N176712",11,2,NA,FALSE,-1,NA
"IGFBP3","N176712",11,5,NA,FALSE,-1,NA
"ALX4","N176712",11,2,NA,FALSE,-1,NA
"COL23A1","N176712",11,5,NA,FALSE,-1,NA
"TFAP2A","N176712",11,2,NA,FALSE,-1,NA
"TCF4","N176712",11,10,NA,FALSE,-1,NA
"BMP7","N176712",11,1,NA,FALSE,-1,NA
"BMP4","N176712",11,6,NA,FALSE,-1,NA
"SLC5A3","N176712",11,2,NA,FALSE,-1,NA
"GADD45G","N176712",11,1,NA,FALSE,-1,NA
"SERPINE2","N176712",11,7,NA,FALSE,-1,NA
"INHBB","N176712",11,2,NA,FALSE,-1,NA
"PRLR","N176712",11,1,NA,FALSE,-1,NA
"TRPS1","N176712",11,6,NA,FALSE,-1,NA
"TIMP3","N176712",11,7,NA,FALSE,-1,NA
"PRDM1","N176712",11,2,NA,FALSE,-1,NA
"PTCH1","N176712",11,4,NA,FALSE,-1,NA
"APCDD1","N176712",11,8,NA,FALSE,-1,NA
"DAAM2","N176712",11,5,NA,FALSE,-1,NA
"INHBA","N176712",11,3,NA,FALSE,-1,NA
"BCL2","N176712",11,5,NA,FALSE,-1,NA
"CENPW","N176712",11,2,NA,FALSE,-1,NA
"CEBPA","N176712",11,2,NA,FALSE,-1,NA
"IGFBP2","N176712",11,2,NA,FALSE,-1,NA
"MRPS6","N176712",11,6,NA,FALSE,-1,NA
"CRABP1","N176712",11,2,NA,FALSE,-1,NA
"ROBO2","N176712",11,6,NA,FALSE,-1,NA
"DKK2","N176712",11,2,NA,FALSE,-1,NA
"PHLDA1","N176712",11,2,NA,FALSE,-1,NA
"DIO2","N176712",11,2,NA,FALSE,-1,NA
"MYLIP","N176712",11,5,NA,FALSE,-1,NA
"LUZP2","N176712",11,2,NA,FALSE,-1,NA
"ZDHHC14","N176712",11,1,NA,FALSE,-1,NA
"PGM2L1","N176712",11,1,NA,FALSE,-1,NA
"PREX2","N176712",11,7,NA,FALSE,-1,NA
"TNN","N176712",11,1,NA,FALSE,-1,NA
"F2R","N176712",11,6,NA,FALSE,-1,NA
"PLEKHH2","N176712",11,5,NA,FALSE,-1,NA
"HIST1H2BD","N176712",11,2,NA,FALSE,-1,NA
"TWIST1","N176712",11,5,NA,FALSE,-1,NA
"HIST2H2BE","N176712",11,2,NA,FALSE,-1,NA
"ITGA8","N176712",11,4,NA,FALSE,-1,NA
"CPE","N176712",11,4,NA,FALSE,-1,NA
"SOX18","N176712",11,1,NA,FALSE,-1,NA
"PTMA","N176712",11,10,NA,FALSE,1,NA
"RPL35A","N176712",11,11,NA,FALSE,1,NA
"RPL34","N176712",11,11,NA,FALSE,1,NA
"SLC35F1","N176712",11,7,NA,FALSE,1,NA
"H3F3B","N176712",11,10,NA,FALSE,1,NA
"RPL13","N176712",11,11,NA,FALSE,1,NA
"RPL11","N176712",11,11,NA,FALSE,1,NA
"RPS27A","N176712",11,11,NA,FALSE,1,NA
"RPS13","N176712",11,11,NA,FALSE,1,NA
"RPL26","N176712",11,11,NA,FALSE,1,NA
"RPL37A","N176712",11,11,NA,FALSE,1,NA
"RPL5","N176712",11,10,NA,FALSE,1,NA
"RPL13A","N176712",11,11,NA,FALSE,1,NA
"FAU","N176712",11,11,NA,FALSE,1,NA
"RPL19","N176712",11,11,NA,FALSE,1,NA
"RPL6","N176712",11,11,NA,FALSE,1,NA
"RPS14","N176712",11,11,NA,FALSE,1,NA
"RPL4","N176712",11,10,NA,FALSE,1,NA
"RPL30","N176712",11,11,NA,FALSE,1,NA
"RPS27","N176712",11,10,NA,FALSE,1,NA
"RPL24","N176712",11,11,NA,FALSE,1,NA
"GNB2L1","N176712",11,10,NA,FALSE,1,NA
"RPL12","N176712",11,11,NA,FALSE,1,NA
"RPS23","N176712",11,11,NA,FALSE,1,NA
"RPL38","N176712",11,10,NA,FALSE,1,NA
"RPS9","N176712",11,11,NA,FALSE,1,NA
"RPL37","N176712",11,11,NA,FALSE,1,NA
"RPL3","N176712",11,11,NA,FALSE,1,NA
"RPS6","N176712",11,11,NA,FALSE,1,NA
"RPL18","N176712",11,11,NA,FALSE,1,NA
"RPL9","N176712",11,10,NA,FALSE,1,NA
"RPS21","N176712",11,11,NA,FALSE,1,NA
"EEF1A1","N176712",11,11,NA,FALSE,1,NA
"RPL32","N176712",11,11,NA,FALSE,1,NA
"RPS4X","N176712",11,11,NA,FALSE,1,NA
"RPL23","N176712",11,10,NA,FALSE,1,NA
"RPL14","N176712",11,11,NA,FALSE,1,NA
"RPS3A","N176712",11,11,NA,FALSE,1,NA
"RPL21","N176712",11,11,NA,FALSE,1,NA
"RPL7","N176712",11,10,NA,FALSE,1,NA
"RPL22","N176712",11,8,NA,FALSE,1,NA
"RPS8","N176712",11,11,NA,FALSE,1,NA
"HSP90AB1","N176712",11,10,NA,FALSE,1,NA
"VIM","N176712",11,11,NA,FALSE,1,NA
"RPS16","N176712",11,11,NA,FALSE,1,NA
"NACA","N176712",11,10,NA,FALSE,1,NA
"RPS20","N176712",11,11,NA,FALSE,1,NA
"GLTSCR2","N176712",11,7,NA,FALSE,1,NA
"RPL36A","N176712",11,9,NA,FALSE,1,NA
"RPS3","N176712",11,11,NA,FALSE,1,NA
"JUNB","N176712",11,7,NA,FALSE,1,NA
"RPL23A","N176712",11,9,NA,FALSE,1,NA
"RPS5","N176712",11,11,NA,FALSE,1,NA
"BTF3","N176712",11,8,NA,FALSE,1,NA
"RPS17","N176712",11,10,NA,FALSE,1,NA
"RPL17-C18orf32","N176712",11,11,NA,FALSE,1,NA
"RPL10A","N176712",11,11,NA,FALSE,1,NA
"HNRNPA1","N176712",11,8,NA,FALSE,1,NA
"RPS25","N176712",11,11,NA,FALSE,1,NA
"LMO4","N176712",11,6,NA,FALSE,1,NA
"PFDN5","N176712",11,11,NA,FALSE,1,NA
"CIRBP","N176712",11,10,NA,FALSE,1,NA
"RPS15","N176712",11,11,NA,FALSE,1,NA
"RPL31","N176712",11,11,NA,FALSE,1,NA
"RPS7","N176712",11,10,NA,FALSE,1,NA
"ADIRF","N176712",11,11,NA,FALSE,1,NA
"RPS10","N176712",11,11,NA,FALSE,1,NA
"NUCKS1","N176712",11,10,NA,FALSE,1,NA
"RPS15A","N176712",11,11,NA,FALSE,1,NA
"FGFR1","N176712",11,7,NA,FALSE,1,NA
"CD81","N176712",11,11,NA,FALSE,1,NA
"EIF1","N176712",11,9,NA,FALSE,1,NA
"ZFP36L2","N176712",11,11,NA,FALSE,1,NA
"RPS24","N176712",11,11,NA,FALSE,1,NA
"RPL7A","N176712",11,11,NA,FALSE,1,NA
"RPS18","N176712",11,11,NA,FALSE,1,NA
"HMGB1","N176712",11,8,NA,FALSE,1,NA
"HIST1H4C","N176712",11,6,NA,FALSE,1,NA
"RPL35","N176712",11,11,NA,FALSE,1,NA
"SNHG8","N176712",11,2,NA,FALSE,1,NA
"RPS2","N176712",11,11,NA,FALSE,1,NA
"TMEM258","N176712",11,7,NA,FALSE,1,NA
"POLDIP2","N176712",11,1,NA,FALSE,1,NA
"PLXNA3","N176712",11,1,NA,FALSE,1,NA
"MRPS12","N176712",11,3,NA,FALSE,1,NA
"RAB24","N176712",11,0,NA,FALSE,1,NA
"MARVELD1","N176712",11,7,NA,FALSE,1,NA
"CMKLR1","N176712",11,1,NA,FALSE,1,NA
"PTPMT1","N176712",11,2,NA,FALSE,1,NA
"RNF11","N176712",11,0,NA,FALSE,1,NA
"C6orf1","N176712",11,1,NA,FALSE,1,NA
"SSNA1","N176712",11,3,NA,FALSE,1,NA
"PSMC4","N176712",11,2,NA,FALSE,1,NA
"NPC2","N176712",11,8,NA,FALSE,1,NA
"SAT2","N176712",11,1,NA,FALSE,1,NA
"NDUFB11","N176712",11,3,NA,FALSE,1,NA
"DCHS1","N176712",11,1,NA,FALSE,1,NA
"HAS2","N176712",11,3,NA,FALSE,1,NA
"NDUFA4","N176712",11,4,NA,FALSE,1,NA
"ACTN1","N176712",11,4,NA,FALSE,1,NA
"RAB1B","N176712",11,2,NA,FALSE,1,NA
"HIGD2A","N176712",11,4,NA,FALSE,1,NA
"TMEM160","N176712",11,2,NA,FALSE,1,NA
"ILVBL","N176712",11,2,NA,FALSE,1,NA
"TMEM9","N176712",11,4,NA,FALSE,1,NA
"PMP22","N176712",11,7,NA,FALSE,1,NA
"RIC8A","N176712",11,2,NA,FALSE,1,NA
"COX7B","N176712",11,2,NA,FALSE,1,NA
"YIPF3","N176712",11,4,NA,FALSE,1,NA
"TEN1","N176712",11,0,NA,FALSE,1,NA
"MRPS24","N176712",11,2,NA,FALSE,1,NA
"FASTK","N176712",11,1,NA,FALSE,1,NA
"FAM162A","N176712",11,0,NA,FALSE,1,NA
"TSR3","N176712",11,2,NA,FALSE,1,NA
"PRELP","N176712",11,3,NA,FALSE,1,NA
"GORASP2","N176712",11,3,NA,FALSE,1,NA
"ECH1","N176712",11,5,NA,FALSE,1,NA
"GSTO1","N176712",11,8,NA,FALSE,1,NA
"PRMT2","N176712",11,3,NA,FALSE,1,NA
"SUB1","N176712",11,3,NA,FALSE,1,NA
"HLA-A","N176712",11,10,NA,FALSE,1,NA
"ANXA2","N176712",11,11,NA,FALSE,1,NA
"CREB3","N176712",11,0,NA,FALSE,1,NA
"PLP2","N176712",11,4,NA,FALSE,1,NA
"ALDOA","N176712",11,7,NA,FALSE,1,NA
"CCDC92","N176712",11,1,NA,FALSE,1,NA
"IFITM1","N176712",11,2,NA,FALSE,1,NA
"SCAND1","N176712",11,5,NA,FALSE,1,NA
"RPS19BP1","N176712",11,1,NA,FALSE,1,NA
"CD68","N176712",11,2,NA,FALSE,1,NA
"NKIRAS2","N176712",11,0,NA,FALSE,1,NA
"NRP2","N176712",11,1,NA,FALSE,1,NA
"PLXNA2","N176712",11,2,NA,FALSE,1,NA
"C4orf3","N176712",11,8,NA,FALSE,1,NA
"RBCK1","N176712",11,3,NA,FALSE,1,NA
"PKM","N176712",11,7,NA,FALSE,1,NA
"MAGOHB","N176712",11,0,NA,FALSE,1,NA
"MAP2K2","N176712",11,1,NA,FALSE,1,NA
"ORMDL3","N176712",11,0,NA,FALSE,1,NA
"CDIPT","N176712",11,3,NA,FALSE,1,NA
"AGPAT1","N176712",11,1,NA,FALSE,1,NA
"CFL1","N176712",11,8,NA,FALSE,1,NA
"PACS2","N176712",11,1,NA,FALSE,1,NA
"GJA1","N176712",11,3,NA,FALSE,1,NA
"KDELR1","N176712",11,3,NA,FALSE,1,NA
"ZNF593","N176712",11,1,NA,FALSE,1,NA
"CORO1C","N176712",11,0,NA,FALSE,1,NA
"RTN4RL2","N176712",11,0,NA,FALSE,1,NA
"PSME2","N176712",11,0,NA,FALSE,1,NA
"AKR1B1","N176712",11,1,NA,FALSE,1,NA
"CYSTM1","N176712",11,2,NA,FALSE,1,NA
"SNX3","N176712",11,5,NA,FALSE,1,NA
"BCL7C","N176712",11,3,NA,FALSE,1,NA
"PODNL1","N176712",11,0,NA,FALSE,1,NA
"GALNT15","N176712",11,0,NA,FALSE,1,NA
"PPP1R14B","N176712",11,6,NA,FALSE,1,NA
"HOXB7","N176712",11,0,NA,FALSE,1,NA
"ADGRA2","N176712",11,6,NA,FALSE,1,NA
"NUCB2","N176712",11,1,NA,FALSE,1,NA
"ANXA5","N176712",11,5,NA,FALSE,1,NA
"ATP5J2","N176712",11,3,NA,FALSE,1,NA
"CAPNS1","N176712",11,3,NA,FALSE,1,NA
"ATP5G3","N176712",11,7,NA,FALSE,1,NA
"MBOAT7","N176712",11,1,NA,FALSE,1,NA
"WDR45","N176712",11,0,NA,FALSE,1,NA
"SLC35A4","N176712",11,0,NA,FALSE,1,NA
"CSF1","N176712",11,2,NA,FALSE,1,NA
"TES","N176712",11,1,NA,FALSE,1,NA
"C11orf98","N176712",11,0,NA,FALSE,1,NA
"MRPS11","N176712",11,2,NA,FALSE,1,NA
"PDIA6","N176712",11,3,NA,FALSE,1,NA
"NDUFS7","N176712",11,2,NA,FALSE,1,NA
"CMBL","N176712",11,0,NA,FALSE,1,NA
"POP7","N176712",11,1,NA,FALSE,1,NA
"POLE4","N176712",11,1,NA,FALSE,1,NA
"PREB","N176712",11,2,NA,FALSE,1,NA
"MPC2","N176712",11,1,NA,FALSE,1,NA
"MIEN1","N176712",11,1,NA,FALSE,1,NA
"CA12","N176712",11,1,NA,FALSE,1,NA
"PDGFD","N176712",11,2,NA,FALSE,1,NA
"COX14","N176712",11,3,NA,FALSE,1,NA
"MINOS1","N176712",11,8,NA,FALSE,1,NA
"NTMT1","N176712",11,2,NA,FALSE,1,NA
"MAPK6","N176712",11,2,NA,FALSE,1,NA
"FAM20A","N176712",11,1,NA,FALSE,1,NA
"GAPDH","N176712",11,10,NA,FALSE,1,NA
"GADD45GIP1","N176712",11,4,NA,FALSE,1,NA
"FIS1","N176712",11,4,NA,FALSE,1,NA
"ASNA1","N176712",11,3,NA,FALSE,1,NA
"MAPKAPK2","N176712",11,1,NA,FALSE,1,NA
"PCNXL3","N176712",11,1,NA,FALSE,1,NA
"KLF7","N176712",11,1,NA,FALSE,1,NA
"MEA1","N176712",11,2,NA,FALSE,1,NA
"TMEM98","N176712",11,3,NA,FALSE,1,NA
"DCTN1","N176712",11,3,NA,FALSE,1,NA
"APOL1","N176712",11,0,NA,FALSE,1,NA
"SMPD1","N176712",11,0,NA,FALSE,1,NA
"MRPL55","N176712",11,4,NA,FALSE,1,NA
"RPN1","N176712",11,3,NA,FALSE,1,NA
"FRZB","N176712",11,0,NA,FALSE,1,NA
"CLIP1","N176712",11,1,NA,FALSE,1,NA
"TMEM263","N176712",11,3,NA,FALSE,1,NA
"CYC1","N176712",11,4,NA,FALSE,1,NA
"DGCR6L","N176712",11,0,NA,FALSE,1,NA
"R3HDM4","N176712",11,0,NA,FALSE,1,NA
"LSM7","N176712",11,1,NA,FALSE,1,NA
"CARM1","N176712",11,1,NA,FALSE,1,NA
"KCTD12","N176712",11,1,NA,FALSE,1,NA
"SLC25A5","N176712",11,3,NA,FALSE,1,NA
"CHMP1A","N176712",11,0,NA,FALSE,1,NA
"ABHD17A","N176712",11,4,NA,FALSE,1,NA
"COX7A1","N176712",11,4,NA,FALSE,1,NA
"TIAM2","N176712",11,2,NA,FALSE,1,NA
"AURKAIP1","N176712",11,3,NA,FALSE,1,NA
"SLC31A1","N176712",11,2,NA,FALSE,1,NA
"ARFGAP3","N176712",11,1,NA,FALSE,1,NA
"NME3","N176712",11,6,NA,FALSE,1,NA
"MRPL41","N176712",11,4,NA,FALSE,1,NA
"UFC1","N176712",11,1,NA,FALSE,1,NA
"NDUFA2","N176712",11,3,NA,FALSE,1,NA
"FSCN1","N176712",11,3,NA,FALSE,1,NA
"DLG1","N176712",11,2,NA,FALSE,1,NA
"PCED1A","N176712",11,1,NA,FALSE,1,NA
"BLOC1S1","N176712",11,4,NA,FALSE,1,NA
"COL8A2","N176712",11,1,NA,FALSE,1,NA
"LZTS1","N176712",11,1,NA,FALSE,1,NA
"LSP1","N176712",11,2,NA,FALSE,1,NA
"KIF1C","N176712",11,2,NA,FALSE,1,NA
"CMTM3","N176712",11,4,NA,FALSE,1,NA
"WDR46","N176712",11,1,NA,FALSE,1,NA
"EFHD2","N176712",11,1,NA,FALSE,1,NA
"MGP","N176712",11,6,NA,FALSE,1,NA
"XPOT","N176712",11,0,NA,FALSE,1,NA
"PKIG","N176712",11,1,NA,FALSE,1,NA
"BCL3","N176712",11,2,NA,FALSE,1,NA
"ARHGDIA","N176712",11,3,NA,FALSE,1,NA
"ZNF428","N176712",11,5,NA,FALSE,1,NA
"LOXL2","N176712",11,2,NA,FALSE,1,NA
"UQCR10","N176712",11,4,NA,FALSE,1,NA
"RAB7B","N176712",11,1,NA,FALSE,1,NA
"RABAC1","N176712",11,9,NA,FALSE,1,NA
"DPM3","N176712",11,3,NA,FALSE,1,NA
"CSTB","N176712",11,5,NA,FALSE,1,NA
"TMUB1","N176712",11,2,NA,FALSE,1,NA
"PSMB9","N176712",11,1,NA,FALSE,1,NA
"AP1S1","N176712",11,0,NA,FALSE,1,NA
"MYL6","N176712",11,11,NA,FALSE,1,NA
"LIMK1","N176712",11,1,NA,FALSE,1,NA
"GBP2","N176712",11,1,NA,FALSE,1,NA
"AMPD2","N176712",11,0,NA,FALSE,1,NA
"BEST1","N176712",11,2,NA,FALSE,1,NA
"CUEDC2","N176712",11,2,NA,FALSE,1,NA
"ILF2","N176712",11,2,NA,FALSE,1,NA
"TUBA1B","N176712",11,3,NA,FALSE,1,NA
"SAC3D1","N176712",11,0,NA,FALSE,1,NA
"GDI2","N176712",11,2,NA,FALSE,1,NA
"DCTD","N176712",11,1,NA,FALSE,1,NA
"FAM127A","N176712",11,3,NA,FALSE,1,NA
"RPN2","N176712",11,1,NA,FALSE,1,NA
"ATP5E","N176712",11,7,NA,FALSE,1,NA
"CDC42EP1","N176712",11,3,NA,FALSE,1,NA
"PUF60","N176712",11,1,NA,FALSE,1,NA
"INPPL1","N176712",11,1,NA,FALSE,1,NA
"MYL6B","N176712",11,2,NA,FALSE,1,NA
"PKN1","N176712",11,2,NA,FALSE,1,NA
"LTBP2","N176712",11,0,NA,FALSE,1,NA
"COL15A1","N176712",11,7,NA,FALSE,1,NA
"NOP10","N176712",11,2,NA,FALSE,1,NA
"RAB11FIP5","N176712",11,0,NA,FALSE,1,NA
"OXLD1","N176712",11,1,NA,FALSE,1,NA
"DNM3OS","N176712",11,0,NA,FALSE,1,NA
"LRRC75A","N176712",11,1,NA,FALSE,1,NA
"XXYLT1","N176712",11,2,NA,FALSE,1,NA
"GCN1","N176712",11,0,NA,FALSE,1,NA
"FAAP100","N176712",11,1,NA,FALSE,1,NA
"PTGDS","N176712",11,5,NA,FALSE,1,NA
"CCL27","N176712",11,5,NA,FALSE,1,NA
"CAPG","N176712",11,0,NA,FALSE,1,NA
"MYC","N176712",11,3,NA,FALSE,1,NA
"MDFI","N176712",11,0,NA,FALSE,1,NA
"B4GALT7","N176712",11,1,NA,FALSE,1,NA
"PSMD8","N176712",11,4,NA,FALSE,1,NA
"IMP4","N176712",11,0,NA,FALSE,1,NA
"APRT","N176712",11,4,NA,FALSE,1,NA
"PTGES2","N176712",11,0,NA,FALSE,1,NA
"SLC35E1","N176712",11,0,NA,FALSE,1,NA
"ANO1","N176712",11,0,NA,FALSE,1,NA
"SEC61B","N176712",11,5,NA,FALSE,1,NA
"TTC3","N176712",11,4,NA,FALSE,1,NA
"POLR2G","N176712",11,4,NA,FALSE,1,NA
"TIMM13","N176712",11,1,NA,FALSE,1,NA
"TMED2","N176712",11,3,NA,FALSE,1,NA
"MMP14","N176712",11,3,NA,FALSE,1,NA
"UBA1","N176712",11,4,NA,FALSE,1,NA
"APLNR","N176712",11,1,NA,FALSE,1,NA
"DGKZ","N176712",11,1,NA,FALSE,1,NA
"ELN","N176712",11,4,NA,FALSE,1,NA
"PRELID1","N176712",11,2,NA,FALSE,1,NA
"SIRT2","N176712",11,1,NA,FALSE,1,NA
"IL32","N176712",11,1,NA,FALSE,1,NA
"CHRD","N176712",11,2,NA,FALSE,1,NA
"BAX","N176712",11,2,NA,FALSE,1,NA
"PLEKHO1","N176712",11,2,NA,FALSE,1,NA
"TSPAN4","N176712",11,4,NA,FALSE,1,NA
"TCEB2","N176712",11,8,NA,FALSE,1,NA
"ATP8B2","N176712",11,0,NA,FALSE,1,NA
"ATP6V0E1","N176712",11,8,NA,FALSE,1,NA
"SPOP","N176712",11,2,NA,FALSE,1,NA
"DUSP23","N176712",11,1,NA,FALSE,1,NA
"CCND2","N176712",11,2,NA,FALSE,1,NA
"SLC3A2","N176712",11,2,NA,FALSE,1,NA
"TMEM205","N176712",11,2,NA,FALSE,1,NA
"COMMD7","N176712",11,0,NA,FALSE,1,NA
"UBTD1","N176712",11,0,NA,FALSE,1,NA
"SPNS1","N176712",11,3,NA,FALSE,1,NA
"MRGPRF","N176712",11,4,NA,FALSE,1,NA
"PIGP","N176712",11,1,NA,FALSE,1,NA
"DDT","N176712",11,5,NA,FALSE,1,NA
"CPNE1","N176712",11,3,NA,FALSE,1,NA
"TSPAN9","N176712",11,1,NA,FALSE,1,NA
"NDUFA13","N176712",11,6,NA,FALSE,1,NA
"PTPN14","N176712",11,3,NA,FALSE,1,NA
"MXD4","N176712",11,3,NA,FALSE,1,NA
"PPP2R1A","N176712",11,2,NA,FALSE,1,NA
"ACAN","N176712",11,0,NA,FALSE,1,NA
"STARD10","N176712",11,1,NA,FALSE,1,NA
"TCEAL8","N176712",11,1,NA,FALSE,1,NA
"NUDT22","N176712",11,2,NA,FALSE,1,NA
"TACSTD2","N176712",11,1,NA,FALSE,1,NA
"CD248","N176712",11,8,NA,FALSE,1,NA
"GOLGA2","N176712",11,5,NA,FALSE,1,NA
"HSD3B7","N176712",11,1,NA,FALSE,1,NA
"TAX1BP3","N176712",11,2,NA,FALSE,1,NA
"GLRX","N176712",11,0,NA,FALSE,1,NA
"FAM96B","N176712",11,4,NA,FALSE,1,NA
"CYP1B1","N176712",11,0,NA,FALSE,1,NA
"LTBR","N176712",11,4,NA,FALSE,1,NA
"SERPINB6","N176712",11,2,NA,FALSE,1,NA
"MFSD12","N176712",11,0,NA,FALSE,1,NA
"FKBP1A","N176712",11,5,NA,FALSE,1,NA
"NCLN","N176712",11,0,NA,FALSE,1,NA
"NTM","N176712",11,2,NA,FALSE,1,NA
"FAM173A","N176712",11,2,NA,FALSE,1,NA
"TMEM141","N176712",11,1,NA,FALSE,1,NA
"RNF181","N176712",11,3,NA,FALSE,1,NA
"FBLN2","N176712",11,6,NA,FALSE,1,NA
"CTD-3214H19.16","N176712",11,5,NA,FALSE,1,NA
"ARHGAP22","N176712",11,1,NA,FALSE,1,NA
"MRPL3","N176712",11,1,NA,FALSE,1,NA
"YIPF5","N176712",11,1,NA,FALSE,1,NA
"APOBEC3C","N176712",11,2,NA,FALSE,1,NA
"PSMB3","N176712",11,4,NA,FALSE,1,NA
"C1orf54","N176712",11,1,NA,FALSE,1,NA
"FAM57A","N176712",11,0,NA,FALSE,1,NA
"NUDT2","N176712",11,0,NA,FALSE,1,NA
"AP2M1","N176712",11,8,NA,FALSE,1,NA
"MYO18A","N176712",11,1,NA,FALSE,1,NA
"TOMM5","N176712",11,0,NA,FALSE,1,NA
"C1orf216","N176712",11,1,NA,FALSE,1,NA
"ELOVL1","N176712",11,0,NA,FALSE,1,NA
"MMP24-AS1","N176712",11,1,NA,FALSE,1,NA
"CCDC85B","N176712",11,4,NA,FALSE,1,NA
"COX5A","N176712",11,1,NA,FALSE,1,NA
"GTF2H5","N176712",11,2,NA,FALSE,1,NA
"RALA","N176712",11,1,NA,FALSE,1,NA
"CTSD","N176712",11,8,NA,FALSE,1,NA
"FAM210B","N176712",11,0,NA,FALSE,1,NA
"YKT6","N176712",11,0,NA,FALSE,1,NA
"RP11-492E3.51","N176712",11,2,NA,FALSE,1,NA
"SEPW1","N176712",11,7,NA,FALSE,1,NA
"PTPRD","N176712",11,1,NA,FALSE,1,NA
"USP11","N176712",11,0,NA,FALSE,1,NA
"IFNGR2","N176712",11,1,NA,FALSE,1,NA
"SLC52A2","N176712",11,0,NA,FALSE,1,NA
"CFH","N176712",11,7,NA,FALSE,1,NA
"PRKAR2A","N176712",11,1,NA,FALSE,1,NA
"SNRPC","N176712",11,3,NA,FALSE,1,NA
"CHID1","N176712",11,3,NA,FALSE,1,NA
"MSC","N176712",11,0,NA,FALSE,1,NA
"DNLZ","N176712",11,2,NA,FALSE,1,NA
"REXO2","N176712",11,0,NA,FALSE,1,NA
"IFI35","N176712",11,2,NA,FALSE,1,NA
"RAB31","N176712",11,5,NA,FALSE,1,NA
"PRDX5","N176712",11,5,NA,FALSE,1,NA
"UFD1L","N176712",11,1,NA,FALSE,1,NA
"ICAM3","N176712",11,0,NA,FALSE,1,NA
"SNHG18","N176712",11,1,NA,FALSE,1,NA
"PSENEN","N176712",11,0,NA,FALSE,1,NA
"SEC31A","N176712",11,7,NA,FALSE,1,NA
"EPN1","N176712",11,1,NA,FALSE,1,NA
"SH3BGRL3","N176712",11,4,NA,FALSE,1,NA
"SAE1","N176712",11,2,NA,FALSE,1,NA
"HSPA12B","N176712",11,0,NA,FALSE,1,NA
"NAA38","N176712",11,2,NA,FALSE,1,NA
"CLEC2A","N176712",11,0,NA,FALSE,1,NA
"SEC23A","N176712",11,1,NA,FALSE,1,NA
"TENM4","N176712",11,1,NA,FALSE,1,NA
"CILP","N176712",11,0,NA,FALSE,1,NA
"CCL2","N176712",11,1,NA,FALSE,1,NA
"LAMTOR1","N176712",11,5,NA,FALSE,1,NA
"TP53TG1","N176712",11,0,NA,FALSE,1,NA
"SEPN1","N176712",11,2,NA,FALSE,1,NA
"BRE","N176712",11,3,NA,FALSE,1,NA
"SIGMAR1","N176712",11,2,NA,FALSE,1,NA
"DEF8","N176712",11,0,NA,FALSE,1,NA
"CXCL12","N176712",11,4,NA,FALSE,1,NA
"CCDC8","N176712",11,1,NA,FALSE,1,NA
"MRPL27","N176712",11,1,NA,FALSE,1,NA
"GSTK1","N176712",11,5,NA,FALSE,1,NA
"NFE2L1","N176712",11,2,NA,FALSE,1,NA
"PDIA4","N176712",11,3,NA,FALSE,1,NA
"CAP1","N176712",11,2,NA,FALSE,1,NA
"ABHD14A","N176712",11,1,NA,FALSE,1,NA
"PLGRKT","N176712",11,0,NA,FALSE,1,NA
"SERP1","N176712",11,2,NA,FALSE,1,NA
"FAAP20","N176712",11,4,NA,FALSE,1,NA
"PPP4C","N176712",11,1,NA,FALSE,1,NA
"NRN1","N176712",11,2,NA,FALSE,1,NA
"ITGB5","N176712",11,6,NA,FALSE,1,NA
"PDZD11","N176712",11,1,NA,FALSE,1,NA
"CLTB","N176712",11,6,NA,FALSE,1,NA
"TADA3","N176712",11,1,NA,FALSE,1,NA
"MZT2A","N176712",11,1,NA,FALSE,1,NA
"PTGIS","N176712",11,3,NA,FALSE,1,NA
"FGGY","N176712",11,1,NA,FALSE,1,NA
"HSPB6","N176712",11,1,NA,FALSE,1,NA
"C19orf70","N176712",11,4,NA,FALSE,1,NA
"PPP1CA","N176712",11,0,NA,FALSE,1,NA
"TMEM54","N176712",11,0,NA,FALSE,1,NA
"SSR2","N176712",11,6,NA,FALSE,1,NA
"SPHK1","N176712",11,0,NA,FALSE,1,NA
"LY6E","N176712",11,6,NA,FALSE,1,NA
"TMEM120B","N176712",11,1,NA,FALSE,1,NA
"PRSS23","N176712",11,3,NA,FALSE,1,NA
"DCN","N176712",11,9,NA,FALSE,1,NA
"C17orf89","N176712",11,0,NA,FALSE,1,NA
"GSDMD","N176712",11,1,NA,FALSE,1,NA
"NFATC2","N176712",11,1,NA,FALSE,1,NA
"PRKCSH","N176712",11,3,NA,FALSE,1,NA
"CENPP","N176712",11,1,NA,FALSE,1,NA
"FBXW5","N176712",11,1,NA,FALSE,1,NA
"DDRGK1","N176712",11,1,NA,FALSE,1,NA
"CTC-479C5.12","N176712",11,2,NA,FALSE,1,NA
"ANAPC11","N176712",11,5,NA,FALSE,1,NA
"MAN1B1","N176712",11,2,NA,FALSE,1,NA
"NDUFA6","N176712",11,6,NA,FALSE,1,NA
"GPX1","N176712",11,6,NA,FALSE,1,NA
"MICAL2","N176712",11,0,NA,FALSE,1,NA
"TAPBP","N176712",11,4,NA,FALSE,1,NA
"TMED9","N176712",11,5,NA,FALSE,1,NA
"MRPL36","N176712",11,2,NA,FALSE,1,NA
"FUCA2","N176712",11,2,NA,FALSE,1,NA
"TP53I13","N176712",11,2,NA,FALSE,1,NA
"IFI16","N176712",11,3,NA,FALSE,1,NA
"SEC61G","N176712",11,2,NA,FALSE,1,NA
"ARPC2","N176712",11,3,NA,FALSE,1,NA
"NCS1","N176712",11,0,NA,FALSE,1,NA
"GMPPB","N176712",11,1,NA,FALSE,1,NA
"TMEM45A","N176712",11,2,NA,FALSE,1,NA
"FAM109B","N176712",11,0,NA,FALSE,1,NA
"G6PC3","N176712",11,1,NA,FALSE,1,NA
"ARF5","N176712",11,3,NA,FALSE,1,NA
"MGAT1","N176712",11,3,NA,FALSE,1,NA
"ATP5G1","N176712",11,3,NA,FALSE,1,NA
"PPP1R9B","N176712",11,0,NA,FALSE,1,NA
"SH3GLB1","N176712",11,3,NA,FALSE,1,NA
"SHISA4","N176712",11,2,NA,FALSE,1,NA
"PALM","N176712",11,4,NA,FALSE,1,NA
"COLGALT1","N176712",11,1,NA,FALSE,1,NA
"IGF2","N176712",11,1,NA,FALSE,1,NA
"CLDN4","N176712",11,0,NA,FALSE,1,NA
"EIF5A","N176712",11,1,NA,FALSE,1,NA
"TGFB1I1","N176712",11,2,NA,FALSE,1,NA
"ORAI2","N176712",11,1,NA,FALSE,1,NA
"WIPI1","N176712",11,0,NA,FALSE,1,NA
"CLEC2B","N176712",11,5,NA,FALSE,1,NA
"SNRNP25","N176712",11,1,NA,FALSE,1,NA
"UQCR11","N176712",11,8,NA,FALSE,1,NA
"DDB2","N176712",11,1,NA,FALSE,1,NA
"GALNT5","N176712",11,0,NA,FALSE,1,NA
"NAGLU","N176712",11,2,NA,FALSE,1,NA
"UBXN6","N176712",11,4,NA,FALSE,1,NA
"SCP2","N176712",11,3,NA,FALSE,1,NA
"IKBIP","N176712",11,1,NA,FALSE,1,NA
"MAN1C1","N176712",11,2,NA,FALSE,1,NA
"COPS7A","N176712",11,0,NA,FALSE,1,NA
"WBP5","N176712",11,5,NA,FALSE,1,NA
"VAT1","N176712",11,2,NA,FALSE,1,NA
"PEA15","N176712",11,0,NA,FALSE,1,NA
"TXN2","N176712",11,2,NA,FALSE,1,NA
"ECM2","N176712",11,6,NA,FALSE,1,NA
"TBC1D1","N176712",11,1,NA,FALSE,1,NA
"NDUFB3","N176712",11,0,NA,FALSE,1,NA
"APOE","N176712",11,8,NA,FALSE,1,NA
"FAM129A","N176712",11,1,NA,FALSE,1,NA
"SLC39A7","N176712",11,2,NA,FALSE,1,NA
"KIAA2013","N176712",11,2,NA,FALSE,1,NA
"TNC","N176712",11,3,NA,FALSE,1,NA
"CLPP","N176712",11,1,NA,FALSE,1,NA
"HMOX2","N176712",11,1,NA,FALSE,1,NA
"MAST2","N176712",11,0,NA,FALSE,1,NA
"GPC1","N176712",11,1,NA,FALSE,1,NA
"PRADC1","N176712",11,0,NA,FALSE,1,NA
"KLHL22","N176712",11,2,NA,FALSE,1,NA
"ARAP1","N176712",11,3,NA,FALSE,1,NA
"GUK1","N176712",11,4,NA,FALSE,1,NA
"IGDCC4","N176712",11,1,NA,FALSE,1,NA
"CHD3","N176712",11,1,NA,FALSE,1,NA
"NDUFA3","N176712",11,4,NA,FALSE,1,NA
"PSMB8","N176712",11,3,NA,FALSE,1,NA
"KLHDC3","N176712",11,3,NA,FALSE,1,NA
"MIF","N176712",11,1,NA,FALSE,1,NA
"GOLGA3","N176712",11,1,NA,FALSE,1,NA
"ST6GALNAC6","N176712",11,2,NA,FALSE,1,NA
"THOC6","N176712",11,0,NA,FALSE,1,NA
"MRPL14","N176712",11,1,NA,FALSE,1,NA
"GTF3C1","N176712",11,2,NA,FALSE,1,NA
"GNG5","N176712",11,4,NA,FALSE,1,NA
"BAD","N176712",11,4,NA,FALSE,1,NA
"DPYSL3","N176712",11,6,NA,FALSE,1,NA
"TIMM8B","N176712",11,2,NA,FALSE,1,NA
"MYO1C","N176712",11,4,NA,FALSE,1,NA
"CRELD2","N176712",11,2,NA,FALSE,1,NA
"CALR","N176712",11,5,NA,FALSE,1,NA
"C11orf68","N176712",11,1,NA,FALSE,1,NA
"B2M","N176712",11,11,NA,FALSE,1,NA
"C19orf24","N176712",11,0,NA,FALSE,1,NA
"FAM102A","N176712",11,0,NA,FALSE,1,NA
"NUTF2","N176712",11,2,NA,FALSE,1,NA
"UROS","N176712",11,1,NA,FALSE,1,NA
"CALM3","N176712",11,3,NA,FALSE,1,NA
"PRICKLE1","N176712",11,0,NA,FALSE,1,NA
"TXNDC15","N176712",11,3,NA,FALSE,1,NA
"EFEMP1","N176712",11,3,NA,FALSE,1,NA
"CCDC124","N176712",11,0,NA,FALSE,1,NA
"NDUFB2","N176712",11,3,NA,FALSE,1,NA
"GRINA","N176712",11,4,NA,FALSE,1,NA
"FAM177A1","N176712",11,3,NA,FALSE,1,NA
"GIPC1","N176712",11,2,NA,FALSE,1,NA
"ZNF106","N176712",11,4,NA,FALSE,1,NA
"SLC12A4","N176712",11,1,NA,FALSE,1,NA
"SRPX2","N176712",11,1,NA,FALSE,1,NA
"ECHS1","N176712",11,4,NA,FALSE,1,NA
"ANXA1","N176712",11,5,NA,FALSE,1,NA
"FAM234A","N176712",11,0,NA,FALSE,1,NA
"TWF2","N176712",11,2,NA,FALSE,1,NA
"ITGA5","N176712",11,1,NA,FALSE,1,NA
"RARRES3","N176712",11,1,NA,FALSE,1,NA
"AKR1C3","N176712",11,3,NA,FALSE,1,NA
"TMEM208","N176712",11,1,NA,FALSE,1,NA
"BUD31","N176712",11,2,NA,FALSE,1,NA
"CCDC167","N176712",11,0,NA,FALSE,1,NA
"SCARF2","N176712",11,2,NA,FALSE,1,NA
"RNPEPL1","N176712",11,0,NA,FALSE,1,NA
"OLFM2","N176712",11,3,NA,FALSE,1,NA
"SPINT2","N176712",11,1,NA,FALSE,1,NA
"BRI3","N176712",11,3,NA,FALSE,1,NA
"RP11-196G11.1","N176712",11,0,NA,FALSE,1,NA
"KCNK6","N176712",11,0,NA,FALSE,1,NA
"LRPAP1","N176712",11,2,NA,FALSE,1,NA
"FBLIM1","N176712",11,1,NA,FALSE,1,NA
"ARSA","N176712",11,2,NA,FALSE,1,NA
"RNASEH2C","N176712",11,1,NA,FALSE,1,NA
"TXNL4A","N176712",11,1,NA,FALSE,1,NA
"GTF3C6","N176712",11,0,NA,FALSE,1,NA
"AKT1S1","N176712",11,0,NA,FALSE,1,NA
"SH3GL1","N176712",11,2,NA,FALSE,1,NA
"AP3D1","N176712",11,4,NA,FALSE,1,NA
"QSOX1","N176712",11,3,NA,FALSE,1,NA
"TXLNA","N176712",11,0,NA,FALSE,1,NA
"GPC6","N176712",11,0,NA,FALSE,1,NA
"LTBP3","N176712",11,7,NA,FALSE,1,NA
"FAM229B","N176712",11,1,NA,FALSE,1,NA
"C12orf75","N176712",11,0,NA,FALSE,1,NA
"SRM","N176712",11,2,NA,FALSE,1,NA
"PPDPF","N176712",11,7,NA,FALSE,1,NA
"PRKCDBP","N176712",11,2,NA,FALSE,1,NA
"GTF3A","N176712",11,3,NA,FALSE,1,NA
"JDP2","N176712",11,3,NA,FALSE,1,NA
"RP11-282O18.3","N176712",11,1,NA,FALSE,1,NA
"TRAPPC1","N176712",11,2,NA,FALSE,1,NA
"GSR","N176712",11,0,NA,FALSE,1,NA
"PDIA5","N176712",11,0,NA,FALSE,1,NA
"RHOC","N176712",11,6,NA,FALSE,1,NA
"UROD","N176712",11,3,NA,FALSE,1,NA
"IMPDH1","N176712",11,0,NA,FALSE,1,NA
"YIF1B","N176712",11,3,NA,FALSE,1,NA
"MED8","N176712",11,0,NA,FALSE,1,NA
"UQCC2","N176712",11,0,NA,FALSE,1,NA
"CD276","N176712",11,1,NA,FALSE,1,NA
"GLMP","N176712",11,1,NA,FALSE,1,NA
"BTN3A2","N176712",11,1,NA,FALSE,1,NA
"TANC2","N176712",11,1,NA,FALSE,1,NA
"ZNHIT1","N176712",11,2,NA,FALSE,1,NA
"EIF4G1","N176712",11,1,NA,FALSE,1,NA
"UQCRQ","N176712",11,7,NA,FALSE,1,NA
"GRIN2D","N176712",11,0,NA,FALSE,1,NA
"COPA","N176712",11,2,NA,FALSE,1,NA
"FMO1","N176712",11,1,NA,FALSE,1,NA
"CD63","N176712",11,10,NA,FALSE,1,NA
"ARPC4","N176712",11,3,NA,FALSE,1,NA
"ITGB1BP1","N176712",11,1,NA,FALSE,1,NA
"NDST1","N176712",11,2,NA,FALSE,1,NA
"CHPF2","N176712",11,0,NA,FALSE,1,NA
"GLT8D2","N176712",11,1,NA,FALSE,1,NA
"ATP6V0D1","N176712",11,1,NA,FALSE,1,NA
"SEMA3C","N176712",11,0,NA,FALSE,1,NA
"PLEKHA4","N176712",11,1,NA,FALSE,1,NA
"ARPC1A","N176712",11,1,NA,FALSE,1,NA
"A2M","N176712",11,1,NA,FALSE,1,NA
"CDK2AP1","N176712",11,0,NA,FALSE,1,NA
"MINOS1-NBL1","N176712",11,3,NA,FALSE,1,NA
"HAPLN3","N176712",11,0,NA,FALSE,1,NA
"TPM2","N176712",11,4,NA,FALSE,1,NA
"ZEB1","N176712",11,5,NA,FALSE,1,NA
"ERCC1","N176712",11,7,NA,FALSE,1,NA
"MEIS3","N176712",11,1,NA,FALSE,1,NA
"ACTB","N176712",11,10,NA,FALSE,1,NA
"MYLK","N176712",11,0,NA,FALSE,1,NA
"CD82","N176712",11,1,NA,FALSE,1,NA
"PLXNB2","N176712",11,2,NA,FALSE,1,NA
"PLOD2","N176712",11,0,NA,FALSE,1,NA
"LINC01615","N176712",11,0,NA,FALSE,1,NA
"MRPL17","N176712",11,1,NA,FALSE,1,NA
"SLC39A13","N176712",11,0,NA,FALSE,1,NA
"ARHGAP28","N176712",11,0,NA,FALSE,1,NA
"RAD51B","N176712",11,3,NA,FALSE,1,NA
"CTSC","N176712",11,2,NA,FALSE,1,NA
"NANS","N176712",11,0,NA,FALSE,1,NA
"GAA","N176712",11,1,NA,FALSE,1,NA
"TNFRSF1A","N176712",11,5,NA,FALSE,1,NA
"GALNT2","N176712",11,2,NA,FALSE,1,NA
"PLAUR","N176712",11,1,NA,FALSE,1,NA
"PAPSS2","N176712",11,0,NA,FALSE,1,NA
"DAPK3","N176712",11,1,NA,FALSE,1,NA
"GPI","N176712",11,2,NA,FALSE,1,NA
"AGTRAP","N176712",11,1,NA,FALSE,1,NA
"HOMER3","N176712",11,3,NA,FALSE,1,NA
"NAA10","N176712",11,1,NA,FALSE,1,NA
"COPZ1","N176712",11,1,NA,FALSE,1,NA
"NRBP1","N176712",11,4,NA,FALSE,1,NA
"NPTX2","N176712",11,2,NA,FALSE,1,NA
"CXXC5","N176712",11,2,NA,FALSE,1,NA
"TMEM147","N176712",11,0,NA,FALSE,1,NA
"CTTN","N176712",11,4,NA,FALSE,1,NA
"METRNL","N176712",11,2,NA,FALSE,1,NA
"XBP1","N176712",11,2,NA,FALSE,1,NA
"FUT11","N176712",11,0,NA,FALSE,1,NA
"DNPH1","N176712",11,2,NA,FALSE,1,NA
"MRPL52","N176712",11,0,NA,FALSE,1,NA
"ST3GAL2","N176712",11,2,NA,FALSE,1,NA
"FIBP","N176712",11,1,NA,FALSE,1,NA
"ETHE1","N176712",11,2,NA,FALSE,1,NA
"TMEM219","N176712",11,6,NA,FALSE,1,NA
"CDC42EP5","N176712",11,3,NA,FALSE,1,NA
"C7orf73","N176712",11,2,NA,FALSE,1,NA
"S100A13","N176712",11,5,NA,FALSE,1,NA
"ZYX","N176712",11,2,NA,FALSE,1,NA
"PDZRN4","N176712",11,1,NA,FALSE,1,NA
"MRPL12","N176712",11,1,NA,FALSE,1,NA
"MAP7D1","N176712",11,0,NA,FALSE,1,NA
"FHL3","N176712",11,0,NA,FALSE,1,NA
"PGLS","N176712",11,2,NA,FALSE,1,NA
"CAPZB","N176712",11,3,NA,FALSE,1,NA
"ERI3","N176712",11,1,NA,FALSE,1,NA
"PDE4DIP","N176712",11,0,NA,FALSE,1,NA
"GALNT10","N176712",11,0,NA,FALSE,1,NA
"B4GALT1","N176712",11,2,NA,FALSE,1,NA
"NME1","N176712",11,2,NA,FALSE,1,NA
"LMF2","N176712",11,2,NA,FALSE,1,NA
"DPM2","N176712",11,1,NA,FALSE,1,NA
"VTI1B","N176712",11,1,NA,FALSE,1,NA
"TRAPPC2L","N176712",11,2,NA,FALSE,1,NA
"THBS3","N176712",11,1,NA,FALSE,1,NA
"CNN2","N176712",11,4,NA,FALSE,1,NA
"DYNLT1","N176712",11,2,NA,FALSE,1,NA
"VGLL3","N176712",11,2,NA,FALSE,1,NA
"TRIOBP","N176712",11,2,NA,FALSE,1,NA
"THBS1","N176712",11,1,NA,FALSE,1,NA
"EPHB3","N176712",11,0,NA,FALSE,1,NA
"POMP","N176712",11,1,NA,FALSE,1,NA
"MFAP2","N176712",11,2,NA,FALSE,1,NA
"FAM195B","N176712",11,0,NA,FALSE,1,NA
"C11orf96","N176712",11,1,NA,FALSE,1,NA
"PXDN","N176712",11,1,NA,FALSE,1,NA
"COMMD5","N176712",11,1,NA,FALSE,1,NA
"P4HA3","N176712",11,0,NA,FALSE,1,NA
"VOPP1","N176712",11,0,NA,FALSE,1,NA
"ALDH1L2","N176712",11,1,NA,FALSE,1,NA
"TNFSF10","N176712",11,2,NA,FALSE,1,NA
"HEXA","N176712",11,2,NA,FALSE,1,NA
"SEMA3B","N176712",11,0,NA,FALSE,1,NA
"UBE2L6","N176712",11,3,NA,FALSE,1,NA
"SURF4","N176712",11,3,NA,FALSE,1,NA
"SPARCL1","N176712",11,4,NA,FALSE,1,NA
"LASP1","N176712",11,3,NA,FALSE,1,NA
"TP53I3","N176712",11,0,NA,FALSE,1,NA
"SRPRB","N176712",11,3,NA,FALSE,1,NA
"SHISA5","N176712",11,1,NA,FALSE,1,NA
"CTGF","N176712",11,2,NA,FALSE,1,NA
"AC024592.12","N176712",11,2,NA,FALSE,1,NA
"TENM3","N176712",11,0,NA,FALSE,1,NA
"TMEM261","N176712",11,1,NA,FALSE,1,NA
"JTB","N176712",11,5,NA,FALSE,1,NA
"NSMCE1","N176712",11,0,NA,FALSE,1,NA
"CCDC28B","N176712",11,0,NA,FALSE,1,NA
"GRN","N176712",11,4,NA,FALSE,1,NA
"FLNA","N176712",11,6,NA,FALSE,1,NA
"COPG1","N176712",11,2,NA,FALSE,1,NA
"EIF4E2","N176712",11,2,NA,FALSE,1,NA
"LAMB2","N176712",11,4,NA,FALSE,1,NA
"SHC1","N176712",11,1,NA,FALSE,1,NA
"LUM","N176712",11,6,NA,FALSE,1,NA
"ISLR","N176712",11,6,NA,FALSE,1,NA
"MYO1D","N176712",11,6,NA,FALSE,1,NA
"NEK6","N176712",11,2,NA,FALSE,1,NA
"PGM1","N176712",11,1,NA,FALSE,1,NA
"PFN1","N176712",11,8,NA,FALSE,1,NA
"TMEM176B","N176712",11,3,NA,FALSE,1,NA
"MLEC","N176712",11,0,NA,FALSE,1,NA
"HN1","N176712",11,0,NA,FALSE,1,NA
"EDIL3","N176712",11,2,NA,FALSE,1,NA
"SNF8","N176712",11,2,NA,FALSE,1,NA
"MPG","N176712",11,3,NA,FALSE,1,NA
"LINC01116","N176712",11,1,NA,FALSE,1,NA
"SWI5","N176712",11,0,NA,FALSE,1,NA
"NXN","N176712",11,4,NA,FALSE,1,NA
"PTN","N176712",11,6,NA,FALSE,1,NA
"KRT6A","N176712",11,1,NA,FALSE,1,NA
"TPM4","N176712",11,5,NA,FALSE,1,NA
"FAM89B","N176712",11,1,NA,FALSE,1,NA
"SMCO4","N176712",11,0,NA,FALSE,1,NA
"APBB2","N176712",11,3,NA,FALSE,1,NA
"A1BG","N176712",11,2,NA,FALSE,1,NA
"HES4","N176712",11,0,NA,FALSE,1,NA
"SSR4","N176712",11,7,NA,FALSE,1,NA
"VAMP5","N176712",11,2,NA,FALSE,1,NA
"KRT16","N176712",11,0,NA,FALSE,1,NA
"CTSZ","N176712",11,4,NA,FALSE,1,NA
"FIBIN","N176712",11,0,NA,FALSE,1,NA
"DNAJC1","N176712",11,1,NA,FALSE,1,NA
"ZFHX4","N176712",11,1,NA,FALSE,1,NA
"NEK10","N176712",11,1,NA,FALSE,1,NA
"SGCD","N176712",11,2,NA,FALSE,1,NA
"MSRB3","N176712",11,1,NA,FALSE,1,NA
"PGAM1","N176712",11,3,NA,FALSE,1,NA
"LRRC59","N176712",11,1,NA,FALSE,1,NA
"TAF10","N176712",11,1,NA,FALSE,1,NA
"GPAA1","N176712",11,1,NA,FALSE,1,NA
"DBN1","N176712",11,0,NA,FALSE,1,NA
"APOL2","N176712",11,0,NA,FALSE,1,NA
"MAP4","N176712",11,3,NA,FALSE,1,NA
"NDUFS8","N176712",11,3,NA,FALSE,1,NA
"CAMK1D","N176712",11,4,NA,FALSE,1,NA
"SH3PXD2A","N176712",11,5,NA,FALSE,1,NA
"LAMC1","N176712",11,2,NA,FALSE,1,NA
"MYH9","N176712",11,3,NA,FALSE,1,NA
"PLPP4","N176712",11,1,NA,FALSE,1,NA
"SEC24D","N176712",11,1,NA,FALSE,1,NA
"RPL22L1","N176712",11,2,NA,FALSE,1,NA
"EIF4EBP1","N176712",11,0,NA,FALSE,1,NA
"OSTC","N176712",11,1,NA,FALSE,1,NA
"ILK","N176712",11,2,NA,FALSE,1,NA
"COPE","N176712",11,4,NA,FALSE,1,NA
"AHR","N176712",11,3,NA,FALSE,1,NA
"FAM50A","N176712",11,0,NA,FALSE,1,NA
"RYR2","N176712",11,0,NA,FALSE,1,NA
"CNN3","N176712",11,0,NA,FALSE,1,NA
"NGFR","N176712",11,1,NA,FALSE,1,NA
"CCDC107","N176712",11,1,NA,FALSE,1,NA
"AQP1","N176712",11,2,NA,FALSE,1,NA
"CYR61","N176712",11,2,NA,FALSE,1,NA
"SMTN","N176712",11,0,NA,FALSE,1,NA
"DAP","N176712",11,1,NA,FALSE,1,NA
"PHLDA3","N176712",11,6,NA,FALSE,1,NA
"GARS","N176712",11,1,NA,FALSE,1,NA
"CGREF1","N176712",11,0,NA,FALSE,1,NA
"IDH2","N176712",11,1,NA,FALSE,1,NA
"ERLEC1","N176712",11,4,NA,FALSE,1,NA
"C9orf16","N176712",11,5,NA,FALSE,1,NA
"C1QTNF3","N176712",11,0,NA,FALSE,1,NA
"SDF4","N176712",11,2,NA,FALSE,1,NA
"ZCCHC24","N176712",11,1,NA,FALSE,1,NA
"GMPPA","N176712",11,0,NA,FALSE,1,NA
"ALDH18A1","N176712",11,0,NA,FALSE,1,NA
"CIB1","N176712",11,1,NA,FALSE,1,NA
"IGFBP6","N176712",11,3,NA,FALSE,1,NA
"SLC27A4","N176712",11,6,NA,FALSE,1,NA
"JOSD2","N176712",11,3,NA,FALSE,1,NA
"ENAH","N176712",11,2,NA,FALSE,1,NA
"CD99","N176712",11,11,NA,FALSE,1,NA
"UCHL1","N176712",11,1,NA,FALSE,1,NA
"CALU","N176712",11,2,NA,FALSE,1,NA
"TMEM176A","N176712",11,3,NA,FALSE,1,NA
"CKLF","N176712",11,1,NA,FALSE,1,NA
"CYBA","N176712",11,5,NA,FALSE,1,NA
"CSRP2","N176712",11,2,NA,FALSE,1,NA
"VEGFB","N176712",11,3,NA,FALSE,1,NA
"LAMTOR2","N176712",11,1,NA,FALSE,1,NA
"TUBA1C","N176712",11,2,NA,FALSE,1,NA
"KIAA1462","N176712",11,0,NA,FALSE,1,NA
"ACKR1","N176712",11,0,NA,FALSE,1,NA
"PACS1","N176712",11,0,NA,FALSE,1,NA
"RRBP1","N176712",11,7,NA,FALSE,1,NA
"FBLN7","N176712",11,2,NA,FALSE,1,NA
"RTEL1-TNFRSF6B","N176712",11,0,NA,FALSE,1,NA
"NUCB1","N176712",11,4,NA,FALSE,1,NA
"FKBP7","N176712",11,1,NA,FALSE,1,NA
"S100A7","N176712",11,0,NA,FALSE,1,NA
"COTL1","N176712",11,0,NA,FALSE,1,NA
"HLA-DRB1","N176712",11,0,NA,FALSE,1,NA
"SIL1","N176712",11,3,NA,FALSE,1,NA
"SSR3","N176712",11,4,NA,FALSE,1,NA
"IL1R1","N176712",11,0,NA,FALSE,1,NA
"S100A16","N176712",11,3,NA,FALSE,1,NA
"LMCD1","N176712",11,0,NA,FALSE,1,NA
"KHDRBS3","N176712",11,1,NA,FALSE,1,NA
"GALNS","N176712",11,0,NA,FALSE,1,NA
"ADAMTS12","N176712",11,0,NA,FALSE,1,NA
"SAR1A","N176712",11,0,NA,FALSE,1,NA
"ARF4","N176712",11,2,NA,FALSE,1,NA
"TMSB4X","N176712",11,9,NA,FALSE,1,NA
"YIF1A","N176712",11,0,NA,FALSE,1,NA
"ARFGAP1","N176712",11,1,NA,FALSE,1,NA
"GPR78","N176712",11,0,NA,FALSE,1,NA
"ITGBL1","N176712",11,4,NA,FALSE,1,NA
"XG","N176712",11,1,NA,FALSE,1,NA
"CDKN2A","N176712",11,1,NA,FALSE,1,NA
"LAMA4","N176712",11,5,NA,FALSE,1,NA
"LGMN","N176712",11,3,NA,FALSE,1,NA
"CTSA","N176712",11,1,NA,FALSE,1,NA
"SCO2","N176712",11,0,NA,FALSE,1,NA
"CCL14","N176712",11,0,NA,FALSE,1,NA
"SEC61A1","N176712",11,6,NA,FALSE,1,NA
"FMOD","N176712",11,3,NA,FALSE,1,NA
"AKR1A1","N176712",11,3,NA,FALSE,1,NA
"IFI6","N176712",11,4,NA,FALSE,1,NA
"ANXA6","N176712",11,7,NA,FALSE,1,NA
"C7orf50","N176712",11,1,NA,FALSE,1,NA
"IFITM3","N176712",11,9,NA,FALSE,1,NA
"FTL","N176712",11,11,NA,FALSE,1,NA
"FARP1","N176712",11,1,NA,FALSE,1,NA
"HMCN1","N176712",11,3,NA,FALSE,1,NA
"PARVB","N176712",11,0,NA,FALSE,1,NA
"RP11-25H12.1","N176712",11,6,NA,FALSE,1,NA
"SRA1","N176712",11,1,NA,FALSE,1,NA
"LOX","N176712",11,3,NA,FALSE,1,NA
"TUBB2A","N176712",11,2,NA,FALSE,1,NA
"PLTP","N176712",11,4,NA,FALSE,1,NA
"RP11-417E7.2","N176712",11,0,NA,FALSE,1,NA
"C1S","N176712",11,7,NA,FALSE,1,NA
"LGALS1","N176712",11,10,NA,FALSE,1,NA
"TGFB3","N176712",11,3,NA,FALSE,1,NA
"CRABP2","N176712",11,5,NA,FALSE,1,NA
"NID2","N176712",11,2,NA,FALSE,1,NA
"C4orf48","N176712",11,2,NA,FALSE,1,NA
"HTRA1","N176712",11,7,NA,FALSE,1,NA
"FLNC","N176712",11,0,NA,FALSE,1,NA
"MXRA7","N176712",11,4,NA,FALSE,1,NA
"CLEC11A","N176712",11,8,NA,FALSE,1,NA
"IFT20","N176712",11,0,NA,FALSE,1,NA
"ROR2","N176712",11,4,NA,FALSE,1,NA
"NME1-NME2","N176712",11,8,NA,FALSE,1,NA
"TNFAIP6","N176712",11,3,NA,FALSE,1,NA
"RP11-14N7.2","N176712",11,0,NA,FALSE,1,NA
"S100A9","N176712",11,0,NA,FALSE,1,NA
"SNX8","N176712",11,0,NA,FALSE,1,NA
"ECM1","N176712",11,4,NA,FALSE,1,NA
"GPX7","N176712",11,0,NA,FALSE,1,NA
"HIC1","N176712",11,1,NA,FALSE,1,NA
"EPHB2","N176712",11,0,NA,FALSE,1,NA
"GLIPR2","N176712",11,0,NA,FALSE,1,NA
"EVL","N176712",11,3,NA,FALSE,1,NA
"PRAF2","N176712",11,1,NA,FALSE,1,NA
"TMEM214","N176712",11,0,NA,FALSE,1,NA
"CYB561","N176712",11,0,NA,FALSE,1,NA
"MAGED1","N176712",11,4,NA,FALSE,1,NA
"HM13","N176712",11,3,NA,FALSE,1,NA
"FNDC1","N176712",11,0,NA,FALSE,1,NA
"C11orf24","N176712",11,2,NA,FALSE,1,NA
"HTRA3","N176712",11,2,NA,FALSE,1,NA
"NT5DC2","N176712",11,0,NA,FALSE,1,NA
"PLAU","N176712",11,0,NA,FALSE,1,NA
"NAGK","N176712",11,1,NA,FALSE,1,NA
"SPATS2L","N176712",11,7,NA,FALSE,1,NA
"FKBP9","N176712",11,5,NA,FALSE,1,NA
"PLOD1","N176712",11,5,NA,FALSE,1,NA
"SEMA6B","N176712",11,0,NA,FALSE,1,NA
"TXNDC5","N176712",11,0,NA,FALSE,1,NA
"P4HB","N176712",11,3,NA,FALSE,1,NA
"CUEDC1","N176712",11,3,NA,FALSE,1,NA
"SLC38A10","N176712",11,6,NA,FALSE,1,NA
"POLD4","N176712",11,1,NA,FALSE,1,NA
"CISD1","N176712",11,0,NA,FALSE,1,NA
"TTYH3","N176712",11,2,NA,FALSE,1,NA
"DAB2","N176712",11,3,NA,FALSE,1,NA
"OLFML3","N176712",11,4,NA,FALSE,1,NA
"RPS26","N176712",11,11,NA,FALSE,1,NA
"HDLBP","N176712",11,4,NA,FALSE,1,NA
"KDELR2","N176712",11,3,NA,FALSE,1,NA
"PLIN3","N176712",11,0,NA,FALSE,1,NA
"METRN","N176712",11,1,NA,FALSE,1,NA
"IFI27","N176712",11,3,NA,FALSE,1,NA
"BACE2","N176712",11,3,NA,FALSE,1,NA
"ANGPTL2","N176712",11,3,NA,FALSE,1,NA
"TMED3","N176712",11,2,NA,FALSE,1,NA
"TGFBI","N176712",11,3,NA,FALSE,1,NA
"ABI3BP","N176712",11,3,NA,FALSE,1,NA
"SORCS2","N176712",11,0,NA,FALSE,1,NA
"TPM1","N176712",11,1,NA,FALSE,1,NA
"HMCN2","N176712",11,0,NA,FALSE,1,NA
"MYOF","N176712",11,2,NA,FALSE,1,NA
"AP2S1","N176712",11,1,NA,FALSE,1,NA
"PDGFRL","N176712",11,2,NA,FALSE,1,NA
"SEC13","N176712",11,1,NA,FALSE,1,NA
"RUNX1","N176712",11,1,NA,FALSE,1,NA
"PLXDC2","N176712",11,5,NA,FALSE,1,NA
"LRP1","N176712",11,5,NA,FALSE,1,NA
"BGN","N176712",11,4,NA,FALSE,1,NA
"ADAMTS14","N176712",11,0,NA,FALSE,1,NA
"FKBP14","N176712",11,3,NA,FALSE,1,NA
"ATOX1","N176712",11,0,NA,FALSE,1,NA
"NME4","N176712",11,4,NA,FALSE,1,NA
"ISOC2","N176712",11,1,NA,FALSE,1,NA
"CD151","N176712",11,2,NA,FALSE,1,NA
"CTSB","N176712",11,3,NA,FALSE,1,NA
"MVP","N176712",11,3,NA,FALSE,1,NA
"MAP4K4","N176712",11,4,NA,FALSE,1,NA
"C1R","N176712",11,8,NA,FALSE,1,NA
"FAM20C","N176712",11,2,NA,FALSE,1,NA
"GPX8","N176712",11,0,NA,FALSE,1,NA
"OST4","N176712",11,6,NA,FALSE,1,NA
"RCN1","N176712",11,3,NA,FALSE,1,NA
"INAFM1","N176712",11,2,NA,FALSE,1,NA
"PRDX4","N176712",11,3,NA,FALSE,1,NA
"AC005943.2","N176712",11,2,NA,FALSE,1,NA
"S100A8","N176712",11,1,NA,FALSE,1,NA
"FBLN1","N176712",11,6,NA,FALSE,1,NA
"TMEM119","N176712",11,2,NA,FALSE,1,NA
"MIR99AHG","N176712",11,5,NA,FALSE,1,NA
"EHD2","N176712",11,2,NA,FALSE,1,NA
"LRRC32","N176712",11,0,NA,FALSE,1,NA
"ISG15","N176712",11,2,NA,FALSE,1,NA
"CADM1","N176712",11,3,NA,FALSE,1,NA
"FAM114A1","N176712",11,2,NA,FALSE,1,NA
"PDXK","N176712",11,4,NA,FALSE,1,NA
"CTSK","N176712",11,7,NA,FALSE,1,NA
"PHPT1","N176712",11,3,NA,FALSE,1,NA
"KDELR3","N176712",11,0,NA,FALSE,1,NA
"SSC5D","N176712",11,1,NA,FALSE,1,NA
"ARHGAP1","N176712",11,3,NA,FALSE,1,NA
"HEG1","N176712",11,3,NA,FALSE,1,NA
"TNFRSF12A","N176712",11,0,NA,FALSE,1,NA
"DPT","N176712",11,6,NA,FALSE,1,NA
"ITGA11","N176712",11,1,NA,FALSE,1,NA
"PIEZO2","N176712",11,0,NA,FALSE,1,NA
"B4GALT2","N176712",11,0,NA,FALSE,1,NA
"TYMP","N176712",11,3,NA,FALSE,1,NA
"CD74","N176712",11,2,NA,FALSE,1,NA
"HLA-DRA","N176712",11,2,NA,FALSE,1,NA
"EFEMP2","N176712",11,2,NA,FALSE,1,NA
"PALLD","N176712",11,4,NA,FALSE,1,NA
"CST3","N176712",11,11,NA,FALSE,1,NA
"C1orf122","N176712",11,1,NA,FALSE,1,NA
"GAS6","N176712",11,3,NA,FALSE,1,NA
"ZMAT3","N176712",11,0,NA,FALSE,1,NA
"LIMA1","N176712",11,2,NA,FALSE,1,NA
"PDLIM7","N176712",11,0,NA,FALSE,1,NA
"PDLIM2","N176712",11,0,NA,FALSE,1,NA
"MYDGF","N176712",11,5,NA,FALSE,1,NA
"CILP2","N176712",11,0,NA,FALSE,1,NA
"GUCY1A3","N176712",11,0,NA,FALSE,1,NA
"BNC2","N176712",11,3,NA,FALSE,1,NA
"COL18A1","N176712",11,6,NA,FALSE,1,NA
"LGALS3BP","N176712",11,1,NA,FALSE,1,NA
"TMSB10","N176712",11,11,NA,FALSE,1,NA
"S100A11","N176712",11,7,NA,FALSE,1,NA
"C1QTNF5","N176712",11,1,NA,FALSE,1,NA
"FSTL1","N176712",11,5,NA,FALSE,1,NA
"OGN","N176712",11,0,NA,FALSE,1,NA
"THBS4","N176712",11,0,NA,FALSE,1,NA
"GOLM1","N176712",11,0,NA,FALSE,1,NA
"P3H3","N176712",11,2,NA,FALSE,1,NA
"HCFC1R1","N176712",11,4,NA,FALSE,1,NA
"ARPC1B","N176712",11,2,NA,FALSE,1,NA
"FKBP11","N176712",11,0,NA,FALSE,1,NA
"CCDC80","N176712",11,8,NA,FALSE,1,NA
"AK1","N176712",11,0,NA,FALSE,1,NA
"C1QTNF6","N176712",11,0,NA,FALSE,1,NA
"PODN","N176712",11,2,NA,FALSE,1,NA
"ACTA2","N176712",11,1,NA,FALSE,1,NA
"CKAP4","N176712",11,2,NA,FALSE,1,NA
"SULF1","N176712",11,0,NA,FALSE,1,NA
"ZNF469","N176712",11,0,NA,FALSE,1,NA
"P3H1","N176712",11,1,NA,FALSE,1,NA
"MIR4435-2HG","N176712",11,1,NA,FALSE,1,NA
"FAP","N176712",11,3,NA,FALSE,1,NA
"TSHZ2","N176712",11,3,NA,FALSE,1,NA
"COL11A1","N176712",11,0,NA,FALSE,1,NA
"VKORC1","N176712",11,4,NA,FALSE,1,NA
"SMOC2","N176712",11,1,NA,FALSE,1,NA
"CHPF","N176712",11,2,NA,FALSE,1,NA
"NBL1","N176712",11,10,NA,FALSE,1,NA
"COL12A1","N176712",11,4,NA,FALSE,1,NA
"FKBP10","N176712",11,5,NA,FALSE,1,NA
"SULF2","N176712",11,3,NA,FALSE,1,NA
"COL16A1","N176712",11,5,NA,FALSE,1,NA
"MMP2","N176712",11,8,NA,FALSE,1,NA
"SERF2","N176712",11,11,NA,FALSE,1,NA
"MXRA5","N176712",11,4,NA,FALSE,1,NA
"P4HA2","N176712",11,2,NA,FALSE,1,NA
"NREP","N176712",11,1,NA,FALSE,1,NA
"PYCR1","N176712",11,1,NA,FALSE,1,NA
"EMILIN1","N176712",11,5,NA,FALSE,1,NA
"MYL9","N176712",11,2,NA,FALSE,1,NA
"RARRES2","N176712",11,7,NA,FALSE,1,NA
"LINC00152","N176712",11,0,NA,FALSE,1,NA
"P3H4","N176712",11,1,NA,FALSE,1,NA
"PPIB","N176712",11,10,NA,FALSE,1,NA
"VCAN","N176712",11,7,NA,FALSE,1,NA
"CPXM1","N176712",11,2,NA,FALSE,1,NA
"IGFBP4","N176712",11,8,NA,FALSE,1,NA
"ARMC9","N176712",11,0,NA,FALSE,1,NA
"SERPINF1","N176712",11,8,NA,FALSE,1,NA
"COPZ2","N176712",11,3,NA,FALSE,1,NA
"PPIC","N176712",11,3,NA,FALSE,1,NA
"FOXP1","N176712",11,3,NA,FALSE,1,NA
"OLFML2B","N176712",11,3,NA,FALSE,1,NA
"LRRC15","N176712",11,0,NA,FALSE,1,NA
"ASPN","N176712",11,0,NA,FALSE,1,NA
"COL5A3","N176712",11,2,NA,FALSE,1,NA
"SFRP4","N176712",11,0,NA,FALSE,1,NA
"SEPT11","N176712",11,4,NA,FALSE,1,NA
"BASP1","N176712",11,2,NA,FALSE,1,NA
"NNMT","N176712",11,3,NA,FALSE,1,NA
"MARCKS","N176712",11,6,NA,FALSE,1,NA
"HSPG2","N176712",11,6,NA,FALSE,1,NA
"TIMP1","N176712",11,6,NA,FALSE,1,NA
"ARL4C","N176712",11,0,NA,FALSE,1,NA
"AEBP1","N176712",11,9,NA,FALSE,1,NA
"WISP2","N176712",11,0,NA,FALSE,1,NA
"TAGLN","N176712",11,0,NA,FALSE,1,NA
"BMP1","N176712",11,0,NA,FALSE,1,NA
"COL8A1","N176712",11,0,NA,FALSE,1,NA
"THBS2","N176712",11,3,NA,FALSE,1,NA
"FBN1","N176712",11,5,NA,FALSE,1,NA
"MRC2","N176712",11,6,NA,FALSE,1,NA
"COL6A1","N176712",11,9,NA,FALSE,1,NA
"CTHRC1","N176712",11,1,NA,FALSE,1,NA
"PCOLCE","N176712",11,8,NA,FALSE,1,NA
"COL14A1","N176712",11,1,NA,FALSE,1,NA
"ADAMTS2","N176712",11,2,NA,FALSE,1,NA
"COMP","N176712",11,0,NA,FALSE,1,NA
"IGFBP7","N176712",11,7,NA,FALSE,1,NA
"COL6A3","N176712",11,8,NA,FALSE,1,NA
"RCN3","N176712",11,7,NA,FALSE,1,NA
"POSTN","N176712",11,1,NA,FALSE,1,NA
"ADAM12","N176712",11,0,NA,FALSE,1,NA
"COL6A2","N176712",11,11,NA,FALSE,1,NA
"MDK","N176712",11,1,NA,FALSE,1,NA
"CREB3L1","N176712",11,2,NA,FALSE,1,NA
"CERCAM","N176712",11,2,NA,FALSE,1,NA
"GXYLT2","N176712",11,3,NA,FALSE,1,NA
"SERPINH1","N176712",11,5,NA,FALSE,1,NA
"THY1","N176712",11,3,NA,FALSE,1,NA
"FN1","N176712",11,3,NA,FALSE,1,NA
"SFRP2","N176712",11,4,NA,FALSE,1,NA
"COL5A2","N176712",11,6,NA,FALSE,1,NA
"COL3A1","N176712",11,10,NA,FALSE,1,NA
"COL5A1","N176712",11,7,NA,FALSE,1,NA
"COL1A2","N176712",11,10,NA,FALSE,1,NA
"SPARC","N176712",11,9,NA,FALSE,1,NA
"COL1A1","N176712",11,8,NA,FALSE,1,NA
"LAMC3","N177536",43,14,-0.365590582462758,TRUE,-1,TRUE
"SEMA3G","N177536",43,12,-0.522415985544048,TRUE,-1,TRUE
"IGFBP3","N177536",43,21,-0.622630371291335,TRUE,-1,TRUE
"ALX4","N177536",43,13,-0.195552470009682,TRUE,-1,TRUE
"COL23A1","N177536",43,13,-0.44052722697668,TRUE,-1,TRUE
"TFAP2A","N177536",43,12,-0.618459567681715,TRUE,-1,TRUE
"TCF4","N177536",43,40,-0.342093343276539,TRUE,-1,TRUE
"BMP7","N177536",43,13,-0.597619496233864,TRUE,-1,TRUE
"BMP4","N177536",43,19,-0.272111104328582,TRUE,-1,TRUE
"SLC5A3","N177536",43,6,0.0518810223531051,TRUE,-1,FALSE
"GADD45G","N177536",43,9,-0.161690806922082,TRUE,-1,TRUE
"SERPINE2","N177536",43,14,-0.525355117755263,TRUE,-1,TRUE
"INHBB","N177536",43,5,-0.256599003402328,TRUE,-1,TRUE
"PRLR","N177536",43,2,NA,FALSE,-1,NA
"TRPS1","N177536",43,17,-0.437710560383525,TRUE,-1,TRUE
"TIMP3","N177536",43,30,-0.228930507363121,TRUE,-1,TRUE
"PRDM1","N177536",43,7,-0.403661704347393,TRUE,-1,TRUE
"PTCH1","N177536",43,13,-0.354409820943913,TRUE,-1,TRUE
"APCDD1","N177536",43,20,-0.414599928712308,TRUE,-1,TRUE
"DAAM2","N177536",43,13,-0.214132277136493,TRUE,-1,TRUE
"INHBA","N177536",43,14,-0.712684022360436,TRUE,-1,TRUE
"BCL2","N177536",43,13,-0.221006805773413,TRUE,-1,TRUE
"CENPW","N177536",43,9,-0.611622284095939,TRUE,-1,TRUE
"CEBPA","N177536",43,4,NA,FALSE,-1,NA
"IGFBP2","N177536",43,6,-0.165919018346645,TRUE,-1,TRUE
"MRPS6","N177536",43,18,-0.427354659912618,TRUE,-1,TRUE
"CRABP1","N177536",43,8,-0.602145441521476,TRUE,-1,TRUE
"ROBO2","N177536",43,14,-0.211991761358613,TRUE,-1,TRUE
"DKK2","N177536",43,8,-0.138135322934923,TRUE,-1,TRUE
"PHLDA1","N177536",43,12,0.0189032100032386,TRUE,-1,FALSE
"DIO2","N177536",43,4,NA,FALSE,-1,NA
"MYLIP","N177536",43,14,-0.0594810074641789,TRUE,-1,TRUE
"LUZP2","N177536",43,9,-0.625105365172174,TRUE,-1,TRUE
"ZDHHC14","N177536",43,7,-0.00387571610225893,TRUE,-1,TRUE
"PGM2L1","N177536",43,7,-0.564914983389863,TRUE,-1,TRUE
"PREX2","N177536",43,5,-0.275450621516981,TRUE,-1,TRUE
"TNN","N177536",43,5,-0.246020397553818,TRUE,-1,TRUE
"F2R","N177536",43,15,-0.598764693894821,TRUE,-1,TRUE
"PLEKHH2","N177536",43,9,-0.0152879029525803,TRUE,-1,TRUE
"HIST1H2BD","N177536",43,1,NA,FALSE,-1,NA
"TWIST1","N177536",43,17,-0.0526929265577978,TRUE,-1,TRUE
"HIST2H2BE","N177536",43,2,NA,FALSE,-1,NA
"ITGA8","N177536",43,7,-0.0595450928437963,TRUE,-1,TRUE
"CPE","N177536",43,15,-0.1980502069907,TRUE,-1,TRUE
"SOX18","N177536",43,6,-0.393995010333726,TRUE,-1,TRUE
"PTMA","N177536",43,42,-0.726668680157052,TRUE,1,FALSE
"RPL35A","N177536",43,37,-0.192794936832445,TRUE,1,FALSE
"RPL34","N177536",43,41,-0.56140748331626,TRUE,1,FALSE
"SLC35F1","N177536",43,30,-0.155580866542429,TRUE,1,FALSE
"H3F3B","N177536",43,39,-0.344361381157124,TRUE,1,FALSE
"RPL13","N177536",43,42,-0.551797040169133,TRUE,1,FALSE
"RPL11","N177536",43,43,-0.41135608577469,TRUE,1,FALSE
"RPS27A","N177536",43,36,-0.488197221583105,TRUE,1,FALSE
"RPS13","N177536",43,40,-0.387856823635387,TRUE,1,FALSE
"RPL26","N177536",43,40,-0.412928565350136,TRUE,1,FALSE
"RPL37A","N177536",43,43,-0.568408335850196,TRUE,1,FALSE
"RPL5","N177536",43,41,-0.134556575019445,TRUE,1,FALSE
"RPL13A","N177536",43,41,-0.329746668411851,TRUE,1,FALSE
"FAU","N177536",43,39,-0.391192716168622,TRUE,1,FALSE
"RPL19","N177536",43,42,-0.665961945031712,TRUE,1,FALSE
"RPL6","N177536",43,39,-0.346098672617228,TRUE,1,FALSE
"RPS14","N177536",43,43,-0.512533977650257,TRUE,1,FALSE
"RPL4","N177536",43,37,-0.499622419452489,TRUE,1,FALSE
"RPL30","N177536",43,41,-0.333824140382137,TRUE,1,FALSE
"RPS27","N177536",43,41,-0.442330200035865,TRUE,1,FALSE
"RPL24","N177536",43,39,-0.23664931063068,TRUE,1,FALSE
"GNB2L1","N177536",43,42,-0.302023557837511,TRUE,1,FALSE
"RPL12","N177536",43,41,-0.0984633972083932,TRUE,1,FALSE
"RPS23","N177536",43,41,-0.517159361564636,TRUE,1,FALSE
"RPL38","N177536",43,40,-0.168554600925659,TRUE,1,FALSE
"RPS9","N177536",43,41,-0.320987654549754,TRUE,1,FALSE
"RPL37","N177536",43,43,-0.458338052956248,TRUE,1,FALSE
"RPL3","N177536",43,39,-0.255457379046588,TRUE,1,FALSE
"RPS6","N177536",43,40,-0.296718654988161,TRUE,1,FALSE
"RPL18","N177536",43,42,-0.267074414053748,TRUE,1,FALSE
"RPL9","N177536",43,38,-0.52712724736018,TRUE,1,FALSE
"RPS21","N177536",43,39,-0.467255868356651,TRUE,1,FALSE
"EEF1A1","N177536",43,43,-0.347176079734219,TRUE,1,FALSE
"RPL32","N177536",43,43,-0.256266988825128,TRUE,1,FALSE
"RPS4X","N177536",43,41,-0.240419828766506,TRUE,1,FALSE
"RPL23","N177536",43,40,-0.37713336784173,TRUE,1,FALSE
"RPL14","N177536",43,41,-0.155321478571829,TRUE,1,FALSE
"RPS3A","N177536",43,38,-0.609339753829198,TRUE,1,FALSE
"RPL21","N177536",43,32,-0.425627840959644,TRUE,1,FALSE
"RPL7","N177536",43,32,-0.55171723355878,TRUE,1,FALSE
"RPL22","N177536",43,25,-0.328149192142369,TRUE,1,FALSE
"RPS8","N177536",43,43,-0.404711567502265,TRUE,1,FALSE
"HSP90AB1","N177536",43,32,-0.516844684156362,TRUE,1,FALSE
"VIM","N177536",43,39,-0.631392144130818,TRUE,1,FALSE
"RPS16","N177536",43,42,-0.338442951957878,TRUE,1,FALSE
"NACA","N177536",43,35,-0.452753927457682,TRUE,1,FALSE
"RPS20","N177536",43,42,-0.353367562669888,TRUE,1,FALSE
"GLTSCR2","N177536",43,26,0.00405315428170815,TRUE,1,TRUE
"RPL36A","N177536",43,36,-0.205811599923442,TRUE,1,FALSE
"RPS3","N177536",43,41,-0.445518388342589,TRUE,1,FALSE
"JUNB","N177536",43,26,0.111773523845567,TRUE,1,TRUE
"RPL23A","N177536",43,40,-0.53149071743494,TRUE,1,FALSE
"RPS5","N177536",43,37,-0.261142632085987,TRUE,1,FALSE
"BTF3","N177536",43,34,-0.325701188404802,TRUE,1,FALSE
"RPS17","N177536",43,42,-0.406372697070371,TRUE,1,FALSE
"RPL17-C18orf32","N177536",43,37,-0.444108807432856,TRUE,1,FALSE
"RPL10A","N177536",43,40,-0.562452808106769,TRUE,1,FALSE
"HNRNPA1","N177536",43,30,-0.103057011006943,TRUE,1,FALSE
"RPS25","N177536",43,35,-0.348736804915022,TRUE,1,FALSE
"LMO4","N177536",43,21,-0.51262557865667,TRUE,1,FALSE
"PFDN5","N177536",43,28,-0.156006771194399,TRUE,1,FALSE
"CIRBP","N177536",43,20,-0.0780963854638142,TRUE,1,FALSE
"RPS15","N177536",43,39,-0.59765084283089,TRUE,1,FALSE
"RPL31","N177536",43,39,-0.247148593802612,TRUE,1,FALSE
"RPS7","N177536",43,38,-0.316004321740291,TRUE,1,FALSE
"ADIRF","N177536",43,33,-0.377927874520791,TRUE,1,FALSE
"RPS10","N177536",43,38,-0.48798563122879,TRUE,1,FALSE
"NUCKS1","N177536",43,35,-0.210423728074268,TRUE,1,FALSE
"RPS15A","N177536",43,36,-0.40193794808578,TRUE,1,FALSE
"FGFR1","N177536",43,24,-0.182447508214872,TRUE,1,FALSE
"CD81","N177536",43,40,-0.128983538701176,TRUE,1,FALSE
"EIF1","N177536",43,38,0.0296206824778083,TRUE,1,TRUE
"ZFP36L2","N177536",43,38,0.0748073358495668,TRUE,1,TRUE
"RPS24","N177536",43,37,-0.455147262639733,TRUE,1,FALSE
"RPL7A","N177536",43,40,-0.465581702214817,TRUE,1,FALSE
"RPS18","N177536",43,41,-0.563823763002356,TRUE,1,FALSE
"HMGB1","N177536",43,34,-0.262745439365215,TRUE,1,FALSE
"HIST1H4C","N177536",43,13,-0.085560011818963,TRUE,1,FALSE
"RPL35","N177536",43,41,-0.346660626214519,TRUE,1,FALSE
"SNHG8","N177536",43,7,0.116388929010261,TRUE,1,TRUE
"RPS2","N177536",43,41,-0.55982179977226,TRUE,1,FALSE
"TMEM258","N177536",43,19,0.287311449900051,TRUE,1,TRUE
"POLDIP2","N177536",43,3,NA,FALSE,1,NA
"PLXNA3","N177536",43,1,NA,FALSE,1,NA
"MRPS12","N177536",43,5,-0.3101701484044,TRUE,1,FALSE
"RAB24","N177536",43,2,NA,FALSE,1,NA
"MARVELD1","N177536",43,8,0.226221615820961,TRUE,1,TRUE
"CMKLR1","N177536",43,2,NA,FALSE,1,NA
"PTPMT1","N177536",43,9,0.285480354440892,TRUE,1,TRUE
"RNF11","N177536",43,1,NA,FALSE,1,NA
"C6orf1","N177536",43,1,NA,FALSE,1,NA
"SSNA1","N177536",43,4,NA,FALSE,1,NA
"PSMC4","N177536",43,3,NA,FALSE,1,NA
"NPC2","N177536",43,18,0.146045128160914,TRUE,1,TRUE
"SAT2","N177536",43,6,-0.302513980580666,TRUE,1,FALSE
"NDUFB11","N177536",43,17,0.307689053292855,TRUE,1,TRUE
"DCHS1","N177536",43,6,-0.0511291234784225,TRUE,1,FALSE
"HAS2","N177536",43,6,0.182460793589664,TRUE,1,TRUE
"NDUFA4","N177536",43,17,-0.269880167678331,TRUE,1,FALSE
"ACTN1","N177536",43,7,0.0503843093293661,TRUE,1,TRUE
"RAB1B","N177536",43,9,0.0931075756209233,TRUE,1,TRUE
"HIGD2A","N177536",43,13,-0.214968368457199,TRUE,1,FALSE
"TMEM160","N177536",43,8,-0.160601776423534,TRUE,1,FALSE
"ILVBL","N177536",43,3,NA,FALSE,1,NA
"TMEM9","N177536",43,8,0.0157932494820926,TRUE,1,TRUE
"PMP22","N177536",43,10,0.295746832195896,TRUE,1,TRUE
"RIC8A","N177536",43,0,NA,FALSE,1,NA
"COX7B","N177536",43,8,-0.108328345039143,TRUE,1,FALSE
"YIPF3","N177536",43,12,0.0227220403069231,TRUE,1,TRUE
"TEN1","N177536",43,5,0.373506160343558,TRUE,1,TRUE
"MRPS24","N177536",43,9,0.169334758398372,TRUE,1,TRUE
"FASTK","N177536",43,2,NA,FALSE,1,NA
"FAM162A","N177536",43,6,0.167172183137783,TRUE,1,TRUE
"TSR3","N177536",43,6,-0.117045591492271,TRUE,1,FALSE
"PRELP","N177536",43,12,0.280874968835999,TRUE,1,TRUE
"GORASP2","N177536",43,7,0.0174994454314115,TRUE,1,TRUE
"ECH1","N177536",43,6,0.211032950827606,TRUE,1,TRUE
"GSTO1","N177536",43,9,0.059346789933975,TRUE,1,TRUE
"PRMT2","N177536",43,10,-0.11421946622738,TRUE,1,FALSE
"SUB1","N177536",43,6,-0.144113950980848,TRUE,1,FALSE
"HLA-A","N177536",43,34,0.201154995726487,TRUE,1,TRUE
"ANXA2","N177536",43,35,0.388655201133575,TRUE,1,TRUE
"CREB3","N177536",43,2,NA,FALSE,1,NA
"PLP2","N177536",43,12,0.203543655186387,TRUE,1,TRUE
"ALDOA","N177536",43,20,0.377520552420665,TRUE,1,TRUE
"CCDC92","N177536",43,1,NA,FALSE,1,NA
"IFITM1","N177536",43,1,NA,FALSE,1,NA
"SCAND1","N177536",43,8,0.0478246287133791,TRUE,1,TRUE
"RPS19BP1","N177536",43,10,0.118706659543456,TRUE,1,TRUE
"CD68","N177536",43,2,NA,FALSE,1,NA
"NKIRAS2","N177536",43,4,NA,FALSE,1,NA
"NRP2","N177536",43,4,NA,FALSE,1,NA
"PLXNA2","N177536",43,0,NA,FALSE,1,NA
"C4orf3","N177536",43,12,-0.0641563491019006,TRUE,1,FALSE
"RBCK1","N177536",43,6,0.302012714664211,TRUE,1,TRUE
"PKM","N177536",43,18,0.0842244107041028,TRUE,1,TRUE
"MAGOHB","N177536",43,0,NA,FALSE,1,NA
"MAP2K2","N177536",43,14,-0.139635291912859,TRUE,1,FALSE
"ORMDL3","N177536",43,2,NA,FALSE,1,NA
"CDIPT","N177536",43,6,-0.160655726223867,TRUE,1,FALSE
"AGPAT1","N177536",43,5,0.0292946008112595,TRUE,1,TRUE
"CFL1","N177536",43,28,0.233161455266802,TRUE,1,TRUE
"PACS2","N177536",43,4,NA,FALSE,1,NA
"GJA1","N177536",43,11,-0.158330100322368,TRUE,1,FALSE
"KDELR1","N177536",43,19,0.0550701044474512,TRUE,1,TRUE
"ZNF593","N177536",43,5,-0.00962924378518251,TRUE,1,FALSE
"CORO1C","N177536",43,5,-0.130062602675916,TRUE,1,FALSE
"RTN4RL2","N177536",43,0,NA,FALSE,1,NA
"PSME2","N177536",43,7,0.283984288947336,TRUE,1,TRUE
"AKR1B1","N177536",43,5,0.0923593664466097,TRUE,1,TRUE
"CYSTM1","N177536",43,9,0.279959722819127,TRUE,1,TRUE
"SNX3","N177536",43,11,-0.188755474078345,TRUE,1,FALSE
"BCL7C","N177536",43,15,-0.0244013471874742,TRUE,1,FALSE
"PODNL1","N177536",43,0,NA,FALSE,1,NA
"GALNT15","N177536",43,2,NA,FALSE,1,NA
"PPP1R14B","N177536",43,12,-0.0857327403177184,TRUE,1,FALSE
"HOXB7","N177536",43,2,NA,FALSE,1,NA
"ADGRA2","N177536",43,21,-0.0197943727159721,TRUE,1,FALSE
"NUCB2","N177536",43,7,0.00963056728440099,TRUE,1,TRUE
"ANXA5","N177536",43,19,-0.0828128116653225,TRUE,1,FALSE
"ATP5J2","N177536",43,15,0.314733012632622,TRUE,1,TRUE
"CAPNS1","N177536",43,13,0.0167218264141296,TRUE,1,TRUE
"ATP5G3","N177536",43,22,0.0247385347997647,TRUE,1,TRUE
"MBOAT7","N177536",43,4,NA,FALSE,1,NA
"WDR45","N177536",43,5,0.12680764703022,TRUE,1,TRUE
"SLC35A4","N177536",43,0,NA,FALSE,1,NA
"CSF1","N177536",43,2,NA,FALSE,1,NA
"TES","N177536",43,3,NA,FALSE,1,NA
"C11orf98","N177536",43,5,-0.0221065737603486,TRUE,1,FALSE
"MRPS11","N177536",43,3,NA,FALSE,1,NA
"PDIA6","N177536",43,15,0.0657505391487941,TRUE,1,TRUE
"NDUFS7","N177536",43,11,0.0450965086739082,TRUE,1,TRUE
"CMBL","N177536",43,3,NA,FALSE,1,NA
"POP7","N177536",43,5,0.269890072288918,TRUE,1,TRUE
"POLE4","N177536",43,5,0.168308331512838,TRUE,1,TRUE
"PREB","N177536",43,1,NA,FALSE,1,NA
"MPC2","N177536",43,5,-0.14416741047393,TRUE,1,FALSE
"MIEN1","N177536",43,5,-0.0120704605194541,TRUE,1,FALSE
"CA12","N177536",43,4,NA,FALSE,1,NA
"PDGFD","N177536",43,14,0.510847554959122,TRUE,1,TRUE
"COX14","N177536",43,10,-0.131352386161488,TRUE,1,FALSE
"MINOS1","N177536",43,18,0.0160026380337795,TRUE,1,TRUE
"NTMT1","N177536",43,4,NA,FALSE,1,NA
"MAPK6","N177536",43,5,0.148914220790569,TRUE,1,TRUE
"FAM20A","N177536",43,3,NA,FALSE,1,NA
"GAPDH","N177536",43,30,-0.032310593346902,TRUE,1,FALSE
"GADD45GIP1","N177536",43,15,-0.108608178027158,TRUE,1,FALSE
"FIS1","N177536",43,17,0.182286731322512,TRUE,1,TRUE
"ASNA1","N177536",43,6,0.160405093265639,TRUE,1,TRUE
"MAPKAPK2","N177536",43,5,-0.0292946008112595,TRUE,1,FALSE
"PCNXL3","N177536",43,3,NA,FALSE,1,NA
"KLF7","N177536",43,4,NA,FALSE,1,NA
"MEA1","N177536",43,8,0.119895231983774,TRUE,1,TRUE
"TMEM98","N177536",43,9,0.0762271827774492,TRUE,1,TRUE
"DCTN1","N177536",43,4,NA,FALSE,1,NA
"APOL1","N177536",43,4,NA,FALSE,1,NA
"SMPD1","N177536",43,4,NA,FALSE,1,NA
"MRPL55","N177536",43,6,-0.0837114080480054,TRUE,1,FALSE
"RPN1","N177536",43,10,0.306556888820987,TRUE,1,TRUE
"FRZB","N177536",43,3,NA,FALSE,1,NA
"CLIP1","N177536",43,6,0.245119033146555,TRUE,1,TRUE
"TMEM263","N177536",43,4,NA,FALSE,1,NA
"CYC1","N177536",43,12,-0.0664476472841114,TRUE,1,FALSE
"DGCR6L","N177536",43,5,0.0275314998365077,TRUE,1,TRUE
"R3HDM4","N177536",43,4,NA,FALSE,1,NA
"LSM7","N177536",43,14,0.0565794949049507,TRUE,1,TRUE
"CARM1","N177536",43,6,0.303015246497121,TRUE,1,TRUE
"KCTD12","N177536",43,7,0.12202633424991,TRUE,1,TRUE
"SLC25A5","N177536",43,7,-0.080450470607496,TRUE,1,FALSE
"CHMP1A","N177536",43,2,NA,FALSE,1,NA
"ABHD17A","N177536",43,4,NA,FALSE,1,NA
"COX7A1","N177536",43,14,0.150515964009965,TRUE,1,TRUE
"TIAM2","N177536",43,5,-0.127214516485932,TRUE,1,FALSE
"AURKAIP1","N177536",43,9,-0.0920459156936607,TRUE,1,FALSE
"SLC31A1","N177536",43,0,NA,FALSE,1,NA
"ARFGAP3","N177536",43,9,0.156913337249401,TRUE,1,TRUE
"NME3","N177536",43,15,0.0182788273477079,TRUE,1,TRUE
"MRPL41","N177536",43,7,0.245579465752225,TRUE,1,TRUE
"UFC1","N177536",43,3,NA,FALSE,1,NA
"NDUFA2","N177536",43,10,0.0238637099082206,TRUE,1,TRUE
"FSCN1","N177536",43,6,-0.0365924119012239,TRUE,1,FALSE
"DLG1","N177536",43,3,NA,FALSE,1,NA
"PCED1A","N177536",43,1,NA,FALSE,1,NA
"BLOC1S1","N177536",43,8,0.357461294615815,TRUE,1,TRUE
"COL8A2","N177536",43,8,0.151036850680858,TRUE,1,TRUE
"LZTS1","N177536",43,2,NA,FALSE,1,NA
"LSP1","N177536",43,15,-0.210827639699777,TRUE,1,FALSE
"KIF1C","N177536",43,4,NA,FALSE,1,NA
"CMTM3","N177536",43,6,0.0195493707417498,TRUE,1,TRUE
"WDR46","N177536",43,8,-0.0536080721856948,TRUE,1,FALSE
"EFHD2","N177536",43,1,NA,FALSE,1,NA
"MGP","N177536",43,20,0.496141742946585,TRUE,1,TRUE
"XPOT","N177536",43,0,NA,FALSE,1,NA
"PKIG","N177536",43,5,0.199637279602657,TRUE,1,TRUE
"BCL3","N177536",43,2,NA,FALSE,1,NA
"ARHGDIA","N177536",43,15,-0.229550127905439,TRUE,1,FALSE
"ZNF428","N177536",43,10,0.0622088164274126,TRUE,1,TRUE
"LOXL2","N177536",43,8,-0.0173503304169469,TRUE,1,FALSE
"UQCR10","N177536",43,13,0.0145851485945464,TRUE,1,TRUE
"RAB7B","N177536",43,2,NA,FALSE,1,NA
"RABAC1","N177536",43,26,0.0467671647889401,TRUE,1,TRUE
"DPM3","N177536",43,19,0.0750049838854426,TRUE,1,TRUE
"CSTB","N177536",43,17,-0.0514098195799294,TRUE,1,FALSE
"TMUB1","N177536",43,2,NA,FALSE,1,NA
"PSMB9","N177536",43,3,NA,FALSE,1,NA
"AP1S1","N177536",43,0,NA,FALSE,1,NA
"MYL6","N177536",43,38,-0.259029845749813,TRUE,1,FALSE
"LIMK1","N177536",43,3,NA,FALSE,1,NA
"GBP2","N177536",43,1,NA,FALSE,1,NA
"AMPD2","N177536",43,5,0.0665909675848537,TRUE,1,TRUE
"BEST1","N177536",43,0,NA,FALSE,1,NA
"CUEDC2","N177536",43,8,-0.0371475023029503,TRUE,1,FALSE
"ILF2","N177536",43,6,-0.0441114006480507,TRUE,1,FALSE
"TUBA1B","N177536",43,22,0.233730961906868,TRUE,1,TRUE
"SAC3D1","N177536",43,3,NA,FALSE,1,NA
"GDI2","N177536",43,9,0.00796244945446892,TRUE,1,TRUE
"DCTD","N177536",43,3,NA,FALSE,1,NA
"FAM127A","N177536",43,22,-0.284171870524569,TRUE,1,FALSE
"RPN2","N177536",43,10,0.0715911297246617,TRUE,1,TRUE
"ATP5E","N177536",43,31,0.297640084913043,TRUE,1,TRUE
"CDC42EP1","N177536",43,4,NA,FALSE,1,NA
"PUF60","N177536",43,4,NA,FALSE,1,NA
"INPPL1","N177536",43,0,NA,FALSE,1,NA
"MYL6B","N177536",43,2,NA,FALSE,1,NA
"PKN1","N177536",43,5,0.164917752715238,TRUE,1,TRUE
"LTBP2","N177536",43,1,NA,FALSE,1,NA
"COL15A1","N177536",43,17,0.298621763982585,TRUE,1,TRUE
"NOP10","N177536",43,6,0.0649139361809383,TRUE,1,TRUE
"RAB11FIP5","N177536",43,2,NA,FALSE,1,NA
"OXLD1","N177536",43,1,NA,FALSE,1,NA
"DNM3OS","N177536",43,2,NA,FALSE,1,NA
"LRRC75A","N177536",43,2,NA,FALSE,1,NA
"XXYLT1","N177536",43,3,NA,FALSE,1,NA
"GCN1","N177536",43,6,-0.014286078618971,TRUE,1,FALSE
"FAAP100","N177536",43,3,NA,FALSE,1,NA
"PTGDS","N177536",43,11,0.283083979121149,TRUE,1,TRUE
"CCL27","N177536",43,6,-0.0488734268543744,TRUE,1,FALSE
"CAPG","N177536",43,8,0.230670418491973,TRUE,1,TRUE
"MYC","N177536",43,9,-0.198742738383544,TRUE,1,FALSE
"MDFI","N177536",43,5,-0.337837271392812,TRUE,1,FALSE
"B4GALT7","N177536",43,5,-0.0661840981291417,TRUE,1,FALSE
"PSMD8","N177536",43,10,-0.198864249235171,TRUE,1,FALSE
"IMP4","N177536",43,5,0.325631187721453,TRUE,1,TRUE
"APRT","N177536",43,18,0.150761695160344,TRUE,1,TRUE
"PTGES2","N177536",43,4,NA,FALSE,1,NA
"SLC35E1","N177536",43,5,0.334989185202828,TRUE,1,TRUE
"ANO1","N177536",43,2,NA,FALSE,1,NA
"SEC61B","N177536",43,21,0.128744547132163,TRUE,1,TRUE
"TTC3","N177536",43,9,-0.0616824417739526,TRUE,1,FALSE
"POLR2G","N177536",43,4,NA,FALSE,1,NA
"TIMM13","N177536",43,7,0.0968929025564733,TRUE,1,TRUE
"TMED2","N177536",43,7,-0.0486226201919757,TRUE,1,FALSE
"MMP14","N177536",43,4,NA,FALSE,1,NA
"UBA1","N177536",43,11,-0.0532690200711448,TRUE,1,FALSE
"APLNR","N177536",43,0,NA,FALSE,1,NA
"DGKZ","N177536",43,0,NA,FALSE,1,NA
"ELN","N177536",43,18,0.303713224998995,TRUE,1,TRUE
"PRELID1","N177536",43,6,0.107772172037851,TRUE,1,TRUE
"SIRT2","N177536",43,3,NA,FALSE,1,NA
"IL32","N177536",43,6,0.108524070912534,TRUE,1,TRUE
"CHRD","N177536",43,4,NA,FALSE,1,NA
"BAX","N177536",43,5,0.0927662359023216,TRUE,1,TRUE
"PLEKHO1","N177536",43,0,NA,FALSE,1,NA
"TSPAN4","N177536",43,16,0.13542411057612,TRUE,1,TRUE
"TCEB2","N177536",43,28,0.0785434683857065,TRUE,1,TRUE
"ATP8B2","N177536",43,1,NA,FALSE,1,NA
"ATP6V0E1","N177536",43,18,-0.169627963158063,TRUE,1,FALSE
"SPOP","N177536",43,7,0.0435724446647898,TRUE,1,TRUE
"DUSP23","N177536",43,4,NA,FALSE,1,NA
"CCND2","N177536",43,5,0.0406869455711937,TRUE,1,TRUE
"SLC3A2","N177536",43,7,-0.0715245789780512,TRUE,1,FALSE
"TMEM205","N177536",43,7,0.372068745816858,TRUE,1,TRUE
"COMMD7","N177536",43,3,NA,FALSE,1,NA
"UBTD1","N177536",43,0,NA,FALSE,1,NA
"SPNS1","N177536",43,4,NA,FALSE,1,NA
"MRGPRF","N177536",43,4,NA,FALSE,1,NA
"PIGP","N177536",43,2,NA,FALSE,1,NA
"DDT","N177536",43,8,0.0889760534202403,TRUE,1,TRUE
"CPNE1","N177536",43,5,0.208452784476416,TRUE,1,TRUE
"TSPAN9","N177536",43,6,0.142359520273255,TRUE,1,TRUE
"NDUFA13","N177536",43,25,0.246896189499086,TRUE,1,TRUE
"PTPN14","N177536",43,11,-0.150059124932393,TRUE,1,FALSE
"MXD4","N177536",43,9,0.0953370614681746,TRUE,1,TRUE
"PPP2R1A","N177536",43,12,0.0467806712201359,TRUE,1,TRUE
"ACAN","N177536",43,3,NA,FALSE,1,NA
"STARD10","N177536",43,4,NA,FALSE,1,NA
"TCEAL8","N177536",43,9,-0.070281887184779,TRUE,1,FALSE
"NUDT22","N177536",43,2,NA,FALSE,1,NA
"TACSTD2","N177536",43,6,-0.167924082012466,TRUE,1,FALSE
"CD248","N177536",43,18,0.109997080379558,TRUE,1,TRUE
"GOLGA2","N177536",43,12,-0.145497434570382,TRUE,1,FALSE
"HSD3B7","N177536",43,1,NA,FALSE,1,NA
"TAX1BP3","N177536",43,14,0.358518145599639,TRUE,1,TRUE
"GLRX","N177536",43,2,NA,FALSE,1,NA
"FAM96B","N177536",43,11,-0.0561244758605408,TRUE,1,FALSE
"CYP1B1","N177536",43,6,0.0716810260530825,TRUE,1,TRUE
"LTBR","N177536",43,9,0.200441394267164,TRUE,1,TRUE
"SERPINB6","N177536",43,5,-0.0203434727855968,TRUE,1,FALSE
"MFSD12","N177536",43,1,NA,FALSE,1,NA
"FKBP1A","N177536",43,5,0.272466912175094,TRUE,1,TRUE
"NCLN","N177536",43,5,0.0337701648240908,TRUE,1,TRUE
"NTM","N177536",43,2,NA,FALSE,1,NA
"FAM173A","N177536",43,6,0.0561417826429737,TRUE,1,TRUE
"TMEM141","N177536",43,3,NA,FALSE,1,NA
"RNF181","N177536",43,13,-0.0391104940019364,TRUE,1,FALSE
"FBLN2","N177536",43,23,0.265495677223128,TRUE,1,TRUE
"CTD-3214H19.16","N177536",43,11,0.0508074202527001,TRUE,1,TRUE
"ARHGAP22","N177536",43,0,NA,FALSE,1,NA
"MRPL3","N177536",43,7,-0.00152679725240503,TRUE,1,FALSE
"YIPF5","N177536",43,7,0.084326186709755,TRUE,1,TRUE
"APOBEC3C","N177536",43,8,-0.0124566474788336,TRUE,1,FALSE
"PSMB3","N177536",43,12,-0.0154662627299225,TRUE,1,FALSE
"C1orf54","N177536",43,2,NA,FALSE,1,NA
"FAM57A","N177536",43,3,NA,FALSE,1,NA
"NUDT2","N177536",43,2,NA,FALSE,1,NA
"AP2M1","N177536",43,12,0.269036594894577,TRUE,1,TRUE
"MYO18A","N177536",43,1,NA,FALSE,1,NA
"TOMM5","N177536",43,16,-0.093822102314304,TRUE,1,FALSE
"C1orf216","N177536",43,2,NA,FALSE,1,NA
"ELOVL1","N177536",43,6,0.14386331802262,TRUE,1,TRUE
"MMP24-AS1","N177536",43,7,0.0852657542496965,TRUE,1,TRUE
"CCDC85B","N177536",43,14,-0.0384450414097742,TRUE,1,FALSE
"COX5A","N177536",43,8,0.0894209336873415,TRUE,1,TRUE
"GTF2H5","N177536",43,3,NA,FALSE,1,NA
"RALA","N177536",43,8,-0.0925350955570499,TRUE,1,FALSE
"CTSD","N177536",43,8,0.304965423097874,TRUE,1,TRUE
"FAM210B","N177536",43,1,NA,FALSE,1,NA
"YKT6","N177536",43,4,NA,FALSE,1,NA
"RP11-492E3.51","N177536",43,7,-0.015033080639065,TRUE,1,FALSE
"SEPW1","N177536",43,25,0.172466556768898,TRUE,1,TRUE
"PTPRD","N177536",43,0,NA,FALSE,1,NA
"USP11","N177536",43,7,-0.00786887814701056,TRUE,1,FALSE
"IFNGR2","N177536",43,6,0.20451649391369,TRUE,1,TRUE
"SLC52A2","N177536",43,4,NA,FALSE,1,NA
"CFH","N177536",43,20,0.47924273516765,TRUE,1,TRUE
"PRKAR2A","N177536",43,7,0.0583706334188694,TRUE,1,TRUE
"SNRPC","N177536",43,6,0.0817063443821849,TRUE,1,TRUE
"CHID1","N177536",43,10,-0.234965759096325,TRUE,1,FALSE
"MSC","N177536",43,0,NA,FALSE,1,NA
"DNLZ","N177536",43,5,0.220658868147774,TRUE,1,TRUE
"REXO2","N177536",43,9,0.431246262454037,TRUE,1,TRUE
"IFI35","N177536",43,4,NA,FALSE,1,NA
"RAB31","N177536",43,7,-0.184507575656024,TRUE,1,FALSE
"PRDX5","N177536",43,18,0.0107807245701252,TRUE,1,TRUE
"UFD1L","N177536",43,5,0.0867988172185465,TRUE,1,TRUE
"ICAM3","N177536",43,0,NA,FALSE,1,NA
"SNHG18","N177536",43,1,NA,FALSE,1,NA
"PSENEN","N177536",43,10,0.381003505201333,TRUE,1,TRUE
"SEC31A","N177536",43,15,-0.0814561335203684,TRUE,1,FALSE
"EPN1","N177536",43,6,-0.0827088762150952,TRUE,1,FALSE
"SH3BGRL3","N177536",43,25,0.0982722126564025,TRUE,1,TRUE
"SAE1","N177536",43,3,NA,FALSE,1,NA
"HSPA12B","N177536",43,5,0.113652201295534,TRUE,1,TRUE
"NAA38","N177536",43,21,0.132151775222617,TRUE,1,TRUE
"CLEC2A","N177536",43,2,NA,FALSE,1,NA
"SEC23A","N177536",43,6,0.160154460307412,TRUE,1,TRUE
"TENM4","N177536",43,8,0.153928572417016,TRUE,1,TRUE
"CILP","N177536",43,2,NA,FALSE,1,NA
"CCL2","N177536",43,3,NA,FALSE,1,NA
"LAMTOR1","N177536",43,11,-0.112052023735606,TRUE,1,FALSE
"TP53TG1","N177536",43,5,-0.283045518023604,TRUE,1,FALSE
"SEPN1","N177536",43,3,NA,FALSE,1,NA
"BRE","N177536",43,8,0.289839494016433,TRUE,1,TRUE
"SIGMAR1","N177536",43,4,NA,FALSE,1,NA
"DEF8","N177536",43,0,NA,FALSE,1,NA
"CXCL12","N177536",43,16,0.465803238948196,TRUE,1,TRUE
"CCDC8","N177536",43,5,0.025768398861756,TRUE,1,TRUE
"MRPL27","N177536",43,9,0.228256884361442,TRUE,1,TRUE
"GSTK1","N177536",43,13,0.334529427318226,TRUE,1,TRUE
"NFE2L1","N177536",43,8,0.121674753052179,TRUE,1,TRUE
"PDIA4","N177536",43,12,0.0933704009250875,TRUE,1,TRUE
"CAP1","N177536",43,10,0.04793138314899,TRUE,1,TRUE
"ABHD14A","N177536",43,3,NA,FALSE,1,NA
"PLGRKT","N177536",43,1,NA,FALSE,1,NA
"SERP1","N177536",43,9,0.264990317844726,TRUE,1,TRUE
"FAAP20","N177536",43,9,-0.283887864549999,TRUE,1,FALSE
"PPP4C","N177536",43,11,0.190133969976674,TRUE,1,TRUE
"NRN1","N177536",43,5,0.224320693249181,TRUE,1,TRUE
"ITGB5","N177536",43,10,-0.153176462744219,TRUE,1,FALSE
"PDZD11","N177536",43,2,NA,FALSE,1,NA
"CLTB","N177536",43,15,0.0478266404874494,TRUE,1,TRUE
"TADA3","N177536",43,3,NA,FALSE,1,NA
"MZT2A","N177536",43,6,0.239103842149093,TRUE,1,TRUE
"PTGIS","N177536",43,5,0.109719129890319,TRUE,1,TRUE
"FGGY","N177536",43,0,NA,FALSE,1,NA
"HSPB6","N177536",43,1,NA,FALSE,1,NA
"C19orf70","N177536",43,9,0.224116410645119,TRUE,1,TRUE
"PPP1CA","N177536",43,6,-0.0664177339303037,TRUE,1,FALSE
"TMEM54","N177536",43,4,NA,FALSE,1,NA
"SSR2","N177536",43,17,0.0493568484153398,TRUE,1,TRUE
"SPHK1","N177536",43,1,NA,FALSE,1,NA
"LY6E","N177536",43,15,0.0510209986647188,TRUE,1,TRUE
"TMEM120B","N177536",43,0,NA,FALSE,1,NA
"PRSS23","N177536",43,8,0.170611582433311,TRUE,1,TRUE
"DCN","N177536",43,38,0.646214480995449,TRUE,1,TRUE
"C17orf89","N177536",43,11,0.0769988423209524,TRUE,1,TRUE
"GSDMD","N177536",43,6,0.222812699864302,TRUE,1,TRUE
"NFATC2","N177536",43,3,NA,FALSE,1,NA
"PRKCSH","N177536",43,9,-0.132388992929637,TRUE,1,FALSE
"CENPP","N177536",43,6,0.139602557732752,TRUE,1,TRUE
"FBXW5","N177536",43,2,NA,FALSE,1,NA
"DDRGK1","N177536",43,5,0.0241409210389083,TRUE,1,TRUE
"CTC-479C5.12","N177536",43,8,0.190408754319314,TRUE,1,TRUE
"ANAPC11","N177536",43,13,-0.300156784133626,TRUE,1,FALSE
"MAN1B1","N177536",43,6,-0.159653194390956,TRUE,1,FALSE
"NDUFA6","N177536",43,17,0.292548390954007,TRUE,1,TRUE
"GPX1","N177536",43,14,0.3236999948889,TRUE,1,TRUE
"MICAL2","N177536",43,1,NA,FALSE,1,NA
"TAPBP","N177536",43,8,0.0720706032703946,TRUE,1,TRUE
"TMED9","N177536",43,12,0.0981439388046932,TRUE,1,TRUE
"MRPL36","N177536",43,6,-0.168174714970693,TRUE,1,FALSE
"FUCA2","N177536",43,7,0.540721119236368,TRUE,1,TRUE
"TP53I13","N177536",43,9,0.0306819718978869,TRUE,1,TRUE
"IFI16","N177536",43,8,0.136578242000069,TRUE,1,TRUE
"SEC61G","N177536",43,11,-0.0212682224313628,TRUE,1,FALSE
"ARPC2","N177536",43,18,0.20651825504646,TRUE,1,TRUE
"NCS1","N177536",43,1,NA,FALSE,1,NA
"GMPPB","N177536",43,2,NA,FALSE,1,NA
"TMEM45A","N177536",43,5,-0.0162747782284775,TRUE,1,FALSE
"FAM109B","N177536",43,1,NA,FALSE,1,NA
"G6PC3","N177536",43,5,-0.0655059823696218,TRUE,1,FALSE
"ARF5","N177536",43,13,0.170841326531024,TRUE,1,TRUE
"MGAT1","N177536",43,10,0.289831895551978,TRUE,1,TRUE
"ATP5G1","N177536",43,16,0.126546694587197,TRUE,1,TRUE
"PPP1R9B","N177536",43,5,0.0804245290790595,TRUE,1,TRUE
"SH3GLB1","N177536",43,10,0.12360177952463,TRUE,1,TRUE
"SHISA4","N177536",43,2,NA,FALSE,1,NA
"PALM","N177536",43,5,0.131147587891148,TRUE,1,TRUE
"COLGALT1","N177536",43,13,0.250270001998139,TRUE,1,TRUE
"IGF2","N177536",43,13,-0.283620755790765,TRUE,1,FALSE
"CLDN4","N177536",43,5,0.166409607386182,TRUE,1,TRUE
"EIF5A","N177536",43,11,0.162367124024617,TRUE,1,TRUE
"TGFB1I1","N177536",43,8,-0.0500490300488852,TRUE,1,FALSE
"ORAI2","N177536",43,3,NA,FALSE,1,NA
"WIPI1","N177536",43,3,NA,FALSE,1,NA
"CLEC2B","N177536",43,3,NA,FALSE,1,NA
"SNRNP25","N177536",43,3,NA,FALSE,1,NA
"UQCR11","N177536",43,18,0.0348689060314986,TRUE,1,TRUE
"DDB2","N177536",43,3,NA,FALSE,1,NA
"GALNT5","N177536",43,1,NA,FALSE,1,NA
"NAGLU","N177536",43,4,NA,FALSE,1,NA
"UBXN6","N177536",43,9,0.0022294858472513,TRUE,1,TRUE
"SCP2","N177536",43,8,0.275825765602745,TRUE,1,TRUE
"IKBIP","N177536",43,6,0.147121546479578,TRUE,1,TRUE
"MAN1C1","N177536",43,6,0.308027905661673,TRUE,1,TRUE
"COPS7A","N177536",43,7,-0.000117445942492695,TRUE,1,FALSE
"WBP5","N177536",43,7,0.0166773238339627,TRUE,1,TRUE
"VAT1","N177536",43,7,0.168887265304495,TRUE,1,TRUE
"PEA15","N177536",43,7,-0.22138560159873,TRUE,1,FALSE
"TXN2","N177536",43,3,NA,FALSE,1,NA
"ECM2","N177536",43,11,0.217703887943256,TRUE,1,TRUE
"TBC1D1","N177536",43,1,NA,FALSE,1,NA
"NDUFB3","N177536",43,3,NA,FALSE,1,NA
"APOE","N177536",43,20,0.221655917566414,TRUE,1,TRUE
"FAM129A","N177536",43,3,NA,FALSE,1,NA
"SLC39A7","N177536",43,8,0.0896433738208921,TRUE,1,TRUE
"KIAA2013","N177536",43,5,-0.0752708493067083,TRUE,1,FALSE
"TNC","N177536",43,5,0.276671229884117,TRUE,1,TRUE
"CLPP","N177536",43,6,0.0751898874682683,TRUE,1,TRUE
"HMOX2","N177536",43,4,NA,FALSE,1,NA
"MAST2","N177536",43,4,NA,FALSE,1,NA
"GPC1","N177536",43,6,-0.0959924230011559,TRUE,1,FALSE
"PRADC1","N177536",43,0,NA,FALSE,1,NA
"KLHL22","N177536",43,1,NA,FALSE,1,NA
"ARAP1","N177536",43,6,0.283215242797144,TRUE,1,TRUE
"GUK1","N177536",43,16,0.0661454524664852,TRUE,1,TRUE
"IGDCC4","N177536",43,1,NA,FALSE,1,NA
"CHD3","N177536",43,12,0.0145115551540013,TRUE,1,TRUE
"NDUFA3","N177536",43,8,0.179954068042436,TRUE,1,TRUE
"PSMB8","N177536",43,2,NA,FALSE,1,NA
"KLHDC3","N177536",43,5,0.207639045564992,TRUE,1,TRUE
"MIF","N177536",43,3,NA,FALSE,1,NA
"GOLGA3","N177536",43,8,-0.249355389710223,TRUE,1,FALSE
"ST6GALNAC6","N177536",43,5,0.0991405240418086,TRUE,1,TRUE
"THOC6","N177536",43,0,NA,FALSE,1,NA
"MRPL14","N177536",43,3,NA,FALSE,1,NA
"GTF3C1","N177536",43,2,NA,FALSE,1,NA
"GNG5","N177536",43,14,0.0961126035244354,TRUE,1,TRUE
"BAD","N177536",43,6,-0.258903845849071,TRUE,1,FALSE
"DPYSL3","N177536",43,14,-0.0692736123515742,TRUE,1,FALSE
"TIMM8B","N177536",43,9,0.00838711342537393,TRUE,1,TRUE
"MYO1C","N177536",43,12,-0.0061101284858953,TRUE,1,FALSE
"CRELD2","N177536",43,4,NA,FALSE,1,NA
"CALR","N177536",43,20,0.146840892836373,TRUE,1,TRUE
"C11orf68","N177536",43,5,0.17929380681706,TRUE,1,TRUE
"B2M","N177536",43,37,0.307262205210611,TRUE,1,TRUE
"C19orf24","N177536",43,3,NA,FALSE,1,NA
"FAM102A","N177536",43,3,NA,FALSE,1,NA
"NUTF2","N177536",43,8,0.0120117672117324,TRUE,1,TRUE
"UROS","N177536",43,4,NA,FALSE,1,NA
"CALM3","N177536",43,15,0.014907004827257,TRUE,1,TRUE
"PRICKLE1","N177536",43,9,0.0178358867780104,TRUE,1,TRUE
"TXNDC15","N177536",43,5,-0.0120704605194541,TRUE,1,FALSE
"EFEMP1","N177536",43,8,0.286058011746073,TRUE,1,TRUE
"CCDC124","N177536",43,8,0.0954268172932077,TRUE,1,TRUE
"NDUFB2","N177536",43,21,0.0104650577063951,TRUE,1,TRUE
"GRINA","N177536",43,6,0.354896268850226,TRUE,1,TRUE
"FAM177A1","N177536",43,4,NA,FALSE,1,NA
"GIPC1","N177536",43,8,0.0549427129869984,TRUE,1,TRUE
"ZNF106","N177536",43,12,0.193996579427176,TRUE,1,TRUE
"SLC12A4","N177536",43,5,0.353569557013673,TRUE,1,TRUE
"SRPX2","N177536",43,4,NA,FALSE,1,NA
"ECHS1","N177536",43,10,-0.0112179832901892,TRUE,1,FALSE
"ANXA1","N177536",43,18,0.287710586965215,TRUE,1,TRUE
"FAM234A","N177536",43,2,NA,FALSE,1,NA
"TWF2","N177536",43,7,0.141522360703697,TRUE,1,TRUE
"ITGA5","N177536",43,0,NA,FALSE,1,NA
"RARRES3","N177536",43,8,0.383264350107685,TRUE,1,TRUE
"AKR1C3","N177536",43,3,NA,FALSE,1,NA
"TMEM208","N177536",43,3,NA,FALSE,1,NA
"BUD31","N177536",43,4,NA,FALSE,1,NA
"CCDC167","N177536",43,6,-0.369683613385653,TRUE,1,FALSE
"SCARF2","N177536",43,3,NA,FALSE,1,NA
"RNPEPL1","N177536",43,2,NA,FALSE,1,NA
"OLFM2","N177536",43,5,0.3101701484044,TRUE,1,TRUE
"SPINT2","N177536",43,7,0.22138560159873,TRUE,1,TRUE
"BRI3","N177536",43,18,0.235828349971488,TRUE,1,TRUE
"RP11-196G11.1","N177536",43,1,NA,FALSE,1,NA
"KCNK6","N177536",43,0,NA,FALSE,1,NA
"LRPAP1","N177536",43,12,0.0536545657667681,TRUE,1,TRUE
"FBLIM1","N177536",43,0,NA,FALSE,1,NA
"ARSA","N177536",43,4,NA,FALSE,1,NA
"RNASEH2C","N177536",43,6,0.154891168184633,TRUE,1,TRUE
"TXNL4A","N177536",43,16,-0.168496836809362,TRUE,1,FALSE
"GTF3C6","N177536",43,7,0.0399316204475163,TRUE,1,TRUE
"AKT1S1","N177536",43,2,NA,FALSE,1,NA
"SH3GL1","N177536",43,2,NA,FALSE,1,NA
"AP3D1","N177536",43,6,-0.0185468389088395,TRUE,1,FALSE
"QSOX1","N177536",43,6,0.28672410421233,TRUE,1,TRUE
"TXLNA","N177536",43,5,0.173733257588997,TRUE,1,TRUE
"GPC6","N177536",43,6,0.0819569773404125,TRUE,1,TRUE
"LTBP3","N177536",43,15,0.257234565441773,TRUE,1,TRUE
"FAM229B","N177536",43,5,0.112160346624591,TRUE,1,TRUE
"C12orf75","N177536",43,3,NA,FALSE,1,NA
"SRM","N177536",43,10,-0.225787409131625,TRUE,1,FALSE
"PPDPF","N177536",43,14,-0.0368129405952083,TRUE,1,FALSE
"PRKCDBP","N177536",43,15,0.164864374815735,TRUE,1,TRUE
"GTF3A","N177536",43,4,NA,FALSE,1,NA
"JDP2","N177536",43,5,0.232729328667228,TRUE,1,TRUE
"RP11-282O18.3","N177536",43,11,-0.216916176001353,TRUE,1,FALSE
"TRAPPC1","N177536",43,2,NA,FALSE,1,NA
"GSR","N177536",43,1,NA,FALSE,1,NA
"PDIA5","N177536",43,4,NA,FALSE,1,NA
"RHOC","N177536",43,15,0.104082837276026,TRUE,1,TRUE
"UROD","N177536",43,8,0.167052540296501,TRUE,1,TRUE
"IMPDH1","N177536",43,2,NA,FALSE,1,NA
"YIF1B","N177536",43,1,NA,FALSE,1,NA
"MED8","N177536",43,2,NA,FALSE,1,NA
"UQCC2","N177536",43,5,0.176988213234693,TRUE,1,TRUE
"CD276","N177536",43,7,0.152209941470533,TRUE,1,TRUE
"GLMP","N177536",43,1,NA,FALSE,1,NA
"BTN3A2","N177536",43,3,NA,FALSE,1,NA
"TANC2","N177536",43,2,NA,FALSE,1,NA
"ZNHIT1","N177536",43,14,0.25279428172276,TRUE,1,TRUE
"EIF4G1","N177536",43,10,0.0705713130619172,TRUE,1,TRUE
"UQCRQ","N177536",43,25,-0.0398422059293316,TRUE,1,FALSE
"GRIN2D","N177536",43,2,NA,FALSE,1,NA
"COPA","N177536",43,9,-0.0216578625161555,TRUE,1,FALSE
"FMO1","N177536",43,5,0.137115006574923,TRUE,1,TRUE
"CD63","N177536",43,39,0.170179028678877,TRUE,1,TRUE
"ARPC4","N177536",43,6,0.136594962234021,TRUE,1,TRUE
"ITGB1BP1","N177536",43,9,0.30225458129164,TRUE,1,TRUE
"NDST1","N177536",43,4,NA,FALSE,1,NA
"CHPF2","N177536",43,2,NA,FALSE,1,NA
"GLT8D2","N177536",43,6,0.21479244520102,TRUE,1,TRUE
"ATP6V0D1","N177536",43,7,0.293849748116723,TRUE,1,TRUE
"SEMA3C","N177536",43,6,0.264919036846532,TRUE,1,TRUE
"PLEKHA4","N177536",43,6,0.0726835578859927,TRUE,1,TRUE
"ARPC1A","N177536",43,6,0.121807617698595,TRUE,1,TRUE
"A2M","N177536",43,8,0.148812449345352,TRUE,1,TRUE
"CDK2AP1","N177536",43,9,-0.252250398717575,TRUE,1,FALSE
"MINOS1-NBL1","N177536",43,2,NA,FALSE,1,NA
"HAPLN3","N177536",43,1,NA,FALSE,1,NA
"TPM2","N177536",43,11,-0.00630169553521861,TRUE,1,FALSE
"ZEB1","N177536",43,11,-0.107227288091454,TRUE,1,FALSE
"ERCC1","N177536",43,10,0.352448638644488,TRUE,1,TRUE
"MEIS3","N177536",43,3,NA,FALSE,1,NA
"ACTB","N177536",43,40,0.230629816857958,TRUE,1,TRUE
"MYLK","N177536",43,3,NA,FALSE,1,NA
"CD82","N177536",43,4,NA,FALSE,1,NA
"PLXNB2","N177536",43,7,-0.027717242428276,TRUE,1,FALSE
"PLOD2","N177536",43,0,NA,FALSE,1,NA
"LINC01615","N177536",43,0,NA,FALSE,1,NA
"MRPL17","N177536",43,4,NA,FALSE,1,NA
"SLC39A13","N177536",43,4,NA,FALSE,1,NA
"ARHGAP28","N177536",43,2,NA,FALSE,1,NA
"RAD51B","N177536",43,8,-0.0375923825700515,TRUE,1,FALSE
"CTSC","N177536",43,5,0.207367799261184,TRUE,1,TRUE
"NANS","N177536",43,5,0.111075361409359,TRUE,1,TRUE
"GAA","N177536",43,5,0.161391550765735,TRUE,1,TRUE
"TNFRSF1A","N177536",43,6,0.0807038125492747,TRUE,1,TRUE
"GALNT2","N177536",43,6,-0.0746886215518132,TRUE,1,FALSE
"PLAUR","N177536",43,2,NA,FALSE,1,NA
"PAPSS2","N177536",43,6,0.138098759983386,TRUE,1,TRUE
"DAPK3","N177536",43,4,NA,FALSE,1,NA
"GPI","N177536",43,9,0.158824325118473,TRUE,1,TRUE
"AGTRAP","N177536",43,3,NA,FALSE,1,NA
"HOMER3","N177536",43,3,NA,FALSE,1,NA
"NAA10","N177536",43,6,0.103010145831528,TRUE,1,TRUE
"COPZ1","N177536",43,3,NA,FALSE,1,NA
"NRBP1","N177536",43,6,0.108022804996079,TRUE,1,TRUE
"NPTX2","N177536",43,3,NA,FALSE,1,NA
"CXXC5","N177536",43,5,0.338244140848524,TRUE,1,TRUE
"TMEM147","N177536",43,10,-0.118910622876005,TRUE,1,FALSE
"CTTN","N177536",43,10,0.125029522852472,TRUE,1,TRUE
"METRNL","N177536",43,10,-0.0279429765591984,TRUE,1,FALSE
"XBP1","N177536",43,11,0.0780819462410681,TRUE,1,TRUE
"FUT11","N177536",43,5,0.282774271719796,TRUE,1,TRUE
"DNPH1","N177536",43,9,0.164238790747512,TRUE,1,TRUE
"MRPL52","N177536",43,7,-0.0454515797446729,TRUE,1,FALSE
"ST3GAL2","N177536",43,3,NA,FALSE,1,NA
"FIBP","N177536",43,4,NA,FALSE,1,NA
"ETHE1","N177536",43,7,0.120499536997505,TRUE,1,TRUE
"TMEM219","N177536",43,11,0.12524619876247,TRUE,1,TRUE
"CDC42EP5","N177536",43,9,0.226027398514191,TRUE,1,TRUE
"C7orf73","N177536",43,7,0.121908888307417,TRUE,1,TRUE
"S100A13","N177536",43,23,0.095610287359813,TRUE,1,TRUE
"ZYX","N177536",43,10,0.188870045940276,TRUE,1,TRUE
"PDZRN4","N177536",43,1,NA,FALSE,1,NA
"MRPL12","N177536",43,9,0.0849327941810018,TRUE,1,TRUE
"MAP7D1","N177536",43,1,NA,FALSE,1,NA
"FHL3","N177536",43,1,NA,FALSE,1,NA
"PGLS","N177536",43,5,0.0672690833443736,TRUE,1,TRUE
"CAPZB","N177536",43,20,0.111730332984995,TRUE,1,TRUE
"ERI3","N177536",43,4,NA,FALSE,1,NA
"PDE4DIP","N177536",43,2,NA,FALSE,1,NA
"GALNT10","N177536",43,3,NA,FALSE,1,NA
"B4GALT1","N177536",43,14,0.0125127729116718,TRUE,1,TRUE
"NME1","N177536",43,6,0.14386331802262,TRUE,1,TRUE
"LMF2","N177536",43,5,0.0459762484954489,TRUE,1,TRUE
"DPM2","N177536",43,4,NA,FALSE,1,NA
"VTI1B","N177536",43,5,0.219980752388254,TRUE,1,TRUE
"TRAPPC2L","N177536",43,4,NA,FALSE,1,NA
"THBS3","N177536",43,10,0.1843828526242,TRUE,1,TRUE
"CNN2","N177536",43,5,-0.199366033298849,TRUE,1,FALSE
"DYNLT1","N177536",43,8,0.132796759729709,TRUE,1,TRUE
"VGLL3","N177536",43,1,NA,FALSE,1,NA
"TRIOBP","N177536",43,12,0.08038637789256,TRUE,1,TRUE
"THBS1","N177536",43,5,0.0503161893563762,TRUE,1,TRUE
"EPHB3","N177536",43,2,NA,FALSE,1,NA
"POMP","N177536",43,8,0.153706132283465,TRUE,1,TRUE
"MFAP2","N177536",43,5,-0.158814710879559,TRUE,1,FALSE
"FAM195B","N177536",43,9,0.258938856259329,TRUE,1,TRUE
"C11orf96","N177536",43,1,NA,FALSE,1,NA
"PXDN","N177536",43,5,0.0693034306229332,TRUE,1,TRUE
"COMMD5","N177536",43,3,NA,FALSE,1,NA
"P4HA3","N177536",43,5,-0.23313619812294,TRUE,1,FALSE
"VOPP1","N177536",43,5,-0.070930908445781,TRUE,1,FALSE
"ALDH1L2","N177536",43,0,NA,FALSE,1,NA
"TNFSF10","N177536",43,8,0.276270645869846,TRUE,1,TRUE
"HEXA","N177536",43,6,0.223564598738984,TRUE,1,TRUE
"SEMA3B","N177536",43,7,0.324033355337345,TRUE,1,TRUE
"UBE2L6","N177536",43,5,0.194212353526498,TRUE,1,TRUE
"SURF4","N177536",43,9,0.442924521653925,TRUE,1,TRUE
"SPARCL1","N177536",43,13,0.137397673702765,TRUE,1,TRUE
"LASP1","N177536",43,5,0.288741690403571,TRUE,1,TRUE
"TP53I3","N177536",43,1,NA,FALSE,1,NA
"SRPRB","N177536",43,3,NA,FALSE,1,NA
"SHISA5","N177536",43,8,0.122786953719932,TRUE,1,TRUE
"CTGF","N177536",43,13,0.0973581893444878,TRUE,1,TRUE
"AC024592.12","N177536",43,2,NA,FALSE,1,NA
"TENM3","N177536",43,4,NA,FALSE,1,NA
"TMEM261","N177536",43,4,NA,FALSE,1,NA
"JTB","N177536",43,13,0.185333576089936,TRUE,1,TRUE
"NSMCE1","N177536",43,4,NA,FALSE,1,NA
"CCDC28B","N177536",43,2,NA,FALSE,1,NA
"GRN","N177536",43,16,0.343086017924848,TRUE,1,TRUE
"FLNA","N177536",43,18,-0.0473341188157058,TRUE,1,FALSE
"COPG1","N177536",43,6,-0.045113932480961,TRUE,1,FALSE
"EIF4E2","N177536",43,8,0.180843828576638,TRUE,1,TRUE
"LAMB2","N177536",43,12,0.349804855817506,TRUE,1,TRUE
"SHC1","N177536",43,6,-0.00701772283037171,TRUE,1,FALSE
"LUM","N177536",43,27,-0.0875226365617966,TRUE,1,FALSE
"ISLR","N177536",43,27,0.239388752615437,TRUE,1,TRUE
"MYO1D","N177536",43,13,0.128386467246262,TRUE,1,TRUE
"NEK6","N177536",43,2,NA,FALSE,1,NA
"PGM1","N177536",43,1,NA,FALSE,1,NA
"PFN1","N177536",43,27,0.22760536841934,TRUE,1,TRUE
"TMEM176B","N177536",43,12,0.173756778817648,TRUE,1,TRUE
"MLEC","N177536",43,9,-0.093426073599102,TRUE,1,FALSE
"HN1","N177536",43,6,-0.147622812396033,TRUE,1,FALSE
"EDIL3","N177536",43,5,-0.426534812738014,TRUE,1,FALSE
"SNF8","N177536",43,6,-0.234843081859225,TRUE,1,FALSE
"MPG","N177536",43,12,-0.130603996386012,TRUE,1,FALSE
"LINC01116","N177536",43,3,NA,FALSE,1,NA
"SWI5","N177536",43,2,NA,FALSE,1,NA
"NXN","N177536",43,8,-0.143473886140137,TRUE,1,FALSE
"PTN","N177536",43,13,-0.136654481417692,TRUE,1,FALSE
"KRT6A","N177536",43,0,NA,FALSE,1,NA
"TPM4","N177536",43,19,-0.193617516541491,TRUE,1,FALSE
"FAM89B","N177536",43,2,NA,FALSE,1,NA
"SMCO4","N177536",43,4,NA,FALSE,1,NA
"APBB2","N177536",43,14,0.281628062780091,TRUE,1,TRUE
"A1BG","N177536",43,7,0.136119847349033,TRUE,1,TRUE
"HES4","N177536",43,6,0.242362070606052,TRUE,1,TRUE
"SSR4","N177536",43,24,0.222412200490511,TRUE,1,TRUE
"VAMP5","N177536",43,11,-0.119239895205465,TRUE,1,FALSE
"KRT16","N177536",43,2,NA,FALSE,1,NA
"CTSZ","N177536",43,9,0.0354594415705683,TRUE,1,TRUE
"FIBIN","N177536",43,2,NA,FALSE,1,NA
"DNAJC1","N177536",43,8,0.27404624453434,TRUE,1,TRUE
"ZFHX4","N177536",43,1,NA,FALSE,1,NA
"NEK10","N177536",43,3,NA,FALSE,1,NA
"SGCD","N177536",43,9,0.0984158752572359,TRUE,1,TRUE
"MSRB3","N177536",43,8,0.0894209336873415,TRUE,1,TRUE
"PGAM1","N177536",43,8,0.121897193185729,TRUE,1,TRUE
"LRRC59","N177536",43,5,0.032413933305051,TRUE,1,TRUE
"TAF10","N177536",43,7,0.074695619425354,TRUE,1,TRUE
"GPAA1","N177536",43,8,-0.297402458557153,TRUE,1,FALSE
"DBN1","N177536",43,3,NA,FALSE,1,NA
"APOL2","N177536",43,1,NA,FALSE,1,NA
"MAP4","N177536",43,17,0.157223375021481,TRUE,1,TRUE
"NDUFS8","N177536",43,10,0.23047856578025,TRUE,1,TRUE
"CAMK1D","N177536",43,9,0.154790017394876,TRUE,1,TRUE
"SH3PXD2A","N177536",43,15,0.106212409394206,TRUE,1,TRUE
"LAMC1","N177536",43,15,0.422542601115462,TRUE,1,TRUE
"MYH9","N177536",43,11,0.201851185112471,TRUE,1,TRUE
"PLPP4","N177536",43,0,NA,FALSE,1,NA
"SEC24D","N177536",43,9,0.211482657510695,TRUE,1,TRUE
"RPL22L1","N177536",43,6,-0.269430430094628,TRUE,1,FALSE
"EIF4EBP1","N177536",43,8,0.058501755123808,TRUE,1,TRUE
"OSTC","N177536",43,13,0.141299433199395,TRUE,1,TRUE
"ILK","N177536",43,6,0.219053205490888,TRUE,1,TRUE
"COPE","N177536",43,10,0.011421946622738,TRUE,1,TRUE
"AHR","N177536",43,10,0.0801575896917152,TRUE,1,TRUE
"FAM50A","N177536",43,3,NA,FALSE,1,NA
"RYR2","N177536",43,0,NA,FALSE,1,NA
"CNN3","N177536",43,12,0.113228318504247,TRUE,1,TRUE
"NGFR","N177536",43,1,NA,FALSE,1,NA
"CCDC107","N177536",43,5,0.353162687557961,TRUE,1,TRUE
"AQP1","N177536",43,7,-0.0371129178276916,TRUE,1,FALSE
"CYR61","N177536",43,11,0.205494352843769,TRUE,1,TRUE
"SMTN","N177536",43,3,NA,FALSE,1,NA
"DAP","N177536",43,2,NA,FALSE,1,NA
"PHLDA3","N177536",43,7,0.0810377003199595,TRUE,1,TRUE
"GARS","N177536",43,11,0.244190701989721,TRUE,1,TRUE
"CGREF1","N177536",43,1,NA,FALSE,1,NA
"IDH2","N177536",43,9,-0.181331515576439,TRUE,1,FALSE
"ERLEC1","N177536",43,7,0.414701622941706,TRUE,1,TRUE
"C9orf16","N177536",43,8,-0.104324422635232,TRUE,1,FALSE
"C1QTNF3","N177536",43,1,NA,FALSE,1,NA
"SDF4","N177536",43,11,0.34363933465489,TRUE,1,TRUE
"ZCCHC24","N177536",43,6,-0.0879721683378739,TRUE,1,FALSE
"GMPPA","N177536",43,3,NA,FALSE,1,NA
"ALDH18A1","N177536",43,3,NA,FALSE,1,NA
"CIB1","N177536",43,10,0.240880695740243,TRUE,1,TRUE
"IGFBP6","N177536",43,12,0.438783601893356,TRUE,1,TRUE
"SLC27A4","N177536",43,16,0.167278367948138,TRUE,1,TRUE
"JOSD2","N177536",43,4,NA,FALSE,1,NA
"ENAH","N177536",43,8,-0.064062758462573,TRUE,1,FALSE
"CD99","N177536",43,27,0.202255587944843,TRUE,1,TRUE
"UCHL1","N177536",43,1,NA,FALSE,1,NA
"CALU","N177536",43,11,0.237002830519863,TRUE,1,TRUE
"TMEM176A","N177536",43,3,NA,FALSE,1,NA
"CKLF","N177536",43,2,NA,FALSE,1,NA
"CYBA","N177536",43,15,-0.0252886689033823,TRUE,1,FALSE
"CSRP2","N177536",43,3,NA,FALSE,1,NA
"VEGFB","N177536",43,12,0.378064200064772,TRUE,1,TRUE
"LAMTOR2","N177536",43,2,NA,FALSE,1,NA
"TUBA1C","N177536",43,10,0.235169722428874,TRUE,1,TRUE
"KIAA1462","N177536",43,1,NA,FALSE,1,NA
"ACKR1","N177536",43,0,NA,FALSE,1,NA
"PACS1","N177536",43,7,-0.0131539455591818,TRUE,1,FALSE
"RRBP1","N177536",43,23,0.0187877000973488,TRUE,1,TRUE
"FBLN7","N177536",43,6,0.250883591185789,TRUE,1,TRUE
"RTEL1-TNFRSF6B","N177536",43,3,NA,FALSE,1,NA
"NUCB1","N177536",43,11,0.0363332133202448,TRUE,1,TRUE
"FKBP7","N177536",43,4,NA,FALSE,1,NA
"S100A7","N177536",43,0,NA,FALSE,1,NA
"COTL1","N177536",43,1,NA,FALSE,1,NA
"HLA-DRB1","N177536",43,2,NA,FALSE,1,NA
"SIL1","N177536",43,3,NA,FALSE,1,NA
"SSR3","N177536",43,4,NA,FALSE,1,NA
"IL1R1","N177536",43,2,NA,FALSE,1,NA
"S100A16","N177536",43,6,0.263415239097167,TRUE,1,TRUE
"LMCD1","N177536",43,0,NA,FALSE,1,NA
"KHDRBS3","N177536",43,4,NA,FALSE,1,NA
"GALNS","N177536",43,0,NA,FALSE,1,NA
"ADAMTS12","N177536",43,4,NA,FALSE,1,NA
"SAR1A","N177536",43,5,-0.0698459232305492,TRUE,1,FALSE
"ARF4","N177536",43,10,0.152360609414024,TRUE,1,TRUE
"TMSB4X","N177536",43,36,0.329752556053808,TRUE,1,TRUE
"YIF1A","N177536",43,5,0.0638785045467741,TRUE,1,TRUE
"ARFGAP1","N177536",43,5,0.338651010304235,TRUE,1,TRUE
"GPR78","N177536",43,5,0.0987336545860967,TRUE,1,TRUE
"ITGBL1","N177536",43,6,0.23534434777568,TRUE,1,TRUE
"XG","N177536",43,4,NA,FALSE,1,NA
"CDKN2A","N177536",43,0,NA,FALSE,1,NA
"LAMA4","N177536",43,13,0.481681499762566,TRUE,1,TRUE
"LGMN","N177536",43,2,NA,FALSE,1,NA
"CTSA","N177536",43,5,0.127214516485932,TRUE,1,TRUE
"SCO2","N177536",43,4,NA,FALSE,1,NA
"CCL14","N177536",43,1,NA,FALSE,1,NA
"SEC61A1","N177536",43,17,0.160473912698748,TRUE,1,TRUE
"FMOD","N177536",43,7,0.335895395529108,TRUE,1,TRUE
"AKR1A1","N177536",43,8,0.230892858625524,TRUE,1,TRUE
"IFI6","N177536",43,10,0.0206002965874383,TRUE,1,TRUE
"ANXA6","N177536",43,11,0.264080428522755,TRUE,1,TRUE
"C7orf50","N177536",43,6,-0.3082785386199,TRUE,1,FALSE
"IFITM3","N177536",43,36,0.444916252775675,TRUE,1,TRUE
"FTL","N177536",43,38,0.0485114238539615,TRUE,1,TRUE
"FARP1","N177536",43,7,0.284806410544785,TRUE,1,TRUE
"HMCN1","N177536",43,5,0.107277913156047,TRUE,1,TRUE
"PARVB","N177536",43,4,NA,FALSE,1,NA
"RP11-25H12.1","N177536",43,8,0.126790876123842,TRUE,1,TRUE
"SRA1","N177536",43,4,NA,FALSE,1,NA
"LOX","N177536",43,4,NA,FALSE,1,NA
"TUBB2A","N177536",43,8,0.347006608338937,TRUE,1,TRUE
"PLTP","N177536",43,6,0.18396459133903,TRUE,1,TRUE
"RP11-417E7.2","N177536",43,0,NA,FALSE,1,NA
"C1S","N177536",43,20,0.520587880413199,TRUE,1,TRUE
"LGALS1","N177536",43,37,-0.214796241388618,TRUE,1,FALSE
"TGFB3","N177536",43,1,NA,FALSE,1,NA
"CRABP2","N177536",43,17,0.102049774973138,TRUE,1,TRUE
"NID2","N177536",43,2,NA,FALSE,1,NA
"C4orf48","N177536",43,2,NA,FALSE,1,NA
"HTRA1","N177536",43,18,0.0160026380337795,TRUE,1,TRUE
"FLNC","N177536",43,4,NA,FALSE,1,NA
"MXRA7","N177536",43,14,0.0850505868923777,TRUE,1,TRUE
"CLEC11A","N177536",43,13,0.017465018699202,TRUE,1,TRUE
"IFT20","N177536",43,5,0.235713038009115,TRUE,1,TRUE
"ROR2","N177536",43,7,0.0781015517576421,TRUE,1,TRUE
"NME1-NME2","N177536",43,26,0.128921484268178,TRUE,1,TRUE
"TNFAIP6","N177536",43,5,0.314781335569135,TRUE,1,TRUE
"RP11-14N7.2","N177536",43,6,0.26516966980476,TRUE,1,TRUE
"S100A9","N177536",43,0,NA,FALSE,1,NA
"SNX8","N177536",43,3,NA,FALSE,1,NA
"ECM1","N177536",43,9,-0.119012077846129,TRUE,1,FALSE
"GPX7","N177536",43,5,0.0716090242053009,TRUE,1,TRUE
"HIC1","N177536",43,5,0.211300870666399,TRUE,1,TRUE
"EPHB2","N177536",43,2,NA,FALSE,1,NA
"GLIPR2","N177536",43,5,0.13942060015729,TRUE,1,TRUE
"EVL","N177536",43,8,0.182623349645043,TRUE,1,TRUE
"PRAF2","N177536",43,4,NA,FALSE,1,NA
"TMEM214","N177536",43,3,NA,FALSE,1,NA
"CYB561","N177536",43,1,NA,FALSE,1,NA
"MAGED1","N177536",43,10,0.167045969357544,TRUE,1,TRUE
"HM13","N177536",43,20,0.0129613748984061,TRUE,1,TRUE
"FNDC1","N177536",43,4,NA,FALSE,1,NA
"C11orf24","N177536",43,3,NA,FALSE,1,NA
"HTRA3","N177536",43,6,0.266673467554125,TRUE,1,TRUE
"NT5DC2","N177536",43,3,NA,FALSE,1,NA
"PLAU","N177536",43,2,NA,FALSE,1,NA
"NAGK","N177536",43,6,0.111782299369492,TRUE,1,TRUE
"SPATS2L","N177536",43,17,-0.0340451051461096,TRUE,1,FALSE
"FKBP9","N177536",43,7,0.27411882977795,TRUE,1,TRUE
"PLOD1","N177536",43,10,0.324097735420192,TRUE,1,TRUE
"SEMA6B","N177536",43,0,NA,FALSE,1,NA
"TXNDC5","N177536",43,5,-0.106057304788912,TRUE,1,FALSE
"P4HB","N177536",43,21,-0.106678689022554,TRUE,1,FALSE
"CUEDC1","N177536",43,5,0.320206261645294,TRUE,1,TRUE
"SLC38A10","N177536",43,6,0.25790131401616,TRUE,1,TRUE
"POLD4","N177536",43,4,NA,FALSE,1,NA
"CISD1","N177536",43,4,NA,FALSE,1,NA
"TTYH3","N177536",43,2,NA,FALSE,1,NA
"DAB2","N177536",43,10,0.417105015062488,TRUE,1,TRUE
"OLFML3","N177536",43,15,0.178174200554357,TRUE,1,TRUE
"RPS26","N177536",43,30,0.252818908131447,TRUE,1,TRUE
"HDLBP","N177536",43,16,0.225764873286924,TRUE,1,TRUE
"KDELR2","N177536",43,13,0.203170190931674,TRUE,1,TRUE
"PLIN3","N177536",43,7,-0.219976250288818,TRUE,1,FALSE
"METRN","N177536",43,3,NA,FALSE,1,NA
"IFI27","N177536",43,6,0.150129141978309,TRUE,1,TRUE
"BACE2","N177536",43,5,0.380694187394469,TRUE,1,TRUE
"ANGPTL2","N177536",43,13,0.142600019698272,TRUE,1,TRUE
"TMED3","N177536",43,8,0.345004647136982,TRUE,1,TRUE
"TGFBI","N177536",43,10,0.289016042221782,TRUE,1,TRUE
"ABI3BP","N177536",43,8,0.242682185703705,TRUE,1,TRUE
"SORCS2","N177536",43,5,0.102802349143216,TRUE,1,TRUE
"TPM1","N177536",43,8,0.23311725996103,TRUE,1,TRUE
"HMCN2","N177536",43,3,NA,FALSE,1,NA
"MYOF","N177536",43,5,0.112974085536014,TRUE,1,TRUE
"AP2S1","N177536",43,10,0.331032488726854,TRUE,1,TRUE
"PDGFRL","N177536",43,8,0.42219137347904,TRUE,1,TRUE
"SEC13","N177536",43,12,0.0532726827363996,TRUE,1,TRUE
"RUNX1","N177536",43,3,NA,FALSE,1,NA
"PLXDC2","N177536",43,11,0.174084339160414,TRUE,1,TRUE
"LRP1","N177536",43,26,0.43727299077659,TRUE,1,TRUE
"BGN","N177536",43,13,-0.17715846095414,TRUE,1,FALSE
"ADAMTS14","N177536",43,1,NA,FALSE,1,NA
"FKBP14","N177536",43,5,0.250360338414745,TRUE,1,TRUE
"ATOX1","N177536",43,9,-0.0893917658755044,TRUE,1,FALSE
"NME4","N177536",43,13,-0.102653434375629,TRUE,1,FALSE
"ISOC2","N177536",43,8,0.168164740964254,TRUE,1,TRUE
"CD151","N177536",43,10,0.240676732407695,TRUE,1,TRUE
"CTSB","N177536",43,14,0.0223053777990671,TRUE,1,TRUE
"MVP","N177536",43,4,NA,FALSE,1,NA
"MAP4K4","N177536",43,10,0.0736307630501506,TRUE,1,TRUE
"C1R","N177536",43,26,0.651466605509936,TRUE,1,TRUE
"FAM20C","N177536",43,2,NA,FALSE,1,NA
"GPX8","N177536",43,0,NA,FALSE,1,NA
"OST4","N177536",43,20,0.258899361894745,TRUE,1,TRUE
"RCN1","N177536",43,10,0.397320571805245,TRUE,1,TRUE
"INAFM1","N177536",43,5,0.0960211915480171,TRUE,1,TRUE
"PRDX4","N177536",43,13,0.0671660027634205,TRUE,1,TRUE
"AC005943.2","N177536",43,3,NA,FALSE,1,NA
"S100A8","N177536",43,0,NA,FALSE,1,NA
"FBLN1","N177536",43,21,0.21376300043683,TRUE,1,TRUE
"TMEM119","N177536",43,6,-0.18296205950612,TRUE,1,FALSE
"MIR99AHG","N177536",43,14,0.250436802768387,TRUE,1,TRUE
"EHD2","N177536",43,9,0.104998166806264,TRUE,1,TRUE
"LRRC32","N177536",43,2,NA,FALSE,1,NA
"ISG15","N177536",43,4,NA,FALSE,1,NA
"CADM1","N177536",43,0,NA,FALSE,1,NA
"FAM114A1","N177536",43,9,0.225390402557834,TRUE,1,TRUE
"PDXK","N177536",43,9,0.175704717961948,TRUE,1,TRUE
"CTSK","N177536",43,20,0.386216158365165,TRUE,1,TRUE
"PHPT1","N177536",43,15,-0.00771969892840093,TRUE,1,FALSE
"KDELR3","N177536",43,0,NA,FALSE,1,NA
"SSC5D","N177536",43,4,NA,FALSE,1,NA
"ARHGAP1","N177536",43,1,NA,FALSE,1,NA
"HEG1","N177536",43,6,0.461916542013395,TRUE,1,TRUE
"TNFRSF12A","N177536",43,1,NA,FALSE,1,NA
"DPT","N177536",43,15,0.4559946298052,TRUE,1,TRUE
"ITGA11","N177536",43,4,NA,FALSE,1,NA
"PIEZO2","N177536",43,6,0.205017759830145,TRUE,1,TRUE
"B4GALT2","N177536",43,8,0.213097647941475,TRUE,1,TRUE
"TYMP","N177536",43,8,0.431978739355267,TRUE,1,TRUE
"CD74","N177536",43,5,0.18132815409562,TRUE,1,TRUE
"HLA-DRA","N177536",43,1,NA,FALSE,1,NA
"EFEMP2","N177536",43,15,0.184385452565714,TRUE,1,TRUE
"PALLD","N177536",43,11,0.113135127655722,TRUE,1,TRUE
"CST3","N177536",43,34,0.672337059622768,TRUE,1,TRUE
"C1orf122","N177536",43,11,0.152028404787149,TRUE,1,TRUE
"GAS6","N177536",43,8,0.159489575755781,TRUE,1,TRUE
"ZMAT3","N177536",43,6,0.00952405241264732,TRUE,1,TRUE
"LIMA1","N177536",43,7,0.332372017254327,TRUE,1,TRUE
"PDLIM7","N177536",43,3,NA,FALSE,1,NA
"PDLIM2","N177536",43,8,0.179954068042436,TRUE,1,TRUE
"MYDGF","N177536",43,5,0.0534355218501677,TRUE,1,TRUE
"CILP2","N177536",43,0,NA,FALSE,1,NA
"GUCY1A3","N177536",43,4,NA,FALSE,1,NA
"BNC2","N177536",43,8,0.21843621114669,TRUE,1,TRUE
"COL18A1","N177536",43,13,0.314834831763806,TRUE,1,TRUE
"LGALS3BP","N177536",43,16,0.487039410529541,TRUE,1,TRUE
"TMSB10","N177536",43,43,0.252038659015403,TRUE,1,TRUE
"S100A11","N177536",43,34,0.0835870306525598,TRUE,1,TRUE
"C1QTNF5","N177536",43,11,0.0977747447886263,TRUE,1,TRUE
"FSTL1","N177536",43,23,0.250369986466788,TRUE,1,TRUE
"OGN","N177536",43,5,0.276806853036021,TRUE,1,TRUE
"THBS4","N177536",43,1,NA,FALSE,1,NA
"GOLM1","N177536",43,3,NA,FALSE,1,NA
"P3H3","N177536",43,10,0.279021838926887,TRUE,1,TRUE
"HCFC1R1","N177536",43,19,0.242374909166912,TRUE,1,TRUE
"ARPC1B","N177536",43,6,-0.0674202657632139,TRUE,1,FALSE
"FKBP11","N177536",43,4,NA,FALSE,1,NA
"CCDC80","N177536",43,24,0.491897437732564,TRUE,1,TRUE
"AK1","N177536",43,6,0.0313291197784451,TRUE,1,TRUE
"C1QTNF6","N177536",43,1,NA,FALSE,1,NA
"PODN","N177536",43,8,0.376146265834066,TRUE,1,TRUE
"ACTA2","N177536",43,4,NA,FALSE,1,NA
"CKAP4","N177536",43,9,0.139502114442296,TRUE,1,TRUE
"SULF1","N177536",43,1,NA,FALSE,1,NA
"ZNF469","N177536",43,1,NA,FALSE,1,NA
"P3H1","N177536",43,7,0.19437303482541,TRUE,1,TRUE
"MIR4435-2HG","N177536",43,2,NA,FALSE,1,NA
"FAP","N177536",43,3,NA,FALSE,1,NA
"TSHZ2","N177536",43,9,0.199804398310807,TRUE,1,TRUE
"COL11A1","N177536",43,2,NA,FALSE,1,NA
"VKORC1","N177536",43,14,0.217613441942118,TRUE,1,TRUE
"SMOC2","N177536",43,5,0.263922653605143,TRUE,1,TRUE
"CHPF","N177536",43,3,NA,FALSE,1,NA
"NBL1","N177536",43,12,0.402886597038721,TRUE,1,TRUE
"COL12A1","N177536",43,4,NA,FALSE,1,NA
"FKBP10","N177536",43,12,0.243259490344707,TRUE,1,TRUE
"SULF2","N177536",43,2,NA,FALSE,1,NA
"COL16A1","N177536",43,9,0.251082572797587,TRUE,1,TRUE
"MMP2","N177536",43,22,0.198390197907204,TRUE,1,TRUE
"SERF2","N177536",43,38,0.155357457077484,TRUE,1,TRUE
"MXRA5","N177536",43,12,0.144924610024829,TRUE,1,TRUE
"P4HA2","N177536",43,8,0.175950145638525,TRUE,1,TRUE
"NREP","N177536",43,6,0.00751898874682683,TRUE,1,TRUE
"PYCR1","N177536",43,4,NA,FALSE,1,NA
"EMILIN1","N177536",43,14,0.10481714120212,TRUE,1,TRUE
"MYL9","N177536",43,16,0.279725637141162,TRUE,1,TRUE
"RARRES2","N177536",43,20,0.259063429931434,TRUE,1,TRUE
"LINC00152","N177536",43,0,NA,FALSE,1,NA
"P3H4","N177536",43,6,0.199253201790911,TRUE,1,TRUE
"PPIB","N177536",43,33,-0.0844905099451387,TRUE,1,FALSE
"VCAN","N177536",43,16,0.0572680364775622,TRUE,1,TRUE
"CPXM1","N177536",43,8,0.0393719036384563,TRUE,1,TRUE
"IGFBP4","N177536",43,12,0.399640591280589,TRUE,1,TRUE
"ARMC9","N177536",43,4,NA,FALSE,1,NA
"SERPINF1","N177536",43,28,0.41864131577686,TRUE,1,TRUE
"COPZ2","N177536",43,10,0.266988002306502,TRUE,1,TRUE
"PPIC","N177536",43,11,0.143658965404437,TRUE,1,TRUE
"FOXP1","N177536",43,10,0.333480048717441,TRUE,1,TRUE
"OLFML2B","N177536",43,6,0.111782299369492,TRUE,1,TRUE
"LRRC15","N177536",43,2,NA,FALSE,1,NA
"ASPN","N177536",43,3,NA,FALSE,1,NA
"COL5A3","N177536",43,7,0.289386802302,TRUE,1,TRUE
"SFRP4","N177536",43,4,NA,FALSE,1,NA
"SEPT11","N177536",43,12,0.117619973353484,TRUE,1,TRUE
"BASP1","N177536",43,5,0.293759747024018,TRUE,1,TRUE
"NNMT","N177536",43,12,0.29805970520258,TRUE,1,TRUE
"MARCKS","N177536",43,20,0.270384124462954,TRUE,1,TRUE
"HSPG2","N177536",43,20,0.396060240566486,TRUE,1,TRUE
"TIMP1","N177536",43,25,0.485243559221997,TRUE,1,TRUE
"ARL4C","N177536",43,1,NA,FALSE,1,NA
"AEBP1","N177536",43,21,0.421198291562816,TRUE,1,TRUE
"WISP2","N177536",43,3,NA,FALSE,1,NA
"TAGLN","N177536",43,6,0.138349392941614,TRUE,1,TRUE
"BMP1","N177536",43,4,NA,FALSE,1,NA
"COL8A1","N177536",43,4,NA,FALSE,1,NA
"THBS2","N177536",43,6,0.403268429788146,TRUE,1,TRUE
"FBN1","N177536",43,15,0.399915897359804,TRUE,1,TRUE
"MRC2","N177536",43,25,0.507595977902823,TRUE,1,TRUE
"COL6A1","N177536",43,37,-0.0631308910804281,TRUE,1,FALSE
"CTHRC1","N177536",43,5,0.38923844596442,TRUE,1,TRUE
"PCOLCE","N177536",43,33,0.340545382710532,TRUE,1,TRUE
"COL14A1","N177536",43,10,0.458101644904815,TRUE,1,TRUE
"ADAMTS2","N177536",43,5,0.0866631940666426,TRUE,1,TRUE
"COMP","N177536",43,0,NA,FALSE,1,NA
"IGFBP7","N177536",43,21,0.358489069802789,TRUE,1,TRUE
"COL6A3","N177536",43,30,0.385123897002173,TRUE,1,TRUE
"RCN3","N177536",43,8,0.264036438524563,TRUE,1,TRUE
"POSTN","N177536",43,2,NA,FALSE,1,NA
"ADAM12","N177536",43,2,NA,FALSE,1,NA
"COL6A2","N177536",43,41,0.11817117839811,TRUE,1,TRUE
"MDK","N177536",43,13,-0.22667364694709,TRUE,1,FALSE
"CREB3L1","N177536",43,8,0.509610345964426,TRUE,1,TRUE
"CERCAM","N177536",43,9,0.204794199968941,TRUE,1,TRUE
"GXYLT2","N177536",43,6,0.208275988287103,TRUE,1,TRUE
"SERPINH1","N177536",43,16,0.407490800589584,TRUE,1,TRUE
"THY1","N177536",43,8,0.280274568273757,TRUE,1,TRUE
"FN1","N177536",43,17,0.149353652223888,TRUE,1,TRUE
"SFRP2","N177536",43,8,0.591913195378148,TRUE,1,TRUE
"COL5A2","N177536",43,22,0.328508465360511,TRUE,1,TRUE
"COL3A1","N177536",43,38,0.364364619663243,TRUE,1,TRUE
"COL5A1","N177536",43,19,0.350438568120357,TRUE,1,TRUE
"COL1A2","N177536",43,36,0.21080555786276,TRUE,1,TRUE
"SPARC","N177536",43,28,0.367719224289074,TRUE,1,TRUE
"COL1A1","N177536",43,38,0.693365771470328,TRUE,1,TRUE
"LAMC3","N387690",305,147,-0.0633017470091519,TRUE,-1,TRUE
"SEMA3G","N387690",305,135,-0.190309208386681,TRUE,-1,TRUE
"IGFBP3","N387690",305,218,-0.121555482218985,TRUE,-1,TRUE
"ALX4","N387690",305,134,-0.156111848594876,TRUE,-1,TRUE
"COL23A1","N387690",305,148,-0.0545086160376517,TRUE,-1,TRUE
"TFAP2A","N387690",305,159,-0.137816853764499,TRUE,-1,TRUE
"TCF4","N387690",305,261,-0.0275079393610568,TRUE,-1,TRUE
"BMP7","N387690",305,123,-0.131561676764631,TRUE,-1,TRUE
"BMP4","N387690",305,122,-0.061780068393332,TRUE,-1,TRUE
"SLC5A3","N387690",305,114,-0.187431950932916,TRUE,-1,TRUE
"GADD45G","N387690",305,138,-0.0293137602284303,TRUE,-1,TRUE
"SERPINE2","N387690",305,178,-0.207791841423233,TRUE,-1,TRUE
"INHBB","N387690",305,93,-0.0563747205060546,TRUE,-1,TRUE
"PRLR","N387690",305,88,-0.01411032295739,TRUE,-1,TRUE
"TRPS1","N387690",305,202,-0.160671042494337,TRUE,-1,TRUE
"TIMP3","N387690",305,210,0.00844992452964706,TRUE,-1,FALSE
"PRDM1","N387690",305,88,-0.128084149274573,TRUE,-1,TRUE
"PTCH1","N387690",305,108,-0.0496051691526806,TRUE,-1,TRUE
"APCDD1","N387690",305,153,-0.0596351259622279,TRUE,-1,TRUE
"DAAM2","N387690",305,132,0.0388254940557665,TRUE,-1,FALSE
"INHBA","N387690",305,160,-0.276508013558109,TRUE,-1,TRUE
"BCL2","N387690",305,117,0.0284580127123375,TRUE,-1,FALSE
"CENPW","N387690",305,83,-0.174224201410536,TRUE,-1,TRUE
"CEBPA","N387690",305,98,-0.101053545832627,TRUE,-1,TRUE
"IGFBP2","N387690",305,90,-0.0781350705520456,TRUE,-1,TRUE
"MRPS6","N387690",305,154,-0.116946167380126,TRUE,-1,TRUE
"CRABP1","N387690",305,55,-0.0444438548414005,TRUE,-1,TRUE
"ROBO2","N387690",305,125,-0.0437656852362139,TRUE,-1,TRUE
"DKK2","N387690",305,124,0.0298678466279969,TRUE,-1,FALSE
"PHLDA1","N387690",305,83,-0.168959628883251,TRUE,-1,TRUE
"DIO2","N387690",305,146,-0.130839216967531,TRUE,-1,TRUE
"MYLIP","N387690",305,130,-0.0222322570104673,TRUE,-1,TRUE
"LUZP2","N387690",305,87,0.0459453322263344,TRUE,-1,FALSE
"ZDHHC14","N387690",305,90,0.0305876471964029,TRUE,-1,FALSE
"PGM2L1","N387690",305,83,-0.122111636464174,TRUE,-1,TRUE
"PREX2","N387690",305,80,0.095334381137184,TRUE,-1,FALSE
"TNN","N387690",305,95,-0.0789489349853717,TRUE,-1,TRUE
"F2R","N387690",305,146,-0.140858242856607,TRUE,-1,TRUE
"PLEKHH2","N387690",305,117,0.212567403869518,TRUE,-1,FALSE
"HIST1H2BD","N387690",305,97,0.0836826985822249,TRUE,-1,FALSE
"TWIST1","N387690",305,153,-0.0149482056889123,TRUE,-1,TRUE
"HIST2H2BE","N387690",305,83,0.0127368334792438,TRUE,-1,FALSE
"ITGA8","N387690",305,106,-0.00185954865285133,TRUE,-1,TRUE
"CPE","N387690",305,126,-0.0468098212532088,TRUE,-1,TRUE
"SOX18","N387690",305,83,-0.227550024072427,TRUE,-1,TRUE
"PTMA","N387690",305,305,-0.257752762773452,TRUE,1,FALSE
"RPL35A","N387690",305,299,-0.108916838552511,TRUE,1,FALSE
"RPL34","N387690",305,301,-0.0335687426255291,TRUE,1,FALSE
"SLC35F1","N387690",305,270,-0.0740728332759961,TRUE,1,FALSE
"H3F3B","N387690",305,288,-0.19820411501713,TRUE,1,FALSE
"RPL13","N387690",305,304,-0.0928310802209054,TRUE,1,FALSE
"RPL11","N387690",305,302,-0.0114576533127296,TRUE,1,FALSE
"RPS27A","N387690",305,296,-0.0084049207620642,TRUE,1,FALSE
"RPS13","N387690",305,298,0.0286354239664982,TRUE,1,TRUE
"RPL26","N387690",305,299,-0.0484754846448065,TRUE,1,FALSE
"RPL37A","N387690",305,304,-0.199808045245249,TRUE,1,FALSE
"RPL5","N387690",305,297,0.000308331712914942,TRUE,1,TRUE
"RPL13A","N387690",305,305,-0.184535294570516,TRUE,1,FALSE
"FAU","N387690",305,297,-0.119348007708499,TRUE,1,FALSE
"RPL19","N387690",305,298,-0.102055749057289,TRUE,1,FALSE
"RPL6","N387690",305,288,-0.00207896647170109,TRUE,1,FALSE
"RPS14","N387690",305,304,-0.0871147225194354,TRUE,1,FALSE
"RPL4","N387690",305,296,-0.0950083612609376,TRUE,1,FALSE
"RPL30","N387690",305,303,-0.0885377577046975,TRUE,1,FALSE
"RPS27","N387690",305,301,-0.0396156291525163,TRUE,1,FALSE
"RPL24","N387690",305,297,-0.0395051342606973,TRUE,1,FALSE
"GNB2L1","N387690",305,288,-0.072310622070853,TRUE,1,FALSE
"RPL12","N387690",305,301,0.0654182365093164,TRUE,1,TRUE
"RPS23","N387690",305,303,0.00997331623497198,TRUE,1,TRUE
"RPL38","N387690",305,298,0.0095741113898347,TRUE,1,TRUE
"RPS9","N387690",305,298,-0.129061339301871,TRUE,1,FALSE
"RPL37","N387690",305,301,-0.0780440517232163,TRUE,1,FALSE
"RPL3","N387690",305,294,-0.10168405817909,TRUE,1,FALSE
"RPS6","N387690",305,299,-0.0263939293266814,TRUE,1,FALSE
"RPL18","N387690",305,302,-0.0745126082310277,TRUE,1,FALSE
"RPL9","N387690",305,292,-0.112026452253271,TRUE,1,FALSE
"RPS21","N387690",305,293,0.0239909435848347,TRUE,1,TRUE
"EEF1A1","N387690",305,305,-0.0970880479656518,TRUE,1,FALSE
"RPL32","N387690",305,301,-0.0778015075138633,TRUE,1,FALSE
"RPS4X","N387690",305,300,-0.0258159311169971,TRUE,1,FALSE
"RPL23","N387690",305,296,-0.0534652636235846,TRUE,1,FALSE
"RPL14","N387690",305,293,-0.0920753373525774,TRUE,1,FALSE
"RPS3A","N387690",305,287,-0.0870989230404781,TRUE,1,FALSE
"RPL21","N387690",305,292,-0.0526520203846305,TRUE,1,FALSE
"RPL7","N387690",305,267,-0.0943124701108093,TRUE,1,FALSE
"RPL22","N387690",305,245,0.0127790260962046,TRUE,1,TRUE
"RPS8","N387690",305,304,0.0797029892982674,TRUE,1,TRUE
"HSP90AB1","N387690",305,226,-0.0662235198917023,TRUE,1,FALSE
"VIM","N387690",305,297,-0.158962889407636,TRUE,1,FALSE
"RPS16","N387690",305,295,-0.0462689452168703,TRUE,1,FALSE
"NACA","N387690",305,280,-0.033330468341379,TRUE,1,FALSE
"RPS20","N387690",305,302,0.0261371218185213,TRUE,1,TRUE
"GLTSCR2","N387690",305,237,-0.0296620003796959,TRUE,1,FALSE
"RPL36A","N387690",305,292,-0.0228705085365273,TRUE,1,FALSE
"RPS3","N387690",305,302,0.0217562299436918,TRUE,1,TRUE
"JUNB","N387690",305,241,-0.0888681422609333,TRUE,1,FALSE
"RPL23A","N387690",305,298,-0.0811093644461067,TRUE,1,FALSE
"RPS5","N387690",305,295,-0.133074794983936,TRUE,1,FALSE
"BTF3","N387690",305,235,-0.0464535276076938,TRUE,1,FALSE
"RPS17","N387690",305,297,-0.111669289321692,TRUE,1,FALSE
"RPL17-C18orf32","N387690",305,271,-0.0538264665492463,TRUE,1,FALSE
"RPL10A","N387690",305,290,-0.0297491508032097,TRUE,1,FALSE
"HNRNPA1","N387690",305,228,-0.147176662587384,TRUE,1,FALSE
"RPS25","N387690",305,285,-0.00632501443205725,TRUE,1,FALSE
"LMO4","N387690",305,200,-0.157156535386322,TRUE,1,FALSE
"PFDN5","N387690",305,265,-0.04997285325889,TRUE,1,FALSE
"CIRBP","N387690",305,219,-0.0405463160250977,TRUE,1,FALSE
"RPS15","N387690",305,291,-0.151314479008397,TRUE,1,FALSE
"RPL31","N387690",305,289,0.0449600360883525,TRUE,1,TRUE
"RPS7","N387690",305,282,-0.00961375471599189,TRUE,1,FALSE
"ADIRF","N387690",305,191,-0.0189790188407198,TRUE,1,FALSE
"RPS10","N387690",305,288,-0.0892340444452101,TRUE,1,FALSE
"NUCKS1","N387690",305,236,-0.0797982703706179,TRUE,1,FALSE
"RPS15A","N387690",305,290,-0.116231667509367,TRUE,1,FALSE
"FGFR1","N387690",305,208,-0.0391896135895283,TRUE,1,FALSE
"CD81","N387690",305,256,-0.0574402103011753,TRUE,1,FALSE
"EIF1","N387690",305,257,-0.11835246805249,TRUE,1,FALSE
"ZFP36L2","N387690",305,218,0.0135574241235108,TRUE,1,TRUE
"RPS24","N387690",305,293,-0.0528406549790317,TRUE,1,FALSE
"RPL7A","N387690",305,292,-0.0635532926058728,TRUE,1,FALSE
"RPS18","N387690",305,304,-0.0246388081000378,TRUE,1,FALSE
"HMGB1","N387690",305,224,-0.0505997979393256,TRUE,1,FALSE
"HIST1H4C","N387690",305,155,-0.073339429812844,TRUE,1,FALSE
"RPL35","N387690",305,299,-0.105088535461742,TRUE,1,FALSE
"SNHG8","N387690",305,155,0.000121660576559392,TRUE,1,TRUE
"RPS2","N387690",305,301,-0.0903768394415033,TRUE,1,FALSE
"TMEM258","N387690",305,110,-0.000599636732574955,TRUE,1,FALSE
"POLDIP2","N387690",305,24,NA,FALSE,1,NA
"PLXNA3","N387690",305,16,NA,FALSE,1,NA
"MRPS12","N387690",305,25,NA,FALSE,1,NA
"RAB24","N387690",305,15,NA,FALSE,1,NA
"MARVELD1","N387690",305,66,-0.0593467753878,TRUE,1,FALSE
"CMKLR1","N387690",305,3,NA,FALSE,1,NA
"PTPMT1","N387690",305,35,0.0202300205178494,TRUE,1,TRUE
"RNF11","N387690",305,14,NA,FALSE,1,NA
"C6orf1","N387690",305,14,NA,FALSE,1,NA
"SSNA1","N387690",305,34,-0.0173310454640802,TRUE,1,FALSE
"PSMC4","N387690",305,24,NA,FALSE,1,NA
"NPC2","N387690",305,93,0.178504292661024,TRUE,1,TRUE
"SAT2","N387690",305,37,0.102172186064317,TRUE,1,TRUE
"NDUFB11","N387690",305,94,0.0449101104141782,TRUE,1,TRUE
"DCHS1","N387690",305,39,-0.0685975571520291,TRUE,1,FALSE
"HAS2","N387690",305,12,NA,FALSE,1,NA
"NDUFA4","N387690",305,90,-0.0115589112161105,TRUE,1,FALSE
"ACTN1","N387690",305,75,0.044871239463626,TRUE,1,TRUE
"RAB1B","N387690",305,39,-0.0179015754670556,TRUE,1,FALSE
"HIGD2A","N387690",305,56,-0.0200715835121675,TRUE,1,FALSE
"TMEM160","N387690",305,28,NA,FALSE,1,NA
"ILVBL","N387690",305,17,NA,FALSE,1,NA
"TMEM9","N387690",305,30,NA,FALSE,1,NA
"PMP22","N387690",305,47,0.164877380939649,TRUE,1,TRUE
"RIC8A","N387690",305,20,NA,FALSE,1,NA
"COX7B","N387690",305,66,-0.0789550170298038,TRUE,1,FALSE
"YIPF3","N387690",305,52,0.0703470068553319,TRUE,1,TRUE
"TEN1","N387690",305,10,NA,FALSE,1,NA
"MRPS24","N387690",305,51,0.0671697333450817,TRUE,1,TRUE
"FASTK","N387690",305,26,NA,FALSE,1,NA
"FAM162A","N387690",305,43,0.165946494055483,TRUE,1,TRUE
"TSR3","N387690",305,37,0.0576573363094994,TRUE,1,TRUE
"PRELP","N387690",305,23,NA,FALSE,1,NA
"GORASP2","N387690",305,21,NA,FALSE,1,NA
"ECH1","N387690",305,47,0.0789281082894455,TRUE,1,TRUE
"GSTO1","N387690",305,48,0.0883402642278331,TRUE,1,TRUE
"PRMT2","N387690",305,40,0.0482732591690513,TRUE,1,TRUE
"SUB1","N387690",305,58,0.0170012454867283,TRUE,1,TRUE
"HLA-A","N387690",305,154,0.0474289794974608,TRUE,1,TRUE
"ANXA2","N387690",305,205,0.120477881350507,TRUE,1,TRUE
"CREB3","N387690",305,12,NA,FALSE,1,NA
"PLP2","N387690",305,70,0.0929242524009097,TRUE,1,TRUE
"ALDOA","N387690",305,121,-0.00650607770282358,TRUE,1,FALSE
"CCDC92","N387690",305,21,NA,FALSE,1,NA
"IFITM1","N387690",305,24,NA,FALSE,1,NA
"SCAND1","N387690",305,60,0.0490967261086712,TRUE,1,TRUE
"RPS19BP1","N387690",305,45,0.067252558509602,TRUE,1,TRUE
"CD68","N387690",305,8,NA,FALSE,1,NA
"NKIRAS2","N387690",305,15,NA,FALSE,1,NA
"NRP2","N387690",305,34,0.0155723186207915,TRUE,1,TRUE
"PLXNA2","N387690",305,23,NA,FALSE,1,NA
"C4orf3","N387690",305,61,0.00343983976825055,TRUE,1,TRUE
"RBCK1","N387690",305,30,NA,FALSE,1,NA
"PKM","N387690",305,117,0.0405233558150265,TRUE,1,TRUE
"MAGOHB","N387690",305,9,NA,FALSE,1,NA
"MAP2K2","N387690",305,39,-0.0272635086175392,TRUE,1,FALSE
"ORMDL3","N387690",305,23,NA,FALSE,1,NA
"CDIPT","N387690",305,36,0.0491900884782962,TRUE,1,TRUE
"AGPAT1","N387690",305,24,NA,FALSE,1,NA
"CFL1","N387690",305,155,-0.0647322133267927,TRUE,1,FALSE
"PACS2","N387690",305,23,NA,FALSE,1,NA
"GJA1","N387690",305,62,0.0525660554864753,TRUE,1,TRUE
"KDELR1","N387690",305,90,0.0566658975837594,TRUE,1,TRUE
"ZNF593","N387690",305,22,NA,FALSE,1,NA
"CORO1C","N387690",305,27,NA,FALSE,1,NA
"RTN4RL2","N387690",305,11,NA,FALSE,1,NA
"PSME2","N387690",305,50,0.0841399080618684,TRUE,1,TRUE
"AKR1B1","N387690",305,15,NA,FALSE,1,NA
"CYSTM1","N387690",305,25,NA,FALSE,1,NA
"SNX3","N387690",305,51,0.130311762078253,TRUE,1,TRUE
"BCL7C","N387690",305,73,-0.0301172672515715,TRUE,1,FALSE
"PODNL1","N387690",305,15,NA,FALSE,1,NA
"GALNT15","N387690",305,16,NA,FALSE,1,NA
"PPP1R14B","N387690",305,103,-0.00983785822507623,TRUE,1,FALSE
"HOXB7","N387690",305,0,NA,FALSE,1,NA
"ADGRA2","N387690",305,45,0.225399275678149,TRUE,1,TRUE
"NUCB2","N387690",305,36,0.139803640374088,TRUE,1,TRUE
"ANXA5","N387690",305,83,0.0925888233417974,TRUE,1,TRUE
"ATP5J2","N387690",305,87,-0.0326203631059883,TRUE,1,FALSE
"CAPNS1","N387690",305,85,-0.00651875907030151,TRUE,1,FALSE
"ATP5G3","N387690",305,73,0.0159542608537448,TRUE,1,TRUE
"MBOAT7","N387690",305,7,NA,FALSE,1,NA
"WDR45","N387690",305,22,NA,FALSE,1,NA
"SLC35A4","N387690",305,14,NA,FALSE,1,NA
"CSF1","N387690",305,5,NA,FALSE,1,NA
"TES","N387690",305,11,NA,FALSE,1,NA
"C11orf98","N387690",305,28,NA,FALSE,1,NA
"MRPS11","N387690",305,16,NA,FALSE,1,NA
"PDIA6","N387690",305,46,0.0820767672318319,TRUE,1,TRUE
"NDUFS7","N387690",305,38,0.0168815976057279,TRUE,1,TRUE
"CMBL","N387690",305,7,NA,FALSE,1,NA
"POP7","N387690",305,17,NA,FALSE,1,NA
"POLE4","N387690",305,25,NA,FALSE,1,NA
"PREB","N387690",305,11,NA,FALSE,1,NA
"MPC2","N387690",305,19,NA,FALSE,1,NA
"MIEN1","N387690",305,24,NA,FALSE,1,NA
"CA12","N387690",305,23,NA,FALSE,1,NA
"PDGFD","N387690",305,14,NA,FALSE,1,NA
"COX14","N387690",305,38,0.0653921389242182,TRUE,1,TRUE
"MINOS1","N387690",305,75,-0.0259962692107722,TRUE,1,FALSE
"NTMT1","N387690",305,20,NA,FALSE,1,NA
"MAPK6","N387690",305,20,NA,FALSE,1,NA
"FAM20A","N387690",305,7,NA,FALSE,1,NA
"GAPDH","N387690",305,189,-0.0497583843229357,TRUE,1,FALSE
"GADD45GIP1","N387690",305,54,-0.0762233534641132,TRUE,1,FALSE
"FIS1","N387690",305,81,0.0696088113475806,TRUE,1,TRUE
"ASNA1","N387690",305,20,NA,FALSE,1,NA
"MAPKAPK2","N387690",305,30,NA,FALSE,1,NA
"PCNXL3","N387690",305,11,NA,FALSE,1,NA
"KLF7","N387690",305,17,NA,FALSE,1,NA
"MEA1","N387690",305,44,0.0639634203783538,TRUE,1,TRUE
"TMEM98","N387690",305,31,0.0697421248560483,TRUE,1,TRUE
"DCTN1","N387690",305,33,-0.0137049439811727,TRUE,1,FALSE
"APOL1","N387690",305,4,NA,FALSE,1,NA
"SMPD1","N387690",305,12,NA,FALSE,1,NA
"MRPL55","N387690",305,37,0.0222055888399789,TRUE,1,TRUE
"RPN1","N387690",305,78,0.064901876992752,TRUE,1,TRUE
"FRZB","N387690",305,8,NA,FALSE,1,NA
"CLIP1","N387690",305,24,NA,FALSE,1,NA
"TMEM263","N387690",305,16,NA,FALSE,1,NA
"CYC1","N387690",305,53,-0.00396984143900741,TRUE,1,FALSE
"DGCR6L","N387690",305,38,0.0122636523940471,TRUE,1,TRUE
"R3HDM4","N387690",305,30,NA,FALSE,1,NA
"LSM7","N387690",305,69,-0.0939731570931134,TRUE,1,FALSE
"CARM1","N387690",305,22,NA,FALSE,1,NA
"KCTD12","N387690",305,6,NA,FALSE,1,NA
"SLC25A5","N387690",305,52,-0.0235205467253896,TRUE,1,FALSE
"CHMP1A","N387690",305,14,NA,FALSE,1,NA
"ABHD17A","N387690",305,29,NA,FALSE,1,NA
"COX7A1","N387690",305,72,-0.0129185982692818,TRUE,1,FALSE
"TIAM2","N387690",305,20,NA,FALSE,1,NA
"AURKAIP1","N387690",305,70,0.00426644952029165,TRUE,1,TRUE
"SLC31A1","N387690",305,19,NA,FALSE,1,NA
"ARFGAP3","N387690",305,27,NA,FALSE,1,NA
"NME3","N387690",305,47,0.0438851147507594,TRUE,1,TRUE
"MRPL41","N387690",305,76,-0.0467748328147298,TRUE,1,FALSE
"UFC1","N387690",305,50,0.0600645061714669,TRUE,1,TRUE
"NDUFA2","N387690",305,52,-0.0442364543447004,TRUE,1,FALSE
"FSCN1","N387690",305,71,-0.0747036354398474,TRUE,1,FALSE
"DLG1","N387690",305,19,NA,FALSE,1,NA
"PCED1A","N387690",305,12,NA,FALSE,1,NA
"BLOC1S1","N387690",305,53,0.0454393912189735,TRUE,1,TRUE
"COL8A2","N387690",305,9,NA,FALSE,1,NA
"LZTS1","N387690",305,1,NA,FALSE,1,NA
"LSP1","N387690",305,84,-0.131275263226385,TRUE,1,FALSE
"KIF1C","N387690",305,22,NA,FALSE,1,NA
"CMTM3","N387690",305,27,NA,FALSE,1,NA
"WDR46","N387690",305,20,NA,FALSE,1,NA
"EFHD2","N387690",305,4,NA,FALSE,1,NA
"MGP","N387690",305,159,0.0385588299551155,TRUE,1,TRUE
"XPOT","N387690",305,11,NA,FALSE,1,NA
"PKIG","N387690",305,20,NA,FALSE,1,NA
"BCL3","N387690",305,20,NA,FALSE,1,NA
"ARHGDIA","N387690",305,59,0.0427639397281346,TRUE,1,TRUE
"ZNF428","N387690",305,30,NA,FALSE,1,NA
"LOXL2","N387690",305,35,0.0187156635674284,TRUE,1,TRUE
"UQCR10","N387690",305,84,0.012722888096098,TRUE,1,TRUE
"RAB7B","N387690",305,9,NA,FALSE,1,NA
"RABAC1","N387690",305,118,0.0794691470947582,TRUE,1,TRUE
"DPM3","N387690",305,52,0.113077962479167,TRUE,1,TRUE
"CSTB","N387690",305,78,0.201571960699374,TRUE,1,TRUE
"TMUB1","N387690",305,13,NA,FALSE,1,NA
"PSMB9","N387690",305,18,NA,FALSE,1,NA
"AP1S1","N387690",305,8,NA,FALSE,1,NA
"MYL6","N387690",305,232,-0.0502696585806539,TRUE,1,FALSE
"LIMK1","N387690",305,12,NA,FALSE,1,NA
"GBP2","N387690",305,3,NA,FALSE,1,NA
"AMPD2","N387690",305,13,NA,FALSE,1,NA
"BEST1","N387690",305,6,NA,FALSE,1,NA
"CUEDC2","N387690",305,32,0.0342725702681439,TRUE,1,TRUE
"ILF2","N387690",305,31,0.0178564552662305,TRUE,1,TRUE
"TUBA1B","N387690",305,119,0.00978868885016105,TRUE,1,TRUE
"SAC3D1","N387690",305,12,NA,FALSE,1,NA
"GDI2","N387690",305,42,-0.068969827038826,TRUE,1,FALSE
"DCTD","N387690",305,23,NA,FALSE,1,NA
"FAM127A","N387690",305,58,-0.0578610729376545,TRUE,1,FALSE
"RPN2","N387690",305,52,-0.0404595494571099,TRUE,1,FALSE
"ATP5E","N387690",305,192,0.0201525237642186,TRUE,1,TRUE
"CDC42EP1","N387690",305,33,0.0381345243281069,TRUE,1,TRUE
"PUF60","N387690",305,30,NA,FALSE,1,NA
"INPPL1","N387690",305,25,NA,FALSE,1,NA
"MYL6B","N387690",305,39,0.0581618964961789,TRUE,1,TRUE
"PKN1","N387690",305,19,NA,FALSE,1,NA
"LTBP2","N387690",305,12,NA,FALSE,1,NA
"COL15A1","N387690",305,19,NA,FALSE,1,NA
"NOP10","N387690",305,53,0.0539209969538217,TRUE,1,TRUE
"RAB11FIP5","N387690",305,26,NA,FALSE,1,NA
"OXLD1","N387690",305,10,NA,FALSE,1,NA
"DNM3OS","N387690",305,8,NA,FALSE,1,NA
"LRRC75A","N387690",305,14,NA,FALSE,1,NA
"XXYLT1","N387690",305,16,NA,FALSE,1,NA
"GCN1","N387690",305,15,NA,FALSE,1,NA
"FAAP100","N387690",305,4,NA,FALSE,1,NA
"PTGDS","N387690",305,36,0.390990342944504,TRUE,1,TRUE
"CCL27","N387690",305,40,-0.0572477073838497,TRUE,1,FALSE
"CAPG","N387690",305,28,NA,FALSE,1,NA
"MYC","N387690",305,22,NA,FALSE,1,NA
"MDFI","N387690",305,28,NA,FALSE,1,NA
"B4GALT7","N387690",305,7,NA,FALSE,1,NA
"PSMD8","N387690",305,57,0.0137932632701974,TRUE,1,TRUE
"IMP4","N387690",305,15,NA,FALSE,1,NA
"APRT","N387690",305,73,-0.00560296932606138,TRUE,1,FALSE
"PTGES2","N387690",305,15,NA,FALSE,1,NA
"SLC35E1","N387690",305,18,NA,FALSE,1,NA
"ANO1","N387690",305,7,NA,FALSE,1,NA
"SEC61B","N387690",305,105,0.0302009579288576,TRUE,1,TRUE
"TTC3","N387690",305,85,0.134868021599505,TRUE,1,TRUE
"POLR2G","N387690",305,41,0.0340488290730809,TRUE,1,TRUE
"TIMM13","N387690",305,56,0.0110800252532058,TRUE,1,TRUE
"TMED2","N387690",305,39,-0.0151191747447564,TRUE,1,FALSE
"MMP14","N387690",305,47,-0.0664278460790507,TRUE,1,FALSE
"UBA1","N387690",305,34,0.0263700654240634,TRUE,1,TRUE
"APLNR","N387690",305,0,NA,FALSE,1,NA
"DGKZ","N387690",305,6,NA,FALSE,1,NA
"ELN","N387690",305,55,0.000574513275735888,TRUE,1,TRUE
"PRELID1","N387690",305,50,-0.10891403196593,TRUE,1,FALSE
"SIRT2","N387690",305,19,NA,FALSE,1,NA
"IL32","N387690",305,8,NA,FALSE,1,NA
"CHRD","N387690",305,14,NA,FALSE,1,NA
"BAX","N387690",305,12,NA,FALSE,1,NA
"PLEKHO1","N387690",305,15,NA,FALSE,1,NA
"TSPAN4","N387690",305,37,0.0471450625029637,TRUE,1,TRUE
"TCEB2","N387690",305,155,-0.0266227040264995,TRUE,1,FALSE
"ATP8B2","N387690",305,27,NA,FALSE,1,NA
"ATP6V0E1","N387690",305,75,0.0208465427315186,TRUE,1,TRUE
"SPOP","N387690",305,37,-0.0229175028176403,TRUE,1,FALSE
"DUSP23","N387690",305,16,NA,FALSE,1,NA
"CCND2","N387690",305,14,NA,FALSE,1,NA
"SLC3A2","N387690",305,30,NA,FALSE,1,NA
"TMEM205","N387690",305,33,0.260733578541998,TRUE,1,TRUE
"COMMD7","N387690",305,7,NA,FALSE,1,NA
"UBTD1","N387690",305,17,NA,FALSE,1,NA
"SPNS1","N387690",305,19,NA,FALSE,1,NA
"MRGPRF","N387690",305,9,NA,FALSE,1,NA
"PIGP","N387690",305,8,NA,FALSE,1,NA
"DDT","N387690",305,50,-0.0278603101503134,TRUE,1,FALSE
"CPNE1","N387690",305,42,0.0293272153649699,TRUE,1,TRUE
"TSPAN9","N387690",305,38,0.00428324739461458,TRUE,1,TRUE
"NDUFA13","N387690",305,127,0.0296169611527587,TRUE,1,TRUE
"PTPN14","N387690",305,44,0.0967983986812933,TRUE,1,TRUE
"MXD4","N387690",305,64,-0.00923201403714787,TRUE,1,FALSE
"PPP2R1A","N387690",305,64,0.0214956130403464,TRUE,1,TRUE
"ACAN","N387690",305,21,NA,FALSE,1,NA
"STARD10","N387690",305,15,NA,FALSE,1,NA
"TCEAL8","N387690",305,42,-0.00272747268591565,TRUE,1,FALSE
"NUDT22","N387690",305,7,NA,FALSE,1,NA
"TACSTD2","N387690",305,29,NA,FALSE,1,NA
"CD248","N387690",305,88,-0.0139934613151128,TRUE,1,FALSE
"GOLGA2","N387690",305,76,0.123647422283967,TRUE,1,TRUE
"HSD3B7","N387690",305,2,NA,FALSE,1,NA
"TAX1BP3","N387690",305,55,-0.057958969912474,TRUE,1,FALSE
"GLRX","N387690",305,16,NA,FALSE,1,NA
"FAM96B","N387690",305,41,0.0700926623231542,TRUE,1,TRUE
"CYP1B1","N387690",305,13,NA,FALSE,1,NA
"LTBR","N387690",305,31,0.131975166260784,TRUE,1,TRUE
"SERPINB6","N387690",305,24,NA,FALSE,1,NA
"MFSD12","N387690",305,7,NA,FALSE,1,NA
"FKBP1A","N387690",305,47,-0.014686827623678,TRUE,1,FALSE
"NCLN","N387690",305,17,NA,FALSE,1,NA
"NTM","N387690",305,18,NA,FALSE,1,NA
"FAM173A","N387690",305,19,NA,FALSE,1,NA
"TMEM141","N387690",305,29,NA,FALSE,1,NA
"RNF181","N387690",305,50,0.0212654240645734,TRUE,1,TRUE
"FBLN2","N387690",305,100,0.121155284663234,TRUE,1,TRUE
"CTD-3214H19.16","N387690",305,71,0.188173452572132,TRUE,1,TRUE
"ARHGAP22","N387690",305,5,NA,FALSE,1,NA
"MRPL3","N387690",305,11,NA,FALSE,1,NA
"YIPF5","N387690",305,30,NA,FALSE,1,NA
"APOBEC3C","N387690",305,17,NA,FALSE,1,NA
"PSMB3","N387690",305,65,-0.0654551784821057,TRUE,1,FALSE
"C1orf54","N387690",305,5,NA,FALSE,1,NA
"FAM57A","N387690",305,12,NA,FALSE,1,NA
"NUDT2","N387690",305,12,NA,FALSE,1,NA
"AP2M1","N387690",305,64,0.0462111709907335,TRUE,1,TRUE
"MYO18A","N387690",305,24,NA,FALSE,1,NA
"TOMM5","N387690",305,41,0.0705702529598957,TRUE,1,TRUE
"C1orf216","N387690",305,12,NA,FALSE,1,NA
"ELOVL1","N387690",305,19,NA,FALSE,1,NA
"MMP24-AS1","N387690",305,45,0.027186657457528,TRUE,1,TRUE
"CCDC85B","N387690",305,51,-0.0518689521073209,TRUE,1,FALSE
"COX5A","N387690",305,54,0.101002220856446,TRUE,1,TRUE
"GTF2H5","N387690",305,31,-0.00427880641344925,TRUE,1,FALSE
"RALA","N387690",305,34,0.134829789981152,TRUE,1,TRUE
"CTSD","N387690",305,57,0.0725109607888764,TRUE,1,TRUE
"FAM210B","N387690",305,17,NA,FALSE,1,NA
"YKT6","N387690",305,36,0.108993230571383,TRUE,1,TRUE
"RP11-492E3.51","N387690",305,23,NA,FALSE,1,NA
"SEPW1","N387690",305,111,0.089525306723607,TRUE,1,TRUE
"PTPRD","N387690",305,13,NA,FALSE,1,NA
"USP11","N387690",305,31,0.0240956083314966,TRUE,1,TRUE
"IFNGR2","N387690",305,30,NA,FALSE,1,NA
"SLC52A2","N387690",305,16,NA,FALSE,1,NA
"CFH","N387690",305,38,0.359808999984575,TRUE,1,TRUE
"PRKAR2A","N387690",305,35,0.0484349999284023,TRUE,1,TRUE
"SNRPC","N387690",305,38,-0.0172808077121832,TRUE,1,FALSE
"CHID1","N387690",305,27,NA,FALSE,1,NA
"MSC","N387690",305,4,NA,FALSE,1,NA
"DNLZ","N387690",305,37,-0.0338709347884781,TRUE,1,FALSE
"REXO2","N387690",305,23,NA,FALSE,1,NA
"IFI35","N387690",305,13,NA,FALSE,1,NA
"RAB31","N387690",305,76,-0.0351551888993875,TRUE,1,FALSE
"PRDX5","N387690",305,101,-0.0477440629943029,TRUE,1,FALSE
"UFD1L","N387690",305,19,NA,FALSE,1,NA
"ICAM3","N387690",305,6,NA,FALSE,1,NA
"SNHG18","N387690",305,20,NA,FALSE,1,NA
"PSENEN","N387690",305,24,NA,FALSE,1,NA
"SEC31A","N387690",305,69,-0.123235492299082,TRUE,1,FALSE
"EPN1","N387690",305,26,NA,FALSE,1,NA
"SH3BGRL3","N387690",305,107,-0.0907802740874895,TRUE,1,FALSE
"SAE1","N387690",305,21,NA,FALSE,1,NA
"HSPA12B","N387690",305,7,NA,FALSE,1,NA
"NAA38","N387690",305,66,-0.0212993334429961,TRUE,1,FALSE
"CLEC2A","N387690",305,6,NA,FALSE,1,NA
"SEC23A","N387690",305,19,NA,FALSE,1,NA
"TENM4","N387690",305,16,NA,FALSE,1,NA
"CILP","N387690",305,3,NA,FALSE,1,NA
"CCL2","N387690",305,5,NA,FALSE,1,NA
"LAMTOR1","N387690",305,56,0.0884479131920517,TRUE,1,TRUE
"TP53TG1","N387690",305,15,NA,FALSE,1,NA
"SEPN1","N387690",305,31,0.0384822379255954,TRUE,1,TRUE
"BRE","N387690",305,52,0.127027349690075,TRUE,1,TRUE
"SIGMAR1","N387690",305,19,NA,FALSE,1,NA
"DEF8","N387690",305,13,NA,FALSE,1,NA
"CXCL12","N387690",305,25,NA,FALSE,1,NA
"CCDC8","N387690",305,29,NA,FALSE,1,NA
"MRPL27","N387690",305,33,0.018607802975811,TRUE,1,TRUE
"GSTK1","N387690",305,30,NA,FALSE,1,NA
"NFE2L1","N387690",305,38,0.00921008772821341,TRUE,1,TRUE
"PDIA4","N387690",305,39,-0.0440731123977974,TRUE,1,FALSE
"CAP1","N387690",305,41,-0.0775942484982754,TRUE,1,FALSE
"ABHD14A","N387690",305,8,NA,FALSE,1,NA
"PLGRKT","N387690",305,8,NA,FALSE,1,NA
"SERP1","N387690",305,60,0.0704947692273179,TRUE,1,TRUE
"FAAP20","N387690",305,47,0.0604023843478063,TRUE,1,TRUE
"PPP4C","N387690",305,27,NA,FALSE,1,NA
"NRN1","N387690",305,0,NA,FALSE,1,NA
"ITGB5","N387690",305,108,-0.0356608441076613,TRUE,1,FALSE
"PDZD11","N387690",305,4,NA,FALSE,1,NA
"CLTB","N387690",305,60,0.168260419027627,TRUE,1,TRUE
"TADA3","N387690",305,23,NA,FALSE,1,NA
"MZT2A","N387690",305,47,0.0669162335483419,TRUE,1,TRUE
"PTGIS","N387690",305,16,NA,FALSE,1,NA
"FGGY","N387690",305,7,NA,FALSE,1,NA
"HSPB6","N387690",305,23,NA,FALSE,1,NA
"C19orf70","N387690",305,63,-0.0783111035760656,TRUE,1,FALSE
"PPP1CA","N387690",305,42,0.0714939572102338,TRUE,1,TRUE
"TMEM54","N387690",305,23,NA,FALSE,1,NA
"SSR2","N387690",305,93,0.0249349765011342,TRUE,1,TRUE
"SPHK1","N387690",305,4,NA,FALSE,1,NA
"LY6E","N387690",305,86,-0.0362903846271313,TRUE,1,FALSE
"TMEM120B","N387690",305,12,NA,FALSE,1,NA
"PRSS23","N387690",305,79,-0.0106098049801448,TRUE,1,FALSE
"DCN","N387690",305,176,0.216435213281293,TRUE,1,TRUE
"C17orf89","N387690",305,59,-0.0613648655184284,TRUE,1,FALSE
"GSDMD","N387690",305,17,NA,FALSE,1,NA
"NFATC2","N387690",305,3,NA,FALSE,1,NA
"PRKCSH","N387690",305,48,0.0806162670419188,TRUE,1,TRUE
"CENPP","N387690",305,35,0.0790633421213357,TRUE,1,TRUE
"FBXW5","N387690",305,23,NA,FALSE,1,NA
"DDRGK1","N387690",305,25,NA,FALSE,1,NA
"CTC-479C5.12","N387690",305,26,NA,FALSE,1,NA
"ANAPC11","N387690",305,65,0.0526199604391388,TRUE,1,TRUE
"MAN1B1","N387690",305,34,0.0890951511804563,TRUE,1,TRUE
"NDUFA6","N387690",305,56,0.0746147916170885,TRUE,1,TRUE
"GPX1","N387690",305,78,0.114204197221892,TRUE,1,TRUE
"MICAL2","N387690",305,15,NA,FALSE,1,NA
"TAPBP","N387690",305,30,NA,FALSE,1,NA
"TMED9","N387690",305,68,-0.0740709323379082,TRUE,1,FALSE
"MRPL36","N387690",305,19,NA,FALSE,1,NA
"FUCA2","N387690",305,15,NA,FALSE,1,NA
"TP53I13","N387690",305,35,0.0392383909800602,TRUE,1,TRUE
"IFI16","N387690",305,41,0.0662268041649105,TRUE,1,TRUE
"SEC61G","N387690",305,94,0.0197430801531972,TRUE,1,TRUE
"ARPC2","N387690",305,88,-0.00708727681214974,TRUE,1,FALSE
"NCS1","N387690",305,16,NA,FALSE,1,NA
"GMPPB","N387690",305,4,NA,FALSE,1,NA
"TMEM45A","N387690",305,51,0.0136511627102346,TRUE,1,TRUE
"FAM109B","N387690",305,5,NA,FALSE,1,NA
"G6PC3","N387690",305,12,NA,FALSE,1,NA
"ARF5","N387690",305,66,0.0704949427698446,TRUE,1,TRUE
"MGAT1","N387690",305,49,0.0753860346055523,TRUE,1,TRUE
"ATP5G1","N387690",305,46,0.0216025935368818,TRUE,1,TRUE
"PPP1R9B","N387690",305,15,NA,FALSE,1,NA
"SH3GLB1","N387690",305,27,NA,FALSE,1,NA
"SHISA4","N387690",305,11,NA,FALSE,1,NA
"PALM","N387690",305,10,NA,FALSE,1,NA
"COLGALT1","N387690",305,45,0.0857210695205145,TRUE,1,TRUE
"IGF2","N387690",305,95,-0.110948435340656,TRUE,1,FALSE
"CLDN4","N387690",305,17,NA,FALSE,1,NA
"EIF5A","N387690",305,52,-0.0505497439270511,TRUE,1,FALSE
"TGFB1I1","N387690",305,30,NA,FALSE,1,NA
"ORAI2","N387690",305,20,NA,FALSE,1,NA
"WIPI1","N387690",305,18,NA,FALSE,1,NA
"CLEC2B","N387690",305,28,NA,FALSE,1,NA
"SNRNP25","N387690",305,12,NA,FALSE,1,NA
"UQCR11","N387690",305,116,-0.0519349919591933,TRUE,1,FALSE
"DDB2","N387690",305,11,NA,FALSE,1,NA
"GALNT5","N387690",305,1,NA,FALSE,1,NA
"NAGLU","N387690",305,18,NA,FALSE,1,NA
"UBXN6","N387690",305,33,0.0946242765426282,TRUE,1,TRUE
"SCP2","N387690",305,36,0.128745196499976,TRUE,1,TRUE
"IKBIP","N387690",305,30,NA,FALSE,1,NA
"MAN1C1","N387690",305,3,NA,FALSE,1,NA
"COPS7A","N387690",305,18,NA,FALSE,1,NA
"WBP5","N387690",305,47,0.0201397381020919,TRUE,1,TRUE
"VAT1","N387690",305,37,0.0432592243013921,TRUE,1,TRUE
"PEA15","N387690",305,25,NA,FALSE,1,NA
"TXN2","N387690",305,45,0.142083401213647,TRUE,1,TRUE
"ECM2","N387690",305,15,NA,FALSE,1,NA
"TBC1D1","N387690",305,15,NA,FALSE,1,NA
"NDUFB3","N387690",305,30,NA,FALSE,1,NA
"APOE","N387690",305,114,0.202042220645041,TRUE,1,TRUE
"FAM129A","N387690",305,5,NA,FALSE,1,NA
"SLC39A7","N387690",305,60,-0.0642971188267074,TRUE,1,FALSE
"KIAA2013","N387690",305,18,NA,FALSE,1,NA
"TNC","N387690",305,22,NA,FALSE,1,NA
"CLPP","N387690",305,28,NA,FALSE,1,NA
"HMOX2","N387690",305,23,NA,FALSE,1,NA
"MAST2","N387690",305,17,NA,FALSE,1,NA
"GPC1","N387690",305,18,NA,FALSE,1,NA
"PRADC1","N387690",305,16,NA,FALSE,1,NA
"KLHL22","N387690",305,15,NA,FALSE,1,NA
"ARAP1","N387690",305,29,NA,FALSE,1,NA
"GUK1","N387690",305,74,0.00705873034955048,TRUE,1,TRUE
"IGDCC4","N387690",305,4,NA,FALSE,1,NA
"CHD3","N387690",305,53,0.0500097653756868,TRUE,1,TRUE
"NDUFA3","N387690",305,49,-0.00423155663725183,TRUE,1,FALSE
"PSMB8","N387690",305,18,NA,FALSE,1,NA
"KLHDC3","N387690",305,20,NA,FALSE,1,NA
"MIF","N387690",305,42,-0.0272888478671085,TRUE,1,FALSE
"GOLGA3","N387690",305,44,0.0575686194611459,TRUE,1,TRUE
"ST6GALNAC6","N387690",305,17,NA,FALSE,1,NA
"THOC6","N387690",305,11,NA,FALSE,1,NA
"MRPL14","N387690",305,33,-0.0194753435002602,TRUE,1,FALSE
"GTF3C1","N387690",305,16,NA,FALSE,1,NA
"GNG5","N387690",305,61,0.0922066362610048,TRUE,1,TRUE
"BAD","N387690",305,38,0.0164886594196127,TRUE,1,TRUE
"DPYSL3","N387690",305,57,0.100108660015975,TRUE,1,TRUE
"TIMM8B","N387690",305,40,-0.0465143623655163,TRUE,1,FALSE
"MYO1C","N387690",305,59,0.112631288087894,TRUE,1,TRUE
"CRELD2","N387690",305,18,NA,FALSE,1,NA
"CALR","N387690",305,106,0.0852035587681215,TRUE,1,TRUE
"C11orf68","N387690",305,26,NA,FALSE,1,NA
"B2M","N387690",305,237,0.157816115438191,TRUE,1,TRUE
"C19orf24","N387690",305,23,NA,FALSE,1,NA
"FAM102A","N387690",305,20,NA,FALSE,1,NA
"NUTF2","N387690",305,35,-0.00405548217599906,TRUE,1,FALSE
"UROS","N387690",305,16,NA,FALSE,1,NA
"CALM3","N387690",305,56,0.0779153539727212,TRUE,1,TRUE
"PRICKLE1","N387690",305,32,0.192909744864598,TRUE,1,TRUE
"TXNDC15","N387690",305,16,NA,FALSE,1,NA
"EFEMP1","N387690",305,26,NA,FALSE,1,NA
"CCDC124","N387690",305,30,NA,FALSE,1,NA
"NDUFB2","N387690",305,89,-0.0834349608096463,TRUE,1,FALSE
"GRINA","N387690",305,36,0.036658175310742,TRUE,1,TRUE
"FAM177A1","N387690",305,22,NA,FALSE,1,NA
"GIPC1","N387690",305,24,NA,FALSE,1,NA
"ZNF106","N387690",305,34,0.161123994828349,TRUE,1,TRUE
"SLC12A4","N387690",305,13,NA,FALSE,1,NA
"SRPX2","N387690",305,7,NA,FALSE,1,NA
"ECHS1","N387690",305,24,NA,FALSE,1,NA
"ANXA1","N387690",305,63,0.122887041971357,TRUE,1,TRUE
"FAM234A","N387690",305,10,NA,FALSE,1,NA
"TWF2","N387690",305,23,NA,FALSE,1,NA
"ITGA5","N387690",305,14,NA,FALSE,1,NA
"RARRES3","N387690",305,7,NA,FALSE,1,NA
"AKR1C3","N387690",305,6,NA,FALSE,1,NA
"TMEM208","N387690",305,29,NA,FALSE,1,NA
"BUD31","N387690",305,33,0.0631100433775878,TRUE,1,TRUE
"CCDC167","N387690",305,3,NA,FALSE,1,NA
"SCARF2","N387690",305,27,NA,FALSE,1,NA
"RNPEPL1","N387690",305,6,NA,FALSE,1,NA
"OLFM2","N387690",305,36,0.0349824247714568,TRUE,1,TRUE
"SPINT2","N387690",305,30,NA,FALSE,1,NA
"BRI3","N387690",305,74,0.0512164287102632,TRUE,1,TRUE
"RP11-196G11.1","N387690",305,9,NA,FALSE,1,NA
"KCNK6","N387690",305,12,NA,FALSE,1,NA
"LRPAP1","N387690",305,35,0.026117785315247,TRUE,1,TRUE
"FBLIM1","N387690",305,16,NA,FALSE,1,NA
"ARSA","N387690",305,11,NA,FALSE,1,NA
"RNASEH2C","N387690",305,40,0.0786733282684765,TRUE,1,TRUE
"TXNL4A","N387690",305,49,0.0719417742001278,TRUE,1,TRUE
"GTF3C6","N387690",305,22,NA,FALSE,1,NA
"AKT1S1","N387690",305,15,NA,FALSE,1,NA
"SH3GL1","N387690",305,25,NA,FALSE,1,NA
"AP3D1","N387690",305,21,NA,FALSE,1,NA
"QSOX1","N387690",305,22,NA,FALSE,1,NA
"TXLNA","N387690",305,20,NA,FALSE,1,NA
"GPC6","N387690",305,16,NA,FALSE,1,NA
"LTBP3","N387690",305,70,0.018713122443419,TRUE,1,TRUE
"FAM229B","N387690",305,14,NA,FALSE,1,NA
"C12orf75","N387690",305,22,NA,FALSE,1,NA
"SRM","N387690",305,45,0.0156646212784259,TRUE,1,TRUE
"PPDPF","N387690",305,61,0.0376009108818092,TRUE,1,TRUE
"PRKCDBP","N387690",305,63,-0.0318463136862299,TRUE,1,FALSE
"GTF3A","N387690",305,21,NA,FALSE,1,NA
"JDP2","N387690",305,14,NA,FALSE,1,NA
"RP11-282O18.3","N387690",305,40,-0.0414196832804594,TRUE,1,FALSE
"TRAPPC1","N387690",305,42,0.0196458523131253,TRUE,1,TRUE
"GSR","N387690",305,4,NA,FALSE,1,NA
"PDIA5","N387690",305,20,NA,FALSE,1,NA
"RHOC","N387690",305,96,-0.0800267596948696,TRUE,1,FALSE
"UROD","N387690",305,17,NA,FALSE,1,NA
"IMPDH1","N387690",305,10,NA,FALSE,1,NA
"YIF1B","N387690",305,15,NA,FALSE,1,NA
"MED8","N387690",305,13,NA,FALSE,1,NA
"UQCC2","N387690",305,21,NA,FALSE,1,NA
"CD276","N387690",305,21,NA,FALSE,1,NA
"GLMP","N387690",305,17,NA,FALSE,1,NA
"BTN3A2","N387690",305,8,NA,FALSE,1,NA
"TANC2","N387690",305,18,NA,FALSE,1,NA
"ZNHIT1","N387690",305,54,-0.0248354445030313,TRUE,1,FALSE
"EIF4G1","N387690",305,58,0.0529305562182375,TRUE,1,TRUE
"UQCRQ","N387690",305,105,-0.0558808106256876,TRUE,1,FALSE
"GRIN2D","N387690",305,4,NA,FALSE,1,NA
"COPA","N387690",305,57,-0.0585761844560007,TRUE,1,FALSE
"FMO1","N387690",305,0,NA,FALSE,1,NA
"CD63","N387690",305,252,-0.127708237364136,TRUE,1,FALSE
"ARPC4","N387690",305,49,0.0289070512542585,TRUE,1,TRUE
"ITGB1BP1","N387690",305,22,NA,FALSE,1,NA
"NDST1","N387690",305,15,NA,FALSE,1,NA
"CHPF2","N387690",305,18,NA,FALSE,1,NA
"GLT8D2","N387690",305,22,NA,FALSE,1,NA
"ATP6V0D1","N387690",305,27,NA,FALSE,1,NA
"SEMA3C","N387690",305,7,NA,FALSE,1,NA
"PLEKHA4","N387690",305,7,NA,FALSE,1,NA
"ARPC1A","N387690",305,29,NA,FALSE,1,NA
"A2M","N387690",305,7,NA,FALSE,1,NA
"CDK2AP1","N387690",305,36,-0.00352285034542527,TRUE,1,FALSE
"MINOS1-NBL1","N387690",305,2,NA,FALSE,1,NA
"HAPLN3","N387690",305,12,NA,FALSE,1,NA
"TPM2","N387690",305,73,-0.124505727000415,TRUE,1,FALSE
"ZEB1","N387690",305,22,NA,FALSE,1,NA
"ERCC1","N387690",305,48,0.0831840296077436,TRUE,1,TRUE
"MEIS3","N387690",305,22,NA,FALSE,1,NA
"ACTB","N387690",305,253,-0.14576158398589,TRUE,1,FALSE
"MYLK","N387690",305,11,NA,FALSE,1,NA
"CD82","N387690",305,17,NA,FALSE,1,NA
"PLXNB2","N387690",305,27,NA,FALSE,1,NA
"PLOD2","N387690",305,13,NA,FALSE,1,NA
"LINC01615","N387690",305,1,NA,FALSE,1,NA
"MRPL17","N387690",305,25,NA,FALSE,1,NA
"SLC39A13","N387690",305,24,NA,FALSE,1,NA
"ARHGAP28","N387690",305,2,NA,FALSE,1,NA
"RAD51B","N387690",305,16,NA,FALSE,1,NA
"CTSC","N387690",305,12,NA,FALSE,1,NA
"NANS","N387690",305,13,NA,FALSE,1,NA
"GAA","N387690",305,22,NA,FALSE,1,NA
"TNFRSF1A","N387690",305,43,0.0648903782181542,TRUE,1,TRUE
"GALNT2","N387690",305,23,NA,FALSE,1,NA
"PLAUR","N387690",305,25,NA,FALSE,1,NA
"PAPSS2","N387690",305,19,NA,FALSE,1,NA
"DAPK3","N387690",305,25,NA,FALSE,1,NA
"GPI","N387690",305,50,0.109046559521573,TRUE,1,TRUE
"AGTRAP","N387690",305,12,NA,FALSE,1,NA
"HOMER3","N387690",305,14,NA,FALSE,1,NA
"NAA10","N387690",305,25,NA,FALSE,1,NA
"COPZ1","N387690",305,32,-0.00233273677952231,TRUE,1,FALSE
"NRBP1","N387690",305,29,NA,FALSE,1,NA
"NPTX2","N387690",305,9,NA,FALSE,1,NA
"CXXC5","N387690",305,23,NA,FALSE,1,NA
"TMEM147","N387690",305,30,NA,FALSE,1,NA
"CTTN","N387690",305,38,0.0104685220315881,TRUE,1,TRUE
"METRNL","N387690",305,45,0.143796451341198,TRUE,1,TRUE
"XBP1","N387690",305,27,NA,FALSE,1,NA
"FUT11","N387690",305,30,NA,FALSE,1,NA
"DNPH1","N387690",305,18,NA,FALSE,1,NA
"MRPL52","N387690",305,36,0.0673251650222467,TRUE,1,TRUE
"ST3GAL2","N387690",305,32,-0.0637293748446505,TRUE,1,FALSE
"FIBP","N387690",305,13,NA,FALSE,1,NA
"ETHE1","N387690",305,21,NA,FALSE,1,NA
"TMEM219","N387690",305,44,0.131725918025832,TRUE,1,TRUE
"CDC42EP5","N387690",305,26,NA,FALSE,1,NA
"C7orf73","N387690",305,38,0.0590535225560777,TRUE,1,TRUE
"S100A13","N387690",305,116,0.124307606413201,TRUE,1,TRUE
"ZYX","N387690",305,35,0.0343365058021646,TRUE,1,TRUE
"PDZRN4","N387690",305,2,NA,FALSE,1,NA
"MRPL12","N387690",305,12,NA,FALSE,1,NA
"MAP7D1","N387690",305,30,NA,FALSE,1,NA
"FHL3","N387690",305,5,NA,FALSE,1,NA
"PGLS","N387690",305,34,-0.00291056907163971,TRUE,1,FALSE
"CAPZB","N387690",305,95,0.0759151945300817,TRUE,1,TRUE
"ERI3","N387690",305,22,NA,FALSE,1,NA
"PDE4DIP","N387690",305,4,NA,FALSE,1,NA
"GALNT10","N387690",305,16,NA,FALSE,1,NA
"B4GALT1","N387690",305,35,0.0275071877557543,TRUE,1,TRUE
"NME1","N387690",305,40,-0.0381372590884186,TRUE,1,FALSE
"LMF2","N387690",305,30,NA,FALSE,1,NA
"DPM2","N387690",305,24,NA,FALSE,1,NA
"VTI1B","N387690",305,20,NA,FALSE,1,NA
"TRAPPC2L","N387690",305,23,NA,FALSE,1,NA
"THBS3","N387690",305,29,NA,FALSE,1,NA
"CNN2","N387690",305,46,0.103553695113194,TRUE,1,TRUE
"DYNLT1","N387690",305,33,0.0640803396061083,TRUE,1,TRUE
"VGLL3","N387690",305,11,NA,FALSE,1,NA
"TRIOBP","N387690",305,30,NA,FALSE,1,NA
"THBS1","N387690",305,4,NA,FALSE,1,NA
"EPHB3","N387690",305,9,NA,FALSE,1,NA
"POMP","N387690",305,52,0.0240014932948142,TRUE,1,TRUE
"MFAP2","N387690",305,37,0.00258546221223569,TRUE,1,TRUE
"FAM195B","N387690",305,33,-0.0718054506866131,TRUE,1,FALSE
"C11orf96","N387690",305,19,NA,FALSE,1,NA
"PXDN","N387690",305,44,-0.0431627938743844,TRUE,1,FALSE
"COMMD5","N387690",305,7,NA,FALSE,1,NA
"P4HA3","N387690",305,19,NA,FALSE,1,NA
"VOPP1","N387690",305,17,NA,FALSE,1,NA
"ALDH1L2","N387690",305,6,NA,FALSE,1,NA
"TNFSF10","N387690",305,16,NA,FALSE,1,NA
"HEXA","N387690",305,26,NA,FALSE,1,NA
"SEMA3B","N387690",305,4,NA,FALSE,1,NA
"UBE2L6","N387690",305,18,NA,FALSE,1,NA
"SURF4","N387690",305,51,-0.0405152166994261,TRUE,1,FALSE
"SPARCL1","N387690",305,31,-0.00830959530151949,TRUE,1,FALSE
"LASP1","N387690",305,29,NA,FALSE,1,NA
"TP53I3","N387690",305,5,NA,FALSE,1,NA
"SRPRB","N387690",305,27,NA,FALSE,1,NA
"SHISA5","N387690",305,37,-0.0104600682873693,TRUE,1,FALSE
"CTGF","N387690",305,34,0.0851643347587046,TRUE,1,TRUE
"AC024592.12","N387690",305,29,NA,FALSE,1,NA
"TENM3","N387690",305,43,0.0689305398617342,TRUE,1,TRUE
"TMEM261","N387690",305,27,NA,FALSE,1,NA
"JTB","N387690",305,51,0.018517374682164,TRUE,1,TRUE
"NSMCE1","N387690",305,13,NA,FALSE,1,NA
"CCDC28B","N387690",305,4,NA,FALSE,1,NA
"GRN","N387690",305,62,0.0289534960430116,TRUE,1,TRUE
"FLNA","N387690",305,90,-0.0512645063143473,TRUE,1,FALSE
"COPG1","N387690",305,16,NA,FALSE,1,NA
"EIF4E2","N387690",305,27,NA,FALSE,1,NA
"LAMB2","N387690",305,50,0.140742951938432,TRUE,1,TRUE
"SHC1","N387690",305,30,NA,FALSE,1,NA
"LUM","N387690",305,111,-0.0240253255857747,TRUE,1,FALSE
"ISLR","N387690",305,51,0.178257387642226,TRUE,1,TRUE
"MYO1D","N387690",305,51,0.102688590654233,TRUE,1,TRUE
"NEK6","N387690",305,5,NA,FALSE,1,NA
"PGM1","N387690",305,8,NA,FALSE,1,NA
"PFN1","N387690",305,197,-0.0876282867772433,TRUE,1,FALSE
"TMEM176B","N387690",305,51,0.158952986233913,TRUE,1,TRUE
"MLEC","N387690",305,27,NA,FALSE,1,NA
"HN1","N387690",305,19,NA,FALSE,1,NA
"EDIL3","N387690",305,36,0.0527831226171433,TRUE,1,TRUE
"SNF8","N387690",305,29,NA,FALSE,1,NA
"MPG","N387690",305,31,0.0245113905569694,TRUE,1,TRUE
"LINC01116","N387690",305,3,NA,FALSE,1,NA
"SWI5","N387690",305,13,NA,FALSE,1,NA
"NXN","N387690",305,49,0.0648567430748021,TRUE,1,TRUE
"PTN","N387690",305,89,0.0925638417492439,TRUE,1,TRUE
"KRT6A","N387690",305,13,NA,FALSE,1,NA
"TPM4","N387690",305,59,0.0193407789095726,TRUE,1,TRUE
"FAM89B","N387690",305,24,NA,FALSE,1,NA
"SMCO4","N387690",305,3,NA,FALSE,1,NA
"APBB2","N387690",305,42,0.181429534368012,TRUE,1,TRUE
"A1BG","N387690",305,39,0.0774076573676343,TRUE,1,TRUE
"HES4","N387690",305,8,NA,FALSE,1,NA
"SSR4","N387690",305,125,-0.0679765190744526,TRUE,1,FALSE
"VAMP5","N387690",305,38,0.0369501966721992,TRUE,1,TRUE
"KRT16","N387690",305,14,NA,FALSE,1,NA
"CTSZ","N387690",305,25,NA,FALSE,1,NA
"FIBIN","N387690",305,6,NA,FALSE,1,NA
"DNAJC1","N387690",305,37,0.141985992021724,TRUE,1,TRUE
"ZFHX4","N387690",305,16,NA,FALSE,1,NA
"NEK10","N387690",305,11,NA,FALSE,1,NA
"SGCD","N387690",305,29,NA,FALSE,1,NA
"MSRB3","N387690",305,21,NA,FALSE,1,NA
"PGAM1","N387690",305,34,-0.0160646382829093,TRUE,1,FALSE
"LRRC59","N387690",305,14,NA,FALSE,1,NA
"TAF10","N387690",305,41,0.0773342426764479,TRUE,1,TRUE
"GPAA1","N387690",305,25,NA,FALSE,1,NA
"DBN1","N387690",305,19,NA,FALSE,1,NA
"APOL2","N387690",305,3,NA,FALSE,1,NA
"MAP4","N387690",305,76,0.0685610961485324,TRUE,1,TRUE
"NDUFS8","N387690",305,35,0.0144125714908279,TRUE,1,TRUE
"CAMK1D","N387690",305,41,-0.00785223869064164,TRUE,1,FALSE
"SH3PXD2A","N387690",305,64,0.0566553436579761,TRUE,1,TRUE
"LAMC1","N387690",305,36,0.0877519602220653,TRUE,1,TRUE
"MYH9","N387690",305,64,0.0633982863664927,TRUE,1,TRUE
"PLPP4","N387690",305,3,NA,FALSE,1,NA
"SEC24D","N387690",305,12,NA,FALSE,1,NA
"RPL22L1","N387690",305,24,NA,FALSE,1,NA
"EIF4EBP1","N387690",305,22,NA,FALSE,1,NA
"OSTC","N387690",305,40,-0.0303142685581251,TRUE,1,FALSE
"ILK","N387690",305,31,0.107802128067706,TRUE,1,TRUE
"COPE","N387690",305,48,-0.00267920132582819,TRUE,1,FALSE
"AHR","N387690",305,17,NA,FALSE,1,NA
"FAM50A","N387690",305,13,NA,FALSE,1,NA
"RYR2","N387690",305,1,NA,FALSE,1,NA
"CNN3","N387690",305,32,0.0539451639678495,TRUE,1,TRUE
"NGFR","N387690",305,7,NA,FALSE,1,NA
"CCDC107","N387690",305,15,NA,FALSE,1,NA
"AQP1","N387690",305,24,NA,FALSE,1,NA
"CYR61","N387690",305,9,NA,FALSE,1,NA
"SMTN","N387690",305,11,NA,FALSE,1,NA
"DAP","N387690",305,18,NA,FALSE,1,NA
"PHLDA3","N387690",305,39,-0.0140414161346265,TRUE,1,FALSE
"GARS","N387690",305,34,-0.0598361911352867,TRUE,1,FALSE
"CGREF1","N387690",305,0,NA,FALSE,1,NA
"IDH2","N387690",305,22,NA,FALSE,1,NA
"ERLEC1","N387690",305,16,NA,FALSE,1,NA
"C9orf16","N387690",305,42,0.0520585079155923,TRUE,1,TRUE
"C1QTNF3","N387690",305,0,NA,FALSE,1,NA
"SDF4","N387690",305,53,0.0802372567868235,TRUE,1,TRUE
"ZCCHC24","N387690",305,47,0.055543223859601,TRUE,1,TRUE
"GMPPA","N387690",305,4,NA,FALSE,1,NA
"ALDH18A1","N387690",305,14,NA,FALSE,1,NA
"CIB1","N387690",305,25,NA,FALSE,1,NA
"IGFBP6","N387690",305,47,0.168939414460422,TRUE,1,TRUE
"SLC27A4","N387690",305,99,-0.0733557885575288,TRUE,1,FALSE
"JOSD2","N387690",305,9,NA,FALSE,1,NA
"ENAH","N387690",305,40,0.0460128835642154,TRUE,1,TRUE
"CD99","N387690",305,200,-0.0555640123538643,TRUE,1,FALSE
"UCHL1","N387690",305,7,NA,FALSE,1,NA
"CALU","N387690",305,50,0.0159987699523161,TRUE,1,TRUE
"TMEM176A","N387690",305,33,0.294090354828134,TRUE,1,TRUE
"CKLF","N387690",305,16,NA,FALSE,1,NA
"CYBA","N387690",305,59,-0.0104680627701614,TRUE,1,FALSE
"CSRP2","N387690",305,6,NA,FALSE,1,NA
"VEGFB","N387690",305,39,0.0937423529394852,TRUE,1,TRUE
"LAMTOR2","N387690",305,28,NA,FALSE,1,NA
"TUBA1C","N387690",305,55,0.0954868827682308,TRUE,1,TRUE
"KIAA1462","N387690",305,6,NA,FALSE,1,NA
"ACKR1","N387690",305,3,NA,FALSE,1,NA
"PACS1","N387690",305,33,0.0979265781772858,TRUE,1,TRUE
"RRBP1","N387690",305,131,-0.0779865340372525,TRUE,1,FALSE
"FBLN7","N387690",305,0,NA,FALSE,1,NA
"RTEL1-TNFRSF6B","N387690",305,7,NA,FALSE,1,NA
"NUCB1","N387690",305,52,-0.0478319116354035,TRUE,1,FALSE
"FKBP7","N387690",305,13,NA,FALSE,1,NA
"S100A7","N387690",305,37,-0.044413788127886,TRUE,1,FALSE
"COTL1","N387690",305,1,NA,FALSE,1,NA
"HLA-DRB1","N387690",305,6,NA,FALSE,1,NA
"SIL1","N387690",305,24,NA,FALSE,1,NA
"SSR3","N387690",305,40,-0.0267268768276868,TRUE,1,FALSE
"IL1R1","N387690",305,8,NA,FALSE,1,NA
"S100A16","N387690",305,48,0.128691449088089,TRUE,1,TRUE
"LMCD1","N387690",305,9,NA,FALSE,1,NA
"KHDRBS3","N387690",305,14,NA,FALSE,1,NA
"GALNS","N387690",305,9,NA,FALSE,1,NA
"ADAMTS12","N387690",305,11,NA,FALSE,1,NA
"SAR1A","N387690",305,17,NA,FALSE,1,NA
"ARF4","N387690",305,42,0.0489886296570847,TRUE,1,TRUE
"TMSB4X","N387690",305,234,-0.0628051527766943,TRUE,1,FALSE
"YIF1A","N387690",305,32,-0.0565892229052165,TRUE,1,FALSE
"ARFGAP1","N387690",305,23,NA,FALSE,1,NA
"GPR78","N387690",305,23,NA,FALSE,1,NA
"ITGBL1","N387690",305,29,NA,FALSE,1,NA
"XG","N387690",305,16,NA,FALSE,1,NA
"CDKN2A","N387690",305,2,NA,FALSE,1,NA
"LAMA4","N387690",305,33,0.238383036314461,TRUE,1,TRUE
"LGMN","N387690",305,22,NA,FALSE,1,NA
"CTSA","N387690",305,33,0.101324220616377,TRUE,1,TRUE
"SCO2","N387690",305,21,NA,FALSE,1,NA
"CCL14","N387690",305,2,NA,FALSE,1,NA
"SEC61A1","N387690",305,59,0.127778952511338,TRUE,1,TRUE
"FMOD","N387690",305,29,NA,FALSE,1,NA
"AKR1A1","N387690",305,27,NA,FALSE,1,NA
"IFI6","N387690",305,33,0.162739601607205,TRUE,1,TRUE
"ANXA6","N387690",305,39,0.125586571698273,TRUE,1,TRUE
"C7orf50","N387690",305,29,NA,FALSE,1,NA
"IFITM3","N387690",305,221,0.113334027032992,TRUE,1,TRUE
"FTL","N387690",305,275,-0.0391986071214587,TRUE,1,FALSE
"FARP1","N387690",305,34,0.0217541815479497,TRUE,1,TRUE
"HMCN1","N387690",305,22,NA,FALSE,1,NA
"PARVB","N387690",305,11,NA,FALSE,1,NA
"RP11-25H12.1","N387690",305,43,0.097220758235543,TRUE,1,TRUE
"SRA1","N387690",305,12,NA,FALSE,1,NA
"LOX","N387690",305,14,NA,FALSE,1,NA
"TUBB2A","N387690",305,25,NA,FALSE,1,NA
"PLTP","N387690",305,25,NA,FALSE,1,NA
"RP11-417E7.2","N387690",305,1,NA,FALSE,1,NA
"C1S","N387690",305,69,0.25555907899213,TRUE,1,TRUE
"LGALS1","N387690",305,256,-0.10231988438287,TRUE,1,FALSE
"TGFB3","N387690",305,18,NA,FALSE,1,NA
"CRABP2","N387690",305,87,0.0988446867493351,TRUE,1,TRUE
"NID2","N387690",305,6,NA,FALSE,1,NA
"C4orf48","N387690",305,24,NA,FALSE,1,NA
"HTRA1","N387690",305,100,0.0480923103506022,TRUE,1,TRUE
"FLNC","N387690",305,8,NA,FALSE,1,NA
"MXRA7","N387690",305,28,NA,FALSE,1,NA
"CLEC11A","N387690",305,81,-0.0230806574095726,TRUE,1,FALSE
"IFT20","N387690",305,16,NA,FALSE,1,NA
"ROR2","N387690",305,35,0.0790770985811427,TRUE,1,TRUE
"NME1-NME2","N387690",305,180,0.0098865522174234,TRUE,1,TRUE
"TNFAIP6","N387690",305,2,NA,FALSE,1,NA
"RP11-14N7.2","N387690",305,9,NA,FALSE,1,NA
"S100A9","N387690",305,21,NA,FALSE,1,NA
"SNX8","N387690",305,5,NA,FALSE,1,NA
"ECM1","N387690",305,43,0.01398888494342,TRUE,1,TRUE
"GPX7","N387690",305,11,NA,FALSE,1,NA
"HIC1","N387690",305,11,NA,FALSE,1,NA
"EPHB2","N387690",305,2,NA,FALSE,1,NA
"GLIPR2","N387690",305,5,NA,FALSE,1,NA
"EVL","N387690",305,32,0.0865764296805873,TRUE,1,TRUE
"PRAF2","N387690",305,16,NA,FALSE,1,NA
"TMEM214","N387690",305,13,NA,FALSE,1,NA
"CYB561","N387690",305,11,NA,FALSE,1,NA
"MAGED1","N387690",305,47,0.130639824830267,TRUE,1,TRUE
"HM13","N387690",305,53,0.130387272183138,TRUE,1,TRUE
"FNDC1","N387690",305,3,NA,FALSE,1,NA
"C11orf24","N387690",305,21,NA,FALSE,1,NA
"HTRA3","N387690",305,14,NA,FALSE,1,NA
"NT5DC2","N387690",305,7,NA,FALSE,1,NA
"PLAU","N387690",305,10,NA,FALSE,1,NA
"NAGK","N387690",305,24,NA,FALSE,1,NA
"SPATS2L","N387690",305,83,0.126468540956886,TRUE,1,TRUE
"FKBP9","N387690",305,37,0.00538423708271374,TRUE,1,TRUE
"PLOD1","N387690",305,24,NA,FALSE,1,NA
"SEMA6B","N387690",305,0,NA,FALSE,1,NA
"TXNDC5","N387690",305,28,NA,FALSE,1,NA
"P4HB","N387690",305,94,0.0472426289327711,TRUE,1,TRUE
"CUEDC1","N387690",305,9,NA,FALSE,1,NA
"SLC38A10","N387690",305,22,NA,FALSE,1,NA
"POLD4","N387690",305,24,NA,FALSE,1,NA
"CISD1","N387690",305,8,NA,FALSE,1,NA
"TTYH3","N387690",305,21,NA,FALSE,1,NA
"DAB2","N387690",305,22,NA,FALSE,1,NA
"OLFML3","N387690",305,57,0.085496878928851,TRUE,1,TRUE
"RPS26","N387690",305,192,-0.0368953877349714,TRUE,1,FALSE
"HDLBP","N387690",305,79,-0.0202033681375092,TRUE,1,FALSE
"KDELR2","N387690",305,65,0.104495669428992,TRUE,1,TRUE
"PLIN3","N387690",305,32,0.0271880827273914,TRUE,1,TRUE
"METRN","N387690",305,15,NA,FALSE,1,NA
"IFI27","N387690",305,41,0.0629616567856187,TRUE,1,TRUE
"BACE2","N387690",305,16,NA,FALSE,1,NA
"ANGPTL2","N387690",305,39,-0.0740260775320441,TRUE,1,FALSE
"TMED3","N387690",305,36,0.0567566139859709,TRUE,1,TRUE
"TGFBI","N387690",305,11,NA,FALSE,1,NA
"ABI3BP","N387690",305,18,NA,FALSE,1,NA
"SORCS2","N387690",305,8,NA,FALSE,1,NA
"TPM1","N387690",305,33,0.126305193578777,TRUE,1,TRUE
"HMCN2","N387690",305,1,NA,FALSE,1,NA
"MYOF","N387690",305,24,NA,FALSE,1,NA
"AP2S1","N387690",305,36,0.0467179624445502,TRUE,1,TRUE
"PDGFRL","N387690",305,18,NA,FALSE,1,NA
"SEC13","N387690",305,31,0.0724412814371243,TRUE,1,TRUE
"RUNX1","N387690",305,52,0.0911594099039744,TRUE,1,TRUE
"PLXDC2","N387690",305,53,0.270931509396952,TRUE,1,TRUE
"LRP1","N387690",305,110,0.208694281453868,TRUE,1,TRUE
"BGN","N387690",305,147,-0.205500263358871,TRUE,1,FALSE
"ADAMTS14","N387690",305,0,NA,FALSE,1,NA
"FKBP14","N387690",305,15,NA,FALSE,1,NA
"ATOX1","N387690",305,49,0.117786596331271,TRUE,1,TRUE
"NME4","N387690",305,41,0.0909484719880884,TRUE,1,TRUE
"ISOC2","N387690",305,21,NA,FALSE,1,NA
"CD151","N387690",305,23,NA,FALSE,1,NA
"CTSB","N387690",305,58,-0.0576912018510952,TRUE,1,FALSE
"MVP","N387690",305,20,NA,FALSE,1,NA
"MAP4K4","N387690",305,61,0.0741979604152611,TRUE,1,TRUE
"C1R","N387690",305,94,0.264465121062029,TRUE,1,TRUE
"FAM20C","N387690",305,12,NA,FALSE,1,NA
"GPX8","N387690",305,7,NA,FALSE,1,NA
"OST4","N387690",305,112,0.00510870819984421,TRUE,1,TRUE
"RCN1","N387690",305,30,NA,FALSE,1,NA
"INAFM1","N387690",305,35,-0.0175207621836368,TRUE,1,FALSE
"PRDX4","N387690",305,38,0.100039260749468,TRUE,1,TRUE
"AC005943.2","N387690",305,23,NA,FALSE,1,NA
"S100A8","N387690",305,38,-0.0470891814257507,TRUE,1,FALSE
"FBLN1","N387690",305,144,0.139492840241449,TRUE,1,TRUE
"TMEM119","N387690",305,15,NA,FALSE,1,NA
"MIR99AHG","N387690",305,24,NA,FALSE,1,NA
"EHD2","N387690",305,26,NA,FALSE,1,NA
"LRRC32","N387690",305,2,NA,FALSE,1,NA
"ISG15","N387690",305,8,NA,FALSE,1,NA
"CADM1","N387690",305,25,NA,FALSE,1,NA
"FAM114A1","N387690",305,25,NA,FALSE,1,NA
"PDXK","N387690",305,16,NA,FALSE,1,NA
"CTSK","N387690",305,80,0.161634405330821,TRUE,1,TRUE
"PHPT1","N387690",305,74,0.123956614030171,TRUE,1,TRUE
"KDELR3","N387690",305,6,NA,FALSE,1,NA
"SSC5D","N387690",305,24,NA,FALSE,1,NA
"ARHGAP1","N387690",305,23,NA,FALSE,1,NA
"HEG1","N387690",305,15,NA,FALSE,1,NA
"TNFRSF12A","N387690",305,3,NA,FALSE,1,NA
"DPT","N387690",305,28,NA,FALSE,1,NA
"ITGA11","N387690",305,2,NA,FALSE,1,NA
"PIEZO2","N387690",305,5,NA,FALSE,1,NA
"B4GALT2","N387690",305,13,NA,FALSE,1,NA
"TYMP","N387690",305,26,NA,FALSE,1,NA
"CD74","N387690",305,21,NA,FALSE,1,NA
"HLA-DRA","N387690",305,7,NA,FALSE,1,NA
"EFEMP2","N387690",305,41,0.0916950301163551,TRUE,1,TRUE
"PALLD","N387690",305,58,0.035013609551541,TRUE,1,TRUE
"CST3","N387690",305,106,0.236101251076883,TRUE,1,TRUE
"C1orf122","N387690",305,28,NA,FALSE,1,NA
"GAS6","N387690",305,30,NA,FALSE,1,NA
"ZMAT3","N387690",305,7,NA,FALSE,1,NA
"LIMA1","N387690",305,17,NA,FALSE,1,NA
"PDLIM7","N387690",305,20,NA,FALSE,1,NA
"PDLIM2","N387690",305,45,0.160703779586278,TRUE,1,TRUE
"MYDGF","N387690",305,40,0.167536011576041,TRUE,1,TRUE
"CILP2","N387690",305,1,NA,FALSE,1,NA
"GUCY1A3","N387690",305,1,NA,FALSE,1,NA
"BNC2","N387690",305,15,NA,FALSE,1,NA
"COL18A1","N387690",305,21,NA,FALSE,1,NA
"LGALS3BP","N387690",305,21,NA,FALSE,1,NA
"TMSB10","N387690",305,278,-0.0787319402076731,TRUE,1,FALSE
"S100A11","N387690",305,160,-0.0322908262525529,TRUE,1,FALSE
"C1QTNF5","N387690",305,22,NA,FALSE,1,NA
"FSTL1","N387690",305,58,0.125489265823874,TRUE,1,TRUE
"OGN","N387690",305,3,NA,FALSE,1,NA
"THBS4","N387690",305,0,NA,FALSE,1,NA
"GOLM1","N387690",305,22,NA,FALSE,1,NA
"P3H3","N387690",305,27,NA,FALSE,1,NA
"HCFC1R1","N387690",305,41,0.193169864705151,TRUE,1,TRUE
"ARPC1B","N387690",305,23,NA,FALSE,1,NA
"FKBP11","N387690",305,8,NA,FALSE,1,NA
"CCDC80","N387690",305,110,0.197713570622843,TRUE,1,TRUE
"AK1","N387690",305,13,NA,FALSE,1,NA
"C1QTNF6","N387690",305,8,NA,FALSE,1,NA
"PODN","N387690",305,25,NA,FALSE,1,NA
"ACTA2","N387690",305,12,NA,FALSE,1,NA
"CKAP4","N387690",305,56,-0.0679196527648173,TRUE,1,FALSE
"SULF1","N387690",305,2,NA,FALSE,1,NA
"ZNF469","N387690",305,1,NA,FALSE,1,NA
"P3H1","N387690",305,16,NA,FALSE,1,NA
"MIR4435-2HG","N387690",305,2,NA,FALSE,1,NA
"FAP","N387690",305,2,NA,FALSE,1,NA
"TSHZ2","N387690",305,25,NA,FALSE,1,NA
"COL11A1","N387690",305,18,NA,FALSE,1,NA
"VKORC1","N387690",305,52,0.183090871670086,TRUE,1,TRUE
"SMOC2","N387690",305,7,NA,FALSE,1,NA
"CHPF","N387690",305,17,NA,FALSE,1,NA
"NBL1","N387690",305,40,0.168965780260057,TRUE,1,TRUE
"COL12A1","N387690",305,48,0.124562509063106,TRUE,1,TRUE
"FKBP10","N387690",305,41,0.0105313563005617,TRUE,1,TRUE
"SULF2","N387690",305,27,NA,FALSE,1,NA
"COL16A1","N387690",305,56,0.0126047189136706,TRUE,1,TRUE
"MMP2","N387690",305,70,0.0871761126554408,TRUE,1,TRUE
"SERF2","N387690",305,247,-0.0834205678121068,TRUE,1,FALSE
"MXRA5","N387690",305,47,0.0220627232466618,TRUE,1,TRUE
"P4HA2","N387690",305,11,NA,FALSE,1,NA
"NREP","N387690",305,9,NA,FALSE,1,NA
"PYCR1","N387690",305,3,NA,FALSE,1,NA
"EMILIN1","N387690",305,64,-0.0331177850133056,TRUE,1,FALSE
"MYL9","N387690",305,52,0.0478783923776834,TRUE,1,TRUE
"RARRES2","N387690",305,54,0.374574889982726,TRUE,1,TRUE
"LINC00152","N387690",305,2,NA,FALSE,1,NA
"P3H4","N387690",305,15,NA,FALSE,1,NA
"PPIB","N387690",305,172,-0.00746682409659519,TRUE,1,FALSE
"VCAN","N387690",305,71,-0.00978400406709793,TRUE,1,FALSE
"CPXM1","N387690",305,16,NA,FALSE,1,NA
"IGFBP4","N387690",305,57,0.215352183289735,TRUE,1,TRUE
"ARMC9","N387690",305,12,NA,FALSE,1,NA
"SERPINF1","N387690",305,32,0.34653791878542,TRUE,1,TRUE
"COPZ2","N387690",305,43,0.102285668617981,TRUE,1,TRUE
"PPIC","N387690",305,15,NA,FALSE,1,NA
"FOXP1","N387690",305,22,NA,FALSE,1,NA
"OLFML2B","N387690",305,2,NA,FALSE,1,NA
"LRRC15","N387690",305,14,NA,FALSE,1,NA
"ASPN","N387690",305,11,NA,FALSE,1,NA
"COL5A3","N387690",305,23,NA,FALSE,1,NA
"SFRP4","N387690",305,0,NA,FALSE,1,NA
"SEPT11","N387690",305,40,0.0512669049461738,TRUE,1,TRUE
"BASP1","N387690",305,6,NA,FALSE,1,NA
"NNMT","N387690",305,40,0.20540577485923,TRUE,1,TRUE
"MARCKS","N387690",305,63,0.162479327812043,TRUE,1,TRUE
"HSPG2","N387690",305,32,0.179698197440413,TRUE,1,TRUE
"TIMP1","N387690",305,100,0.146598545729176,TRUE,1,TRUE
"ARL4C","N387690",305,5,NA,FALSE,1,NA
"AEBP1","N387690",305,139,0.0656444687210216,TRUE,1,TRUE
"WISP2","N387690",305,12,NA,FALSE,1,NA
"TAGLN","N387690",305,12,NA,FALSE,1,NA
"BMP1","N387690",305,13,NA,FALSE,1,NA
"COL8A1","N387690",305,13,NA,FALSE,1,NA
"THBS2","N387690",305,13,NA,FALSE,1,NA
"FBN1","N387690",305,41,0.168028369401337,TRUE,1,TRUE
"MRC2","N387690",305,78,0.151399949477823,TRUE,1,TRUE
"COL6A1","N387690",305,233,-0.067534812221158,TRUE,1,FALSE
"CTHRC1","N387690",305,14,NA,FALSE,1,NA
"PCOLCE","N387690",305,97,-0.00949988064860197,TRUE,1,FALSE
"COL14A1","N387690",305,38,0.056948022631978,TRUE,1,TRUE
"ADAMTS2","N387690",305,17,NA,FALSE,1,NA
"COMP","N387690",305,3,NA,FALSE,1,NA
"IGFBP7","N387690",305,39,0.432869386375052,TRUE,1,TRUE
"COL6A3","N387690",305,125,-0.0400445254212312,TRUE,1,FALSE
"RCN3","N387690",305,39,0.117001352826083,TRUE,1,TRUE
"POSTN","N387690",305,19,NA,FALSE,1,NA
"ADAM12","N387690",305,14,NA,FALSE,1,NA
"COL6A2","N387690",305,228,0.0458522209513325,TRUE,1,TRUE
"MDK","N387690",305,46,0.0486335171562523,TRUE,1,TRUE
"CREB3L1","N387690",305,11,NA,FALSE,1,NA
"CERCAM","N387690",305,27,NA,FALSE,1,NA
"GXYLT2","N387690",305,18,NA,FALSE,1,NA
"SERPINH1","N387690",305,55,-0.053072911735773,TRUE,1,FALSE
"THY1","N387690",305,22,NA,FALSE,1,NA
"FN1","N387690",305,40,0.135001023125446,TRUE,1,TRUE
"SFRP2","N387690",305,14,NA,FALSE,1,NA
"COL5A2","N387690",305,47,0.0409419033695427,TRUE,1,TRUE
"COL3A1","N387690",305,158,-0.0760543790878134,TRUE,1,FALSE
"COL5A1","N387690",305,71,0.140359422772859,TRUE,1,TRUE
"COL1A2","N387690",305,209,0.00322962303512578,TRUE,1,TRUE
"SPARC","N387690",305,105,0.0782172856595386,TRUE,1,TRUE
"COL1A1","N387690",305,177,0.161811357006464,TRUE,1,TRUE
