"gene","dynamic_module","clean_module","expected_sign","waldStat","df","pvalue","meanLogFC","tradeSeq_fdr","supported"
"LAMC3","D1_early_decreasing","clean_D1",-1,91.9922873756104,5,0,2.19606124963641,0,TRUE
"SEMA3G","D1_early_decreasing","clean_D1",-1,130.573753315986,5,0,3.33661707717269,0,TRUE
"IGFBP3","D1_early_decreasing","clean_D1",-1,254.482998125624,5,0,3.79045274910219,0,TRUE
"ALX4","D1_early_decreasing","clean_D1",-1,87.4983845981315,5,0,2.66218355378868,0,TRUE
"COL23A1","D1_early_decreasing","clean_D1",-1,46.2981996205729,5,7.89704257542212e-09,1.67604161285246,2.01033355438524e-08,TRUE
"TFAP2A","D1_early_decreasing","clean_D1",-1,208.560942469511,5,0,3.29590262023467,0,TRUE
"TCF4","D1_early_decreasing","clean_D1",-1,114.204986398059,5,0,0.530571669632004,0,TRUE
"BMP7","D1_early_decreasing","clean_D1",-1,49.7251406838367,5,1.57737400918734e-09,2.43067863592775,4.24614256781239e-09,TRUE
"BMP4","D1_early_decreasing","clean_D1",-1,150.103689780783,5,0,2.89252965945661,0,TRUE
"SLC5A3","D1_early_decreasing","clean_D1",-1,103.038044380029,5,0,2.98780557977586,0,TRUE
"GADD45G","D1_early_decreasing","clean_D1",-1,172.465339123629,5,0,2.86034231069826,0,TRUE
"SERPINE2","D1_early_decreasing","clean_D1",-1,85.1727677335211,5,1.11022302462516e-16,2.06393894137381,4.72991710077908e-16,TRUE
"INHBB","D1_early_decreasing","clean_D1",-1,94.9063290143195,5,0,2.58602253334191,0,TRUE
"PRLR","D1_early_decreasing","clean_D1",-1,108.544217965724,5,0,4.1990477866285,0,TRUE
"TRPS1","D1_early_decreasing","clean_D1",-1,137.325830809372,5,0,1.23911616158875,0,TRUE
"TIMP3","D1_early_decreasing","clean_D1",-1,30.4426544743699,5,1.20659604953e-05,0.642260945973992,2.33597953753083e-05,TRUE
"PRDM1","D1_early_decreasing","clean_D1",-1,105.184860419419,5,0,3.12957340822912,0,TRUE
"PTCH1","D1_early_decreasing","clean_D1",-1,33.0599779324875,5,3.66162368670153e-06,1.20947289086132,7.37330863474469e-06,TRUE
"APCDD1","D1_early_decreasing","clean_D1",-1,50.9505687706933,5,8.85276296713755e-10,0.796662325416881,2.43391963176502e-09,TRUE
"DAAM2","D1_early_decreasing","clean_D1",-1,53.5006497400263,5,2.65433897084222e-10,1.03296943938884,7.68714460375935e-10,TRUE
"INHBA","D1_early_decreasing","clean_D1",-1,104.022970908379,5,0,2.56868635671457,0,TRUE
"BCL2","D1_early_decreasing","clean_D1",-1,53.914488124321,5,2.18237317106684e-10,0.924445737771773,6.37401342597709e-10,TRUE
"CENPW","D1_early_decreasing","clean_D1",-1,67.0212633113724,5,4.26547686060985e-13,3.15527921772536,1.48571170381377e-12,TRUE
"CEBPA","D1_early_decreasing","clean_D1",-1,51.0801549110292,5,8.32780955306589e-10,1.98422173751648,2.29571434470881e-09,TRUE
"IGFBP2","D1_early_decreasing","clean_D1",-1,62.5154263027846,5,3.66784380645413e-12,2.6510467791624,1.19291702348713e-11,TRUE
"MRPS6","D1_early_decreasing","none",-1,79.5404639066039,5,9.99200722162641e-16,1.88421453319951,4.08799977995906e-15,TRUE
"CRABP1","D1_early_decreasing","clean_D1",-1,13.074013314957,5,0.0226949678050995,1.1037318697166,0.0289227587231861,TRUE
"ROBO2","D1_early_decreasing","clean_D1",-1,110.861006087274,5,0,0.82919630974169,0,TRUE
"DKK2","D1_early_decreasing","clean_D1",-1,117.438734999261,5,0,2.1587736345677,0,TRUE
"PHLDA1","D1_early_decreasing","clean_D1",-1,20.6821626646031,5,0.000930042509341922,1.15935125104474,0.00141426818160991,TRUE
"DIO2","D1_early_decreasing","clean_D1",-1,22.5413327302385,5,0.000412983011964796,1.27422402751257,0.000650054176085045,TRUE
"MYLIP","D1_early_decreasing","clean_D1",-1,45.8835966954448,5,9.59141877032721e-09,1.17399857464019,2.42966898088633e-08,TRUE
"LUZP2","D1_early_decreasing","clean_D1",-1,128.685881186828,5,0,3.61383363089043,0,TRUE
"ZDHHC14","D1_early_decreasing","clean_D1",-1,26.6237657116744,5,6.75164280240503e-05,1.25118162717031,0.000116209411173282,TRUE
"PGM2L1","D1_early_decreasing","clean_D1",-1,79.1884376440655,5,1.22124532708767e-15,3.35867491522376,4.95710209538343e-15,TRUE
"PREX2","D1_early_decreasing","clean_D1",-1,38.2176903610066,5,3.41173176154896e-07,0.713521927332906,7.51601591059184e-07,TRUE
"TNN","D1_early_decreasing","clean_D1",-1,50.26912663234,5,1.22073118280497e-09,1.90374569668992,3.31203644597874e-09,TRUE
"F2R","D1_early_decreasing","clean_D1",-1,12.0469438434034,5,0.0341501725294471,0.753848845814103,0.0426256996099999,TRUE
"PLEKHH2","D1_early_decreasing","clean_D1",-1,105.730272806642,5,0,1.13800265662317,0,TRUE
"HIST1H2BD","D1_early_decreasing","none",-1,35.7615911373641,5,1.06001639599285e-06,1.47301732748242,2.23950185300948e-06,TRUE
"TWIST1","D1_early_decreasing","clean_D1",-1,43.9705580859918,5,2.34831892820253e-08,0.812269436394315,5.76456384518288e-08,TRUE
"HIST2H2BE","D1_early_decreasing","none",-1,13.47104513571,5,0.0193425793516269,1.33937727061045,0.0248346193169705,TRUE
"ITGA8","D1_early_decreasing","clean_D1",-1,71.5811324045608,5,4.80726569662693e-14,1.20986808537207,1.77644836316214e-13,TRUE
"CPE","D1_early_decreasing","clean_D1",-1,77.4569849789505,5,2.88657986402541e-15,1.84973941643352,1.1535131162055e-14,TRUE
"SOX18","D1_early_decreasing","clean_D1",-1,38.9694327915167,5,2.40871832035694e-07,2.29862729778858,5.47001891693393e-07,TRUE
"PTMA","D2_late_increasing","none",1,297.085107384541,5,0,1.26534276292739,0,TRUE
"RPL35A","D2_late_increasing","none",1,198.717812811235,5,0,0.381195341739265,0,TRUE
"RPL34","D2_late_increasing","none",1,145.63278379799,5,0,0.387321838360443,0,TRUE
"SLC35F1","D2_late_increasing","none",1,43.3195484375724,5,3.18302068036402e-08,0.331936407584716,7.7216336975419e-08,TRUE
"H3F3B","D2_late_increasing","none",1,102.378827866683,5,0,0.807907420697204,0,TRUE
"RPL13","D2_late_increasing","none",1,273.538718352433,5,0,0.243480810099117,0,TRUE
"RPL11","D2_late_increasing","none",1,212.671742106733,5,0,0.308692260305832,0,TRUE
"RPS27A","D2_late_increasing","none",1,174.231737100106,5,0,0.480558650288796,0,TRUE
"RPS13","D2_late_increasing","none",1,170.570568328598,5,0,0.31278162772678,0,TRUE
"RPL26","D2_late_increasing","none",1,138.129529786004,5,0,0.300609245884347,0,TRUE
"RPL37A","D2_late_increasing","none",1,292.66171975959,5,0,0.313341128407944,0,TRUE
"RPL5","D2_late_increasing","none",1,96.374476075217,5,0,0.342799920301578,0,TRUE
"RPL13A","D2_late_increasing","none",1,306.955012229074,5,0,0.302023787800305,0,TRUE
"FAU","D2_late_increasing","none",1,163.393401449009,5,0,0.28779589402224,0,TRUE
"RPL19","D2_late_increasing","none",1,223.419300898402,5,0,0.291967228631939,0,TRUE
"RPL6","D2_late_increasing","none",1,115.343145347745,5,0,0.341966510537483,0,TRUE
"RPS14","D2_late_increasing","none",1,267.446187054423,5,0,0.273532203190936,0,TRUE
"RPL4","D2_late_increasing","none",1,101.971272491608,5,0,0.231688509031071,0,TRUE
"RPL30","D2_late_increasing","none",1,241.056915791593,5,0,0.414158464461874,0,TRUE
"RPS27","D2_late_increasing","none",1,250.594243418511,5,0,0.351736091022283,0,TRUE
"RPL24","D2_late_increasing","none",1,163.176301881243,5,0,0.269738145951853,0,TRUE
"GNB2L1","D2_late_increasing","none",1,71.9532919671537,5,4.01900734914307e-14,0.274800769589615,1.50676239162418e-13,TRUE
"RPL12","D2_late_increasing","none",1,192.410286474347,5,0,0.340162822962802,0,TRUE
"RPS23","D2_late_increasing","none",1,192.804824195146,5,0,0.297957320435299,0,TRUE
"RPL38","D2_late_increasing","none",1,156.53701234021,5,0,0.300795517096512,0,TRUE
"RPS9","D2_late_increasing","none",1,183.862339166958,5,0,0.326893596782061,0,TRUE
"RPL37","D2_late_increasing","none",1,230.652050663961,5,0,0.280267820924634,0,TRUE
"RPL3","D2_late_increasing","none",1,120.207227398712,5,0,0.23842588732013,0,TRUE
"RPS6","D2_late_increasing","none",1,114.730243449339,5,0,0.205305036608133,0,TRUE
"RPL18","D2_late_increasing","none",1,150.504377451273,5,0,0.240861632572225,0,TRUE
"RPL9","D2_late_increasing","none",1,110.843384503026,5,0,0.447314964069527,0,TRUE
"RPS21","D2_late_increasing","none",1,117.05319422455,5,0,0.226835626278127,0,TRUE
"EEF1A1","D2_late_increasing","none",1,194.366713817208,5,0,0.216720775521945,0,TRUE
"RPL32","D2_late_increasing","none",1,246.539536951801,5,0,0.302307068639368,0,TRUE
"RPS4X","D2_late_increasing","none",1,151.532295764105,5,0,0.273118554652095,0,TRUE
"RPL23","D2_late_increasing","none",1,141.299202182647,5,0,0.345014905634113,0,TRUE
"RPL14","D2_late_increasing","none",1,99.9827608437022,5,0,0.234789728176404,0,TRUE
"RPS3A","D2_late_increasing","none",1,129.501690089619,5,0,0.490445279201612,0,TRUE
"RPL21","D2_late_increasing","none",1,114.497972401127,5,0,0.265280579619001,0,TRUE
"RPL7","D2_late_increasing","none",1,85.684854568387,5,0,0.557624776395809,0,TRUE
"RPL22","D2_late_increasing","none",1,60.1063251082542,5,1.15548681733912e-11,0.461125197429474,3.66555971900504e-11,TRUE
"RPS8","D2_late_increasing","none",1,248.864075353591,5,0,0.323147955869784,0,TRUE
"HSP90AB1","D2_late_increasing","none",1,27.886568283232,5,3.83050103546223e-05,0.512941199464833,6.8208058161685e-05,TRUE
"VIM","D2_late_increasing","none",1,114.714349843029,5,0,0.393749253919835,0,TRUE
"RPS16","D2_late_increasing","none",1,178.930963229866,5,0,0.299772245284839,0,TRUE
"NACA","D2_late_increasing","none",1,61.8353982852186,5,5.07205388800003e-12,0.333926695329746,1.63415236204001e-11,TRUE
"RPS20","D2_late_increasing","none",1,188.255078480177,5,0,0.323570084924149,0,TRUE
"GLTSCR2","D2_late_increasing","none",1,25.4750908080055,5,0.00011277822304423,0.146730021028058,0.000189371902212705,TRUE
"RPL36A","D2_late_increasing","none",1,124.946200288872,5,0,0.312460837002331,0,TRUE
"RPS3","D2_late_increasing","none",1,135.960955389988,5,0,0.279338648947953,0,TRUE
"JUNB","D2_late_increasing","none",1,81.8805146817915,5,3.33066907387547e-16,1.12268566808597,1.38464508676033e-15,TRUE
"RPL23A","D2_late_increasing","none",1,193.912485093407,5,0,0.289155365389544,0,TRUE
"RPS5","D2_late_increasing","none",1,116.746786540884,5,0,0.246834047554204,0,TRUE
"BTF3","D2_late_increasing","none",1,51.8244277455833,5,5.8610927222702e-10,0.40106147422294,1.6465358574007e-09,TRUE
"RPS17","D2_late_increasing","none",1,146.055454329635,5,0,0.209252493174044,0,TRUE
"RPL17-C18orf32","D2_late_increasing","none",1,118.671201892611,5,0,0.415756645056717,0,TRUE
"RPL10A","D2_late_increasing","none",1,147.080716817112,5,0,0.443442334351019,0,TRUE
"HNRNPA1","D2_late_increasing","none",1,50.8601268692328,5,9.23857990109411e-10,0.654776516864521,2.53323826543299e-09,TRUE
"RPS25","D2_late_increasing","none",1,125.731520900979,5,0,0.326705636045422,0,TRUE
"LMO4","D2_late_increasing","none",1,50.4601248616941,5,1.11562881155436e-09,1.15951965944696,3.04289234050938e-09,TRUE
"PFDN5","D2_late_increasing","none",1,106.969546123078,5,0,0.395769788445378,0,TRUE
"CIRBP","D2_late_increasing","none",1,NA,NA,NA,0.217997518153938,NA,FALSE
"RPS15","D2_late_increasing","none",1,161.645484773029,5,0,0.226371391359454,0,TRUE
"RPL31","D2_late_increasing","none",1,212.21160785073,5,0,0.376163135664658,0,TRUE
"RPS7","D2_late_increasing","none",1,113.245685239525,5,0,0.319047760428708,0,TRUE
"ADIRF","D2_late_increasing","none",1,33.8173317765932,5,2.58891150639595e-06,0.512434737912069,5.25426725018549e-06,TRUE
"RPS10","D2_late_increasing","none",1,139.818050338079,5,0,0.382827061452189,0,TRUE
"NUCKS1","D2_late_increasing","none",1,14.6344637283837,5,0.0120439149167854,0.141380506128441,0.0159195849733406,TRUE
"RPS15A","D2_late_increasing","none",1,162.303586874111,5,0,0.316891347731557,0,TRUE
"FGFR1","D2_late_increasing","none",1,56.3917882957758,5,6.74861277971672e-11,0.506115377106578,2.01093057106588e-10,TRUE
"CD81","D2_late_increasing","none",1,86.4312140170041,5,0,0.476622916963117,0,TRUE
"EIF1","D2_late_increasing","none",1,62.2002447461509,5,4.26259028074583e-12,0.292383306467568,1.38199074825439e-11,TRUE
"ZFP36L2","D2_late_increasing","none",1,30.4289850964014,5,1.21410469255956e-05,0.263408313278498,2.34408602627136e-05,TRUE
"RPS24","D2_late_increasing","none",1,126.648869359299,5,0,0.264647782664528,0,TRUE
"RPL7A","D2_late_increasing","none",1,138.680645199961,5,0,0.219493647979274,0,TRUE
"RPS18","D2_late_increasing","none",1,294.209471509734,5,0,0.363068552634575,0,TRUE
"HMGB1","D2_late_increasing","none",1,21.5432334217664,5,0.000639305976095184,0.264464956263118,0.000992501261696869,TRUE
"HIST1H4C","D2_late_increasing","none",1,39.4052841374005,5,1.96801263729895e-07,0.990476357640949,4.51897779299604e-07,TRUE
"RPL35","D2_late_increasing","none",1,176.122830415494,5,0,0.336027817463277,0,TRUE
"SNHG8","D2_late_increasing","none",1,65.17453779069,5,1.03106412296938e-12,0.742067086248444,3.46262902534669e-12,TRUE
"RPS2","D2_late_increasing","none",1,203.554659711407,5,0,0.293067764724447,0,TRUE
"TMEM258","D2_late_increasing","clean_D2",1,104.684504716814,5,0,0.85492506358116,0,TRUE
"POLDIP2","D2_late_increasing","clean_D2",1,6.05787052441855,5,0.300628532038523,0.210930713682643,0.330787637707275,FALSE
"PLXNA3","D2_late_increasing","clean_D2",1,NA,NA,NA,0.726227876969881,NA,FALSE
"MRPS12","D2_late_increasing","none",1,19.2429936262466,5,0.00173173472739196,0.355088171174652,0.00256525647117976,TRUE
"RAB24","D2_late_increasing","clean_D2",1,8.69462091376113,5,0.121882381770414,0.398028277616764,0.141669374977787,FALSE
"MARVELD1","D2_late_increasing","clean_D2",1,15.5307232398681,5,0.00831977321953692,0.283206045396734,0.0113162086930641,TRUE
"CMKLR1","D2_late_increasing","clean_D2",1,0.848626797373214,5,0.973828656125331,0.323547204951457,0.987234360339446,FALSE
"PTPMT1","D2_late_increasing","clean_D2",1,16.8585706447452,5,0.00477598069697205,0.585837764665163,0.00664512294005153,TRUE
"RNF11","D2_late_increasing","clean_D2",1,2.77643563514744,5,0.734405405618108,0.37408640939685,0.765593501711092,FALSE
"C6orf1","D2_late_increasing","clean_D2",1,0.503728246045914,5,0.991986143725016,0.204677697094852,0.998767299004386,FALSE
"SSNA1","D2_late_increasing","clean_D2",1,1.15539361928313,5,0.949084486415179,0.243805771793661,0.964996159264349,FALSE
"PSMC4","D2_late_increasing","clean_D2",1,NA,NA,NA,0.292094582010056,NA,FALSE
"NPC2","D2_late_increasing","clean_D2",1,74.7664118468238,5,1.04360964314765e-14,1.14361085835029,4.02981850968249e-14,TRUE
"SAT2","D2_late_increasing","clean_D2",1,1.50313183934355,5,0.912708118365787,0.152315301655777,0.932608592700819,FALSE
"NDUFB11","D2_late_increasing","clean_D2",1,61.4407417910761,5,6.12132566857326e-12,0.464520481317186,1.96607064308381e-11,TRUE
"DCHS1","D2_late_increasing","clean_D2",1,25.3218779973458,5,0.000120742867245061,0.446442593886989,0.000201433488882941,TRUE
"HAS2","D2_late_increasing","clean_D2",1,33.1119373223592,5,3.57564238084862e-06,3.48542813994128,7.21426085059673e-06,TRUE
"NDUFA4","D2_late_increasing","clean_D2",1,66.7749586993068,5,4.79838391242993e-13,0.364418250597249,1.65455980391815e-12,TRUE
"ACTN1","D2_late_increasing","clean_D2",1,41.77045521324,5,6.55520652204089e-08,0.443689718316481,1.55009585417985e-07,TRUE
"RAB1B","D2_late_increasing","clean_D2",1,NA,NA,NA,0.122092053362648,NA,FALSE
"HIGD2A","D2_late_increasing","clean_D2",1,36.2647002620647,5,8.40764234455449e-07,0.355731733573145,1.79096678868506e-06,TRUE
"TMEM160","D2_late_increasing","clean_D2",1,14.5762655747099,5,0.0123349606460498,0.496351851349996,0.01626258878015,TRUE
"ILVBL","D2_late_increasing","clean_D2",1,NA,NA,NA,0.438036750321437,NA,FALSE
"TMEM9","D2_late_increasing","clean_D2",1,9.53262166482068,5,0.0896145452239437,0.946098730724812,0.106198386351593,FALSE
"PMP22","D2_late_increasing","clean_D2",1,26.8697754474324,5,6.04715383532017e-05,0.846586544242087,0.00010495985865682,TRUE
"RIC8A","D2_late_increasing","clean_D2",1,6.81818947419481,5,0.234516738408813,0.269607989735706,0.260827138402898,FALSE
"COX7B","D2_late_increasing","clean_D2",1,43.7970633366897,5,2.54665467602777e-08,0.247666690858209,6.23658187882335e-08,TRUE
"YIPF3","D2_late_increasing","clean_D2",1,26.7248394512155,5,6.45286277712875e-05,0.388556544036231,0.000111625864483553,TRUE
"TEN1","D2_late_increasing","clean_D2",1,7.7908612055387,5,0.16814456974836,1.56529206342857,0.191554752939845,FALSE
"MRPS24","D2_late_increasing","none",1,17.4848468929836,5,0.00366640357864578,0.543533341884187,0.00517108356988208,TRUE
"FASTK","D2_late_increasing","clean_D2",1,NA,NA,NA,0.721362718149618,NA,FALSE
"FAM162A","D2_late_increasing","clean_D2",1,24.1369078174139,5,0.000204346936363509,0.886498663878974,0.00032970530734081,TRUE
"TSR3","D2_late_increasing","clean_D2",1,13.1275684561232,5,0.0222121948692154,0.311915500185409,0.0283776615987127,TRUE
"PRELP","D2_late_increasing","clean_D2",1,82.8799179583402,5,2.22044604925031e-16,4.80956007231067,9.30601575925639e-16,TRUE
"GORASP2","D2_late_increasing","clean_D2",1,2.15683890114092,5,0.827045321974176,0.476308806075064,0.85524947538152,FALSE
"ECH1","D2_late_increasing","clean_D2",1,5.82262690598168,5,0.323862518557123,0.460056505809906,0.354837679736869,FALSE
"GSTO1","D2_late_increasing","clean_D2",1,26.8074947187415,5,6.21829767565307e-05,0.693961294051958,0.000107748989976442,TRUE
"PRMT2","D2_late_increasing","clean_D2",1,4.33978767847007,5,0.501600998737614,0.105218880820966,0.536463308815851,FALSE
"SUB1","D2_late_increasing","clean_D2",1,4.4788901147358,5,0.482712827300709,0.334156613696044,0.51733568081812,FALSE
"HLA-A","D2_late_increasing","clean_D2",1,134.024633853878,5,0,1.1481807548408,0,TRUE
"ANXA2","D2_late_increasing","clean_D2",1,82.3344101761932,5,2.22044604925031e-16,0.841082807476124,9.30601575925639e-16,TRUE
"CREB3","D2_late_increasing","clean_D2",1,0.590379444138364,5,0.988439485369946,0.12724403212917,0.99616921741585,FALSE
"PLP2","D2_late_increasing","clean_D2",1,21.0265227492241,5,0.000800766143760123,0.281934918042459,0.00122673089779597,TRUE
"ALDOA","D2_late_increasing","clean_D2",1,82.8350197144546,5,2.22044604925031e-16,0.644628172216041,9.30601575925639e-16,TRUE
"CCDC92","D2_late_increasing","clean_D2",1,NA,NA,NA,1.07595844699884,NA,FALSE
"IFITM1","D2_late_increasing","clean_D2",1,NA,NA,NA,0.216176903964582,NA,FALSE
"SCAND1","D2_late_increasing","clean_D2",1,29.5952593648631,5,1.77158664178556e-05,0.319262321022489,3.34524876864636e-05,TRUE
"RPS19BP1","D2_late_increasing","none",1,14.8988441409151,5,0.0108034196115686,0.240423680252497,0.014335039407371,TRUE
"CD68","D2_late_increasing","clean_D2",1,4.4142658297967,5,0.49143566030014,0.940412283671485,0.526137243789662,FALSE
"NKIRAS2","D2_late_increasing","clean_D2",1,1.57872993619382,5,0.903809483772472,0.243323015301102,0.92535012688125,FALSE
"NRP2","D2_late_increasing","clean_D2",1,52.550360640026,5,4.15973588907548e-10,0.742785997859849,1.18145666711758e-09,TRUE
"PLXNA2","D2_late_increasing","clean_D2",1,79.7205347242052,5,9.99200722162641e-16,2.37187109234641,4.08799977995906e-15,TRUE
"C4orf3","D2_late_increasing","clean_D2",1,27.3825991721355,5,4.80437364648312e-05,0.338496008441033,8.45274612546774e-05,TRUE
"RBCK1","D2_late_increasing","clean_D2",1,20.957236950775,5,0.00082526788228432,1.59025594589613,0.00126239048462186,TRUE
"PKM","D2_late_increasing","clean_D2",1,71.9730713200247,5,3.97459842815806e-14,0.625458535075433,1.49555145234707e-13,TRUE
"MAGOHB","D2_late_increasing","clean_D2",1,7.16485615708903,5,0.208665634846448,1.14766369374051,0.23435105612929,FALSE
"MAP2K2","D2_late_increasing","clean_D2",1,4.18998068848842,5,0.522400329137466,0.130282376995293,0.554680473059451,FALSE
"ORMDL3","D2_late_increasing","clean_D2",1,12.2716057342741,5,0.0312498450134376,1.25616919574441,0.0392431062227213,TRUE
"CDIPT","D2_late_increasing","clean_D2",1,NA,NA,NA,0.0597868200089211,NA,FALSE
"AGPAT1","D2_late_increasing","clean_D2",1,13.6653716200464,5,0.0178807266478364,0.361810961347576,0.0231595843893458,TRUE
"CFL1","D2_late_increasing","clean_D2",1,143.402433693658,5,0,0.508275143358136,0,TRUE
"PACS2","D2_late_increasing","clean_D2",1,1.98310118373411,5,0.851478337104806,0.202693372115109,0.879633432419895,FALSE
"GJA1","D2_late_increasing","clean_D2",1,25.0497082551537,5,0.000136287964520254,0.536926138030167,0.000225180915737792,TRUE
"KDELR1","D2_late_increasing","clean_D2",1,38.6320050741579,5,2.81628298681724e-07,0.464031343331676,6.29845500956307e-07,TRUE
"ZNF593","D2_late_increasing","clean_D2",1,17.0961635957431,5,0.00432098508435375,0.708752179784503,0.00602832966436903,TRUE
"CORO1C","D2_late_increasing","clean_D2",1,18.8220389963253,5,0.00207447521595583,0.260740587877764,0.00304236692411161,TRUE
"RTN4RL2","D2_late_increasing","clean_D2",1,3.89299063930594,5,0.564923402448022,0.739503545071491,0.596758225331876,FALSE
"PSME2","D2_late_increasing","clean_D2",1,39.7678468918948,5,1.6633032640101e-07,1.18567771275091,3.85701261259174e-07,TRUE
"AKR1B1","D2_late_increasing","clean_D2",1,3.09485691644159,5,0.685364363095346,0.664379249093232,0.718100262552136,FALSE
"CYSTM1","D2_late_increasing","clean_D2",1,2.73293382388772,5,0.741076930546992,0.472336039940316,0.770989218359182,FALSE
"SNX3","D2_late_increasing","clean_D2",1,14.1422041662681,5,0.0147309072000954,0.426929777600754,0.0192491322221779,TRUE
"BCL7C","D2_late_increasing","clean_D2",1,8.64059970085402,5,0.124287071976113,0.38522692908929,0.144301769377671,FALSE
"PODNL1","D2_late_increasing","clean_D2",1,7.40831617635354,5,0.192000723124339,1.04370431240835,0.217291707509543,FALSE
"GALNT15","D2_late_increasing","clean_D2",1,28.522547831064,5,2.87635390868735e-05,1.14848096367828,5.23943618349232e-05,TRUE
"PPP1R14B","D2_late_increasing","clean_D2",1,76.3324802865053,5,4.88498130835069e-15,0.496516567703835,1.92229607973647e-14,TRUE
"HOXB7","D2_late_increasing","clean_D2",1,0.0523443403453321,5,0.999967272637485,0.0687795284516036,1,FALSE
"ADGRA2","D2_late_increasing","clean_D2",1,25.7289109827871,5,0.000100712692831628,1.17792089316495,0.000169942367118508,TRUE
"NUCB2","D2_late_increasing","clean_D2",1,23.532607714681,5,0.00026692898909586,1.22210075477935,0.000426012055352681,TRUE
"ANXA5","D2_late_increasing","clean_D2",1,60.8190140856477,5,8.23074941536106e-12,0.6522766811744,2.62721444186912e-11,TRUE
"ATP5J2","D2_late_increasing","clean_D2",1,70.3764397474288,5,8.55981951985996e-14,0.430423328656112,3.12949429963674e-13,TRUE
"CAPNS1","D2_late_increasing","clean_D2",1,51.13710763073,5,8.10702949216591e-10,0.476240380195467,2.24084380869251e-09,TRUE
"ATP5G3","D2_late_increasing","clean_D2",1,47.1855395774219,5,5.20752074795183e-09,0.560337780625555,1.34223847278458e-08,TRUE
"MBOAT7","D2_late_increasing","clean_D2",1,1.00821043428343,5,0.961900830140225,0.342743089290956,0.976102121923791,FALSE
"WDR45","D2_late_increasing","clean_D2",1,NA,NA,NA,0.0630968416178405,NA,FALSE
"SLC35A4","D2_late_increasing","clean_D2",1,4.29602082542751,5,0.507629657009232,0.211433890711976,0.541226656025355,FALSE
"CSF1","D2_late_increasing","clean_D2",1,20.4741079508458,5,0.0010178901693223,3.44272509136802,0.00154103489658046,TRUE
"TES","D2_late_increasing","clean_D2",1,4.25100648517446,5,0.513871796183963,0.332453968899968,0.546751106156518,FALSE
"C11orf98","D2_late_increasing","clean_D2",1,4.98997885281483,5,0.417104408213931,0.405507595755105,0.450298057453993,FALSE
"MRPS11","D2_late_increasing","none",1,0.398312093648386,5,0.995375956676268,0.0420220144931534,1,FALSE
"PDIA6","D2_late_increasing","clean_D2",1,3.99458953652857,5,0.550195190875034,0.408800927519827,0.582393472065873,FALSE
"NDUFS7","D2_late_increasing","clean_D2",1,18.057832748287,5,0.00287479059884543,0.327640527939856,0.00413376444548067,TRUE
"CMBL","D2_late_increasing","clean_D2",1,11.7647173921388,5,0.0381578627657142,2.51094984290834,0.04717117087704,TRUE
"POP7","D2_late_increasing","clean_D2",1,9.13147094872716,5,0.103933736741216,1.05047541174856,0.122184358700334,FALSE
"POLE4","D2_late_increasing","clean_D2",1,1.51599012948793,5,0.91121721401075,0.202463387845706,0.932008876632027,FALSE
"PREB","D2_late_increasing","clean_D2",1,8.39183489213201,5,0.135922143180732,0.413369442944588,0.156751375413126,FALSE
"MPC2","D2_late_increasing","clean_D2",1,1.6505354587548,5,0.895071570563718,0.338098091665993,0.918227650996212,FALSE
"MIEN1","D2_late_increasing","clean_D2",1,0.640749525065814,5,0.986061582285743,0.174283524581611,0.994852045668526,FALSE
"CA12","D2_late_increasing","clean_D2",1,NA,NA,NA,0.072431192968868,NA,FALSE
"PDGFD","D2_late_increasing","clean_D2",1,95.693698784642,5,0,4.16041915169706,0,TRUE
"COX14","D2_late_increasing","clean_D2",1,9.26709143551739,5,0.0988734129435178,0.46599971160653,0.116547275368447,FALSE
"MINOS1","D2_late_increasing","clean_D2",1,27.7358834918409,5,4.09912107943722e-05,0.476221239829766,7.26150143109926e-05,TRUE
"NTMT1","D2_late_increasing","clean_D2",1,NA,NA,NA,0.228902610485965,NA,FALSE
"MAPK6","D2_late_increasing","clean_D2",1,29.4823251971111,5,1.86447947311263e-05,0.653865259475571,3.50780718390352e-05,TRUE
"FAM20A","D2_late_increasing","clean_D2",1,25.2851329770638,5,0.000122734350344489,3.5110000498434,0.000204425064951806,TRUE
"GAPDH","D2_late_increasing","clean_D2",1,156.402582422252,5,0,0.793935230104967,0,TRUE
"GADD45GIP1","D2_late_increasing","clean_D2",1,28.5032602596523,5,2.90148037567217e-05,0.402096077667016,5.27588406934393e-05,TRUE
"FIS1","D2_late_increasing","clean_D2",1,86.429839943612,5,0,0.687697460545662,0,TRUE
"ASNA1","D2_late_increasing","clean_D2",1,6.39576635615276,5,0.269590569483442,0.879560802001571,0.298227335984366,FALSE
"MAPKAPK2","D2_late_increasing","clean_D2",1,8.27801917307647,5,0.141564444806259,0.354417029222471,0.162464950505729,FALSE
"PCNXL3","D2_late_increasing","clean_D2",1,NA,NA,NA,1.17217461042284,NA,FALSE
"KLF7","D2_late_increasing","clean_D2",1,63.5380354648869,5,2.25219842775459e-12,0.518541607609569,7.44236083017623e-12,TRUE
"MEA1","D2_late_increasing","clean_D2",1,17.7666843967963,5,0.00325348572678896,0.409414496797641,0.00464590551844795,TRUE
"TMEM98","D2_late_increasing","clean_D2",1,17.4440626351693,5,0.00373025355914081,0.683297901283738,0.00524678229123352,TRUE
"DCTN1","D2_late_increasing","clean_D2",1,16.7067895148941,5,0.00509079463961359,0.562871963166537,0.00705458235677636,TRUE
"APOL1","D2_late_increasing","clean_D2",1,10.2271808901778,5,0.0690482165446793,1.8304692429211,0.0830673410239958,FALSE
"SMPD1","D2_late_increasing","clean_D2",1,NA,NA,NA,0.403053199535145,NA,FALSE
"MRPL55","D2_late_increasing","none",1,3.05054528855482,5,0.692193295027306,0.529722928221868,0.724519073272237,FALSE
"RPN1","D2_late_increasing","clean_D2",1,49.3973413855626,5,1.84067416864053e-09,0.603579395309789,4.92918199446335e-09,TRUE
"FRZB","D2_late_increasing","clean_D2",1,1.78409192947129,5,0.878139927239853,0.489672816347865,0.903555154674939,FALSE
"CLIP1","D2_late_increasing","clean_D2",1,91.584091499597,5,0,1.45870123129693,0,TRUE
"TMEM263","D2_late_increasing","clean_D2",1,20.5254964520341,5,0.000995461045146473,0.378023967590506,0.00150929461403826,TRUE
"CYC1","D2_late_increasing","clean_D2",1,15.2191517565927,5,0.00946585235024155,0.68100039052775,0.012707413767056,TRUE
"DGCR6L","D2_late_increasing","clean_D2",1,15.8175192892417,5,0.00738484393347261,0.316593975034478,0.0101246995949604,TRUE
"R3HDM4","D2_late_increasing","clean_D2",1,2.7601192360878,5,0.736909223904765,0.532479641934036,0.767427686712942,FALSE
"LSM7","D2_late_increasing","clean_D2",1,47.1381039237297,5,5.32480215476028e-09,0.339338766824764,1.36569274634287e-08,TRUE
"CARM1","D2_late_increasing","clean_D2",1,NA,NA,NA,0.574556437661869,NA,FALSE
"KCTD12","D2_late_increasing","clean_D2",1,30.8548751761582,5,1.00059764394089e-05,2.5494198205437,1.95012508677327e-05,TRUE
"SLC25A5","D2_late_increasing","clean_D2",1,NA,NA,NA,0.287046844920702,NA,FALSE
"CHMP1A","D2_late_increasing","clean_D2",1,10.3493603583272,5,0.0659202572589184,1.70777640291331,0.0794898072911635,FALSE
"ABHD17A","D2_late_increasing","clean_D2",1,1.19093034845441,5,0.945744510807733,0.245274173707575,0.962549447821098,FALSE
"COX7A1","D2_late_increasing","clean_D2",1,75.0393704761855,5,9.10382880192628e-15,0.741086173054495,3.52858928375413e-14,TRUE
"TIAM2","D2_late_increasing","clean_D2",1,122.979824345537,5,0,0.689527002655719,0,TRUE
"AURKAIP1","D2_late_increasing","clean_D2",1,28.4446025785433,5,2.97924132424132e-05,0.415097172660998,5.39823867362531e-05,TRUE
"SLC31A1","D2_late_increasing","clean_D2",1,7.77271425576207,5,0.169214654555371,0.985222340155987,0.19256104729204,FALSE
"ARFGAP3","D2_late_increasing","clean_D2",1,57.2050231848407,5,4.58804105818444e-11,0.576967102596945,1.37109284956179e-10,TRUE
"NME3","D2_late_increasing","clean_D2",1,14.8905021984019,5,0.0108405958529582,0.3566039023161,0.0143658795943443,TRUE
"MRPL41","D2_late_increasing","none",1,37.0725921187013,5,5.79209712081585e-07,0.449301606624647,1.25718992243393e-06,TRUE
"UFC1","D2_late_increasing","clean_D2",1,18.1081414244049,5,0.00281388265200033,0.297955732290777,0.0040575007191781,TRUE
"NDUFA2","D2_late_increasing","clean_D2",1,28.613633828842,5,2.76058020070025e-05,0.571649898285705,5.03744811844594e-05,TRUE
"FSCN1","D2_late_increasing","clean_D2",1,36.9744084960348,5,6.06064997521472e-07,0.387164070966906,1.31271641269882e-06,TRUE
"DLG1","D2_late_increasing","clean_D2",1,176.735507197173,5,0,1.13276915618173,0,TRUE
"PCED1A","D2_late_increasing","clean_D2",1,2.63531718897951,5,0.755992200506744,0.566578739609125,0.785713668066989,FALSE
"BLOC1S1","D2_late_increasing","clean_D2",1,22.6306715105534,5,0.000397092914551367,0.602929595014512,0.000626956806895037,TRUE
"COL8A2","D2_late_increasing","clean_D2",1,5.4494375282859,5,0.363522099595711,1.52278926859101,0.396185290362767,FALSE
"LZTS1","D2_late_increasing","clean_D2",1,11.3033602583039,5,0.045686163765658,1.26485928814834,0.0561411619098849,FALSE
"LSP1","D2_late_increasing","clean_D2",1,34.1670951658721,5,2.20540385065249e-06,0.319408986985296,4.51145113099745e-06,TRUE
"KIF1C","D2_late_increasing","clean_D2",1,1.75654443457495,5,0.881700528098102,0.084648112877924,0.906314301564449,FALSE
"CMTM3","D2_late_increasing","clean_D2",1,15.764879744554,5,0.00754841863374012,0.62881332060262,0.0103215114209364,TRUE
"WDR46","D2_late_increasing","clean_D2",1,6.32434045204331,5,0.275925920320475,0.794476862649031,0.304908492872894,FALSE
"EFHD2","D2_late_increasing","clean_D2",1,1.48632145196699,5,0.914642897047617,0.417641146568889,0.933620625948565,FALSE
"MGP","D2_late_increasing","clean_D2",1,130.583376992858,5,0,1.09450695893596,0,TRUE
"XPOT","D2_late_increasing","clean_D2",1,NA,NA,NA,0.955059849176162,NA,FALSE
"PKIG","D2_late_increasing","clean_D2",1,1.71816818115212,5,0.886602974723295,0.372843537730092,0.910445883406092,FALSE
"BCL3","D2_late_increasing","clean_D2",1,24.8478199788806,5,0.000149083518607207,1.62054803596645,0.000244753356184762,TRUE
"ARHGDIA","D2_late_increasing","clean_D2",1,22.7263155102546,5,0.000380750123644691,0.195523713177506,0.000603000579842821,TRUE
"ZNF428","D2_late_increasing","clean_D2",1,25.6579716109595,5,0.000103949875664311,0.816522472833249,0.000175118172892001,TRUE
"LOXL2","D2_late_increasing","clean_D2",1,29.4595010204803,5,1.8838324925885e-05,0.386141012971951,3.53776193052594e-05,TRUE
"UQCR10","D2_late_increasing","clean_D2",1,52.8114113822039,5,3.67694652503303e-10,0.393459779004805,1.05011963083353e-09,TRUE
"RAB7B","D2_late_increasing","clean_D2",1,3.19846375245996,5,0.66941901193895,0.666594458835534,0.702821793593745,FALSE
"RABAC1","D2_late_increasing","clean_D2",1,125.013964653581,5,0,0.636832872396157,0,TRUE
"DPM3","D2_late_increasing","clean_D2",1,32.5131051304688,5,4.7011130861474e-06,1.01122984077581,9.35684863285323e-06,TRUE
"CSTB","D2_late_increasing","clean_D2",1,34.7109876630548,5,1.71827535322411e-06,0.70159803700481,3.56447060195987e-06,TRUE
"TMUB1","D2_late_increasing","clean_D2",1,4.58343223083366,5,0.468798685914448,0.722622982238051,0.503470255393537,FALSE
"PSMB9","D2_late_increasing","clean_D2",1,18.1282570259145,5,0.00278988445305861,1.09157678841466,0.00402853063179752,TRUE
"AP1S1","D2_late_increasing","clean_D2",1,NA,NA,NA,0.760515372359277,NA,FALSE
"MYL6","D2_late_increasing","clean_D2",1,243.370266235968,5,0,0.565097682892148,0,TRUE
"LIMK1","D2_late_increasing","clean_D2",1,NA,NA,NA,1.54209509512554,NA,FALSE
"GBP2","D2_late_increasing","clean_D2",1,5.14545360098811,5,0.398388144288415,1.74413820720206,0.43144766466529,FALSE
"AMPD2","D2_late_increasing","clean_D2",1,8.39941931557951,5,0.135553417048092,0.395082914664981,0.156501201541526,FALSE
"BEST1","D2_late_increasing","clean_D2",1,0,5,1,0.18372463604001,1,FALSE
"CUEDC2","D2_late_increasing","clean_D2",1,NA,NA,NA,0.281512509538916,NA,FALSE
"ILF2","D2_late_increasing","clean_D2",1,9.93367790787414,5,0.0771364125491745,0.626908957288114,0.0922594447078873,FALSE
"TUBA1B","D2_late_increasing","clean_D2",1,115.996350921411,5,0,0.792177087741282,0,TRUE
"SAC3D1","D2_late_increasing","clean_D2",1,8.0271386959937,5,0.154746289458337,1.02762554081067,0.177270471590606,FALSE
"GDI2","D2_late_increasing","clean_D2",1,NA,NA,NA,0.557105773645379,NA,FALSE
"DCTD","D2_late_increasing","clean_D2",1,2.87471419876146,5,0.71929384277156,0.442071411752157,0.751359627049116,FALSE
"FAM127A","D2_late_increasing","clean_D2",1,49.1528882654557,5,2.06517003498163e-09,0.443088960606316,5.50178373660482e-09,TRUE
"RPN2","D2_late_increasing","clean_D2",1,7.72651814252663,5,0.171965773870093,0.458395372031752,0.195475978897537,FALSE
"ATP5E","D2_late_increasing","clean_D2",1,207.081007618093,5,0,0.691560014938652,0,TRUE
"CDC42EP1","D2_late_increasing","clean_D2",1,9.99263192929493,5,0.0754442865487355,0.194907194474454,0.0903403710008667,FALSE
"PUF60","D2_late_increasing","clean_D2",1,1.64151272492336,5,0.89618420137336,0.282819989181463,0.918455180532738,FALSE
"INPPL1","D2_late_increasing","clean_D2",1,14.3017306788797,5,0.0138022221025704,0.532405410489988,0.0180814370873572,TRUE
"MYL6B","D2_late_increasing","clean_D2",1,1.86994759928962,5,0.866831709458012,0.320985982677493,0.892810681769441,FALSE
"PKN1","D2_late_increasing","clean_D2",1,NA,NA,NA,0.472177604628752,NA,FALSE
"LTBP2","D2_late_increasing","clean_D2",1,12.8087386354609,5,0.0252385609015435,1.64352386936069,0.0320455126717874,TRUE
"COL15A1","D2_late_increasing","clean_D2",1,40.510985022659,5,1.17781481456802e-07,2.303367750645,2.75357613111028e-07,TRUE
"NOP10","D2_late_increasing","clean_D2",1,32.342833532226,5,5.08110455277322e-06,0.450963538230181,1.00742669113638e-05,TRUE
"RAB11FIP5","D2_late_increasing","clean_D2",1,NA,NA,NA,1.47484571110861,NA,FALSE
"OXLD1","D2_late_increasing","clean_D2",1,3.27140886186341,5,0.6582217348935,0.871070913338495,0.691770243297858,FALSE
"DNM3OS","D2_late_increasing","clean_D2",1,6.43556149703409,5,0.266112497768341,0.380192351122941,0.294696009880945,FALSE
"LRRC75A","D2_late_increasing","clean_D2",1,9.26601764869156,5,0.0989125760886429,1.44271732711502,0.116547275368447,FALSE
"XXYLT1","D2_late_increasing","clean_D2",1,8.29310815124882,5,0.140804565234321,0.832971926462244,0.161838915001767,FALSE
"GCN1","D2_late_increasing","clean_D2",1,21.7255716501063,5,0.000590368368728389,0.521090099007819,0.000920831752131572,TRUE
"FAAP100","D2_late_increasing","clean_D2",1,8.30527350642376,5,0.140194577567571,0.746824467055174,0.161317644500185,FALSE
"PTGDS","D2_late_increasing","clean_D2",1,168.857931316677,5,0,4.39694781624433,0,TRUE
"CCL27","D2_late_increasing","clean_D2",1,NA,NA,NA,0.0698259208187644,NA,FALSE
"CAPG","D2_late_increasing","clean_D2",1,8.56389870908555,5,0.127774957876544,0.756596426646928,0.14801795682103,FALSE
"MYC","D2_late_increasing","clean_D2",1,NA,NA,NA,0.0820443452653939,NA,FALSE
"MDFI","D2_late_increasing","clean_D2",1,27.0302545609979,5,5.62737988110129e-05,0.773345208275964,9.80038624563417e-05,TRUE
"B4GALT7","D2_late_increasing","clean_D2",1,2.33472333451959,5,0.801153742056335,0.585096000596873,0.83097536022141,FALSE
"PSMD8","D2_late_increasing","clean_D2",1,32.6771019451826,5,4.36186642527314e-06,0.217603322226262,8.71527962103994e-06,TRUE
"IMP4","D2_late_increasing","clean_D2",1,11.7189361321681,5,0.0388487061653665,0.229126336259625,0.0479676838999915,TRUE
"APRT","D2_late_increasing","clean_D2",1,46.4359371590126,5,7.40301697721435e-09,0.486850167310652,1.88923527314554e-08,TRUE
"PTGES2","D2_late_increasing","clean_D2",1,5.00621217033588,5,0.415122515345138,0.663102436602219,0.448628211028131,FALSE
"SLC35E1","D2_late_increasing","clean_D2",1,3.33389771249813,5,0.64865609108382,0.310532836537441,0.682412683578999,FALSE
"ANO1","D2_late_increasing","clean_D2",1,8.87203641066253,5,0.114278346290217,1.3701350033958,0.133432587797524,FALSE
"SEC61B","D2_late_increasing","clean_D2",1,91.03124948701,5,0,0.521376053570216,0,TRUE
"TTC3","D2_late_increasing","clean_D2",1,63.8308510671632,5,1.95843341543878e-12,0.914233233166443,6.49242717465395e-12,TRUE
"POLR2G","D2_late_increasing","clean_D2",1,14.9740517891369,5,0.0104737878868996,0.335963551844229,0.0139335165308303,TRUE
"TIMM13","D2_late_increasing","clean_D2",1,28.7642406565544,5,2.57921117586823e-05,0.351486161588149,4.7316133849113e-05,TRUE
"TMED2","D2_late_increasing","clean_D2",1,26.0663426813852,5,8.66306906177616e-05,0.34571006862155,0.000147386537998205,TRUE
"MMP14","D2_late_increasing","clean_D2",1,13.5395990991406,5,0.0188141979421235,0.279257690695132,0.0242165269392376,TRUE
"UBA1","D2_late_increasing","clean_D2",1,3.89706568402596,5,0.564329257445163,0.135512662388848,0.596742014795859,FALSE
"APLNR","D2_late_increasing","clean_D2",1,6.68426446278772,5,0.245200609136136,4.61477770897444,0.272415762951892,FALSE
"DGKZ","D2_late_increasing","clean_D2",1,7.13395274162485,5,0.210867179956164,1.91655869993538,0.236565900473129,FALSE
"ELN","D2_late_increasing","clean_D2",1,32.1290740749109,5,5.6016340295173e-06,1.1141099894974,1.10637637632803e-05,TRUE
"PRELID1","D2_late_increasing","clean_D2",1,43.6679714167082,5,2.70498505816619e-08,0.492443678244604,6.5930014065469e-08,TRUE
"SIRT2","D2_late_increasing","clean_D2",1,13.2054489715327,5,0.021527703551119,1.34039127402823,0.0275715060387623,TRUE
"IL32","D2_late_increasing","clean_D2",1,32.3747827768129,5,5.00754890153665e-06,4.06701595633274,9.94755860786953e-06,TRUE
"CHRD","D2_late_increasing","clean_D2",1,5.42686993418135,5,0.366031507207616,1.02149665481555,0.398498927065525,FALSE
"BAX","D2_late_increasing","clean_D2",1,7.17076367836029,5,0.20824703052011,0.929523014411734,0.234135974336133,FALSE
"PLEKHO1","D2_late_increasing","clean_D2",1,NA,NA,NA,0.315795658618249,NA,FALSE
"TSPAN4","D2_late_increasing","clean_D2",1,32.5922538457617,5,4.53423033364153e-06,0.933454886007363,9.04214985296793e-06,TRUE
"TCEB2","D2_late_increasing","clean_D2",1,162.897718216092,5,0,0.634322299175438,0,TRUE
"ATP8B2","D2_late_increasing","clean_D2",1,NA,NA,NA,0.599831708173909,NA,FALSE
"ATP6V0E1","D2_late_increasing","clean_D2",1,45.428711007623,5,1.18699046147697e-08,0.591931994300098,2.9775843449702e-08,TRUE
"SPOP","D2_late_increasing","clean_D2",1,4.66624992900961,5,0.457952405386006,0.484100736800322,0.49284856988828,FALSE
"DUSP23","D2_late_increasing","clean_D2",1,1.96434847680746,5,0.854055796090094,0.480597458186784,0.881412938707595,FALSE
"CCND2","D2_late_increasing","clean_D2",1,7.52269152080001,5,0.184577181456396,0.712757846201903,0.209349916481347,FALSE
"SLC3A2","D2_late_increasing","clean_D2",1,14.5047467108006,5,0.0127019570703659,0.39433045474826,0.016682442980315,TRUE
"TMEM205","D2_late_increasing","clean_D2",1,28.3826013933831,5,3.06368298130799e-05,1.45457668509298,5.53562363203374e-05,TRUE
"COMMD7","D2_late_increasing","clean_D2",1,0.303666756017241,5,0.997573554969998,0.165209881538301,1,FALSE
"UBTD1","D2_late_increasing","clean_D2",1,NA,NA,NA,0.557220644158762,NA,FALSE
"SPNS1","D2_late_increasing","clean_D2",1,4.16290530733681,5,0.526208086583422,0.59923552597477,0.558148700892498,FALSE
"MRGPRF","D2_late_increasing","clean_D2",1,9.7094095387929,5,0.0839003712112527,1.67591433800174,0.0998860077584313,FALSE
"PIGP","D2_late_increasing","clean_D2",1,NA,NA,NA,0.23632458526366,NA,FALSE
"DDT","D2_late_increasing","clean_D2",1,28.4549845460219,5,2.96532920269765e-05,0.356388822862003,5.38249015489662e-05,TRUE
"CPNE1","D2_late_increasing","clean_D2",1,13.6441447669526,5,0.0180350773302715,0.754828785664331,0.0233009583051503,TRUE
"TSPAN9","D2_late_increasing","clean_D2",1,27.3734781246749,5,4.82409205069256e-05,0.557561403096468,8.47297939397621e-05,TRUE
"NDUFA13","D2_late_increasing","clean_D2",1,147.157115080088,5,0,0.669647989749724,0,TRUE
"PTPN14","D2_late_increasing","clean_D2",1,75.8964748401977,5,5.99520433297585e-15,0.565521090957601,2.34130896488564e-14,TRUE
"MXD4","D2_late_increasing","clean_D2",1,7.9125141948191,5,0.161123507114445,0.554120647611743,0.184166669440125,FALSE
"PPP2R1A","D2_late_increasing","clean_D2",1,6.17861257475718,5,0.289225126404687,0.342658291901442,0.318920968260142,FALSE
"ACAN","D2_late_increasing","clean_D2",1,25.3596237940965,5,0.000118730452751459,0.753274125149708,0.000198397239524723,TRUE
"STARD10","D2_late_increasing","clean_D2",1,4.93421960763067,5,0.423960813467045,0.958180538300367,0.457221337536113,FALSE
"TCEAL8","D2_late_increasing","clean_D2",1,14.5904776632181,5,0.012263264589581,0.315350321676569,0.0161887654185122,TRUE
"NUDT22","D2_late_increasing","clean_D2",1,NA,NA,NA,0.664873793725493,NA,FALSE
"TACSTD2","D2_late_increasing","clean_D2",1,NA,NA,NA,0.405266910109627,NA,FALSE
"CD248","D2_late_increasing","clean_D2",1,58.8580584966621,5,2.09220418767586e-11,0.801079529131489,6.40077898366117e-11,TRUE
"GOLGA2","D2_late_increasing","clean_D2",1,58.4276263062766,5,2.56714649538026e-11,0.336149782101106,7.78449422569719e-11,TRUE
"HSD3B7","D2_late_increasing","clean_D2",1,4.24365965275365,5,0.514894539631898,1.73358862227258,0.547274505526275,FALSE
"TAX1BP3","D2_late_increasing","clean_D2",1,38.7254526589836,5,2.6969887723105e-07,0.445314922420388,6.07116904858544e-07,TRUE
"GLRX","D2_late_increasing","clean_D2",1,13.6713537099142,5,0.0178374583971942,1.1856269286319,0.0231326032798833,TRUE
"FAM96B","D2_late_increasing","clean_D2",1,18.0292326229433,5,0.00290999024257943,0.333881228186687,0.0041785514486064,TRUE
"CYP1B1","D2_late_increasing","clean_D2",1,36.2402717843524,5,8.50282697917315e-07,2.95267652719791,1.80750816815e-06,TRUE
"LTBR","D2_late_increasing","clean_D2",1,9.01444160280707,5,0.108489515605402,0.918546016361827,0.127249932410887,FALSE
"SERPINB6","D2_late_increasing","clean_D2",1,3.79548991191899,5,0.579219940894192,0.478077155095801,0.611234144382714,FALSE
"MFSD12","D2_late_increasing","clean_D2",1,5.33688127461505,5,0.376164021491062,0.657238353059158,0.408667129775853,FALSE
"FKBP1A","D2_late_increasing","clean_D2",1,26.101573175446,5,8.52779559127326e-05,0.680924944636042,0.000145324913299219,TRUE
"NCLN","D2_late_increasing","clean_D2",1,NA,NA,NA,0.8667496716835,NA,FALSE
"NTM","D2_late_increasing","clean_D2",1,24.1577401288105,5,0.000202470618162032,1.59053853571871,0.000327189980133315,TRUE
"FAM173A","D2_late_increasing","clean_D2",1,16.6592434627723,5,0.00519351364356679,0.555555756341389,0.00718726518995619,TRUE
"TMEM141","D2_late_increasing","clean_D2",1,14.5601651207642,5,0.0124166733155567,0.239042989393213,0.0163494127564994,TRUE
"RNF181","D2_late_increasing","clean_D2",1,36.9443657990148,5,6.14527315812019e-07,0.441181345636153,1.32825505786623e-06,TRUE
"FBLN2","D2_late_increasing","clean_D2",1,68.500199368405,5,2.10165218561542e-13,1.63190816872301,7.52362292836632e-13,TRUE
"CTD-3214H19.16","D2_late_increasing","clean_D2",1,48.1801998813708,5,3.26343763124015e-09,0.798730037035423,8.47507354611737e-09,TRUE
"ARHGAP22","D2_late_increasing","clean_D2",1,34.8559569284917,5,1.60759564193924e-06,2.22884041006255,3.35512369805538e-06,TRUE
"MRPL3","D2_late_increasing","none",1,6.51778599241958,5,0.259042314641471,0.214313428310125,0.287483989661309,FALSE
"YIPF5","D2_late_increasing","clean_D2",1,8.2760398619301,5,0.141664394281911,0.582186057478331,0.162464950505729,FALSE
"APOBEC3C","D2_late_increasing","clean_D2",1,5.13567486637294,5,0.399547797921496,0.681307254948097,0.432249506460716,FALSE
"PSMB3","D2_late_increasing","clean_D2",1,19.1603310702249,5,0.00179432969048132,0.310765490926906,0.002650363769178,TRUE
"C1orf54","D2_late_increasing","clean_D2",1,4.28934809382781,5,0.508552316137424,1.02622259257577,0.541650245803393,FALSE
"FAM57A","D2_late_increasing","clean_D2",1,NA,NA,NA,0.820168334360986,NA,FALSE
"NUDT2","D2_late_increasing","clean_D2",1,NA,NA,NA,0.188501085231234,NA,FALSE
"AP2M1","D2_late_increasing","clean_D2",1,34.0360807035918,5,2.34194652637409e-06,0.407719476400995,4.77255114328083e-06,TRUE
"MYO18A","D2_late_increasing","clean_D2",1,71.6189613704191,5,4.71844785465692e-14,1.05870693024845,1.75621651196797e-13,TRUE
"TOMM5","D2_late_increasing","clean_D2",1,23.8754875608513,5,0.000229406124523601,0.392983551719666,0.00036783470355184,TRUE
"C1orf216","D2_late_increasing","clean_D2",1,11.8897061536156,5,0.0363307167054548,0.294440958754393,0.0452155394751848,TRUE
"ELOVL1","D2_late_increasing","clean_D2",1,7.44917829709127,5,0.189319376354081,0.740203051843142,0.214492612111052,FALSE
"MMP24-AS1","D2_late_increasing","clean_D2",1,9.74811361122119,5,0.0826951662983884,0.459491799507272,0.0987934141988857,FALSE
"CCDC85B","D2_late_increasing","clean_D2",1,21.7188677388315,5,0.000592100390895633,0.337324854675716,0.00092213822207462,TRUE
"COX5A","D2_late_increasing","clean_D2",1,48.2586659000181,5,3.14523940225797e-09,1.17042408703211,8.23030919727911e-09,TRUE
"GTF2H5","D2_late_increasing","clean_D2",1,7.30573164285806,5,0.198877389043784,0.874364759102337,0.224581147978249,FALSE
"RALA","D2_late_increasing","clean_D2",1,27.9807736587027,5,3.67151147333544e-05,0.390260295127997,6.54901094984229e-05,TRUE
"CTSD","D2_late_increasing","clean_D2",1,35.1808298178184,5,1.38465160948176e-06,1.11172399732096,2.90157684832458e-06,TRUE
"FAM210B","D2_late_increasing","clean_D2",1,13.5235679460229,5,0.0189364992624638,1.11669362661743,0.0243435545381548,TRUE
"YKT6","D2_late_increasing","clean_D2",1,24.6541920982329,5,0.000162469882624139,0.539183151841125,0.000266305960231299,TRUE
"RP11-492E3.51","D2_late_increasing","clean_D2",1,9.6150573609566,5,0.0869067676815269,1.01854327264955,0.103226817372874,FALSE
"SEPW1","D2_late_increasing","clean_D2",1,66.3700553933095,5,5.82311976415895e-13,0.571699903807636,1.99456361357072e-12,TRUE
"PTPRD","D2_late_increasing","clean_D2",1,113.634864944102,5,0,1.19225997748596,0,TRUE
"USP11","D2_late_increasing","clean_D2",1,11.3084372868002,5,0.0455961494915371,0.678649971690036,0.0560974106512825,FALSE
"IFNGR2","D2_late_increasing","clean_D2",1,3.76421129464029,5,0.583838032139522,0.526833975672779,0.615477516498822,FALSE
"SLC52A2","D2_late_increasing","clean_D2",1,NA,NA,NA,1.14098300935479,NA,FALSE
"CFH","D2_late_increasing","clean_D2",1,131.428188967167,5,0,2.32637134209185,0,TRUE
"PRKAR2A","D2_late_increasing","clean_D2",1,48.4136919478624,5,2.92411861391173e-09,0.790519320295189,7.69073033403825e-09,TRUE
"SNRPC","D2_late_increasing","clean_D2",1,15.2134969265421,5,0.00948800829353325,0.69614982443866,0.0127162215343163,TRUE
"CHID1","D2_late_increasing","clean_D2",1,15.0507692683063,5,0.0101475971713136,0.426562347681147,0.0135520371549538,TRUE
"MSC","D2_late_increasing","clean_D2",1,12.7849249811743,5,0.0254798141879015,3.48822822145817,0.0323120398865023,TRUE
"DNLZ","D2_late_increasing","clean_D2",1,19.6345116299899,5,0.00146322722424497,0.900475926281938,0.00218352512400709,TRUE
"REXO2","D2_late_increasing","clean_D2",1,18.0985584092723,5,0.00282538634277274,1.36416381105524,0.0040683984907803,TRUE
"IFI35","D2_late_increasing","clean_D2",1,18.3243069482278,5,0.0025662524425234,1.39359831874571,0.00372648770174877,TRUE
"RAB31","D2_late_increasing","clean_D2",1,30.2410618094248,5,1.32216045753974e-05,0.288699031892287,2.53844959352603e-05,TRUE
"PRDX5","D2_late_increasing","clean_D2",1,112.779523769583,5,0,0.543882649815467,0,TRUE
"UFD1L","D2_late_increasing","clean_D2",1,0.824616396158859,5,0.975436733147856,0.187002274539343,0.98789319437666,FALSE
"ICAM3","D2_late_increasing","clean_D2",1,NA,NA,NA,1.54788889212973,NA,FALSE
"SNHG18","D2_late_increasing","clean_D2",1,5.8028399850262,5,0.325878649393077,0.987838377360045,0.356667608836797,FALSE
"PSENEN","D2_late_increasing","clean_D2",1,17.0786138507556,5,0.00435309171799059,0.867653278294721,0.00606491562330851,TRUE
"SEC31A","D2_late_increasing","clean_D2",1,74.7112394521246,5,1.06581410364015e-14,0.687741316963188,4.10020276437685e-14,TRUE
"EPN1","D2_late_increasing","clean_D2",1,NA,NA,NA,0.188335461174533,NA,FALSE
"SH3BGRL3","D2_late_increasing","clean_D2",1,101.701838219439,5,0,0.555686940496558,0,TRUE
"SAE1","D2_late_increasing","clean_D2",1,10.1780594807646,5,0.0703443842503139,0.974047574727751,0.0845280421469389,FALSE
"HSPA12B","D2_late_increasing","clean_D2",1,41.8578397345082,5,6.29374300453733e-08,0.964453495592293,1.49168943394896e-07,TRUE
"NAA38","D2_late_increasing","clean_D2",1,43.2160193476748,5,3.34065839435738e-08,0.348513245036384,8.08502066803393e-08,TRUE
"CLEC2A","D2_late_increasing","clean_D2",1,5.63473952594723,5,0.343397270681996,0.609130770429496,0.375045112365612,FALSE
"SEC23A","D2_late_increasing","clean_D2",1,64.9888956775048,5,1.12665432538961e-12,0.850495599252713,3.75916054846824e-12,TRUE
"TENM4","D2_late_increasing","clean_D2",1,31.3438229316889,5,8.01109896875207e-06,1.50864698032795,1.56725674322265e-05,TRUE
"CILP","D2_late_increasing","clean_D2",1,15.3158913996931,5,0.00909451198325506,4.2473829849678,0.0122889146195753,TRUE
"CCL2","D2_late_increasing","clean_D2",1,16.3477085275672,5,0.00591838118357768,2.80958037153131,0.00814666355176047,TRUE
"LAMTOR1","D2_late_increasing","clean_D2",1,27.6053635525082,5,4.34683772783107e-05,0.190251467547267,7.6739549612908e-05,TRUE
"TP53TG1","D2_late_increasing","clean_D2",1,NA,NA,NA,0.381674921988899,NA,FALSE
"SEPN1","D2_late_increasing","clean_D2",1,6.98659958308463,5,0.221638823299272,0.407243443781427,0.247304790932413,FALSE
"BRE","D2_late_increasing","clean_D2",1,158.167695984521,5,0,1.66304811363667,0,TRUE
"SIGMAR1","D2_late_increasing","clean_D2",1,0.731461752525945,5,0.981197463251369,0.200673555024724,0.991779004521727,FALSE
"DEF8","D2_late_increasing","clean_D2",1,13.7340011194235,5,0.0173903511090622,0.927595734514457,0.0225811737952684,TRUE
"CXCL12","D2_late_increasing","clean_D2",1,88.7527543104006,5,0,3.26732784383326,0,TRUE
"CCDC8","D2_late_increasing","clean_D2",1,6.99680058470842,5,0.220878361283402,0.634994694978595,0.246723283297061,FALSE
"MRPL27","D2_late_increasing","none",1,24.1992918252001,5,0.000198778888339524,0.703526699674525,0.000322234329996932,TRUE
"GSTK1","D2_late_increasing","clean_D2",1,7.62891789540822,5,0.177907385893245,0.769499156520386,0.202007174951471,FALSE
"NFE2L1","D2_late_increasing","clean_D2",1,2.79322488421354,5,0.731827310179155,0.330606267940787,0.76367809392177,FALSE
"PDIA4","D2_late_increasing","clean_D2",1,22.7062647364041,5,0.000384120261638032,0.456331564058647,0.000607404892252778,TRUE
"CAP1","D2_late_increasing","clean_D2",1,5.22840383951828,5,0.388646254753929,0.37446723138253,0.421339946005573,FALSE
"ABHD14A","D2_late_increasing","clean_D2",1,10.0557665098363,5,0.0736704597238588,1.11325598992745,0.0883188883433702,FALSE
"PLGRKT","D2_late_increasing","clean_D2",1,6.2346858336349,5,0.284048161278763,0.998621133585034,0.313547809719919,FALSE
"SERP1","D2_late_increasing","clean_D2",1,32.7617486357881,5,4.19640341242644e-06,0.553386939548109,8.41729945177366e-06,TRUE
"FAAP20","D2_late_increasing","clean_D2",1,15.8828444455121,5,0.00718664121367851,0.147362076521327,0.00986608134660792,TRUE
"PPP4C","D2_late_increasing","clean_D2",1,NA,NA,NA,0.79224334914113,NA,FALSE
"NRN1","D2_late_increasing","clean_D2",1,NA,NA,NA,0.236994861375287,NA,FALSE
"ITGB5","D2_late_increasing","clean_D2",1,72.9050036600602,5,2.54241072639161e-14,0.995484034850687,9.67241866756365e-14,TRUE
"PDZD11","D2_late_increasing","clean_D2",1,NA,NA,NA,0.390596677701687,NA,FALSE
"CLTB","D2_late_increasing","clean_D2",1,21.3045238939262,5,0.000709460685087149,0.7640279823802,0.00109663263317069,TRUE
"TADA3","D2_late_increasing","clean_D2",1,NA,NA,NA,0.75875522873942,NA,FALSE
"MZT2A","D2_late_increasing","clean_D2",1,18.7777778505263,5,0.00211416721106339,0.46940353126552,0.00309617385597494,TRUE
"PTGIS","D2_late_increasing","clean_D2",1,31.033905706552,5,9.22395774916041e-06,2.63880640712216,1.80111750745916e-05,TRUE
"FGGY","D2_late_increasing","clean_D2",1,65.3875291477525,5,9.31366095358044e-13,1.33841251623224,3.14832276824309e-12,TRUE
"HSPB6","D2_late_increasing","clean_D2",1,28.7057274898425,5,2.64822699637124e-05,1.34648604762894,4.84099651287012e-05,TRUE
"C19orf70","D2_late_increasing","clean_D2",1,66.8778085085632,5,4.56856774633252e-13,0.626577287379721,1.58592368567974e-12,TRUE
"PPP1CA","D2_late_increasing","clean_D2",1,23.4094967087535,5,0.000281831577620517,0.449186780965667,0.000448407957603014,TRUE
"TMEM54","D2_late_increasing","clean_D2",1,5.98058793636261,5,0.308112382415141,0.582993754791981,0.338300177071364,FALSE
"SSR2","D2_late_increasing","clean_D2",1,67.2893987823654,5,3.7514436002084e-13,0.445455352117051,1.31555726252206e-12,TRUE
"SPHK1","D2_late_increasing","clean_D2",1,6.85520603157309,5,0.231633467103553,0.60746570267728,0.257898601062379,FALSE
"LY6E","D2_late_increasing","clean_D2",1,87.3558066578771,5,0,0.764180023678614,0,TRUE
"TMEM120B","D2_late_increasing","clean_D2",1,86.7073745448115,5,0,0.853977548773097,0,TRUE
"PRSS23","D2_late_increasing","clean_D2",1,68.8445245614398,5,1.78190795452338e-13,1.22574774518075,6.42359126263497e-13,TRUE
"DCN","D2_late_increasing","clean_D2",1,257.162664713665,5,0,1.69722497951888,0,TRUE
"C17orf89","D2_late_increasing","clean_D2",1,38.0831583256163,5,3.630847393854e-07,0.549385158906067,7.9646886448159e-07,TRUE
"GSDMD","D2_late_increasing","clean_D2",1,8.85114815802149,5,0.115150692678586,1.21195916928565,0.134299054470161,FALSE
"NFATC2","D2_late_increasing","clean_D2",1,29.7803537655218,5,1.62917412587227e-05,2.32809532501334,3.09333061468565e-05,TRUE
"PRKCSH","D2_late_increasing","clean_D2",1,11.664886209338,5,0.039679613555815,0.882695580080522,0.0488765610227541,TRUE
"CENPP","D2_late_increasing","clean_D2",1,45.8604021476622,5,9.69625713054256e-09,1.25796770508102,2.44421542826146e-08,TRUE
"FBXW5","D2_late_increasing","clean_D2",1,7.09234583123956,5,0.213862533650635,0.726876738561577,0.239405290112708,FALSE
"DDRGK1","D2_late_increasing","clean_D2",1,3.713330601812,5,0.591381425422521,0.523369089853319,0.622792900521572,FALSE
"CTC-479C5.12","D2_late_increasing","clean_D2",1,10.3325534370345,5,0.0663425449108249,0.67963929764406,0.0799055651904912,FALSE
"ANAPC11","D2_late_increasing","clean_D2",1,73.5962855065031,5,1.82076576038526e-14,0.453283717399682,6.95262777391555e-14,TRUE
"MAN1B1","D2_late_increasing","clean_D2",1,NA,NA,NA,0.382608497497316,NA,FALSE
"NDUFA6","D2_late_increasing","clean_D2",1,53.5111768732777,5,2.64115618264782e-10,0.900077063652773,7.67051274453493e-10,TRUE
"GPX1","D2_late_increasing","clean_D2",1,89.5863663061973,5,0,0.916616974682802,0,TRUE
"MICAL2","D2_late_increasing","clean_D2",1,44.6295086385644,5,1.72556333666307e-08,0.644518482839153,4.2868814460232e-08,TRUE
"TAPBP","D2_late_increasing","clean_D2",1,2.60801463786294,5,0.760147168357265,0.470335701927416,0.789236385273253,FALSE
"TMED9","D2_late_increasing","clean_D2",1,50.1898227722477,5,1.26722066173812e-09,0.590472615480309,3.42016885406284e-09,TRUE
"MRPL36","D2_late_increasing","none",1,14.9353990221005,5,0.0106419638183273,0.364360644098562,0.0141390008978034,TRUE
"FUCA2","D2_late_increasing","clean_D2",1,17.6392392023563,5,0.00343423690582867,1.88165859713542,0.00487028645104451,TRUE
"TP53I13","D2_late_increasing","clean_D2",1,9.00170046419951,5,0.108996351373243,0.54774715407737,0.12769913439297,FALSE
"IFI16","D2_late_increasing","clean_D2",1,19.218001065974,5,0.00175043026076438,1.25831739226003,0.00258923041441618,TRUE
"SEC61G","D2_late_increasing","clean_D2",1,68.0901060091282,5,2.55795384873636e-13,0.560809688186894,9.06271621322058e-13,TRUE
"ARPC2","D2_late_increasing","clean_D2",1,58.3115027401252,5,2.71277444952034e-11,0.403207279882649,8.17798379372944e-11,TRUE
"NCS1","D2_late_increasing","clean_D2",1,11.2804783623958,5,0.0460939424387797,0.321932572606188,0.0565748269695023,FALSE
"GMPPB","D2_late_increasing","clean_D2",1,14.5148736043902,5,0.0126493562291854,1.42626085332014,0.0166345488166966,TRUE
"TMEM45A","D2_late_increasing","clean_D2",1,NA,NA,NA,0.549059140561732,NA,FALSE
"FAM109B","D2_late_increasing","clean_D2",1,NA,NA,NA,1.04862116164261,NA,FALSE
"G6PC3","D2_late_increasing","clean_D2",1,4.15098789156104,5,0.527888680985322,0.702192160220406,0.559355837714149,FALSE
"ARF5","D2_late_increasing","clean_D2",1,29.0540115669955,5,2.262865860303e-05,0.5071473886798,4.18102993185016e-05,TRUE
"MGAT1","D2_late_increasing","clean_D2",1,26.3836793171863,5,7.51743207900724e-05,0.988044032547179,0.000128959608543369,TRUE
"ATP5G1","D2_late_increasing","clean_D2",1,34.3213445398337,5,2.05476245684899e-06,0.504200578373327,4.21165028431672e-06,TRUE
"PPP1R9B","D2_late_increasing","clean_D2",1,NA,NA,NA,0.465067847641594,NA,FALSE
"SH3GLB1","D2_late_increasing","clean_D2",1,11.8015255209248,5,0.0376109048539389,1.09906689962861,0.0465691290302085,TRUE
"SHISA4","D2_late_increasing","clean_D2",1,19.6475583944541,5,0.00145502291227062,1.20274281861281,0.00217725489484907,TRUE
"PALM","D2_late_increasing","clean_D2",1,29.1492873537518,5,2.16751214505706e-05,2.27555003514709,4.03376357681197e-05,TRUE
"COLGALT1","D2_late_increasing","clean_D2",1,14.4794909608486,5,0.0128340638243267,0.81876356602565,0.0168345035660062,TRUE
"IGF2","D2_late_increasing","clean_D2",1,38.4998202742936,5,2.9940540713369e-07,0.839265100942413,6.65273652488868e-07,TRUE
"CLDN4","D2_late_increasing","clean_D2",1,NA,NA,NA,0.0500446589754522,NA,FALSE
"EIF5A","D2_late_increasing","clean_D2",1,38.3557572702166,5,3.20054476365961e-07,0.226137876933535,7.06587077373245e-07,TRUE
"TGFB1I1","D2_late_increasing","clean_D2",1,20.4369733326049,5,0.00103440691413981,0.315715289334534,0.00155917182526044,TRUE
"ORAI2","D2_late_increasing","clean_D2",1,1.47586350322288,5,0.915838240222835,0.30687340094525,0.933620625948565,FALSE
"WIPI1","D2_late_increasing","clean_D2",1,25.7784857945671,5,9.85099016881374e-05,0.476004819692084,0.000166497883017163,TRUE
"CLEC2B","D2_late_increasing","clean_D2",1,25.4213586984279,5,0.000115510389722018,1.37528364863706,0.000193329889291234,TRUE
"SNRNP25","D2_late_increasing","clean_D2",1,5.78319159375724,5,0.327890221364014,0.753825186900404,0.358488672562352,FALSE
"UQCR11","D2_late_increasing","clean_D2",1,114.717973181708,5,0,0.527551830273344,0,TRUE
"DDB2","D2_late_increasing","clean_D2",1,20.8796062853676,5,0.000853598600122241,0.55964584957656,0.00130186413716868,TRUE
"GALNT5","D2_late_increasing","clean_D2",1,11.6710677812789,5,0.0395837370581404,3.87866728058687,0.048816785773855,TRUE
"NAGLU","D2_late_increasing","clean_D2",1,2.3241289936941,5,0.80271655568987,0.382244247260362,0.831759566750006,FALSE
"UBXN6","D2_late_increasing","clean_D2",1,13.2358890677633,5,0.0212657130524349,1.06341916284751,0.0272698385038064,TRUE
"SCP2","D2_late_increasing","clean_D2",1,12.3636060760709,5,0.0301312987079836,1.09499938705562,0.0379308534406973,TRUE
"IKBIP","D2_late_increasing","clean_D2",1,NA,NA,NA,0.785063250352354,NA,FALSE
"MAN1C1","D2_late_increasing","clean_D2",1,29.7181365110719,5,1.67572856686338e-05,3.66371029014426,3.1758752802135e-05,TRUE
"COPS7A","D2_late_increasing","clean_D2",1,12.074464271114,5,0.0337815718221329,1.08960102521152,0.0422167279377201,TRUE
"WBP5","D2_late_increasing","clean_D2",1,NA,NA,NA,0.606510383022265,NA,FALSE
"VAT1","D2_late_increasing","clean_D2",1,24.010383543859,5,0.000216117695279627,0.442162473295877,0.000347608960738371,TRUE
"PEA15","D2_late_increasing","clean_D2",1,12.01772727914,5,0.0345456815599587,0.737612448193163,0.0430672281599969,TRUE
"TXN2","D2_late_increasing","clean_D2",1,23.9528939394181,5,0.000221685205448852,0.846422831834927,0.000356008484139822,TRUE
"ECM2","D2_late_increasing","clean_D2",1,54.3710358026547,5,1.75826797566003e-10,1.73777127808836,5.1793550940157e-10,TRUE
"TBC1D1","D2_late_increasing","clean_D2",1,25.2058911739559,5,0.000127140385235425,0.562821482247926,0.000211081702379586,TRUE
"NDUFB3","D2_late_increasing","clean_D2",1,5.92649997177182,5,0.313436629104282,0.655774331579258,0.343779962347357,FALSE
"APOE","D2_late_increasing","clean_D2",1,195.828031444296,5,0,2.24856874937325,0,TRUE
"FAM129A","D2_late_increasing","clean_D2",1,27.5231468083311,5,4.51044046326787e-05,1.52728211606908,7.94916943184475e-05,TRUE
"SLC39A7","D2_late_increasing","clean_D2",1,49.019828447018,5,2.19863893757832e-09,0.602775548120573,5.82724098880013e-09,TRUE
"KIAA2013","D2_late_increasing","clean_D2",1,8.57252940802289,5,0.127378126217677,0.79248115171465,0.147724238616901,FALSE
"TNC","D2_late_increasing","clean_D2",1,24.9170154919084,5,0.000144569391403726,1.49158549486731,0.000237720960984436,TRUE
"CLPP","D2_late_increasing","clean_D2",1,12.4523782019601,5,0.0290883197587487,0.650152301774326,0.0367075369293389,TRUE
"HMOX2","D2_late_increasing","clean_D2",1,7.25739840374445,5,0.202190244697777,0.504727195235074,0.227574391139092,FALSE
"MAST2","D2_late_increasing","clean_D2",1,98.5546163181425,5,0,1.33308868045441,0,TRUE
"GPC1","D2_late_increasing","clean_D2",1,NA,NA,NA,0.308828170202385,NA,FALSE
"PRADC1","D2_late_increasing","clean_D2",1,10.6849456558673,5,0.0579970530821655,1.03544610010348,0.070347013797309,FALSE
"KLHL22","D2_late_increasing","clean_D2",1,68.8446013776343,5,1.78190795452338e-13,0.477685400532237,6.42359126263497e-13,TRUE
"ARAP1","D2_late_increasing","clean_D2",1,4.56227482654764,5,0.471594763794364,0.425619162359427,0.505946099346503,FALSE
"GUK1","D2_late_increasing","clean_D2",1,76.7468288255996,5,3.99680288865056e-15,0.479959646756458,1.57881370812212e-14,TRUE
"IGDCC4","D2_late_increasing","clean_D2",1,58.785360043632,5,2.16577866751777e-11,2.91059931040717,6.58677818941245e-11,TRUE
"CHD3","D2_late_increasing","clean_D2",1,18.5623635922739,5,0.00231823389717589,0.769638240286755,0.00338278886904238,TRUE
"NDUFA3","D2_late_increasing","clean_D2",1,30.797878464532,5,1.02685019687243e-05,0.854138644556997,1.99751425089712e-05,TRUE
"PSMB8","D2_late_increasing","clean_D2",1,14.1907752761813,5,0.0144419374581626,0.911046506244358,0.0188954790854894,TRUE
"KLHDC3","D2_late_increasing","clean_D2",1,12.4307771791566,5,0.0293388863561296,0.898100562014196,0.0369784741236792,TRUE
"MIF","D2_late_increasing","clean_D2",1,34.4556611176902,5,1.93195141873215e-06,0.331815693463134,3.97573236070428e-06,TRUE
"GOLGA3","D2_late_increasing","clean_D2",1,67.7431521224134,5,3.01980662698043e-13,0.591325673207105,1.0662399426085e-12,TRUE
"ST6GALNAC6","D2_late_increasing","clean_D2",1,7.26020413851347,5,0.201996645245363,1.03866460795033,0.227574391139092,FALSE
"THOC6","D2_late_increasing","clean_D2",1,7.98155984912236,5,0.157254832888238,0.958275701531017,0.17994420944259,FALSE
"MRPL14","D2_late_increasing","none",1,25.9964402170581,5,8.93779498959413e-05,0.495248380169287,0.00015180999397482,TRUE
"GTF3C1","D2_late_increasing","clean_D2",1,15.4548473215902,5,0.00858577695124385,0.285108754607189,0.0116626298244169,TRUE
"GNG5","D2_late_increasing","clean_D2",1,9.30025084415325,5,0.0976710002059962,0.383305756426903,0.115347996806852,FALSE
"BAD","D2_late_increasing","clean_D2",1,10.0731269125511,5,0.0731895459459363,0.294614840851795,0.087844495774459,FALSE
"DPYSL3","D2_late_increasing","clean_D2",1,43.3332144504893,5,3.16277390943753e-08,0.722313445172238,7.69061297318419e-08,TRUE
"TIMM8B","D2_late_increasing","clean_D2",1,24.42906156553,5,0.000179534872515208,0.335664669221893,0.000292880464498702,TRUE
"MYO1C","D2_late_increasing","clean_D2",1,18.312267007479,5,0.0025794646510392,0.874027730542475,0.00374040514095839,TRUE
"CRELD2","D2_late_increasing","clean_D2",1,18.5728028506416,5,0.00230791359540539,0.600761612329605,0.00337511903101128,TRUE
"CALR","D2_late_increasing","clean_D2",1,75.2510647822455,5,8.21565038222616e-15,0.58138435690568,3.19635303550006e-14,TRUE
"C11orf68","D2_late_increasing","clean_D2",1,4.8021824686518,5,0.440496144528789,0.473438509205219,0.474557497397264,FALSE
"B2M","D2_late_increasing","clean_D2",1,163.210921130732,5,0,0.959748949616217,0,TRUE
"C19orf24","D2_late_increasing","clean_D2",1,15.6787089031869,5,0.00782382833195383,0.517031542048034,0.0106557027876412,TRUE
"FAM102A","D2_late_increasing","clean_D2",1,8.9419312891232,5,0.111402860387187,0.832935975700974,0.130370430260147,FALSE
"NUTF2","D2_late_increasing","clean_D2",1,19.6341600436299,5,0.00146344894344219,0.29856274001924,0.00218352512400709,TRUE
"UROS","D2_late_increasing","clean_D2",1,17.7409768330945,5,0.0032891796687613,1.73539671727812,0.00469037930635256,TRUE
"CALM3","D2_late_increasing","clean_D2",1,24.585783337845,5,0.000167478132518939,0.66193177995934,0.000274079293058772,TRUE
"PRICKLE1","D2_late_increasing","clean_D2",1,143.2129794742,5,0,1.59049234340516,0,TRUE
"TXNDC15","D2_late_increasing","clean_D2",1,2.18409258335345,5,0.823130347222289,0.325049669299593,0.852055610427891,FALSE
"EFEMP1","D2_late_increasing","clean_D2",1,25.1033915463868,5,0.000133072557328195,1.66523096844027,0.000220221198403482,TRUE
"CCDC124","D2_late_increasing","clean_D2",1,31.9723220805301,5,6.01671052080643e-06,0.677670480264584,1.18608576423546e-05,TRUE
"NDUFB2","D2_late_increasing","clean_D2",1,116.852084713181,5,0,0.660022571015129,0,TRUE
"GRINA","D2_late_increasing","clean_D2",1,31.735693638469,5,6.70188043105924e-06,1.09696273172912,1.31612166179468e-05,TRUE
"FAM177A1","D2_late_increasing","clean_D2",1,11.0024054122011,5,0.0513323120981597,0.813086054942323,0.0626314955895889,FALSE
"GIPC1","D2_late_increasing","clean_D2",1,8.55280892798811,5,0.128286491765267,0.692327851220326,0.148443740751953,FALSE
"ZNF106","D2_late_increasing","clean_D2",1,27.8236349563394,5,3.94049840171107e-05,1.47365579965545,7.0045756071795e-05,TRUE
"SLC12A4","D2_late_increasing","clean_D2",1,20.1565955702681,5,0.00116792360186979,1.90622822518007,0.00175273541998218,TRUE
"SRPX2","D2_late_increasing","clean_D2",1,19.8574215372823,5,0.00132910158185229,0.367561600211797,0.00199172053908388,TRUE
"ECHS1","D2_late_increasing","clean_D2",1,22.8668844384777,5,0.00035792932432932,0.310864010303083,0.000567730974436199,TRUE
"ANXA1","D2_late_increasing","clean_D2",1,36.7358513037998,5,6.76591859205544e-07,1.28791108826424,1.45934352895589e-06,TRUE
"FAM234A","D2_late_increasing","clean_D2",1,8.4126061917774,5,0.134914457169936,0.282721187293997,0.155938122580946,FALSE
"TWF2","D2_late_increasing","clean_D2",1,7.86008009499028,5,0.164117344733392,0.622885536168811,0.18717365311961,FALSE
"ITGA5","D2_late_increasing","clean_D2",1,10.6869952437969,5,0.0579515283574896,1.13097055586417,0.070347013797309,FALSE
"RARRES3","D2_late_increasing","clean_D2",1,36.7038823367757,5,6.86643921499197e-07,2.73713159874861,1.47485392305348e-06,TRUE
"AKR1C3","D2_late_increasing","clean_D2",1,24.1161418835691,5,0.000206234387011728,3.26985887269453,0.000332230707826705,TRUE
"TMEM208","D2_late_increasing","clean_D2",1,47.8175494579438,5,3.86992482503956e-09,0.458102274853751,1.002485551411e-08,TRUE
"BUD31","D2_late_increasing","clean_D2",1,26.7140657607162,5,6.48407607360957e-05,0.271879311267876,0.000111977930182437,TRUE
"CCDC167","D2_late_increasing","clean_D2",1,11.0601607492598,5,0.0502001345262837,0.456673462191454,0.0613226761808039,FALSE
"SCARF2","D2_late_increasing","clean_D2",1,4.31476610816249,5,0.505042663157169,0.58154199412555,0.539584441155483,FALSE
"RNPEPL1","D2_late_increasing","clean_D2",1,9.73978678365529,5,0.0829530947166208,2.08810878045432,0.0989868526074491,FALSE
"OLFM2","D2_late_increasing","clean_D2",1,NA,NA,NA,0.498308321776496,NA,FALSE
"SPINT2","D2_late_increasing","clean_D2",1,7.09401410672081,5,0.213741737362493,0.714428381672568,0.239405290112708,FALSE
"BRI3","D2_late_increasing","clean_D2",1,52.7953060404134,5,3.70504293911722e-10,0.367675543082776,1.05522079288118e-09,TRUE
"RP11-196G11.1","D2_late_increasing","clean_D2",1,NA,NA,NA,0.965191800365448,NA,FALSE
"KCNK6","D2_late_increasing","clean_D2",1,15.0428484308303,5,0.0101808136558305,1.54573969148029,0.0135788083818386,TRUE
"LRPAP1","D2_late_increasing","clean_D2",1,7.35892887998722,5,0.19528528696206,0.445288182944828,0.220766590852943,FALSE
"FBLIM1","D2_late_increasing","clean_D2",1,7.86087237557035,5,0.164071745201511,1.03589495045998,0.18717365311961,FALSE
"ARSA","D2_late_increasing","clean_D2",1,1.89469279396178,5,0.863516006723488,0.459289954892354,0.890285002931916,FALSE
"RNASEH2C","D2_late_increasing","clean_D2",1,27.1605755039291,5,5.30784943190143e-05,0.702992607229266,9.27524197337352e-05,TRUE
"TXNL4A","D2_late_increasing","clean_D2",1,61.8463996246006,5,5.04551955771149e-12,0.60991189231583,1.63069926771177e-11,TRUE
"GTF3C6","D2_late_increasing","clean_D2",1,5.2718376794877,5,0.383613318270809,0.339162574707454,0.416321401197057,FALSE
"AKT1S1","D2_late_increasing","clean_D2",1,4.61909874401753,5,0.4641082590986,0.569711771250921,0.498952674797348,FALSE
"SH3GL1","D2_late_increasing","clean_D2",1,NA,NA,NA,0.857499545555415,NA,FALSE
"AP3D1","D2_late_increasing","clean_D2",1,32.2049618091496,5,5.41103588325154e-06,0.362756705565002,1.07078272468951e-05,TRUE
"QSOX1","D2_late_increasing","clean_D2",1,NA,NA,NA,0.777855343485445,NA,FALSE
"TXLNA","D2_late_increasing","clean_D2",1,10.4750760876948,5,0.0628403251856537,0.455144480031952,0.0758646080402916,FALSE
"GPC6","D2_late_increasing","clean_D2",1,150.202503272812,5,0,3.78152628381079,0,TRUE
"LTBP3","D2_late_increasing","clean_D2",1,17.2339133351488,5,0.00407688792098815,0.649609228982313,0.005710966639319,TRUE
"FAM229B","D2_late_increasing","clean_D2",1,24.9700757140272,5,0.000141199757018207,1.3348100362424,0.000232923119177234,TRUE
"C12orf75","D2_late_increasing","clean_D2",1,10.6307853467675,5,0.0592122743461025,0.247191879931577,0.0716524117967508,FALSE
"SRM","D2_late_increasing","clean_D2",1,48.2198820172479,5,3.20311854817845e-09,0.27953573037389,8.33943238174743e-09,TRUE
"PPDPF","D2_late_increasing","clean_D2",1,39.6713406526151,5,1.73949134762985e-07,0.296521741393207,4.02111116458829e-07,TRUE
"PRKCDBP","D2_late_increasing","clean_D2",1,53.3211024492157,5,2.88958301730702e-10,0.572134116705467,8.32167623140652e-10,TRUE
"GTF3A","D2_late_increasing","clean_D2",1,30.4407484807098,5,1.2076402458816e-05,1.69298055288673,2.33597953753083e-05,TRUE
"JDP2","D2_late_increasing","clean_D2",1,15.2440899340663,5,0.00936874099770924,1.54082235934205,0.0126098850765512,TRUE
"RP11-282O18.3","D2_late_increasing","clean_D2",1,39.503176108972,5,1.88064796069476e-07,0.3921110222314,4.3280090345453e-07,TRUE
"TRAPPC1","D2_late_increasing","clean_D2",1,25.6483089881067,5,0.000104398710267795,0.725198150136956,0.000175587390352522,TRUE
"GSR","D2_late_increasing","clean_D2",1,24.5137212195041,5,0.000172919065808741,1.49289429707,0.00028253495538639,TRUE
"PDIA5","D2_late_increasing","clean_D2",1,NA,NA,NA,0.930337172155594,NA,FALSE
"RHOC","D2_late_increasing","clean_D2",1,126.620114148261,5,0,0.456062301089171,0,TRUE
"UROD","D2_late_increasing","clean_D2",1,28.3810679432954,5,3.06580125498668e-05,1.37996320124576,5.53562363203374e-05,TRUE
"IMPDH1","D2_late_increasing","clean_D2",1,15.7124702989897,5,0.00771477851839619,0.564094525812852,0.0105210802281303,TRUE
"YIF1B","D2_late_increasing","clean_D2",1,17.3579722852674,5,0.00386862441173896,1.44540866700167,0.00543399423501754,TRUE
"MED8","D2_late_increasing","clean_D2",1,21.6096373053913,5,0.000621037473285346,0.554989778075458,0.000965746055742371,TRUE
"UQCC2","D2_late_increasing","clean_D2",1,13.8974904230406,5,0.0162738507147324,0.226980444406087,0.0211580581171363,TRUE
"CD276","D2_late_increasing","clean_D2",1,NA,NA,NA,0.681817307252362,NA,FALSE
"GLMP","D2_late_increasing","clean_D2",1,6.02435762175787,5,0.303856027274941,0.787250475945299,0.333982477740367,FALSE
"BTN3A2","D2_late_increasing","clean_D2",1,11.2549326376225,5,0.0465532573661529,1.96522723169131,0.0570706401242612,FALSE
"TANC2","D2_late_increasing","clean_D2",1,180.715869223045,5,0,0.839180649532723,0,TRUE
"ZNHIT1","D2_late_increasing","clean_D2",1,55.5950194134175,5,9.84657910763076e-11,0.634259286771901,2.9088318223402e-10,TRUE
"EIF4G1","D2_late_increasing","clean_D2",1,NA,NA,NA,0.749716500726948,NA,FALSE
"UQCRQ","D2_late_increasing","clean_D2",1,98.4860620641921,5,0,0.573201578182864,0,TRUE
"GRIN2D","D2_late_increasing","clean_D2",1,38.6523662667169,5,2.78985024970702e-07,1.05043893094678,6.25290349445203e-07,TRUE
"COPA","D2_late_increasing","clean_D2",1,NA,NA,NA,0.904041168001856,NA,FALSE
"FMO1","D2_late_increasing","clean_D2",1,19.4895609591931,5,0.00155749311200948,2.32039883421492,0.00232048467988695,TRUE
"CD63","D2_late_increasing","clean_D2",1,326.66902758299,5,0,0.663947305669404,0,TRUE
"ARPC4","D2_late_increasing","clean_D2",1,77.2182424109742,5,3.21964677141295e-15,0.78895785813146,1.27671377743337e-14,TRUE
"ITGB1BP1","D2_late_increasing","clean_D2",1,18.9847969989135,5,0.00193470990009381,1.47185859109608,0.00284548631525923,TRUE
"NDST1","D2_late_increasing","clean_D2",1,NA,NA,NA,0.637859611125289,NA,FALSE
"CHPF2","D2_late_increasing","clean_D2",1,17.2734077794057,5,0.00400942477651267,0.888615739213483,0.00562410468650961,TRUE
"GLT8D2","D2_late_increasing","clean_D2",1,1.47079548482409,5,0.916415202191996,0.308942423063304,0.933620625948565,FALSE
"ATP6V0D1","D2_late_increasing","clean_D2",1,13.0390424348537,5,0.0230156323965746,0.98620306059747,0.0292952061739116,TRUE
"SEMA3C","D2_late_increasing","clean_D2",1,63.4238373286644,5,2.37831976335201e-12,3.21825029832807,7.80906903189784e-12,TRUE
"PLEKHA4","D2_late_increasing","clean_D2",1,12.7243161058805,5,0.0261038432223957,2.00256652418403,0.0330627301748034,TRUE
"ARPC1A","D2_late_increasing","clean_D2",1,13.1564888313411,5,0.021955608719413,0.849908393993904,0.0280846558185048,TRUE
"A2M","D2_late_increasing","clean_D2",1,NA,NA,NA,0.154218970558964,NA,FALSE
"CDK2AP1","D2_late_increasing","clean_D2",1,34.7218246421354,5,1.70974576996219e-06,0.299215263572343,3.55392719522383e-06,TRUE
"MINOS1-NBL1","D2_late_increasing","clean_D2",1,15.8052103361815,5,0.00742278155976639,1.56209939291493,0.0101631975937837,TRUE
"HAPLN3","D2_late_increasing","clean_D2",1,8.8857404651551,5,0.113709296893144,1.33946983384473,0.132918690585976,FALSE
"TPM2","D2_late_increasing","clean_D2",1,83.6388685646014,5,1.11022302462516e-16,0.370103997045438,4.72991710077908e-16,TRUE
"ZEB1","D2_late_increasing","clean_D2",1,177.464537862519,5,0,1.36401084479882,0,TRUE
"ERCC1","D2_late_increasing","clean_D2",1,16.6322743465098,5,0.00525267422682385,0.69372341456109,0.00725939293278202,TRUE
"MEIS3","D2_late_increasing","clean_D2",1,11.8448898455399,5,0.0369760830713192,0.874568764295666,0.0459305321042531,TRUE
"ACTB","D2_late_increasing","clean_D2",1,229.424900728016,5,0,0.616597082161912,0,TRUE
"MYLK","D2_late_increasing","clean_D2",1,35.7251634953136,5,1.07794070791645e-06,2.53073297555349,2.27271343530032e-06,TRUE
"CD82","D2_late_increasing","clean_D2",1,10.6161633119203,5,0.0595444278143739,1.30016612080521,0.0719698769948645,FALSE
"PLXNB2","D2_late_increasing","clean_D2",1,3.18946628756805,5,0.670802079193776,0.394408071739515,0.70355741978513,FALSE
"PLOD2","D2_late_increasing","clean_D2",1,18.5608637141995,5,0.00231972039807271,1.2285842879388,0.00338278886904238,TRUE
"LINC01615","D2_late_increasing","clean_D2",1,8.78397782022603,5,0.117997034371039,1.22118242416336,0.137308061440792,FALSE
"MRPL17","D2_late_increasing","none",1,22.3112295558875,5,0.000456858210721611,0.452767007971149,0.000716926659442894,TRUE
"SLC39A13","D2_late_increasing","clean_D2",1,9.7051257710723,5,0.084034757164923,0.814105956433458,0.0999306051176882,FALSE
"ARHGAP28","D2_late_increasing","clean_D2",1,77.3147010905086,5,3.10862446895044e-15,1.36730088398972,1.23744858204166e-14,TRUE
"RAD51B","D2_late_increasing","clean_D2",1,49.5337816537849,5,1.72613612292594e-09,1.32560359435658,4.63449568421e-09,TRUE
"CTSC","D2_late_increasing","clean_D2",1,38.662335600653,5,2.77699837902823e-07,1.37878140052255,6.23765866836188e-07,TRUE
"NANS","D2_late_increasing","clean_D2",1,5.47929025571356,5,0.360222124113425,0.71398329889754,0.393004243344911,FALSE
"GAA","D2_late_increasing","clean_D2",1,12.616702699522,5,0.0272480610345562,1.20152647451932,0.0344696330388067,TRUE
"TNFRSF1A","D2_late_increasing","clean_D2",1,18.8921411671754,5,0.00201310148099376,0.884322245580114,0.00295656357108913,TRUE
"GALNT2","D2_late_increasing","clean_D2",1,22.5576654252063,5,0.000410031861221238,0.676125791135607,0.000646395793454276,TRUE
"PLAUR","D2_late_increasing","clean_D2",1,13.6613881192584,5,0.0179095952485203,0.529137794271352,0.0231678703904949,TRUE
"PAPSS2","D2_late_increasing","clean_D2",1,32.7464138091145,5,4.22590927529054e-06,1.71500486148024,8.46002419965932e-06,TRUE
"DAPK3","D2_late_increasing","clean_D2",1,18.2823723323067,5,0.00261255902223223,0.413865380211327,0.00378307352797954,TRUE
"GPI","D2_late_increasing","clean_D2",1,10.9429535862835,5,0.0525228510669441,0.59815740263286,0.064008344503569,FALSE
"AGTRAP","D2_late_increasing","clean_D2",1,9.33743497293972,5,0.0963386118610985,1.29288625754594,0.114035716221346,FALSE
"HOMER3","D2_late_increasing","clean_D2",1,15.1315325929004,5,0.00981485877391419,1.47283995888295,0.0131246684771797,TRUE
"NAA10","D2_late_increasing","clean_D2",1,4.29991288517267,5,0.50709191837219,0.373643921842981,0.541213010188124,FALSE
"COPZ1","D2_late_increasing","clean_D2",1,16.1739536327809,5,0.0063645848051167,0.202614367020613,0.00874918257876709,TRUE
"NRBP1","D2_late_increasing","clean_D2",1,6.48581569728024,5,0.26177279163035,0.488030802869127,0.290201879753646,FALSE
"NPTX2","D2_late_increasing","clean_D2",1,16.7077837012312,5,0.0050886680959813,1.33118109707388,0.00705458235677636,TRUE
"CXXC5","D2_late_increasing","clean_D2",1,9.12417849963822,5,0.104212433097882,0.962857339873983,0.122372458455485,FALSE
"TMEM147","D2_late_increasing","clean_D2",1,17.6428540009842,5,0.00342897727959046,0.776798419626332,0.0048695255857545,TRUE
"CTTN","D2_late_increasing","clean_D2",1,17.8076007729787,5,0.00319745562549412,0.365344177055805,0.00457222850192016,TRUE
"METRNL","D2_late_increasing","clean_D2",1,36.4298960308306,5,7.79121233529523e-07,1.41849297696771,1.66654355138784e-06,TRUE
"XBP1","D2_late_increasing","clean_D2",1,17.4969256403196,5,0.00364769972148893,0.883679586684505,0.00515175125048642,TRUE
"FUT11","D2_late_increasing","clean_D2",1,NA,NA,NA,0.427289837125591,NA,FALSE
"DNPH1","D2_late_increasing","clean_D2",1,17.107733564636,5,0.00429994493360442,1.36212692725569,0.00600710464301647,TRUE
"MRPL52","D2_late_increasing","none",1,26.9877199625121,5,5.7357408635772e-05,0.52006021428344,9.97225772402714e-05,TRUE
"ST3GAL2","D2_late_increasing","clean_D2",1,55.717055317803,5,9.29316623654586e-11,0.567055112289758,2.75323402008011e-10,TRUE
"FIBP","D2_late_increasing","clean_D2",1,NA,NA,NA,0.622115824556719,NA,FALSE
"ETHE1","D2_late_increasing","clean_D2",1,5.40527649109822,5,0.368444478362599,0.278017455580322,0.400702802944979,FALSE
"TMEM219","D2_late_increasing","clean_D2",1,28.0381127798555,5,3.57796337022709e-05,0.358281360599078,6.404305963028e-05,TRUE
"CDC42EP5","D2_late_increasing","clean_D2",1,17.8572838089283,5,0.00313068967285091,0.372027640871924,0.00448297368431845,TRUE
"C7orf73","D2_late_increasing","clean_D2",1,11.8005239935337,5,0.0376256881495283,0.791297504166177,0.0465691290302085,TRUE
"S100A13","D2_late_increasing","clean_D2",1,154.64275611288,5,0,1.13691159971925,0,TRUE
"ZYX","D2_late_increasing","clean_D2",1,30.1201979296916,5,1.39664916671833e-05,0.806490792805676,2.66656535349371e-05,TRUE
"PDZRN4","D2_late_increasing","clean_D2",1,158.803276056686,5,0,10.5924658877109,0,TRUE
"MRPL12","D2_late_increasing","none",1,NA,NA,NA,0.619531901216869,NA,FALSE
"MAP7D1","D2_late_increasing","clean_D2",1,8.38862675407125,5,0.136078381394492,0.665196224722957,0.156756213651085,FALSE
"FHL3","D2_late_increasing","clean_D2",1,12.496407228128,5,0.0285839119869582,0.587867849675499,0.0361152123266592,TRUE
"PGLS","D2_late_increasing","clean_D2",1,27.2383709322721,5,5.12574751699857e-05,0.387961600274085,8.97223376914351e-05,TRUE
"CAPZB","D2_late_increasing","clean_D2",1,44.1147071227933,5,2.19529631140247e-08,0.64340222467547,5.41471410778935e-08,TRUE
"ERI3","D2_late_increasing","clean_D2",1,20.7517131661352,5,0.000902375181703885,1.34557485137038,0.00137422276563767,TRUE
"PDE4DIP","D2_late_increasing","clean_D2",1,15.0066534406678,5,0.010333946596738,1.94256164806254,0.0137652441101252,TRUE
"GALNT10","D2_late_increasing","clean_D2",1,69.7517667738284,5,1.15463194561016e-13,1.99534767200128,4.20645065697554e-13,TRUE
"B4GALT1","D2_late_increasing","clean_D2",1,41.7069695247756,5,6.75192385335421e-08,0.545525911968264,1.58570239016132e-07,TRUE
"NME1","D2_late_increasing","clean_D2",1,43.03359279262,5,3.63759572463707e-08,0.948667826925261,8.76252614976826e-08,TRUE
"LMF2","D2_late_increasing","clean_D2",1,14.1332632430685,5,0.0147847058302386,0.266732044835443,0.0192949768493367,TRUE
"DPM2","D2_late_increasing","clean_D2",1,26.3391344935746,5,7.66869731416708e-05,0.988315124010406,0.000131118191225643,TRUE
"VTI1B","D2_late_increasing","clean_D2",1,8.81706676472447,5,0.116587008668179,0.681263523030074,0.135820571680104,FALSE
"TRAPPC2L","D2_late_increasing","clean_D2",1,21.2578943720979,5,0.000724025182520127,0.532605593605491,0.00111247386464717,TRUE
"THBS3","D2_late_increasing","clean_D2",1,17.646099804339,5,0.00342426126921702,0.715665726874502,0.0048695255857545,TRUE
"CNN2","D2_late_increasing","clean_D2",1,NA,NA,NA,1.02691872229944,NA,FALSE
"DYNLT1","D2_late_increasing","clean_D2",1,25.2554377826827,5,0.000124367479438336,0.500001334146229,0.000206811082743427,TRUE
"VGLL3","D2_late_increasing","clean_D2",1,59.8411200850242,5,1.31089583632615e-11,3.91248225258888,4.12052929040324e-11,TRUE
"TRIOBP","D2_late_increasing","clean_D2",1,7.25971413020329,5,0.202030444990494,0.778287254301348,0.227574391139092,FALSE
"THBS1","D2_late_increasing","clean_D2",1,19.0035404063146,5,0.00191922039416792,1.78915174261979,0.00282673746626732,TRUE
"EPHB3","D2_late_increasing","clean_D2",1,NA,NA,NA,0.754093148667031,NA,FALSE
"POMP","D2_late_increasing","clean_D2",1,45.8774765196813,5,9.61897139717394e-09,0.484743794430493,2.43067635060939e-08,TRUE
"MFAP2","D2_late_increasing","clean_D2",1,39.7659568814104,5,1.66476296081797e-07,0.516973095684715,3.85701261259174e-07,TRUE
"FAM195B","D2_late_increasing","clean_D2",1,14.0898051245266,5,0.0150489134909053,0.269208439648654,0.0196149555109019,TRUE
"C11orf96","D2_late_increasing","clean_D2",1,24.1934974112528,5,0.000199289680354542,2.08681956598236,0.000322555196931762,TRUE
"PXDN","D2_late_increasing","clean_D2",1,23.8566649916193,5,0.000231323414683238,0.300600965223427,0.000370332982202512,TRUE
"COMMD5","D2_late_increasing","clean_D2",1,11.8878923383718,5,0.0363566267943047,1.41810211257528,0.0452155394751848,TRUE
"P4HA3","D2_late_increasing","clean_D2",1,37.4789249673568,5,4.80101308819592e-07,1.47602147234427,1.04869586735805e-06,TRUE
"VOPP1","D2_late_increasing","clean_D2",1,29.0620408970844,5,2.25467183503358e-05,1.69904627175073,4.17336923145355e-05,TRUE
"ALDH1L2","D2_late_increasing","clean_D2",1,58.7885869296733,5,2.16245910067414e-11,1.57558251014841,6.58677818941245e-11,TRUE
"TNFSF10","D2_late_increasing","clean_D2",1,37.1286361045768,5,5.64415037263011e-07,1.92686101947948,1.22766224349824e-06,TRUE
"HEXA","D2_late_increasing","clean_D2",1,17.6622662963414,5,0.00340086645007753,0.711614842513609,0.00484294656081483,TRUE
"SEMA3B","D2_late_increasing","clean_D2",1,NA,NA,NA,1.56118738868693,NA,FALSE
"UBE2L6","D2_late_increasing","clean_D2",1,22.0048025057545,5,0.000522498801062588,0.756094752369718,0.000817445013498525,TRUE
"SURF4","D2_late_increasing","clean_D2",1,39.0808866138339,5,2.28745129615682e-07,1.1486161986253,5.21761567773823e-07,TRUE
"SPARCL1","D2_late_increasing","clean_D2",1,19.4800939046513,5,0.00156385333441689,1.22905061331164,0.00232659853937058,TRUE
"LASP1","D2_late_increasing","clean_D2",1,17.4514376350235,5,0.00371862758538732,0.489748597604163,0.00523757519198679,TRUE
"TP53I3","D2_late_increasing","clean_D2",1,NA,NA,NA,0.58402155924855,NA,FALSE
"SRPRB","D2_late_increasing","clean_D2",1,29.8158074055941,5,1.60322243533129e-05,1.46932651132582,3.04967219709697e-05,TRUE
"SHISA5","D2_late_increasing","clean_D2",1,NA,NA,NA,0.625547582931887,NA,FALSE
"CTGF","D2_late_increasing","clean_D2",1,47.1380209409726,5,5.32500954442128e-09,1.30234687533072,1.36569274634287e-08,TRUE
"AC024592.12","D2_late_increasing","clean_D2",1,26.3511218460112,5,7.62769662383533e-05,0.859778403735103,0.000130633807627479,TRUE
"TENM3","D2_late_increasing","clean_D2",1,226.54928310718,5,0,0.676826698481709,0,TRUE
"TMEM261","D2_late_increasing","clean_D2",1,17.5553691932092,5,0.00355851080906922,0.175229807053347,0.00503959429141533,TRUE
"JTB","D2_late_increasing","clean_D2",1,59.4264628350575,5,1.5967227540159e-11,0.756783883092769,4.9288058664383e-11,TRUE
"NSMCE1","D2_late_increasing","clean_D2",1,10.8628766817869,5,0.0541675479602557,1.0967349855153,0.0659347602680326,FALSE
"CCDC28B","D2_late_increasing","clean_D2",1,21.2602754881364,5,0.000723274364646587,2.25757015304238,0.00111247386464717,TRUE
"GRN","D2_late_increasing","clean_D2",1,42.644445198699,5,4.36182776564209e-08,1.26998783905732,1.04582428520395e-07,TRUE
"FLNA","D2_late_increasing","clean_D2",1,67.6888012895954,5,3.09974268475344e-13,0.782807131873099,1.09072856927672e-12,TRUE
"COPG1","D2_late_increasing","clean_D2",1,15.211184994333,5,0.00949708106830605,1.07255143295268,0.0127162215343163,TRUE
"EIF4E2","D2_late_increasing","clean_D2",1,21.5401460187124,5,0.000640168127088669,1.1676032960274,0.000992501261696869,TRUE
"LAMB2","D2_late_increasing","clean_D2",1,24.3914783209084,5,0.000182551516349938,1.26960008398697,0.000297331142743738,TRUE
"SHC1","D2_late_increasing","clean_D2",1,11.1955022966708,5,0.0476386128227164,0.601310411672609,0.0583318406415922,FALSE
"LUM","D2_late_increasing","clean_D2",1,95.5700013247551,5,0,0.351002929557434,0,TRUE
"ISLR","D2_late_increasing","clean_D2",1,28.1135419482825,5,3.45849337054505e-05,1.013759114096,6.20374749659547e-05,TRUE
"MYO1D","D2_late_increasing","clean_D2",1,154.805123148086,5,0,1.71646832103485,0,TRUE
"NEK6","D2_late_increasing","clean_D2",1,59.5611715111954,5,1.49763534906810e-11,2.12452416695907,4.66484001477105e-11,TRUE
"PGM1","D2_late_increasing","clean_D2",1,13.1179400485933,5,0.022298256807737,1.18648659867921,0.0284523549118525,TRUE
"PFN1","D2_late_increasing","clean_D2",1,214.23889787844,5,0,0.550565740266212,0,TRUE
"TMEM176B","D2_late_increasing","clean_D2",1,53.6676140980144,5,2.45276687849127e-10,1.35658527347265,7.14351031560594e-10,TRUE
"MLEC","D2_late_increasing","clean_D2",1,29.5591818622352,5,1.80075111805289e-05,1.22672242100557,3.39410311281998e-05,TRUE
"HN1","D2_late_increasing","clean_D2",1,21.2707947423482,5,0.000719966586908316,0.429436289593449,0.00110954491943569,TRUE
"EDIL3","D2_late_increasing","clean_D2",1,93.63318299817,5,0,0.661138010314984,0,TRUE
"SNF8","D2_late_increasing","clean_D2",1,NA,NA,NA,0.912172916735478,NA,FALSE
"MPG","D2_late_increasing","clean_D2",1,16.8199630476745,5,0.00485420657172764,0.225344506262282,0.00674486115289918,TRUE
"LINC01116","D2_late_increasing","clean_D2",1,12.1017540709197,5,0.0334198048354911,0.460731435916667,0.0418153140599409,TRUE
"SWI5","D2_late_increasing","clean_D2",1,10.6494439987719,5,0.0587909488674848,0.990655476260901,0.0712261671943324,FALSE
"NXN","D2_late_increasing","clean_D2",1,244.517030641119,5,0,0.628705154345384,0,TRUE
"PTN","D2_late_increasing","clean_D2",1,39.309442191372,5,2.05746172321497e-07,0.860233389108997,4.71387341474363e-07,TRUE
"KRT6A","D2_late_increasing","none",1,0.028010718954983,5,0.999993084608556,0.0343676711113293,1,FALSE
"TPM4","D2_late_increasing","clean_D2",1,28.7555036020522,5,2.58940196167234e-05,0.405142160023682,4.74187108789376e-05,TRUE
"FAM89B","D2_late_increasing","clean_D2",1,24.9583590042471,5,0.000141937085430532,0.524034964642671,0.000233765391499807,TRUE
"SMCO4","D2_late_increasing","clean_D2",1,13.5841798722229,5,0.0184780774552082,2.83980008458224,0.0238136223203996,TRUE
"APBB2","D2_late_increasing","clean_D2",1,344.254354301658,5,0,2.26821723664974,0,TRUE
"A1BG","D2_late_increasing","clean_D2",1,59.9066303043551,5,1.27067245614398e-11,0.654183540499171,4.0063097929188e-11,TRUE
"HES4","D2_late_increasing","clean_D2",1,6.16821637641541,5,0.290193207307926,0.642288924297878,0.319646577707769,FALSE
"SSR4","D2_late_increasing","clean_D2",1,182.629271166526,5,0,0.797867066408521,0,TRUE
"VAMP5","D2_late_increasing","clean_D2",1,39.2348342061287,5,2.12988628400801e-07,0.870473633364609,4.86898616144625e-07,TRUE
"KRT16","D2_late_increasing","none",1,0.737324289884256,5,0.980857606753479,0.135153211128712,0.991779004521727,FALSE
"CTSZ","D2_late_increasing","clean_D2",1,14.6629165158756,5,0.0119040556042058,0.990963448505942,0.0157549182643597,TRUE
"FIBIN","D2_late_increasing","clean_D2",1,19.3600930159319,5,0.00164671927574311,2.78894216193885,0.00244635097016016,TRUE
"DNAJC1","D2_late_increasing","clean_D2",1,38.7437589352285,5,2.67421546906732e-07,0.916076820163902,6.03307691161577e-07,TRUE
"ZFHX4","D2_late_increasing","clean_D2",1,96.8610006727904,5,0,1.06206264761952,0,TRUE
"NEK10","D2_late_increasing","clean_D2",1,15.4470135212482,5,0.00861370666772232,0.639133615038662,0.0116851731242391,TRUE
"SGCD","D2_late_increasing","clean_D2",1,140.26765273259,5,0,0.638392013402501,0,TRUE
"MSRB3","D2_late_increasing","clean_D2",1,NA,NA,NA,0.807268752661857,NA,FALSE
"PGAM1","D2_late_increasing","clean_D2",1,38.9399890603418,5,2.44180985875531e-07,0.858722203011563,5.5329801414873e-07,TRUE
"LRRC59","D2_late_increasing","clean_D2",1,33.1999251291633,5,3.4345956766435e-06,0.482390550623908,6.94327086788128e-06,TRUE
"TAF10","D2_late_increasing","clean_D2",1,38.5123014934852,5,2.97680144645263e-07,1.0051658549835,6.6286874541958e-07,TRUE
"GPAA1","D2_late_increasing","clean_D2",1,NA,NA,NA,0.658357731503657,NA,FALSE
"DBN1","D2_late_increasing","clean_D2",1,26.5211100611401,5,7.06912860557463e-05,1.90193711028324,0.000121471193205791,TRUE
"APOL2","D2_late_increasing","clean_D2",1,11.8101600870887,5,0.0374836809235494,2.14260299565869,0.0465050241061124,TRUE
"MAP4","D2_late_increasing","clean_D2",1,119.660971411682,5,0,0.837027771073242,0,TRUE
"NDUFS8","D2_late_increasing","clean_D2",1,58.4162302545856,5,2.58109089656955e-11,0.712793856216915,7.80382614182758e-11,TRUE
"CAMK1D","D2_late_increasing","clean_D2",1,255.582804037062,5,0,1.11889199126604,0,TRUE
"SH3PXD2A","D2_late_increasing","clean_D2",1,44.4683424351206,5,1.86069099017416e-08,1.07013827126733,4.61147214151337e-08,TRUE
"LAMC1","D2_late_increasing","clean_D2",1,38.4092441213616,5,3.12227526388931e-07,1.13554524626442,6.92272214423629e-07,TRUE
"MYH9","D2_late_increasing","clean_D2",1,34.0357518786313,5,2.34229959117371e-06,0.855520826486554,4.77255114328083e-06,TRUE
"PLPP4","D2_late_increasing","clean_D2",1,49.1595723492064,5,2.05868289082645e-09,1.5390521291268,5.49871000114525e-09,TRUE
"SEC24D","D2_late_increasing","clean_D2",1,102.96035167951,5,0,2.35070832086193,0,TRUE
"RPL22L1","D2_late_increasing","none",1,17.8899333848236,5,0.0030875593035582,0.336482353321033,0.00442736250621488,TRUE
"EIF4EBP1","D2_late_increasing","clean_D2",1,39.0188816027496,5,2.35414508442666e-07,1.13522378606731,5.35788870208364e-07,TRUE
"OSTC","D2_late_increasing","clean_D2",1,51.9410786820315,5,5.54699175481232e-10,0.547422973011417,1.56683520526343e-09,TRUE
"ILK","D2_late_increasing","clean_D2",1,34.5624258120779,5,1.83956353727588e-06,0.990202644975982,3.80841366853701e-06,TRUE
"COPE","D2_late_increasing","clean_D2",1,NA,NA,NA,0.859973585777646,NA,FALSE
"AHR","D2_late_increasing","clean_D2",1,19.0159150947163,5,0.00190906077388464,1.71513601253666,0.00281579636319752,TRUE
"FAM50A","D2_late_increasing","clean_D2",1,0,5,1,0.644660632296637,1,FALSE
"RYR2","D2_late_increasing","clean_D2",1,123.323034561028,5,0,2.19227781044269,0,TRUE
"CNN3","D2_late_increasing","clean_D2",1,19.2654634404652,5,0.00171509384066937,0.388727845688163,0.00254426151040305,TRUE
"NGFR","D2_late_increasing","clean_D2",1,23.3920560732286,5,0.000284008202147912,1.07717248196767,0.000451174817279656,TRUE
"CCDC107","D2_late_increasing","clean_D2",1,15.7466725070312,5,0.0076058131239588,0.508841786930993,0.0103862163321875,TRUE
"AQP1","D2_late_increasing","clean_D2",1,17.5515401450143,5,0.00356428830090738,1.24656812361155,0.00504085217864953,TRUE
"CYR61","D2_late_increasing","clean_D2",1,36.7258184100574,5,6.79730648434074e-07,2.60769054129945,1.46305281531426e-06,TRUE
"SMTN","D2_late_increasing","clean_D2",1,18.5381216509868,5,0.00234237451690877,1.14971118758185,0.00341100017928382,TRUE
"DAP","D2_late_increasing","clean_D2",1,9.33353985191445,5,0.0964773960386791,0.599275205744172,0.114069031325548,FALSE
"PHLDA3","D2_late_increasing","clean_D2",1,16.522677111283,5,0.00549993097793999,0.923838772928731,0.0075909355264473,TRUE
"GARS","D2_late_increasing","clean_D2",1,NA,NA,NA,1.13876787570445,NA,FALSE
"CGREF1","D2_late_increasing","clean_D2",1,10.7130615836368,5,0.057375470581787,3.4382775625784,0.0697572053889416,FALSE
"IDH2","D2_late_increasing","clean_D2",1,20.4398602971369,5,0.00103311344716916,0.296380782962082,0.00155917182526044,TRUE
"ERLEC1","D2_late_increasing","clean_D2",1,NA,NA,NA,0.685031927011372,NA,FALSE
"C9orf16","D2_late_increasing","clean_D2",1,67.1552287502218,5,4.00013355772444e-13,0.781316700300945,1.39801277898776e-12,TRUE
"C1QTNF3","D2_late_increasing","clean_D2",1,15.3388514904144,5,0.00900847820502659,1.66254714983536,0.0121886365214992,TRUE
"SDF4","D2_late_increasing","clean_D2",1,30.4109790069232,5,1.22406637412809e-05,1.04161206947548,2.35890174154403e-05,TRUE
"ZCCHC24","D2_late_increasing","clean_D2",1,9.23850842498541,5,0.0999207536680237,0.682802912058876,0.117600795698325,FALSE
"GMPPA","D2_late_increasing","clean_D2",1,21.101252802916,5,0.000775142255734051,2.35544069522878,0.00118924355009197,TRUE
"ALDH18A1","D2_late_increasing","clean_D2",1,44.4251161805532,5,1.89869406863608e-08,1.45878322105167,4.69437310494915e-08,TRUE
"CIB1","D2_late_increasing","clean_D2",1,33.0342902641021,5,3.70488728740348e-06,1.21156613177613,7.44588458735475e-06,TRUE
"IGFBP6","D2_late_increasing","clean_D2",1,72.6553919661237,5,2.8643754035329e-14,1.72970848197038,1.08572464744207e-13,TRUE
"SLC27A4","D2_late_increasing","clean_D2",1,111.116925426482,5,0,0.931025332252823,0,TRUE
"JOSD2","D2_late_increasing","clean_D2",1,15.2836885684978,5,0.00921652517844906,0.444376938930783,0.0124374835850536,TRUE
"ENAH","D2_late_increasing","clean_D2",1,117.306757995801,5,0,0.867806613150029,0,TRUE
"CD99","D2_late_increasing","clean_D2",1,188.779569653281,5,0,0.773676545515528,0,TRUE
"UCHL1","D2_late_increasing","clean_D2",1,14.062203790984,5,0.0152190801482261,1.20486569773666,0.0198117066070974,TRUE
"CALU","D2_late_increasing","clean_D2",1,NA,NA,NA,0.824992097411754,NA,FALSE
"TMEM176A","D2_late_increasing","clean_D2",1,65.2848182915022,5,9.78217506997225e-13,1.58306513421794,3.29588970494817e-12,TRUE
"CKLF","D2_late_increasing","clean_D2",1,17.1909126440478,5,0.00415160234046741,1.50403680767025,0.00580773678836078,TRUE
"CYBA","D2_late_increasing","clean_D2",1,77.5485130015495,5,2.77555756156289e-15,0.911123849458317,1.11346297508612e-14,TRUE
"CSRP2","D2_late_increasing","clean_D2",1,NA,NA,NA,1.1997363123461,NA,FALSE
"VEGFB","D2_late_increasing","clean_D2",1,26.7096334554717,5,6.49696064690675e-05,1.19055300902424,0.000112012816504362,TRUE
"LAMTOR2","D2_late_increasing","clean_D2",1,30.7028370538628,5,1.07215608184941e-05,1.12719812516272,2.08171924743265e-05,TRUE
"TUBA1C","D2_late_increasing","clean_D2",1,38.1775182066699,5,3.47574501624592e-07,0.83540196030809,7.64071025959392e-07,TRUE
"KIAA1462","D2_late_increasing","clean_D2",1,41.7590860228556,5,6.59001052616404e-08,1.12250526353881,1.55475992047486e-07,TRUE
"ACKR1","D2_late_increasing","clean_D2",1,NA,NA,NA,0.18282388669893,NA,FALSE
"PACS1","D2_late_increasing","clean_D2",1,103.354136298283,5,0,1.35870698119268,0,TRUE
"RRBP1","D2_late_increasing","clean_D2",1,95.390122549863,5,0,0.424728212125562,0,TRUE
"FBLN7","D2_late_increasing","clean_D2",1,9.73000634475147,5,0.0832570001169964,2.69478371515416,0.0992346440700848,FALSE
"RTEL1-TNFRSF6B","D2_late_increasing","clean_D2",1,42.0695570374846,5,5.7025509536679e-08,2.93017414547811,1.36411369680548e-07,TRUE
"NUCB1","D2_late_increasing","clean_D2",1,44.9377399107316,5,1.49378294178604e-08,0.595335369713816,3.72002466903721e-08,TRUE
"FKBP7","D2_late_increasing","clean_D2",1,18.3467106939036,5,0.00254184370649868,0.400333163139266,0.00369624945190429,TRUE
"S100A7","D2_late_increasing","clean_D2",1,6.9053796918837,5,0.227772993831518,0.37785818153625,0.253874547719238,FALSE
"COTL1","D2_late_increasing","clean_D2",1,21.2881948989683,5,0.000714527808782561,2.13994056939246,0.0011028116330162,TRUE
"HLA-DRB1","D2_late_increasing","clean_D2",1,NA,NA,NA,0.298438465916954,NA,FALSE
"SIL1","D2_late_increasing","clean_D2",1,46.0479543659822,5,8.88021223222069e-09,1.25115398446717,2.25504896832993e-08,TRUE
"SSR3","D2_late_increasing","clean_D2",1,34.4110993435002,5,1.97186444872433e-06,0.526782366729533,4.04978535186211e-06,TRUE
"IL1R1","D2_late_increasing","clean_D2",1,34.5343350611165,5,1.8634367665582e-06,1.6822322561369,3.8501068262956e-06,TRUE
"S100A16","D2_late_increasing","clean_D2",1,87.3952568217392,5,0,0.751108752258906,0,TRUE
"LMCD1","D2_late_increasing","clean_D2",1,15.4142698662903,5,0.00873140591952926,1.46700648730709,0.0118292766137118,TRUE
"KHDRBS3","D2_late_increasing","clean_D2",1,12.3297827392527,5,0.0305380073932326,0.719089671692676,0.0383959580761254,TRUE
"GALNS","D2_late_increasing","clean_D2",1,15.2251688005035,5,0.00944233239867021,0.540348097040096,0.0126923659752659,TRUE
"ADAMTS12","D2_late_increasing","clean_D2",1,98.060456328516,5,0,3.18811034805406,0,TRUE
"SAR1A","D2_late_increasing","clean_D2",1,12.1152908573576,5,0.0332417272304266,0.802916296002699,0.0416851817210687,TRUE
"ARF4","D2_late_increasing","clean_D2",1,27.7665539311611,5,4.04297302996071e-05,0.719181479878178,7.17436350067037e-05,TRUE
"TMSB4X","D2_late_increasing","clean_D2",1,218.079228077244,5,0,0.881997480139903,0,TRUE
"YIF1A","D2_late_increasing","clean_D2",1,65.9060002022109,5,7.26974036524553e-13,0.363760682252361,2.46549418308162e-12,TRUE
"ARFGAP1","D2_late_increasing","clean_D2",1,83.1736912819579,5,2.22044604925031e-16,1.19085123260896,9.30601575925639e-16,TRUE
"GPR78","D2_late_increasing","clean_D2",1,59.5284543059224,5,1.52111656603893e-11,1.58999201218873,4.72370837224739e-11,TRUE
"ITGBL1","D2_late_increasing","clean_D2",1,93.7741312523431,5,0,3.34258533827911,0,TRUE
"XG","D2_late_increasing","clean_D2",1,58.1156034450396,5,2.9773850052095e-11,3.14880383685399,8.92349982665986e-11,TRUE
"CDKN2A","D2_late_increasing","clean_D2",1,0,5,1,1.46931284081298,1,FALSE
"LAMA4","D2_late_increasing","clean_D2",1,79.2364605341863,5,1.22124532708767e-15,2.96090939977634,4.95710209538343e-15,TRUE
"LGMN","D2_late_increasing","clean_D2",1,24.3314771387634,5,0.00018747178417966,1.00018824176903,0.000304863421907302,TRUE
"CTSA","D2_late_increasing","clean_D2",1,20.2365976840169,5,0.0011281868017704,1.30380381357642,0.00169556937700479,TRUE
"SCO2","D2_late_increasing","clean_D2",1,22.4819608686043,5,0.000423888627326563,1.70072100720333,0.000666203010325741,TRUE
"CCL14","D2_late_increasing","clean_D2",1,0.63860400167664,5,0.986167595221371,0.179949170814789,0.994852045668526,FALSE
"SEC61A1","D2_late_increasing","clean_D2",1,29.1028170687314,5,2.21351157998484e-05,0.72448999802257,4.11194673687274e-05,TRUE
"FMOD","D2_late_increasing","clean_D2",1,43.045368004854,5,3.61765897238797e-08,2.08291002211803,8.73490960311943e-08,TRUE
"AKR1A1","D2_late_increasing","clean_D2",1,26.2901045994574,5,7.83868083520378e-05,1.6140984159299,0.000133802648031376,TRUE
"IFI6","D2_late_increasing","clean_D2",1,51.644794532157,5,6.37983110785001e-10,1.01857632466272,1.78739290005254e-09,TRUE
"ANXA6","D2_late_increasing","clean_D2",1,25.1925943194692,5,0.000127894910070481,1.35927462567358,0.000211993010100749,TRUE
"C7orf50","D2_late_increasing","clean_D2",1,31.5501350197573,5,7.29295163670596e-06,0.357800854600174,1.42947398050263e-05,TRUE
"IFITM3","D2_late_increasing","clean_D2",1,345.498584330591,5,0,1.17548929972296,0,TRUE
"FTL","D2_late_increasing","clean_D2",1,437.072971644535,5,0,0.721920806626514,0,TRUE
"FARP1","D2_late_increasing","clean_D2",1,176.213277568465,5,0,0.40182995147721,0,TRUE
"HMCN1","D2_late_increasing","clean_D2",1,142.553500291244,5,0,2.62421676336063,0,TRUE
"PARVB","D2_late_increasing","clean_D2",1,28.7720818044636,5,2.57009925381801e-05,1.41498538847479,4.72330183723061e-05,TRUE
"RP11-25H12.1","D2_late_increasing","clean_D2",1,53.3401515981859,5,2.86366930168924e-10,0.957584110028075,8.27014859955633e-10,TRUE
"SRA1","D2_late_increasing","clean_D2",1,29.6948444765804,5,1.69349469437696e-05,1.19582846381562,3.20365693560119e-05,TRUE
"LOX","D2_late_increasing","clean_D2",1,22.0774033700242,5,0.000506151976691571,1.75534002540059,0.000793073993873875,TRUE
"TUBB2A","D2_late_increasing","clean_D2",1,36.0636364289662,5,9.22374363887535e-07,1.42234507332987,1.95270630219312e-06,TRUE
"PLTP","D2_late_increasing","clean_D2",1,66.3795778052481,5,5.79647441156794e-13,2.8717252234794,1.99205503944218e-12,TRUE
"RP11-417E7.2","D2_late_increasing","clean_D2",1,37.9686534961593,5,3.82834484446981e-07,0.822387712250468,8.38009243025133e-07,TRUE
"C1S","D2_late_increasing","clean_D2",1,182.804252032962,5,0,2.82766124245958,0,TRUE
"LGALS1","D2_late_increasing","clean_D2",1,454.743223202408,5,0,0.823254206690364,0,TRUE
"TGFB3","D2_late_increasing","clean_D2",1,15.2639800362317,5,0.00929198144584653,0.742739072456361,0.0125229187851866,TRUE
"CRABP2","D2_late_increasing","clean_D2",1,99.6292663861059,5,0,0.98829436401529,0,TRUE
"NID2","D2_late_increasing","clean_D2",1,13.608288992913,5,0.0182987218862498,2.32083907898875,0.0236119928219319,TRUE
"C4orf48","D2_late_increasing","clean_D2",1,41.9757905858401,5,5.95722711160818e-08,0.856567676694523,1.4151845972507e-07,TRUE
"HTRA1","D2_late_increasing","clean_D2",1,78.6456120631674,5,1.66533453693773e-15,1.15095587902838,6.70687463899533e-15,TRUE
"FLNC","D2_late_increasing","clean_D2",1,29.3737339503114,5,1.95835505266695e-05,2.93728694185246,3.66436308402836e-05,TRUE
"MXRA7","D2_late_increasing","clean_D2",1,11.132933805961,5,0.0488070797556645,0.647761998329922,0.059691695406987,FALSE
"CLEC11A","D2_late_increasing","clean_D2",1,90.32427223388,5,0,0.882870197321901,0,TRUE
"IFT20","D2_late_increasing","clean_D2",1,29.9955910472827,5,1.47780808880116e-05,0.80141278968708,2.81630340028465e-05,TRUE
"ROR2","D2_late_increasing","clean_D2",1,236.248437434668,5,0,1.25493655399317,0,TRUE
"NME1-NME2","D2_late_increasing","clean_D2",1,241.751257562537,5,0,0.781723310725232,0,TRUE
"TNFAIP6","D2_late_increasing","clean_D2",1,25.9464159550389,5,9.13967719987641e-05,2.08260304666636,0.000154983670938694,TRUE
"RP11-14N7.2","D2_late_increasing","clean_D2",1,27.3362918403191,5,4.90531729847588e-05,2.74196264660671,8.60099002504869e-05,TRUE
"S100A9","D2_late_increasing","clean_D2",1,NA,NA,NA,0.0602773680762392,NA,FALSE
"SNX8","D2_late_increasing","clean_D2",1,31.7862750650129,5,6.54918708375973e-06,1.63448454138335,1.28859005407563e-05,TRUE
"ECM1","D2_late_increasing","clean_D2",1,50.7963488679343,5,9.52069201254346e-10,0.93669673625249,2.60366935409345e-09,TRUE
"GPX7","D2_late_increasing","clean_D2",1,35.4138721831155,5,1.24394354972246e-06,0.94947145381725,2.61202810542537e-06,TRUE
"HIC1","D2_late_increasing","clean_D2",1,20.2453383293232,5,0.00112392680652296,2.35218120314752,0.0016916329014966,TRUE
"EPHB2","D2_late_increasing","clean_D2",1,45.1026844112348,5,1.38278115624502e-08,5.70976851727453,3.46030915555488e-08,TRUE
"GLIPR2","D2_late_increasing","clean_D2",1,28.1126402069328,5,3.45989797336799e-05,2.85115728584962,6.20374749659547e-05,TRUE
"EVL","D2_late_increasing","clean_D2",1,56.1808917123672,5,7.45854489281328e-11,1.22155730116673,2.21606910215864e-10,TRUE
"PRAF2","D2_late_increasing","clean_D2",1,25.8033517120036,5,9.74230536429088e-05,0.452699841234881,0.000164931310847026,TRUE
"TMEM214","D2_late_increasing","clean_D2",1,27.6758162619533,5,4.21133522907624e-05,1.64139479417674,7.44748991625661e-05,TRUE
"CYB561","D2_late_increasing","clean_D2",1,29.3338784592579,5,1.9939740198871e-05,0.814529949698321,3.71751756691429e-05,TRUE
"MAGED1","D2_late_increasing","clean_D2",1,36.304871182344,5,8.25341817556335e-07,1.02113485278337,1.76175448012543e-06,TRUE
"HM13","D2_late_increasing","clean_D2",1,51.5495675875027,5,6.67314981050993e-10,0.964945891528145,1.85946417692858e-09,TRUE
"FNDC1","D2_late_increasing","clean_D2",1,23.4504303043777,5,0.000276787521922062,2.27499990661179,0.000441063269090642,TRUE
"C11orf24","D2_late_increasing","clean_D2",1,NA,NA,NA,1.42316393187296,NA,FALSE
"HTRA3","D2_late_increasing","clean_D2",1,38.5541224554236,5,2.91971123167478e-07,2.52289007970336,6.51563264038247e-07,TRUE
"NT5DC2","D2_late_increasing","clean_D2",1,NA,NA,NA,1.48286015433379,NA,FALSE
"PLAU","D2_late_increasing","clean_D2",1,12.1127283162359,5,0.0332753681439762,0.350902113667185,0.0416851817210687,TRUE
"NAGK","D2_late_increasing","clean_D2",1,18.1644842866194,5,0.00274716962321231,0.450127259296771,0.00397241498111065,TRUE
"SPATS2L","D2_late_increasing","clean_D2",1,76.2680792331921,5,5.10702591327572e-15,0.955515897770595,2.002031831402e-14,TRUE
"FKBP9","D2_late_increasing","clean_D2",1,28.0296216009881,5,3.59166602328376e-05,0.909424663719111,6.41769093588484e-05,TRUE
"PLOD1","D2_late_increasing","clean_D2",1,27.1135350316269,5,5.42105706811125e-05,0.764013063060746,9.45703864166277e-05,TRUE
"SEMA6B","D2_late_increasing","clean_D2",1,9.54505435637907,5,0.0892012455072977,4.304091079175,0.105830246395885,FALSE
"TXNDC5","D2_late_increasing","clean_D2",1,29.3529173252255,5,1.97687942121716e-05,1.19793943532863,3.69232370158495e-05,TRUE
"P4HB","D2_late_increasing","clean_D2",1,66.8655666770169,5,4.59521309892352e-13,1.01808524669857,1.58982037080206e-12,TRUE
"CUEDC1","D2_late_increasing","clean_D2",1,82.0354718312847,5,3.33066907387547e-16,1.19654938880948,1.38464508676033e-15,TRUE
"SLC38A10","D2_late_increasing","clean_D2",1,NA,NA,NA,1.04041153788351,NA,FALSE
"POLD4","D2_late_increasing","clean_D2",1,36.6877769548198,5,6.91764130977823e-07,0.630319961351775,1.4827626175429e-06,TRUE
"CISD1","D2_late_increasing","clean_D2",1,33.9751034320543,5,2.40833240561233e-06,1.96448281180885,4.89741757433199e-06,TRUE
"TTYH3","D2_late_increasing","clean_D2",1,20.9448926614114,5,0.000829710087666413,0.831392241432627,0.00126730533390233,TRUE
"DAB2","D2_late_increasing","clean_D2",1,68.3520964870295,5,2.25597318603832e-13,3.01290165260213,8.04812579517476e-13,TRUE
"OLFML3","D2_late_increasing","clean_D2",1,91.8936650266169,5,0,1.56992885424685,0,TRUE
"RPS26","D2_late_increasing","none",1,210.692121362605,5,0,0.365665415589189,0,TRUE
"HDLBP","D2_late_increasing","clean_D2",1,86.9919848684075,5,0,0.863456606981149,0,TRUE
"KDELR2","D2_late_increasing","clean_D2",1,112.769091173845,5,0,0.966914775662868,0,TRUE
"PLIN3","D2_late_increasing","clean_D2",1,29.3872825338476,5,1.94639106320116e-05,0.360966877058015,3.64859852029163e-05,TRUE
"METRN","D2_late_increasing","clean_D2",1,28.1988098401293,5,3.32819921468053e-05,0.799952552193583,5.98843523618782e-05,TRUE
"IFI27","D2_late_increasing","clean_D2",1,25.4643166230317,5,0.000113320890268387,0.792094055363872,0.000189973720108466,TRUE
"BACE2","D2_late_increasing","clean_D2",1,30.2940379792672,5,1.29076762247493e-05,2.50584590833702,2.48280115442473e-05,TRUE
"ANGPTL2","D2_late_increasing","clean_D2",1,53.0464191959491,5,3.29034466339806e-10,0.97436197733252,9.44942993861671e-10,TRUE
"TMED3","D2_late_increasing","clean_D2",1,65.0098874574658,5,1.11544107284089e-12,1.25282384385522,3.73383034447715e-12,TRUE
"TGFBI","D2_late_increasing","clean_D2",1,36.0987643019755,5,9.07568502128697e-07,1.32073023225645,1.92531507344586e-06,TRUE
"ABI3BP","D2_late_increasing","clean_D2",1,78.6315303848896,5,1.66533453693773e-15,3.66770264883571,6.70687463899533e-15,TRUE
"SORCS2","D2_late_increasing","clean_D2",1,166.016213004325,5,0,1.60582072975704,0,TRUE
"TPM1","D2_late_increasing","clean_D2",1,54.0118527436716,5,2.08410289026517e-10,2.06796142556817,6.10428999961191e-10,TRUE
"HMCN2","D2_late_increasing","clean_D2",1,117.313217872666,5,0,6.87190661982011,0,TRUE
"MYOF","D2_late_increasing","clean_D2",1,108.655019633537,5,0,1.62661618890524,0,TRUE
"AP2S1","D2_late_increasing","clean_D2",1,74.1641175563354,5,1.38777878078145e-14,0.949454436023497,5.31895882150807e-14,TRUE
"PDGFRL","D2_late_increasing","clean_D2",1,59.7217697953865,5,1.3874790205648e-11,3.65788054047079,4.33482081879487e-11,TRUE
"SEC13","D2_late_increasing","clean_D2",1,41.9792453357536,5,5.94764573147444e-08,0.822723049328185,1.4151845972507e-07,TRUE
"RUNX1","D2_late_increasing","clean_D2",1,142.910493140625,5,0,1.53031182114353,0,TRUE
"PLXDC2","D2_late_increasing","clean_D2",1,294.643858885873,5,0,1.91469540111811,0,TRUE
"LRP1","D2_late_increasing","clean_D2",1,149.445795190844,5,0,2.09936155561414,0,TRUE
"BGN","D2_late_increasing","clean_D2",1,273.539820201611,5,0,0.809425369188091,0,TRUE
"ADAMTS14","D2_late_increasing","clean_D2",1,160.695374999559,5,0,3.78604478478838,0,TRUE
"FKBP14","D2_late_increasing","clean_D2",1,NA,NA,NA,1.32936687482318,NA,FALSE
"ATOX1","D2_late_increasing","clean_D2",1,62.6667809451919,5,3.41249251079034e-12,0.660884033222297,1.11337967678001e-11,TRUE
"NME4","D2_late_increasing","clean_D2",1,63.0456262798775,5,2.84849921428076e-12,0.690578053347567,9.32318314261418e-12,TRUE
"ISOC2","D2_late_increasing","clean_D2",1,51.5149657112577,5,6.78303080370313e-10,0.518949169552224,1.88498780555739e-09,TRUE
"CD151","D2_late_increasing","clean_D2",1,34.4566058114224,5,1.93111403334889e-06,1.28978193013116,3.97573236070428e-06,TRUE
"CTSB","D2_late_increasing","clean_D2",1,48.5304173592913,5,2.76792166964412e-09,0.977157979548649,7.29853514425343e-09,TRUE
"MVP","D2_late_increasing","clean_D2",1,16.4744069747876,5,0.00561239914799172,1.44861810335784,0.00773580684703137,TRUE
"MAP4K4","D2_late_increasing","clean_D2",1,59.8335121643049,5,1.31564759087155e-11,1.13191061904392,4.12289564191054e-11,TRUE
"C1R","D2_late_increasing","clean_D2",1,256.259081163516,5,0,2.70740651934526,0,TRUE
"FAM20C","D2_late_increasing","clean_D2",1,20.4658507172276,5,0.00102154023076384,1.79461762008664,0.00154429322275296,TRUE
"GPX8","D2_late_increasing","clean_D2",1,42.7560071067303,5,4.14063945353149e-08,1.24675070089395,9.95104726478081e-08,TRUE
"OST4","D2_late_increasing","clean_D2",1,169.426184019303,5,0,0.661467319453703,0,TRUE
"RCN1","D2_late_increasing","clean_D2",1,51.9848678182925,5,5.43346811987533e-10,1.88097821247477,1.53898506362403e-09,TRUE
"INAFM1","D2_late_increasing","clean_D2",1,29.0848597686754,5,2.23154532007497e-05,0.773641137933827,4.13799141186563e-05,TRUE
"PRDX4","D2_late_increasing","clean_D2",1,87.9407214819657,5,0,1.20040873885036,0,TRUE
"AC005943.2","D2_late_increasing","clean_D2",1,44.0310199379214,5,2.2828816392817e-08,1.18180854924242,5.6173054178984e-08,TRUE
"S100A8","D2_late_increasing","clean_D2",1,1.04154434368508,5,0.959145817550049,0.0386272739513916,0.974265357531134,FALSE
"FBLN1","D2_late_increasing","clean_D2",1,167.575522562852,5,0,2.19687130268159,0,TRUE
"TMEM119","D2_late_increasing","clean_D2",1,39.6450315015536,5,1.76085777403578e-07,1.48319964471838,4.06139678977829e-07,TRUE
"MIR99AHG","D2_late_increasing","clean_D2",1,315.238153277853,5,0,2.97859561857127,0,TRUE
"EHD2","D2_late_increasing","clean_D2",1,20.5953465390553,5,0.000965752542036569,0.86719588573945,0.00146640776265052,TRUE
"LRRC32","D2_late_increasing","clean_D2",1,24.3217980367699,5,0.000188277691485439,3.78701952977306,0.00030569181089998,TRUE
"ISG15","D2_late_increasing","clean_D2",1,23.6225394772018,5,0.000256537614536478,1.25011707895745,0.00041006245052265,TRUE
"CADM1","D2_late_increasing","clean_D2",1,59.4891734136618,5,1.54980472899524e-11,2.14398061384555,4.79834437115343e-11,TRUE
"FAM114A1","D2_late_increasing","clean_D2",1,41.6649728646807,5,6.88527650449799e-08,1.39505596907559,1.61334547184942e-07,TRUE
"PDXK","D2_late_increasing","clean_D2",1,48.2886564477849,5,3.10119907531714e-09,1.47778343060372,8.13571564033581e-09,TRUE
"CTSK","D2_late_increasing","clean_D2",1,189.057890963464,5,0,2.34297044985747,0,TRUE
"PHPT1","D2_late_increasing","clean_D2",1,126.963300123183,5,0,1.02500159911032,0,TRUE
"KDELR3","D2_late_increasing","clean_D2",1,50.4145417873754,5,1.13986142746825e-09,0.647979077470375,3.1007839887065e-09,TRUE
"SSC5D","D2_late_increasing","clean_D2",1,NA,NA,NA,1.240662705933,NA,FALSE
"ARHGAP1","D2_late_increasing","clean_D2",1,48.9119480426889,5,2.31314034593311e-09,1.33992051697146,6.11499409399239e-09,TRUE
"HEG1","D2_late_increasing","clean_D2",1,28.3567076687323,5,3.09964752895908e-05,1.42122718692172,5.5869521020224e-05,TRUE
"TNFRSF12A","D2_late_increasing","clean_D2",1,41.7133401796382,5,6.73192105393738e-08,3.53241960284199,1.58461429374645e-07,TRUE
"DPT","D2_late_increasing","clean_D2",1,132.760373763136,5,0,3.76794421024823,0,TRUE
"ITGA11","D2_late_increasing","clean_D2",1,89.104795281135,5,0,8.59633555025394,0,TRUE
"PIEZO2","D2_late_increasing","clean_D2",1,106.417897168547,5,0,1.71974510889903,0,TRUE
"B4GALT2","D2_late_increasing","clean_D2",1,NA,NA,NA,1.10116721148092,NA,FALSE
"TYMP","D2_late_increasing","clean_D2",1,37.3673803240462,5,5.05491216662435e-07,1.9377641209433,1.10182123547351e-06,TRUE
"CD74","D2_late_increasing","clean_D2",1,51.9316892264442,5,5.57164092640505e-10,1.61047924680031,1.56949775823049e-09,TRUE
"HLA-DRA","D2_late_increasing","clean_D2",1,7.01534297271907,5,0.219501730390708,0.563720728864478,0.245451501120195,FALSE
"EFEMP2","D2_late_increasing","clean_D2",1,68.8606338874015,5,1.76858527822787e-13,1.63199326245308,6.4204627530033e-13,TRUE
"PALLD","D2_late_increasing","clean_D2",1,207.195782605639,5,0,1.08716487328982,0,TRUE
"CST3","D2_late_increasing","clean_D2",1,493.792738703123,5,0,2.64460465537244,0,TRUE
"C1orf122","D2_late_increasing","clean_D2",1,88.8375198103522,5,0,0.886213874869527,0,TRUE
"GAS6","D2_late_increasing","clean_D2",1,38.8651985730296,5,2.52791588550849e-07,1.77992957901643,5.7155291183317e-07,TRUE
"ZMAT3","D2_late_increasing","clean_D2",1,21.3377990264544,5,0.000699244302670321,1.81258006849792,0.00108246377785751,TRUE
"LIMA1","D2_late_increasing","clean_D2",1,94.7505241852268,5,0,2.07149573594193,0,TRUE
"PDLIM7","D2_late_increasing","clean_D2",1,40.2798521862715,5,1.31135166725471e-07,1.04804703014454,3.05883160393577e-07,TRUE
"PDLIM2","D2_late_increasing","clean_D2",1,104.763577190719,5,0,1.84496944826916,0,TRUE
"MYDGF","D2_late_increasing","clean_D2",1,66.0903457042755,5,6.65689725565244e-13,1.1855005191661,2.27260300350254e-12,TRUE
"CILP2","D2_late_increasing","clean_D2",1,30.2185976784658,5,1.33570017804008e-05,3.06390758110592,2.55967822222922e-05,TRUE
"GUCY1A3","D2_late_increasing","clean_D2",1,28.942906986762,5,2.37933000023505e-05,2.75442224566515,4.3805164825756e-05,TRUE
"BNC2","D2_late_increasing","clean_D2",1,234.285777598583,5,0,2.55414726002259,0,TRUE
"COL18A1","D2_late_increasing","clean_D2",1,53.0174091788108,5,3.33578165090387e-10,2.19301919230551,9.55330800578302e-10,TRUE
"LGALS3BP","D2_late_increasing","clean_D2",1,59.1724896167325,5,1.80170323105244e-11,2.36963650750139,5.5449433767614e-11,TRUE
"TMSB10","D2_late_increasing","clean_D2",1,583.5892639261,5,0,0.861992660771826,0,TRUE
"S100A11","D2_late_increasing","clean_D2",1,248.76069983251,5,0,0.732800989941851,0,TRUE
"C1QTNF5","D2_late_increasing","clean_D2",1,58.2703998703391,5,2.76627609707703e-11,0.926138166415223,8.31495818100995e-11,TRUE
"FSTL1","D2_late_increasing","clean_D2",1,72.128149585782,5,3.69704267200177e-14,1.76101096957171,1.39620915561679e-13,TRUE
"OGN","D2_late_increasing","clean_D2",1,28.9957271609046,5,2.32323827431546e-05,2.50791394600478,4.2848992143457e-05,TRUE
"THBS4","D2_late_increasing","clean_D2",1,48.2312603795181,5,3.18602877413809e-09,4.14215696599729,8.31593839528196e-09,TRUE
"GOLM1","D2_late_increasing","clean_D2",1,2.8955076898219,5,0.71609152290075,1.11550032989177,0.748773184696423,FALSE
"P3H3","D2_late_increasing","clean_D2",1,47.6349019282061,5,4.21670331984814e-09,1.38411551857461,1.08957922876276e-08,TRUE
"HCFC1R1","D2_late_increasing","clean_D2",1,138.629099456597,5,0,1.91493549977999,0,TRUE
"ARPC1B","D2_late_increasing","clean_D2",1,45.6471813031612,5,1.0715149878493e-08,0.485032426591389,2.6944681767625e-08,TRUE
"FKBP11","D2_late_increasing","clean_D2",1,42.0320198779309,5,5.80317556231336e-08,1.79776064130925,1.38497083443173e-07,TRUE
"CCDC80","D2_late_increasing","clean_D2",1,181.787269091381,5,0,2.74081816230616,0,TRUE
"AK1","D2_late_increasing","clean_D2",1,30.1231886245688,5,1.39475665997812e-05,1.11212420722259,2.66656535349371e-05,TRUE
"C1QTNF6","D2_late_increasing","clean_D2",1,35.6739525185922,5,1.10365031880111e-06,1.65609613982329,2.32217036466111e-06,TRUE
"PODN","D2_late_increasing","clean_D2",1,63.9690360747754,5,1.83353332516845e-12,2.68310584869403,6.09797696209248e-12,TRUE
"ACTA2","D2_late_increasing","clean_D2",1,33.7864165594119,5,2.6258425973591e-06,1.79499537581676,5.31874993689043e-06,TRUE
"CKAP4","D2_late_increasing","clean_D2",1,80.0244590410039,5,7.7715611723761e-16,1.0641495172921,3.2049918274879e-15,TRUE
"SULF1","D2_late_increasing","clean_D2",1,124.932800115013,5,0,1.98146042320325,0,TRUE
"ZNF469","D2_late_increasing","clean_D2",1,35.0660943934199,5,1.45963566899887e-06,4.5799559798822,3.05250380271366e-06,TRUE
"P3H1","D2_late_increasing","clean_D2",1,34.828604610866,5,1.6279211063619e-06,1.20024312845207,3.39068012254367e-06,TRUE
"MIR4435-2HG","D2_late_increasing","clean_D2",1,60.8055402112659,5,8.28370705363568e-12,4.96213353549762,2.63595739885753e-11,TRUE
"FAP","D2_late_increasing","clean_D2",1,51.5786910913885,5,6.58204268866314e-10,4.84978176505953,1.83904769973217e-09,TRUE
"TSHZ2","D2_late_increasing","clean_D2",1,149.033183535437,5,0,2.33818140575725,0,TRUE
"COL11A1","D2_late_increasing","clean_D2",1,63.445418896732,5,2.35389485681026e-12,1.26950422817282,7.75356420885423e-12,TRUE
"VKORC1","D2_late_increasing","clean_D2",1,155.685204909169,5,0,1.26814882107695,0,TRUE
"SMOC2","D2_late_increasing","clean_D2",1,40.0123727354403,5,1.48481304029779e-07,3.37383706296401,3.45562583419193e-07,TRUE
"CHPF","D2_late_increasing","clean_D2",1,38.3814014655691,5,3.16277773415585e-07,0.996945431928246,6.99747605990276e-07,TRUE
"NBL1","D2_late_increasing","clean_D2",1,61.0431912000686,5,7.39741601307742e-12,1.48446357943778,2.3685515246841e-11,TRUE
"COL12A1","D2_late_increasing","clean_D2",1,156.98755047498,5,0,2.42975708874849,0,TRUE
"FKBP10","D2_late_increasing","clean_D2",1,68.7821904945085,5,1.83630888273001e-13,1.35369475969141,6.59663574249003e-13,TRUE
"SULF2","D2_late_increasing","clean_D2",1,71.5414706170195,5,4.89608353859694e-14,0.843072218031598,1.80280790296194e-13,TRUE
"COL16A1","D2_late_increasing","clean_D2",1,122.294344467227,5,0,1.21845918045184,0,TRUE
"MMP2","D2_late_increasing","clean_D2",1,92.8525031906847,5,0,1.35354963717132,0,TRUE
"SERF2","D2_late_increasing","clean_D2",1,546.095793596207,5,0,0.792455817154002,0,TRUE
"MXRA5","D2_late_increasing","clean_D2",1,59.9788226418495,5,1.22776233624222e-11,1.61799323595304,3.88289254191942e-11,TRUE
"P4HA2","D2_late_increasing","clean_D2",1,51.2858389560692,5,7.55761453419268e-10,2.09827411897986,2.09459693138512e-09,TRUE
"NREP","D2_late_increasing","clean_D2",1,49.1063966886036,5,2.11086004231475e-09,1.54896403781919,5.60901212274874e-09,TRUE
"PYCR1","D2_late_increasing","clean_D2",1,50.2379449077837,5,1.23880405933363e-09,1.85449899634964,3.35224930491594e-09,TRUE
"EMILIN1","D2_late_increasing","clean_D2",1,93.9035933048799,5,0,1.21431964784495,0,TRUE
"MYL9","D2_late_increasing","clean_D2",1,136.8835459402,5,0,1.38935055000341,0,TRUE
"RARRES2","D2_late_increasing","clean_D2",1,243.360974345262,5,0,2.65855585472259,0,TRUE
"LINC00152","D2_late_increasing","clean_D2",1,46.6381962789383,5,6.73288358399304e-09,2.82635080314226,1.72248212781559e-08,TRUE
"P3H4","D2_late_increasing","clean_D2",1,71.8218076167941,5,4.27435864480685e-14,2.38177498976603,1.59668976912894e-13,TRUE
"PPIB","D2_late_increasing","clean_D2",1,350.430865993039,5,0,0.837434392372398,0,TRUE
"VCAN","D2_late_increasing","clean_D2",1,65.9325060979954,5,7.17870207722626e-13,1.13219093953788,2.44265407314201e-12,TRUE
"CPXM1","D2_late_increasing","clean_D2",1,43.7592339760695,5,2.59207030284259e-08,1.231601791105,6.33275943656565e-08,TRUE
"IGFBP4","D2_late_increasing","clean_D2",1,220.275880522197,5,0,2.84247321354211,0,TRUE
"ARMC9","D2_late_increasing","clean_D2",1,12.9148224074939,5,0.024190184260134,0.48530872217197,0.0307522564392085,TRUE
"SERPINF1","D2_late_increasing","clean_D2",1,233.00981291075,5,0,2.78811063354192,0,TRUE
"COPZ2","D2_late_increasing","clean_D2",1,146.339623548016,5,0,1.4774766232508,0,TRUE
"PPIC","D2_late_increasing","clean_D2",1,115.340556432475,5,0,1.24156656339283,0,TRUE
"FOXP1","D2_late_increasing","clean_D2",1,218.360479133727,5,0,1.45061200981523,0,TRUE
"OLFML2B","D2_late_increasing","clean_D2",1,21.9573103473158,5,0.00053347280941296,5.8636172118078,0.000833349191673882,TRUE
"LRRC15","D2_late_increasing","clean_D2",1,80.2731307858212,5,7.7715611723761e-16,3.02197711949814,3.2049918274879e-15,TRUE
"ASPN","D2_late_increasing","clean_D2",1,70.7270061021081,5,7.22755189030977e-14,3.17376466065224,2.65181708146241e-13,TRUE
"COL5A3","D2_late_increasing","clean_D2",1,71.6037218023375,5,4.75175454539567e-14,1.22233762267129,1.76225141593631e-13,TRUE
"SFRP4","D2_late_increasing","clean_D2",1,58.9170387748291,5,2.03436156809289e-11,3.00542224720576,6.24234159733265e-11,TRUE
"SEPT11","D2_late_increasing","clean_D2",1,130.800895641201,5,0,1.31481729996473,0,TRUE
"BASP1","D2_late_increasing","clean_D2",1,44.9951494576708,5,1.45417526908886e-08,2.28010340792639,3.63015666448092e-08,TRUE
"NNMT","D2_late_increasing","clean_D2",1,163.026112941261,5,0,2.59387782356346,0,TRUE
"MARCKS","D2_late_increasing","clean_D2",1,158.864297864493,5,0,1.83721972511296,0,TRUE
"HSPG2","D2_late_increasing","clean_D2",1,68.109092866267,5,2.53463916521923e-13,2.11758672488698,9.011079239107e-13,TRUE
"TIMP1","D2_late_increasing","clean_D2",1,391.268516808646,5,0,2.22393721138312,0,TRUE
"ARL4C","D2_late_increasing","clean_D2",1,54.2052538818552,5,1.90180871051382e-10,2.4971306063181,5.58622444598219e-10,TRUE
"AEBP1","D2_late_increasing","clean_D2",1,230.593486075009,5,0,1.80126379673635,0,TRUE
"WISP2","D2_late_increasing","clean_D2",1,153.13037108662,5,0,4.73871044521795,0,TRUE
"TAGLN","D2_late_increasing","clean_D2",1,138.990639994228,5,0,1.59522071456242,0,TRUE
"BMP1","D2_late_increasing","clean_D2",1,NA,NA,NA,1.47067195855646,NA,FALSE
"COL8A1","D2_late_increasing","clean_D2",1,NA,NA,NA,2.42934045773839,NA,FALSE
"THBS2","D2_late_increasing","clean_D2",1,86.0492705461511,5,0,3.39024955327976,0,TRUE
"FBN1","D2_late_increasing","clean_D2",1,91.9261375906353,5,0,2.3508824655665,0,TRUE
"MRC2","D2_late_increasing","clean_D2",1,190.404139607257,5,0,1.79726582108459,0,TRUE
"COL6A1","D2_late_increasing","clean_D2",1,226.071361506143,5,0,1.09521978920234,0,TRUE
"CTHRC1","D2_late_increasing","clean_D2",1,128.610749819594,5,0,1.69880912750185,0,TRUE
"PCOLCE","D2_late_increasing","clean_D2",1,291.099366678318,5,0,1.41171282401505,0,TRUE
"COL14A1","D2_late_increasing","clean_D2",1,112.193326305904,5,0,1.58048754974185,0,TRUE
"ADAMTS2","D2_late_increasing","clean_D2",1,182.109707145035,5,0,2.45154208306511,0,TRUE
"COMP","D2_late_increasing","clean_D2",1,106.586647902423,5,0,4.95492265989048,0,TRUE
"IGFBP7","D2_late_increasing","clean_D2",1,232.046631440455,5,0,4.07807630553112,0,TRUE
"COL6A3","D2_late_increasing","clean_D2",1,155.282512923419,5,0,1.54126451297427,0,TRUE
"RCN3","D2_late_increasing","clean_D2",1,157.110041479023,5,0,1.57240621822699,0,TRUE
"POSTN","D2_late_increasing","clean_D2",1,126.898250360686,5,0,3.85500202056434,0,TRUE
"ADAM12","D2_late_increasing","clean_D2",1,192.359463125642,5,0,1.38894023048318,0,TRUE
"COL6A2","D2_late_increasing","clean_D2",1,283.193230008921,5,0,1.35315229702433,0,TRUE
"MDK","D2_late_increasing","clean_D2",1,302.257910408531,5,0,1.25057212294703,0,TRUE
"CREB3L1","D2_late_increasing","clean_D2",1,93.202533302916,5,0,2.92696255840814,0,TRUE
"CERCAM","D2_late_increasing","clean_D2",1,114.646147702191,5,0,1.59683511703116,0,TRUE
"GXYLT2","D2_late_increasing","clean_D2",1,141.645387206227,5,0,4.28379046711011,0,TRUE
"SERPINH1","D2_late_increasing","clean_D2",1,223.406138956998,5,0,1.26468440665841,0,TRUE
"THY1","D2_late_increasing","clean_D2",1,251.979173510757,5,0,3.75732702660792,0,TRUE
"FN1","D2_late_increasing","clean_D2",1,140.744665821767,5,0,2.17659376304371,0,TRUE
"SFRP2","D2_late_increasing","clean_D2",1,208.518480979023,5,0,3.72978103627927,0,TRUE
"COL5A2","D2_late_increasing","clean_D2",1,172.027662042819,5,0,1.8465177920354,0,TRUE
"COL3A1","D2_late_increasing","clean_D2",1,379.005204771594,5,0,2.02584076233391,0,TRUE
"COL5A1","D2_late_increasing","clean_D2",1,231.858799002701,5,0,1.84419780207179,0,TRUE
"COL1A2","D2_late_increasing","clean_D2",1,368.228719758394,5,0,1.96129177694581,0,TRUE
"SPARC","D2_late_increasing","clean_D2",1,448.05582278944,5,0,2.23389199952089,0,TRUE
"COL1A1","D2_late_increasing","clean_D2",1,692.937017930162,5,0,3.42683932460207,0,TRUE
