"cell","sample","condition","program","closest_vertex","pseudotime_mixed","pseudotime_ecm_dominant","weight_mixed","weight_ecm_dominant"
"K183156_CELL11_N5","K183156","Keloid","ECM-producing fibroblasts","Y_1",0,0.953045070495512,0,1
"K183156_CELL43_N2","K183156","Keloid","ECM-producing fibroblasts","Y_1",0,0.909353404132354,0,1
"K183156_CELL63_N3","K183156","Keloid","ECM-producing fibroblasts","Y_56",0.975469803192669,0,1,0
"K183156_CELL134_N2","K183156","Keloid","Matrix-remodeling fibroblasts","Y_39",0.654069919242795,0.58579246046548,0.5,0.5
"K183156_CELL147_N3","K183156","Keloid","ECM-producing fibroblasts","Y_56",0.982280247799993,0,1,0
"K183156_CELL197_N3","K183156","Keloid","ECM-producing fibroblasts","Y_56",0.972693664824807,0,1,0
"K183156_CELL217_N3","K183156","Keloid","Homeostatic/regulatory fibroblasts","Y_114",0.00336166951283117,0.00301074945851801,0.5,0.5
"K183156_CELL243_N4","K183156","Keloid","ECM-producing fibroblasts","Y_56",0.987594025604469,0,1,0
"K183156_CELL256_N5","K183156","Keloid","ECM-producing fibroblasts","Y_31",0.818474537529999,0,1,0
"K183156_CELL258_N5","K183156","Keloid","Matrix-remodeling fibroblasts","Y_56",0.978920361764334,0,1,0
"K183156_CELL273_N2","K183156","Keloid","ECM-producing fibroblasts","Y_43",0,0.772216832188195,0,1
"K183156_CELL281_N1","K183156","Keloid","ECM-producing fibroblasts","Y_56",0.962164795222407,0,1,0
"K183156_CELL353_N3","K183156","Keloid","ECM-producing fibroblasts","Y_56",0.981487235421929,0,1,0
"K183156_CELL373_N3","K183156","Keloid","Matrix-remodeling fibroblasts","Y_56",0.984503409759736,0,1,0
"K183156_CELL433_N4","K183156","Keloid","ECM-producing fibroblasts","Y_56",0.999175052049788,0,1,0
"K183156_CELL466_N2","K183156","Keloid","Homeostatic/regulatory fibroblasts","Y_44",0,0.742245130853351,0,1
"K183156_CELL470_N2","K183156","Keloid","ECM-producing fibroblasts","Y_56",0.964703923548782,0,1,0
"K183156_CELL473_N1","K183156","Keloid","Matrix-remodeling fibroblasts","Y_56",0.977632713502968,0,1,0
"K183156_CELL484_N2","K183156","Keloid","ECM-producing fibroblasts","Y_40",0,0.656983851224404,0,1
"K183156_CELL499_N3","K183156","Keloid","Matrix-remodeling fibroblasts","Y_56",0.979716420649574,0,1,0
"K183156_CELL545_N2","K183156","Keloid","ECM-producing fibroblasts","Y_56",0.996582339194628,0,1,0
"K183156_CELL561_N7","K183156","Keloid","Matrix-remodeling fibroblasts","Y_56",0.989672096724183,0,1,0
"K183156_CELL638_N2","K183156","Keloid","Homeostatic/regulatory fibroblasts","Y_15",0.846698350806731,0,1,0
"K183156_CELL644_N4","K183156","Keloid","ECM-producing fibroblasts","Y_56",0.997436822180622,0,1,0
"K183156_CELL654_N3","K183156","Keloid","ECM-producing fibroblasts","Y_56",0.972521317687839,0,1,0
"K183156_CELL673_N2","K183156","Keloid","ECM-producing fibroblasts","Y_56",0.975352373051928,0,1,0
"K183156_CELL691_N4","K183156","Keloid","ECM-producing fibroblasts","Y_14",0,0.702082599890818,0,1
"K183156_CELL708_N3","K183156","Keloid","ECM-producing fibroblasts","Y_56",0.977909670780272,0,1,0
"K183156_CELL755_N3","K183156","Keloid","ECM-producing fibroblasts","Y_56",0.989840513288266,0,1,0
"K183156_CELL762_N2","K183156","Keloid","Homeostatic/regulatory fibroblasts","Y_56",0.958741712432712,0,1,0
"K183156_CELL765_N2","K183156","Keloid","ECM-producing fibroblasts","Y_1",0,0.947039327775522,0,1
"K183156_CELL793_N2","K183156","Keloid","ECM-producing fibroblasts","Y_56",0.994179811597183,0,1,0
"K183156_CELL820_N3","K183156","Keloid","Matrix-remodeling fibroblasts","Y_61",0.946352387260015,0,1,0
"K183156_CELL890_N3","K183156","Keloid","Matrix-remodeling fibroblasts","Y_11",0.928336027660757,0,1,0
"K183156_CELL928_N4","K183156","Keloid","ECM-producing fibroblasts","Y_40",0,0.657652198752659,0,1
"K183156_CELL962_N3","K183156","Keloid","Matrix-remodeling fibroblasts","Y_56",0.973649694965455,0,1,0
"K183156_CELL1019_N5","K183156","Keloid","ECM-producing fibroblasts","Y_56",0.986646153323323,0,1,0
"K183156_CELL1056_N3","K183156","Keloid","ECM-producing fibroblasts","Y_61",0.936671412479784,0,1,0
"K183156_CELL1080_N2","K183156","Keloid","Homeostatic/regulatory fibroblasts","Y_3",0.897381846676,0,1,0
"K183156_CELL1105_N3","K183156","Keloid","ECM-producing fibroblasts","Y_56",1,0,1,0
"K183156_CELL1129_N3","K183156","Keloid","Matrix-remodeling fibroblasts","Y_56",0.966948747719103,0,1,0
"K183156_CELL1265_N5","K183156","Keloid","ECM-producing fibroblasts","Y_56",0.971761732532279,0,1,0
"K183156_CELL1278_N2","K183156","Keloid","Matrix-remodeling fibroblasts","Y_56",0.969029566369885,0,1,0
"K183156_CELL1314_N3","K183156","Keloid","Matrix-remodeling fibroblasts","Y_56",0.977134316739373,0,1,0
"K183156_CELL1374_N4","K183156","Keloid","ECM-producing fibroblasts","Y_1",0,0.984294560592488,0,1
"K183156_CELL1393_N6","K183156","Keloid","ECM-producing fibroblasts","Y_56",0.993219086801411,0,1,0
"K183156_CELL1402_N2","K183156","Keloid","ECM-producing fibroblasts","Y_56",0.978036077948267,0,1,0
"K183156_CELL1420_N2","K183156","Keloid","Homeostatic/regulatory fibroblasts","Y_10",0,0.745804410047751,0,1
"K183156_CELL1441_N5","K183156","Keloid","ECM-producing fibroblasts","Y_72",0,0.715484191798789,0,1
"K183156_CELL1444_N2","K183156","Keloid","ECM-producing fibroblasts","Y_59",0.687877340793281,0.61607077180409,0.5,0.5
"K183156_CELL1454_N2","K183156","Keloid","Homeostatic/regulatory fibroblasts","Y_114",0.0175616552633061,0.0157284182376836,0.5,0.5
"K183156_CELL1489_N5","K183156","Keloid","ECM-producing fibroblasts","Y_66",0.524774774913588,0.469994258324448,0.5,0.5
"K183156_CELL1614_N2","K183156","Keloid","Matrix-remodeling fibroblasts","Y_56",0.975044312798512,0,1,0
"K183156_CELL1662_N2","K183156","Keloid","ECM-producing fibroblasts","Y_56",0.97702143475219,0,1,0
"K183156_CELL1675_N4","K183156","Keloid","ECM-producing fibroblasts","Y_56",0.992098096363759,0,1,0
"K183156_CELL1694_N3","K183156","Keloid","Homeostatic/regulatory fibroblasts","Y_1",0,0.893208191832534,0,1
"K183156_CELL1727_N2","K183156","Keloid","Matrix-remodeling fibroblasts","Y_56",0.987917965279651,0,1,0
"K183156_CELL1729_N3","K183156","Keloid","ECM-producing fibroblasts","Y_1",0,0.949568443252651,0,1
"K183156_CELL1811_N3","K183156","Keloid","ECM-producing fibroblasts","Y_56",0.979245786567194,0,1,0
"K183156_CELL1827_N2","K183156","Keloid","ECM-producing fibroblasts","Y_54",0.83255326823582,0,1,0
"K183156_CELL1828_N6","K183156","Keloid","ECM-producing fibroblasts","Y_56",0.974981154143434,0,1,0
"K183156_CELL1884_N3","K183156","Keloid","ECM-producing fibroblasts","Y_56",0.975421749799748,0,1,0
"K183156_CELL1943_N4","K183156","Keloid","ECM-producing fibroblasts","Y_56",0.994342635901111,0,1,0
"K183156_CELL1957_N2","K183156","Keloid","Matrix-remodeling fibroblasts","Y_56",0.981325073906202,0,1,0
"K183156_CELL1963_N3","K183156","Keloid","ECM-producing fibroblasts","Y_1",0,0.950376373903432,0,1
"K183156_CELL1973_N3","K183156","Keloid","Homeostatic/regulatory fibroblasts","Y_39",0.658802634636022,0.590031134211692,0.5,0.5
"K183156_CELL1979_N4","K183156","Keloid","Matrix-remodeling fibroblasts","Y_56",0.972008158097617,0,1,0
"K183156_CELL2019_N4","K183156","Keloid","ECM-producing fibroblasts","Y_56",0.983366231565906,0,1,0
"K183156_CELL2048_N3","K183156","Keloid","ECM-producing fibroblasts","Y_56",0.987535515310906,0,1,0
"K183156_CELL2078_N2","K183156","Keloid","ECM-producing fibroblasts","Y_68",0.957156185247099,0,1,0
"K183156_CELL2081_N2","K183156","Keloid","ECM-producing fibroblasts","Y_1",0,0.968365429444291,0,1
"K183156_CELL2091_N3","K183156","Keloid","ECM-producing fibroblasts","Y_8",0.875577266405598,0,1,0
"K183156_CELL2113_N3","K183156","Keloid","Matrix-remodeling fibroblasts","Y_56",0.985078191624507,0,1,0
"K183156_CELL2138_N3","K183156","Keloid","ECM-producing fibroblasts","Y_22",0.783176826567378,0,1,0
"K183156_CELL2159_N5","K183156","Keloid","ECM-producing fibroblasts","Y_56",0.982427152380077,0,1,0
"K183156_CELL2178_N3","K183156","Keloid","Matrix-remodeling fibroblasts","Y_56",0.977225119367852,0,1,0
"K183156_CELL2231_N4","K183156","Keloid","Homeostatic/regulatory fibroblasts","Y_61",0.941033959632922,0,1,0
"K183156_CELL2242_N2","K183156","Keloid","ECM-producing fibroblasts","Y_56",0.990090644798929,0,1,0
"K183156_CELL2337_N3","K183156","Keloid","ECM-producing fibroblasts","Y_5",0.884465950994552,0,1,0
"K183156_CELL2359_N3","K183156","Keloid","ECM-producing fibroblasts","Y_56",0.963628631394249,0,1,0
"K183156_CELL2371_N2","K183156","Keloid","ECM-producing fibroblasts","Y_56",0.9797102914101,0,1,0
"K183156_CELL2428_N2","K183156","Keloid","Matrix-remodeling fibroblasts","Y_56",0.980194840856733,0,1,0
"K183156_CELL2433_N2","K183156","Keloid","Matrix-remodeling fibroblasts","Y_56",0.964614628125344,0,1,0
"K183156_CELL2447_N3","K183156","Keloid","ECM-producing fibroblasts","Y_1",0,0.987492456239023,0,1
"K183156_CELL2454_N4","K183156","Keloid","Matrix-remodeling fibroblasts","Y_59",0.673220652995203,0.602944075475584,0.5,0.5
"K183156_CELL2473_N2","K183156","Keloid","ECM-producing fibroblasts","Y_1",0,0.957076184529864,0,1
"K183156_CELL2499_N3","K183156","Keloid","ECM-producing fibroblasts","Y_56",0.970117303530409,0,1,0
"K183156_CELL2529_N3","K183156","Keloid","ECM-producing fibroblasts","Y_56",0.966720562472128,0,1,0
"K183156_CELL2551_N2","K183156","Keloid","Homeostatic/regulatory fibroblasts","Y_114",0.0199793626302696,0.017893744459716,0.5,0.5
"K183156_CELL2555_N3","K183156","Keloid","ECM-producing fibroblasts","Y_56",0.97666371033485,0,1,0
"K183156_CELL2620_N2","K183156","Keloid","ECM-producing fibroblasts","Y_56",0.973848147615246,0,1,0
"K183156_CELL2649_N3","K183156","Keloid","ECM-producing fibroblasts","Y_56",0.981830686509041,0,1,0
"K183156_CELL2658_N3","K183156","Keloid","ECM-producing fibroblasts","Y_56",0.983899985287069,0,1,0
"K183156_CELL2748_N3","K183156","Keloid","ECM-producing fibroblasts","Y_56",0.983524886395926,0,1,0
"K183156_CELL2769_N3","K183156","Keloid","ECM-producing fibroblasts","Y_1",0,0.88703660409109,0,1
"K183156_CELL2775_N2","K183156","Keloid","Matrix-remodeling fibroblasts","Y_73",0.632730532378342,0.566680662829802,0.5,0.5
"K183156_CELL2778_N4","K183156","Keloid","Matrix-remodeling fibroblasts","Y_56",0.968340008913728,0,1,0
"K183156_CELL2827_N2","K183156","Keloid","ECM-producing fibroblasts","Y_56",0.973830076807307,0,1,0
"K183156_CELL2846_N2","K183156","Keloid","ECM-producing fibroblasts","Y_85",0.559438340246392,0.501039341774114,0.5,0.5
"K183156_CELL2938_N4","K183156","Keloid","ECM-producing fibroblasts","Y_51",0.502793325201725,0.450307421898432,0.5,0.5
"K183156_CELL2945_N4","K183156","Keloid","Matrix-remodeling fibroblasts","Y_56",0.988958554689302,0,1,0
"K183156_CELL2946_N3","K183156","Keloid","ECM-producing fibroblasts","Y_1",0,0.972251509337934,0,1
"K183156_CELL2958_N2","K183156","Keloid","Matrix-remodeling fibroblasts","Y_71",0.577934835763257,0.51760501357776,0.5,0.5
"K183156_CELL2981_N2","K183156","Keloid","ECM-producing fibroblasts","Y_37",0.865361838199803,0,1,0
"K183156_CELL2982_N2","K183156","Keloid","Matrix-remodeling fibroblasts","Y_41",0.906372280093726,0,1,0
"K183156_CELL3016_N5","K183156","Keloid","ECM-producing fibroblasts","Y_56",0.965393248355113,0,1,0
"K183156_CELL3046_N3","K183156","Keloid","ECM-producing fibroblasts","Y_41",0.906311024601615,0,1,0
"K183156_CELL3060_N2","K183156","Keloid","Matrix-remodeling fibroblasts","Y_56",0.970020409559903,0,1,0
"K183156_CELL3087_N5","K183156","Keloid","ECM-producing fibroblasts","Y_56",0.968888396229596,0,1,0
"K183156_CELL3120_N2","K183156","Keloid","Matrix-remodeling fibroblasts","Y_61",0.949352949093551,0,1,0
"K183156_CELL3150_N3","K183156","Keloid","Matrix-remodeling fibroblasts","Y_56",0.977915423981862,0,1,0
"K183156_CELL3175_N3","K183156","Keloid","Matrix-remodeling fibroblasts","Y_56",0.963443679687439,0,1,0
"K183156_CELL3188_N3","K183156","Keloid","Matrix-remodeling fibroblasts","Y_56",0.97470870811886,0,1,0
"K183156_CELL3213_N3","K183156","Keloid","Homeostatic/regulatory fibroblasts","Y_44",0,0.733362066185984,0,1
"K183156_CELL3229_N6","K183156","Keloid","ECM-producing fibroblasts","Y_48",0,0.630477876120617,0,1
"K183156_CELL3282_N3","K183156","Keloid","Homeostatic/regulatory fibroblasts","Y_14",0,0.695439231396826,0,1
"K183156_CELL3331_N2","K183156","Keloid","ECM-producing fibroblasts","Y_2",0,0.682152855741709,0,1
"K183156_CELL3334_N3","K183156","Keloid","ECM-producing fibroblasts","Y_1",0,0.926869806363593,0,1
"K183156_CELL3366_N2","K183156","Keloid","Homeostatic/regulatory fibroblasts","Y_105",0.213783272771364,0.19146673112269,0.5,0.5
"K183156_CELL3417_N2","K183156","Keloid","ECM-producing fibroblasts","Y_1",0,0.926531577392794,0,1
"K183156_CELL3422_N3","K183156","Keloid","Matrix-remodeling fibroblasts","Y_25",0.852371128407446,0,1,0
"K183156_CELL3434_N3","K183156","Keloid","ECM-producing fibroblasts","Y_56",0.993952626992059,0,1,0
"K183156_CELL3519_N5","K183156","Keloid","Homeostatic/regulatory fibroblasts","Y_10",0,0.740158478378273,0,1
"K183156_CELL3538_N3","K183156","Keloid","Homeostatic/regulatory fibroblasts","Y_5",0.884265263530234,0,1,0
"K183156_CELL3547_N3","K183156","Keloid","Homeostatic/regulatory fibroblasts","Y_56",0.972094651190213,0,1,0
"K183156_CELL3560_N3","K183156","Keloid","ECM-producing fibroblasts","Y_56",0.986899084457711,0,1,0
"K183156_CELL3568_N2","K183156","Keloid","Homeostatic/regulatory fibroblasts","Y_1",0,0.922472570095214,0,1
"K183156_CELL3584_N2","K183156","Keloid","Matrix-remodeling fibroblasts","Y_56",0.98131949829219,0,1,0
"K183156_CELL3589_N9","K183156","Keloid","ECM-producing fibroblasts","Y_56",0.965638036053468,0,1,0
"K183156_CELL3599_N2","K183156","Keloid","ECM-producing fibroblasts","Y_56",0.968405916838874,0,1,0
"K183156_CELL3618_N2","K183156","Keloid","ECM-producing fibroblasts","Y_1",0,0.907427222665464,0,1
"K183156_CELL3629_N3","K183156","Keloid","Matrix-remodeling fibroblasts","Y_11",0.93510942381394,0,1,0
"K183156_CELL3682_N6","K183156","Keloid","ECM-producing fibroblasts","Y_56",0.978172216071005,0,1,0
"K183156_CELL3787_N2","K183156","Keloid","ECM-producing fibroblasts","Y_1",0,0.95031377463976,0,1
"K183156_CELL3796_N4","K183156","Keloid","Homeostatic/regulatory fibroblasts","Y_56",0.959931606481616,0,1,0
"K183156_CELL3811_N2","K183156","Keloid","Matrix-remodeling fibroblasts","Y_56",0.963322008394013,0,1,0
"K183156_CELL3836_N2","K183156","Keloid","Matrix-remodeling fibroblasts","Y_56",0.988525105441302,0,1,0
"K183156_CELL3983_N2","K183156","Keloid","ECM-producing fibroblasts","Y_1",0,0.939757766743418,0,1
"K183156_CELL4036_N2","K183156","Keloid","ECM-producing fibroblasts","Y_8",0.873344032940798,0,1,0
"K183156_CELL4044_N2","K183156","Keloid","Matrix-remodeling fibroblasts","Y_56",0.976766808739145,0,1,0
"K183156_CELL4087_N4","K183156","Keloid","ECM-producing fibroblasts","Y_56",0.991045351789322,0,1,0
"K183156_CELL4095_N2","K183156","Keloid","Homeostatic/regulatory fibroblasts","Y_65",0,0.772827893974928,0,1
"K183156_CELL4111_N2","K183156","Keloid","Matrix-remodeling fibroblasts","Y_74",0.510193440405529,0.456935049259713,0.5,0.5
"K183156_CELL4181_N4","K183156","Keloid","ECM-producing fibroblasts","Y_56",0.970549673316839,0,1,0
"K183156_CELL4245_N2","K183156","Keloid","ECM-producing fibroblasts","Y_56",0.97170038345879,0,1,0
"K183156_CELL4250_N2","K183156","Keloid","ECM-producing fibroblasts","Y_1",0,0.968351797142179,0,1
"K183156_CELL4256_N3","K183156","Keloid","Matrix-remodeling fibroblasts","Y_21",0.576847723379371,0.516631383359608,0.5,0.5
"K183156_CELL4302_N4","K183156","Keloid","ECM-producing fibroblasts","Y_1",0,0.929710214551979,0,1
"K183156_CELL4321_N3","K183156","Keloid","Matrix-remodeling fibroblasts","Y_56",0.968668720918261,0,1,0
"K183156_CELL4352_N2","K183156","Keloid","Matrix-remodeling fibroblasts","Y_56",0.968833978042077,0,1,0
"K183156_CELL4353_N3","K183156","Keloid","Matrix-remodeling fibroblasts","Y_56",0.983469018423046,0,1,0
"K183156_CELL4414_N2","K183156","Keloid","Homeostatic/regulatory fibroblasts","Y_94",0.328586103167085,0.294285452038285,0.5,0.5
"K183156_CELL4417_N4","K183156","Keloid","Matrix-remodeling fibroblasts","Y_53",0.624631009260955,0.559426637784552,0.5,0.5
"K183156_CELL4525_N2","K183156","Keloid","ECM-producing fibroblasts","Y_29",0.92613828104531,0,1,0
"K183156_CELL4527_N2","K183156","Keloid","Matrix-remodeling fibroblasts","Y_56",0.978862594089808,0,1,0
"K183156_CELL4530_N2","K183156","Keloid","ECM-producing fibroblasts","Y_1",0,0.913316078515506,0,1
"K183156_CELL4548_N2","K183156","Keloid","ECM-producing fibroblasts","Y_56",0.975312191384518,0,1,0
"K183156_CELL4592_N3","K183156","Keloid","ECM-producing fibroblasts","Y_1",0,0.965685477103873,0,1
"K183156_CELL4602_N2","K183156","Keloid","ECM-producing fibroblasts","Y_56",0.966518445203753,0,1,0
"K183156_CELL4661_N3","K183156","Keloid","ECM-producing fibroblasts","Y_56",0.969948778850996,0,1,0
"K183156_CELL4664_N3","K183156","Keloid","Matrix-remodeling fibroblasts","Y_56",0.97202986051071,0,1,0
"K183156_CELL4670_N2","K183156","Keloid","Matrix-remodeling fibroblasts","Y_56",0.966317424247292,0,1,0
"K183156_CELL4716_N2","K183156","Keloid","ECM-producing fibroblasts","Y_28",0.795919009930685,0,1,0
"K183156_CELL4735_N2","K183156","Keloid","Homeostatic/regulatory fibroblasts","Y_56",0.978217628339914,0,1,0
"K183156_CELL4737_N2","K183156","Keloid","ECM-producing fibroblasts","Y_26",0,0.657774882631973,0,1
"K183156_CELL4769_N2","K183156","Keloid","ECM-producing fibroblasts","Y_72",0,0.693410540625829,0,1
"K183156_CELL4774_N4","K183156","Keloid","ECM-producing fibroblasts","Y_33",0.3996699025033,0.357948911383124,0.5,0.5
"K183156_CELL4785_N3","K183156","Keloid","ECM-producing fibroblasts","Y_56",0.975979458319553,0,1,0
"K183156_CELL4832_N2","K183156","Keloid","Matrix-remodeling fibroblasts","Y_8",0.880487975485413,0,1,0
"K183156_CELL4864_N4","K183156","Keloid","ECM-producing fibroblasts","Y_56",0.984943108017568,0,1,0
"K183156_CELL4890_N2","K183156","Keloid","Homeostatic/regulatory fibroblasts","Y_114",0.0189931389244448,0.0170104712893594,0.5,0.5
"K183156_CELL4903_N1","K183156","Keloid","ECM-producing fibroblasts","Y_56",0.967975734805506,0,1,0
"K183156_CELL4906_N2","K183156","Keloid","ECM-producing fibroblasts","Y_40",0,0.646058843414467,0,1
"K183156_CELL4926_N5","K183156","Keloid","ECM-producing fibroblasts","Y_47",0,0.663938481705251,0,1
"K183156_CELL4970_N3","K183156","Keloid","ECM-producing fibroblasts","Y_56",0.993752745290784,0,1,0
"K183156_CELL5033_N2","K183156","Keloid","Homeostatic/regulatory fibroblasts","Y_68",0.959306821601749,0,1,0
"K183156_CELL5062_N2","K183156","Keloid","ECM-producing fibroblasts","Y_56",0.977577999954954,0,1,0
"K183156_CELL5063_N3","K183156","Keloid","Matrix-remodeling fibroblasts","Y_56",0.984430523984369,0,1,0
"K183156_CELL5156_N2","K183156","Keloid","ECM-producing fibroblasts","Y_56",0.974596219991851,0,1,0
"K183156_CELL5164_N2","K183156","Keloid","Matrix-remodeling fibroblasts","Y_27",0.6790639690774,0.608177415833188,0.5,0.5
"K183156_CELL5178_N2","K183156","Keloid","ECM-producing fibroblasts","Y_1",0,0.922999477180163,0,1
"K183156_CELL5230_N3","K183156","Keloid","ECM-producing fibroblasts","Y_43",0,0.753899580831745,0,1
"K183156_CELL5234_N3","K183156","Keloid","Homeostatic/regulatory fibroblasts","Y_54",0.834424243840465,0,1,0
"K183156_CELL5237_N4","K183156","Keloid","ECM-producing fibroblasts","Y_56",0.974851601741774,0,1,0
"K183156_CELL5261_N4","K183156","Keloid","ECM-producing fibroblasts","Y_56",0.966617837230984,0,1,0
"K183156_CELL5282_N4","K183156","Keloid","ECM-producing fibroblasts","Y_56",0.979416956570438,0,1,0
"K183156_CELL5296_N5","K183156","Keloid","ECM-producing fibroblasts","Y_56",0.984655018053609,0,1,0
"K183156_CELL5331_N2","K183156","Keloid","ECM-producing fibroblasts","Y_56",0.959592237547457,0,1,0
"K183156_CELL5391_N3","K183156","Keloid","ECM-producing fibroblasts","Y_56",0.987890123779805,0,1,0
"K183156_CELL5395_N2","K183156","Keloid","Homeostatic/regulatory fibroblasts","Y_114",0.0190031500058451,0.017019437327749,0.5,0.5
"K183156_CELL5401_N4","K183156","Keloid","ECM-producing fibroblasts","Y_74",0.528529492960861,0.473357026521788,0.5,0.5
"K183156_CELL5416_N2","K183156","Keloid","Matrix-remodeling fibroblasts","Y_56",0.989419428900186,0,1,0
"K183156_CELL5429_N3","K183156","Keloid","ECM-producing fibroblasts","Y_50",0,0.796810606572493,0,1
"K183156_CELL5448_N5","K183156","Keloid","Matrix-remodeling fibroblasts","Y_56",0.993225914925148,0,1,0
"K183156_CELL5527_N1","K183156","Keloid","ECM-producing fibroblasts","Y_66",0.524568785628048,0.469809771976955,0.5,0.5
"K183156_CELL5538_N3","K183156","Keloid","ECM-producing fibroblasts","Y_56",0.967446016187881,0,1,0
"K183156_CELL5560_N2","K183156","Keloid","Matrix-remodeling fibroblasts","Y_56",0.974711072175862,0,1,0
"K183156_CELL5595_N2","K183156","Keloid","Matrix-remodeling fibroblasts","Y_56",0.976046864495817,0,1,0
"K183156_CELL5657_N3","K183156","Keloid","Matrix-remodeling fibroblasts","Y_56",0.973336491658121,0,1,0
"K183156_CELL5696_N2","K183156","Keloid","ECM-producing fibroblasts","Y_47",0,0.660956697706647,0,1
"K183156_CELL5725_N2","K183156","Keloid","ECM-producing fibroblasts","Y_56",0.972251985939137,0,1,0
"K183156_CELL5765_N2","K183156","Keloid","ECM-producing fibroblasts","Y_56",0.967376489737172,0,1,0
"K183156_CELL5796_N2","K183156","Keloid","ECM-producing fibroblasts","Y_56",0.963872048029,0,1,0
"K183156_CELL5802_N2","K183156","Keloid","ECM-producing fibroblasts","Y_56",0.970550944843324,0,1,0
"K183156_CELL5859_N3","K183156","Keloid","Homeostatic/regulatory fibroblasts","Y_56",0.972061272006861,0,1,0
"K183156_CELL5863_N2","K183156","Keloid","ECM-producing fibroblasts","Y_1",0,0.941343324334448,0,1
"K183156_CELL5864_N4","K183156","Keloid","Matrix-remodeling fibroblasts","Y_29",0.917967358755602,0,1,0
"K183156_CELL5889_N3","K183156","Keloid","ECM-producing fibroblasts","Y_56",0.965712529015064,0,1,0
"K183156_CELL5901_N2","K183156","Keloid","Matrix-remodeling fibroblasts","Y_8",0.875279106508476,0,1,0
"K183156_CELL5919_N2","K183156","Keloid","Homeostatic/regulatory fibroblasts","Y_56",0.975058381975633,0,1,0
"K183156_CELL5921_N3","K183156","Keloid","Matrix-remodeling fibroblasts","Y_54",0.829715213071574,0,1,0
"K183156_CELL5930_N3","K183156","Keloid","Homeostatic/regulatory fibroblasts","Y_1",0,0.9618367026044,0,1
"K183156_CELL6004_N1","K183156","Keloid","ECM-producing fibroblasts","Y_23",0.77310756098581,0,1,0
"K183156_CELL6040_N2","K183156","Keloid","Matrix-remodeling fibroblasts","Y_56",0.964233055607149,0,1,0
"K183156_CELL6049_N2","K183156","Keloid","ECM-producing fibroblasts","Y_26",0,0.672358671649543,0,1
"K183156_CELL6069_N4","K183156","Keloid","ECM-producing fibroblasts","Y_56",0.993185524645265,0,1,0
"K183156_CELL6103_N3","K183156","Keloid","ECM-producing fibroblasts","Y_67",0.37697009126213,0.337618702199278,0.5,0.5
"K183156_CELL6123_N3","K183156","Keloid","Homeostatic/regulatory fibroblasts","Y_114",0.0245616022402681,0.0219976503826346,0.5,0.5
"K183156_CELL6165_N3","K183156","Keloid","Homeostatic/regulatory fibroblasts","Y_114",0.0158097300474499,0.0141593740842145,0.5,0.5
"K183156_CELL6200_N3","K183156","Keloid","Matrix-remodeling fibroblasts","Y_56",0.977777253933264,0,1,0
"K183156_CELL6202_N6","K183156","Keloid","Matrix-remodeling fibroblasts","Y_56",0.981425068622766,0,1,0
"K183156_CELL6203_N4","K183156","Keloid","Homeostatic/regulatory fibroblasts","Y_8",0.87963230855649,0,1,0
"K183156_CELL6238_N2","K183156","Keloid","Matrix-remodeling fibroblasts","Y_120",0.408576150362361,0.365925448284431,0.5,0.5
"K183156_CELL6255_N3","K183156","Keloid","Matrix-remodeling fibroblasts","Y_56",0.984116279788115,0,1,0
"K183156_CELL6300_N4","K183156","Keloid","ECM-producing fibroblasts","Y_11",0.92632677439846,0,1,0
"K183156_CELL6303_N2","K183156","Keloid","Homeostatic/regulatory fibroblasts","Y_114",0.0209507853251789,0.0187637616763184,0.5,0.5
"K183156_CELL6336_N2","K183156","Keloid","ECM-producing fibroblasts","Y_3",0.904909012078467,0,1,0
"K183156_CELL6421_N1","K183156","Keloid","ECM-producing fibroblasts","Y_56",0.981305969828586,0,1,0
"K183156_CELL6484_N5","K183156","Keloid","ECM-producing fibroblasts","Y_56",0.968754681242743,0,1,0
"K183156_CELL6512_N3","K183156","Keloid","ECM-producing fibroblasts","Y_1",0,0.938521963385338,0,1
"K183156_CELL6587_N3","K183156","Keloid","ECM-producing fibroblasts","Y_1",0,0.94663252953465,0,1
"K183156_CELL6598_N2","K183156","Keloid","Homeostatic/regulatory fibroblasts","Y_40",0,0.648308529898589,0,1
"K183156_CELL6632_N3","K183156","Keloid","ECM-producing fibroblasts","Y_56",0.979262924614595,0,1,0
"K183156_CELL6661_N3","K183156","Keloid","ECM-producing fibroblasts","Y_41",0.912462507369639,0,1,0
"K183156_CELL6708_N2","K183156","Keloid","Homeostatic/regulatory fibroblasts","Y_91",0.317085379034626,0.283985272671395,0.5,0.5
"K183156_CELL6743_N3","K183156","Keloid","Homeostatic/regulatory fibroblasts","Y_100",0.319479376077456,0.286129363657402,0.5,0.5
"K183156_CELL6793_N2","K183156","Keloid","ECM-producing fibroblasts","Y_1",0,0.938884583461344,0,1
"K183156_CELL6846_N3","K183156","Keloid","Matrix-remodeling fibroblasts","Y_56",0.976237276731361,0,1,0
"K183156_CELL6847_N2","K183156","Keloid","ECM-producing fibroblasts","Y_56",0.979518392089991,0,1,0
"K183156_CELL6863_N2","K183156","Keloid","ECM-producing fibroblasts","Y_56",0.970121500205291,0,1,0
"K183156_CELL6864_N2","K183156","Keloid","ECM-producing fibroblasts","Y_1",0,0.963089282487631,0,1
"K183156_CELL6877_N2","K183156","Keloid","Homeostatic/regulatory fibroblasts","Y_39",0.652273804274534,0.584183839467048,0.5,0.5
"K183156_CELL6880_N3","K183156","Keloid","ECM-producing fibroblasts","Y_56",0.986546090790048,0,1,0
"K183156_CELL6895_N3","K183156","Keloid","ECM-producing fibroblasts","Y_56",0.97800051687922,0,1,0
"K183156_CELL6901_N2","K183156","Keloid","ECM-producing fibroblasts","Y_56",0.998848954373614,0,1,0
"K183156_CELL6934_N3","K183156","Keloid","ECM-producing fibroblasts","Y_69",0,0.856020848678883,0,1
"K183156_CELL6963_N2","K183156","Keloid","Matrix-remodeling fibroblasts","Y_56",0.980240880121842,0,1,0
"K183156_CELL7069_N2","K183156","Keloid","Homeostatic/regulatory fibroblasts","Y_56",0.9698526406356,0,1,0
"K183156_CELL7158_N2","K183156","Keloid","ECM-producing fibroblasts","Y_56",0.961984696035186,0,1,0
"K183156_CELL7161_N2","K183156","Keloid","Matrix-remodeling fibroblasts","Y_8",0.876101969091507,0,1,0
"K183156_CELL7162_N1","K183156","Keloid","Matrix-remodeling fibroblasts","Y_75",0.474392066990673,0.424870931947895,0.5,0.5
"K183156_CELL7191_N2","K183156","Keloid","Matrix-remodeling fibroblasts","Y_56",0.970797197807125,0,1,0
"K183156_CELL7217_N4","K183156","Keloid","ECM-producing fibroblasts","Y_56",0.971865127738133,0,1,0
"K183156_CELL7304_N2","K183156","Keloid","Matrix-remodeling fibroblasts","Y_56",0.96919139264899,0,1,0
"K183156_CELL7334_N1","K183156","Keloid","ECM-producing fibroblasts","Y_76",0.601984906015187,0.539144530092379,0.5,0.5
"K183156_CELL7359_N4","K183156","Keloid","Matrix-remodeling fibroblasts","Y_39",0.671082039312726,0.601028708732387,0.5,0.5
"K183156_CELL7363_N2","K183156","Keloid","Homeostatic/regulatory fibroblasts","Y_77",0.415444767299758,0.372077059751919,0.5,0.5
"K183156_CELL7392_N2","K183156","Keloid","Homeostatic/regulatory fibroblasts","Y_56",0.965765844029871,0,1,0
"K183156_CELL7395_N4","K183156","Keloid","ECM-producing fibroblasts","Y_56",0.967725774351446,0,1,0
"K183156_CELL7397_N3","K183156","Keloid","Matrix-remodeling fibroblasts","Y_56",0.98624803473865,0,1,0
"K183156_CELL7420_N2","K183156","Keloid","Homeostatic/regulatory fibroblasts","Y_10",0,0.746101812205005,0,1
"K183156_CELL7439_N2","K183156","Keloid","Matrix-remodeling fibroblasts","Y_56",0.97342452014133,0,1,0
"K183156_CELL7455_N5","K183156","Keloid","Matrix-remodeling fibroblasts","Y_5",0.887157881513504,0,1,0
"K183156_CELL7463_N3","K183156","Keloid","ECM-producing fibroblasts","Y_28",0.797456888760069,0,1,0
"K183156_CELL7468_N3","K183156","Keloid","Homeostatic/regulatory fibroblasts","Y_41",0.904854740102303,0,1,0
"K183156_CELL7483_N2","K183156","Keloid","ECM-producing fibroblasts","Y_56",0.97961962908563,0,1,0
"K183156_CELL7486_N2","K183156","Keloid","Matrix-remodeling fibroblasts","Y_37",0.870537618285017,0,1,0
"K183156_CELL7503_N3","K183156","Keloid","Homeostatic/regulatory fibroblasts","Y_1",0,0.925242990658039,0,1
"K183156_CELL7515_N2","K183156","Keloid","ECM-producing fibroblasts","Y_56",0.974362058790427,0,1,0
"K183156_CELL7536_N2","K183156","Keloid","ECM-producing fibroblasts","Y_56",0.978091213313033,0,1,0
"K183156_CELL7554_N2","K183156","Keloid","ECM-producing fibroblasts","Y_1",0,0.905820046997649,0,1
"K183156_CELL7586_N3","K183156","Keloid","Matrix-remodeling fibroblasts","Y_5",0.894817787594611,0,1,0
"K183156_CELL7640_N2","K183156","Keloid","ECM-producing fibroblasts","Y_56",0.96613405957024,0,1,0
"K183156_CELL7666_N2","K183156","Keloid","ECM-producing fibroblasts","Y_10",0,0.754636486636662,0,1
"K183156_CELL7691_N4","K183156","Keloid","Homeostatic/regulatory fibroblasts","Y_71",0.562136441805256,0.503455792224217,0.5,0.5
"K183156_CELL7755_N2","K183156","Keloid","Matrix-remodeling fibroblasts","Y_56",0.976806496538106,0,1,0
"K183156_CELL7814_N3","K183156","Keloid","ECM-producing fibroblasts","Y_56",0.990312838468837,0,1,0
"K183156_CELL7819_N2","K183156","Keloid","ECM-producing fibroblasts","Y_10",0,0.764895410863901,0,1
"K183156_CELL7822_N2","K183156","Keloid","Matrix-remodeling fibroblasts","Y_33",0.412582423129677,0.369513511750763,0.5,0.5
"K183156_CELL7832_N1","K183156","Keloid","Matrix-remodeling fibroblasts","Y_56",0.98193931916597,0,1,0
"K183156_CELL7842_N2","K183156","Keloid","Matrix-remodeling fibroblasts","Y_56",0.966725944757069,0,1,0
"K183156_CELL7844_N3","K183156","Keloid","Homeostatic/regulatory fibroblasts","Y_76",0.618471335118459,0.553909963549211,0.5,0.5
"K183156_CELL7856_N2","K183156","Keloid","ECM-producing fibroblasts","Y_56",0.983142117443359,0,1,0
"K183156_CELL7863_N2","K183156","Keloid","ECM-producing fibroblasts","Y_56",0.970241922205096,0,1,0
"K183156_CELL7890_N3","K183156","Keloid","Matrix-remodeling fibroblasts","Y_56",0.999462007002473,0,1,0
"K183156_CELL7899_N3","K183156","Keloid","ECM-producing fibroblasts","Y_1",0,0.96467391466191,0,1
"K183156_CELL7912_N2","K183156","Keloid","ECM-producing fibroblasts","Y_1",0,0.891685955141474,0,1
"K183156_CELL7923_N4","K183156","Keloid","Homeostatic/regulatory fibroblasts","Y_33",0.402335511294262,0.360336260940652,0.5,0.5
"K183156_CELL7942_N2","K183156","Keloid","ECM-producing fibroblasts","Y_56",0.995879909403883,0,1,0
"K183156_CELL8057_N3","K183156","Keloid","Matrix-remodeling fibroblasts","Y_61",0.952803150484186,0,1,0
"K183156_CELL8067_N2","K183156","Keloid","Matrix-remodeling fibroblasts","Y_56",0.98682852468757,0,1,0
"K183156_CELL8069_N4","K183156","Keloid","ECM-producing fibroblasts","Y_56",0.972255971969247,0,1,0
"K183156_CELL8077_N1","K183156","Keloid","Homeostatic/regulatory fibroblasts","Y_39",0.659564378460213,0.590713360646342,0.5,0.5
"K183156_CELL8086_N3","K183156","Keloid","ECM-producing fibroblasts","Y_1",0,0.963817570182915,0,1
"K183156_CELL8087_N1","K183156","Keloid","Matrix-remodeling fibroblasts","Y_56",0.973016384477862,0,1,0
"K183156_CELL8097_N2","K183156","Keloid","ECM-producing fibroblasts","Y_1",0,0.944437356389271,0,1
"K183156_CELL8111_N5","K183156","Keloid","Matrix-remodeling fibroblasts","Y_56",0.974776958832031,0,1,0
"K183156_CELL8140_N3","K183156","Keloid","Homeostatic/regulatory fibroblasts","Y_1",0,0.89771109291457,0,1
"K183156_CELL8146_N3","K183156","Keloid","Matrix-remodeling fibroblasts","Y_53",0.640200689903676,0.573371020891056,0.5,0.5
"K183156_CELL8150_N3","K183156","Keloid","ECM-producing fibroblasts","Y_85",0.534782485406104,0.478957277690671,0.5,0.5
"K183156_CELL8275_N2","K183156","Keloid","Homeostatic/regulatory fibroblasts","Y_1",0,0.915724266150415,0,1
"K183156_CELL8347_N4","K183156","Keloid","Homeostatic/regulatory fibroblasts","Y_37",0.865587652130004,0,1,0
"K183156_CELL8382_N2","K183156","Keloid","ECM-producing fibroblasts","Y_56",0.991872086693491,0,1,0
"K183156_CELL8384_N4","K183156","Keloid","Matrix-remodeling fibroblasts","Y_56",0.981437731518895,0,1,0
"K183156_CELL8387_N3","K183156","Keloid","Homeostatic/regulatory fibroblasts","Y_3",0.900896553917143,0,1,0
"K183156_CELL8409_N4","K183156","Keloid","ECM-producing fibroblasts","Y_1",0,0.995639921747818,0,1
"K183156_CELL8433_N2","K183156","Keloid","ECM-producing fibroblasts","Y_68",0.950064898453308,0,1,0
"K183156_CELL8459_N3","K183156","Keloid","Homeostatic/regulatory fibroblasts","Y_56",0.959900831008258,0,1,0
"K183156_CELL8460_N3","K183156","Keloid","Matrix-remodeling fibroblasts","Y_56",0.975275529031948,0,1,0
"K183156_CELL8479_N4","K183156","Keloid","ECM-producing fibroblasts","Y_1",0,0.980027649454863,0,1
"K183156_CELL8485_N3","K183156","Keloid","Matrix-remodeling fibroblasts","Y_56",0.967181524039307,0,1,0
"K183156_CELL8500_N3","K183156","Keloid","ECM-producing fibroblasts","Y_56",0.973801081620695,0,1,0
"K183156_CELL8545_N2","K183156","Keloid","ECM-producing fibroblasts","Y_1",0,0.977979207489568,0,1
"K183156_CELL8569_N6","K183156","Keloid","ECM-producing fibroblasts","Y_56",0.98906431164089,0,1,0
"K183156_CELL8573_N2","K183156","Keloid","ECM-producing fibroblasts","Y_1",0,0.961303443398143,0,1
"K183156_CELL8667_N2","K183156","Keloid","ECM-producing fibroblasts","Y_4",0,0.734016825062147,0,1
"K183156_CELL8703_N2","K183156","Keloid","Homeostatic/regulatory fibroblasts","Y_33",0.413487445714153,0.370324060273085,0.5,0.5
"K183156_CELL8708_N2","K183156","Keloid","Matrix-remodeling fibroblasts","Y_29",0.92605887677264,0,1,0
"K183156_CELL8712_N2","K183156","Keloid","ECM-producing fibroblasts","Y_1",0,0.969917475216852,0,1
"K183156_CELL8714_N5","K183156","Keloid","Homeostatic/regulatory fibroblasts","Y_2",0,0.692015254676903,0,1
"K183156_CELL8726_N2","K183156","Keloid","ECM-producing fibroblasts","Y_56",0.984720641282086,0,1,0
"K183156_CELL8731_N2","K183156","Keloid","Matrix-remodeling fibroblasts","Y_56",0.959890626156711,0,1,0
"K183156_CELL8769_N3","K183156","Keloid","ECM-producing fibroblasts","Y_1",0,0.911753965771251,0,1
"K183156_CELL8823_N4","K183156","Keloid","ECM-producing fibroblasts","Y_56",0.99172378352048,0,1,0
"K183156_CELL8887_N2","K183156","Keloid","Matrix-remodeling fibroblasts","Y_56",0.973006067954103,0,1,0
"K183156_CELL8902_N2","K183156","Keloid","ECM-producing fibroblasts","Y_4",0,0.722280093984493,0,1
"K183156_CELL8924_N5","K183156","Keloid","Matrix-remodeling fibroblasts","Y_56",0.980138579264592,0,1,0
"K183156_CELL8949_N3","K183156","Keloid","Homeostatic/regulatory fibroblasts","Y_56",0.986024804245091,0,1,0
"K183156_CELL8967_N3","K183156","Keloid","Matrix-remodeling fibroblasts","Y_8",0.875938443163771,0,1,0
"K183156_CELL9021_N3","K183156","Keloid","ECM-producing fibroblasts","Y_1",0,0.958965737191756,0,1
"K183156_CELL9044_N2","K183156","Keloid","ECM-producing fibroblasts","Y_56",0.973253414077553,0,1,0
"K183156_CELL9071_N2","K183156","Keloid","Matrix-remodeling fibroblasts","Y_56",0.982089379785668,0,1,0
"K183156_CELL9073_N3","K183156","Keloid","ECM-producing fibroblasts","Y_1",0,0.96807369504583,0,1
"K183156_CELL9090_N3","K183156","Keloid","ECM-producing fibroblasts","Y_56",0.961935271178712,0,1,0
"K183156_CELL9091_N2","K183156","Keloid","ECM-producing fibroblasts","Y_45",0.7447673559733,0,1,0
"K183156_CELL9118_N2","K183156","Keloid","Matrix-remodeling fibroblasts","Y_56",0.97984561363198,0,1,0
"K183156_CELL9124_N2","K183156","Keloid","Homeostatic/regulatory fibroblasts","Y_1",0,0.971395808087335,0,1
"K183156_CELL9134_N2","K183156","Keloid","ECM-producing fibroblasts","Y_10",0,0.761955833489294,0,1
"K183156_CELL9175_N3","K183156","Keloid","ECM-producing fibroblasts","Y_56",0.966906618111931,0,1,0
"K183156_CELL9198_N5","K183156","Keloid","ECM-producing fibroblasts","Y_61",0.939245826098256,0,1,0
"K183156_CELL9234_N2","K183156","Keloid","Homeostatic/regulatory fibroblasts","Y_1",0,0.896769441733183,0,1
"K183156_CELL9292_N2","K183156","Keloid","Matrix-remodeling fibroblasts","Y_3",0.905084160300765,0,1,0
"K183156_CELL9303_N3","K183156","Keloid","ECM-producing fibroblasts","Y_75",0.480857194645977,0.43066117382419,0.5,0.5
"K183156_CELL9338_N2","K183156","Keloid","Matrix-remodeling fibroblasts","Y_56",0.977878956608621,0,1,0
"K183156_CELL9361_N3","K183156","Keloid","Homeostatic/regulatory fibroblasts","Y_56",0.966167319467375,0,1,0
"K183156_CELL9400_N1","K183156","Keloid","ECM-producing fibroblasts","Y_39",0.677217260183631,0.606523482339507,0.5,0.5
"K183156_CELL9528_N2","K183156","Keloid","ECM-producing fibroblasts","Y_56",0.971009911525577,0,1,0
"K183156_CELL9530_N2","K183156","Keloid","Homeostatic/regulatory fibroblasts","Y_114",0.0170969403481405,0.0153122142729989,0.5,0.5
"K183156_CELL9631_N3","K183156","Keloid","Matrix-remodeling fibroblasts","Y_56",0.984773088414269,0,1,0
"K183156_CELL9670_N3","K183156","Keloid","Homeostatic/regulatory fibroblasts","Y_29",0.934058540559592,0,1,0
"K183156_CELL9676_N2","K183156","Keloid","ECM-producing fibroblasts","Y_25",0.855802823260653,0,1,0
"K183156_CELL9705_N2","K183156","Keloid","ECM-producing fibroblasts","Y_56",0.976214523638097,0,1,0
"K183156_CELL9749_N3","K183156","Keloid","ECM-producing fibroblasts","Y_56",0.979194083672554,0,1,0
"K183156_CELL9858_N2","K183156","Keloid","Homeostatic/regulatory fibroblasts","Y_39",0.662896635018604,0.593697767528258,0.5,0.5
"K183156_CELL9873_N2","K183156","Keloid","Matrix-remodeling fibroblasts","Y_56",0.993772860235656,0,1,0
"K183156_CELL9912_N2","K183156","Keloid","Homeostatic/regulatory fibroblasts","Y_65",0,0.749927526934683,0,1
"K183156_CELL9948_N3","K183156","Keloid","Matrix-remodeling fibroblasts","Y_37",0.864718137594861,0,1,0
"K183156_CELL9963_N2","K183156","Keloid","ECM-producing fibroblasts","Y_1",0,0.957004840401842,0,1
"K183156_CELL10005_N3","K183156","Keloid","Matrix-remodeling fibroblasts","Y_56",0.985866829974672,0,1,0
"K183156_CELL10056_N2","K183156","Keloid","ECM-producing fibroblasts","Y_56",0.983790767442124,0,1,0
"K183156_CELL10068_N2","K183156","Keloid","ECM-producing fibroblasts","Y_56",0.986920461785752,0,1,0
"K183156_CELL10092_N2","K183156","Keloid","ECM-producing fibroblasts","Y_56",0.977477168812528,0,1,0
"K183156_CELL10100_N2","K183156","Keloid","ECM-producing fibroblasts","Y_56",0.980717391693914,0,1,0
"K183156_CELL10113_N2","K183156","Keloid","Homeostatic/regulatory fibroblasts","Y_56",0.991611874495797,0,1,0
"K183156_CELL10114_N2","K183156","Keloid","ECM-producing fibroblasts","Y_56",0.987024121285852,0,1,0
"K183156_CELL10129_N3","K183156","Keloid","ECM-producing fibroblasts","Y_61",0.943617774812185,0,1,0
"K183156_CELL10134_N1","K183156","Keloid","ECM-producing fibroblasts","Y_3",0.89568830967633,0,1,0
"K183156_CELL10141_N1","K183156","Keloid","Matrix-remodeling fibroblasts","Y_39",0.670495589568082,0.600503477669549,0.5,0.5
"K183156_CELL10191_N3","K183156","Keloid","Homeostatic/regulatory fibroblasts","Y_39",0.659499184154841,0.590654971884791,0.5,0.5
"K183156_CELL10230_N2","K183156","Keloid","Homeostatic/regulatory fibroblasts","Y_5",0.88902692135167,0,1,0
"K183156_CELL10303_N2","K183156","Keloid","Matrix-remodeling fibroblasts","Y_24",0.715505442846146,0,1,0
"K183156_CELL10313_N2","K183156","Keloid","ECM-producing fibroblasts","Y_1",0,0.914520864707941,0,1
"K183156_CELL10323_N3","K183156","Keloid","ECM-producing fibroblasts","Y_56",0.999763313506685,0,1,0
"K183156_CELL10410_N3","K183156","Keloid","Matrix-remodeling fibroblasts","Y_56",0.957671925606028,0,1,0
"K183156_CELL10420_N1","K183156","Keloid","ECM-producing fibroblasts","Y_56",0.974672489687927,0,1,0
"K183156_CELL10463_N1","K183156","Keloid","Matrix-remodeling fibroblasts","Y_39",0.662518969389556,0.593359525894505,0.5,0.5
"K183156_CELL10464_N2","K183156","Keloid","Matrix-remodeling fibroblasts","Y_56",0.976265423381768,0,1,0
"K183156_CELL10486_N2","K183156","Keloid","ECM-producing fibroblasts","Y_10",0,0.766516769412097,0,1
"K183156_CELL10502_N2","K183156","Keloid","ECM-producing fibroblasts","Y_56",0.971279596135798,0,1,0
"K183156_CELL10524_N2","K183156","Keloid","ECM-producing fibroblasts","Y_1",0,0.966983995227145,0,1
"K183156_CELL10559_N2","K183156","Keloid","Homeostatic/regulatory fibroblasts","Y_114",0.0148146261238101,0.0132681476897602,0.5,0.5
"K183156_CELL10618_N2","K183156","Keloid","ECM-producing fibroblasts","Y_79",0.576809411394554,0.516597070710163,0.5,0.5
"K183156_CELL10656_N3","K183156","Keloid","Matrix-remodeling fibroblasts","Y_56",0.987646457005874,0,1,0
"K183156_CELL10672_N2","K183156","Keloid","Matrix-remodeling fibroblasts","Y_56",0.986827779342167,0,1,0
"K183156_CELL10700_N2","K183156","Keloid","ECM-producing fibroblasts","Y_1",0,1,0,1
"K183156_CELL10734_N1","K183156","Keloid","ECM-producing fibroblasts","Y_11",0.931397617639373,0,1,0
"K183156_CELL10741_N3","K183156","Keloid","Homeostatic/regulatory fibroblasts","Y_10",0,0.745807869377257,0,1
"K183156_CELL10798_N3","K183156","Keloid","ECM-producing fibroblasts","Y_33",0.403707207680684,0.361564767828943,0.5,0.5
"K183156_CELL10804_N2","K183156","Keloid","Matrix-remodeling fibroblasts","Y_56",0.982417560943193,0,1,0
"K183156_CELL10857_N2","K183156","Keloid","Matrix-remodeling fibroblasts","Y_27",0.685937644535311,0.614333557769193,0.5,0.5
"K183156_CELL10880_N3","K183156","Keloid","ECM-producing fibroblasts","Y_56",0.968380722810574,0,1,0
"K183156_CELL10893_N2","K183156","Keloid","ECM-producing fibroblasts","Y_56",0.989777038591415,0,1,0
"K183156_CELL10917_N2","K183156","Keloid","Matrix-remodeling fibroblasts","Y_56",0.964761668779638,0,1,0
"K183156_CELL10943_N2","K183156","Keloid","ECM-producing fibroblasts","Y_56",0.993217575945923,0,1,0
"K183156_CELL10948_N2","K183156","Keloid","ECM-producing fibroblasts","Y_65",0,0.783775275452657,0,1
"K183156_CELL10971_N2","K183156","Keloid","ECM-producing fibroblasts","Y_56",0.966976978358814,0,1,0
"K183156_CELL11012_N2","K183156","Keloid","Matrix-remodeling fibroblasts","Y_56",0.981733483170652,0,1,0
"K183156_CELL11032_N2","K183156","Keloid","Homeostatic/regulatory fibroblasts","Y_56",0.973025885925957,0,1,0
"K183156_CELL11044_N2","K183156","Keloid","Homeostatic/regulatory fibroblasts","Y_16",0.694217144828821,0.621748772420824,0.5,0.5
"K183156_CELL11054_N2","K183156","Keloid","ECM-producing fibroblasts","Y_56",0.99805134684359,0,1,0
"K183156_CELL11075_N2","K183156","Keloid","ECM-producing fibroblasts","Y_56",0.9709329927382,0,1,0
"K183156_CELL11129_N1","K183156","Keloid","Matrix-remodeling fibroblasts","Y_56",0.967573275958458,0,1,0
"K183156_CELL11132_N2","K183156","Keloid","ECM-producing fibroblasts","Y_62",0,0.779515054053371,0,1
"K183156_CELL11390_N1","K183156","Keloid","ECM-producing fibroblasts","Y_56",0.985602002857563,0,1,0
"K183156_CELL11394_N2","K183156","Keloid","ECM-producing fibroblasts","Y_1",0,0.969632547258227,0,1
"K183156_CELL11445_N2","K183156","Keloid","Matrix-remodeling fibroblasts","Y_39",0.664900049005545,0.595492047886082,0.5,0.5
"K183156_CELL11448_N1","K183156","Keloid","Matrix-remodeling fibroblasts","Y_56",0.977203631132686,0,1,0
"K183156_CELL11461_N1","K183156","Keloid","ECM-producing fibroblasts","Y_56",0.979567300256106,0,1,0
"K183156_CELL11491_N2","K183156","Keloid","Matrix-remodeling fibroblasts","Y_56",0.980542511334013,0,1,0
"K183156_CELL11498_N2","K183156","Keloid","ECM-producing fibroblasts","Y_43",0,0.778397514219336,0,1
"K183156_CELL11528_N1","K183156","Keloid","Matrix-remodeling fibroblasts","Y_56",0.975089135681537,0,1,0
"K183156_CELL11549_N2","K183156","Keloid","ECM-producing fibroblasts","Y_1",0,0.915205271358524,0,1
"K183156_CELL11619_N2","K183156","Keloid","Matrix-remodeling fibroblasts","Y_28",0.798541428292655,0,1,0
"K183156_CELL11644_N2","K183156","Keloid","Matrix-remodeling fibroblasts","Y_8",0.874418891489038,0,1,0
"K183156_CELL11704_N2","K183156","Keloid","ECM-producing fibroblasts","Y_56",0.971646403030636,0,1,0
"K183156_CELL12023_N1","K183156","Keloid","ECM-producing fibroblasts","Y_56",0.980153220323412,0,1,0
"K183156_CELL12027_N1","K183156","Keloid","ECM-producing fibroblasts","Y_56",0.983020756026469,0,1,0
"K183156_CELL12143_N1","K183156","Keloid","Homeostatic/regulatory fibroblasts","Y_76",0.618853989569513,0.554252673228707,0.5,0.5
"K183156_CELL12180_N1","K183156","Keloid","ECM-producing fibroblasts","Y_26",0,0.673530918550761,0,1
"K183156_CELL12370_N1","K183156","Keloid","ECM-producing fibroblasts","Y_58",0.753741995171471,0,1,0
"K183156_CELL12402_N1","K183156","Keloid","ECM-producing fibroblasts","Y_56",0.972372967221518,0,1,0
"K183156_CELL12553_N1","K183156","Keloid","ECM-producing fibroblasts","Y_1",0,0.914363851581468,0,1
"K183156_CELL12562_N1","K183156","Keloid","Matrix-remodeling fibroblasts","Y_31",0.823295320147841,0,1,0
"K183156_CELL12572_N1","K183156","Keloid","Matrix-remodeling fibroblasts","Y_56",0.981252330825053,0,1,0
"K183156_CELL12703_N1","K183156","Keloid","Homeostatic/regulatory fibroblasts","Y_56",0.960387386357157,0,1,0
"K183156_CELL12938_N1","K183156","Keloid","ECM-producing fibroblasts","Y_74",0.511705310533858,0.458289097345892,0.5,0.5
"K183156_CELL12940_N1","K183156","Keloid","ECM-producing fibroblasts","Y_19",0.72809869370675,0,1,0
"K183156_CELL13119_N1","K183156","Keloid","Homeostatic/regulatory fibroblasts","Y_42",0.592090725016709,0.530283189032544,0.5,0.5
"K183156_CELL13185_N1","K183156","Keloid","Matrix-remodeling fibroblasts","Y_56",0.970071219311747,0,1,0
"K183156_CELL13243_N1","K183156","Keloid","Matrix-remodeling fibroblasts","Y_56",0.974288518916871,0,1,0
"K183156_CELL13274_N1","K183156","Keloid","Matrix-remodeling fibroblasts","Y_39",0.663386059318832,0.594136101499302,0.5,0.5
"K183156_CELL13530_N1","K183156","Keloid","Matrix-remodeling fibroblasts","Y_56",0.959757228932406,0,1,0
"K183156_CELL13594_N1","K183156","Keloid","Homeostatic/regulatory fibroblasts","Y_114",0.0224868128096057,0.0201394453654363,0.5,0.5
"K183156_CELL13600_N1","K183156","Keloid","ECM-producing fibroblasts","Y_4",0,0.735943027152283,0,1
"K183156_CELL13616_N1","K183156","Keloid","Matrix-remodeling fibroblasts","Y_56",0.970564227512953,0,1,0
"K183156_CELL13701_N1","K183156","Keloid","ECM-producing fibroblasts","Y_22",0.786009965420925,0,1,0
"K183156_CELL13735_N1","K183156","Keloid","Matrix-remodeling fibroblasts","Y_54",0.830108369403894,0,1,0
"K183156_CELL13742_N1","K183156","Keloid","Matrix-remodeling fibroblasts","Y_10",0,0.745276177853828,0,1
"K183156_CELL13746_N1","K183156","Keloid","ECM-producing fibroblasts","Y_14",0,0.693259944216383,0,1
"K183156_CELL13813_N1","K183156","Keloid","ECM-producing fibroblasts","Y_65",0,0.753045861324834,0,1
"K183156_CELL13904_N1","K183156","Keloid","Homeostatic/regulatory fibroblasts","Y_38",0,0.836556509903682,0,1
"K183156_CELL13915_N1","K183156","Keloid","Matrix-remodeling fibroblasts","Y_56",0.978047114216059,0,1,0
"K183156_CELL14109_N1","K183156","Keloid","Homeostatic/regulatory fibroblasts","Y_43",0,0.747039687679549,0,1
"K183156_CELL14120_N1","K183156","Keloid","ECM-producing fibroblasts","Y_56",0.96317010811043,0,1,0
"K183156_CELL14220_N1","K183156","Keloid","Matrix-remodeling fibroblasts","Y_27",0.683903468270119,0.612511726365012,0.5,0.5
"K183156_CELL14485_N1","K183156","Keloid","Homeostatic/regulatory fibroblasts","Y_114",0.0223838821280916,0.0200472594761183,0.5,0.5
"K183156_CELL14497_N1","K183156","Keloid","Homeostatic/regulatory fibroblasts","Y_114",0.01751327260302,0.0156850861767234,0.5,0.5
"K183156_CELL14655_N1","K183156","Keloid","Homeostatic/regulatory fibroblasts","Y_67",0.435936189633567,0.390429410707388,0.5,0.5
"K183156_CELL14943_N1","K183156","Keloid","Homeostatic/regulatory fibroblasts","Y_14",0,0.689398614766412,0,1
"K183156_CELL15191_N1","K183156","Keloid","ECM-producing fibroblasts","Y_71",0.563113340380162,0.504330713701238,0.5,0.5
"K183156_CELL15238_N1","K183156","Keloid","Homeostatic/regulatory fibroblasts","Y_100",0.389195348068238,0.348567781271075,0.5,0.5
"K183156_CELL15254_N1","K183156","Keloid","ECM-producing fibroblasts","Y_1",0,0.913649668916633,0,1
"K183156_CELL15264_N1","K183156","Keloid","ECM-producing fibroblasts","Y_30",0,0.710508213081647,0,1
"K183156_CELL15274_N1","K183156","Keloid","Homeostatic/regulatory fibroblasts","Y_68",0.949078606404923,0,1,0
"K183156_CELL15399_N1","K183156","Keloid","ECM-producing fibroblasts","Y_56",0.96687778530557,0,1,0
"K183156_CELL15403_N1","K183156","Keloid","Matrix-remodeling fibroblasts","Y_14",0,0.686678156606029,0,1
"K183156_CELL16060_N1","K183156","Keloid","ECM-producing fibroblasts","Y_1",0,0.909263481730327,0,1
"K183156_CELL16096_N1","K183156","Keloid","ECM-producing fibroblasts","Y_25",0.858788815165584,0,1,0
"K183156_CELL16111_N1","K183156","Keloid","Matrix-remodeling fibroblasts","Y_52",0,0.768867103195754,0,1
"K183156_CELL16229_N1","K183156","Keloid","ECM-producing fibroblasts","Y_56",0.989593804562533,0,1,0
"K183156_CELL16234_N1","K183156","Keloid","Matrix-remodeling fibroblasts","Y_9",0,0.674833427932843,0,1
"K183156_CELL16421_N1","K183156","Keloid","ECM-producing fibroblasts","Y_72",0,0.719935011541051,0,1
"K183156_CELL16445_N1","K183156","Keloid","Matrix-remodeling fibroblasts","Y_10",0,0.739219192057413,0,1
"K183156_CELL16653_N1","K183156","Keloid","ECM-producing fibroblasts","Y_1",0,0.958720082406431,0,1
"K183156_CELL16786_N1","K183156","Keloid","ECM-producing fibroblasts","Y_43",0,0.749151203278232,0,1
"K183156_CELL16808_N1","K183156","Keloid","ECM-producing fibroblasts","Y_3",0.90002858720746,0,1,0
"K183156_CELL16910_N1","K183156","Keloid","ECM-producing fibroblasts","Y_71",0.584989456584475,0.523923212239604,0.5,0.5
"K183156_CELL16917_N1","K183156","Keloid","Homeostatic/regulatory fibroblasts","Y_5",0.893271573130721,0,1,0
"K183156_CELL16948_N1","K183156","Keloid","Matrix-remodeling fibroblasts","Y_13",0.810387848803248,0,1,0
"K183156_CELL17030_N1","K183156","Keloid","ECM-producing fibroblasts","Y_1",0,0.972445581978828,0,1
"K183156_CELL17401_N1","K183156","Keloid","ECM-producing fibroblasts","Y_1",0,0.932759750479472,0,1
"K183156_CELL17512_N1","K183156","Keloid","ECM-producing fibroblasts","Y_56",0.986850682850351,0,1,0
"K183156_CELL17642_N1","K183156","Keloid","ECM-producing fibroblasts","Y_1",0,0.914301166059313,0,1
"K183156_CELL17684_N1","K183156","Keloid","ECM-producing fibroblasts","Y_56",0.977821794815368,0,1,0
"K183156_CELL17722_N1","K183156","Keloid","ECM-producing fibroblasts","Y_23",0.773794451495353,0,1,0
"K183156_CELL17734_N1","K183156","Keloid","Matrix-remodeling fibroblasts","Y_37",0.863243001999261,0,1,0
"K183156_CELL18630_N1","K183156","Keloid","Homeostatic/regulatory fibroblasts","Y_56",0.981860983268879,0,1,0
"K183156_CELL18657_N1","K183156","Keloid","ECM-producing fibroblasts","Y_52",0,0.815223944606999,0,1
"K183156_CELL18789_N1","K183156","Keloid","ECM-producing fibroblasts","Y_1",0,0.919286332973233,0,1
"K183156_CELL18792_N1","K183156","Keloid","ECM-producing fibroblasts","Y_68",0.950092715573127,0,1,0
"K183156_CELL18793_N1","K183156","Keloid","ECM-producing fibroblasts","Y_56",0.995723672714175,0,1,0
"K183156_CELL19813_N1","K183156","Keloid","ECM-producing fibroblasts","Y_49",0.695261295959564,0.622683926051928,0.5,0.5
"K183156_CELL19814_N1","K183156","Keloid","ECM-producing fibroblasts","Y_56",0.987907728062338,0,1,0
"K183156_CELL19878_N1","K183156","Keloid","ECM-producing fibroblasts","Y_56",0.970981704293578,0,1,0
"K183156_CELL20275_N1","K183156","Keloid","ECM-producing fibroblasts","Y_56",0.981191169579802,0,1,0
"K183156_CELL20290_N1","K183156","Keloid","Homeostatic/regulatory fibroblasts","Y_85",0.536755250105329,0.480724108197747,0.5,0.5
"K183156_CELL20345_N1","K183156","Keloid","Homeostatic/regulatory fibroblasts","Y_43",0,0.751676601091285,0,1
"K183156_CELL20450_N1","K183156","Keloid","ECM-producing fibroblasts","Y_56",0.968475278625011,0,1,0
"K183156_CELL20562_N1","K183156","Keloid","ECM-producing fibroblasts","Y_44",0,0.733645490485296,0,1
"K183156_CELL20706_N1","K183156","Keloid","ECM-producing fibroblasts","Y_43",0,0.749282732747455,0,1
"K183156_CELL20789_N1","K183156","Keloid","ECM-producing fibroblasts","Y_1",0,0.95977983745971,0,1
"K183156_CELL20985_N1","K183156","Keloid","Matrix-remodeling fibroblasts","Y_56",0.978783105150552,0,1,0
"K183156_CELL21168_N1","K183156","Keloid","Matrix-remodeling fibroblasts","Y_56",0.965632939078756,0,1,0
"K183156_CELL21516_N1","K183156","Keloid","Matrix-remodeling fibroblasts","Y_56",0.977714875107288,0,1,0
"K183156_CELL21521_N1","K183156","Keloid","Homeostatic/regulatory fibroblasts","Y_59",0.678584265453991,0.607747787810886,0.5,0.5
"K183156_CELL21648_N1","K183156","Keloid","ECM-producing fibroblasts","Y_56",0.99704496681944,0,1,0
"K183156_CELL21667_N1","K183156","Keloid","ECM-producing fibroblasts","Y_56",0.962640317265224,0,1,0
"K183156_CELL21715_N1","K183156","Keloid","Matrix-remodeling fibroblasts","Y_56",0.963814141106147,0,1,0
"K183156_CELL21988_N1","K183156","Keloid","ECM-producing fibroblasts","Y_14",0,0.699611509386174,0,1
"K183156_CELL22021_N1","K183156","Keloid","ECM-producing fibroblasts","Y_1",0,0.918900346531012,0,1
"K183156_CELL22099_N1","K183156","Keloid","ECM-producing fibroblasts","Y_9",0,0.67866489163182,0,1
"K183156_CELL22266_N1","K183156","Keloid","ECM-producing fibroblasts","Y_47",0,0.659120209253579,0,1
"K183156_CELL22495_N1","K183156","Keloid","ECM-producing fibroblasts","Y_56",0.960934679709471,0,1,0
"K183156_CELL22524_N1","K183156","Keloid","Homeostatic/regulatory fibroblasts","Y_12",0.609249988054279,0.545651220215188,0.5,0.5
"K183156_CELL22617_N1","K183156","Keloid","Matrix-remodeling fibroblasts","Y_61",0.939051090143544,0,1,0
"K183156_CELL22643_N1","K183156","Keloid","Homeostatic/regulatory fibroblasts","Y_114",0.0211191272249704,0.0189145305968529,0.5,0.5
"K183156_CELL22720_N1","K183156","Keloid","Homeostatic/regulatory fibroblasts","Y_39",0.666123767813297,0.596588024371502,0.5,0.5
"K183156_CELL23175_N1","K183156","Keloid","ECM-producing fibroblasts","Y_44",0,0.739172980502698,0,1
"K183156_CELL23273_N1","K183156","Keloid","Homeostatic/regulatory fibroblasts","Y_39",0.658538514375975,0.589794585102124,0.5,0.5
"K183156_CELL23386_N1","K183156","Keloid","ECM-producing fibroblasts","Y_56",0.982342886358368,0,1,0
"K183156_CELL23524_N1","K183156","Keloid","ECM-producing fibroblasts","Y_56",0.97134444209109,0,1,0
"K183156_CELL23808_N1","K183156","Keloid","Matrix-remodeling fibroblasts","Y_85",0.546081730047576,0.489077009733373,0.5,0.5
"K183156_CELL23876_N1","K183156","Keloid","ECM-producing fibroblasts","Y_56",0.975689825877416,0,1,0
"K183156_CELL24187_N1","K183156","Keloid","Matrix-remodeling fibroblasts","Y_56",0.980657537647876,0,1,0
"K183156_CELL24214_N1","K183156","Keloid","Matrix-remodeling fibroblasts","Y_56",0.963212229376478,0,1,0
"K183156_CELL24301_N1","K183156","Keloid","Matrix-remodeling fibroblasts","Y_56",0.959375981004055,0,1,0
"K183156_CELL24762_N1","K183156","Keloid","Homeostatic/regulatory fibroblasts","Y_114",0.0200750413224278,0.0179794353848672,0.5,0.5
"K183156_CELL24977_N1","K183156","Keloid","ECM-producing fibroblasts","Y_1",0,0.972861007722233,0,1
"K183156_CELL25010_N1","K183156","Keloid","Matrix-remodeling fibroblasts","Y_16",0.691011651308007,0.618877895957437,0.5,0.5
"K183156_CELL25144_N1","K183156","Keloid","Matrix-remodeling fibroblasts","Y_56",0.963226446079504,0,1,0
"K183156_CELL25363_N1","K183156","Keloid","Matrix-remodeling fibroblasts","Y_56",0.978547365882625,0,1,0
"K183156_CELL25423_N1","K183156","Keloid","Matrix-remodeling fibroblasts","Y_8",0.882332468520161,0,1,0
"K183156_CELL25737_N1","K183156","Keloid","Matrix-remodeling fibroblasts","Y_25",0.852497157542909,0,1,0
"K183156_CELL26172_N1","K183156","Keloid","ECM-producing fibroblasts","Y_9",0,0.672899282250978,0,1
"K183156_CELL26269_N1","K183156","Keloid","Homeostatic/regulatory fibroblasts","Y_56",0.969931354100429,0,1,0
"K183156_CELL26381_N1","K183156","Keloid","ECM-producing fibroblasts","Y_57",0,0.776192148026632,0,1
"K183156_CELL26435_N1","K183156","Keloid","Homeostatic/regulatory fibroblasts","Y_100",0.365141827224513,0.327025174367189,0.5,0.5
"K183156_CELL26465_N1","K183156","Keloid","ECM-producing fibroblasts","Y_56",0.986083606346072,0,1,0
"K183156_CELL26500_N1","K183156","Keloid","ECM-producing fibroblasts","Y_41",0.90210203121566,0,1,0
"K183156_CELL26953_N1","K183156","Keloid","ECM-producing fibroblasts","Y_44",0,0.736885371993762,0,1
"K183156_CELL26993_N1","K183156","Keloid","Homeostatic/regulatory fibroblasts","Y_67",0.363424284078721,0.325486923186805,0.5,0.5
"K183156_CELL27570_N1","K183156","Keloid","Matrix-remodeling fibroblasts","Y_56",0.981936054783015,0,1,0
"K183156_CELL27743_N1","K183156","Keloid","ECM-producing fibroblasts","Y_56",0.967142240125228,0,1,0
"K183156_CELL27800_N1","K183156","Keloid","Homeostatic/regulatory fibroblasts","Y_89",0.271487385906725,0.243147191296847,0.5,0.5
"K183156_CELL27868_N1","K183156","Keloid","Homeostatic/regulatory fibroblasts","Y_114",0.0201250355412587,0.0180242107759935,0.5,0.5
"K183156_CELL27961_N1","K183156","Keloid","Homeostatic/regulatory fibroblasts","Y_41",0.9042599396334,0,1,0
"K183156_CELL28048_N1","K183156","Keloid","Matrix-remodeling fibroblasts","Y_56",0.959082610556771,0,1,0
"K183156_CELL28084_N1","K183156","Keloid","ECM-producing fibroblasts","Y_1",0,0.948091013676154,0,1
"K183156_CELL28271_N1","K183156","Keloid","ECM-producing fibroblasts","Y_56",0.973965525505295,0,1,0
"K183156_CELL28277_N1","K183156","Keloid","Homeostatic/regulatory fibroblasts","Y_43",0,0.738897323454494,0,1
"K183156_CELL28434_N1","K183156","Keloid","Matrix-remodeling fibroblasts","Y_56",0.984007886144693,0,1,0
"K183156_CELL28511_N1","K183156","Keloid","Homeostatic/regulatory fibroblasts","Y_46",0,0.86000291170908,0,1
"K183156_CELL28650_N1","K183156","Keloid","ECM-producing fibroblasts","Y_1",0,0.921553927954135,0,1
"K183156_CELL28725_N1","K183156","Keloid","ECM-producing fibroblasts","Y_1",0,0.939223528287016,0,1
"K183156_CELL28774_N1","K183156","Keloid","ECM-producing fibroblasts","Y_39",0.672527119306741,0.60232293881446,0.5,0.5
"K183156_CELL28889_N1","K183156","Keloid","ECM-producing fibroblasts","Y_44",0,0.722655916311941,0,1
"K183156_CELL29055_N1","K183156","Keloid","Matrix-remodeling fibroblasts","Y_56",0.978754503531399,0,1,0
"K183156_CELL29107_N1","K183156","Keloid","Matrix-remodeling fibroblasts","Y_38",0,0.837348646370323,0,1
"K183156_CELL29144_N1","K183156","Keloid","ECM-producing fibroblasts","Y_1",0,0.998151760453681,0,1
"K183156_CELL29247_N1","K183156","Keloid","Homeostatic/regulatory fibroblasts","Y_9",0,0.669607094285087,0,1
"K183156_CELL29350_N1","K183156","Keloid","ECM-producing fibroblasts","Y_40",0,0.644257104905331,0,1
"K183156_CELL29405_N1","K183156","Keloid","Homeostatic/regulatory fibroblasts","Y_56",0.973980185913859,0,1,0
"K183156_CELL29464_N1","K183156","Keloid","Homeostatic/regulatory fibroblasts","Y_1",0,0.918533348525317,0,1
"K183156_CELL29671_N1","K183156","Keloid","Matrix-remodeling fibroblasts","Y_56",0.980978184431997,0,1,0
"K183156_CELL29753_N1","K183156","Keloid","Matrix-remodeling fibroblasts","Y_39",0.668987173892771,0.599152523430791,0.5,0.5
"K183156_CELL29916_N1","K183156","Keloid","Matrix-remodeling fibroblasts","Y_9",0,0.670688197026237,0,1
"K183156_CELL29934_N1","K183156","Keloid","ECM-producing fibroblasts","Y_1",0,0.967284397138823,0,1
"K183156_CELL30145_N1","K183156","Keloid","Matrix-remodeling fibroblasts","Y_56",0.960710604210615,0,1,0
"K183156_CELL30180_N1","K183156","Keloid","Matrix-remodeling fibroblasts","Y_56",0.965262047610988,0,1,0
"K183156_CELL31044_N1","K183156","Keloid","Homeostatic/regulatory fibroblasts","Y_1",0,0.912775672455044,0,1
"K183156_CELL31471_N1","K183156","Keloid","Matrix-remodeling fibroblasts","Y_39",0.657675814810213,0.589021941556836,0.5,0.5
"K183156_CELL31584_N1","K183156","Keloid","Matrix-remodeling fibroblasts","Y_56",0.982701249214791,0,1,0
"K183156_CELL31596_N1","K183156","Keloid","Matrix-remodeling fibroblasts","Y_56",0.986127081158136,0,1,0
"K183156_CELL31644_N1","K183156","Keloid","ECM-producing fibroblasts","Y_56",0.968863846159752,0,1,0
"K183156_CELL31729_N1","K183156","Keloid","ECM-producing fibroblasts","Y_40",0,0.646309016062949,0,1
"K183156_CELL31924_N1","K183156","Keloid","Homeostatic/regulatory fibroblasts","Y_73",0.631084496021032,0.565206453942653,0.5,0.5
"K183156_CELL32069_N1","K183156","Keloid","Matrix-remodeling fibroblasts","Y_39",0.659250448679002,0.59043220156298,0.5,0.5
"K183156_CELL32181_N1","K183156","Keloid","Homeostatic/regulatory fibroblasts","Y_56",0.963896139106226,0,1,0
"K183156_CELL32209_N1","K183156","Keloid","ECM-producing fibroblasts","Y_1",0,0.962881519255755,0,1
"K183261_CELL782_N3","K183261","Keloid","Homeostatic/regulatory fibroblasts","Y_57",0,0.763325602433562,0,1
"K183261_CELL831_N2","K183261","Keloid","Homeostatic/regulatory fibroblasts","Y_21",0.577409398444592,0.517134425937715,0.5,0.5
"K183261_CELL1053_N6","K183261","Keloid","ECM-producing fibroblasts","Y_47",0,0.668543291834498,0,1
"K183261_CELL1385_N2","K183261","Keloid","Homeostatic/regulatory fibroblasts","Y_38",0,0.846949331808267,0,1
"K183261_CELL1474_N3","K183261","Keloid","Homeostatic/regulatory fibroblasts","Y_1",0,0.959098874748736,0,1
"K183261_CELL1794_N4","K183261","Keloid","ECM-producing fibroblasts","Y_9",0,0.668543121889091,0,1
"K183261_CELL1909_N4","K183261","Keloid","Homeostatic/regulatory fibroblasts","Y_82",0.244066359484893,0.218588608087992,0.5,0.5
"K183261_CELL1937_N4","K183261","Keloid","Homeostatic/regulatory fibroblasts","Y_100",0.325736849052912,0.291733627640115,0.5,0.5
"K183261_CELL2058_N2","K183261","Keloid","ECM-producing fibroblasts","Y_4",0,0.723055026947555,0,1
"K183261_CELL2230_N5","K183261","Keloid","ECM-producing fibroblasts","Y_1",0,0.894790619477492,0,1
"K183261_CELL2234_N4","K183261","Keloid","Homeostatic/regulatory fibroblasts","Y_33",0.406145549379812,0.363748574393601,0.5,0.5
"K183261_CELL2264_N3","K183261","Keloid","ECM-producing fibroblasts","Y_68",0.953784118967288,0,1,0
"K183261_CELL2301_N2","K183261","Keloid","Matrix-remodeling fibroblasts","Y_116",0.228025204230755,0.204221966955941,0.5,0.5
"K183261_CELL3150_N2","K183261","Keloid","ECM-producing fibroblasts","Y_63",0,0.83235169123509,0,1
"K183261_CELL3380_N4","K183261","Keloid","Homeostatic/regulatory fibroblasts","Y_66",0.525026341473178,0.470219564197074,0.5,0.5
"K183261_CELL3662_N6","K183261","Keloid","Homeostatic/regulatory fibroblasts","Y_53",0.619751124268382,0.555056157270945,0.5,0.5
"K183261_CELL3774_N3","K183261","Keloid","Matrix-remodeling fibroblasts","Y_42",0.608940853998803,0.545374356238351,0.5,0.5
"K183261_CELL4138_N3","K183261","Keloid","ECM-producing fibroblasts","Y_1",0,0.980976839142022,0,1
"K183261_CELL4247_N4","K183261","Keloid","Homeostatic/regulatory fibroblasts","Y_96",0.213506919539898,0.191219226024756,0.5,0.5
"K183261_CELL4530_N7","K183261","Keloid","ECM-producing fibroblasts","Y_56",0.97569840500454,0,1,0
"K183261_CELL4642_N3","K183261","Keloid","ECM-producing fibroblasts","Y_41",0.910253507570798,0,1,0
"K183261_CELL4741_N3","K183261","Keloid","Homeostatic/regulatory fibroblasts","Y_56",0.978096664506503,0,1,0
"K183261_CELL5112_N2","K183261","Keloid","Homeostatic/regulatory fibroblasts","Y_40",0,0.645568222770374,0,1
"K183261_CELL5265_N2","K183261","Keloid","Homeostatic/regulatory fibroblasts","Y_82",0.262168571274846,0.234801154900388,0.5,0.5
"K183261_CELL5296_N2","K183261","Keloid","Matrix-remodeling fibroblasts","Y_16",0.698415002943177,0.625508421903467,0.5,0.5
"K183261_CELL6116_N2","K183261","Keloid","Homeostatic/regulatory fibroblasts","Y_51",0.492268593885185,0.440881352800511,0.5,0.5
"K183261_CELL6202_N3","K183261","Keloid","ECM-producing fibroblasts","Y_23",0.773575442956512,0,1,0
"K183261_CELL7358_N2","K183261","Keloid","ECM-producing fibroblasts","Y_43",0,0.764149495498718,0,1
"K183261_CELL7359_N1","K183261","Keloid","Matrix-remodeling fibroblasts","Y_118",0.329655628024814,0.295243330667933,0.5,0.5
"K183261_CELL8615_N4","K183261","Keloid","Homeostatic/regulatory fibroblasts","Y_66",0.527038077928481,0.472021298252241,0.5,0.5
"K183261_CELL9070_N3","K183261","Keloid","ECM-producing fibroblasts","Y_4",0,0.714224062257874,0,1
"K183261_CELL9269_N3","K183261","Keloid","Matrix-remodeling fibroblasts","Y_47",0,0.658540601980509,0,1
"K183261_CELL9511_N3","K183261","Keloid","Matrix-remodeling fibroblasts","Y_56",0.979947600772253,0,1,0
"K183261_CELL9537_N3","K183261","Keloid","Homeostatic/regulatory fibroblasts","Y_114",0.0144561615042213,0.0129471026985123,0.5,0.5
"K183261_CELL9555_N2","K183261","Keloid","Homeostatic/regulatory fibroblasts","Y_64",0.504946183868182,0.452235546611335,0.5,0.5
"K183261_CELL9812_N4","K183261","Keloid","Homeostatic/regulatory fibroblasts","Y_35",0,0.871946126812172,0,1
"K183261_CELL9904_N2","K183261","Keloid","Homeostatic/regulatory fibroblasts","Y_107",0.293797950161739,0.263128786451763,0.5,0.5
"K183261_CELL10261_N1","K183261","Keloid","ECM-producing fibroblasts","Y_65",0,0.751015158221962,0,1
"K183261_CELL12047_N1","K183261","Keloid","ECM-producing fibroblasts","Y_1",0,0.974035573756679,0,1
"K183261_CELL13785_N1","K183261","Keloid","Homeostatic/regulatory fibroblasts","Y_64",0.500207033526109,0.447991109651731,0.5,0.5
"K183261_CELL17149_N1","K183261","Keloid","Matrix-remodeling fibroblasts","Y_64",0.509263061059034,0.456101790932865,0.5,0.5
"K183261_CELL17959_N1","K183261","Keloid","ECM-producing fibroblasts","Y_1",0,0.972144221394437,0,1
"K183261_CELL19488_N1","K183261","Keloid","Homeostatic/regulatory fibroblasts","Y_109",0.31676026565858,0.283694097433274,0.5,0.5
"K183261_CELL20828_N1","K183261","Keloid","ECM-producing fibroblasts","Y_78",0,0.797533472284605,0,1
"K183261_CELL26267_N1","K183261","Keloid","Homeostatic/regulatory fibroblasts","Y_86",0.465895923133163,0.417261688855779,0.5,0.5
"K183261_CELL30227_N1","K183261","Keloid","ECM-producing fibroblasts","Y_1",0,0.933235533327591,0,1
"K183261_CELL34896_N1","K183261","Keloid","Homeostatic/regulatory fibroblasts","Y_114",0.0150548817484133,0.0134833233603367,0.5,0.5
"K183261_CELL36106_N1","K183261","Keloid","Homeostatic/regulatory fibroblasts","Y_80",0,0.810405442696231,0,1
"K183261_CELL37268_N1","K183261","Keloid","ECM-producing fibroblasts","Y_101",0.44783509077318,0.401086201931602,0.5,0.5
"K712771_CELL329_N4","K712771","Keloid","Matrix-remodeling fibroblasts","Y_56",0.97214589884834,0,1,0
"K712771_CELL502_N3","K712771","Keloid","Homeostatic/regulatory fibroblasts","Y_114",0.0284989286997543,0.0255239647513315,0.5,0.5
"K712771_CELL710_N4","K712771","Keloid","ECM-producing fibroblasts","Y_57",0,0.759954774362965,0,1
"K712771_CELL834_N1","K712771","Keloid","Matrix-remodeling fibroblasts","Y_75",0.47742777677711,0.427589748167291,0.5,0.5
"K712771_CELL859_N6","K712771","Keloid","Homeostatic/regulatory fibroblasts","Y_71",0.566033249904017,0.506945817888106,0.5,0.5
"K712771_CELL1003_N2","K712771","Keloid","ECM-producing fibroblasts","Y_56",0.957701905191916,0,1,0
"K712771_CELL1279_N4","K712771","Keloid","Matrix-remodeling fibroblasts","Y_56",0.980921243274595,0,1,0
"K712771_CELL1351_N2","K712771","Keloid","ECM-producing fibroblasts","Y_47",0,0.65701133315598,0,1
"K712771_CELL1464_N4","K712771","Keloid","Homeostatic/regulatory fibroblasts","Y_16",0.684468892934637,0.613018127126905,0.5,0.5
"K712771_CELL1603_N2","K712771","Keloid","Homeostatic/regulatory fibroblasts","Y_39",0.65707460049553,0.588483487177107,0.5,0.5
"K712771_CELL1806_N3","K712771","Keloid","Matrix-remodeling fibroblasts","Y_59",0.658249165850821,0.589535441271327,0.5,0.5
"K712771_CELL1977_N5","K712771","Keloid","ECM-producing fibroblasts","Y_56",0.976760622496362,0,1,0
"K712771_CELL1989_N4","K712771","Keloid","ECM-producing fibroblasts","Y_1",0,0.977345050178232,0,1
"K712771_CELL1996_N3","K712771","Keloid","Homeostatic/regulatory fibroblasts","Y_39",0.656062643941012,0.58757716737472,0.5,0.5
"K712771_CELL2224_N4","K712771","Keloid","Homeostatic/regulatory fibroblasts","Y_11",0.935127888271369,0,1,0
"K712771_CELL2493_N7","K712771","Keloid","ECM-producing fibroblasts","Y_56",0.980608027924788,0,1,0
"K712771_CELL2762_N5","K712771","Keloid","Matrix-remodeling fibroblasts","Y_73",0.638881906443291,0.572189903421269,0.5,0.5
"K712771_CELL3052_N3","K712771","Keloid","Matrix-remodeling fibroblasts","Y_56",0.970284340061482,0,1,0
"K712771_CELL3113_N2","K712771","Keloid","Matrix-remodeling fibroblasts","Y_39",0.664234144212744,0.594895655978222,0.5,0.5
"K712771_CELL3674_N3","K712771","Keloid","Matrix-remodeling fibroblasts","Y_26",0,0.673697347941432,0,1
"K712771_CELL4138_N2","K712771","Keloid","Matrix-remodeling fibroblasts","Y_74",0.520724745902654,0.466367006268554,0.5,0.5
"K712771_CELL4504_N2","K712771","Keloid","ECM-producing fibroblasts","Y_11",0.930789041669533,0,1,0
"K712771_CELL5011_N4","K712771","Keloid","Matrix-remodeling fibroblasts","Y_74",0.520433018049279,0.466105731484334,0.5,0.5
"K712771_CELL5241_N2","K712771","Keloid","Homeostatic/regulatory fibroblasts","Y_18",0.559645664273283,0.501225023531146,0.5,0.5
"K712771_CELL5313_N2","K712771","Keloid","Matrix-remodeling fibroblasts","Y_39",0.672788630935769,0.602557151604411,0.5,0.5
"K712771_CELL5445_N4","K712771","Keloid","Matrix-remodeling fibroblasts","Y_74",0.517690651473386,0.463649636781416,0.5,0.5
"K712771_CELL5485_N1","K712771","Keloid","Matrix-remodeling fibroblasts","Y_75",0.480307264859138,0.430168650451018,0.5,0.5
"K712771_CELL5492_N2","K712771","Keloid","Matrix-remodeling fibroblasts","Y_68",0.949669167910113,0,1,0
"K712771_CELL5571_N3","K712771","Keloid","ECM-producing fibroblasts","Y_71",0.596544168993166,0.534271744120865,0.5,0.5
"K712771_CELL5672_N2","K712771","Keloid","ECM-producing fibroblasts","Y_56",0.975238247844685,0,1,0
"K712771_CELL5695_N3","K712771","Keloid","ECM-producing fibroblasts","Y_30",0,0.709560508436865,0,1
"K712771_CELL6146_N1","K712771","Keloid","ECM-producing fibroblasts","Y_66",0.525196097651167,0.47037159976125,0.5,0.5
"K712771_CELL6298_N2","K712771","Keloid","Homeostatic/regulatory fibroblasts","Y_114",0.0151591016012736,0.0135766638461781,0.5,0.5
"K712771_CELL6542_N3","K712771","Keloid","ECM-producing fibroblasts","Y_43",0,0.759722587761257,0,1
"K712771_CELL6576_N2","K712771","Keloid","Homeostatic/regulatory fibroblasts","Y_21",0.585608568354177,0.524477695783652,0.5,0.5
"K712771_CELL6579_N2","K712771","Keloid","Matrix-remodeling fibroblasts","Y_8",0.874914612351971,0,1,0
"K712771_CELL6732_N2","K712771","Keloid","ECM-producing fibroblasts","Y_56",0.979186912830554,0,1,0
"K712771_CELL6787_N2","K712771","Keloid","ECM-producing fibroblasts","Y_42",0.588279766457765,0.526870051193152,0.5,0.5
"K712771_CELL6857_N3","K712771","Keloid","Matrix-remodeling fibroblasts","Y_56",0.983683831064468,0,1,0
"K712771_CELL7321_N4","K712771","Keloid","ECM-producing fibroblasts","Y_50",0,0.802373401197405,0,1
"K712771_CELL7398_N2","K712771","Keloid","Matrix-remodeling fibroblasts","Y_29",0.9169650301506,0,1,0
"K712771_CELL7490_N2","K712771","Keloid","ECM-producing fibroblasts","Y_56",0.959260844225544,0,1,0
"K712771_CELL8181_N2","K712771","Keloid","Matrix-remodeling fibroblasts","Y_50",0,0.806504399299104,0,1
"K712771_CELL8397_N3","K712771","Keloid","Matrix-remodeling fibroblasts","Y_42",0.591937990004631,0.530146397818192,0.5,0.5
"K712771_CELL8809_N1","K712771","Keloid","Matrix-remodeling fibroblasts","Y_21",0.579881230046866,0.519348226440616,0.5,0.5
"K712771_CELL8906_N2","K712771","Keloid","ECM-producing fibroblasts","Y_56",0.988038572969147,0,1,0
"K712771_CELL8975_N2","K712771","Keloid","Homeostatic/regulatory fibroblasts","Y_75",0.476580233288051,0.426830678576715,0.5,0.5
"K712771_CELL9044_N2","K712771","Keloid","Matrix-remodeling fibroblasts","Y_3",0.901138604109401,0,1,0
"K712771_CELL9469_N1","K712771","Keloid","Homeostatic/regulatory fibroblasts","Y_71",0.572437998337585,0.51268198344653,0.5,0.5
"K712771_CELL9682_N5","K712771","Keloid","ECM-producing fibroblasts","Y_56",0.970292499289716,0,1,0
"K712771_CELL10156_N2","K712771","Keloid","ECM-producing fibroblasts","Y_70",0.249553915029255,0.223503325260728,0.5,0.5
"K712771_CELL10795_N1","K712771","Keloid","Matrix-remodeling fibroblasts","Y_71",0.572851521125378,0.513052339159572,0.5,0.5
"K712771_CELL11078_N2","K712771","Keloid","Matrix-remodeling fibroblasts","Y_66",0.522623106571779,0.468067199679842,0.5,0.5
"K712771_CELL11095_N3","K712771","Keloid","ECM-producing fibroblasts","Y_56",0.978260876825826,0,1,0
"K712771_CELL11452_N2","K712771","Keloid","Matrix-remodeling fibroblasts","Y_56",0.966298106267153,0,1,0
"K712771_CELL11479_N2","K712771","Keloid","Matrix-remodeling fibroblasts","Y_76",0.620171630101066,0.55543276707843,0.5,0.5
"K712771_CELL11481_N2","K712771","Keloid","Matrix-remodeling fibroblasts","Y_24",0.711955559217805,0,1,0
"K712771_CELL11522_N3","K712771","Keloid","Matrix-remodeling fibroblasts","Y_39",0.670399667410155,0.600417568693685,0.5,0.5
"K712771_CELL11558_N3","K712771","Keloid","Matrix-remodeling fibroblasts","Y_53",0.627772284557614,0.562239999675831,0.5,0.5
"K712771_CELL11931_N2","K712771","Keloid","ECM-producing fibroblasts","Y_56",0.963165842155034,0,1,0
"K712771_CELL12144_N2","K712771","Keloid","ECM-producing fibroblasts","Y_56",0.963959038538235,0,1,0
"K712771_CELL12364_N3","K712771","Keloid","Matrix-remodeling fibroblasts","Y_56",0.982089609009085,0,1,0
"K712771_CELL12466_N1","K712771","Keloid","Matrix-remodeling fibroblasts","Y_102",0.185057174075169,0.165739310338229,0.5,0.5
"K712771_CELL12512_N1","K712771","Keloid","Matrix-remodeling fibroblasts","Y_86",0.46705233052467,0.418297380471066,0.5,0.5
"K712771_CELL12584_N2","K712771","Keloid","Homeostatic/regulatory fibroblasts","Y_88",0.339889559282401,0.304408955924873,0.5,0.5
"K712771_CELL12890_N2","K712771","Keloid","Homeostatic/regulatory fibroblasts","Y_106",0.450657768579951,0.403614224286528,0.5,0.5
"K712771_CELL13133_N1","K712771","Keloid","Homeostatic/regulatory fibroblasts","Y_16",0.686683280080139,0.615001357445597,0.5,0.5
"K712771_CELL13267_N1","K712771","Keloid","Matrix-remodeling fibroblasts","Y_118",0.312730569527325,0.28008505573573,0.5,0.5
"K712771_CELL13941_N1","K712771","Keloid","Matrix-remodeling fibroblasts","Y_64",0.519164081080089,0.464969257099122,0.5,0.5
"K712771_CELL14353_N1","K712771","Keloid","Homeostatic/regulatory fibroblasts","Y_57",0,0.761149867491823,0,1
"K712771_CELL15190_N1","K712771","Keloid","Matrix-remodeling fibroblasts","Y_39",0.665574927245118,0.596096476514954,0.5,0.5
"K712771_CELL15220_N1","K712771","Keloid","Homeostatic/regulatory fibroblasts","Y_85",0.536462356576009,0.48046178942089,0.5,0.5
"K712771_CELL16633_N1","K712771","Keloid","ECM-producing fibroblasts","Y_66",0.522334290340376,0.467808532577383,0.5,0.5
"K712771_CELL16714_N1","K712771","Keloid","Matrix-remodeling fibroblasts","Y_35",0,0.874055459025813,0,1
"K712771_CELL17064_N1","K712771","Keloid","Matrix-remodeling fibroblasts","Y_1",0,0.901321256626915,0,1
"K712771_CELL17104_N1","K712771","Keloid","ECM-producing fibroblasts","Y_1",0,0.940010479216899,0,1
"K712771_CELL17382_N1","K712771","Keloid","Matrix-remodeling fibroblasts","Y_85",0.547708504682177,0.490533967602541,0.5,0.5
"K712771_CELL18078_N1","K712771","Keloid","Matrix-remodeling fibroblasts","Y_5",0.889575177091317,0,1,0
"K712771_CELL18219_N1","K712771","Keloid","ECM-producing fibroblasts","Y_5",0.885056296099337,0,1,0
"K712771_CELL19019_N1","K712771","Keloid","Matrix-remodeling fibroblasts","Y_1",0,0.892524945190223,0,1
"K712771_CELL19429_N1","K712771","Keloid","Homeostatic/regulatory fibroblasts","Y_64",0.499688749179254,0.447526928294612,0.5,0.5
"K712771_CELL19483_N1","K712771","Keloid","Matrix-remodeling fibroblasts","Y_8",0.88514770478681,0,1,0
"K712771_CELL20341_N1","K712771","Keloid","Matrix-remodeling fibroblasts","Y_16",0.688181294039947,0.616342995789619,0.5,0.5
"K712771_CELL20624_N1","K712771","Keloid","ECM-producing fibroblasts","Y_10",0,0.769349790702173,0,1
"K712771_CELL20715_N1","K712771","Keloid","ECM-producing fibroblasts","Y_56",0.966680169702542,0,1,0
"K712771_CELL21116_N1","K712771","Keloid","ECM-producing fibroblasts","Y_56",0.972133234301962,0,1,0
"K712771_CELL21319_N1","K712771","Keloid","Homeostatic/regulatory fibroblasts","Y_86",0.456191143971253,0.408569978235436,0.5,0.5
"K712771_CELL21676_N1","K712771","Keloid","Homeostatic/regulatory fibroblasts","Y_42",0.599681790245563,0.537081833408534,0.5,0.5
"K712771_CELL21794_N1","K712771","Keloid","ECM-producing fibroblasts","Y_1",0,0.96117342380041,0,1
"K712771_CELL22525_N1","K712771","Keloid","Matrix-remodeling fibroblasts","Y_51",0.492784635801438,0.441343525811273,0.5,0.5
"K712771_CELL23153_N1","K712771","Keloid","ECM-producing fibroblasts","Y_47",0,0.658277956537888,0,1
"K712771_CELL23672_N1","K712771","Keloid","Matrix-remodeling fibroblasts","Y_1",0,0.893163437102353,0,1
"K712771_CELL23805_N1","K712771","Keloid","Homeostatic/regulatory fibroblasts","Y_79",0.572691384906548,0.512908919340255,0.5,0.5
"N176712_CELL1209_N3","N176712","Normal","Matrix-remodeling fibroblasts","Y_60",0.404212893121467,0.362017665462456,0.5,0.5
"N176712_CELL2777_N3","N176712","Normal","Homeostatic/regulatory fibroblasts","Y_32",0.370800745266812,0.332093365742522,0.5,0.5
"N176712_CELL3232_N2","N176712","Normal","Homeostatic/regulatory fibroblasts","Y_115",0.0446741970451256,0.0400107190935796,0.5,0.5
"N176712_CELL3900_N2","N176712","Normal","Homeostatic/regulatory fibroblasts","Y_67",0.399647801972298,0.35792911789614,0.5,0.5
"N176712_CELL4364_N2","N176712","Normal","Matrix-remodeling fibroblasts","Y_100",0.312050573057616,0.279476043161723,0.5,0.5
"N176712_CELL5248_N3","N176712","Normal","ECM-producing fibroblasts","Y_98",0.0694335555077714,0.0621854821986785,0.5,0.5
"N176712_CELL6455_N2","N176712","Normal","Homeostatic/regulatory fibroblasts","Y_67",0.397874573734522,0.356340994513894,0.5,0.5
"N176712_CELL6949_N3","N176712","Normal","Homeostatic/regulatory fibroblasts","Y_33",0.405067314833727,0.362782895267979,0.5,0.5
"N176712_CELL9310_N1","N176712","Normal","Homeostatic/regulatory fibroblasts","Y_114",0.0155131114757402,0.0138937191170166,0.5,0.5
"N176712_CELL14513_N1","N176712","Normal","Matrix-remodeling fibroblasts","Y_113",0.160498544679144,0.143744322468718,0.5,0.5
"N176712_CELL14881_N1","N176712","Normal","Matrix-remodeling fibroblasts","Y_67",0.377875769452173,0.338429837889404,0.5,0.5
"N177536_CELL99_N5","N177536","Normal","Homeostatic/regulatory fibroblasts","Y_89",0.342539869741939,0.306782604122741,0.5,0.5
"N177536_CELL467_N2","N177536","Normal","Homeostatic/regulatory fibroblasts","Y_116",0.232275068681919,0.208028193905462,0.5,0.5
"N177536_CELL641_N3","N177536","Normal","Homeostatic/regulatory fibroblasts","Y_46",0,0.855384243383472,0,1
"N177536_CELL1859_N3","N177536","Normal","Homeostatic/regulatory fibroblasts","Y_1",0,0.962143075024807,0,1
"N177536_CELL2671_N2","N177536","Normal","Homeostatic/regulatory fibroblasts","Y_67",0.389597570065142,0.348928015867236,0.5,0.5
"N177536_CELL3702_N2","N177536","Normal","Homeostatic/regulatory fibroblasts","Y_114",0.00887307149613319,0.00794682377324942,0.5,0.5
"N177536_CELL3817_N3","N177536","Normal","Homeostatic/regulatory fibroblasts","Y_33",0.414725453523603,0.371432834150979,0.5,0.5
"N177536_CELL4444_N3","N177536","Normal","Matrix-remodeling fibroblasts","Y_64",0.500719951111414,0.448450484476153,0.5,0.5
"N177536_CELL4931_N3","N177536","Normal","Homeostatic/regulatory fibroblasts","Y_32",0.365346238664023,0.327208247577828,0.5,0.5
"N177536_CELL5149_N2","N177536","Normal","Homeostatic/regulatory fibroblasts","Y_92",0.326601789538693,0.292508278178866,0.5,0.5
"N177536_CELL5420_N3","N177536","Normal","Homeostatic/regulatory fibroblasts","Y_90",0.108344778953329,0.0970348165760845,0.5,0.5
"N177536_CELL5535_N2","N177536","Normal","Homeostatic/regulatory fibroblasts","Y_32",0.403326406631444,0.361223718077197,0.5,0.5
"N177536_CELL5547_N2","N177536","Normal","Homeostatic/regulatory fibroblasts","Y_114",0.0193057698219572,0.0172904670777047,0.5,0.5
"N177536_CELL6495_N2","N177536","Normal","Homeostatic/regulatory fibroblasts","Y_114",0.0122160146119921,0.0109408016576049,0.5,0.5
"N177536_CELL6881_N2","N177536","Normal","Homeostatic/regulatory fibroblasts","Y_114",0.00960635758904798,0.00860356314002991,0.5,0.5
"N177536_CELL8407_N2","N177536","Normal","Homeostatic/regulatory fibroblasts","Y_81",0.406439690975469,0.364012010952867,0.5,0.5
"N177536_CELL8499_N2","N177536","Normal","Homeostatic/regulatory fibroblasts","Y_114",0.0104999900330966,0.00940391052300859,0.5,0.5
"N177536_CELL8756_N3","N177536","Normal","Homeostatic/regulatory fibroblasts","Y_67",0.394528052944366,0.353343812423737,0.5,0.5
"N177536_CELL8831_N2","N177536","Normal","Homeostatic/regulatory fibroblasts","Y_43",0,0.754482394694985,0,1
"N177536_CELL9609_N2","N177536","Normal","Homeostatic/regulatory fibroblasts","Y_114",0.00688646061414675,0.00616759246737684,0.5,0.5
"N177536_CELL9771_N2","N177536","Normal","Homeostatic/regulatory fibroblasts","Y_67",0.394814461228116,0.353600322940885,0.5,0.5
"N177536_CELL9976_N2","N177536","Normal","Homeostatic/regulatory fibroblasts","Y_114",0.0183977479939177,0.0164772323987281,0.5,0.5
"N177536_CELL10205_N3","N177536","Normal","Homeostatic/regulatory fibroblasts","Y_89",0.304010429172985,0.272275198832837,0.5,0.5
"N177536_CELL10358_N2","N177536","Normal","Homeostatic/regulatory fibroblasts","Y_86",0.463673192799521,0.415270986282875,0.5,0.5
"N177536_CELL11050_N3","N177536","Normal","Matrix-remodeling fibroblasts","Y_92",0.334278884538153,0.299383971796098,0.5,0.5
"N177536_CELL11056_N2","N177536","Normal","ECM-producing fibroblasts","Y_104",0.251209192347874,0.224985810457951,0.5,0.5
"N177536_CELL11528_N3","N177536","Normal","Homeostatic/regulatory fibroblasts","Y_4",0,0.722928467165883,0,1
"N177536_CELL11941_N3","N177536","Normal","Homeostatic/regulatory fibroblasts","Y_114",0.00333360259098755,0.0029856124040216,0.5,0.5
"N177536_CELL13121_N1","N177536","Normal","Homeostatic/regulatory fibroblasts","Y_64",0.502124492805105,0.449708407995288,0.5,0.5
"N177536_CELL15883_N1","N177536","Normal","Matrix-remodeling fibroblasts","Y_64",0.502697623387526,0.450221710264918,0.5,0.5
"N177536_CELL16993_N1","N177536","Normal","ECM-producing fibroblasts","Y_82",0.208142744962609,0.18641501024973,0.5,0.5
"N177536_CELL17130_N1","N177536","Normal","Homeostatic/regulatory fibroblasts","Y_82",0.209757086857562,0.187860833215831,0.5,0.5
"N177536_CELL18616_N1","N177536","Normal","ECM-producing fibroblasts","Y_79",0.568404081998809,0.509069162083121,0.5,0.5
"N177536_CELL19214_N1","N177536","Normal","Homeostatic/regulatory fibroblasts","Y_114",0.0121778687287682,0.0109066377706367,0.5,0.5
"N177536_CELL19706_N1","N177536","Normal","Homeostatic/regulatory fibroblasts","Y_97",0.118251737301483,0.105907601175647,0.5,0.5
"N177536_CELL20358_N1","N177536","Normal","Matrix-remodeling fibroblasts","Y_89",0.306692662938107,0.274677437906349,0.5,0.5
"N177536_CELL22589_N1","N177536","Normal","Homeostatic/regulatory fibroblasts","Y_116",0.269812533083798,0.241647174055272,0.5,0.5
"N177536_CELL22836_N1","N177536","Normal","ECM-producing fibroblasts","Y_116",0.232243045551926,0.20799951362594,0.5,0.5
"N177536_CELL22977_N1","N177536","Normal","Matrix-remodeling fibroblasts","Y_118",0.327572060594433,0.293377263974327,0.5,0.5
"N177536_CELL23410_N1","N177536","Normal","Homeostatic/regulatory fibroblasts","Y_114",0.0263435624310352,0.0235935942013161,0.5,0.5
"N177536_CELL25842_N1","N177536","Normal","Matrix-remodeling fibroblasts","Y_76",0.606443950874664,0.54313810139525,0.5,0.5
"N177536_CELL26198_N1","N177536","Normal","Homeostatic/regulatory fibroblasts","Y_86",0.463677129674993,0.415274512193335,0.5,0.5
"N177536_CELL27559_N1","N177536","Normal","ECM-producing fibroblasts","Y_1",0,0.957407190439619,0,1
"N387690_CELL199_N3","N387690","Normal","ECM-producing fibroblasts","Y_114",0.00738766999863173,0.00661648129395023,0.5,0.5
"N387690_CELL228_N3","N387690","Normal","Homeostatic/regulatory fibroblasts","Y_114",0.0213802943295638,0.0191484348268005,0.5,0.5
"N387690_CELL241_N3","N387690","Normal","Homeostatic/regulatory fibroblasts","Y_114",0.0273333481905582,0.0244800575874872,0.5,0.5
"N387690_CELL304_N4","N387690","Normal","Homeostatic/regulatory fibroblasts","Y_113",0.157308891976681,0.140887633222453,0.5,0.5
"N387690_CELL318_N4","N387690","Normal","Homeostatic/regulatory fibroblasts","Y_114",0.0438447298383165,0.0392678388270255,0.5,0.5
"N387690_CELL357_N3","N387690","Normal","Homeostatic/regulatory fibroblasts","Y_114",0.0431193318761944,0.0386181641599194,0.5,0.5
"N387690_CELL370_N2","N387690","Normal","Homeostatic/regulatory fibroblasts","Y_114",0.0154385806076253,0.0138269684236592,0.5,0.5
"N387690_CELL477_N3","N387690","Normal","Homeostatic/regulatory fibroblasts","Y_114",0.0159830017124961,0.0143145581585928,0.5,0.5
"N387690_CELL532_N4","N387690","Normal","Homeostatic/regulatory fibroblasts","Y_111",0.0686766106337538,0.0615075537583967,0.5,0.5
"N387690_CELL573_N2","N387690","Normal","Homeostatic/regulatory fibroblasts","Y_114",0.0124708413872183,0.0111690274164428,0.5,0.5
"N387690_CELL669_N3","N387690","Normal","Homeostatic/regulatory fibroblasts","Y_114",0.0142361853844929,0.0127500895832042,0.5,0.5
"N387690_CELL780_N3","N387690","Normal","Homeostatic/regulatory fibroblasts","Y_116",0.228309527992366,0.204476610551348,0.5,0.5
"N387690_CELL787_N3","N387690","Normal","Homeostatic/regulatory fibroblasts","Y_114",0.0235201956214881,0.0210649547676667,0.5,0.5
"N387690_CELL811_N2","N387690","Normal","Homeostatic/regulatory fibroblasts","Y_114",0.0241470978799188,0.0216264155620458,0.5,0.5
"N387690_CELL939_N3","N387690","Normal","Homeostatic/regulatory fibroblasts","Y_114",0.0282060180516392,0.0252616306426868,0.5,0.5
"N387690_CELL1036_N1","N387690","Normal","Homeostatic/regulatory fibroblasts","Y_114",0.0114692167920723,0.0102719610344075,0.5,0.5
"N387690_CELL1048_N2","N387690","Normal","Homeostatic/regulatory fibroblasts","Y_114",0.00994841699492038,0.00890991543524526,0.5,0.5
"N387690_CELL1082_N4","N387690","Normal","Homeostatic/regulatory fibroblasts","Y_92",0.331322428508401,0.296736136142791,0.5,0.5
"N387690_CELL1182_N2","N387690","Normal","Homeostatic/regulatory fibroblasts","Y_114",0.0155212136772197,0.0139009755408335,0.5,0.5
"N387690_CELL1198_N2","N387690","Normal","Homeostatic/regulatory fibroblasts","Y_114",0.0260471480796636,0.0233281221361763,0.5,0.5
"N387690_CELL1312_N2","N387690","Normal","Homeostatic/regulatory fibroblasts","Y_114",0.00757833341415093,0.00678724161790313,0.5,0.5
"N387690_CELL1336_N2","N387690","Normal","Homeostatic/regulatory fibroblasts","Y_114",0.0172670139262113,0.0154645341043001,0.5,0.5
"N387690_CELL1371_N2","N387690","Normal","Homeostatic/regulatory fibroblasts","Y_114",0.0286769029743254,0.0256833605362978,0.5,0.5
"N387690_CELL1400_N2","N387690","Normal","Homeostatic/regulatory fibroblasts","Y_118",0.310934532749616,0.278476504765646,0.5,0.5
"N387690_CELL1473_N3","N387690","Normal","Homeostatic/regulatory fibroblasts","Y_114",0.0538447777214326,0.0482239954730991,0.5,0.5
"N387690_CELL1541_N4","N387690","Normal","Homeostatic/regulatory fibroblasts","Y_114",0.0215898193919009,0.0193360878562163,0.5,0.5
"N387690_CELL1569_N3","N387690","Normal","Homeostatic/regulatory fibroblasts","Y_114",0.0192676570702244,0.0172563328636768,0.5,0.5
"N387690_CELL1703_N2","N387690","Normal","Homeostatic/regulatory fibroblasts","Y_114",0.0209462136695257,0.0187596672495076,0.5,0.5
"N387690_CELL1731_N3","N387690","Normal","ECM-producing fibroblasts","Y_114",0.00249401319057146,0.00223366658572154,0.5,0.5
"N387690_CELL1774_N3","N387690","Normal","Homeostatic/regulatory fibroblasts","Y_114",0.0210389058666348,0.018842683435718,0.5,0.5
"N387690_CELL1787_N3","N387690","Normal","Homeostatic/regulatory fibroblasts","Y_114",0.0042244256294921,0.00378344365143478,0.5,0.5
"N387690_CELL1804_N4","N387690","Normal","ECM-producing fibroblasts","Y_114",0.00703701656120776,0.00630243208631037,0.5,0.5
"N387690_CELL1836_N3","N387690","Normal","Homeostatic/regulatory fibroblasts","Y_114",0.0110356750163515,0.00988367608803957,0.5,0.5
"N387690_CELL1898_N4","N387690","Normal","Homeostatic/regulatory fibroblasts","Y_114",0.027417166582596,0.0245551262929262,0.5,0.5
"N387690_CELL2098_N2","N387690","Normal","Homeostatic/regulatory fibroblasts","Y_114",0.0254912487522986,0.022830252374599,0.5,0.5
"N387690_CELL2153_N3","N387690","Normal","Homeostatic/regulatory fibroblasts","Y_95",0.249757542267393,0.223685696131697,0.5,0.5
"N387690_CELL2167_N2","N387690","Normal","ECM-producing fibroblasts","Y_114",0.0209257283528634,0.018741320366861,0.5,0.5
"N387690_CELL2235_N5","N387690","Normal","Homeostatic/regulatory fibroblasts","Y_114",0.0224464478172255,0.0201032940190627,0.5,0.5
"N387690_CELL2287_N3","N387690","Normal","Homeostatic/regulatory fibroblasts","Y_114",0.00773519877770359,0.00692773202202338,0.5,0.5
"N387690_CELL2293_N4","N387690","Normal","Homeostatic/regulatory fibroblasts","Y_114",0.0134664455357347,0.0120607018179873,0.5,0.5
"N387690_CELL2307_N2","N387690","Normal","ECM-producing fibroblasts","Y_114",0.0104121483690217,0.00932523852936395,0.5,0.5
"N387690_CELL2367_N3","N387690","Normal","Homeostatic/regulatory fibroblasts","Y_102",0.186235568798094,0.166794694057665,0.5,0.5
"N387690_CELL2428_N2","N387690","Normal","ECM-producing fibroblasts","Y_102",0.181504359866198,0.162557369515359,0.5,0.5
"N387690_CELL2433_N2","N387690","Normal","Homeostatic/regulatory fibroblasts","Y_114",0.0306235962930121,0.0274268412183714,0.5,0.5
"N387690_CELL2521_N2","N387690","Normal","Homeostatic/regulatory fibroblasts","Y_114",0.0129160045780054,0.0115677206343511,0.5,0.5
"N387690_CELL2576_N3","N387690","Normal","Homeostatic/regulatory fibroblasts","Y_114",0.0198007083549109,0.0177337396583086,0.5,0.5
"N387690_CELL2590_N3","N387690","Normal","Homeostatic/regulatory fibroblasts","Y_114",0.0176603075148549,0.0158167723164526,0.5,0.5
"N387690_CELL2681_N2","N387690","Normal","Homeostatic/regulatory fibroblasts","Y_114",0.0169809858411831,0.015208364097453,0.5,0.5
"N387690_CELL2703_N2","N387690","Normal","Homeostatic/regulatory fibroblasts","Y_114",0.0302336420011976,0.0270775937184472,0.5,0.5
"N387690_CELL2827_N2","N387690","Normal","Homeostatic/regulatory fibroblasts","Y_114",0.0126011618787854,0.0112857439312347,0.5,0.5
"N387690_CELL2934_N3","N387690","Normal","Homeostatic/regulatory fibroblasts","Y_114",0.0300874302723723,0.0269466448307861,0.5,0.5
"N387690_CELL2939_N3","N387690","Normal","Homeostatic/regulatory fibroblasts","Y_102",0.177518696407959,0.158987763980691,0.5,0.5
"N387690_CELL2976_N2","N387690","Normal","Homeostatic/regulatory fibroblasts","Y_114",0.012153226329318,0.0108845677573536,0.5,0.5
"N387690_CELL3003_N3","N387690","Normal","Homeostatic/regulatory fibroblasts","Y_114",0.0213880016245644,0.0191553375678823,0.5,0.5
"N387690_CELL3134_N3","N387690","Normal","Homeostatic/regulatory fibroblasts","Y_82",0.224004548313099,0.20062102177654,0.5,0.5
"N387690_CELL3274_N3","N387690","Normal","ECM-producing fibroblasts","Y_114",0.00786012510392823,0.00703961746096967,0.5,0.5
"N387690_CELL3328_N2","N387690","Normal","ECM-producing fibroblasts","Y_114",0.00643424624399891,0.005762584133018,0.5,0.5
"N387690_CELL3396_N3","N387690","Normal","Homeostatic/regulatory fibroblasts","Y_114",0.0427811398460546,0.038315275530406,0.5,0.5
"N387690_CELL3416_N2","N387690","Normal","Homeostatic/regulatory fibroblasts","Y_114",0.0186292735259515,0.0166845892990847,0.5,0.5
"N387690_CELL3433_N4","N387690","Normal","Homeostatic/regulatory fibroblasts","Y_112",0.0493898638308338,0.0442341239129502,0.5,0.5
"N387690_CELL3453_N2","N387690","Normal","Homeostatic/regulatory fibroblasts","Y_114",0.0181415114421465,0.0162477440279787,0.5,0.5
"N387690_CELL3526_N5","N387690","Normal","Homeostatic/regulatory fibroblasts","Y_114",0.0149856388436808,0.0134213086271411,0.5,0.5
"N387690_CELL3575_N2","N387690","Normal","Homeostatic/regulatory fibroblasts","Y_114",0.0112191693067375,0.0100480156619662,0.5,0.5
"N387690_CELL3596_N2","N387690","Normal","Homeostatic/regulatory fibroblasts","Y_114",0.0134918610750862,0.0120834642641613,0.5,0.5
"N387690_CELL3604_N2","N387690","Normal","Homeostatic/regulatory fibroblasts","Y_98",0.0736617847676197,0.0659723324247309,0.5,0.5
"N387690_CELL3612_N4","N387690","Normal","Homeostatic/regulatory fibroblasts","Y_114",0.0187028085439302,0.0167504480977312,0.5,0.5
"N387690_CELL3631_N4","N387690","Normal","Homeostatic/regulatory fibroblasts","Y_114",0.0175580648065647,0.0157252025837805,0.5,0.5
"N387690_CELL3735_N3","N387690","Normal","Homeostatic/regulatory fibroblasts","Y_114",0.00553292866387865,0.0049553538547464,0.5,0.5
"N387690_CELL3873_N3","N387690","Normal","Homeostatic/regulatory fibroblasts","Y_114",0.00998197312032452,0.00893996868289642,0.5,0.5
"N387690_CELL3902_N2","N387690","Normal","Homeostatic/regulatory fibroblasts","Y_114",0.0123410664769063,0.0110527995304298,0.5,0.5
"N387690_CELL3923_N3","N387690","Normal","Homeostatic/regulatory fibroblasts","Y_114",0.016568941597858,0.0148393325856577,0.5,0.5
"N387690_CELL4047_N4","N387690","Normal","Homeostatic/regulatory fibroblasts","Y_114",0.0309676591808661,0.0277349878548413,0.5,0.5
"N387690_CELL4183_N2","N387690","Normal","Homeostatic/regulatory fibroblasts","Y_114",0.0488322567355324,0.0437347246549813,0.5,0.5
"N387690_CELL4356_N4","N387690","Normal","Homeostatic/regulatory fibroblasts","Y_114",0.0124570272822525,0.0111566553468842,0.5,0.5
"N387690_CELL4456_N2","N387690","Normal","Homeostatic/regulatory fibroblasts","Y_114",0.0182402347772451,0.0163361617699836,0.5,0.5
"N387690_CELL4592_N7","N387690","Normal","Homeostatic/regulatory fibroblasts","Y_33",0.401390764450403,0.359490134919718,0.5,0.5
"N387690_CELL4736_N2","N387690","Normal","Homeostatic/regulatory fibroblasts","Y_114",0.0141576744208929,0.0126797742710523,0.5,0.5
"N387690_CELL4752_N3","N387690","Normal","ECM-producing fibroblasts","Y_114",0.0123971170587392,0.0111029990691586,0.5,0.5
"N387690_CELL4803_N3","N387690","Normal","Homeostatic/regulatory fibroblasts","Y_114",0.0127537668982801,0.0114224187227503,0.5,0.5
"N387690_CELL5015_N2","N387690","Normal","Homeostatic/regulatory fibroblasts","Y_114",0.0204863171365455,0.0183477786827227,0.5,0.5
"N387690_CELL5034_N5","N387690","Normal","Homeostatic/regulatory fibroblasts","Y_114",0.015407299625564,0.0137989528202682,0.5,0.5
"N387690_CELL5095_N3","N387690","Normal","Homeostatic/regulatory fibroblasts","Y_114",0.0233408145749699,0.020904299061741,0.5,0.5
"N387690_CELL5103_N4","N387690","Normal","Homeostatic/regulatory fibroblasts","Y_114",0.016872178263763,0.0151109147933052,0.5,0.5
"N387690_CELL5147_N3","N387690","Normal","Homeostatic/regulatory fibroblasts","Y_114",0.0069519850310555,0.00622627688057533,0.5,0.5
"N387690_CELL5163_N3","N387690","Normal","Homeostatic/regulatory fibroblasts","Y_114",0.01994005751391,0.0178585423503638,0.5,0.5
"N387690_CELL5319_N3","N387690","Normal","Homeostatic/regulatory fibroblasts","Y_97",0.141128938798099,0.126396683090286,0.5,0.5
"N387690_CELL5347_N4","N387690","Normal","ECM-producing fibroblasts","Y_114",0.00729575681993515,0.00653416280549229,0.5,0.5
"N387690_CELL5652_N2","N387690","Normal","Homeostatic/regulatory fibroblasts","Y_97",0.116439401940881,0.104284453009309,0.5,0.5
"N387690_CELL5660_N3","N387690","Normal","Homeostatic/regulatory fibroblasts","Y_114",0.0109911462530126,0.00984379562102772,0.5,0.5
"N387690_CELL5689_N2","N387690","Normal","Homeostatic/regulatory fibroblasts","Y_20",0.0138185395949737,0.0123760412629134,0.5,0.5
"N387690_CELL5726_N2","N387690","Normal","Homeostatic/regulatory fibroblasts","Y_114",0.0193890569897805,0.0173650600126938,0.5,0.5
"N387690_CELL5772_N5","N387690","Normal","Homeostatic/regulatory fibroblasts","Y_103",0.0399037814914652,0.0357382806548014,0.5,0.5
"N387690_CELL6006_N2","N387690","Normal","Homeostatic/regulatory fibroblasts","Y_114",0.0120630721864276,0.0108038246813748,0.5,0.5
"N387690_CELL6059_N2","N387690","Normal","Homeostatic/regulatory fibroblasts","Y_114",0.019514979950138,0.0174778380485074,0.5,0.5
"N387690_CELL6261_N3","N387690","Normal","Homeostatic/regulatory fibroblasts","Y_114",0.0272789935078852,0.0244313769153388,0.5,0.5
"N387690_CELL6304_N2","N387690","Normal","Homeostatic/regulatory fibroblasts","Y_114",0.0200025137765404,0.0179144788896869,0.5,0.5
"N387690_CELL6362_N2","N387690","Normal","Homeostatic/regulatory fibroblasts","Y_114",0.0101764274007573,0.00911412414859137,0.5,0.5
"N387690_CELL6518_N4","N387690","Normal","Homeostatic/regulatory fibroblasts","Y_114",0.0222853399778796,0.0199590040053591,0.5,0.5
"N387690_CELL6594_N2","N387690","Normal","Homeostatic/regulatory fibroblasts","Y_114",0.00981365905894612,0.00878922469476144,0.5,0.5
"N387690_CELL6668_N2","N387690","Normal","Homeostatic/regulatory fibroblasts","Y_114",0.0129961937984546,0.0116395390124292,0.5,0.5
"N387690_CELL6871_N2","N387690","Normal","Homeostatic/regulatory fibroblasts","Y_114",0.00254893169619978,0.00228285222412293,0.5,0.5
"N387690_CELL6935_N4","N387690","Normal","Homeostatic/regulatory fibroblasts","Y_114",0.0251583180398828,0.0225320758410927,0.5,0.5
"N387690_CELL6951_N3","N387690","Normal","Homeostatic/regulatory fibroblasts","Y_114",0.00453386011974989,0.00406057670108005,0.5,0.5
"N387690_CELL7016_N2","N387690","Normal","Homeostatic/regulatory fibroblasts","Y_114",0.0160942011295085,0.0144141496214893,0.5,0.5
"N387690_CELL7026_N2","N387690","Normal","Homeostatic/regulatory fibroblasts","Y_114",0.00852315674821361,0.00763343614433314,0.5,0.5
"N387690_CELL7096_N2","N387690","Normal","Homeostatic/regulatory fibroblasts","Y_114",0.0117637153275207,0.0105357172730119,0.5,0.5
"N387690_CELL7121_N2","N387690","Normal","Homeostatic/regulatory fibroblasts","Y_114",0.0189667339040302,0.0169868226526889,0.5,0.5
"N387690_CELL7143_N3","N387690","Normal","ECM-producing fibroblasts","Y_97",0.111564959892183,0.0999188472581548,0.5,0.5
"N387690_CELL7176_N3","N387690","Normal","Homeostatic/regulatory fibroblasts","Y_114",0.020820988079269,0.0186475137862897,0.5,0.5
"N387690_CELL7208_N2","N387690","Normal","Homeostatic/regulatory fibroblasts","Y_101",0.440030035906292,0.394095906001413,0.5,0.5
"N387690_CELL7473_N3","N387690","Normal","Homeostatic/regulatory fibroblasts","Y_114",0.0114983628534231,0.010298064578523,0.5,0.5
"N387690_CELL7509_N2","N387690","Normal","ECM-producing fibroblasts","Y_114",0.018710615480544,0.0167574400789753,0.5,0.5
"N387690_CELL7538_N2","N387690","Normal","Homeostatic/regulatory fibroblasts","Y_114",0.0280115656831054,0.0250874768893103,0.5,0.5
"N387690_CELL7573_N3","N387690","Normal","Homeostatic/regulatory fibroblasts","Y_114",0.0136281272761164,0.0122055058239875,0.5,0.5
"N387690_CELL7647_N3","N387690","Normal","Homeostatic/regulatory fibroblasts","Y_114",0.0147692739163085,0.0132275297367886,0.5,0.5
"N387690_CELL7825_N2","N387690","Normal","Homeostatic/regulatory fibroblasts","Y_114",0.0191335791191379,0.017136251125394,0.5,0.5
"N387690_CELL7852_N2","N387690","Normal","Homeostatic/regulatory fibroblasts","Y_114",0.0321233790242875,0.0287700636942414,0.5,0.5
"N387690_CELL7902_N2","N387690","Normal","Homeostatic/regulatory fibroblasts","Y_20",0.0134178507419805,0.0120171797678799,0.5,0.5
"N387690_CELL7949_N2","N387690","Normal","Matrix-remodeling fibroblasts","Y_87",0.118175172526378,0.105839028892051,0.5,0.5
"N387690_CELL8052_N2","N387690","Normal","Matrix-remodeling fibroblasts","Y_100",0.316430082189633,0.283398381362271,0.5,0.5
"N387690_CELL8080_N2","N387690","Normal","Homeostatic/regulatory fibroblasts","Y_114",0.0193609963517739,0.0173399285860733,0.5,0.5
"N387690_CELL8105_N2","N387690","Normal","Homeostatic/regulatory fibroblasts","Y_114",0.0083829596813223,0.00750787405632368,0.5,0.5
"N387690_CELL8127_N2","N387690","Normal","Homeostatic/regulatory fibroblasts","Y_114",0.0224308234957099,0.0200893006989689,0.5,0.5
"N387690_CELL8151_N3","N387690","Normal","Homeostatic/regulatory fibroblasts","Y_114",0.014453613362481,0.0129448205537817,0.5,0.5
"N387690_CELL8300_N2","N387690","Normal","Homeostatic/regulatory fibroblasts","Y_114",0.0148913023622966,0.0133368198012283,0.5,0.5
"N387690_CELL8314_N4","N387690","Normal","Homeostatic/regulatory fibroblasts","Y_114",0.0300808565169937,0.026940757300685,0.5,0.5
"N387690_CELL8342_N2","N387690","Normal","Homeostatic/regulatory fibroblasts","Y_114",0.0286525112634709,0.025661515042573,0.5,0.5
"N387690_CELL8351_N3","N387690","Normal","Homeostatic/regulatory fibroblasts","Y_115",0.0429555958015801,0.0384715202688102,0.5,0.5
"N387690_CELL8481_N2","N387690","Normal","Homeostatic/regulatory fibroblasts","Y_114",0.021494309627114,0.0192505482243406,0.5,0.5
"N387690_CELL8510_N3","N387690","Normal","Homeostatic/regulatory fibroblasts","Y_100",0.314932724541123,0.282057330818113,0.5,0.5
"N387690_CELL8571_N2","N387690","Normal","Homeostatic/regulatory fibroblasts","Y_114",0.0477935173412928,0.0428044178366545,0.5,0.5
"N387690_CELL8611_N2","N387690","Normal","Homeostatic/regulatory fibroblasts","Y_114",0.00877043853374137,0.00785490452456426,0.5,0.5
"N387690_CELL8623_N3","N387690","Normal","Homeostatic/regulatory fibroblasts","Y_114",0.0244110777383293,0.0218628389263103,0.5,0.5
"N387690_CELL8670_N2","N387690","Normal","Homeostatic/regulatory fibroblasts","Y_116",0.228488321395036,0.204636739956758,0.5,0.5
"N387690_CELL8732_N3","N387690","Normal","Homeostatic/regulatory fibroblasts","Y_1",0,0.977435626031319,0,1
"N387690_CELL8763_N2","N387690","Normal","Homeostatic/regulatory fibroblasts","Y_70",0.244379606027642,0.218869155255214,0.5,0.5
"N387690_CELL8888_N2","N387690","Normal","Homeostatic/regulatory fibroblasts","Y_20",0.0172434742881582,0.0154434517366695,0.5,0.5
"N387690_CELL8943_N2","N387690","Normal","Homeostatic/regulatory fibroblasts","Y_114",0.017261387316418,0.0154594948485601,0.5,0.5
"N387690_CELL9070_N2","N387690","Normal","Homeostatic/regulatory fibroblasts","Y_114",0.0133288208307624,0.0119374435665761,0.5,0.5
"N387690_CELL9385_N2","N387690","Normal","Homeostatic/regulatory fibroblasts","Y_114",0.0131557165438268,0.0117824093979378,0.5,0.5
"N387690_CELL9436_N2","N387690","Normal","Homeostatic/regulatory fibroblasts","Y_114",0.0256970312355622,0.0230145535076204,0.5,0.5
"N387690_CELL9517_N2","N387690","Normal","Homeostatic/regulatory fibroblasts","Y_114",0.010977599225854,0.00983166274939157,0.5,0.5
"N387690_CELL9559_N2","N387690","Normal","Homeostatic/regulatory fibroblasts","Y_114",0.0151869679626017,0.0136016212763952,0.5,0.5
"N387690_CELL9812_N2","N387690","Normal","Homeostatic/regulatory fibroblasts","Y_114",0.00660340161539753,0.00591408160797796,0.5,0.5
"N387690_CELL9885_N3","N387690","Normal","Homeostatic/regulatory fibroblasts","Y_114",0.0178586516908489,0.0159944116168642,0.5,0.5
"N387690_CELL9890_N2","N387690","Normal","Homeostatic/regulatory fibroblasts","Y_114",0.0275599707526005,0.0246830233321426,0.5,0.5
"N387690_CELL10048_N4","N387690","Normal","Homeostatic/regulatory fibroblasts","Y_114",0.0190642061352837,0.0170741198918574,0.5,0.5
"N387690_CELL10058_N2","N387690","Normal","Homeostatic/regulatory fibroblasts","Y_114",0.0184316523787773,0.0165075975515095,0.5,0.5
"N387690_CELL10163_N3","N387690","Normal","Homeostatic/regulatory fibroblasts","Y_114",0.0326561778979571,0.0292472444266951,0.5,0.5
"N387690_CELL10200_N3","N387690","Normal","Homeostatic/regulatory fibroblasts","Y_114",0.0156507710046296,0.0140170085571242,0.5,0.5
"N387690_CELL10230_N3","N387690","Normal","Homeostatic/regulatory fibroblasts","Y_114",0.0159603016170109,0.0142942276948367,0.5,0.5
"N387690_CELL10274_N1","N387690","Normal","Matrix-remodeling fibroblasts","Y_114",0.0046639493302562,0.00417708607792271,0.5,0.5
"N387690_CELL10291_N2","N387690","Normal","Homeostatic/regulatory fibroblasts","Y_114",0.0100514715196018,0.00900221223991271,0.5,0.5
"N387690_CELL10744_N2","N387690","Normal","Homeostatic/regulatory fibroblasts","Y_114",0.0178598714472883,0.0159955040446074,0.5,0.5
"N387690_CELL10762_N2","N387690","Normal","Homeostatic/regulatory fibroblasts","Y_114",0.020539712168271,0.0183955998805655,0.5,0.5
"N387690_CELL10781_N2","N387690","Normal","Homeostatic/regulatory fibroblasts","Y_114",0.0238814882542682,0.0213885325597005,0.5,0.5
"N387690_CELL10871_N3","N387690","Normal","Homeostatic/regulatory fibroblasts","Y_114",0.0237453940820139,0.0212666450708031,0.5,0.5
"N387690_CELL10951_N2","N387690","Normal","Homeostatic/regulatory fibroblasts","Y_114",0.0123850980543425,0.011092234712091,0.5,0.5
"N387690_CELL10988_N2","N387690","Normal","Homeostatic/regulatory fibroblasts","Y_114",0.0127131711466932,0.0113860607058061,0.5,0.5
"N387690_CELL11123_N2","N387690","Normal","Homeostatic/regulatory fibroblasts","Y_114",0.0235226211970337,0.0210671271407191,0.5,0.5
"N387690_CELL11214_N2","N387690","Normal","Homeostatic/regulatory fibroblasts","Y_114",0.0111961472396902,0.0100273968368163,0.5,0.5
"N387690_CELL11231_N2","N387690","Normal","Homeostatic/regulatory fibroblasts","Y_114",0.0186939132819588,0.0167424813999158,0.5,0.5
"N387690_CELL11336_N3","N387690","Normal","Homeostatic/regulatory fibroblasts","Y_114",0.024362124745257,0.0218189960688187,0.5,0.5
"N387690_CELL11516_N4","N387690","Normal","Homeostatic/regulatory fibroblasts","Y_114",0.0141248741204797,0.0126503979488614,0.5,0.5
"N387690_CELL11610_N2","N387690","Normal","Homeostatic/regulatory fibroblasts","Y_114",0.0137596681269936,0.0123233153064604,0.5,0.5
"N387690_CELL11624_N2","N387690","Normal","Homeostatic/regulatory fibroblasts","Y_114",0.0135401726111794,0.0121267326254853,0.5,0.5
"N387690_CELL11685_N2","N387690","Normal","ECM-producing fibroblasts","Y_114",0.0172671532028457,0.0154646588420383,0.5,0.5
"N387690_CELL11737_N2","N387690","Normal","Homeostatic/regulatory fibroblasts","Y_114",0.0202136307507486,0.0181035576534842,0.5,0.5
"N387690_CELL11864_N3","N387690","Normal","Homeostatic/regulatory fibroblasts","Y_114",0.0146091629591021,0.0130841325420697,0.5,0.5
"N387690_CELL12009_N2","N387690","Normal","Homeostatic/regulatory fibroblasts","Y_114",0.0184639838429972,0.0165365539786721,0.5,0.5
"N387690_CELL12013_N2","N387690","Normal","Homeostatic/regulatory fibroblasts","Y_114",0.0212581638812321,0.0190390534079015,0.5,0.5
"N387690_CELL12032_N2","N387690","Normal","Homeostatic/regulatory fibroblasts","Y_114",0.0138187131865271,0.0123761967334835,0.5,0.5
"N387690_CELL12180_N2","N387690","Normal","Matrix-remodeling fibroblasts","Y_104",0.213717407854814,0.19140774175414,0.5,0.5
"N387690_CELL12201_N3","N387690","Normal","Homeostatic/regulatory fibroblasts","Y_114",0.0169583554385609,0.0151880960514179,0.5,0.5
"N387690_CELL12225_N2","N387690","Normal","Homeostatic/regulatory fibroblasts","Y_114",0.0258844877200753,0.0231824416676818,0.5,0.5
"N387690_CELL12532_N2","N387690","Normal","Homeostatic/regulatory fibroblasts","Y_114",0.0220033072787951,0.0197064123116152,0.5,0.5
"N387690_CELL12554_N2","N387690","Normal","Homeostatic/regulatory fibroblasts","Y_114",0.022243435063381,0.0199214734872179,0.5,0.5
"N387690_CELL12600_N2","N387690","Normal","Homeostatic/regulatory fibroblasts","Y_114",0.0149245574653965,0.0133666034498794,0.5,0.5
"N387690_CELL12652_N2","N387690","Normal","Homeostatic/regulatory fibroblasts","Y_91",0.252308441386958,0.225970310402567,0.5,0.5
"N387690_CELL12834_N2","N387690","Normal","Homeostatic/regulatory fibroblasts","Y_114",0.0326468732066708,0.0292389110393276,0.5,0.5
"N387690_CELL13111_N2","N387690","Normal","Homeostatic/regulatory fibroblasts","Y_114",0.0143182121811838,0.012823553715469,0.5,0.5
"N387690_CELL13137_N2","N387690","Normal","Homeostatic/regulatory fibroblasts","Y_114",0.0160219692939478,0.0143494579678416,0.5,0.5
"N387690_CELL13168_N2","N387690","Normal","Homeostatic/regulatory fibroblasts","Y_114",0.0176166603973527,0.0157776814614819,0.5,0.5
"N387690_CELL13400_N1","N387690","Normal","ECM-producing fibroblasts","Y_114",0.0139195569894885,0.012466513590629,0.5,0.5
"N387690_CELL13518_N1","N387690","Normal","Homeostatic/regulatory fibroblasts","Y_114",0.00977592725059518,0.00875543165795996,0.5,0.5
"N387690_CELL13708_N1","N387690","Normal","Homeostatic/regulatory fibroblasts","Y_102",0.168170277919013,0.150615214033064,0.5,0.5
"N387690_CELL13917_N1","N387690","Normal","Homeostatic/regulatory fibroblasts","Y_114",0.0127508528617899,0.0114198088785192,0.5,0.5
"N387690_CELL14005_N1","N387690","Normal","Homeostatic/regulatory fibroblasts","Y_114",0.0230297527558126,0.0206257085578206,0.5,0.5
"N387690_CELL14114_N1","N387690","Normal","Homeostatic/regulatory fibroblasts","Y_114",0.0171896394718244,0.0153952366627285,0.5,0.5
"N387690_CELL14242_N1","N387690","Normal","Homeostatic/regulatory fibroblasts","Y_114",0.0268799760297659,0.024074012322656,0.5,0.5
"N387690_CELL14327_N1","N387690","Normal","Homeostatic/regulatory fibroblasts","Y_114",0.0136080225811677,0.0121874998304776,0.5,0.5
"N387690_CELL14331_N1","N387690","Normal","Homeostatic/regulatory fibroblasts","Y_114",0.0102834729453761,0.00920999535611715,0.5,0.5
"N387690_CELL14504_N1","N387690","Normal","Homeostatic/regulatory fibroblasts","Y_114",0.0220410023596647,0.0197401724548666,0.5,0.5
"N387690_CELL14520_N1","N387690","Normal","Homeostatic/regulatory fibroblasts","Y_114",0.0220319363626458,0.0197320528448004,0.5,0.5
"N387690_CELL14677_N1","N387690","Normal","Homeostatic/regulatory fibroblasts","Y_114",0.0237026707059709,0.0212283815291918,0.5,0.5
"N387690_CELL14707_N1","N387690","Normal","Homeostatic/regulatory fibroblasts","Y_114",0.0155257328379114,0.0139050229525595,0.5,0.5
"N387690_CELL14757_N1","N387690","Normal","Homeostatic/regulatory fibroblasts","Y_114",0.0158723428507622,0.0142154508231531,0.5,0.5
"N387690_CELL15052_N1","N387690","Normal","Homeostatic/regulatory fibroblasts","Y_114",0.0201883745938857,0.0180809379520802,0.5,0.5
"N387690_CELL15144_N1","N387690","Normal","Homeostatic/regulatory fibroblasts","Y_114",0.0207819535312936,0.0186125540010605,0.5,0.5
"N387690_CELL15190_N1","N387690","Normal","Homeostatic/regulatory fibroblasts","Y_114",0.00608534644865451,0.00545010550717428,0.5,0.5
"N387690_CELL15208_N1","N387690","Normal","Matrix-remodeling fibroblasts","Y_82",0.193002974421965,0.172855659521364,0.5,0.5
"N387690_CELL15284_N1","N387690","Normal","Homeostatic/regulatory fibroblasts","Y_114",0.0105102100763552,0.0094130637100156,0.5,0.5
"N387690_CELL15602_N1","N387690","Normal","Homeostatic/regulatory fibroblasts","Y_114",0.020625591246357,0.0184725141598718,0.5,0.5
"N387690_CELL15676_N1","N387690","Normal","Homeostatic/regulatory fibroblasts","Y_114",0.00850842276555208,0.00762024022184561,0.5,0.5
"N387690_CELL15721_N1","N387690","Normal","Matrix-remodeling fibroblasts","Y_101",0.448692089129162,0.401853739408554,0.5,0.5
"N387690_CELL15777_N1","N387690","Normal","Homeostatic/regulatory fibroblasts","Y_114",0.015500691160817,0.0138825953416762,0.5,0.5
"N387690_CELL15787_N1","N387690","Normal","Homeostatic/regulatory fibroblasts","Y_114",0.0279518233348128,0.0250339709625422,0.5,0.5
"N387690_CELL15796_N1","N387690","Normal","Homeostatic/regulatory fibroblasts","Y_114",0.0233201729316904,0.0208858121711976,0.5,0.5
"N387690_CELL15927_N1","N387690","Normal","Homeostatic/regulatory fibroblasts","Y_114",0.00526416153852449,0.0047146429597465,0.5,0.5
"N387690_CELL16076_N1","N387690","Normal","Homeostatic/regulatory fibroblasts","Y_114",0.0237640372931526,0.0212833421427867,0.5,0.5
"N387690_CELL16196_N1","N387690","Normal","ECM-producing fibroblasts","Y_114",0.00642595450104257,0.00575515795369826,0.5,0.5
"N387690_CELL16327_N1","N387690","Normal","Homeostatic/regulatory fibroblasts","Y_115",0.0397996937921371,0.0356450585271668,0.5,0.5
"N387690_CELL16328_N1","N387690","Normal","Homeostatic/regulatory fibroblasts","Y_107",0.306845306285475,0.274814147024745,0.5,0.5
"N387690_CELL16368_N1","N387690","Normal","Homeostatic/regulatory fibroblasts","Y_114",0.0172195112389614,0.0154219901572019,0.5,0.5
"N387690_CELL16444_N1","N387690","Normal","Homeostatic/regulatory fibroblasts","Y_114",0.00314406802831561,0.0028158630935207,0.5,0.5
"N387690_CELL16480_N1","N387690","Normal","Homeostatic/regulatory fibroblasts","Y_114",0.00384264257696615,0.00344151440637469,0.5,0.5
"N387690_CELL16661_N1","N387690","Normal","Homeostatic/regulatory fibroblasts","Y_114",0.00593952160580175,0.00531950311899137,0.5,0.5
"N387690_CELL16681_N1","N387690","Normal","Homeostatic/regulatory fibroblasts","Y_114",0.0212900693897281,0.019067628344272,0.5,0.5
"N387690_CELL16825_N1","N387690","Normal","Homeostatic/regulatory fibroblasts","Y_114",0.00210701453231864,0.00188706618483901,0.5,0.5
"N387690_CELL16881_N1","N387690","Normal","ECM-producing fibroblasts","Y_93",0.129173376550635,0.115689145533295,0.5,0.5
"N387690_CELL17065_N1","N387690","Normal","Homeostatic/regulatory fibroblasts","Y_114",0.0163181881827754,0.0146147549745035,0.5,0.5
"N387690_CELL17160_N1","N387690","Normal","Homeostatic/regulatory fibroblasts","Y_114",0.0308390167497618,0.0276197742300899,0.5,0.5
"N387690_CELL17338_N1","N387690","Normal","Homeostatic/regulatory fibroblasts","Y_114",0.0122588852587862,0.0109791970965763,0.5,0.5
"N387690_CELL17356_N1","N387690","Normal","Homeostatic/regulatory fibroblasts","Y_114",0.0195610385566298,0.0175190886604506,0.5,0.5
"N387690_CELL17497_N1","N387690","Normal","Homeostatic/regulatory fibroblasts","Y_92",0.337593893862028,0.302352931858573,0.5,0.5
"N387690_CELL17766_N1","N387690","Normal","Homeostatic/regulatory fibroblasts","Y_114",0.0157236125575372,0.014082246280564,0.5,0.5
"N387690_CELL17784_N1","N387690","Normal","Homeostatic/regulatory fibroblasts","Y_114",0.0206388864501684,0.0184844214956534,0.5,0.5
"N387690_CELL17808_N1","N387690","Normal","ECM-producing fibroblasts","Y_114",0.00371775825272037,0.00332966658487849,0.5,0.5
"N387690_CELL17887_N1","N387690","Normal","Homeostatic/regulatory fibroblasts","Y_114",0.00919520685583586,0.00823533186605642,0.5,0.5
"N387690_CELL18077_N1","N387690","Normal","Homeostatic/regulatory fibroblasts","Y_114",0.00523222468187679,0.00468603994761464,0.5,0.5
"N387690_CELL18532_N1","N387690","Normal","Homeostatic/regulatory fibroblasts","Y_114",0.0245427353555561,0.0219807529860542,0.5,0.5
"N387690_CELL18587_N1","N387690","Normal","Homeostatic/regulatory fibroblasts","Y_112",0.0729998210641878,0.0653794702013449,0.5,0.5
"N387690_CELL18607_N1","N387690","Normal","Homeostatic/regulatory fibroblasts","Y_114",0.0155177218874749,0.0138978482542149,0.5,0.5
"N387690_CELL18650_N1","N387690","Normal","Homeostatic/regulatory fibroblasts","Y_114",0.0147014733810629,0.0131668068061142,0.5,0.5
"N387690_CELL18876_N1","N387690","Normal","Homeostatic/regulatory fibroblasts","Y_114",0.00466187637309179,0.004175229513904,0.5,0.5
"N387690_CELL18900_N1","N387690","Normal","Homeostatic/regulatory fibroblasts","Y_114",0.0135797247798326,0.012162155997682,0.5,0.5
"N387690_CELL18905_N1","N387690","Normal","Homeostatic/regulatory fibroblasts","Y_114",0.0273680568061602,0.0245111430184705,0.5,0.5
"N387690_CELL18953_N1","N387690","Normal","Homeostatic/regulatory fibroblasts","Y_114",0.006102063892281,0.00546507783986617,0.5,0.5
"N387690_CELL19154_N1","N387690","Normal","Homeostatic/regulatory fibroblasts","Y_114",0.0301099269778802,0.0269667931361647,0.5,0.5
"N387690_CELL19367_N1","N387690","Normal","Homeostatic/regulatory fibroblasts","Y_114",0.00972590558451244,0.00871063168476274,0.5,0.5
"N387690_CELL19370_N1","N387690","Normal","Homeostatic/regulatory fibroblasts","Y_114",0.0107097057818784,0.00959173433337345,0.5,0.5
"N387690_CELL19514_N1","N387690","Normal","Homeostatic/regulatory fibroblasts","Y_114",0.0196715815995615,0.0176180922672535,0.5,0.5
"N387690_CELL19986_N1","N387690","Normal","Homeostatic/regulatory fibroblasts","Y_95",0.255877047512022,0.229166394645141,0.5,0.5
"N387690_CELL20338_N1","N387690","Normal","Homeostatic/regulatory fibroblasts","Y_114",0.0169111642742735,0.0151458311078288,0.5,0.5
"N387690_CELL20382_N1","N387690","Normal","Homeostatic/regulatory fibroblasts","Y_60",0.390932375212039,0.350123482541728,0.5,0.5
"N387690_CELL20593_N1","N387690","Normal","ECM-producing fibroblasts","Y_114",0.0181024321305339,0.0162127441519267,0.5,0.5
"N387690_CELL20615_N1","N387690","Normal","Homeostatic/regulatory fibroblasts","Y_114",0.0177787945265386,0.0159228906320415,0.5,0.5
"N387690_CELL20716_N1","N387690","Normal","Homeostatic/regulatory fibroblasts","Y_114",0,0,0.5,0.5
"N387690_CELL20809_N1","N387690","Normal","Homeostatic/regulatory fibroblasts","Y_114",0.00967819735797767,0.00866790365434268,0.5,0.5
"N387690_CELL20890_N1","N387690","Normal","Homeostatic/regulatory fibroblasts","Y_114",0.0118032618147511,0.0105711355568619,0.5,0.5
"N387690_CELL20940_N1","N387690","Normal","Homeostatic/regulatory fibroblasts","Y_114",0.0198918924279812,0.0178154051514732,0.5,0.5
"N387690_CELL20959_N1","N387690","Normal","Homeostatic/regulatory fibroblasts","Y_114",0.02241128107604,0.0200717982855952,0.5,0.5
"N387690_CELL21237_N1","N387690","Normal","Homeostatic/regulatory fibroblasts","Y_114",0.0184083300343982,0.0164867097945653,0.5,0.5
"N387690_CELL21242_N1","N387690","Normal","Homeostatic/regulatory fibroblasts","Y_114",0.0125732989937243,0.0112607896144018,0.5,0.5
"N387690_CELL21451_N1","N387690","Normal","Homeostatic/regulatory fibroblasts","Y_114",0.0165979365468418,0.0148653007918182,0.5,0.5
"N387690_CELL21567_N1","N387690","Normal","Homeostatic/regulatory fibroblasts","Y_114",0.0182808331467949,0.0163725221316052,0.5,0.5
"N387690_CELL21636_N1","N387690","Normal","Homeostatic/regulatory fibroblasts","Y_114",0.0250749202253729,0.0224573838096723,0.5,0.5
"N387690_CELL21668_N1","N387690","Normal","ECM-producing fibroblasts","Y_114",0.0119017946473262,0.0106593826826395,0.5,0.5
"N387690_CELL21788_N1","N387690","Normal","Homeostatic/regulatory fibroblasts","Y_114",0.0242896671619595,0.0217541022329297,0.5,0.5
"N387690_CELL22185_N1","N387690","Normal","Homeostatic/regulatory fibroblasts","Y_114",0.0128277171943121,0.0114886494491455,0.5,0.5
"N387690_CELL22358_N1","N387690","Normal","Homeostatic/regulatory fibroblasts","Y_114",0.013922841763063,0.0124694554712104,0.5,0.5
"N387690_CELL22399_N1","N387690","Normal","Homeostatic/regulatory fibroblasts","Y_114",0.0282333255791238,0.0252860875749563,0.5,0.5
"N387690_CELL22433_N1","N387690","Normal","ECM-producing fibroblasts","Y_114",0.00923013365110999,0.00826661270123607,0.5,0.5
"N387690_CELL22642_N1","N387690","Normal","Homeostatic/regulatory fibroblasts","Y_114",0.0227432969805474,0.0203691555067317,0.5,0.5
"N387690_CELL22657_N1","N387690","Normal","Homeostatic/regulatory fibroblasts","Y_98",0.073706518056484,0.0660123960671299,0.5,0.5
"N387690_CELL22759_N1","N387690","Normal","Homeostatic/regulatory fibroblasts","Y_114",0.0174429396509742,0.0156220951847536,0.5,0.5
"N387690_CELL22827_N1","N387690","Normal","ECM-producing fibroblasts","Y_114",0.0192829164259454,0.0172699993162531,0.5,0.5
"N387690_CELL22936_N1","N387690","Normal","Homeostatic/regulatory fibroblasts","Y_114",0.0102926148343938,0.00921818293592082,0.5,0.5
"N387690_CELL22944_N1","N387690","Normal","Homeostatic/regulatory fibroblasts","Y_114",0.00837834207172397,0.00750373847263684,0.5,0.5
"N387690_CELL23098_N1","N387690","Normal","Homeostatic/regulatory fibroblasts","Y_114",0.0208928520506487,0.018711875976592,0.5,0.5
"N387690_CELL23353_N1","N387690","Normal","Homeostatic/regulatory fibroblasts","Y_20",0.0294982075970303,0.0264189302996696,0.5,0.5
"N387690_CELL23365_N1","N387690","Normal","Homeostatic/regulatory fibroblasts","Y_114",0.015088726439254,0.0135136350504755,0.5,0.5
"N387690_CELL23371_N1","N387690","Normal","Homeostatic/regulatory fibroblasts","Y_114",0.0167844107767155,0.0150323092334502,0.5,0.5
"N387690_CELL23678_N1","N387690","Normal","Homeostatic/regulatory fibroblasts","Y_114",0.00830235860940912,0.00743568681938907,0.5,0.5
"N387690_CELL23683_N1","N387690","Normal","Homeostatic/regulatory fibroblasts","Y_114",0.0124966710572276,0.0111921607627452,0.5,0.5
"N387690_CELL23687_N1","N387690","Normal","Homeostatic/regulatory fibroblasts","Y_114",0.0237854906137175,0.0213025559807406,0.5,0.5
"N387690_CELL23969_N1","N387690","Normal","ECM-producing fibroblasts","Y_114",0.0226311543177841,0.0202687192622103,0.5,0.5
"N387690_CELL24223_N1","N387690","Normal","ECM-producing fibroblasts","Y_114",0.0202908086860441,0.018172679090322,0.5,0.5
"N387690_CELL24463_N1","N387690","Normal","Homeostatic/regulatory fibroblasts","Y_113",0.163221978468181,0.146183460752346,0.5,0.5
"N387690_CELL24542_N1","N387690","Normal","Homeostatic/regulatory fibroblasts","Y_114",0.0190672296374741,0.0170768277748148,0.5,0.5
"N387690_CELL24571_N1","N387690","Normal","Homeostatic/regulatory fibroblasts","Y_114",0.0111290518694298,0.00996730545992471,0.5,0.5
"N387690_CELL24707_N1","N387690","Normal","Homeostatic/regulatory fibroblasts","Y_114",0.0182895802576555,0.0163803561436003,0.5,0.5
"N387690_CELL24811_N1","N387690","Normal","Homeostatic/regulatory fibroblasts","Y_114",0.0156188565461089,0.0139884256050096,0.5,0.5
"N387690_CELL24914_N1","N387690","Normal","Homeostatic/regulatory fibroblasts","Y_114",0.0158930033447043,0.0142339545965643,0.5,0.5
"N387690_CELL25178_N1","N387690","Normal","Homeostatic/regulatory fibroblasts","Y_114",0.0151071633079387,0.0135301473198099,0.5,0.5
"N387690_CELL25306_N1","N387690","Normal","Homeostatic/regulatory fibroblasts","Y_114",0.00890965967773216,0.00797959256492178,0.5,0.5
"N387690_CELL25358_N1","N387690","Normal","Homeostatic/regulatory fibroblasts","Y_114",0.0211933538527529,0.0189810088091074,0.5,0.5
"N387690_CELL25461_N1","N387690","Normal","Homeostatic/regulatory fibroblasts","Y_114",0.0230217397583274,0.0206185320261159,0.5,0.5
"N387690_CELL25723_N1","N387690","Normal","Homeostatic/regulatory fibroblasts","Y_114",0.023739203070748,0.0212611003306835,0.5,0.5
"N387690_CELL25737_N1","N387690","Normal","Homeostatic/regulatory fibroblasts","Y_119",0.107212429073736,0.0960206711421492,0.5,0.5
"N387690_CELL26286_N1","N387690","Normal","Homeostatic/regulatory fibroblasts","Y_114",0.0243271845084085,0.021787703195212,0.5,0.5
"N387690_CELL26358_N1","N387690","Normal","Homeostatic/regulatory fibroblasts","Y_114",0.0208384885570501,0.0186631874132784,0.5,0.5
"N387690_CELL26373_N1","N387690","Normal","Homeostatic/regulatory fibroblasts","Y_114",0.0147220182743606,0.0131852070462732,0.5,0.5
"N387690_CELL26375_N1","N387690","Normal","Homeostatic/regulatory fibroblasts","Y_114",0.0198274963758475,0.0177577313146037,0.5,0.5
"N387690_CELL26376_N1","N387690","Normal","Homeostatic/regulatory fibroblasts","Y_107",0.301288809262587,0.269837685079552,0.5,0.5
"N387690_CELL27004_N1","N387690","Normal","Homeostatic/regulatory fibroblasts","Y_114",0.0155475587611877,0.0139245704977406,0.5,0.5
"N387690_CELL27171_N1","N387690","Normal","Homeostatic/regulatory fibroblasts","Y_114",0.0156530276509008,0.0140190296351966,0.5,0.5
"N387690_CELL27178_N1","N387690","Normal","Homeostatic/regulatory fibroblasts","Y_114",0.0119472308422491,0.010700075855701,0.5,0.5
"N387690_CELL27194_N1","N387690","Normal","ECM-producing fibroblasts","Y_110",0.404842096645892,0.362581187296839,0.5,0.5
"N387690_CELL27266_N1","N387690","Normal","ECM-producing fibroblasts","Y_113",0.171449664814392,0.153552270243333,0.5,0.5
"N387690_CELL27307_N1","N387690","Normal","ECM-producing fibroblasts","Y_114",0.0161378137526621,0.0144532095829291,0.5,0.5
"N387690_CELL27560_N1","N387690","Normal","ECM-producing fibroblasts","Y_120",0.388569524304618,0.348007286388917,0.5,0.5
"N387690_CELL27569_N1","N387690","Normal","Homeostatic/regulatory fibroblasts","Y_114",0.00163087891238839,0.00146063370704352,0.5,0.5
"N387690_CELL27976_N1","N387690","Normal","Homeostatic/regulatory fibroblasts","Y_114",0.0216993204399005,0.0194341582405041,0.5,0.5
"N387690_CELL28594_N1","N387690","Normal","Homeostatic/regulatory fibroblasts","Y_93",0.12819270177559,0.114810842048471,0.5,0.5
