"gene","spearman_rho.mixed_remodeling_branch","fdr.mixed_remodeling_branch","spearman_rho.ecm_dominant_branch","fdr.ecm_dominant_branch","branch_pattern","original_module"
"LAMC3",-0.503006567764177,5.06508778115145e-57,-0.459996570051099,1.37632372798614e-36,"common_decreasing","D1_early_decreasing"
"SEMA3G",-0.482756823956002,4.84302348441599e-52,-0.499768762499386,7.24540631350649e-44,"common_decreasing","D1_early_decreasing"
"IGFBP3",-0.469825367842951,4.97572684314938e-49,-0.543549538372775,4.79122614997154e-53,"common_decreasing","D1_early_decreasing"
"ALX4",-0.470747413996546,3.05323458742602e-49,-0.447704358596634,1.54577888128568e-34,"common_decreasing","D1_early_decreasing"
"COL23A1",-0.468652439669376,9.20684531683778e-49,-0.411139815616479,7.65141147386203e-29,"common_decreasing","D1_early_decreasing"
"TFAP2A",-0.462794375921268,1.92232353862614e-47,-0.484723889453688,5.41089747396014e-41,"common_decreasing","D1_early_decreasing"
"TCF4",-0.537960516053334,1.74502770174296e-66,-0.363111178161126,2.41869356462295e-22,"common_decreasing","D1_early_decreasing"
"BMP7",-0.422746132370856,4.12398127000015e-39,-0.435630041896498,1.44391335563344e-32,"common_decreasing","D1_early_decreasing"
"BMP4",-0.406504047833274,4.65702225101519e-36,-0.378478457198233,2.63250184616742e-24,"common_decreasing","D1_early_decreasing"
"SLC5A3",-0.408514472524226,2.01212538388076e-36,-0.413830076879675,3.16974703986025e-29,"common_decreasing","D1_early_decreasing"
"GADD45G",-0.395501792674358,4.51272434484083e-34,-0.418568198847608,6.35120695490449e-30,"common_decreasing","D1_early_decreasing"
"SERPINE2",-0.374037998620586,2.02148270611013e-30,-0.46884897935893,4.35449221973435e-38,"common_decreasing","D1_early_decreasing"
"INHBB",-0.342352498810439,1.63964658599716e-25,-0.342106411417182,7.64962129113076e-20,"common_decreasing","D1_early_decreasing"
"PRLR",-0.35121039527385,7.93593760229974e-27,-0.347009723116268,2.09495703705699e-20,"common_decreasing","D1_early_decreasing"
"TRPS1",-0.45389350391502,1.67037344384547e-45,-0.381703448642401,9.94408071849912e-25,"common_decreasing","D1_early_decreasing"
"TIMP3",-0.37060861323456,7.28895714559504e-30,-0.367962843633713,5.95601268236431e-23,"common_decreasing","D1_early_decreasing"
"PRDM1",-0.356522103618794,1.23317943656923e-27,-0.347498463982877,1.83828164557836e-20,"common_decreasing","D1_early_decreasing"
"PTCH1",-0.351654869173933,6.78308797045106e-27,-0.314449582717171,7.93999070035974e-17,"common_decreasing","D1_early_decreasing"
"APCDD1",-0.323863062938559,6.84632122247704e-23,-0.27913803183153,2.0458170464612e-13,"common_decreasing","D1_early_decreasing"
"DAAM2",-0.347261643990608,3.11491256755065e-26,-0.288856393049829,2.66257631023748e-14,"common_decreasing","D1_early_decreasing"
"INHBA",-0.309987600878532,4.88123024161581e-21,-0.490536381140136,4.4846541380491e-42,"common_decreasing","D1_early_decreasing"
"BCL2",-0.357563832575436,8.4684364130857e-28,-0.244847260928549,1.51747357657488e-10,"common_decreasing","D1_early_decreasing"
"CENPW",-0.292397267256466,8.29405417777356e-19,-0.370907997815412,2.53258073425981e-23,"common_decreasing","D1_early_decreasing"
"CEBPA",-0.281334685299285,1.74476389563219e-17,-0.333060730698547,7.95472299087048e-19,"common_decreasing","D1_early_decreasing"
"IGFBP2",-0.282565627001374,1.24939992570993e-17,-0.328660738436262,2.42603277907426e-18,"common_decreasing","D1_early_decreasing"
"MRPS6",-0.25452911214744,1.67105638744354e-14,-0.391342296342069,4.97003958413453e-26,"common_decreasing","D1_early_decreasing"
"CRABP1",-0.252071090317388,3.02317489648032e-14,-0.212131051604882,3.33679751143909e-08,"common_decreasing","D1_early_decreasing"
"ROBO2",-0.338698285225507,5.59075654309197e-25,-0.14178323910839,0.000239017424571446,"mixed_remodeling_branch_biased","D1_early_decreasing"
"DKK2",-0.304503788369676,2.49618481488251e-20,-0.242954041595189,2.12886825810671e-10,"common_decreasing","D1_early_decreasing"
"PHLDA1",-0.241621191209951,3.46809995723985e-13,-0.261278144302394,7.31712766801993e-12,"common_decreasing","D1_early_decreasing"
"DIO2",-0.212057802291099,1.95075211331453e-10,-0.301360704258611,1.65532258182762e-15,"common_decreasing","D1_early_decreasing"
"MYLIP",-0.215662721258959,9.43218453585498e-11,-0.289569149333777,2.28641555827006e-14,"common_decreasing","D1_early_decreasing"
"LUZP2",-0.263784363317409,1.6975235841921e-15,-0.278336543743558,2.41978078711166e-13,"common_decreasing","D1_early_decreasing"
"ZDHHC14",-0.282938050391838,1.12906880166384e-17,-0.185203452126441,1.50083348034429e-06,"mixed_remodeling_branch_biased","D1_early_decreasing"
"PGM2L1",-0.23316624521577,2.31640241665413e-12,-0.322601381182118,1.10685764125068e-17,"common_decreasing","D1_early_decreasing"
"PREX2",-0.253240893760375,2.28200434812217e-14,-0.125212608885986,0.00118549662172274,"mixed_remodeling_branch_biased","D1_early_decreasing"
"TNN",-0.242637248803307,2.74496837230011e-13,-0.304782498533188,7.63881720555556e-16,"common_decreasing","D1_early_decreasing"
"F2R",-0.220839135628483,3.24692987867411e-11,-0.326496652342974,4.18591612769219e-18,"common_decreasing","D1_early_decreasing"
"PLEKHH2",-0.321672755501278,1.35675632239589e-22,-0.110315995705306,0.00424103537054175,"mixed_remodeling_branch_biased","D1_early_decreasing"
"HIST1H2BD",-0.247762735527533,8.31684648845895e-14,-0.227307486198911,3.04761452650796e-09,"common_decreasing","D1_early_decreasing"
"TWIST1",-0.240263766321552,4.71061864248796e-13,-0.21324490286335,2.83196250476042e-08,"common_decreasing","D1_early_decreasing"
"HIST2H2BE",-0.240516741802706,4.45079025379835e-13,-0.211072563181175,3.90845661139706e-08,"common_decreasing","D1_early_decreasing"
"ITGA8",-0.276270553541296,6.78946464193411e-17,-0.195531388082726,3.75607374581992e-07,"mixed_remodeling_branch_biased","D1_early_decreasing"
"CPE",-0.19541395096927,4.7546399937071e-09,-0.291226518242106,1.59879591488366e-14,"ecm_dominant_branch_biased","D1_early_decreasing"
"SOX18",-0.197043085913098,3.52046457990318e-09,-0.321715780912748,1.37870463921093e-17,"ecm_dominant_branch_biased","D1_early_decreasing"
"PTMA",-0.620509940979432,6.5841612434951e-94,-0.730368918950036,4.38118579697985e-114,"common_decreasing","D2_late_increasing"
"RPL35A",-0.474577462969213,3.99133398671023e-50,-0.615822036538568,1.08142114532289e-71,"common_decreasing","D2_late_increasing"
"RPL34",-0.452847444884173,2.81167728497114e-45,-0.581993261483323,2.10872846488846e-62,"common_decreasing","D2_late_increasing"
"SLC35F1",-0.490340538214988,7.13776000063978e-54,-0.540660635441527,1.94132575408216e-52,"common_decreasing","D2_late_increasing"
"H3F3B",-0.491895971602787,3.00058023481671e-54,-0.553312708543054,2.52769902560287e-55,"common_decreasing","D2_late_increasing"
"RPL13",-0.368052169038684,1.88331055206734e-29,-0.589569874540572,2.37136121566009e-64,"common_decreasing","D2_late_increasing"
"RPL11",-0.35278816217033,4.56652340279134e-27,-0.508056575078048,1.56139235868706e-45,"common_decreasing","D2_late_increasing"
"RPS27A",-0.358364819123938,6.37520752891266e-28,-0.569082256753036,3.81284427059456e-59,"common_decreasing","D2_late_increasing"
"RPS13",-0.322231466946868,1.14781866388201e-22,-0.520338108217812,5.22934679756544e-48,"common_decreasing","D2_late_increasing"
"RPL26",-0.345526645786975,5.59992911820348e-26,-0.51386189142675,1.03906396900517e-46,"common_decreasing","D2_late_increasing"
"RPL37A",-0.30753762260369,1.01355720894041e-20,-0.604791027383033,1.52677283994034e-68,"common_decreasing","D2_late_increasing"
"RPL5",-0.3390760128036,4.93691553423831e-25,-0.490116083149042,5.32510931216412e-42,"common_decreasing","D2_late_increasing"
"RPL13A",-0.288074471504265,2.78088400879843e-18,-0.583905246319268,7.45532442977523e-63,"common_decreasing","D2_late_increasing"
"FAU",-0.311611002790415,2.9944487692216e-21,-0.518117220857788,1.48994442355287e-47,"common_decreasing","D2_late_increasing"
"RPL19",-0.295130991521793,3.82530375102973e-19,-0.525476395576478,4.10032615928656e-49,"common_decreasing","D2_late_increasing"
"RPL6",-0.317076115575686,5.68899187926974e-22,-0.474936792625019,3.46183498578531e-39,"common_decreasing","D2_late_increasing"
"RPS14",-0.275285188579417,8.77811488127952e-17,-0.535522032050566,2.56565064784618e-51,"common_decreasing","D2_late_increasing"
"RPL4",-0.338068226948848,6.8873394226412e-25,-0.517794935717583,1.66306161638736e-47,"common_decreasing","D2_late_increasing"
"RPL30",-0.270282588598654,3.24057624161362e-16,-0.541322546482257,1.41230943357695e-52,"common_decreasing","D2_late_increasing"
"RPS27",-0.279547110999678,2.82937549311507e-17,-0.515638801320191,4.57030420569223e-47,"common_decreasing","D2_late_increasing"
"RPL24",-0.268693609838741,4.87954310105687e-16,-0.510852406802141,4.35595156118291e-46,"common_decreasing","D2_late_increasing"
"GNB2L1",-0.326349716450465,3.12865396804216e-23,-0.464907665414085,1.94886626876224e-37,"common_decreasing","D2_late_increasing"
"RPL12",-0.268091059640891,5.68605570365633e-16,-0.45501144235456,9.52012966703451e-36,"common_decreasing","D2_late_increasing"
"RPS23",-0.255387279653503,1.35876992028365e-14,-0.508437394298147,1.32869091132693e-45,"common_decreasing","D2_late_increasing"
"RPL38",-0.27273982570446,1.7076676814616e-16,-0.500075434489645,6.40554260487744e-44,"common_decreasing","D2_late_increasing"
"RPS9",-0.262651868205808,2.25487892259769e-15,-0.486786895536211,2.27797733471077e-41,"common_decreasing","D2_late_increasing"
"RPL37",-0.251339444259957,3.58685093790645e-14,-0.449398746710937,8.11796908749696e-35,"common_decreasing","D2_late_increasing"
"RPL3",-0.273840272276765,1.28064026051058e-16,-0.458426290551972,2.48949640093397e-36,"common_decreasing","D2_late_increasing"
"RPS6",-0.275580683636308,8.1299935988867e-17,-0.465466927791077,1.66543697027395e-37,"common_decreasing","D2_late_increasing"
"RPL18",-0.248887278354934,6.40460632323706e-14,-0.467318795736093,7.92319834497957e-38,"common_decreasing","D2_late_increasing"
"RPL9",-0.273045572301587,1.57693210781399e-16,-0.488928192005142,8.91738921379605e-42,"common_decreasing","D2_late_increasing"
"RPS21",-0.256002400938936,1.17077619263673e-14,-0.450786641574484,4.842473544194e-35,"common_decreasing","D2_late_increasing"
"EEF1A1",-0.232419575183793,2.71989953493407e-12,-0.46745352963049,7.59065369630782e-38,"common_decreasing","D2_late_increasing"
"RPL32",-0.201837498682652,1.43092117749536e-09,-0.47857665310839,7.35140374142586e-40,"common_decreasing","D2_late_increasing"
"RPS4X",-0.2358113846926,1.2872212615988e-12,-0.458986911523679,2.05024965862379e-36,"common_decreasing","D2_late_increasing"
"RPL23",-0.238638462748404,6.82057976112566e-13,-0.428896153247469,1.61203809224878e-31,"common_decreasing","D2_late_increasing"
"RPL14",-0.256970762452149,9.24291455552925e-15,-0.432166776888494,4.94828972687332e-32,"common_decreasing","D2_late_increasing"
"RPS3A",-0.238524997396206,6.99212256667481e-13,-0.481539806695038,2.05935259263875e-40,"common_decreasing","D2_late_increasing"
"RPL21",-0.248990688174413,6.26110013862433e-14,-0.449706254253137,7.26451467543378e-35,"common_decreasing","D2_late_increasing"
"RPL7",-0.251562626965838,3.40751837832646e-14,-0.432455312141591,4.48304922627241e-32,"common_decreasing","D2_late_increasing"
"RPL22",-0.285134853907385,6.25488179519989e-18,-0.435361421796274,1.5695138419029e-32,"common_decreasing","D2_late_increasing"
"RPS8",-0.168417393654591,4.79499495254713e-07,-0.435595000188392,1.45039227450161e-32,"ecm_dominant_branch_biased","D2_late_increasing"
"HSP90AB1",-0.293983256355416,5.30048932650169e-19,-0.3740550818593,9.88328827919258e-24,"common_decreasing","D2_late_increasing"
"VIM",-0.243366692502979,2.32212162704259e-13,-0.450798487845331,4.842473544194e-35,"common_decreasing","D2_late_increasing"
"RPS16",-0.185200792331925,2.94932387221845e-08,-0.445443340399341,3.62064050534163e-34,"ecm_dominant_branch_biased","D2_late_increasing"
"NACA",-0.248413422706771,7.14778681499782e-14,-0.375761574505226,5.90507070672471e-24,"common_decreasing","D2_late_increasing"
"RPS20",-0.181083571077754,5.98840361843117e-08,-0.425448057382278,5.57424157590376e-31,"ecm_dominant_branch_biased","D2_late_increasing"
"GLTSCR2",-0.294603179924072,4.4493746589441e-19,-0.301700598633598,1.53411496231922e-15,"common_decreasing","D2_late_increasing"
"RPL36A",-0.187693581512839,1.90543538391415e-08,-0.41610535975011,1.46859122438113e-29,"ecm_dominant_branch_biased","D2_late_increasing"
"RPS3",-0.152703260020857,5.12217718515814e-06,-0.445870673304436,3.1253262612505e-34,"ecm_dominant_branch_biased","D2_late_increasing"
"JUNB",-0.331406448223362,6.1537076607802e-24,-0.332477096887223,9.23433806204162e-19,"common_decreasing","D2_late_increasing"
"RPL23A",-0.158161721447961,2.31178755228752e-06,-0.468746156282704,4.48452697659421e-38,"ecm_dominant_branch_biased","D2_late_increasing"
"RPS5",-0.168992890799987,4.38008285682756e-07,-0.461012530571286,9.20400856427266e-37,"ecm_dominant_branch_biased","D2_late_increasing"
"BTF3",-0.227338023674439,8.1773416689718e-12,-0.345572558985914,3.01953168603372e-20,"common_decreasing","D2_late_increasing"
"RPS17",-0.152721459865086,5.11341071468804e-06,-0.448077991400899,1.34865783474814e-34,"ecm_dominant_branch_biased","D2_late_increasing"
"RPL17-C18orf32",-0.153539680445357,4.54744525661622e-06,-0.433178999845897,3.51367143828738e-32,"ecm_dominant_branch_biased","D2_late_increasing"
"RPL10A",-0.147456963185391,1.07523615217024e-05,-0.454261498830341,1.27115959115048e-35,"ecm_dominant_branch_biased","D2_late_increasing"
"HNRNPA1",-0.243829438966958,2.08716966970541e-13,-0.352937955552006,4.14933847106509e-21,"common_decreasing","D2_late_increasing"
"RPS25",-0.130105560234986,0.000104827213375515,-0.370532801614198,2.82006006121407e-23,"ecm_dominant_branch_biased","D2_late_increasing"
"LMO4",-0.257573194905675,7.98092603166287e-15,-0.445543425625758,3.51519974592435e-34,"common_decreasing","D2_late_increasing"
"PFDN5",-0.151502748966956,6.07988970199557e-06,-0.346590329070504,2.33151127533704e-20,"ecm_dominant_branch_biased","D2_late_increasing"
"CIRBP",-0.248947248949938,6.31999583186905e-14,-0.27694134994156,3.22573140883471e-13,"common_decreasing","D2_late_increasing"
"RPS15",-0.126828399766737,0.000156369749401462,-0.413833129485363,3.16974703986025e-29,"ecm_dominant_branch_biased","D2_late_increasing"
"RPL31",-0.10585703501961,0.00162314373634443,-0.389464026700936,8.98711022260906e-26,"ecm_dominant_branch_biased","D2_late_increasing"
"RPS7",-0.142118142829258,2.22702447476747e-05,-0.363648955920564,2.07656301337055e-22,"ecm_dominant_branch_biased","D2_late_increasing"
"ADIRF",-0.199832397445749,2.09049286915186e-09,-0.282610046052851,9.8973569378391e-14,"ecm_dominant_branch_biased","D2_late_increasing"
"RPS10",-0.088688228715498,0.00833138246505596,-0.436888958268625,9.07716394292246e-33,"ecm_dominant_branch_biased","D2_late_increasing"
"NUCKS1",-0.216612383571099,7.78096876473138e-11,-0.314037768147523,8.75152507604265e-17,"common_decreasing","D2_late_increasing"
"RPS15A",-0.0798787759056704,0.0175286428820886,-0.409008009626808,1.54038815883965e-28,"ecm_dominant_branch_biased","D2_late_increasing"
"FGFR1",-0.315806222917359,8.39812580634479e-22,-0.296701236294627,4.74709245085494e-15,"common_decreasing","D2_late_increasing"
"CD81",-0.159138153275615,1.99954954217676e-06,-0.233501048302432,1.09080027730622e-09,"ecm_dominant_branch_biased","D2_late_increasing"
"EIF1",-0.179840785324856,7.38964871054385e-08,-0.350678182512884,7.72441294638492e-21,"ecm_dominant_branch_biased","D2_late_increasing"
"ZFP36L2",-0.230261004067735,4.35632437664654e-12,-0.167486329812026,1.41211702826181e-05,"mixed_remodeling_branch_biased","D2_late_increasing"
"RPS24",-0.0904654239963567,0.00712004983918558,-0.346644824625872,2.30680119050273e-20,"ecm_dominant_branch_biased","D2_late_increasing"
"RPL7A",-0.0761835136936161,0.0234855917569898,-0.360382468849871,5.27376245045852e-22,"ecm_dominant_branch_biased","D2_late_increasing"
"RPS18",-0.0226448381761632,0.501526754937513,-0.3921041993604,3.93238721044751e-26,"ecm_dominant_branch_biased","D2_late_increasing"
"HMGB1",-0.202514725350322,1.25861622873514e-09,-0.300635675186146,1.93482469721839e-15,"common_decreasing","D2_late_increasing"
"HIST1H4C",-0.16189960737111,1.319235939609e-06,-0.305302275505488,6.77819162482992e-16,"ecm_dominant_branch_biased","D2_late_increasing"
"RPL35",-0.0647060808068857,0.0544226018044789,-0.324302335704821,7.2466909887336e-18,"ecm_dominant_branch_biased","D2_late_increasing"
"SNHG8",-0.146623513195294,1.20613926028543e-05,-0.259033686399149,1.11633249958232e-11,"ecm_dominant_branch_biased","D2_late_increasing"
"RPS2",-0.0150201640542537,0.655432745064295,-0.404709754244941,6.47922613287025e-28,"ecm_dominant_branch_biased","D2_late_increasing"
"TMEM258",0.361989943006594,1.72934468504407e-28,0.0733846040787044,0.0564136668671054,"mixed_remodeling_branch_biased","D2_late_increasing"
"POLDIP2",0.290567866601207,1.38981679648912e-18,0.0358941150805776,0.348149454541859,"mixed_remodeling_branch_biased","D2_late_increasing"
"PLXNA3",0.240515427984488,4.45079025379835e-13,0.111382936101671,0.00389232786413758,"mixed_remodeling_branch_biased","D2_late_increasing"
"MRPS12",0.310353258696543,4.36944612399555e-21,0.0284942636998706,0.454888124248598,"mixed_remodeling_branch_biased","D2_late_increasing"
"RAB24",0.283327596195956,1.01865978441877e-17,0.0382663578383182,0.317164433165187,"mixed_remodeling_branch_biased","D2_late_increasing"
"MARVELD1",0.283295731335103,1.02653094862084e-17,0.068530799116548,0.0745233401849011,"mixed_remodeling_branch_biased","D2_late_increasing"
"CMKLR1",0.243135129572516,2.44804856566057e-13,0.167092373876446,1.47911689969777e-05,"mixed_remodeling_branch_biased","D2_late_increasing"
"PTPMT1",0.31062248214607,4.03297476715014e-21,0.0397301042021855,0.299343457649318,"mixed_remodeling_branch_biased","D2_late_increasing"
"RNF11",0.228272264533722,6.68698873655797e-12,0.17496947845705,5.63888767815698e-06,"mixed_remodeling_branch_biased","D2_late_increasing"
"C6orf1",0.274244133974068,1.15420265810384e-16,0.127976883923309,0.000916336399582634,"mixed_remodeling_branch_biased","D2_late_increasing"
"SSNA1",0.300572317726374,7.94067728464323e-20,0.0761523461228944,0.0480256443657088,"mixed_remodeling_branch_biased","D2_late_increasing"
"PSMC4",0.289488070014789,1.87605136561501e-18,0.105622312228664,0.00617693062379995,"mixed_remodeling_branch_biased","D2_late_increasing"
"NPC2",0.340217556531951,3.37140263857266e-25,0.171234272360122,8.93492638108542e-06,"mixed_remodeling_branch_biased","D2_late_increasing"
"SAT2",0.294478178628182,4.60731617644749e-19,0.0816815690655522,0.0339874773544165,"mixed_remodeling_branch_biased","D2_late_increasing"
"NDUFB11",0.338441087430842,6.0935984525689e-25,0.0587234053305298,0.125768937067772,"mixed_remodeling_branch_biased","D2_late_increasing"
"DCHS1",0.230878842265393,3.81544916984635e-12,0.0486410994584674,0.203923139775472,"mixed_remodeling_branch_biased","D2_late_increasing"
"HAS2",0.284964148224114,6.52980107517243e-18,0.218543956915889,1.24371056379051e-08,"common_increasing","D2_late_increasing"
"NDUFA4",0.341402758731544,2.25432159934264e-25,0.0285336988570021,0.454668865999534,"mixed_remodeling_branch_biased","D2_late_increasing"
"ACTN1",0.232679870819798,2.5701590332082e-12,0.109839880633052,0.00440195681155628,"mixed_remodeling_branch_biased","D2_late_increasing"
"RAB1B",0.297362592267335,2.01615038201338e-19,0.0933549089180001,0.0154501307572574,"mixed_remodeling_branch_biased","D2_late_increasing"
"HIGD2A",0.328629023894385,1.50945132256779e-23,0.0678874080771294,0.0772097419671522,"mixed_remodeling_branch_biased","D2_late_increasing"
"TMEM160",0.323841799755166,6.88438267660014e-23,0.0754691169323377,0.049935071606243,"mixed_remodeling_branch_biased","D2_late_increasing"
"ILVBL",0.290921889393871,1.25837426172162e-18,0.0773262982484348,0.0447581036208266,"mixed_remodeling_branch_biased","D2_late_increasing"
"TMEM9",0.303740376786553,3.13287783917198e-20,0.116520360785851,0.00255406320529195,"mixed_remodeling_branch_biased","D2_late_increasing"
"PMP22",0.296241032328013,2.78056680197368e-19,0.23740032380676,5.59237891692205e-10,"common_increasing","D2_late_increasing"
"RIC8A",0.269448457855138,4.02326303498304e-16,0.0870757318987184,0.0238649342359805,"mixed_remodeling_branch_biased","D2_late_increasing"
"COX7B",0.341437836328336,2.23060711705442e-25,0.0149200904169421,0.695199847120426,"mixed_remodeling_branch_biased","D2_late_increasing"
"YIPF3",0.317825380780037,4.51064800701517e-22,0.0334519137892517,0.381291503240829,"mixed_remodeling_branch_biased","D2_late_increasing"
"TEN1",0.283385907914196,1.00351060759133e-17,0.111571472026836,0.00383394182747603,"mixed_remodeling_branch_biased","D2_late_increasing"
"MRPS24",0.33423135527298,2.45752551631734e-24,0.0688591943154881,0.0731830528070252,"mixed_remodeling_branch_biased","D2_late_increasing"
"FASTK",0.264539555308824,1.40364751628945e-15,0.112452607416231,0.00357646425787518,"mixed_remodeling_branch_biased","D2_late_increasing"
"FAM162A",0.333610656892205,2.99523735300896e-24,0.106085507102535,0.00597140096764749,"mixed_remodeling_branch_biased","D2_late_increasing"
"TSR3",0.293627260729507,5.86460742998738e-19,0.0573878032711423,0.134406095729669,"mixed_remodeling_branch_biased","D2_late_increasing"
"PRELP",0.297631718325683,1.86616742958487e-19,0.335079203114711,4.76641520876046e-19,"common_increasing","D2_late_increasing"
"GORASP2",0.283604230486165,9.45925319414182e-18,0.130475248671249,0.000725880008477951,"mixed_remodeling_branch_biased","D2_late_increasing"
"ECH1",0.311726731728745,2.89310806297834e-21,0.0512391129114824,0.18114069898722,"mixed_remodeling_branch_biased","D2_late_increasing"
"GSTO1",0.335119956460828,1.83409706062511e-24,0.0741392752566043,0.0540747839067761,"mixed_remodeling_branch_biased","D2_late_increasing"
"PRMT2",0.269205838360458,4.28081097805513e-16,0.113425561083782,0.00329394325181401,"mixed_remodeling_branch_biased","D2_late_increasing"
"SUB1",0.299907042026427,9.63756325408001e-20,0.0811766282577135,0.0351088792241498,"mixed_remodeling_branch_biased","D2_late_increasing"
"HLA-A",0.345300543879682,6.01005549437668e-26,0.222784009169555,6.30981888387393e-09,"common_increasing","D2_late_increasing"
"ANXA2",0.336063688215303,1.34816156374352e-24,0.154461851093146,6.23391104875472e-05,"mixed_remodeling_branch_biased","D2_late_increasing"
"CREB3",0.317517600722518,4.9636976168105e-22,0.116049262614202,0.00265765754025131,"mixed_remodeling_branch_biased","D2_late_increasing"
"PLP2",0.30043058676418,8.26978321930419e-20,0.124920172691137,0.00121751489160136,"mixed_remodeling_branch_biased","D2_late_increasing"
"ALDOA",0.341761053618004,1.99864849977217e-25,0.0770758803520549,0.0453472741649175,"mixed_remodeling_branch_biased","D2_late_increasing"
"CCDC92",0.230110837559734,4.49756087958797e-12,0.134863665114118,0.000474141732967062,"mixed_remodeling_branch_biased","D2_late_increasing"
"IFITM1",0.31327087496535,1.80646531723916e-21,0.0610894560041288,0.111484242536689,"mixed_remodeling_branch_biased","D2_late_increasing"
"SCAND1",0.347988681420059,2.42702243284692e-26,0.0648424798499605,0.0913671371261526,"mixed_remodeling_branch_biased","D2_late_increasing"
"RPS19BP1",0.330527049305598,8.18885289360477e-24,0.0960653221397054,0.0127528752370466,"mixed_remodeling_branch_biased","D2_late_increasing"
"CD68",0.284867877793866,6.6991292629978e-18,0.151882827917251,8.22905670163958e-05,"mixed_remodeling_branch_biased","D2_late_increasing"
"NKIRAS2",0.290463484602112,1.4283784654609e-18,0.054566394938676,0.15458756826069,"mixed_remodeling_branch_biased","D2_late_increasing"
"NRP2",0.203329420481671,1.07775487335159e-09,0.132699051570829,0.000585882364679749,"mixed_remodeling_branch_biased","D2_late_increasing"
"PLXNA2",0.143553763831695,1.83597675430723e-05,0.228216726573558,2.63421253299623e-09,"ecm_dominant_branch_biased","D2_late_increasing"
"C4orf3",0.347567732638158,2.80144440818662e-26,0.0933501021254601,0.0154501307572574,"mixed_remodeling_branch_biased","D2_late_increasing"
"RBCK1",0.286986191459256,3.75975914390903e-18,0.162916324872647,2.38668615200664e-05,"mixed_remodeling_branch_biased","D2_late_increasing"
"PKM",0.320022619832316,2.27863432815527e-22,0.0513155068178696,0.180645766560466,"mixed_remodeling_branch_biased","D2_late_increasing"
"MAGOHB",0.300914230805383,7.2028709346443e-20,0.0690589451699746,0.0726038434269178,"mixed_remodeling_branch_biased","D2_late_increasing"
"MAP2K2",0.300688817161673,7.68972539089202e-20,0.075761188991003,0.0491721080239948,"mixed_remodeling_branch_biased","D2_late_increasing"
"ORMDL3",0.303083625702877,3.79762628606406e-20,0.127200349727132,0.000983331252475869,"mixed_remodeling_branch_biased","D2_late_increasing"
"CDIPT",0.29146599389498,1.07923380510591e-18,0.122196324753038,0.00155162789041434,"mixed_remodeling_branch_biased","D2_late_increasing"
"AGPAT1",0.309475542043596,5.68784954749065e-21,0.0302476699502225,0.428236308800136,"mixed_remodeling_branch_biased","D2_late_increasing"
"CFL1",0.408600838104012,1.94880646266422e-36,-0.0154961243164124,0.684637067115071,"mixed_remodeling_branch_biased","D2_late_increasing"
"PACS2",0.240630899916675,4.34279828408945e-13,0.161611200689622,2.78788939141571e-05,"mixed_remodeling_branch_biased","D2_late_increasing"
"GJA1",0.284438545182978,7.52854439576548e-18,0.133904196805351,0.000520161899313863,"mixed_remodeling_branch_biased","D2_late_increasing"
"KDELR1",0.321771775804169,1.32126009422379e-22,0.117921874409099,0.00226234822887624,"mixed_remodeling_branch_biased","D2_late_increasing"
"ZNF593",0.315331914741027,9.69185515964942e-22,0.0615830075668342,0.108665240679604,"mixed_remodeling_branch_biased","D2_late_increasing"
"CORO1C",0.211325501250891,2.25666566334124e-10,0.153796940440685,6.69601303761836e-05,"mixed_remodeling_branch_biased","D2_late_increasing"
"RTN4RL2",0.288624272843618,2.38796117831999e-18,0.106228961608177,0.00590752056276811,"mixed_remodeling_branch_biased","D2_late_increasing"
"PSME2",0.338835926372269,5.35026823764013e-25,0.0819173242750124,0.0335243153970638,"mixed_remodeling_branch_biased","D2_late_increasing"
"AKR1B1",0.320355662753134,2.05221814419002e-22,0.104854743777601,0.00656277204650318,"mixed_remodeling_branch_biased","D2_late_increasing"
"CYSTM1",0.309612606665919,5.46115235048953e-21,0.134146014488525,0.00050877476463255,"mixed_remodeling_branch_biased","D2_late_increasing"
"SNX3",0.324308835747264,5.96016164620405e-23,0.110034795900034,0.00433895624051654,"mixed_remodeling_branch_biased","D2_late_increasing"
"BCL7C",0.305031170678218,2.13353880184072e-20,0.111230111318305,0.00393527658785185,"mixed_remodeling_branch_biased","D2_late_increasing"
"PODNL1",0.271336783663748,2.46200161890655e-16,0.0856941457268918,0.0261878796757452,"mixed_remodeling_branch_biased","D2_late_increasing"
"GALNT15",0.209971273012415,2.95256632502804e-10,0.134061289364455,0.000512559420877356,"mixed_remodeling_branch_biased","D2_late_increasing"
"PPP1R14B",0.345539256892152,5.589613541936e-26,0.016065821026319,0.674246228544865,"mixed_remodeling_branch_biased","D2_late_increasing"
"HOXB7",0.311125379039467,3.46849365866814e-21,0.122509276090051,0.00151041461134791,"mixed_remodeling_branch_biased","D2_late_increasing"
"ADGRA2",0.251337306690734,3.58685093790645e-14,0.216976650232866,1.58695958982587e-08,"common_increasing","D2_late_increasing"
"NUCB2",0.313696659299817,1.58883337811242e-21,0.210458013215166,4.28198750662011e-08,"common_increasing","D2_late_increasing"
"ANXA5",0.3455241680531,5.59992911820348e-26,0.0771628782996554,0.0451408406001226,"mixed_remodeling_branch_biased","D2_late_increasing"
"ATP5J2",0.355833555317939,1.56981416009353e-27,0.0487231193989108,0.203335861509542,"mixed_remodeling_branch_biased","D2_late_increasing"
"CAPNS1",0.350444758989459,1.03553093076734e-26,0.0915003970320079,0.0176040337464564,"mixed_remodeling_branch_biased","D2_late_increasing"
"ATP5G3",0.343133987503802,1.2570708990575e-25,0.124460408510667,0.00126885346678418,"mixed_remodeling_branch_biased","D2_late_increasing"
"MBOAT7",0.275469132004628,8.36677189397496e-17,0.149225354326704,0.000109102154683995,"mixed_remodeling_branch_biased","D2_late_increasing"
"WDR45",0.298150928789632,1.60553412172845e-19,0.109700988343209,0.00444933847558703,"mixed_remodeling_branch_biased","D2_late_increasing"
"SLC35A4",0.288514397129221,2.46020725078368e-18,0.0807150579939059,0.0361582134359251,"mixed_remodeling_branch_biased","D2_late_increasing"
"CSF1",0.268747524326989,4.81676701761952e-16,0.240226393310045,3.45649856439113e-10,"common_increasing","D2_late_increasing"
"TES",0.250104011542954,4.81336870338989e-14,0.153530937800423,6.8686891708206e-05,"mixed_remodeling_branch_biased","D2_late_increasing"
"C11orf98",0.316526609802096,6.73507384074559e-22,0.0581197357500575,0.129661349144985,"mixed_remodeling_branch_biased","D2_late_increasing"
"MRPS11",0.312229630561696,2.48358870734188e-21,0.101028404736728,0.00882589085602171,"mixed_remodeling_branch_biased","D2_late_increasing"
"PDIA6",0.300572178669398,7.94067728464323e-20,0.126393631519649,0.00106145769848972,"mixed_remodeling_branch_biased","D2_late_increasing"
"NDUFS7",0.333051413853903,3.59526598943731e-24,0.0649607225619615,0.0908496043133683,"mixed_remodeling_branch_biased","D2_late_increasing"
"CMBL",0.279100208123399,3.18685123092964e-17,0.202174489091151,1.47127231390379e-07,"common_increasing","D2_late_increasing"
"POP7",0.306803957718519,1.2611121358274e-20,0.0740749430389406,0.0542378263705638,"mixed_remodeling_branch_biased","D2_late_increasing"
"POLE4",0.338798507574567,5.41097859906969e-25,0.132667895880896,0.000587034435703118,"mixed_remodeling_branch_biased","D2_late_increasing"
"PREB",0.314770062281309,1.15056794641089e-21,0.140399788994153,0.000272836845930277,"mixed_remodeling_branch_biased","D2_late_increasing"
"MPC2",0.332046544533532,4.99646188930487e-24,0.120070169664152,0.00186732221544656,"mixed_remodeling_branch_biased","D2_late_increasing"
"MIEN1",0.327123557459686,2.43436166383327e-23,0.107197857022719,0.0054587416600966,"mixed_remodeling_branch_biased","D2_late_increasing"
"CA12",0.248400807020659,7.16221401837573e-14,0.174881858201052,5.69539209812084e-06,"mixed_remodeling_branch_biased","D2_late_increasing"
"PDGFD",0.157947786052641,2.38448293882962e-06,0.309671443878359,2.47193083872978e-16,"ecm_dominant_branch_biased","D2_late_increasing"
"COX14",0.321943898571108,1.25368326304253e-22,0.0837632395324857,0.0297632696792288,"mixed_remodeling_branch_biased","D2_late_increasing"
"MINOS1",0.326092764376177,3.39234277341685e-23,0.127820418825596,0.000929282141880308,"mixed_remodeling_branch_biased","D2_late_increasing"
"NTMT1",0.320959734932953,1.69941869632853e-22,0.0392765911744779,0.304689286308281,"mixed_remodeling_branch_biased","D2_late_increasing"
"MAPK6",0.19478539711706,5.33246531522778e-09,0.197976730570309,2.66398748411877e-07,"other","D2_late_increasing"
"FAM20A",0.262216533708836,2.51438718730076e-15,0.26328147724593,4.98801083857162e-12,"common_increasing","D2_late_increasing"
"GAPDH",0.430762780412265,1.08582725096258e-40,0.0636456864184846,0.0975548605502149,"mixed_remodeling_branch_biased","D2_late_increasing"
"GADD45GIP1",0.345935457919498,4.88185117336905e-26,0.0465344688140924,0.223687233449021,"mixed_remodeling_branch_biased","D2_late_increasing"
"FIS1",0.372147174230864,4.10671412233937e-30,0.0673204160361158,0.0796976151124282,"mixed_remodeling_branch_biased","D2_late_increasing"
"ASNA1",0.317837520853152,4.49909817569996e-22,0.128400411333152,0.000882418418981399,"mixed_remodeling_branch_biased","D2_late_increasing"
"MAPKAPK2",0.253462004112956,2.16485458491863e-14,0.158545419074232,3.95303129585504e-05,"mixed_remodeling_branch_biased","D2_late_increasing"
"PCNXL3",0.280378535088261,2.25967461840125e-17,0.0974423572465074,0.011513425963776,"mixed_remodeling_branch_biased","D2_late_increasing"
"KLF7",0.140961444482514,2.59793254670183e-05,0.233311100604989,1.1229730385562e-09,"ecm_dominant_branch_biased","D2_late_increasing"
"MEA1",0.336678328188756,1.09696951704533e-24,0.0803488455735016,0.037002102891251,"mixed_remodeling_branch_biased","D2_late_increasing"
"TMEM98",0.343902373004174,9.73357574094462e-26,0.0955116402276195,0.0132566135368887,"mixed_remodeling_branch_biased","D2_late_increasing"
"DCTN1",0.306810509887148,1.26009786266265e-20,0.0351615224690276,0.357544803945303,"mixed_remodeling_branch_biased","D2_late_increasing"
"APOL1",0.318109034628691,4.15080923150942e-22,0.160559283713971,3.13443722805124e-05,"mixed_remodeling_branch_biased","D2_late_increasing"
"SMPD1",0.314544117094113,1.23141589555368e-21,0.089702910335876,0.0199398405518762,"mixed_remodeling_branch_biased","D2_late_increasing"
"MRPL55",0.327507033005068,2.15351498602773e-23,0.081724194235726,0.0339243778317545,"mixed_remodeling_branch_biased","D2_late_increasing"
"RPN1",0.30983598211572,5.10682501953057e-21,0.0993721695079654,0.00998685800448775,"mixed_remodeling_branch_biased","D2_late_increasing"
"FRZB",0.314440890542215,1.27006176008266e-21,0.155361177794262,5.65360590359441e-05,"mixed_remodeling_branch_biased","D2_late_increasing"
"CLIP1",0.163656709059912,1.0085554155073e-06,0.301101846482358,1.74705364485856e-15,"ecm_dominant_branch_biased","D2_late_increasing"
"TMEM263",0.232702055994138,2.56001315735985e-12,0.217427422290106,1.48056915057536e-08,"common_increasing","D2_late_increasing"
"CYC1",0.309455833871197,5.71536231367849e-21,0.0597569550984946,0.119455896266792,"mixed_remodeling_branch_biased","D2_late_increasing"
"DGCR6L",0.332502805554779,4.30468774200048e-24,0.0469544567435138,0.219684873277494,"mixed_remodeling_branch_biased","D2_late_increasing"
"R3HDM4",0.284133290383476,8.18273918769399e-18,0.102142630424785,0.00811342816965235,"mixed_remodeling_branch_biased","D2_late_increasing"
"LSM7",0.341909471447991,1.90183564681172e-25,0.052935331613786,0.167361919584779,"mixed_remodeling_branch_biased","D2_late_increasing"
"CARM1",0.267742611107696,6.2091661705901e-16,0.177635925245642,4.03724191551069e-06,"mixed_remodeling_branch_biased","D2_late_increasing"
"KCTD12",0.27860402226768,3.64069620234283e-17,0.246031382864092,1.22999955840953e-10,"common_increasing","D2_late_increasing"
"SLC25A5",0.313951657131198,1.47329063617234e-21,0.0743277844664447,0.0535006093764959,"mixed_remodeling_branch_biased","D2_late_increasing"
"CHMP1A",0.314855347532344,1.12316465459892e-21,0.160675025279426,3.09534187024152e-05,"mixed_remodeling_branch_biased","D2_late_increasing"
"ABHD17A",0.314283179528007,1.33065943869466e-21,0.0958345561442956,0.0129640340263846,"mixed_remodeling_branch_biased","D2_late_increasing"
"COX7A1",0.383498257368408,5.36791724239697e-32,0.0629944108537831,0.100828835029352,"mixed_remodeling_branch_biased","D2_late_increasing"
"TIAM2",0.124440781832581,0.000207965778983812,0.274643002852853,5.16066624960704e-13,"ecm_dominant_branch_biased","D2_late_increasing"
"AURKAIP1",0.355038320425459,2.0758057517245e-27,0.0699971793482103,0.0688387419887663,"mixed_remodeling_branch_biased","D2_late_increasing"
"SLC31A1",0.273222828136394,1.50636369865415e-16,0.128923606795684,0.000842401230488735,"mixed_remodeling_branch_biased","D2_late_increasing"
"ARFGAP3",0.223621925325036,1.80969353729747e-11,0.195372573088074,3.83132424108107e-07,"mixed_remodeling_branch_biased","D2_late_increasing"
"NME3",0.332605591366256,4.16563817234051e-24,0.113978061421861,0.00315236962236076,"mixed_remodeling_branch_biased","D2_late_increasing"
"MRPL41",0.323994536822256,6.57066463742834e-23,0.0721286785794484,0.060668411922601,"mixed_remodeling_branch_biased","D2_late_increasing"
"UFC1",0.34769588532868,2.68214474084458e-26,0.060542935487012,0.114683037019189,"mixed_remodeling_branch_biased","D2_late_increasing"
"NDUFA2",0.345103409367637,6.42807945770865e-26,0.0755991965672399,0.0495898740350881,"mixed_remodeling_branch_biased","D2_late_increasing"
"FSCN1",0.263521828036338,1.81267180412089e-15,0.08939623453423,0.0203409743754138,"mixed_remodeling_branch_biased","D2_late_increasing"
"DLG1",0.155859487515602,3.24460882406075e-06,0.286184196603178,4.64827869118319e-14,"ecm_dominant_branch_biased","D2_late_increasing"
"PCED1A",0.265659569336725,1.05765487246745e-15,0.15185281007527,8.24674404866535e-05,"mixed_remodeling_branch_biased","D2_late_increasing"
"BLOC1S1",0.35368184596159,3.35153748004275e-27,0.110868335695952,0.00405462655396699,"mixed_remodeling_branch_biased","D2_late_increasing"
"COL8A2",0.25760121419097,7.93382187061337e-15,0.165218188155811,1.830136079272e-05,"mixed_remodeling_branch_biased","D2_late_increasing"
"LZTS1",0.276063549579198,7.15368462565494e-17,0.17812455027599,3.78973078932679e-06,"mixed_remodeling_branch_biased","D2_late_increasing"
"LSP1",0.321718921370421,1.3385918891013e-22,0.100647884532146,0.00908501505643277,"mixed_remodeling_branch_biased","D2_late_increasing"
"KIF1C",0.285131013824101,6.25488179519989e-18,0.11129081901471,0.00391901848555688,"mixed_remodeling_branch_biased","D2_late_increasing"
"CMTM3",0.316812339471444,6.17281465209698e-22,0.120967430510687,0.00173096207928193,"mixed_remodeling_branch_biased","D2_late_increasing"
"WDR46",0.318043567986159,4.22670776669377e-22,0.056025632365811,0.143809579342451,"mixed_remodeling_branch_biased","D2_late_increasing"
"EFHD2",0.313822374566138,1.53176939119929e-21,0.127714535801579,0.000937793885406439,"mixed_remodeling_branch_biased","D2_late_increasing"
"MGP",0.377568233597317,5.25645796075905e-31,0.136099280552113,0.00041987305352424,"mixed_remodeling_branch_biased","D2_late_increasing"
"XPOT",0.25583995518464,1.21720452840802e-14,0.17434917909157,6.08645500827089e-06,"mixed_remodeling_branch_biased","D2_late_increasing"
"PKIG",0.312894954273497,2.02698003758332e-21,0.182215515112898,2.2248684537176e-06,"mixed_remodeling_branch_biased","D2_late_increasing"
"BCL3",0.32794076743483,1.87873831104499e-23,0.184225857483908,1.71164970242537e-06,"mixed_remodeling_branch_biased","D2_late_increasing"
"ARHGDIA",0.3461767457961,4.50057163518958e-26,0.115464646477095,0.0027838980889662,"mixed_remodeling_branch_biased","D2_late_increasing"
"ZNF428",0.359535642864002,4.1869039740914e-28,0.063526253527609,0.098107912810899,"mixed_remodeling_branch_biased","D2_late_increasing"
"LOXL2",0.277461997060758,4.94266330948929e-17,0.106037146949172,0.00598893154587142,"mixed_remodeling_branch_biased","D2_late_increasing"
"UQCR10",0.356207756806539,1.37759196825475e-27,0.11375813500285,0.00320320593171916,"mixed_remodeling_branch_biased","D2_late_increasing"
"RAB7B",0.26801784882883,5.78877918573466e-16,0.19481741331806,4.12618551033013e-07,"mixed_remodeling_branch_biased","D2_late_increasing"
"RABAC1",0.408394821104941,2.10786128448921e-36,0.0629718638745825,0.100859682468364,"mixed_remodeling_branch_biased","D2_late_increasing"
"DPM3",0.371142630563613,5.98907895174404e-30,0.123285020810721,0.00140944436392426,"mixed_remodeling_branch_biased","D2_late_increasing"
"CSTB",0.360489530910235,2.97889344128642e-28,0.181148950261661,2.54357445760928e-06,"mixed_remodeling_branch_biased","D2_late_increasing"
"TMUB1",0.313812547952138,1.53456942834685e-21,0.105803236292366,0.00609869121050028,"mixed_remodeling_branch_biased","D2_late_increasing"
"PSMB9",0.321792664897096,1.31415998589274e-22,0.148303782817139,0.000120456264896157,"mixed_remodeling_branch_biased","D2_late_increasing"
"AP1S1",0.328435409004753,1.60409137906585e-23,0.117637115661266,0.00231855939407701,"mixed_remodeling_branch_biased","D2_late_increasing"
"MYL6",0.477627876885592,7.72005312157505e-51,-0.00918912972550855,0.80891908844045,"mixed_remodeling_branch_biased","D2_late_increasing"
"LIMK1",0.263104472432261,2.0129204186023e-15,0.156968322526903,4.71095710920839e-05,"mixed_remodeling_branch_biased","D2_late_increasing"
"GBP2",0.306712446555803,1.29343344977533e-20,0.199306494928331,2.20642248942961e-07,"mixed_remodeling_branch_biased","D2_late_increasing"
"AMPD2",0.249292449311226,5.83220271034458e-14,0.162177044341873,2.60712402780613e-05,"mixed_remodeling_branch_biased","D2_late_increasing"
"BEST1",0.289268513134367,1.99377390726856e-18,0.137661347879004,0.000361209588181887,"mixed_remodeling_branch_biased","D2_late_increasing"
"CUEDC2",0.325786241348874,3.73769642192506e-23,0.0991743287599835,0.0101312563428399,"mixed_remodeling_branch_biased","D2_late_increasing"
"ILF2",0.335654175087855,1.53665078417969e-24,0.0477783479524174,0.211985416124913,"mixed_remodeling_branch_biased","D2_late_increasing"
"TUBA1B",0.391337232594518,2.41797191386996e-33,0.0828035746312727,0.0316587969325278,"mixed_remodeling_branch_biased","D2_late_increasing"
"SAC3D1",0.285013658965245,6.4548090745872e-18,0.104200782378105,0.00691340018214681,"mixed_remodeling_branch_biased","D2_late_increasing"
"GDI2",0.294124667000151,5.09503006180848e-19,0.110855200516244,0.0040548857691269,"mixed_remodeling_branch_biased","D2_late_increasing"
"DCTD",0.286757019933175,4.00398535461057e-18,0.140684243259666,0.000265290154077101,"mixed_remodeling_branch_biased","D2_late_increasing"
"FAM127A",0.395631419238006,4.29672471093146e-34,0.0828854487013565,0.0315160442899044,"mixed_remodeling_branch_biased","D2_late_increasing"
"RPN2",0.313458166039552,1.70666227721879e-21,0.14551335841494,0.000161997919485302,"mixed_remodeling_branch_biased","D2_late_increasing"
"ATP5E",0.448131093385591,2.90257678329569e-44,0.0358450739943035,0.348501173849138,"mixed_remodeling_branch_biased","D2_late_increasing"
"CDC42EP1",0.340632518724879,2.92863336050684e-25,0.091349288936857,0.0177805470224093,"mixed_remodeling_branch_biased","D2_late_increasing"
"PUF60",0.327751565436166,1.99067023811398e-23,0.140692721591866,0.000265290154077101,"mixed_remodeling_branch_biased","D2_late_increasing"
"INPPL1",0.26173862293635,2.8334119342645e-15,0.135379720737364,0.000450375507252422,"mixed_remodeling_branch_biased","D2_late_increasing"
"MYL6B",0.346269613358572,4.37024066255372e-26,0.111676893831215,0.00380747313770622,"mixed_remodeling_branch_biased","D2_late_increasing"
"PKN1",0.290028811218407,1.61192112025446e-18,0.143650187797698,0.000197571985138461,"mixed_remodeling_branch_biased","D2_late_increasing"
"LTBP2",0.26388321582026,1.65711131058981e-15,0.189219051396291,8.78811615251503e-07,"mixed_remodeling_branch_biased","D2_late_increasing"
"COL15A1",0.327792501706717,1.96683824444157e-23,0.259135701622251,1.09691550956641e-11,"common_increasing","D2_late_increasing"
"NOP10",0.361495455284121,2.06566908231678e-28,0.0748525007418602,0.0518400229398711,"mixed_remodeling_branch_biased","D2_late_increasing"
"RAB11FIP5",0.268658221015566,4.91944019634189e-16,0.154133657735582,6.44960147909622e-05,"mixed_remodeling_branch_biased","D2_late_increasing"
"OXLD1",0.308904520531303,6.73792427058876e-21,0.150734889287221,9.27780438788417e-05,"mixed_remodeling_branch_biased","D2_late_increasing"
"DNM3OS",0.265800212920846,1.02128224330097e-15,0.172071434049038,8.08493604342498e-06,"mixed_remodeling_branch_biased","D2_late_increasing"
"LRRC75A",0.264953417908465,1.26432642976777e-15,0.214769425713412,2.2360483195385e-08,"common_increasing","D2_late_increasing"
"XXYLT1",0.273863385764165,1.27548964923067e-16,0.150977692331871,9.07229530736918e-05,"mixed_remodeling_branch_biased","D2_late_increasing"
"GCN1",0.235714460449784,1.31427565533181e-12,0.197814103946898,2.72409165879956e-07,"mixed_remodeling_branch_biased","D2_late_increasing"
"FAAP100",0.295731916635276,3.21888627272823e-19,0.164214001359028,2.05923884766629e-05,"mixed_remodeling_branch_biased","D2_late_increasing"
"PTGDS",0.349855799269195,1.27441379491989e-26,0.358715686231184,8.45472720080733e-22,"common_increasing","D2_late_increasing"
"CCL27",0.309045927177247,6.46137343697905e-21,0.139403755395672,0.000302628005913685,"mixed_remodeling_branch_biased","D2_late_increasing"
"CAPG",0.310703077934131,3.93922078896632e-21,0.166925282262236,1.5081194615653e-05,"mixed_remodeling_branch_biased","D2_late_increasing"
"MYC",0.306113161839219,1.5462217493852e-20,0.143540891548913,0.000199670337471664,"mixed_remodeling_branch_biased","D2_late_increasing"
"MDFI",0.339263177376791,4.64510453661743e-25,0.0654923860528144,0.0882608453151679,"mixed_remodeling_branch_biased","D2_late_increasing"
"B4GALT7",0.343681282976781,1.0477878925753e-25,0.183519875856703,1.87400502252838e-06,"mixed_remodeling_branch_biased","D2_late_increasing"
"PSMD8",0.348211406540012,2.25090616645425e-26,0.0496738308589062,0.194745453595312,"mixed_remodeling_branch_biased","D2_late_increasing"
"IMP4",0.32964803019293,1.08402915166096e-23,0.0873671371921452,0.0234067694226194,"mixed_remodeling_branch_biased","D2_late_increasing"
"APRT",0.369853027375984,9.6310459659156e-30,0.0733720697905314,0.0564136668671054,"mixed_remodeling_branch_biased","D2_late_increasing"
"PTGES2",0.322398839844354,1.09068766655252e-22,0.0849188156205804,0.0275659912429356,"mixed_remodeling_branch_biased","D2_late_increasing"
"SLC35E1",0.254588656688136,1.64859037738902e-14,0.215212365988397,2.09028957867302e-08,"common_increasing","D2_late_increasing"
"ANO1",0.286596262610522,4.18319497319757e-18,0.194863585967554,4.10532108174216e-07,"mixed_remodeling_branch_biased","D2_late_increasing"
"SEC61B",0.37179750635578,4.67822379879057e-30,0.0935212775743772,0.0153018028280463,"mixed_remodeling_branch_biased","D2_late_increasing"
"TTC3",0.233123979356636,2.3359827635285e-12,0.201567533867729,1.60368030737601e-07,"common_increasing","D2_late_increasing"
"POLR2G",0.354411113104732,2.59027850358961e-27,0.100605615698824,0.00910591052220167,"mixed_remodeling_branch_biased","D2_late_increasing"
"TIMM13",0.372765188225371,3.25734496270284e-30,0.0690011548181067,0.0727808951053373,"mixed_remodeling_branch_biased","D2_late_increasing"
"TMED2",0.355298008094582,1.89292546171168e-27,0.0796649081332578,0.0386176350347292,"mixed_remodeling_branch_biased","D2_late_increasing"
"MMP14",0.275131703488809,9.13493822806995e-17,0.116193060156187,0.00262675429907344,"mixed_remodeling_branch_biased","D2_late_increasing"
"UBA1",0.30506687301599,2.1132571498271e-20,0.128620519918733,0.000865688281931428,"mixed_remodeling_branch_biased","D2_late_increasing"
"APLNR",0.315339604474404,9.68061961099347e-22,0.188473222000383,9.7448367787224e-07,"mixed_remodeling_branch_biased","D2_late_increasing"
"DGKZ",0.296370475536886,2.68723480687819e-19,0.190302250109522,7.62394238986989e-07,"mixed_remodeling_branch_biased","D2_late_increasing"
"ELN",0.251784462559761,3.23649930506555e-14,0.257832016578575,1.40525088076741e-11,"common_increasing","D2_late_increasing"
"PRELID1",0.368102386854635,1.85134037176355e-29,0.0329614717269225,0.388026412127183,"mixed_remodeling_branch_biased","D2_late_increasing"
"SIRT2",0.299087073091166,1.2248535257246e-19,0.124039340407769,0.00131627061532354,"mixed_remodeling_branch_biased","D2_late_increasing"
"IL32",0.346384159413791,4.21156776662953e-26,0.236108196036623,6.96226654550274e-10,"common_increasing","D2_late_increasing"
"CHRD",0.259076692815332,5.51231047587845e-15,0.235553361847358,7.66481463616065e-10,"common_increasing","D2_late_increasing"
"BAX",0.293006501139307,6.98340840458923e-19,0.163609898666233,2.20217936388329e-05,"mixed_remodeling_branch_biased","D2_late_increasing"
"PLEKHO1",0.306777900786682,1.26959088047002e-20,0.156831167094485,4.78109966519753e-05,"mixed_remodeling_branch_biased","D2_late_increasing"
"TSPAN4",0.363357480290428,1.04997461820547e-28,0.196403733150832,3.32882493022716e-07,"mixed_remodeling_branch_biased","D2_late_increasing"
"TCEB2",0.44003625340968,1.46162984045181e-42,0.0790333754786788,0.0401943765191693,"mixed_remodeling_branch_biased","D2_late_increasing"
"ATP8B2",0.248663156577692,6.74229210012312e-14,0.195270263229718,3.8824155198104e-07,"mixed_remodeling_branch_biased","D2_late_increasing"
"ATP6V0E1",0.363641350901325,9.48034108209744e-29,0.140676486956108,0.000265290154077101,"mixed_remodeling_branch_biased","D2_late_increasing"
"SPOP",0.276266794580409,6.78946464193411e-17,0.190338341457417,7.60904193981362e-07,"mixed_remodeling_branch_biased","D2_late_increasing"
"DUSP23",0.351194571086024,7.96781914962965e-27,0.142734955897571,0.000217211904633052,"mixed_remodeling_branch_biased","D2_late_increasing"
"CCND2",0.286346448622517,4.48020415469936e-18,0.203197100625895,1.26498080223696e-07,"common_increasing","D2_late_increasing"
"SLC3A2",0.320885047048184,1.73815510799226e-22,0.138736092864534,0.000324145015256111,"mixed_remodeling_branch_biased","D2_late_increasing"
"TMEM205",0.361434119874064,2.10930597468574e-28,0.202005110603409,1.5059005900235e-07,"common_increasing","D2_late_increasing"
"COMMD7",0.308345270738728,7.95048428701128e-21,0.177278191231401,4.21411587767801e-06,"mixed_remodeling_branch_biased","D2_late_increasing"
"UBTD1",0.283099435826528,1.08119948754127e-17,0.165683748542133,1.73744127820643e-05,"mixed_remodeling_branch_biased","D2_late_increasing"
"SPNS1",0.305400714670996,1.91383232392086e-20,0.194587530085476,4.25914109305303e-07,"mixed_remodeling_branch_biased","D2_late_increasing"
"MRGPRF",0.307259870611249,1.10123152776363e-20,0.243667358057028,1.87231983472365e-10,"common_increasing","D2_late_increasing"
"PIGP",0.319993235800446,2.29707930153564e-22,0.142417918732923,0.000224441626856895,"mixed_remodeling_branch_biased","D2_late_increasing"
"DDT",0.377883575872792,4.67461564017697e-31,0.0975395734347059,0.011445770644179,"mixed_remodeling_branch_biased","D2_late_increasing"
"CPNE1",0.326117730725756,3.36942653435361e-23,0.127496095610323,0.000956733406095319,"mixed_remodeling_branch_biased","D2_late_increasing"
"TSPAN9",0.250619302311452,4.25828045680882e-14,0.213259350507551,2.83068640963369e-08,"common_increasing","D2_late_increasing"
"NDUFA13",0.407838009483072,2.67033983274687e-36,0.0827847468492119,0.0316679385891826,"mixed_remodeling_branch_biased","D2_late_increasing"
"PTPN14",0.229575662930727,5.05054464666536e-12,0.227861876198216,2.78763904149514e-09,"common_increasing","D2_late_increasing"
"MXD4",0.315590318790353,8.96237495491323e-22,0.161204087315037,2.91632928964584e-05,"mixed_remodeling_branch_biased","D2_late_increasing"
"PPP2R1A",0.314385374956429,1.29060469544513e-21,0.136994431430594,0.000385637968672537,"mixed_remodeling_branch_biased","D2_late_increasing"
"ACAN",0.282520279734065,1.26369637980163e-17,0.160889223127697,3.02481094781231e-05,"mixed_remodeling_branch_biased","D2_late_increasing"
"STARD10",0.32233241229603,1.11271748073178e-22,0.164722980791616,1.9398384229678e-05,"mixed_remodeling_branch_biased","D2_late_increasing"
"TCEAL8",0.345520652853775,5.59992911820348e-26,0.103627985382071,0.00723326384025683,"mixed_remodeling_branch_biased","D2_late_increasing"
"NUDT22",0.346320351067371,4.30000761966367e-26,0.0929676324656439,0.0158761356030082,"mixed_remodeling_branch_biased","D2_late_increasing"
"TACSTD2",0.315651763348245,8.80280622109305e-22,0.138113538268656,0.000345050624234224,"mixed_remodeling_branch_biased","D2_late_increasing"
"CD248",0.365017361523246,5.74237891395566e-29,0.200302443267362,1.91846774761585e-07,"common_increasing","D2_late_increasing"
"GOLGA2",0.241089907014776,3.91187659713099e-13,0.175902039494865,5.03562650111194e-06,"mixed_remodeling_branch_biased","D2_late_increasing"
"HSD3B7",0.333968858848498,2.66065379873148e-24,0.164686550244458,1.94589016731337e-05,"mixed_remodeling_branch_biased","D2_late_increasing"
"TAX1BP3",0.360332763563226,3.14488671765707e-28,0.105774290549147,0.00610682444061784,"mixed_remodeling_branch_biased","D2_late_increasing"
"GLRX",0.32898186604188,1.34608613094879e-23,0.0954640354840523,0.0132907842990626,"mixed_remodeling_branch_biased","D2_late_increasing"
"FAM96B",0.361679184361075,1.93334959764416e-28,0.0912274447611717,0.0179205377125163,"mixed_remodeling_branch_biased","D2_late_increasing"
"CYP1B1",0.343760125104747,1.02106792759111e-25,0.215196224278585,2.0918112881664e-08,"common_increasing","D2_late_increasing"
"LTBR",0.3241141381194,6.33855229999299e-23,0.204356659216223,1.06617409510589e-07,"common_increasing","D2_late_increasing"
"SERPINB6",0.3126637323866,2.17458746080422e-21,0.208181517942171,6.06697021130977e-08,"common_increasing","D2_late_increasing"
"MFSD12",0.296365904368064,2.68774052837224e-19,0.157536160022711,4.41262443539781e-05,"mixed_remodeling_branch_biased","D2_late_increasing"
"FKBP1A",0.370622323765903,7.26493207224816e-30,0.166710261798815,1.5383076432905e-05,"mixed_remodeling_branch_biased","D2_late_increasing"
"NCLN",0.331402423512406,6.1537076607802e-24,0.0576919091582638,0.132439708224833,"mixed_remodeling_branch_biased","D2_late_increasing"
"NTM",0.256998248240342,9.18971821109674e-15,0.172334867106636,7.83849660956816e-06,"mixed_remodeling_branch_biased","D2_late_increasing"
"FAM173A",0.364044977683676,8.19995195339934e-29,0.0833560202924458,0.0305636371987707,"mixed_remodeling_branch_biased","D2_late_increasing"
"TMEM141",0.353646607830678,3.38862347855008e-27,0.0737533631652421,0.0552683331080436,"mixed_remodeling_branch_biased","D2_late_increasing"
"RNF181",0.38132725245085,1.24658642533308e-31,0.0735296433385268,0.0559784775096203,"mixed_remodeling_branch_biased","D2_late_increasing"
"FBLN2",0.27743167280378,4.97785040529526e-17,0.33772277727689,2.40877382948369e-19,"common_increasing","D2_late_increasing"
"CTD-3214H19.16",0.388797892693135,6.65426100403563e-33,0.112186903327332,0.0036516706408488,"mixed_remodeling_branch_biased","D2_late_increasing"
"ARHGAP22",0.241477104654509,3.5817335165907e-13,0.265091024489453,3.54278830136971e-12,"common_increasing","D2_late_increasing"
"MRPL3",0.323045978232412,8.88351411115934e-23,0.115742349701648,0.00272215989133008,"mixed_remodeling_branch_biased","D2_late_increasing"
"YIPF5",0.330245014204469,8.9762874048847e-24,0.150596869258914,9.41160387063024e-05,"mixed_remodeling_branch_biased","D2_late_increasing"
"APOBEC3C",0.360208170792821,3.28675169355718e-28,0.141803842385459,0.00023878196358313,"mixed_remodeling_branch_biased","D2_late_increasing"
"PSMB3",0.353333535942044,3.77966205820357e-27,0.134734920326808,0.000479830028358808,"mixed_remodeling_branch_biased","D2_late_increasing"
"C1orf54",0.358005684734312,7.24443608290091e-28,0.166736955199974,1.53533117156083e-05,"mixed_remodeling_branch_biased","D2_late_increasing"
"FAM57A",0.321726407576541,1.33711509049865e-22,0.141150752027182,0.000254721290712139,"mixed_remodeling_branch_biased","D2_late_increasing"
"NUDT2",0.339748784879566,3.94650423071104e-25,0.0911898444100951,0.0179338156178273,"mixed_remodeling_branch_biased","D2_late_increasing"
"AP2M1",0.389088738861265,5.92473498327223e-33,0.141439044203236,0.000247636551249081,"mixed_remodeling_branch_biased","D2_late_increasing"
"MYO18A",0.230569483532164,4.07557451954777e-12,0.237434260403062,5.57060741910212e-10,"common_increasing","D2_late_increasing"
"TOMM5",0.373150615554163,2.81910015229873e-30,0.0773119632275353,0.0447581036208266,"mixed_remodeling_branch_biased","D2_late_increasing"
"C1orf216",0.312164670720679,2.53080279898745e-21,0.0989657604495293,0.0102860395460451,"mixed_remodeling_branch_biased","D2_late_increasing"
"ELOVL1",0.346084878362278,4.64040124537008e-26,0.0780316943307704,0.0428305559404788,"mixed_remodeling_branch_biased","D2_late_increasing"
"MMP24-AS1",0.352197554783967,5.61454537834152e-27,0.16678498787918,1.52893488495164e-05,"mixed_remodeling_branch_biased","D2_late_increasing"
"CCDC85B",0.376656993224614,7.47430547892748e-31,0.101757629674876,0.00835689997484384,"mixed_remodeling_branch_biased","D2_late_increasing"
"COX5A",0.379964585253654,2.11013908784029e-31,0.123048685484666,0.00143778494995164,"mixed_remodeling_branch_biased","D2_late_increasing"
"GTF2H5",0.352046754072354,5.91600838969279e-27,0.131939211564002,0.000629931688013516,"mixed_remodeling_branch_biased","D2_late_increasing"
"RALA",0.273857394911901,1.27617828141099e-16,0.189332395322528,8.68948769481401e-07,"mixed_remodeling_branch_biased","D2_late_increasing"
"CTSD",0.383346525201991,5.69087349709106e-32,0.182640562321341,2.10318244857769e-06,"mixed_remodeling_branch_biased","D2_late_increasing"
"FAM210B",0.331119502540604,6.74006774967989e-24,0.113957665448894,0.00315460276187759,"mixed_remodeling_branch_biased","D2_late_increasing"
"YKT6",0.334147448002963,2.52400952270746e-24,0.123898480096363,0.00133197221718266,"mixed_remodeling_branch_biased","D2_late_increasing"
"RP11-492E3.51",0.275114795042042,9.16653366574636e-17,0.23528856161631,8.01510623526469e-10,"common_increasing","D2_late_increasing"
"SEPW1",0.390291418573389,3.68568994716636e-33,0.12028508029608,0.00183291474033495,"mixed_remodeling_branch_biased","D2_late_increasing"
"PTPRD",0.187710018795587,1.90166123113046e-08,0.286198916762281,4.64668151155989e-14,"ecm_dominant_branch_biased","D2_late_increasing"
"USP11",0.308798923989875,6.94171026456194e-21,0.137358002344514,0.000371856977295995,"mixed_remodeling_branch_biased","D2_late_increasing"
"IFNGR2",0.306691133779065,1.3002645178054e-20,0.220772589504819,8.69098661457451e-09,"common_increasing","D2_late_increasing"
"SLC52A2",0.334427430891767,2.30773997456898e-24,0.0589934117662954,0.124235285713761,"mixed_remodeling_branch_biased","D2_late_increasing"
"CFH",0.335894412402659,1.42120732189956e-24,0.336449812956499,3.32729648248052e-19,"common_increasing","D2_late_increasing"
"PRKAR2A",0.250088028665672,4.82704475777053e-14,0.215225834717,2.08967377544512e-08,"common_increasing","D2_late_increasing"
"SNRPC",0.358467116267757,6.15170688421544e-28,0.0920232138391818,0.016980170411608,"mixed_remodeling_branch_biased","D2_late_increasing"
"CHID1",0.367681106266767,2.15494058495655e-29,0.148967605985625,0.000112149529080512,"mixed_remodeling_branch_biased","D2_late_increasing"
"MSC",0.330022634277859,9.63342854715507e-24,0.190503364947838,7.44480506269282e-07,"mixed_remodeling_branch_biased","D2_late_increasing"
"DNLZ",0.371437021336344,5.36105105113916e-30,0.115578600083036,0.00275894885573938,"mixed_remodeling_branch_biased","D2_late_increasing"
"REXO2",0.379991061237857,2.09263466505344e-31,0.181692049410775,2.37418000775128e-06,"mixed_remodeling_branch_biased","D2_late_increasing"
"IFI35",0.366125570756856,3.8379197037136e-29,0.102891108511668,0.00765853427236527,"mixed_remodeling_branch_biased","D2_late_increasing"
"RAB31",0.321998612591288,1.23351116357846e-22,0.115799395193086,0.00271136760283336,"mixed_remodeling_branch_biased","D2_late_increasing"
"PRDX5",0.427688011555602,4.43706960204975e-40,0.052157720182346,0.173639390532371,"mixed_remodeling_branch_biased","D2_late_increasing"
"UFD1L",0.357686593786415,8.11150223332906e-28,0.120296719142085,0.00183291474033495,"mixed_remodeling_branch_biased","D2_late_increasing"
"ICAM3",0.331281160247993,6.39731090321067e-24,0.153562399411103,6.85265267983056e-05,"mixed_remodeling_branch_biased","D2_late_increasing"
"SNHG18",0.349002635525307,1.71304918757945e-26,0.14753018985268,0.00013075745452285,"mixed_remodeling_branch_biased","D2_late_increasing"
"PSENEN",0.381737701770026,1.06606299919775e-31,0.142187694598793,0.000229477222707933,"mixed_remodeling_branch_biased","D2_late_increasing"
"SEC31A",0.236301097991998,1.15413613509211e-12,0.212530853637903,3.15488887123242e-08,"common_increasing","D2_late_increasing"
"EPN1",0.321524941044003,1.4205956423209e-22,0.191201014879013,6.76337145859582e-07,"mixed_remodeling_branch_biased","D2_late_increasing"
"SH3BGRL3",0.420726200549771,1.01120399693207e-38,0.098491665198938,0.0106594300648954,"mixed_remodeling_branch_biased","D2_late_increasing"
"SAE1",0.303351328684432,3.51043926179037e-20,0.174637036958784,5.87136431888066e-06,"mixed_remodeling_branch_biased","D2_late_increasing"
"HSPA12B",0.314773938237824,1.15056794641089e-21,0.185951074455327,1.36388574230898e-06,"mixed_remodeling_branch_biased","D2_late_increasing"
"NAA38",0.372843293063655,3.16712180473365e-30,0.099426917101821,0.00995456974979255,"mixed_remodeling_branch_biased","D2_late_increasing"
"CLEC2A",0.284972673314116,6.52147996258616e-18,0.211782736403884,3.51306587290637e-08,"common_increasing","D2_late_increasing"
"SEC23A",0.229129420604175,5.56116298694893e-12,0.246811768463557,1.07383132608042e-10,"common_increasing","D2_late_increasing"
"TENM4",0.246215261680208,1.19627046895789e-13,0.286845922705254,4.05441425232638e-14,"common_increasing","D2_late_increasing"
"CILP",0.322039298073372,1.21912720291598e-22,0.274376074201169,5.44245143209268e-13,"common_increasing","D2_late_increasing"
"CCL2",0.343477145012156,1.12295055682969e-25,0.227861625818011,2.78763904149514e-09,"common_increasing","D2_late_increasing"
"LAMTOR1",0.365428946306699,4.93960510514723e-29,0.124036202827323,0.00131627061532354,"mixed_remodeling_branch_biased","D2_late_increasing"
"TP53TG1",0.365956650306582,4.07435141055103e-29,0.135548466617932,0.000443196539111224,"mixed_remodeling_branch_biased","D2_late_increasing"
"SEPN1",0.339178424739698,4.77439850365373e-25,0.123054503165624,0.00143778494995164,"mixed_remodeling_branch_biased","D2_late_increasing"
"BRE",0.206000924308295,6.43706052070655e-10,0.277100183081877,3.12775551281615e-13,"common_increasing","D2_late_increasing"
"SIGMAR1",0.363892364369755,8.66467774980623e-29,0.0918926892106684,0.017125552608791,"mixed_remodeling_branch_biased","D2_late_increasing"
"DEF8",0.333237109490495,3.38391736596596e-24,0.11938963044219,0.00198273900179617,"mixed_remodeling_branch_biased","D2_late_increasing"
"CXCL12",0.354848158266617,2.21971487753952e-27,0.330580273920275,1.49769282641616e-18,"common_increasing","D2_late_increasing"
"CCDC8",0.325442462863723,4.16784236861272e-23,0.158584323493382,3.94004786898242e-05,"mixed_remodeling_branch_biased","D2_late_increasing"
"MRPL27",0.377900126685091,4.65403077083197e-31,0.101642745860324,0.00842471414545777,"mixed_remodeling_branch_biased","D2_late_increasing"
"GSTK1",0.370254194828765,8.29688843729997e-30,0.170255443899483,1.00773392818109e-05,"mixed_remodeling_branch_biased","D2_late_increasing"
"NFE2L1",0.309225516721389,6.12428495837078e-21,0.177413274254941,4.14566197545152e-06,"mixed_remodeling_branch_biased","D2_late_increasing"
"PDIA4",0.374757760280062,1.54225703872159e-30,0.100486598578182,0.00918203143780224,"mixed_remodeling_branch_biased","D2_late_increasing"
"CAP1",0.359048161712152,4.98097510173199e-28,0.124746022036901,0.00123639462992278,"mixed_remodeling_branch_biased","D2_late_increasing"
"ABHD14A",0.366184492822113,3.76081696055023e-29,0.17500857956618,5.61835884107197e-06,"mixed_remodeling_branch_biased","D2_late_increasing"
"PLGRKT",0.319092088465459,3.05354058922366e-22,0.16375315488733,2.17278108700968e-05,"mixed_remodeling_branch_biased","D2_late_increasing"
"SERP1",0.385284795511198,2.66396743665638e-32,0.12139670619561,0.00166738174308327,"mixed_remodeling_branch_biased","D2_late_increasing"
"FAAP20",0.348967784623674,1.73150816437096e-26,0.114493820989621,0.00301628525970301,"mixed_remodeling_branch_biased","D2_late_increasing"
"PPP4C",0.34905202433938,1.68609448130011e-26,0.128477283044046,0.000876843922079991,"mixed_remodeling_branch_biased","D2_late_increasing"
"NRN1",0.351982534081532,6.04351200175804e-27,0.211232414600147,3.81811086777693e-08,"common_increasing","D2_late_increasing"
"ITGB5",0.251393835535865,3.54539702489791e-14,0.17415637126368,6.22277448327206e-06,"mixed_remodeling_branch_biased","D2_late_increasing"
"PDZD11",0.356947700796801,1.05816110770517e-27,0.129810910646459,0.000773173829297892,"mixed_remodeling_branch_biased","D2_late_increasing"
"CLTB",0.357766938748628,7.89072374408823e-28,0.200752581989511,1.80592320405658e-07,"common_increasing","D2_late_increasing"
"TADA3",0.32846949704781,1.58841592089694e-23,0.149728716959206,0.000103509139900303,"mixed_remodeling_branch_biased","D2_late_increasing"
"MZT2A",0.386406950445599,1.71808235475658e-32,0.0942486514958264,0.0145123930623077,"mixed_remodeling_branch_biased","D2_late_increasing"
"PTGIS",0.31354803658759,1.66178036313547e-21,0.30982020813529,2.39314097833256e-16,"common_increasing","D2_late_increasing"
"FGGY",0.246724712860931,1.06199204301403e-13,0.247641917505648,9.24158953524532e-11,"common_increasing","D2_late_increasing"
"HSPB6",0.376157163618555,9.06373412128921e-31,0.138425263431316,0.000334429955778182,"mixed_remodeling_branch_biased","D2_late_increasing"
"C19orf70",0.415235435969327,1.11484983525075e-37,0.0630596989237346,0.100562237278233,"mixed_remodeling_branch_biased","D2_late_increasing"
"PPP1CA",0.379122982350185,2.90323896193736e-31,0.0796824618652884,0.0386108348581169,"mixed_remodeling_branch_biased","D2_late_increasing"
"TMEM54",0.334233097948304,2.45752551631734e-24,0.105116160642483,0.00643113659598457,"mixed_remodeling_branch_biased","D2_late_increasing"
"SSR2",0.415109911915835,1.16841731546772e-37,0.112383712433299,0.00359397994503091,"mixed_remodeling_branch_biased","D2_late_increasing"
"SPHK1",0.345343077144811,5.93976507642876e-26,0.109975140425062,0.00435637012911858,"mixed_remodeling_branch_biased","D2_late_increasing"
"LY6E",0.430853246515345,1.04438779010114e-40,0.0967358488026711,0.0121328636304819,"mixed_remodeling_branch_biased","D2_late_increasing"
"TMEM120B",0.194225363890973,5.9037099106373e-09,0.26675250469596,2.55297425839103e-12,"ecm_dominant_branch_biased","D2_late_increasing"
"PRSS23",0.33516567654145,1.80870708339758e-24,0.151448919429815,8.61186357081158e-05,"mixed_remodeling_branch_biased","D2_late_increasing"
"DCN",0.425562063360502,1.14389377695005e-39,0.332115307845296,1.01123959164923e-18,"common_increasing","D2_late_increasing"
"C17orf89",0.391136239112309,2.61969774185534e-33,0.0689077963213382,0.0731099941379297,"mixed_remodeling_branch_biased","D2_late_increasing"
"GSDMD",0.345318036722977,5.98267683384949e-26,0.195810456795871,3.61825492016153e-07,"mixed_remodeling_branch_biased","D2_late_increasing"
"NFATC2",0.219006803510753,4.75243268624287e-11,0.326843136242082,3.84447179173093e-18,"common_increasing","D2_late_increasing"
"PRKCSH",0.37465966931076,1.59878326901899e-30,0.159275442614319,3.63929856359637e-05,"mixed_remodeling_branch_biased","D2_late_increasing"
"CENPP",0.279515351318473,2.85081079827214e-17,0.214563285027278,2.30690100456745e-08,"common_increasing","D2_late_increasing"
"FBXW5",0.331847580145118,5.3231458390951e-24,0.143274561207365,0.000205229954000888,"mixed_remodeling_branch_biased","D2_late_increasing"
"DDRGK1",0.343454250991988,1.13017647561777e-25,0.152438481202594,7.74409135832453e-05,"mixed_remodeling_branch_biased","D2_late_increasing"
"CTC-479C5.12",0.367789418451248,2.0723536944651e-29,0.0912074617699655,0.0179287053477303,"mixed_remodeling_branch_biased","D2_late_increasing"
"ANAPC11",0.422417256357396,4.77645444427315e-39,0.0671542765180666,0.0803854922835878,"mixed_remodeling_branch_biased","D2_late_increasing"
"MAN1B1",0.319071170710474,3.06992414853023e-22,0.192990712966043,5.27736398800014e-07,"mixed_remodeling_branch_biased","D2_late_increasing"
"NDUFA6",0.403667961092227,1.52435488885366e-35,0.131090127932293,0.000684624262288049,"mixed_remodeling_branch_biased","D2_late_increasing"
"GPX1",0.441980560151292,5.75352278868355e-43,0.152236935329616,7.91404247784796e-05,"mixed_remodeling_branch_biased","D2_late_increasing"
"MICAL2",0.272200363285909,1.96436064321782e-16,0.171674544531908,8.47017220837929e-06,"mixed_remodeling_branch_biased","D2_late_increasing"
"TAPBP",0.324630809522813,5.39958059668885e-23,0.177020933188521,4.3532454301251e-06,"mixed_remodeling_branch_biased","D2_late_increasing"
"TMED9",0.377716480231395,4.9702687310441e-31,0.0984525768845858,0.0106807751631284,"mixed_remodeling_branch_biased","D2_late_increasing"
"MRPL36",0.390051314518262,4.04691802606079e-33,0.12093948512742,0.00173350739038579,"mixed_remodeling_branch_biased","D2_late_increasing"
"FUCA2",0.359183315607468,4.74836263399531e-28,0.234532686821142,9.13869162576187e-10,"common_increasing","D2_late_increasing"
"TP53I13",0.354085791900406,2.90767032250407e-27,0.151472555881291,8.59966005692441e-05,"mixed_remodeling_branch_biased","D2_late_increasing"
"IFI16",0.363671457332441,9.39159038173999e-29,0.202742174957842,1.35279067768612e-07,"common_increasing","D2_late_increasing"
"SEC61G",0.406327733832188,4.99869069409681e-36,0.107511647515543,0.00532389290480479,"mixed_remodeling_branch_biased","D2_late_increasing"
"ARPC2",0.378672808600872,3.45106199161285e-31,0.128263534713761,0.000893220388480176,"mixed_remodeling_branch_biased","D2_late_increasing"
"NCS1",0.325381696075101,4.24515177143491e-23,0.140853012226966,0.000261628366257218,"mixed_remodeling_branch_biased","D2_late_increasing"
"GMPPB",0.33414038802869,2.52638845477124e-24,0.165890739171384,1.69586387811073e-05,"mixed_remodeling_branch_biased","D2_late_increasing"
"TMEM45A",0.316385690946451,7.03059594971958e-22,0.187400532116584,1.12707681155058e-06,"mixed_remodeling_branch_biased","D2_late_increasing"
"FAM109B",0.360375721533969,3.10098630237029e-28,0.136963539244239,0.000386413180152038,"mixed_remodeling_branch_biased","D2_late_increasing"
"G6PC3",0.379425265606688,2.58284827017721e-31,0.169504164995752,1.10519142498156e-05,"mixed_remodeling_branch_biased","D2_late_increasing"
"ARF5",0.382507401081641,7.883634045893e-32,0.158275912519804,4.07041235522448e-05,"mixed_remodeling_branch_biased","D2_late_increasing"
"MGAT1",0.365534545388082,4.75651353873555e-29,0.165463236094357,1.78051692145907e-05,"mixed_remodeling_branch_biased","D2_late_increasing"
"ATP5G1",0.405343894677816,7.56017703670339e-36,0.111735177643531,0.00379248585632721,"mixed_remodeling_branch_biased","D2_late_increasing"
"PPP1R9B",0.318999153220843,3.1367511898959e-22,0.182004918382886,2.28248691023263e-06,"mixed_remodeling_branch_biased","D2_late_increasing"
"SH3GLB1",0.333256764816746,3.36651933586322e-24,0.221500737413903,7.74948580399468e-09,"common_increasing","D2_late_increasing"
"SHISA4",0.384229618358679,4.03266321617588e-32,0.0469693023272839,0.219684873277494,"mixed_remodeling_branch_biased","D2_late_increasing"
"PALM",0.265124228350147,1.21160218098308e-15,0.309212783645853,2.7413630616392e-16,"common_increasing","D2_late_increasing"
"COLGALT1",0.338408476984248,6.15259248422681e-25,0.166781654248169,1.52893488495164e-05,"mixed_remodeling_branch_biased","D2_late_increasing"
"IGF2",0.346409348956865,4.18114186027479e-26,0.16601181381247,1.67294013928646e-05,"mixed_remodeling_branch_biased","D2_late_increasing"
"CLDN4",0.335985836604174,1.38203963878931e-24,0.194978302788462,4.04410750703243e-07,"mixed_remodeling_branch_biased","D2_late_increasing"
"EIF5A",0.401665463183535,3.52765916517025e-35,0.114695874074619,0.00297280420044763,"mixed_remodeling_branch_biased","D2_late_increasing"
"TGFB1I1",0.383242552327917,5.91916202522775e-32,0.0755954144235689,0.0495898740350881,"mixed_remodeling_branch_biased","D2_late_increasing"
"ORAI2",0.324376234403463,5.84722764976468e-23,0.193236028647455,5.10942798793648e-07,"mixed_remodeling_branch_biased","D2_late_increasing"
"WIPI1",0.281791293611751,1.54159184890115e-17,0.192742803941533,5.45995694798722e-07,"mixed_remodeling_branch_biased","D2_late_increasing"
"CLEC2B",0.387693044286848,1.03282085597505e-32,0.223967335745148,5.21797618165566e-09,"common_increasing","D2_late_increasing"
"SNRNP25",0.368272165622476,1.74263550258062e-29,0.121134651825124,0.00170635372756259,"mixed_remodeling_branch_biased","D2_late_increasing"
"UQCR11",0.465885787135663,3.88952209813141e-48,0.107750139835743,0.00522472441236212,"mixed_remodeling_branch_biased","D2_late_increasing"
"DDB2",0.252871507007032,2.493413919456e-14,0.278256415548446,2.45457780223346e-13,"common_increasing","D2_late_increasing"
"GALNT5",0.303506254084102,3.35578338277752e-20,0.246722131980993,1.08938393292428e-10,"common_increasing","D2_late_increasing"
"NAGLU",0.327988277279366,1.85224704870141e-23,0.16555462271372,1.76295676609679e-05,"mixed_remodeling_branch_biased","D2_late_increasing"
"UBXN6",0.360046467148384,3.48219287971109e-28,0.18370830670423,1.82909495805121e-06,"mixed_remodeling_branch_biased","D2_late_increasing"
"SCP2",0.320411423044516,2.01869883537623e-22,0.19028044247722,7.63549901085998e-07,"mixed_remodeling_branch_biased","D2_late_increasing"
"IKBIP",0.310429156028946,4.27411733119733e-21,0.18563155794958,1.42117434459893e-06,"mixed_remodeling_branch_biased","D2_late_increasing"
"MAN1C1",0.285898843136472,5.06407252297885e-18,0.345673802198162,2.9492739862516e-20,"common_increasing","D2_late_increasing"
"COPS7A",0.346690214953878,3.79502308800627e-26,0.130990986880198,0.000690586511013115,"mixed_remodeling_branch_biased","D2_late_increasing"
"WBP5",0.358308266844549,6.49715302436112e-28,0.170605292403326,9.65292102511324e-06,"mixed_remodeling_branch_biased","D2_late_increasing"
"VAT1",0.370928796775593,6.48699174180068e-30,0.14129801506969,0.000251072449272807,"mixed_remodeling_branch_biased","D2_late_increasing"
"PEA15",0.365707612708027,4.46560259740131e-29,0.114645466305604,0.00298278690986414,"mixed_remodeling_branch_biased","D2_late_increasing"
"TXN2",0.38315022569375,6.12799635898257e-32,0.117014952429375,0.00244631922770424,"mixed_remodeling_branch_biased","D2_late_increasing"
"ECM2",0.276210445769529,6.88532792146111e-17,0.342392365293513,7.10806535045563e-20,"common_increasing","D2_late_increasing"
"TBC1D1",0.293188761395744,6.64307526346478e-19,0.182162278274449,2.23764265621694e-06,"mixed_remodeling_branch_biased","D2_late_increasing"
"NDUFB3",0.352781366175928,4.57011109570444e-27,0.147221267779556,0.00013496425916645,"mixed_remodeling_branch_biased","D2_late_increasing"
"APOE",0.427309470050192,5.23529790539739e-40,0.269792634152678,1.39169167383783e-12,"common_increasing","D2_late_increasing"
"FAM129A",0.247816773885169,8.21905667831834e-14,0.284132813360813,7.17364821926352e-14,"common_increasing","D2_late_increasing"
"SLC39A7",0.374142890024339,1.94502653067172e-30,0.111651973838009,0.00381157530743678,"mixed_remodeling_branch_biased","D2_late_increasing"
"KIAA2013",0.329907328186353,9.97944052545756e-24,0.183128829685592,1.97379506259952e-06,"mixed_remodeling_branch_biased","D2_late_increasing"
"TNC",0.327877975460209,1.9151646974319e-23,0.239372504344563,3.99651706407819e-10,"common_increasing","D2_late_increasing"
"CLPP",0.350598029751142,9.82186087944326e-27,0.0876287714231668,0.0230041808952408,"mixed_remodeling_branch_biased","D2_late_increasing"
"HMOX2",0.352888986815325,4.41895524660524e-27,0.152495174493575,7.70393771511689e-05,"mixed_remodeling_branch_biased","D2_late_increasing"
"MAST2",0.222221720098667,2.43090872104638e-11,0.305590014438655,6.39493470872935e-16,"common_increasing","D2_late_increasing"
"GPC1",0.344131961294104,9.00118018247478e-26,0.147379229431534,0.000132793851800798,"mixed_remodeling_branch_biased","D2_late_increasing"
"PRADC1",0.363536201033073,9.84134411215129e-29,0.0934257309693458,0.0153948370630995,"mixed_remodeling_branch_biased","D2_late_increasing"
"KLHL22",0.251653390721609,3.33710330452221e-14,0.249797073470382,6.25494054660144e-11,"common_increasing","D2_late_increasing"
"ARAP1",0.308752512329238,7.03219354670611e-21,0.253835063742528,2.94390878128123e-11,"common_increasing","D2_late_increasing"
"GUK1",0.407101619046278,3.61523902972206e-36,0.120604222882039,0.00178390024892446,"mixed_remodeling_branch_biased","D2_late_increasing"
"IGDCC4",0.2142315717322,1.26081320224446e-10,0.353403568985136,3.6547917264491e-21,"common_increasing","D2_late_increasing"
"CHD3",0.324018737148291,6.52814432594477e-23,0.167490997814947,1.41211702826181e-05,"mixed_remodeling_branch_biased","D2_late_increasing"
"NDUFA3",0.410374465145095,9.08285791471558e-37,0.153588288551097,6.84979784885804e-05,"mixed_remodeling_branch_biased","D2_late_increasing"
"PSMB8",0.385434620385319,2.5137876297936e-32,0.185420350258913,1.46102276571364e-06,"mixed_remodeling_branch_biased","D2_late_increasing"
"KLHDC3",0.355908380332325,1.53040672636976e-27,0.227525299842753,2.94628203648862e-09,"common_increasing","D2_late_increasing"
"MIF",0.405135536148655,8.22578752088416e-36,0.0688584532461123,0.0731830528070252,"mixed_remodeling_branch_biased","D2_late_increasing"
"GOLGA3",0.286158847344659,4.71553156072272e-18,0.1913342874534,6.6467403139985e-07,"mixed_remodeling_branch_biased","D2_late_increasing"
"ST6GALNAC6",0.375501409264852,1.16502528442341e-30,0.192694334819344,5.48929599278704e-07,"mixed_remodeling_branch_biased","D2_late_increasing"
"THOC6",0.334077303522079,2.57668615736477e-24,0.166872596893428,1.51593287787156e-05,"mixed_remodeling_branch_biased","D2_late_increasing"
"MRPL14",0.386132396687813,1.91070188263654e-32,0.0860289808511134,0.0256146516851357,"mixed_remodeling_branch_biased","D2_late_increasing"
"GTF3C1",0.302884349973287,4.02515127932234e-20,0.201997184909135,1.5059005900235e-07,"common_increasing","D2_late_increasing"
"GNG5",0.388648854433074,7.03782956431832e-33,0.187217301547154,1.15446574217504e-06,"mixed_remodeling_branch_biased","D2_late_increasing"
"BAD",0.379602233530868,2.41899598947243e-31,0.120776877302565,0.00175772593811626,"mixed_remodeling_branch_biased","D2_late_increasing"
"DPYSL3",0.287115431728229,3.63030780615741e-18,0.229572574833576,2.09608399014401e-09,"common_increasing","D2_late_increasing"
"TIMM8B",0.414091690878618,1.82627663612091e-37,0.136739385440663,0.000394982655723688,"mixed_remodeling_branch_biased","D2_late_increasing"
"MYO1C",0.329919782138666,9.95221732876777e-24,0.226164677917516,3.68281742183951e-09,"common_increasing","D2_late_increasing"
"CRELD2",0.397975763891014,1.63990708738057e-34,0.136341180681926,0.000410053850620148,"mixed_remodeling_branch_biased","D2_late_increasing"
"CALR",0.413773898642635,2.090301381115e-37,0.174210252472784,6.18831720852515e-06,"mixed_remodeling_branch_biased","D2_late_increasing"
"C11orf68",0.376799222097252,7.08523324764979e-31,0.136344497450298,0.000410053850620148,"mixed_remodeling_branch_biased","D2_late_increasing"
"B2M",0.41886671232119,2.27186454307146e-38,0.316999786402709,4.34446513966806e-17,"common_increasing","D2_late_increasing"
"C19orf24",0.370300872659468,8.16612882254898e-30,0.122443445629728,0.00151801995941475,"mixed_remodeling_branch_biased","D2_late_increasing"
"FAM102A",0.331861887186333,5.30530184162452e-24,0.221256714637947,8.03797125318285e-09,"common_increasing","D2_late_increasing"
"NUTF2",0.381704793301215,1.07775899819217e-31,0.0852597796212462,0.026955674086015,"mixed_remodeling_branch_biased","D2_late_increasing"
"UROS",0.369863823794884,9.60992038353523e-30,0.175266548650327,5.44821158417227e-06,"mixed_remodeling_branch_biased","D2_late_increasing"
"CALM3",0.39256371265584,1.47377037900686e-33,0.169207005972681,1.1458275879041e-05,"mixed_remodeling_branch_biased","D2_late_increasing"
"PRICKLE1",0.192504547824592,8.06377936083758e-09,0.360366309612311,5.27376245045852e-22,"ecm_dominant_branch_biased","D2_late_increasing"
"TXNDC15",0.352558106857108,4.9426951055964e-27,0.224859501284492,4.52726786029009e-09,"common_increasing","D2_late_increasing"
"EFEMP1",0.374967021216905,1.42782900537217e-30,0.264124289989301,4.23568732731176e-12,"common_increasing","D2_late_increasing"
"CCDC124",0.410136812437853,1.00504849770167e-36,0.073079698605379,0.0573753814575808,"mixed_remodeling_branch_biased","D2_late_increasing"
"NDUFB2",0.435247361109572,1.38093986220316e-41,0.0894165891860473,0.020331563636626,"mixed_remodeling_branch_biased","D2_late_increasing"
"GRINA",0.400267683165411,6.30241664278887e-35,0.0839253755153899,0.0294669502072984,"mixed_remodeling_branch_biased","D2_late_increasing"
"FAM177A1",0.348169170065632,2.28103779358601e-26,0.168035205151312,1.32396436972415e-05,"mixed_remodeling_branch_biased","D2_late_increasing"
"GIPC1",0.329824968433678,1.0240139562413e-23,0.185269566113003,1.48947483363941e-06,"mixed_remodeling_branch_biased","D2_late_increasing"
"ZNF106",0.28315103576602,1.06710194741875e-17,0.256507086969874,1.79648623867081e-11,"common_increasing","D2_late_increasing"
"SLC12A4",0.314551452946681,1.23012329680115e-21,0.214100606825555,2.47965570067975e-08,"common_increasing","D2_late_increasing"
"SRPX2",0.317495531306047,4.99201560381701e-22,0.181299639353283,2.4992217397377e-06,"mixed_remodeling_branch_biased","D2_late_increasing"
"ECHS1",0.380274695293734,1.87485222355298e-31,0.101426064404048,0.00856173155345362,"mixed_remodeling_branch_biased","D2_late_increasing"
"ANXA1",0.339573355652177,4.18426492213107e-25,0.26475127085424,3.76387817552251e-12,"common_increasing","D2_late_increasing"
"FAM234A",0.337855876414276,7.39189055768044e-25,0.146055178520496,0.000152864750133095,"mixed_remodeling_branch_biased","D2_late_increasing"
"TWF2",0.38588263346865,2.10362042020852e-32,0.172071347318679,8.08493604342498e-06,"mixed_remodeling_branch_biased","D2_late_increasing"
"ITGA5",0.354454087131798,2.55473050944936e-27,0.175426258562274,5.34350078590128e-06,"mixed_remodeling_branch_biased","D2_late_increasing"
"RARRES3",0.415153250745839,1.14950743655659e-37,0.205450885706822,9.08335781235641e-08,"common_increasing","D2_late_increasing"
"AKR1C3",0.402120077520935,2.92207322989854e-35,0.200619052952056,1.83606997630673e-07,"common_increasing","D2_late_increasing"
"TMEM208",0.405380202557289,7.46281297055402e-36,0.0496695850061498,0.194745453595312,"mixed_remodeling_branch_biased","D2_late_increasing"
"BUD31",0.390515513673073,3.37062823060822e-33,0.102563024133532,0.00785405658520557,"mixed_remodeling_branch_biased","D2_late_increasing"
"CCDC167",0.383890117927044,4.59949402821047e-32,0.133532459685748,0.000539424180456513,"mixed_remodeling_branch_biased","D2_late_increasing"
"SCARF2",0.355451077425385,1.7969928377534e-27,0.18403546344598,1.75426318643712e-06,"mixed_remodeling_branch_biased","D2_late_increasing"
"RNPEPL1",0.33682614074078,1.04650245879609e-24,0.204438155544594,1.05669388982016e-07,"common_increasing","D2_late_increasing"
"OLFM2",0.326007865072758,3.48262587570823e-23,0.232794320140686,1.22404923774368e-09,"common_increasing","D2_late_increasing"
"SPINT2",0.345893100942993,4.94700313708697e-26,0.184257314970977,1.70686793696706e-06,"mixed_remodeling_branch_biased","D2_late_increasing"
"BRI3",0.407592485007458,2.95433841251681e-36,0.183832223909492,1.80105785949337e-06,"mixed_remodeling_branch_biased","D2_late_increasing"
"RP11-196G11.1",0.362344369433363,1.52732844544184e-28,0.163646064164689,2.19543964666837e-05,"mixed_remodeling_branch_biased","D2_late_increasing"
"KCNK6",0.293075869711228,6.85373371814453e-19,0.249338493840707,6.77152835210527e-11,"common_increasing","D2_late_increasing"
"LRPAP1",0.39470926680824,6.24384032674346e-34,0.154421995228668,6.25461429326454e-05,"mixed_remodeling_branch_biased","D2_late_increasing"
"FBLIM1",0.35081934858871,9.09267252974895e-27,0.19416311686183,4.52173459623652e-07,"mixed_remodeling_branch_biased","D2_late_increasing"
"ARSA",0.3427305824802,1.44101586583436e-25,0.247889346838548,8.84455358667898e-11,"common_increasing","D2_late_increasing"
"RNASEH2C",0.40885565172649,1.74896110299175e-36,0.130005668195413,0.000759382937704156,"mixed_remodeling_branch_biased","D2_late_increasing"
"TXNL4A",0.392894075254037,1.29527802084298e-33,0.0923924296063846,0.0165444259434644,"mixed_remodeling_branch_biased","D2_late_increasing"
"GTF3C6",0.386190683247388,1.87051528092327e-32,0.113808465578793,0.00319258080362965,"mixed_remodeling_branch_biased","D2_late_increasing"
"AKT1S1",0.38268371489624,7.36491868929172e-32,0.140895282176038,0.000260772305784022,"mixed_remodeling_branch_biased","D2_late_increasing"
"SH3GL1",0.343259227273177,1.20553370449755e-25,0.154898420810333,5.94992686417786e-05,"mixed_remodeling_branch_biased","D2_late_increasing"
"AP3D1",0.290558169961723,1.39209179961664e-18,0.246449508608503,1.14077454044355e-10,"common_increasing","D2_late_increasing"
"QSOX1",0.349702791411763,1.34331641206408e-26,0.196907909721029,3.1020612212665e-07,"mixed_remodeling_branch_biased","D2_late_increasing"
"TXLNA",0.341935494476212,1.88768370065965e-25,0.152977270434461,7.30953159590263e-05,"mixed_remodeling_branch_biased","D2_late_increasing"
"GPC6",0.161861976726163,1.32561535808527e-06,0.39186848863948,4.21837262355599e-26,"ecm_dominant_branch_biased","D2_late_increasing"
"LTBP3",0.322858655331578,9.42243891811053e-23,0.230736586001323,1.72170588411209e-09,"common_increasing","D2_late_increasing"
"FAM229B",0.402288563489455,2.72671043771344e-35,0.121612865663934,0.00163616831894785,"mixed_remodeling_branch_biased","D2_late_increasing"
"C12orf75",0.353391465076798,3.707971082296e-27,0.160362617729807,3.20491438949908e-05,"mixed_remodeling_branch_biased","D2_late_increasing"
"SRM",0.398799019312094,1.16582475025257e-34,0.103614893973227,0.00723340989138207,"mixed_remodeling_branch_biased","D2_late_increasing"
"PPDPF",0.421657172069366,6.68807892755085e-39,0.165407111962949,1.79043859856828e-05,"mixed_remodeling_branch_biased","D2_late_increasing"
"PRKCDBP",0.426165814741339,8.7411333441055e-40,0.146210667882214,0.000150466127735191,"mixed_remodeling_branch_biased","D2_late_increasing"
"GTF3A",0.402845689123945,2.16108732880658e-35,0.163297650330762,2.28150789018431e-05,"mixed_remodeling_branch_biased","D2_late_increasing"
"JDP2",0.316290072794701,7.23546805382722e-22,0.270694396229049,1.15925891035788e-12,"common_increasing","D2_late_increasing"
"RP11-282O18.3",0.400752748286096,5.17119218110295e-35,0.128206236905826,0.000897183791014332,"mixed_remodeling_branch_biased","D2_late_increasing"
"TRAPPC1",0.409308260595098,1.43967458528524e-36,0.0974360815788885,0.011513425963776,"mixed_remodeling_branch_biased","D2_late_increasing"
"GSR",0.307864785452075,9.18898536813004e-21,0.254723562022123,2.49364553097596e-11,"common_increasing","D2_late_increasing"
"PDIA5",0.335972366528382,1.38632762382013e-24,0.229175083837247,2.23976039594167e-09,"common_increasing","D2_late_increasing"
"RHOC",0.455543967643386,7.3786427853533e-46,0.0398957487867513,0.297577021205426,"mixed_remodeling_branch_biased","D2_late_increasing"
"UROD",0.416755437666481,5.72365879634297e-38,0.210732160105264,4.11618352566975e-08,"common_increasing","D2_late_increasing"
"IMPDH1",0.367950603881346,1.95342994309698e-29,0.119804057107747,0.00191124408720675,"mixed_remodeling_branch_biased","D2_late_increasing"
"YIF1B",0.362055511380596,1.69390034770368e-28,0.158264072503735,4.07076546184955e-05,"mixed_remodeling_branch_biased","D2_late_increasing"
"MED8",0.396240797069189,3.34898675486009e-34,0.0882963908759425,0.0219699955181361,"mixed_remodeling_branch_biased","D2_late_increasing"
"UQCC2",0.418995873824006,2.14999888451895e-38,0.126081694557452,0.00109241722644124,"mixed_remodeling_branch_biased","D2_late_increasing"
"CD276",0.352938595425986,4.34821938013957e-27,0.198124263417339,2.61097657067955e-07,"mixed_remodeling_branch_biased","D2_late_increasing"
"GLMP",0.367083694165195,2.69028929667879e-29,0.189259329029027,8.76572059772648e-07,"mixed_remodeling_branch_biased","D2_late_increasing"
"BTN3A2",0.359482267239694,4.26231980644209e-28,0.255639838465294,2.10970347146939e-11,"common_increasing","D2_late_increasing"
"TANC2",0.123717154597157,0.000226371520585682,0.385457467742871,3.09137379510098e-25,"ecm_dominant_branch_biased","D2_late_increasing"
"ZNHIT1",0.441651066710327,6.72789571328183e-43,0.155821683305762,5.37266612758001e-05,"mixed_remodeling_branch_biased","D2_late_increasing"
"EIF4G1",0.35638526305398,1.29381565343369e-27,0.158363135674418,4.03393778739154e-05,"mixed_remodeling_branch_biased","D2_late_increasing"
"UQCRQ",0.465591821326395,4.51905559158122e-48,0.147553307650615,0.00013058475923427,"mixed_remodeling_branch_biased","D2_late_increasing"
"GRIN2D",0.298709127457419,1.36676322587501e-19,0.2397080504444,3.77869911528271e-10,"common_increasing","D2_late_increasing"
"COPA",0.342175914815426,1.74007502555061e-25,0.199071754007347,2.27698523055787e-07,"mixed_remodeling_branch_biased","D2_late_increasing"
"FMO1",0.362049567584053,1.69458827958682e-28,0.265150038519086,3.51010202733946e-12,"common_increasing","D2_late_increasing"
"CD63",0.545822998481605,8.71543344144518e-69,0.0695825472928071,0.0704749059754553,"mixed_remodeling_branch_biased","D2_late_increasing"
"ARPC4",0.380740606433881,1.56938624790938e-31,0.108495836918278,0.00491425521933921,"mixed_remodeling_branch_biased","D2_late_increasing"
"ITGB1BP1",0.365178483194375,5.41594910436719e-29,0.227303107561133,3.04761452650796e-09,"common_increasing","D2_late_increasing"
"NDST1",0.329195007654983,1.25668509332334e-23,0.224409250058808,4.85454214866503e-09,"common_increasing","D2_late_increasing"
"CHPF2",0.336769671554004,1.06513942943022e-24,0.211296586625136,3.78652324335394e-08,"common_increasing","D2_late_increasing"
"GLT8D2",0.372078297484109,4.20852091804131e-30,0.2084022269685,5.87287805492479e-08,"common_increasing","D2_late_increasing"
"ATP6V0D1",0.384300492754687,3.92843463076024e-32,0.167332825885605,1.43743002706482e-05,"mixed_remodeling_branch_biased","D2_late_increasing"
"SEMA3C",0.26821460968185,5.51284313829202e-16,0.350701283328067,7.70935626486945e-21,"common_increasing","D2_late_increasing"
"PLEKHA4",0.343415321109727,1.14379123182582e-25,0.261038084395429,7.65392799116379e-12,"common_increasing","D2_late_increasing"
"ARPC1A",0.342908381400891,1.35711587990274e-25,0.180145037762026,2.90709235807333e-06,"mixed_remodeling_branch_biased","D2_late_increasing"
"A2M",0.379801178599578,2.24592562060445e-31,0.187664118068463,1.08802751681323e-06,"mixed_remodeling_branch_biased","D2_late_increasing"
"CDK2AP1",0.406283925797442,5.08049100022443e-36,0.086131374909779,0.0254588810167382,"mixed_remodeling_branch_biased","D2_late_increasing"
"MINOS1-NBL1",0.340931952598672,2.6464614643292e-25,0.238592299406368,4.5579169301376e-10,"common_increasing","D2_late_increasing"
"HAPLN3",0.376027353182497,9.51423280707928e-31,0.171349472188412,8.81699226045127e-06,"mixed_remodeling_branch_biased","D2_late_increasing"
"TPM2",0.407292949185156,3.34580096412654e-36,0.0722715047575899,0.0602040577706595,"mixed_remodeling_branch_biased","D2_late_increasing"
"ZEB1",0.216141686998452,8.56060040148594e-11,0.341599869020966,8.66644475195406e-20,"common_increasing","D2_late_increasing"
"ERCC1",0.352793458089253,4.56540582496499e-27,0.222032580063582,7.12494620897475e-09,"common_increasing","D2_late_increasing"
"MEIS3",0.318079929388201,4.18379330908347e-22,0.23900602941239,4.24090008465732e-10,"common_increasing","D2_late_increasing"
"ACTB",0.4777393978923,7.34260912733567e-51,0.0681927855909328,0.0759287984557745,"mixed_remodeling_branch_biased","D2_late_increasing"
"MYLK",0.311568578350524,3.03015068625395e-21,0.276831162338378,3.29271991834151e-13,"common_increasing","D2_late_increasing"
"CD82",0.368851323820811,1.40164529023251e-29,0.230441074705778,1.8082472326689e-09,"common_increasing","D2_late_increasing"
"PLXNB2",0.346254436317301,4.3866464226858e-26,0.222030548598871,7.12494620897475e-09,"common_increasing","D2_late_increasing"
"PLOD2",0.325686075980823,3.85613161512822e-23,0.216883242249476,1.60511695265311e-08,"common_increasing","D2_late_increasing"
"LINC01615",0.394022884404277,8.2601598498259e-34,0.185965784195322,1.36320102060469e-06,"mixed_remodeling_branch_biased","D2_late_increasing"
"MRPL17",0.3915182820243,2.25002517207976e-33,0.128793585874954,0.00085218077943103,"mixed_remodeling_branch_biased","D2_late_increasing"
"SLC39A13",0.388708986306604,6.88354345255143e-33,0.157786200274099,4.29576115825006e-05,"mixed_remodeling_branch_biased","D2_late_increasing"
"ARHGAP28",0.233343150630379,2.22935499613627e-12,0.35058323420444,7.89683004951994e-21,"common_increasing","D2_late_increasing"
"RAD51B",0.267557434794598,6.5065570404775e-16,0.299372022038348,2.58486646460192e-15,"common_increasing","D2_late_increasing"
"CTSC",0.405328096768073,7.59149622411609e-36,0.315289387254877,6.48427183519434e-17,"common_increasing","D2_late_increasing"
"NANS",0.387495276839387,1.11646450726337e-32,0.150741637737053,9.27780438788417e-05,"mixed_remodeling_branch_biased","D2_late_increasing"
"GAA",0.389888973458355,4.31440430846817e-33,0.186973034798622,1.19074730759188e-06,"mixed_remodeling_branch_biased","D2_late_increasing"
"TNFRSF1A",0.392836028551579,1.32350243905196e-33,0.200442232617116,1.88203114061126e-07,"common_increasing","D2_late_increasing"
"GALNT2",0.316053737538327,7.78178298493801e-22,0.217749985942418,1.41024324427827e-08,"common_increasing","D2_late_increasing"
"PLAUR",0.372361981806863,3.78882579400438e-30,0.148010342050255,0.00012429177062963,"mixed_remodeling_branch_biased","D2_late_increasing"
"PAPSS2",0.310745645951804,3.89278782105062e-21,0.264815925099206,3.73458986435545e-12,"common_increasing","D2_late_increasing"
"DAPK3",0.334858237363371,1.99987679044679e-24,0.203744476751842,1.16619560708626e-07,"common_increasing","D2_late_increasing"
"GPI",0.377839373231394,4.7464579738896e-31,0.163656301180905,2.19543964666837e-05,"mixed_remodeling_branch_biased","D2_late_increasing"
"AGTRAP",0.404643459269073,1.01106536832453e-35,0.175228121206411,5.46765529121397e-06,"mixed_remodeling_branch_biased","D2_late_increasing"
"HOMER3",0.367400526757913,2.39149129809018e-29,0.199544898771543,2.13320736724049e-07,"mixed_remodeling_branch_biased","D2_late_increasing"
"NAA10",0.393090052924332,1.20036406561448e-33,0.142337262226566,0.00022611173053271,"mixed_remodeling_branch_biased","D2_late_increasing"
"COPZ1",0.384768230895648,3.27101645617294e-32,0.11274524323177,0.00349075232530991,"mixed_remodeling_branch_biased","D2_late_increasing"
"NRBP1",0.378161003455095,4.21028630527219e-31,0.186999288194967,1.18823576127621e-06,"mixed_remodeling_branch_biased","D2_late_increasing"
"NPTX2",0.362164399585989,1.62981711823623e-28,0.164734188904767,1.93981118636824e-05,"mixed_remodeling_branch_biased","D2_late_increasing"
"CXXC5",0.373581007487306,2.40217989794752e-30,0.257156270054709,1.59130683076605e-11,"common_increasing","D2_late_increasing"
"TMEM147",0.404173594329653,1.23380163209662e-35,0.155337254046159,5.66199376645256e-05,"mixed_remodeling_branch_biased","D2_late_increasing"
"CTTN",0.321735454867644,1.33497514047014e-22,0.236393536673581,6.63265348234828e-10,"common_increasing","D2_late_increasing"
"METRNL",0.356069135751886,1.44619076763188e-27,0.233755308326973,1.04544191096186e-09,"common_increasing","D2_late_increasing"
"XBP1",0.395102338789184,5.31580473520694e-34,0.193226681913285,5.10942798793648e-07,"mixed_remodeling_branch_biased","D2_late_increasing"
"FUT11",0.369551817929529,1.07808995843665e-29,0.225369358185113,4.19967048496441e-09,"common_increasing","D2_late_increasing"
"DNPH1",0.413491629925685,2.36178986682073e-37,0.206088140536924,8.29524765873514e-08,"common_increasing","D2_late_increasing"
"MRPL52",0.425500047084512,1.17286609022753e-39,0.140708704821568,0.000265290154077101,"mixed_remodeling_branch_biased","D2_late_increasing"
"ST3GAL2",0.292641256107207,7.74407411568194e-19,0.244378756526778,1.65029471381291e-10,"common_increasing","D2_late_increasing"
"FIBP",0.419035213596459,2.11879890507616e-38,0.136678278679298,0.00039700923342426,"mixed_remodeling_branch_biased","D2_late_increasing"
"ETHE1",0.392498045325775,1.5106068754229e-33,0.155613297094184,5.49744414753448e-05,"mixed_remodeling_branch_biased","D2_late_increasing"
"TMEM219",0.432488705038684,4.94171063229566e-41,0.221268033904063,8.03797125318285e-09,"common_increasing","D2_late_increasing"
"CDC42EP5",0.402792359587966,2.20509489545863e-35,0.158700593188152,3.89126544888063e-05,"mixed_remodeling_branch_biased","D2_late_increasing"
"C7orf73",0.384544599180478,3.57012615496697e-32,0.217360113136477,1.49402056200503e-08,"common_increasing","D2_late_increasing"
"S100A13",0.49000969449851,8.57013076622451e-54,0.227093844303305,3.1517630703572e-09,"common_increasing","D2_late_increasing"
"ZYX",0.413961112190274,1.92947907491378e-37,0.153563849569442,6.85265267983056e-05,"mixed_remodeling_branch_biased","D2_late_increasing"
"PDZRN4",0.192577222230383,7.96549664317171e-09,0.401637594770993,1.7624897335557e-27,"ecm_dominant_branch_biased","D2_late_increasing"
"MRPL12",0.416286142238969,7.018090998008e-38,0.14711953681152,0.000136319918462467,"mixed_remodeling_branch_biased","D2_late_increasing"
"MAP7D1",0.372635897770273,3.41675751541865e-30,0.18671902820747,1.23168545481916e-06,"mixed_remodeling_branch_biased","D2_late_increasing"
"FHL3",0.393426992870458,1.04939787511814e-33,0.144579148571311,0.000179117730958263,"mixed_remodeling_branch_biased","D2_late_increasing"
"PGLS",0.434600104022098,1.85814675532741e-41,0.135783362272029,0.00043318126533936,"mixed_remodeling_branch_biased","D2_late_increasing"
"CAPZB",0.324339303935781,5.90958943715083e-23,0.275911934066408,3.98612018270576e-13,"common_increasing","D2_late_increasing"
"ERI3",0.364706268944227,6.43976939350535e-29,0.209397223206114,5.04715008319303e-08,"common_increasing","D2_late_increasing"
"PDE4DIP",0.348612452249141,1.95692874315544e-26,0.320242026845537,1.96706527517477e-17,"common_increasing","D2_late_increasing"
"GALNT10",0.291679252419162,1.01678892737783e-18,0.309633200272669,2.48634185067808e-16,"common_increasing","D2_late_increasing"
"B4GALT1",0.32469021449875,5.30385808262215e-23,0.263509175619254,4.77836734632032e-12,"common_increasing","D2_late_increasing"
"NME1",0.417461162310698,4.23584539560571e-38,0.11494847791508,0.00291056583737984,"mixed_remodeling_branch_biased","D2_late_increasing"
"LMF2",0.36679850356309,2.99015288034584e-29,0.193389348537888,5.02339184931552e-07,"mixed_remodeling_branch_biased","D2_late_increasing"
"DPM2",0.421626586114246,6.75988916986409e-39,0.109085693557924,0.00468159697090247,"mixed_remodeling_branch_biased","D2_late_increasing"
"VTI1B",0.389549810498773,4.93217660844491e-33,0.19577424608942,3.63141523595839e-07,"mixed_remodeling_branch_biased","D2_late_increasing"
"TRAPPC2L",0.438054747789784,3.77246867658633e-42,0.154614678745463,6.13267566669669e-05,"mixed_remodeling_branch_biased","D2_late_increasing"
"THBS3",0.361277105150432,2.2314078199283e-28,0.260122933175235,9.10117420623173e-12,"common_increasing","D2_late_increasing"
"CNN2",0.39397975853455,8.38857447947772e-34,0.144515427598462,0.000180139840077214,"mixed_remodeling_branch_biased","D2_late_increasing"
"DYNLT1",0.428994223452904,2.44079582365145e-40,0.124399099853017,0.00127479634630822,"mixed_remodeling_branch_biased","D2_late_increasing"
"VGLL3",0.296273506559679,2.75762865166949e-19,0.356065491896544,1.76477537157371e-21,"common_increasing","D2_late_increasing"
"TRIOBP",0.393431400038894,1.04939787511814e-33,0.294292325975198,8.18926112917416e-15,"common_increasing","D2_late_increasing"
"THBS1",0.364263564562726,7.57105701486385e-29,0.302430296179816,1.30620237636064e-15,"common_increasing","D2_late_increasing"
"EPHB3",0.389762347736864,4.53283801463481e-33,0.205704293835376,8.75255000514087e-08,"common_increasing","D2_late_increasing"
"POMP",0.425608079703309,1.12705828785995e-39,0.117109632621079,0.00242831899015798,"mixed_remodeling_branch_biased","D2_late_increasing"
"MFAP2",0.440788727749988,1.0189746472673e-42,0.140946390137237,0.000259675788328641,"mixed_remodeling_branch_biased","D2_late_increasing"
"FAM195B",0.4170778940654,4.98413057383404e-38,0.152636479385435,7.59029889367573e-05,"mixed_remodeling_branch_biased","D2_late_increasing"
"C11orf96",0.420473852701627,1.13019033612603e-38,0.25700002249554,1.63642712803366e-11,"common_increasing","D2_late_increasing"
"PXDN",0.332361703666392,4.50543225885389e-24,0.20439468102348,1.06186364199977e-07,"common_increasing","D2_late_increasing"
"COMMD5",0.407038577854749,3.70521991593798e-36,0.199892086225436,2.0326321346845e-07,"mixed_remodeling_branch_biased","D2_late_increasing"
"P4HA3",0.327396693876052,2.22959083387858e-23,0.172467903856671,7.71671860744419e-06,"mixed_remodeling_branch_biased","D2_late_increasing"
"VOPP1",0.334007189077964,2.63044094778901e-24,0.283086141982877,8.97868788856737e-14,"common_increasing","D2_late_increasing"
"ALDH1L2",0.284463859788623,7.48411079946396e-18,0.288490073189343,2.87063184134469e-14,"common_increasing","D2_late_increasing"
"TNFSF10",0.429314685632324,2.10902386431415e-40,0.260148668686265,9.07771785709249e-12,"common_increasing","D2_late_increasing"
"HEXA",0.410638787880837,8.13564637912248e-37,0.239735824490612,3.76811182243172e-10,"common_increasing","D2_late_increasing"
"SEMA3B",0.347983277162747,2.42777733454447e-26,0.302756185592708,1.2141852865274e-15,"common_increasing","D2_late_increasing"
"UBE2L6",0.427451364712352,4.91848399464413e-40,0.181828912111667,2.33407873064266e-06,"mixed_remodeling_branch_biased","D2_late_increasing"
"SURF4",0.410548827115295,8.43872476858439e-37,0.177519759055577,4.09372658174403e-06,"mixed_remodeling_branch_biased","D2_late_increasing"
"SPARCL1",0.393024983004497,1.23008830183792e-33,0.264788335523702,3.74562662812701e-12,"common_increasing","D2_late_increasing"
"LASP1",0.33023908711885,8.98145339904828e-24,0.256184819261277,1.9076996164295e-11,"common_increasing","D2_late_increasing"
"TP53I3",0.416840548078854,5.52642870058281e-38,0.187986878030695,1.04161551094275e-06,"mixed_remodeling_branch_biased","D2_late_increasing"
"SRPRB",0.413123796190048,2.77116264179409e-37,0.17200825834486,8.1310020124782e-06,"mixed_remodeling_branch_biased","D2_late_increasing"
"SHISA5",0.407633428372433,2.91033779070618e-36,0.15968798504386,3.46938568820099e-05,"mixed_remodeling_branch_biased","D2_late_increasing"
"CTGF",0.353981563986047,3.01384617450168e-27,0.251204917482314,4.83854565627722e-11,"common_increasing","D2_late_increasing"
"AC024592.12",0.437062218891132,6.02797585416064e-42,0.132071074291281,0.000622418581527522,"mixed_remodeling_branch_biased","D2_late_increasing"
"TENM3",0.184845185440267,3.13497814618928e-08,0.311740693361412,1.51009141773057e-16,"ecm_dominant_branch_biased","D2_late_increasing"
"TMEM261",0.445007516392488,1.33889631014621e-43,0.0955734206861117,0.0132084192265621,"mixed_remodeling_branch_biased","D2_late_increasing"
"JTB",0.448069061934509,2.9810364945005e-44,0.16412284409643,2.07953446403035e-05,"mixed_remodeling_branch_biased","D2_late_increasing"
"NSMCE1",0.4245066225798,1.84678964233108e-39,0.168698308134764,1.21993197190758e-05,"mixed_remodeling_branch_biased","D2_late_increasing"
"CCDC28B",0.432840561720911,4.20034592193343e-41,0.216928750263299,1.59632045841076e-08,"common_increasing","D2_late_increasing"
"GRN",0.416376691057704,6.76008207187915e-38,0.231136897986354,1.6096975308474e-09,"common_increasing","D2_late_increasing"
"FLNA",0.386720462839094,1.52062438126767e-32,0.205891047509789,8.53520986299877e-08,"common_increasing","D2_late_increasing"
"COPG1",0.373196234951944,2.77546785427876e-30,0.212198517453093,3.30736141352043e-08,"common_increasing","D2_late_increasing"
"EIF4E2",0.407134161343119,3.57438247257628e-36,0.180036847585335,2.94522235689928e-06,"mixed_remodeling_branch_biased","D2_late_increasing"
"LAMB2",0.379695846296212,2.33625800598078e-31,0.287981257109633,3.19371375595634e-14,"common_increasing","D2_late_increasing"
"SHC1",0.397253393694377,2.20921920375601e-34,0.207709098125033,6.51671833613487e-08,"common_increasing","D2_late_increasing"
"LUM",0.446620577737252,6.08982784425515e-44,0.192425233343035,5.69621355782164e-07,"mixed_remodeling_branch_biased","D2_late_increasing"
"ISLR",0.429430159651528,2.0052846579238e-40,0.336557216702553,3.24661256762063e-19,"common_increasing","D2_late_increasing"
"MYO1D",0.230798341715715,3.87975817446675e-12,0.367721942595352,6.3660066522657e-23,"common_increasing","D2_late_increasing"
"NEK6",0.302260944422194,4.83924693122638e-20,0.339878760447521,1.35681201084593e-19,"common_increasing","D2_late_increasing"
"PGM1",0.403968916149124,1.34345308325835e-35,0.196709047560101,3.18854820747789e-07,"mixed_remodeling_branch_biased","D2_late_increasing"
"PFN1",0.51469987963632,4.67056039214388e-60,0.0564737378617795,0.140707048195971,"mixed_remodeling_branch_biased","D2_late_increasing"
"TMEM176B",0.456790302211976,3.99253766986684e-46,0.245176863008227,1.43742289610947e-10,"common_increasing","D2_late_increasing"
"MLEC",0.42960166564983,1.85734146417087e-40,0.212034326814599,3.38212568789152e-08,"common_increasing","D2_late_increasing"
"HN1",0.400242821792087,6.35288776007886e-35,0.150933640685788,9.10610813970158e-05,"mixed_remodeling_branch_biased","D2_late_increasing"
"EDIL3",0.238201153788053,7.51872205243371e-13,0.28145681405835,1.26224665597082e-13,"common_increasing","D2_late_increasing"
"SNF8",0.427956632457184,3.92991349969255e-40,0.175856550565094,5.05833359724614e-06,"mixed_remodeling_branch_biased","D2_late_increasing"
"MPG",0.41215309167691,4.22924898285926e-37,0.167905191679448,1.34381426282211e-05,"mixed_remodeling_branch_biased","D2_late_increasing"
"LINC01116",0.391907019558493,1.9222721343874e-33,0.204040907632421,1.11674249364888e-07,"common_increasing","D2_late_increasing"
"SWI5",0.418357581031183,2.8398978602704e-38,0.161344282940541,2.87135092954235e-05,"mixed_remodeling_branch_biased","D2_late_increasing"
"NXN",0.258384879334886,6.54008827650718e-15,0.307960474500291,3.68780113704171e-16,"common_increasing","D2_late_increasing"
"PTN",0.394389348334253,7.1131511089474e-34,0.287646379717309,3.40876884254835e-14,"common_increasing","D2_late_increasing"
"KRT6A",0.38035040032947,1.82736736361455e-31,0.241149513189348,2.94407604576158e-10,"common_increasing","D2_late_increasing"
"TPM4",0.384136822166299,4.17615222873545e-32,0.204993403666046,9.72511264293387e-08,"common_increasing","D2_late_increasing"
"FAM89B",0.448201424043994,2.8145697829276e-44,0.158157734234083,4.11685010886597e-05,"mixed_remodeling_branch_biased","D2_late_increasing"
"SMCO4",0.412196489206539,4.16120505713312e-37,0.221996598290323,7.15135312684112e-09,"common_increasing","D2_late_increasing"
"APBB2",0.17515359694772,1.61587843717633e-07,0.455279653982412,8.64167168317997e-36,"ecm_dominant_branch_biased","D2_late_increasing"
"A1BG",0.477968742397551,6.51028518294762e-51,0.14928150691811,0.000108554300243328,"mixed_remodeling_branch_biased","D2_late_increasing"
"HES4",0.418601574364443,2.55229246357937e-38,0.181290290747836,2.4992217397377e-06,"mixed_remodeling_branch_biased","D2_late_increasing"
"SSR4",0.546861670748894,4.35011658312776e-69,0.0999045122590775,0.00960049325774211,"mixed_remodeling_branch_biased","D2_late_increasing"
"VAMP5",0.470782710334448,3.01168474831531e-49,0.21277502106533,3.04611020614175e-08,"common_increasing","D2_late_increasing"
"KRT16",0.388520707278787,7.39736585322952e-33,0.254422468299698,2.63610453623375e-11,"common_increasing","D2_late_increasing"
"CTSZ",0.437386628420399,5.17969489948621e-42,0.210509457426379,4.25517172291734e-08,"common_increasing","D2_late_increasing"
"FIBIN",0.39571610596331,4.15805165366791e-34,0.24881716598966,7.45103767261195e-11,"common_increasing","D2_late_increasing"
"DNAJC1",0.338349295141716,6.26858980883459e-25,0.281925357453215,1.1442417619084e-13,"common_increasing","D2_late_increasing"
"ZFHX4",0.255346821592706,1.37092804408017e-14,0.354363560891462,2.81079690769701e-21,"common_increasing","D2_late_increasing"
"NEK10",0.395598035474505,4.34612082742069e-34,0.224943992324814,4.47217112876402e-09,"common_increasing","D2_late_increasing"
"SGCD",0.245064497989776,1.56577862102427e-13,0.348451451237288,1.41781764762898e-20,"common_increasing","D2_late_increasing"
"MSRB3",0.389218796943434,5.6319284219102e-33,0.224475933904272,4.80992291391228e-09,"common_increasing","D2_late_increasing"
"PGAM1",0.43665426801992,7.21607552384361e-42,0.148706938941458,0.000115314277082443,"mixed_remodeling_branch_biased","D2_late_increasing"
"LRRC59",0.417320833330231,4.49723826846935e-38,0.141136592925875,0.000254797282218357,"mixed_remodeling_branch_biased","D2_late_increasing"
"TAF10",0.456030117229563,5.83572134701176e-46,0.157654691579627,4.35715048967915e-05,"mixed_remodeling_branch_biased","D2_late_increasing"
"GPAA1",0.42179291391274,6.30774345144709e-39,0.163367530274983,2.26520742835442e-05,"mixed_remodeling_branch_biased","D2_late_increasing"
"DBN1",0.420360661042301,1.18588998635533e-38,0.178419515772032,3.64955112513656e-06,"mixed_remodeling_branch_biased","D2_late_increasing"
"APOL2",0.421886582063755,6.06405558989042e-39,0.232286290057236,1.32916529412996e-09,"common_increasing","D2_late_increasing"
"MAP4",0.277823056469242,4.48972654030098e-17,0.285178631807763,5.75992840283466e-14,"common_increasing","D2_late_increasing"
"NDUFS8",0.467879918122559,1.37427272321186e-48,0.115919225238481,0.00268560738946928,"mixed_remodeling_branch_biased","D2_late_increasing"
"CAMK1D",0.22901058633183,5.7014802392822e-12,0.390880695838586,5.73348339644479e-26,"common_increasing","D2_late_increasing"
"SH3PXD2A",0.328124136926687,1.77402709929557e-23,0.284650605071226,6.44512311811818e-14,"common_increasing","D2_late_increasing"
"LAMC1",0.335819211997918,1.45560464943129e-24,0.340575440860074,1.12914855804943e-19,"common_increasing","D2_late_increasing"
"MYH9",0.382476938150064,7.96257401006974e-32,0.225364180484448,4.19967048496441e-09,"common_increasing","D2_late_increasing"
"PLPP4",0.316728280243618,6.32995780178014e-22,0.287928886057717,3.21199108525663e-14,"common_increasing","D2_late_increasing"
"SEC24D",0.248770746153277,6.57831859758599e-14,0.378409131536603,2.67482883065084e-24,"common_increasing","D2_late_increasing"
"RPL22L1",0.436444342279816,7.94800455928238e-42,0.193549572688996,4.92463664881905e-07,"mixed_remodeling_branch_biased","D2_late_increasing"
"EIF4EBP1",0.432099710491704,5.89418250054927e-41,0.154321146326206,6.31972948239653e-05,"mixed_remodeling_branch_biased","D2_late_increasing"
"OSTC",0.455182283052395,8.83227906748997e-46,0.161558870541489,2.80178673831278e-05,"mixed_remodeling_branch_biased","D2_late_increasing"
"ILK",0.405630559644198,6.71754921341688e-36,0.208795720231168,5.53386670007531e-08,"common_increasing","D2_late_increasing"
"COPE",0.425561478855787,1.14389377695005e-39,0.169736196208362,1.07475157331994e-05,"mixed_remodeling_branch_biased","D2_late_increasing"
"AHR",0.385914487943358,2.08144961579546e-32,0.354774004297686,2.52510645668055e-21,"common_increasing","D2_late_increasing"
"FAM50A",0.435463572357885,1.25042932707287e-41,0.182835457228931,2.05121274919653e-06,"mixed_remodeling_branch_biased","D2_late_increasing"
"RYR2",0.213407287881078,1.48822753834762e-10,0.426977788398528,3.22327810823638e-31,"common_increasing","D2_late_increasing"
"CNN3",0.417194011792404,4.74583502451062e-38,0.189890511994041,8.04352215385153e-07,"mixed_remodeling_branch_biased","D2_late_increasing"
"NGFR",0.432110384998466,5.88584422579959e-41,0.218631619467648,1.22836521625885e-08,"common_increasing","D2_late_increasing"
"CCDC107",0.431007648305423,9.78308431187292e-41,0.224518122587084,4.78537820304812e-09,"common_increasing","D2_late_increasing"
"AQP1",0.404699901033543,9.89454472923498e-36,0.262920125859798,5.32024362175812e-12,"common_increasing","D2_late_increasing"
"CYR61",0.380312348332889,1.8511010624514e-31,0.316028604146496,5.4438901144938e-17,"common_increasing","D2_late_increasing"
"SMTN",0.359640429408438,4.03585650933314e-28,0.29219518165614,1.30238324210338e-14,"common_increasing","D2_late_increasing"
"DAP",0.419729750119512,1.55801986385545e-38,0.2626481926063,5.60232126689704e-12,"common_increasing","D2_late_increasing"
"PHLDA3",0.436400007239037,8.08735624686065e-42,0.247475822620718,9.51062993029073e-11,"common_increasing","D2_late_increasing"
"GARS",0.408443470175915,2.06947828777212e-36,0.207685239752217,6.52921706134871e-08,"common_increasing","D2_late_increasing"
"CGREF1",0.40155944757224,3.68083626294484e-35,0.311816337472497,1.48772705134266e-16,"common_increasing","D2_late_increasing"
"IDH2",0.390159588426731,3.88075692800189e-33,0.223638492470039,5.49189831276272e-09,"common_increasing","D2_late_increasing"
"ERLEC1",0.406436312571999,4.78243402838787e-36,0.23233651212612,1.32032182674041e-09,"common_increasing","D2_late_increasing"
"C9orf16",0.489194693218293,1.33937072971065e-53,0.197552043505801,2.82658606485409e-07,"mixed_remodeling_branch_biased","D2_late_increasing"
"C1QTNF3",0.408547112775924,1.98931919143626e-36,0.252992642323381,3.45097023784293e-11,"common_increasing","D2_late_increasing"
"SDF4",0.430137865515519,1.45031132683163e-40,0.231363442369856,1.55087156038276e-09,"common_increasing","D2_late_increasing"
"ZCCHC24",0.375164948380109,1.32496376004102e-30,0.272221863564116,8.47740535211568e-13,"common_increasing","D2_late_increasing"
"GMPPA",0.433483675744582,3.10981585169824e-41,0.236907832091542,6.06611671661017e-10,"common_increasing","D2_late_increasing"
"ALDH18A1",0.370624920273001,7.26493207224816e-30,0.240498352307815,3.30528250394608e-10,"common_increasing","D2_late_increasing"
"CIB1",0.443104907939198,3.35015913937676e-43,0.172004777764185,8.1310020124782e-06,"mixed_remodeling_branch_biased","D2_late_increasing"
"IGFBP6",0.469199669690721,6.91351090647693e-49,0.223244598552254,5.85437618764428e-09,"common_increasing","D2_late_increasing"
"SLC27A4",0.492133985238569,2.66829260162039e-54,0.189943654861302,7.99583918200546e-07,"mixed_remodeling_branch_biased","D2_late_increasing"
"JOSD2",0.451767030233535,4.78642128966376e-45,0.15048022848272,9.52424794831708e-05,"mixed_remodeling_branch_biased","D2_late_increasing"
"ENAH",0.290413411239033,1.44718588070779e-18,0.319067398932017,2.61887146472679e-17,"common_increasing","D2_late_increasing"
"CD99",0.494892909272958,5.52372589889474e-55,0.212332398738614,3.24385330043975e-08,"common_increasing","D2_late_increasing"
"UCHL1",0.444940748031567,1.37795173744817e-43,0.172642081983575,7.55665287282006e-06,"mixed_remodeling_branch_biased","D2_late_increasing"
"CALU",0.39720435387113,2.24942581269176e-34,0.237637220140978,5.38403882790704e-10,"common_increasing","D2_late_increasing"
"TMEM176A",0.516311211186946,1.72901626425849e-60,0.232592295740325,1.26534973127063e-09,"common_increasing","D2_late_increasing"
"CKLF",0.455165144111063,8.87043558748747e-46,0.193614765459921,4.88647696439719e-07,"mixed_remodeling_branch_biased","D2_late_increasing"
"CYBA",0.501909844479999,9.52377249888102e-57,0.200689596458778,1.81990556168889e-07,"common_increasing","D2_late_increasing"
"CSRP2",0.4434997678947,2.78400848251302e-43,0.223695084798963,5.45078097942344e-09,"common_increasing","D2_late_increasing"
"VEGFB",0.435110328115882,1.46855921601855e-41,0.268014959402694,1.98059773543279e-12,"common_increasing","D2_late_increasing"
"LAMTOR2",0.480128031959928,2.04949605375453e-51,0.190311716032693,7.62394238986989e-07,"mixed_remodeling_branch_biased","D2_late_increasing"
"TUBA1C",0.415907186485134,8.28760659649186e-38,0.205773116997166,8.67584750807255e-08,"common_increasing","D2_late_increasing"
"KIAA1462",0.355370874677674,1.84678992505695e-27,0.289032284323917,2.56833295709219e-14,"common_increasing","D2_late_increasing"
"ACKR1",0.392749057405104,1.36857819359696e-33,0.279280043224741,1.99579979537629e-13,"common_increasing","D2_late_increasing"
"PACS1",0.298242458558354,1.56494040006805e-19,0.343478858811263,5.31078591830848e-20,"common_increasing","D2_late_increasing"
"RRBP1",0.374593197953097,1.63719043554027e-30,0.193234609316716,5.10942798793648e-07,"mixed_remodeling_branch_biased","D2_late_increasing"
"FBLN7",0.398131384401895,1.54000609953147e-34,0.345936994356815,2.75516563458118e-20,"common_increasing","D2_late_increasing"
"RTEL1-TNFRSF6B",0.462286925195196,2.48078647244731e-47,0.239202280937774,4.10283251016437e-10,"common_increasing","D2_late_increasing"
"NUCB1",0.470908287604484,2.83035964748101e-49,0.199253538434835,2.22010049045761e-07,"mixed_remodeling_branch_biased","D2_late_increasing"
"FKBP7",0.446057797154548,8.01013430248456e-44,0.206498141802757,7.80184933430127e-08,"common_increasing","D2_late_increasing"
"S100A7",0.386478326700508,1.67306164114107e-32,0.320706950237161,1.76350622460837e-17,"common_increasing","D2_late_increasing"
"COTL1",0.414401879783802,1.59606159854123e-37,0.224995317180599,4.44249051797247e-09,"common_increasing","D2_late_increasing"
"HLA-DRB1",0.402001430962185,3.06557256815272e-35,0.265824760800584,3.0717970759989e-12,"common_increasing","D2_late_increasing"
"SIL1",0.349294161132974,1.55011084265838e-26,0.334859877566201,5.03092945137399e-19,"common_increasing","D2_late_increasing"
"SSR3",0.464309657935912,8.78201930874312e-48,0.193433160776727,4.99986041085567e-07,"mixed_remodeling_branch_biased","D2_late_increasing"
"IL1R1",0.365967393610606,4.06547755028766e-29,0.385821484691063,2.77072547720785e-25,"common_increasing","D2_late_increasing"
"S100A16",0.435627882353321,1.16056799067647e-41,0.238375734399762,4.72806316873647e-10,"common_increasing","D2_late_increasing"
"LMCD1",0.393411168599689,1.0537295133477e-33,0.257668735201126,1.44365099269859e-11,"common_increasing","D2_late_increasing"
"KHDRBS3",0.381537318267557,1.14937387814109e-31,0.336600962905096,3.22199934474372e-19,"common_increasing","D2_late_increasing"
"GALNS",0.369161295868661,1.24833090358319e-29,0.292508904402326,1.21741308273924e-14,"common_increasing","D2_late_increasing"
"ADAMTS12",0.308829140491362,6.88627256612397e-21,0.366951467856065,7.96210319924954e-23,"common_increasing","D2_late_increasing"
"SAR1A",0.428281925102246,3.38978311584164e-40,0.231707867988554,1.4638496839923e-09,"common_increasing","D2_late_increasing"
"ARF4",0.410949064539561,7.12060219267549e-37,0.262621191662708,5.61834005749819e-12,"common_increasing","D2_late_increasing"
"TMSB4X",0.546509224261026,5.48930985071056e-69,0.160718417915172,3.08336868835204e-05,"mixed_remodeling_branch_biased","D2_late_increasing"
"YIF1A",0.489470859588097,1.15846133058791e-53,0.0953573518740823,0.013370897936777,"mixed_remodeling_branch_biased","D2_late_increasing"
"ARFGAP1",0.348681474386233,1.91285437261556e-26,0.307930573009686,3.70181900883309e-16,"common_increasing","D2_late_increasing"
"GPR78",0.427521933912889,4.77633523440321e-40,0.285728637662953,5.12165144240321e-14,"common_increasing","D2_late_increasing"
"ITGBL1",0.368248380490269,1.75507325115606e-29,0.340771822571989,1.07525441888565e-19,"common_increasing","D2_late_increasing"
"XG",0.373426373141608,2.5448129747712e-30,0.355608520827941,2.00090123788727e-21,"common_increasing","D2_late_increasing"
"CDKN2A",0.426874121522596,6.3625962801839e-40,0.255847092176701,2.03170236468226e-11,"common_increasing","D2_late_increasing"
"LAMA4",0.397019637810979,2.4242634121942e-34,0.375889862720801,5.70819145935384e-24,"common_increasing","D2_late_increasing"
"LGMN",0.421066072027445,8.69407490885594e-39,0.215581500075432,1.97712944357819e-08,"common_increasing","D2_late_increasing"
"CTSA",0.454768064879796,1.08087022154746e-45,0.245091840835272,1.45686300114064e-10,"common_increasing","D2_late_increasing"
"SCO2",0.458365280282388,1.82904222327012e-46,0.200977948189615,1.74899778640111e-07,"common_increasing","D2_late_increasing"
"CCL14",0.426634821109451,7.08414973833037e-40,0.301140191559521,1.73701323733105e-15,"common_increasing","D2_late_increasing"
"SEC61A1",0.420170790658913,1.2883008597711e-38,0.273963106882483,5.91705663807034e-13,"common_increasing","D2_late_increasing"
"FMOD",0.476450821364409,1.45444782022019e-50,0.291452637104686,1.52446974755546e-14,"common_increasing","D2_late_increasing"
"AKR1A1",0.452490123378317,3.35312560228764e-45,0.255490775506198,2.16096726659061e-11,"common_increasing","D2_late_increasing"
"IFI6",0.511738689702635,2.78906544906169e-59,0.198605035021635,2.43593884380359e-07,"mixed_remodeling_branch_biased","D2_late_increasing"
"ANXA6",0.436737732911297,6.98717391352228e-42,0.249734125442721,6.31482372059274e-11,"common_increasing","D2_late_increasing"
"C7orf50",0.45793755254352,2.26836769993281e-46,0.149295289644225,0.000108522243808512,"mixed_remodeling_branch_biased","D2_late_increasing"
"IFITM3",0.603799318954666,1.078539329743e-87,0.225183830189241,4.32074983893669e-09,"common_increasing","D2_late_increasing"
"FTL",0.639700924769785,1.50031080592584e-101,0.114534718515034,0.00300871160416812,"mixed_remodeling_branch_biased","D2_late_increasing"
"FARP1",0.287219255340599,3.53027087455656e-18,0.370986662664976,2.48638958834507e-23,"common_increasing","D2_late_increasing"
"HMCN1",0.280536859019142,2.16665662924018e-17,0.417618668108,8.75059662664283e-30,"common_increasing","D2_late_increasing"
"PARVB",0.373744860293122,2.25941808935352e-30,0.288585521478258,2.81892660565566e-14,"common_increasing","D2_late_increasing"
"RP11-25H12.1",0.51444104249537,5.4130986544323e-60,0.244846451480707,1.51747357657488e-10,"common_increasing","D2_late_increasing"
"SRA1",0.478026470769929,6.34257383948595e-51,0.193341526859868,5.04995516125404e-07,"mixed_remodeling_branch_biased","D2_late_increasing"
"LOX",0.442487365689207,4.51175258753033e-43,0.32122206434433,1.55527021890864e-17,"common_increasing","D2_late_increasing"
"TUBB2A",0.452079701060133,4.1064938740738e-45,0.236965980267266,6.01651327318358e-10,"common_increasing","D2_late_increasing"
"PLTP",0.478771919024144,4.25751324653165e-51,0.337282262077592,2.6982720464823e-19,"common_increasing","D2_late_increasing"
"RP11-417E7.2",0.471809864428094,1.7530468042546e-49,0.185739719598937,1.40222036334151e-06,"mixed_remodeling_branch_biased","D2_late_increasing"
"C1S",0.457028208223824,3.58347706886917e-46,0.430981631664566,7.60775871064427e-32,"common_increasing","D2_late_increasing"
"LGALS1",0.647965086701317,5.41652087731246e-105,0.0588472546701569,0.125073296055815,"mixed_remodeling_branch_biased","D2_late_increasing"
"TGFB3",0.434004538781704,2.44736928297829e-41,0.233446053368489,1.09904764254372e-09,"common_increasing","D2_late_increasing"
"CRABP2",0.490564775859909,6.31789875292018e-54,0.24204703759945,2.50649253496425e-10,"common_increasing","D2_late_increasing"
"NID2",0.426328820659257,8.13397879494383e-40,0.329462924910559,1.9864349327865e-18,"common_increasing","D2_late_increasing"
"C4orf48",0.518579909482371,4.32356656386451e-61,0.150886523064272,9.14321528456191e-05,"mixed_remodeling_branch_biased","D2_late_increasing"
"HTRA1",0.466152540323618,3.39570923977378e-48,0.254840446399831,2.44395838708613e-11,"common_increasing","D2_late_increasing"
"FLNC",0.453519581749614,2.01004200501919e-45,0.263209811276397,5.03421423573143e-12,"common_increasing","D2_late_increasing"
"MXRA7",0.456532133565278,4.53571399405496e-46,0.259723770874982,9.82081688380928e-12,"common_increasing","D2_late_increasing"
"CLEC11A",0.501221668742502,1.42286821613903e-56,0.220559274338993,8.98513603721223e-09,"common_increasing","D2_late_increasing"
"IFT20",0.455895700150051,6.22216542155642e-46,0.170938664728616,9.26499932067776e-06,"mixed_remodeling_branch_biased","D2_late_increasing"
"ROR2",0.232800486457946,2.50721875800242e-12,0.444199459675123,5.80256906458284e-34,"common_increasing","D2_late_increasing"
"NME1-NME2",0.606494869761253,1.12816573974736e-88,0.137383740255503,0.00037130685661841,"mixed_remodeling_branch_biased","D2_late_increasing"
"TNFAIP6",0.457468518861224,2.87263655905185e-46,0.196167731203088,3.44001755023883e-07,"mixed_remodeling_branch_biased","D2_late_increasing"
"RP11-14N7.2",0.475219438160956,2.8308645424066e-50,0.301872461694163,1.48139220505932e-15,"common_increasing","D2_late_increasing"
"S100A9",0.419788911710508,1.52168446000992e-38,0.333516889142121,7.11175852409959e-19,"common_increasing","D2_late_increasing"
"SNX8",0.411538805539168,5.52683831285258e-37,0.305558002651687,6.42231891151051e-16,"common_increasing","D2_late_increasing"
"ECM1",0.496618344430122,2.09236377775534e-55,0.284255791572253,7.00407879386867e-14,"common_increasing","D2_late_increasing"
"GPX7",0.501955585332318,9.33498377007444e-57,0.166691641724216,1.53974597584894e-05,"mixed_remodeling_branch_biased","D2_late_increasing"
"HIC1",0.434618084722836,1.84920532065853e-41,0.331477064493962,1.19016671294573e-18,"common_increasing","D2_late_increasing"
"EPHB2",0.378762378979224,3.33864879936342e-31,0.340919602084457,1.03744700766548e-19,"common_increasing","D2_late_increasing"
"GLIPR2",0.477636469934538,7.72005312157505e-51,0.255524033008961,2.15227648592085e-11,"common_increasing","D2_late_increasing"
"EVL",0.39727789613683,2.19216201249623e-34,0.316185286039055,5.27469284325106e-17,"common_increasing","D2_late_increasing"
"PRAF2",0.491951309707196,2.92547231528391e-54,0.1954752980803,3.78065700486191e-07,"mixed_remodeling_branch_biased","D2_late_increasing"
"TMEM214",0.450836608402778,7.60784415056499e-45,0.23703285583147,5.95806033180479e-10,"common_increasing","D2_late_increasing"
"CYB561",0.415173337902655,1.14268188924815e-37,0.264608820502379,3.85322404584465e-12,"common_increasing","D2_late_increasing"
"MAGED1",0.456950508398855,3.69491387578866e-46,0.290238182768017,1.9758635624516e-14,"common_increasing","D2_late_increasing"
"HM13",0.419707529013633,1.56880592276019e-38,0.29814905285923,3.41625327930747e-15,"common_increasing","D2_late_increasing"
"FNDC1",0.420035186967643,1.365534407224e-38,0.318397189782309,3.08326406390171e-17,"common_increasing","D2_late_increasing"
"C11orf24",0.465329804193873,5.16224289350206e-48,0.21256344866994,3.14439072811047e-08,"common_increasing","D2_late_increasing"
"HTRA3",0.487297718364857,3.8636715389413e-53,0.312151519833136,1.37623739597917e-16,"common_increasing","D2_late_increasing"
"NT5DC2",0.459000110239356,1.34402174743818e-46,0.290485919761763,1.87525992064556e-14,"common_increasing","D2_late_increasing"
"PLAU",0.43952502148148,1.86426816747933e-42,0.269353961470137,1.51060973301286e-12,"common_increasing","D2_late_increasing"
"NAGK",0.43667428523099,7.17485821400453e-42,0.217468057933979,1.47361431049283e-08,"common_increasing","D2_late_increasing"
"SPATS2L",0.37050641405905,7.56446711994641e-30,0.35273540872585,4.37332159198904e-21,"common_increasing","D2_late_increasing"
"FKBP9",0.407449626482947,3.13461320544515e-36,0.315566721366531,6.0781088723287e-17,"common_increasing","D2_late_increasing"
"PLOD1",0.473226606007157,8.25302327669882e-50,0.275116997114873,4.68529501395206e-13,"common_increasing","D2_late_increasing"
"SEMA6B",0.45941747420422,1.09404324584858e-46,0.269695032542619,1.41607546322387e-12,"common_increasing","D2_late_increasing"
"TXNDC5",0.484851539469172,1.50805578250293e-52,0.246665169151703,1.09846856822418e-10,"common_increasing","D2_late_increasing"
"P4HB",0.482451271258374,5.70899672905015e-52,0.304374973278478,8.35483567891231e-16,"common_increasing","D2_late_increasing"
"CUEDC1",0.355626690515542,1.68913868449408e-27,0.346180327424976,2.5990693937887e-20,"common_increasing","D2_late_increasing"
"SLC38A10",0.427111218512216,5.71993301417895e-40,0.312899449813544,1.15136434322569e-16,"common_increasing","D2_late_increasing"
"POLD4",0.495050864337261,5.07350817838818e-55,0.207526202501148,6.6801618626907e-08,"common_increasing","D2_late_increasing"
"CISD1",0.507908665893679,2.75601560382527e-58,0.240363589657939,3.37931867593234e-10,"common_increasing","D2_late_increasing"
"TTYH3",0.434396415461466,2.03942266108663e-41,0.260217190584401,8.97833548475963e-12,"common_increasing","D2_late_increasing"
"DAB2",0.510254604982637,6.76211714416565e-59,0.387923654420864,1.4622314505564e-25,"common_increasing","D2_late_increasing"
"OLFML3",0.507369617235011,3.79164685855767e-58,0.259416489992538,1.04065062761774e-11,"common_increasing","D2_late_increasing"
"RPS26",0.599459134646117,3.95452111720962e-86,0.154779896054767,6.02434901224481e-05,"mixed_remodeling_branch_biased","D2_late_increasing"
"HDLBP",0.458878200969,1.41769934370299e-46,0.281021263692664,1.3823316279039e-13,"common_increasing","D2_late_increasing"
"KDELR2",0.537945562997505,1.74502770174296e-66,0.225061708101264,4.40182613752148e-09,"common_increasing","D2_late_increasing"
"PLIN3",0.486058443841938,7.73678950289116e-53,0.263229688002574,5.02703556900075e-12,"common_increasing","D2_late_increasing"
"METRN",0.500080643301959,2.77599718042502e-56,0.199797544615746,2.05796943725829e-07,"mixed_remodeling_branch_biased","D2_late_increasing"
"IFI27",0.463466052083054,1.35976026104997e-47,0.283067706279238,8.98916070882577e-14,"common_increasing","D2_late_increasing"
"BACE2",0.436915193618787,6.44282364528313e-42,0.357686156428166,1.12582810930697e-21,"common_increasing","D2_late_increasing"
"ANGPTL2",0.459343637940095,1.13111577449187e-46,0.269551446428487,1.45453407971174e-12,"common_increasing","D2_late_increasing"
"TMED3",0.51073066692638,5.09351357128359e-59,0.217842466673488,1.39181652211633e-08,"common_increasing","D2_late_increasing"
"TGFBI",0.491557397116527,3.59863915312509e-54,0.288285104273558,2.99500315871232e-14,"common_increasing","D2_late_increasing"
"ABI3BP",0.346737680573238,3.73825919429431e-26,0.483277018161389,9.77004052683214e-41,"common_increasing","D2_late_increasing"
"SORCS2",0.3340106373751,2.63044094778901e-24,0.35761763917705,1.1427139982843e-21,"common_increasing","D2_late_increasing"
"TPM1",0.472680373461495,1.10257678768909e-49,0.286699059803993,4.17536111647186e-14,"common_increasing","D2_late_increasing"
"HMCN2",0.374853573488723,1.48903048631367e-30,0.41135510537448,7.20174308378106e-29,"common_increasing","D2_late_increasing"
"MYOF",0.340161226144237,3.43198845433906e-25,0.403652225981907,9.07980333870578e-28,"common_increasing","D2_late_increasing"
"AP2S1",0.529492883900354,4.3907780198716e-64,0.199941081778653,2.02127298595738e-07,"mixed_remodeling_branch_biased","D2_late_increasing"
"PDGFRL",0.468303026279674,1.10314818748287e-48,0.386361324597457,2.34837647873283e-25,"common_increasing","D2_late_increasing"
"SEC13",0.498442875974936,7.23531888374042e-56,0.23958725560021,3.85337421903667e-10,"common_increasing","D2_late_increasing"
"RUNX1",0.317950885108051,4.34660159762339e-22,0.413822230631715,3.16974703986025e-29,"common_increasing","D2_late_increasing"
"PLXDC2",0.27244430859323,1.84407884026168e-16,0.465149506063843,1.80649957683374e-37,"common_increasing","D2_late_increasing"
"LRP1",0.408311154857926,2.17992819828086e-36,0.452628279616454,2.38483383353243e-35,"common_increasing","D2_late_increasing"
"BGN",0.559026829773023,9.39981318767291e-73,0.0954271597720147,0.0133142905155314,"mixed_remodeling_branch_biased","D2_late_increasing"
"ADAMTS14",0.345344412833479,5.93976507642876e-26,0.411208474256862,7.52367284632679e-29,"common_increasing","D2_late_increasing"
"FKBP14",0.489200241203107,1.33937072971065e-53,0.275845062519205,4.03165335681863e-13,"common_increasing","D2_late_increasing"
"ATOX1",0.519460086954625,2.50665210837378e-61,0.264703148093929,3.79065142639375e-12,"common_increasing","D2_late_increasing"
"NME4",0.524868437498198,8.41349506056526e-63,0.21901534778621,1.15583206127152e-08,"common_increasing","D2_late_increasing"
"ISOC2",0.528949339399104,6.13890980578538e-64,0.186535641325487,1.26153823416585e-06,"mixed_remodeling_branch_biased","D2_late_increasing"
"CD151",0.529326792383219,4.84673882445379e-64,0.249895215828598,6.15466522890328e-11,"common_increasing","D2_late_increasing"
"CTSB",0.485398352547395,1.11550838299123e-52,0.319217360393302,2.53184760557477e-17,"common_increasing","D2_late_increasing"
"MVP",0.481575058289369,9.2425157545229e-52,0.357151590143076,1.29986187134627e-21,"common_increasing","D2_late_increasing"
"MAP4K4",0.379574731199269,2.4402264198765e-31,0.414891649661968,2.23043462819462e-29,"common_increasing","D2_late_increasing"
"C1R",0.513881763603553,7.56468342114703e-60,0.484065464726919,7.01302802260583e-41,"common_increasing","D2_late_increasing"
"FAM20C",0.476962563397745,1.10545527695757e-50,0.301864165541399,1.48139220505932e-15,"common_increasing","D2_late_increasing"
"GPX8",0.492984819706602,1.64499014349815e-54,0.250665224563195,5.34669366051555e-11,"common_increasing","D2_late_increasing"
"OST4",0.585138813886008,3.61038634608446e-81,0.189235924696166,8.78094218476986e-07,"mixed_remodeling_branch_biased","D2_late_increasing"
"RCN1",0.517915492410464,6.50428485196513e-61,0.292937565166151,1.1088073295675e-14,"common_increasing","D2_late_increasing"
"INAFM1",0.504310356104225,2.34014956373734e-57,0.233016198439824,1.17996037575487e-09,"common_increasing","D2_late_increasing"
"PRDX4",0.557838309166839,2.15429017530736e-72,0.257858783838516,1.40136467394142e-11,"common_increasing","D2_late_increasing"
"AC005943.2",0.544259719817921,2.5223962225613e-68,0.190649929200965,7.30310084266834e-07,"mixed_remodeling_branch_biased","D2_late_increasing"
"S100A8",0.462715735219222,1.99317023632e-47,0.396306675032435,1.01799645893629e-26,"common_increasing","D2_late_increasing"
"FBLN1",0.450386491313506,9.49407480601631e-45,0.439760817406093,3.09038222412388e-33,"common_increasing","D2_late_increasing"
"TMEM119",0.520569475486624,1.25527937645834e-61,0.300679870820293,1.92108530134444e-15,"common_increasing","D2_late_increasing"
"MIR99AHG",0.256586544468898,1.01509037107942e-14,0.537887903071895,7.88586778594824e-52,"common_increasing","D2_late_increasing"
"EHD2",0.479220995491557,3.343309751299e-51,0.316053789643394,5.42926182496572e-17,"common_increasing","D2_late_increasing"
"LRRC32",0.49157709574315,3.5809609997205e-54,0.326341957735029,4.33887674176507e-18,"common_increasing","D2_late_increasing"
"ISG15",0.502167845763022,8.2875782995026e-57,0.280262529382138,1.62218235637344e-13,"common_increasing","D2_late_increasing"
"CADM1",0.411218843799964,6.34324431688627e-37,0.330018283730572,1.7265700854732e-18,"common_increasing","D2_late_increasing"
"FAM114A1",0.430882428824115,1.0338558643029e-40,0.35447122421611,2.73893510304452e-21,"common_increasing","D2_late_increasing"
"PDXK",0.455708501175396,6.8151644990483e-46,0.292141305962758,1.31421310933998e-14,"common_increasing","D2_late_increasing"
"CTSK",0.565136051135867,1.17774357293148e-74,0.386761124914879,2.09248622799735e-25,"common_increasing","D2_late_increasing"
"PHPT1",0.58212656501049,3.70025048813132e-80,0.244117173865302,1.72774834569281e-10,"common_increasing","D2_late_increasing"
"KDELR3",0.53626099652144,5.2747216480901e-66,0.207120705533588,7.09993832171329e-08,"common_increasing","D2_late_increasing"
"SSC5D",0.458962321882301,1.36396992928197e-46,0.307734353070111,3.86648459512382e-16,"common_increasing","D2_late_increasing"
"ARHGAP1",0.433891366898419,2.57284811352737e-41,0.322615363805256,1.10685764125068e-17,"common_increasing","D2_late_increasing"
"HEG1",0.431093791531769,9.4288864077776e-41,0.382708899420804,7.30207853611747e-25,"common_increasing","D2_late_increasing"
"TNFRSF12A",0.522606321444347,3.50812146854477e-62,0.257801784927116,1.41010827608585e-11,"common_increasing","D2_late_increasing"
"DPT",0.55322514620155,5.40694766732031e-71,0.413723725661081,3.23387363143775e-29,"common_increasing","D2_late_increasing"
"ITGA11",0.400497870407991,5.74635066834377e-35,0.422527074555458,1.56105301872368e-30,"common_increasing","D2_late_increasing"
"PIEZO2",0.364517122244699,6.89918224582639e-29,0.432811502331043,3.99393636823545e-32,"common_increasing","D2_late_increasing"
"B4GALT2",0.517808228267195,6.83967534504177e-61,0.30726140761843,4.31380165463814e-16,"common_increasing","D2_late_increasing"
"TYMP",0.511522904869044,3.15905004908947e-59,0.368612402969894,4.93321616721778e-23,"common_increasing","D2_late_increasing"
"CD74",0.494164810233205,8.37027726103354e-55,0.409403831061748,1.36287135822312e-28,"common_increasing","D2_late_increasing"
"HLA-DRA",0.478604589557372,4.64186806876636e-51,0.334098344412474,6.12648057951083e-19,"common_increasing","D2_late_increasing"
"EFEMP2",0.567372501118256,2.35494394287037e-75,0.341691113195911,8.49007712888478e-20,"common_increasing","D2_late_increasing"
"PALLD",0.361681298955159,1.93334959764416e-28,0.394425018035047,1.86137153622812e-26,"common_increasing","D2_late_increasing"
"CST3",0.633693217914251,4.32448850585111e-99,0.453933216628998,1.43408810619768e-35,"common_increasing","D2_late_increasing"
"C1orf122",0.589056886468673,1.67124126021837e-82,0.212500924146872,3.16409164393628e-08,"common_increasing","D2_late_increasing"
"GAS6",0.495597581720792,3.76805434149108e-55,0.429734330448223,1.19469450125674e-31,"common_increasing","D2_late_increasing"
"ZMAT3",0.487308203292206,3.8636715389413e-53,0.370313255174021,2.99656115805994e-23,"common_increasing","D2_late_increasing"
"LIMA1",0.387314821476823,1.19839265420868e-32,0.450254998197385,5.91204113855106e-35,"common_increasing","D2_late_increasing"
"PDLIM7",0.479990486463708,2.1987280888644e-51,0.32914262492158,2.1499947585122e-18,"common_increasing","D2_late_increasing"
"PDLIM2",0.57548693159439,5.79060857126449e-78,0.303769583679468,9.60321180894961e-16,"common_increasing","D2_late_increasing"
"MYDGF",0.556441714589072,5.64499907914346e-72,0.249713783813884,6.32432955684922e-11,"common_increasing","D2_late_increasing"
"CILP2",0.495363277738941,4.28885446462235e-55,0.346015747933474,2.7077694265175e-20,"common_increasing","D2_late_increasing"
"GUCY1A3",0.467288935819813,1.87084554849091e-48,0.413169587661892,3.89400658938381e-29,"common_increasing","D2_late_increasing"
"BNC2",0.324619806818866,5.41164282921056e-23,0.535414875069051,2.63575850988307e-51,"common_increasing","D2_late_increasing"
"COL18A1",0.5271532455629,1.94934087660658e-63,0.410465573655883,9.52400463403665e-29,"common_increasing","D2_late_increasing"
"LGALS3BP",0.565859613228469,7.10235076147306e-75,0.345384447022905,3.1661313768124e-20,"common_increasing","D2_late_increasing"
"TMSB10",0.709837224400975,1.13601956980038e-134,0.239230604610451,4.09090064314078e-10,"common_increasing","D2_late_increasing"
"S100A11",0.642947640609302,6.93613591051704e-103,0.250364590792891,5.64610085207292e-11,"common_increasing","D2_late_increasing"
"C1QTNF5",0.568554134669446,9.93467867342936e-76,0.320374537633335,1.90976442405646e-17,"common_increasing","D2_late_increasing"
"FSTL1",0.522254798500159,4.34876561756825e-62,0.403753191113459,8.83224700405766e-28,"common_increasing","D2_late_increasing"
"OGN",0.537814154805252,1.8867995955488e-66,0.37931035965336,2.04666060682316e-24,"common_increasing","D2_late_increasing"
"THBS4",0.544173393351336,2.64836882543837e-68,0.361619610071184,3.71916263606239e-22,"common_increasing","D2_late_increasing"
"GOLM1",0.508169467728194,2.37069704506737e-58,0.32766688129023,3.12279163473041e-18,"common_increasing","D2_late_increasing"
"P3H3",0.517818863628011,6.83967534504177e-61,0.357867007847047,1.07400855340555e-21,"common_increasing","D2_late_increasing"
"HCFC1R1",0.614623097516501,1.11612598593972e-91,0.380571858509493,1.39907834541428e-24,"common_increasing","D2_late_increasing"
"ARPC1B",0.586408794857254,1.34738848566016e-81,0.304695047325444,7.77270093579474e-16,"common_increasing","D2_late_increasing"
"FKBP11",0.572014326746911,7.79057548650798e-77,0.279165384896069,2.039551956282e-13,"common_increasing","D2_late_increasing"
"CCDC80",0.507234257737161,4.0845856263257e-58,0.541578550126548,1.27627847920032e-52,"common_increasing","D2_late_increasing"
"AK1",0.556720972119358,4.73489829587415e-72,0.287965983505965,3.19511351253428e-14,"common_increasing","D2_late_increasing"
"C1QTNF6",0.570283044920703,2.81454449327792e-76,0.348727888122308,1.31887788061801e-20,"common_increasing","D2_late_increasing"
"PODN",0.535441052979298,9.01525295528959e-66,0.464936460797076,1.94886626876224e-37,"common_increasing","D2_late_increasing"
"ACTA2",0.514435433292699,5.4130986544323e-60,0.38081418473082,1.30472737216107e-24,"common_increasing","D2_late_increasing"
"CKAP4",0.552332404859129,9.91752899985864e-71,0.291844377646642,1.40053396628067e-14,"common_increasing","D2_late_increasing"
"SULF1",0.436345732781961,8.26845028664927e-42,0.407965451901851,2.18623465339454e-28,"common_increasing","D2_late_increasing"
"ZNF469",0.509333476946381,1.1771156019804e-58,0.377707368786542,3.30291146480429e-24,"common_increasing","D2_late_increasing"
"P3H1",0.549741796615691,5.95688182079939e-70,0.366555421583009,8.90859030546375e-23,"common_increasing","D2_late_increasing"
"MIR4435-2HG",0.495245035715989,4.56288306596371e-55,0.458562638262422,2.38153215468368e-36,"common_increasing","D2_late_increasing"
"FAP",0.505106752028439,1.46199241391237e-57,0.412395662072468,5.05876808930025e-29,"common_increasing","D2_late_increasing"
"TSHZ2",0.400397293115885,5.98111874529504e-35,0.517620761608011,1.76973928121631e-47,"common_increasing","D2_late_increasing"
"COL11A1",0.456951706066785,3.69491387578866e-46,0.360738891193527,4.78020744426306e-22,"common_increasing","D2_late_increasing"
"VKORC1",0.646115130570162,3.25065133324911e-104,0.325745429627667,5.0353898902155e-18,"common_increasing","D2_late_increasing"
"SMOC2",0.488588234909018,1.88013572166523e-53,0.465169633732843,1.80649957683374e-37,"common_increasing","D2_late_increasing"
"CHPF",0.556372229309285,5.86369525697066e-72,0.305395579874799,6.65204072135383e-16,"common_increasing","D2_late_increasing"
"NBL1",0.58224020909129,3.44124347571256e-80,0.423371270992484,1.16157220528294e-30,"common_increasing","D2_late_increasing"
"COL12A1",0.443420524118211,2.88239377369794e-43,0.395756312857962,1.21190272107125e-26,"common_increasing","D2_late_increasing"
"FKBP10",0.533427265465502,3.35721302298555e-65,0.333138172217253,7.8251702431512e-19,"common_increasing","D2_late_increasing"
"SULF2",0.492013735730581,2.84074247134853e-54,0.354214477286102,2.91864071829963e-21,"common_increasing","D2_late_increasing"
"COL16A1",0.454644729351281,1.14578007627485e-45,0.37987889249196,1.72549564657819e-24,"common_increasing","D2_late_increasing"
"MMP2",0.556453271676471,5.64499907914346e-72,0.463810163337719,3.02833867876779e-37,"common_increasing","D2_late_increasing"
"SERF2",0.73635965021737,5.57247571625391e-150,0.232011031104377,1.3915436407091e-09,"common_increasing","D2_late_increasing"
"MXRA5",0.512054141873303,2.31601511285902e-59,0.405350525074656,5.25073279351814e-28,"common_increasing","D2_late_increasing"
"P4HA2",0.564756832605103,1.53579479143074e-74,0.401447854030896,1.86621045233975e-27,"common_increasing","D2_late_increasing"
"NREP",0.563794796280002,3.06823452739041e-74,0.38685714575165,2.04147433459308e-25,"common_increasing","D2_late_increasing"
"PYCR1",0.606578411928065,1.07194619586393e-88,0.31677457778681,4.57688613281462e-17,"common_increasing","D2_late_increasing"
"EMILIN1",0.565233227319778,1.11117249038283e-74,0.38650967707767,2.25332770720534e-25,"common_increasing","D2_late_increasing"
"MYL9",0.625500594100733,7.88862009985348e-96,0.341994353295922,7.852760395916e-20,"common_increasing","D2_late_increasing"
"RARRES2",0.684284338671537,1.51845487726187e-121,0.409362672062234,1.37304591689646e-28,"common_increasing","D2_late_increasing"
"LINC00152",0.552598385949195,8.31653740511711e-71,0.4137675897331,3.20758790681736e-29,"common_increasing","D2_late_increasing"
"P3H4",0.569472885973161,5.08235744546782e-76,0.368614750760527,4.93321616721778e-23,"common_increasing","D2_late_increasing"
"PPIB",0.711874923771047,9.14552846458515e-136,0.29113591205448,1.62661878439901e-14,"common_increasing","D2_late_increasing"
"VCAN",0.533653172621549,2.91969505453809e-65,0.456037946028892,6.4452752228432e-36,"common_increasing","D2_late_increasing"
"CPXM1",0.596785357632161,3.45014424183934e-85,0.4653503243616,1.72564709806398e-37,"common_increasing","D2_late_increasing"
"IGFBP4",0.641336157413831,3.20315640132581e-102,0.504998720392013,6.52455893920944e-45,"common_increasing","D2_late_increasing"
"ARMC9",0.562225463575905,9.51982473663158e-74,0.410937934546342,8.14776824235603e-29,"common_increasing","D2_late_increasing"
"SERPINF1",0.677955692504971,1.58297305639e-118,0.527535283168292,1.48476510422653e-49,"common_increasing","D2_late_increasing"
"COPZ2",0.656797809202078,8.33062924286306e-109,0.364815755184955,1.48141971171055e-22,"common_increasing","D2_late_increasing"
"PPIC",0.687802093611529,3.101207183279e-123,0.377448448234897,3.55764980241618e-24,"common_increasing","D2_late_increasing"
"FOXP1",0.45886547446235,1.42032951401308e-46,0.519346949517173,8.3268683098811e-48,"common_increasing","D2_late_increasing"
"OLFML2B",0.576573623419093,2.56560958937223e-78,0.465179867797812,1.80649957683374e-37,"common_increasing","D2_late_increasing"
"LRRC15",0.618126238968796,5.23875536594701e-93,0.405507549916769,5.01134942806144e-28,"common_increasing","D2_late_increasing"
"ASPN",0.572951808814991,3.89991623357065e-77,0.458641897965733,2.33171538442089e-36,"common_increasing","D2_late_increasing"
"COL5A3",0.562007887372107,1.10128396938324e-73,0.424135519830486,8.88900605597773e-31,"common_increasing","D2_late_increasing"
"SFRP4",0.62521742900282,9.95979307799627e-96,0.417713886502082,8.52549268669402e-30,"common_increasing","D2_late_increasing"
"SEPT11",0.524671425997151,9.46066646691546e-63,0.402319237122844,1.4117754204664e-27,"common_increasing","D2_late_increasing"
"BASP1",0.62264814294087,9.91803131439545e-95,0.473121952640369,7.2890948588609e-39,"common_increasing","D2_late_increasing"
"NNMT",0.678205713647882,1.24553334899501e-118,0.465972756680103,1.3681367677254e-37,"common_increasing","D2_late_increasing"
"MARCKS",0.630604466309954,7.48513337879738e-98,0.443121419380901,8.70873863151029e-34,"common_increasing","D2_late_increasing"
"HSPG2",0.55856304999852,1.29614103520646e-72,0.53978390582527,2.99121105922413e-52,"common_increasing","D2_late_increasing"
"TIMP1",0.737259210154588,1.70164884246559e-150,0.473955428752469,5.18645568674009e-39,"common_increasing","D2_late_increasing"
"ARL4C",0.619892718583204,1.11616914903216e-93,0.432600707568589,4.28302918314958e-32,"common_increasing","D2_late_increasing"
"AEBP1",0.594512544515777,2.16922359996337e-84,0.486600666059183,2.43443084928132e-41,"common_increasing","D2_late_increasing"
"WISP2",0.653872515853107,1.57528465108875e-107,0.558180805749775,1.81393976449403e-56,"common_increasing","D2_late_increasing"
"TAGLN",0.684929200374009,7.97741178805914e-122,0.404132008720451,7.82369757362776e-28,"common_increasing","D2_late_increasing"
"BMP1",0.589468402970232,1.2237864179715e-82,0.463023618534513,4.13576746430786e-37,"common_increasing","D2_late_increasing"
"COL8A1",0.597834973499464,1.48343359359259e-85,0.417569790460099,8.83639401165458e-30,"common_increasing","D2_late_increasing"
"THBS2",0.610675270746132,3.35874746947029e-90,0.514945891992596,6.2671803354747e-47,"common_increasing","D2_late_increasing"
"FBN1",0.577238079820665,1.56673025052711e-78,0.583638705451346,8.19859788991481e-63,"common_increasing","D2_late_increasing"
"MRC2",0.538075445735368,1.63214523991537e-66,0.555520122719827,7.72152649965019e-56,"common_increasing","D2_late_increasing"
"COL6A1",0.651222838077661,2.1904896406447e-106,0.44122348973844,1.78589776044186e-33,"common_increasing","D2_late_increasing"
"CTHRC1",0.684105958617651,1.78248792181078e-121,0.498810967503747,1.10787346688318e-43,"common_increasing","D2_late_increasing"
"PCOLCE",0.728098529429065,4.78526926291642e-145,0.493684775383747,1.1191865047803e-42,"common_increasing","D2_late_increasing"
"COL14A1",0.591683964144702,2.10440598279681e-83,0.563913148069024,7.27470935293419e-58,"common_increasing","D2_late_increasing"
"ADAMTS2",0.55148924806597,1.77371420051328e-70,0.536715194946698,1.41588974040741e-51,"common_increasing","D2_late_increasing"
"COMP",0.660164792697403,2.70154380708468e-110,0.541656130263852,1.26993680339414e-52,"common_increasing","D2_late_increasing"
"IGFBP7",0.694907178708843,8.39850085403964e-127,0.607756411391779,2.33071158624825e-69,"common_increasing","D2_late_increasing"
"COL6A3",0.578528897656648,5.90586519954683e-79,0.578458995510614,1.60664294530244e-61,"common_increasing","D2_late_increasing"
"RCN3",0.74660651565813,2.26136053731413e-156,0.461855293302009,6.59867191105085e-37,"common_increasing","D2_late_increasing"
"POSTN",0.684404984500793,1.38382119810681e-121,0.485183328626258,4.487712490311e-41,"common_increasing","D2_late_increasing"
"ADAM12",0.609385264219403,9.97194243961716e-90,0.498655170792331,1.16891605038727e-43,"common_increasing","D2_late_increasing"
"COL6A2",0.696370784157808,1.65160206057233e-127,0.552677391071651,3.4499081817336e-55,"common_increasing","D2_late_increasing"
"MDK",0.787548974168224,2.88561812488275e-185,0.484207731119546,6.68858723801848e-41,"common_increasing","D2_late_increasing"
"CREB3L1",0.683040016995912,5.73439103085989e-121,0.590635016810068,1.31445435177309e-64,"common_increasing","D2_late_increasing"
"CERCAM",0.692751158748046,1.01912358363073e-125,0.491311747876087,3.21858749483527e-42,"common_increasing","D2_late_increasing"
"GXYLT2",0.660233580329629,2.6026729925337e-110,0.576846653568643,4.02095563375175e-61,"common_increasing","D2_late_increasing"
"SERPINH1",0.747923679659839,3.5482537716146e-157,0.509700164544177,7.41589988054097e-46,"common_increasing","D2_late_increasing"
"THY1",0.784838214894711,2.99803501018756e-183,0.58105377113966,3.52235160122341e-62,"common_increasing","D2_late_increasing"
"FN1",0.667101888916511,2.00473745880235e-113,0.517901822267919,1.61630005318303e-47,"common_increasing","D2_late_increasing"
"SFRP2",0.777117950393912,1.46639773176302e-177,0.653403051019925,1.06722268578921e-83,"common_increasing","D2_late_increasing"
"COL5A2",0.695150248256696,6.66112899568648e-127,0.700813059481682,1.74617569800131e-101,"common_increasing","D2_late_increasing"
"COL3A1",0.784007458411476,1.07156724698358e-182,0.704660295239905,6.4300944155062e-103,"common_increasing","D2_late_increasing"
"COL5A1",0.730375777662589,2.25516408293432e-146,0.670390694698258,1.12445760031091e-89,"common_increasing","D2_late_increasing"
"COL1A2",0.780777916886761,2.82432264590958e-180,0.701999478809659,6.72279206868061e-102,"common_increasing","D2_late_increasing"
"SPARC",0.820322142690519,9.48041544680176e-214,0.709472588820345,7.62525465493812e-105,"common_increasing","D2_late_increasing"
"COL1A1",0.821117158416968,3.24255915093373e-214,0.803361687708191,4.10504868372459e-155,"common_increasing","D2_late_increasing"
