"cell","mode","lineage","pseudotime","weight"
"K183156_CELL11_N5","forced_two_terminal","lineage1",10.8030106665059,1
"K183156_CELL43_N2","forced_two_terminal","lineage1",19.765367564515,1
"K183156_CELL63_N3","forced_two_terminal","lineage1",79.6887474911662,1
"K183156_CELL134_N2","forced_two_terminal","lineage1",70.4701375886172,1
"K183156_CELL147_N3","forced_two_terminal","lineage1",80.6651017155444,1
"K183156_CELL197_N3","forced_two_terminal","lineage1",82.8084964022606,1
"K183156_CELL217_N3","forced_two_terminal","lineage1",47.1588932228352,1
"K183156_CELL243_N4","forced_two_terminal","lineage1",80.6867159710858,1
"K183156_CELL256_N5","forced_two_terminal","lineage1",69.4702867433133,1
"K183156_CELL258_N5","forced_two_terminal","lineage1",NA,0
"K183156_CELL273_N2","forced_two_terminal","lineage1",74.22390476995,1
"K183156_CELL281_N1","forced_two_terminal","lineage1",72.0211379630129,1
"K183156_CELL353_N3","forced_two_terminal","lineage1",82.8084964022606,1
"K183156_CELL373_N3","forced_two_terminal","lineage1",NA,0
"K183156_CELL433_N4","forced_two_terminal","lineage1",82.8084964022606,1
"K183156_CELL466_N2","forced_two_terminal","lineage1",65.4235107501385,0.72697051917861
"K183156_CELL470_N2","forced_two_terminal","lineage1",76.1434711421115,1
"K183156_CELL473_N1","forced_two_terminal","lineage1",73.4386110757795,1
"K183156_CELL484_N2","forced_two_terminal","lineage1",77.6498527224014,1
"K183156_CELL499_N3","forced_two_terminal","lineage1",69.9769848001092,1
"K183156_CELL545_N2","forced_two_terminal","lineage1",82.8084964022606,1
"K183156_CELL561_N7","forced_two_terminal","lineage1",NA,0
"K183156_CELL638_N2","forced_two_terminal","lineage1",63.2603595130784,1
"K183156_CELL644_N4","forced_two_terminal","lineage1",81.1964007798118,1
"K183156_CELL654_N3","forced_two_terminal","lineage1",79.2585023388794,0.898933537721466
"K183156_CELL673_N2","forced_two_terminal","lineage1",78.8362469201321,1
"K183156_CELL691_N4","forced_two_terminal","lineage1",73.7794585304106,1
"K183156_CELL708_N3","forced_two_terminal","lineage1",73.5410342919842,1
"K183156_CELL755_N3","forced_two_terminal","lineage1",82.8084964022606,1
"K183156_CELL762_N2","forced_two_terminal","lineage1",64.3430877633033,0.771746216601554
"K183156_CELL765_N2","forced_two_terminal","lineage1",9.62204539959036,1
"K183156_CELL793_N2","forced_two_terminal","lineage1",82.8084964022606,1
"K183156_CELL820_N3","forced_two_terminal","lineage1",65.1567374066118,1
"K183156_CELL890_N3","forced_two_terminal","lineage1",NA,0
"K183156_CELL928_N4","forced_two_terminal","lineage1",79.3171091803644,1
"K183156_CELL962_N3","forced_two_terminal","lineage1",72.6886849339783,1
"K183156_CELL1019_N5","forced_two_terminal","lineage1",82.8084964022606,1
"K183156_CELL1056_N3","forced_two_terminal","lineage1",73.1491186019603,1
"K183156_CELL1080_N2","forced_two_terminal","lineage1",63.4439236088554,0.673525294391259
"K183156_CELL1105_N3","forced_two_terminal","lineage1",82.8084964022606,1
"K183156_CELL1129_N3","forced_two_terminal","lineage1",NA,0
"K183156_CELL1265_N5","forced_two_terminal","lineage1",70.852904041515,1
"K183156_CELL1278_N2","forced_two_terminal","lineage1",70.656972653881,1
"K183156_CELL1314_N3","forced_two_terminal","lineage1",66.8542428085661,1
"K183156_CELL1374_N4","forced_two_terminal","lineage1",0.269196357112983,1
"K183156_CELL1393_N6","forced_two_terminal","lineage1",82.7787760599487,1
"K183156_CELL1402_N2","forced_two_terminal","lineage1",77.76796320726,1
"K183156_CELL1420_N2","forced_two_terminal","lineage1",63.9400241712081,0.550977268894273
"K183156_CELL1441_N5","forced_two_terminal","lineage1",71.7178816894964,1
"K183156_CELL1444_N2","forced_two_terminal","lineage1",70.318475421415,1
"K183156_CELL1454_N2","forced_two_terminal","lineage1",47.0552486790668,1
"K183156_CELL1489_N5","forced_two_terminal","lineage1",68.5804130785187,1
"K183156_CELL1614_N2","forced_two_terminal","lineage1",NA,0
"K183156_CELL1662_N2","forced_two_terminal","lineage1",80.4567177417437,1
"K183156_CELL1675_N4","forced_two_terminal","lineage1",79.2826792782693,1
"K183156_CELL1694_N3","forced_two_terminal","lineage1",21.5611131534358,1
"K183156_CELL1727_N2","forced_two_terminal","lineage1",74.0978092878564,1
"K183156_CELL1729_N3","forced_two_terminal","lineage1",6.58669024018335,1
"K183156_CELL1811_N3","forced_two_terminal","lineage1",82.8084964022606,1
"K183156_CELL1827_N2","forced_two_terminal","lineage1",74.0799494383062,1
"K183156_CELL1828_N6","forced_two_terminal","lineage1",80.2759559382285,1
"K183156_CELL1884_N3","forced_two_terminal","lineage1",74.1951740069775,1
"K183156_CELL1943_N4","forced_two_terminal","lineage1",78.3578055043031,1
"K183156_CELL1957_N2","forced_two_terminal","lineage1",68.9696641425954,1
"K183156_CELL1963_N3","forced_two_terminal","lineage1",9.71561925463971,1
"K183156_CELL1973_N3","forced_two_terminal","lineage1",63.1213976086532,1
"K183156_CELL1979_N4","forced_two_terminal","lineage1",76.0343489296967,1
"K183156_CELL2019_N4","forced_two_terminal","lineage1",79.1049780654416,1
"K183156_CELL2048_N3","forced_two_terminal","lineage1",82.5174361499773,1
"K183156_CELL2078_N2","forced_two_terminal","lineage1",69.2096326636703,1
"K183156_CELL2081_N2","forced_two_terminal","lineage1",0,1
"K183156_CELL2091_N3","forced_two_terminal","lineage1",73.1855545340361,1
"K183156_CELL2113_N3","forced_two_terminal","lineage1",68.7565396846254,1
"K183156_CELL2138_N3","forced_two_terminal","lineage1",71.70959541455,1
"K183156_CELL2159_N5","forced_two_terminal","lineage1",81.8703400538991,1
"K183156_CELL2178_N3","forced_two_terminal","lineage1",NA,0
"K183156_CELL2231_N4","forced_two_terminal","lineage1",65.1248927022421,1
"K183156_CELL2242_N2","forced_two_terminal","lineage1",82.8084964022606,1
"K183156_CELL2337_N3","forced_two_terminal","lineage1",74.7938047157243,1
"K183156_CELL2359_N3","forced_two_terminal","lineage1",74.3263922514448,1
"K183156_CELL2371_N2","forced_two_terminal","lineage1",72.5921685762452,1
"K183156_CELL2428_N2","forced_two_terminal","lineage1",74.6589063896625,1
"K183156_CELL2433_N2","forced_two_terminal","lineage1",NA,0
"K183156_CELL2447_N3","forced_two_terminal","lineage1",0,1
"K183156_CELL2454_N4","forced_two_terminal","lineage1",62.7101774941119,1
"K183156_CELL2473_N2","forced_two_terminal","lineage1",7.34926551923233,1
"K183156_CELL2499_N3","forced_two_terminal","lineage1",76.1861160304951,1
"K183156_CELL2529_N3","forced_two_terminal","lineage1",79.8463875850045,1
"K183156_CELL2551_N2","forced_two_terminal","lineage1",48.1522921464611,1
"K183156_CELL2555_N3","forced_two_terminal","lineage1",73.6176504581918,1
"K183156_CELL2620_N2","forced_two_terminal","lineage1",79.1540731886192,1
"K183156_CELL2649_N3","forced_two_terminal","lineage1",82.8084964022606,1
"K183156_CELL2658_N3","forced_two_terminal","lineage1",81.5162845577389,1
"K183156_CELL2748_N3","forced_two_terminal","lineage1",80.6721445406153,1
"K183156_CELL2769_N3","forced_two_terminal","lineage1",22.6511614790633,1
"K183156_CELL2775_N2","forced_two_terminal","lineage1",NA,0
"K183156_CELL2778_N4","forced_two_terminal","lineage1",69.0479664920313,1
"K183156_CELL2827_N2","forced_two_terminal","lineage1",76.6496088233287,1
"K183156_CELL2846_N2","forced_two_terminal","lineage1",71.8059575981824,1
"K183156_CELL2938_N4","forced_two_terminal","lineage1",65.4530299763278,1
"K183156_CELL2945_N4","forced_two_terminal","lineage1",70.3692770684767,1
"K183156_CELL2946_N3","forced_two_terminal","lineage1",0.722279767855705,1
"K183156_CELL2958_N2","forced_two_terminal","lineage1",59.2035647514184,1
"K183156_CELL2981_N2","forced_two_terminal","lineage1",69.6131342389044,1
"K183156_CELL2982_N2","forced_two_terminal","lineage1",NA,0
"K183156_CELL3016_N5","forced_two_terminal","lineage1",72.5507154078816,1
"K183156_CELL3046_N3","forced_two_terminal","lineage1",74.6563125757433,1
"K183156_CELL3060_N2","forced_two_terminal","lineage1",67.628644497753,1
"K183156_CELL3087_N5","forced_two_terminal","lineage1",78.1513354970506,1
"K183156_CELL3120_N2","forced_two_terminal","lineage1",67.388667734688,1
"K183156_CELL3150_N3","forced_two_terminal","lineage1",NA,0
"K183156_CELL3175_N3","forced_two_terminal","lineage1",67.1506980002021,1
"K183156_CELL3188_N3","forced_two_terminal","lineage1",69.7120791649997,1
"K183156_CELL3213_N3","forced_two_terminal","lineage1",64.4746401106774,0.739605559038106
"K183156_CELL3229_N6","forced_two_terminal","lineage1",71.0105208560589,1
"K183156_CELL3282_N3","forced_two_terminal","lineage1",64.1162492525525,0.803536490939776
"K183156_CELL3331_N2","forced_two_terminal","lineage1",67.5354271788634,1
"K183156_CELL3334_N3","forced_two_terminal","lineage1",13.6886606439233,1
"K183156_CELL3366_N2","forced_two_terminal","lineage1",13.0368063156854,0.990529323989303
"K183156_CELL3417_N2","forced_two_terminal","lineage1",17.6186646801703,1
"K183156_CELL3422_N3","forced_two_terminal","lineage1",69.9041706402693,1
"K183156_CELL3434_N3","forced_two_terminal","lineage1",81.1566331732474,1
"K183156_CELL3519_N5","forced_two_terminal","lineage1",64.7810641980504,0.928576913164363
"K183156_CELL3538_N3","forced_two_terminal","lineage1",63.9359604945709,0.773068984606602
"K183156_CELL3547_N3","forced_two_terminal","lineage1",75.9739268801942,0.928975469515407
"K183156_CELL3560_N3","forced_two_terminal","lineage1",81.7816604196324,1
"K183156_CELL3568_N2","forced_two_terminal","lineage1",13.1592010629445,1
"K183156_CELL3584_N2","forced_two_terminal","lineage1",NA,0
"K183156_CELL3589_N9","forced_two_terminal","lineage1",79.6167282623216,1
"K183156_CELL3599_N2","forced_two_terminal","lineage1",73.6936434808762,1
"K183156_CELL3618_N2","forced_two_terminal","lineage1",24.3878823585983,1
"K183156_CELL3629_N3","forced_two_terminal","lineage1",68.7848138133305,1
"K183156_CELL3682_N6","forced_two_terminal","lineage1",72.9889863625158,1
"K183156_CELL3787_N2","forced_two_terminal","lineage1",7.458174294238,1
"K183156_CELL3796_N4","forced_two_terminal","lineage1",64.8095326186426,0.742262933451403
"K183156_CELL3811_N2","forced_two_terminal","lineage1",68.1926341830454,1
"K183156_CELL3836_N2","forced_two_terminal","lineage1",69.1151653747279,1
"K183156_CELL3983_N2","forced_two_terminal","lineage1",11.1567193266474,1
"K183156_CELL4036_N2","forced_two_terminal","lineage1",73.1918378120661,1
"K183156_CELL4044_N2","forced_two_terminal","lineage1",67.6171547979857,1
"K183156_CELL4087_N4","forced_two_terminal","lineage1",82.8084964022606,1
"K183156_CELL4095_N2","forced_two_terminal","lineage1",68.1926341830454,1
"K183156_CELL4111_N2","forced_two_terminal","lineage1",NA,0
"K183156_CELL4181_N4","forced_two_terminal","lineage1",74.9824681987647,1
"K183156_CELL4245_N2","forced_two_terminal","lineage1",70.3501680262675,1
"K183156_CELL4250_N2","forced_two_terminal","lineage1",0.784397808932686,1
"K183156_CELL4256_N3","forced_two_terminal","lineage1",69.8839145740794,1
"K183156_CELL4302_N4","forced_two_terminal","lineage1",14.35710454825,1
"K183156_CELL4321_N3","forced_two_terminal","lineage1",65.444283174667,1
"K183156_CELL4352_N2","forced_two_terminal","lineage1",67.9432485003307,1
"K183156_CELL4353_N3","forced_two_terminal","lineage1",NA,0
"K183156_CELL4414_N2","forced_two_terminal","lineage1",17.7301291910916,0.980142854304799
"K183156_CELL4417_N4","forced_two_terminal","lineage1",NA,0
"K183156_CELL4525_N2","forced_two_terminal","lineage1",74.334116078846,1
"K183156_CELL4527_N2","forced_two_terminal","lineage1",74.6759877500035,1
"K183156_CELL4530_N2","forced_two_terminal","lineage1",22.5146834191933,1
"K183156_CELL4548_N2","forced_two_terminal","lineage1",73.3538271964672,1
"K183156_CELL4592_N3","forced_two_terminal","lineage1",2.00965382025039,1
"K183156_CELL4602_N2","forced_two_terminal","lineage1",74.9473730592023,1
"K183156_CELL4661_N3","forced_two_terminal","lineage1",71.5734991761363,1
"K183156_CELL4664_N3","forced_two_terminal","lineage1",68.534569800855,1
"K183156_CELL4670_N2","forced_two_terminal","lineage1",72.5426835876166,1
"K183156_CELL4716_N2","forced_two_terminal","lineage1",75.5091750442371,1
"K183156_CELL4735_N2","forced_two_terminal","lineage1",65.4889378735994,1
"K183156_CELL4737_N2","forced_two_terminal","lineage1",72.6988402313399,1
"K183156_CELL4769_N2","forced_two_terminal","lineage1",73.2612126761173,1
"K183156_CELL4774_N4","forced_two_terminal","lineage1",71.2515118217754,1
"K183156_CELL4785_N3","forced_two_terminal","lineage1",76.2272043014723,1
"K183156_CELL4832_N2","forced_two_terminal","lineage1",NA,0
"K183156_CELL4864_N4","forced_two_terminal","lineage1",74.5627648228425,1
"K183156_CELL4890_N2","forced_two_terminal","lineage1",48.8415303997059,1
"K183156_CELL4903_N1","forced_two_terminal","lineage1",81.5518764001518,1
"K183156_CELL4906_N2","forced_two_terminal","lineage1",73.740871430162,1
"K183156_CELL4926_N5","forced_two_terminal","lineage1",75.4243422501908,1
"K183156_CELL4970_N3","forced_two_terminal","lineage1",82.8084964022606,1
"K183156_CELL5033_N2","forced_two_terminal","lineage1",64.8095326186426,0.495891632551802
"K183156_CELL5062_N2","forced_two_terminal","lineage1",77.280819581227,1
"K183156_CELL5063_N3","forced_two_terminal","lineage1",69.3203120058003,1
"K183156_CELL5156_N2","forced_two_terminal","lineage1",73.1406967889703,1
"K183156_CELL5164_N2","forced_two_terminal","lineage1",64.9227250323031,1
"K183156_CELL5178_N2","forced_two_terminal","lineage1",78.3254652788488,1
"K183156_CELL5230_N3","forced_two_terminal","lineage1",75.5078549399142,1
"K183156_CELL5234_N3","forced_two_terminal","lineage1",63.6835901901803,1
"K183156_CELL5237_N4","forced_two_terminal","lineage1",79.0246657572965,1
"K183156_CELL5261_N4","forced_two_terminal","lineage1",74.2564956729219,1
"K183156_CELL5282_N4","forced_two_terminal","lineage1",80.7641481186897,1
"K183156_CELL5296_N5","forced_two_terminal","lineage1",82.8084964022606,1
"K183156_CELL5331_N2","forced_two_terminal","lineage1",68.9953392423002,1
"K183156_CELL5391_N3","forced_two_terminal","lineage1",82.8084964022606,1
"K183156_CELL5395_N2","forced_two_terminal","lineage1",45.9600124219022,0.991227665764941
"K183156_CELL5401_N4","forced_two_terminal","lineage1",72.0630067400476,1
"K183156_CELL5416_N2","forced_two_terminal","lineage1",NA,0
"K183156_CELL5429_N3","forced_two_terminal","lineage1",71.5815998953743,1
"K183156_CELL5448_N5","forced_two_terminal","lineage1",72.8075486301045,1
"K183156_CELL5527_N1","forced_two_terminal","lineage1",71.7535083061461,1
"K183156_CELL5538_N3","forced_two_terminal","lineage1",74.9013974226466,1
"K183156_CELL5560_N2","forced_two_terminal","lineage1",72.0860043902543,1
"K183156_CELL5595_N2","forced_two_terminal","lineage1",NA,0
"K183156_CELL5657_N3","forced_two_terminal","lineage1",NA,0
"K183156_CELL5696_N2","forced_two_terminal","lineage1",75.4885420354268,1
"K183156_CELL5725_N2","forced_two_terminal","lineage1",78.0724014208985,1
"K183156_CELL5765_N2","forced_two_terminal","lineage1",79.2275467667995,1
"K183156_CELL5796_N2","forced_two_terminal","lineage1",72.1362684370733,1
"K183156_CELL5802_N2","forced_two_terminal","lineage1",80.9692852857565,1
"K183156_CELL5859_N3","forced_two_terminal","lineage1",72.1362684370733,1
"K183156_CELL5863_N2","forced_two_terminal","lineage1",12.287196784136,1
"K183156_CELL5864_N4","forced_two_terminal","lineage1",67.6625124510039,1
"K183156_CELL5889_N3","forced_two_terminal","lineage1",70.4096576478702,1
"K183156_CELL5901_N2","forced_two_terminal","lineage1",NA,0
"K183156_CELL5919_N2","forced_two_terminal","lineage1",64.246335232441,0.694039973955371
"K183156_CELL5921_N3","forced_two_terminal","lineage1",NA,0
"K183156_CELL5930_N3","forced_two_terminal","lineage1",0,1
"K183156_CELL6004_N1","forced_two_terminal","lineage1",72.0283789556392,1
"K183156_CELL6040_N2","forced_two_terminal","lineage1",NA,0
"K183156_CELL6049_N2","forced_two_terminal","lineage1",74.7992050594676,1
"K183156_CELL6069_N4","forced_two_terminal","lineage1",82.8084964022606,1
"K183156_CELL6103_N3","forced_two_terminal","lineage1",31.3707776463655,1
"K183156_CELL6123_N3","forced_two_terminal","lineage1",49.3151590560009,1
"K183156_CELL6165_N3","forced_two_terminal","lineage1",46.3545432456271,1
"K183156_CELL6200_N3","forced_two_terminal","lineage1",68.0922061764399,1
"K183156_CELL6202_N6","forced_two_terminal","lineage1",71.9641506989425,1
"K183156_CELL6203_N4","forced_two_terminal","lineage1",64.246335232441,1
"K183156_CELL6238_N2","forced_two_terminal","lineage1",NA,0
"K183156_CELL6255_N3","forced_two_terminal","lineage1",66.5006356379253,1
"K183156_CELL6300_N4","forced_two_terminal","lineage1",73.2865446726387,1
"K183156_CELL6303_N2","forced_two_terminal","lineage1",48.1762465768215,0.989336741114416
"K183156_CELL6336_N2","forced_two_terminal","lineage1",70.373934619355,1
"K183156_CELL6421_N1","forced_two_terminal","lineage1",79.6371067487591,1
"K183156_CELL6484_N5","forced_two_terminal","lineage1",76.1553232787505,1
"K183156_CELL6512_N3","forced_two_terminal","lineage1",15.6755297686338,1
"K183156_CELL6587_N3","forced_two_terminal","lineage1",6.20565816143609,1
"K183156_CELL6598_N2","forced_two_terminal","lineage1",65.936747944665,1
"K183156_CELL6632_N3","forced_two_terminal","lineage1",74.4493638554837,1
"K183156_CELL6661_N3","forced_two_terminal","lineage1",69.6366162363753,1
"K183156_CELL6708_N2","forced_two_terminal","lineage1",9.92905910410699,0.99763749735086
"K183156_CELL6743_N3","forced_two_terminal","lineage1",57.6297585632793,1
"K183156_CELL6793_N2","forced_two_terminal","lineage1",14.4310333884195,1
"K183156_CELL6846_N3","forced_two_terminal","lineage1",70.4036522841909,1
"K183156_CELL6847_N2","forced_two_terminal","lineage1",79.0370220913074,1
"K183156_CELL6863_N2","forced_two_terminal","lineage1",76.6719425375672,1
"K183156_CELL6864_N2","forced_two_terminal","lineage1",7.84963383030982,1
"K183156_CELL6877_N2","forced_two_terminal","lineage1",63.1213976086532,1
"K183156_CELL6880_N3","forced_two_terminal","lineage1",82.8084964022606,1
"K183156_CELL6895_N3","forced_two_terminal","lineage1",70.7827725334205,1
"K183156_CELL6901_N2","forced_two_terminal","lineage1",82.8084964022606,1
"K183156_CELL6934_N3","forced_two_terminal","lineage1",69.916606255799,1
"K183156_CELL6963_N2","forced_two_terminal","lineage1",68.4782738615886,1
"K183156_CELL7069_N2","forced_two_terminal","lineage1",74.1064157269307,1
"K183156_CELL7158_N2","forced_two_terminal","lineage1",73.4056805237922,1
"K183156_CELL7161_N2","forced_two_terminal","lineage1",65.936747944665,0.876681132117067
"K183156_CELL7162_N1","forced_two_terminal","lineage1",NA,0
"K183156_CELL7191_N2","forced_two_terminal","lineage1",67.5021646453102,1
"K183156_CELL7217_N4","forced_two_terminal","lineage1",71.8645099179677,1
"K183156_CELL7304_N2","forced_two_terminal","lineage1",67.7851053480375,1
"K183156_CELL7334_N1","forced_two_terminal","lineage1",71.5734991761363,1
"K183156_CELL7359_N4","forced_two_terminal","lineage1",NA,0
"K183156_CELL7363_N2","forced_two_terminal","lineage1",59.7613611534906,0.844241135480893
"K183156_CELL7392_N2","forced_two_terminal","lineage1",66.3940471762336,1
"K183156_CELL7395_N4","forced_two_terminal","lineage1",76.1143908547605,1
"K183156_CELL7397_N3","forced_two_terminal","lineage1",71.1728022560316,1
"K183156_CELL7420_N2","forced_two_terminal","lineage1",64.246335232441,0.685309028743185
"K183156_CELL7439_N2","forced_two_terminal","lineage1",70.4473221697421,1
"K183156_CELL7455_N5","forced_two_terminal","lineage1",68.3056196810301,1
"K183156_CELL7463_N3","forced_two_terminal","lineage1",73.5158643829742,1
"K183156_CELL7468_N3","forced_two_terminal","lineage1",64.0771675216898,0.688074470286237
"K183156_CELL7483_N2","forced_two_terminal","lineage1",76.6989826944534,1
"K183156_CELL7486_N2","forced_two_terminal","lineage1",64.246335232441,1
"K183156_CELL7503_N3","forced_two_terminal","lineage1",11.4928833631241,1
"K183156_CELL7515_N2","forced_two_terminal","lineage1",74.9500561883133,1
"K183156_CELL7536_N2","forced_two_terminal","lineage1",79.3650832686491,1
"K183156_CELL7554_N2","forced_two_terminal","lineage1",74.211978656689,1
"K183156_CELL7586_N3","forced_two_terminal","lineage1",68.3097541488851,1
"K183156_CELL7640_N2","forced_two_terminal","lineage1",69.8750456446787,1
"K183156_CELL7666_N2","forced_two_terminal","lineage1",70.6502155391628,1
"K183156_CELL7691_N4","forced_two_terminal","lineage1",61.9988233162233,0.883829664327682
"K183156_CELL7755_N2","forced_two_terminal","lineage1",74.6093534670719,1
"K183156_CELL7814_N3","forced_two_terminal","lineage1",82.383639675064,1
"K183156_CELL7819_N2","forced_two_terminal","lineage1",76.5466845542749,1
"K183156_CELL7822_N2","forced_two_terminal","lineage1",NA,0
"K183156_CELL7832_N1","forced_two_terminal","lineage1",NA,0
"K183156_CELL7842_N2","forced_two_terminal","lineage1",NA,0
"K183156_CELL7844_N3","forced_two_terminal","lineage1",61.1728496603632,1
"K183156_CELL7856_N2","forced_two_terminal","lineage1",79.2337106631332,1
"K183156_CELL7863_N2","forced_two_terminal","lineage1",75.0792617303381,1
"K183156_CELL7890_N3","forced_two_terminal","lineage1",NA,0
"K183156_CELL7899_N3","forced_two_terminal","lineage1",4.90487971485419,1
"K183156_CELL7912_N2","forced_two_terminal","lineage1",65.2607317747342,1
"K183156_CELL7923_N4","forced_two_terminal","lineage1",58.9769674553683,1
"K183156_CELL7942_N2","forced_two_terminal","lineage1",82.8084964022606,1
"K183156_CELL8057_N3","forced_two_terminal","lineage1",NA,0
"K183156_CELL8067_N2","forced_two_terminal","lineage1",69.4896408262162,1
"K183156_CELL8069_N4","forced_two_terminal","lineage1",78.2507282629921,1
"K183156_CELL8077_N1","forced_two_terminal","lineage1",60.6711286493839,0.736788125007014
"K183156_CELL8086_N3","forced_two_terminal","lineage1",3.47469871899026,1
"K183156_CELL8087_N1","forced_two_terminal","lineage1",NA,0
"K183156_CELL8097_N2","forced_two_terminal","lineage1",4.38066342826869,1
"K183156_CELL8111_N5","forced_two_terminal","lineage1",69.5672879019944,1
"K183156_CELL8140_N3","forced_two_terminal","lineage1",18.746803039342,1
"K183156_CELL8146_N3","forced_two_terminal","lineage1",NA,0
"K183156_CELL8150_N3","forced_two_terminal","lineage1",74.5672967976517,1
"K183156_CELL8275_N2","forced_two_terminal","lineage1",17.9436443477343,0.973822543719541
"K183156_CELL8347_N4","forced_two_terminal","lineage1",68.7993630205312,1
"K183156_CELL8382_N2","forced_two_terminal","lineage1",82.8084964022606,1
"K183156_CELL8384_N4","forced_two_terminal","lineage1",64.8095326186426,1
"K183156_CELL8387_N3","forced_two_terminal","lineage1",65.8222758585166,0.785967296650103
"K183156_CELL8409_N4","forced_two_terminal","lineage1",0,1
"K183156_CELL8433_N2","forced_two_terminal","lineage1",68.669433431032,1
"K183156_CELL8459_N3","forced_two_terminal","lineage1",65.9715228939862,1
"K183156_CELL8460_N3","forced_two_terminal","lineage1",65.3730266791946,1
"K183156_CELL8479_N4","forced_two_terminal","lineage1",0,1
"K183156_CELL8485_N3","forced_two_terminal","lineage1",71.0105208560589,1
"K183156_CELL8500_N3","forced_two_terminal","lineage1",74.7088824750058,1
"K183156_CELL8545_N2","forced_two_terminal","lineage1",0,1
"K183156_CELL8569_N6","forced_two_terminal","lineage1",80.462909150905,0.925813871575718
"K183156_CELL8573_N2","forced_two_terminal","lineage1",0.155745870762299,1
"K183156_CELL8667_N2","forced_two_terminal","lineage1",77.1009991625092,1
"K183156_CELL8703_N2","forced_two_terminal","lineage1",24.2415345456375,0.968280252955439
"K183156_CELL8708_N2","forced_two_terminal","lineage1",66.3229388048884,1
"K183156_CELL8712_N2","forced_two_terminal","lineage1",0,1
"K183156_CELL8714_N5","forced_two_terminal","lineage1",66.2619725189456,1
"K183156_CELL8726_N2","forced_two_terminal","lineage1",80.5770959807459,1
"K183156_CELL8731_N2","forced_two_terminal","lineage1",69.8518525785424,1
"K183156_CELL8769_N3","forced_two_terminal","lineage1",19.8784234652222,1
"K183156_CELL8823_N4","forced_two_terminal","lineage1",80.7209439385693,1
"K183156_CELL8887_N2","forced_two_terminal","lineage1",70.8240389313739,1
"K183156_CELL8902_N2","forced_two_terminal","lineage1",78.0772445366218,1
"K183156_CELL8924_N5","forced_two_terminal","lineage1",63.9881104459583,1
"K183156_CELL8949_N3","forced_two_terminal","lineage1",74.6294812121802,0.891948941853242
"K183156_CELL8967_N3","forced_two_terminal","lineage1",70.8389694480394,1
"K183156_CELL9021_N3","forced_two_terminal","lineage1",3.34804196717365,1
"K183156_CELL9044_N2","forced_two_terminal","lineage1",79.9828535830449,1
"K183156_CELL9071_N2","forced_two_terminal","lineage1",NA,0
"K183156_CELL9073_N3","forced_two_terminal","lineage1",0,1
"K183156_CELL9090_N3","forced_two_terminal","lineage1",77.8800396700563,1
"K183156_CELL9091_N2","forced_two_terminal","lineage1",68.7565396846254,1
"K183156_CELL9118_N2","forced_two_terminal","lineage1",67.1201666742322,1
"K183156_CELL9124_N2","forced_two_terminal","lineage1",0,1
"K183156_CELL9134_N2","forced_two_terminal","lineage1",77.7098869156968,1
"K183156_CELL9175_N3","forced_two_terminal","lineage1",72.8873816327371,1
"K183156_CELL9198_N5","forced_two_terminal","lineage1",72.1362684370733,1
"K183156_CELL9234_N2","forced_two_terminal","lineage1",16.792788015431,0.988982004221642
"K183156_CELL9292_N2","forced_two_terminal","lineage1",65.9232109251973,1
"K183156_CELL9303_N3","forced_two_terminal","lineage1",72.1362684370733,1
"K183156_CELL9338_N2","forced_two_terminal","lineage1",70.5871970012052,1
"K183156_CELL9361_N3","forced_two_terminal","lineage1",70.1288039681447,1
"K183156_CELL9400_N1","forced_two_terminal","lineage1",75.1384726968689,1
"K183156_CELL9528_N2","forced_two_terminal","lineage1",74.8154866370861,1
"K183156_CELL9530_N2","forced_two_terminal","lineage1",47.4441247985067,1
"K183156_CELL9631_N3","forced_two_terminal","lineage1",69.1074166243188,1
"K183156_CELL9670_N3","forced_two_terminal","lineage1",72.4281217963426,1
"K183156_CELL9676_N2","forced_two_terminal","lineage1",68.473030234553,1
"K183156_CELL9705_N2","forced_two_terminal","lineage1",82.1941131112492,1
"K183156_CELL9749_N3","forced_two_terminal","lineage1",79.3150019854519,1
"K183156_CELL9858_N2","forced_two_terminal","lineage1",61.4339294866487,0.728746237426668
"K183156_CELL9873_N2","forced_two_terminal","lineage1",NA,0
"K183156_CELL9912_N2","forced_two_terminal","lineage1",61.7420342846851,0.479809133086453
"K183156_CELL9948_N3","forced_two_terminal","lineage1",65.2200135078619,1
"K183156_CELL9963_N2","forced_two_terminal","lineage1",9.1486788985163,1
"K183156_CELL10005_N3","forced_two_terminal","lineage1",67.7261459799882,1
"K183156_CELL10056_N2","forced_two_terminal","lineage1",80.4718232406609,1
"K183156_CELL10068_N2","forced_two_terminal","lineage1",79.3083468657802,1
"K183156_CELL10092_N2","forced_two_terminal","lineage1",73.823414469704,1
"K183156_CELL10100_N2","forced_two_terminal","lineage1",78.8675119964765,1
"K183156_CELL10113_N2","forced_two_terminal","lineage1",63.66208568032,0.88802538395626
"K183156_CELL10114_N2","forced_two_terminal","lineage1",81.2581462664688,1
"K183156_CELL10129_N3","forced_two_terminal","lineage1",75.1820114813565,1
"K183156_CELL10134_N1","forced_two_terminal","lineage1",71.9719521027778,1
"K183156_CELL10141_N1","forced_two_terminal","lineage1",NA,0
"K183156_CELL10191_N3","forced_two_terminal","lineage1",61.9988233162233,1
"K183156_CELL10230_N2","forced_two_terminal","lineage1",62.9963153918883,0.707080940053747
"K183156_CELL10303_N2","forced_two_terminal","lineage1",73.2186633432649,1
"K183156_CELL10313_N2","forced_two_terminal","lineage1",15.9458478370381,1
"K183156_CELL10323_N3","forced_two_terminal","lineage1",82.5660979526901,1
"K183156_CELL10410_N3","forced_two_terminal","lineage1",NA,0
"K183156_CELL10420_N1","forced_two_terminal","lineage1",76.7519366234551,1
"K183156_CELL10463_N1","forced_two_terminal","lineage1",67.9493113131467,1
"K183156_CELL10464_N2","forced_two_terminal","lineage1",70.6158815923751,1
"K183156_CELL10486_N2","forced_two_terminal","lineage1",76.4145396274721,1
"K183156_CELL10502_N2","forced_two_terminal","lineage1",80.7223886764288,1
"K183156_CELL10524_N2","forced_two_terminal","lineage1",1.42093341520447,1
"K183156_CELL10559_N2","forced_two_terminal","lineage1",41.2169351356375,0.989054621233386
"K183156_CELL10618_N2","forced_two_terminal","lineage1",72.21053759606,1
"K183156_CELL10656_N3","forced_two_terminal","lineage1",64.1891155734162,1
"K183156_CELL10672_N2","forced_two_terminal","lineage1",NA,0
"K183156_CELL10700_N2","forced_two_terminal","lineage1",0,1
"K183156_CELL10734_N1","forced_two_terminal","lineage1",71.3238096426845,1
"K183156_CELL10741_N3","forced_two_terminal","lineage1",70.8899588404049,1
"K183156_CELL10798_N3","forced_two_terminal","lineage1",72.6988402313399,1
"K183156_CELL10804_N2","forced_two_terminal","lineage1",66.9792002765297,1
"K183156_CELL10857_N2","forced_two_terminal","lineage1",68.1087624280557,1
"K183156_CELL10880_N3","forced_two_terminal","lineage1",72.9250993397462,1
"K183156_CELL10893_N2","forced_two_terminal","lineage1",82.8084964022606,1
"K183156_CELL10917_N2","forced_two_terminal","lineage1",66.1863416614706,1
"K183156_CELL10943_N2","forced_two_terminal","lineage1",78.0985411559361,1
"K183156_CELL10948_N2","forced_two_terminal","lineage1",75.403782356244,1
"K183156_CELL10971_N2","forced_two_terminal","lineage1",74.8664555384767,1
"K183156_CELL11012_N2","forced_two_terminal","lineage1",65.936747944665,1
"K183156_CELL11032_N2","forced_two_terminal","lineage1",69.4686304319135,1
"K183156_CELL11044_N2","forced_two_terminal","lineage1",66.7757456137996,1
"K183156_CELL11054_N2","forced_two_terminal","lineage1",82.8084964022606,1
"K183156_CELL11075_N2","forced_two_terminal","lineage1",78.5198296765733,1
"K183156_CELL11129_N1","forced_two_terminal","lineage1",73.9280892129034,1
"K183156_CELL11132_N2","forced_two_terminal","lineage1",74.3978062274313,1
"K183156_CELL11390_N1","forced_two_terminal","lineage1",77.6776299304127,1
"K183156_CELL11394_N2","forced_two_terminal","lineage1",0,1
"K183156_CELL11445_N2","forced_two_terminal","lineage1",NA,0
"K183156_CELL11448_N1","forced_two_terminal","lineage1",67.7700403144469,1
"K183156_CELL11461_N1","forced_two_terminal","lineage1",82.560781070706,1
"K183156_CELL11491_N2","forced_two_terminal","lineage1",67.1251960435717,1
"K183156_CELL11498_N2","forced_two_terminal","lineage1",71.1696376507601,1
"K183156_CELL11528_N1","forced_two_terminal","lineage1",72.1483580160144,1
"K183156_CELL11549_N2","forced_two_terminal","lineage1",19.4827293824696,1
"K183156_CELL11619_N2","forced_two_terminal","lineage1",NA,0
"K183156_CELL11644_N2","forced_two_terminal","lineage1",NA,0
"K183156_CELL11704_N2","forced_two_terminal","lineage1",77.8219939383805,1
"K183156_CELL12023_N1","forced_two_terminal","lineage1",81.7152318991417,1
"K183156_CELL12027_N1","forced_two_terminal","lineage1",79.6089590811528,1
"K183156_CELL12143_N1","forced_two_terminal","lineage1",62.1950953935842,0.891106629191302
"K183156_CELL12180_N1","forced_two_terminal","lineage1",71.929330441335,1
"K183156_CELL12370_N1","forced_two_terminal","lineage1",78.0454788636568,1
"K183156_CELL12402_N1","forced_two_terminal","lineage1",70.6667806212717,1
"K183156_CELL12553_N1","forced_two_terminal","lineage1",18.5630550200253,1
"K183156_CELL12562_N1","forced_two_terminal","lineage1",NA,0
"K183156_CELL12572_N1","forced_two_terminal","lineage1",65.1749976469828,1
"K183156_CELL12703_N1","forced_two_terminal","lineage1",64.6417812609196,1
"K183156_CELL12938_N1","forced_two_terminal","lineage1",73.2612126761173,1
"K183156_CELL12940_N1","forced_two_terminal","lineage1",76.025328907246,1
"K183156_CELL13119_N1","forced_two_terminal","lineage1",62.7796580731727,1
"K183156_CELL13185_N1","forced_two_terminal","lineage1",71.0007290517821,1
"K183156_CELL13243_N1","forced_two_terminal","lineage1",65.2859782912884,1
"K183156_CELL13274_N1","forced_two_terminal","lineage1",65.6126721856963,1
"K183156_CELL13530_N1","forced_two_terminal","lineage1",NA,0
"K183156_CELL13594_N1","forced_two_terminal","lineage1",46.5072898051948,0.981694605138947
"K183156_CELL13600_N1","forced_two_terminal","lineage1",76.1868142551081,1
"K183156_CELL13616_N1","forced_two_terminal","lineage1",68.1401043742952,1
"K183156_CELL13701_N1","forced_two_terminal","lineage1",77.0381756119173,1
"K183156_CELL13735_N1","forced_two_terminal","lineage1",NA,0
"K183156_CELL13742_N1","forced_two_terminal","lineage1",67.0646277735167,1
"K183156_CELL13746_N1","forced_two_terminal","lineage1",71.7095106209264,1
"K183156_CELL13813_N1","forced_two_terminal","lineage1",74.35267931494,1
"K183156_CELL13904_N1","forced_two_terminal","lineage1",64.6278341876638,0.962263208399976
"K183156_CELL13915_N1","forced_two_terminal","lineage1",NA,0
"K183156_CELL14109_N1","forced_two_terminal","lineage1",62.3500136484988,0.571708981193762
"K183156_CELL14120_N1","forced_two_terminal","lineage1",78.4126626109318,1
"K183156_CELL14220_N1","forced_two_terminal","lineage1",68.0663598454072,1
"K183156_CELL14485_N1","forced_two_terminal","lineage1",47.3517379442442,0.978925923550166
"K183156_CELL14497_N1","forced_two_terminal","lineage1",47.4593778587526,0.996453315969162
"K183156_CELL14655_N1","forced_two_terminal","lineage1",9.19507309242823,0.985369412808513
"K183156_CELL14943_N1","forced_two_terminal","lineage1",62.4253837628775,0.739260886922522
"K183156_CELL15191_N1","forced_two_terminal","lineage1",70.9621492435936,1
"K183156_CELL15238_N1","forced_two_terminal","lineage1",7.96846860057904,1
"K183156_CELL15254_N1","forced_two_terminal","lineage1",24.0049133090059,1
"K183156_CELL15264_N1","forced_two_terminal","lineage1",77.5358372164149,1
"K183156_CELL15274_N1","forced_two_terminal","lineage1",64.54931384717,0.695246989484714
"K183156_CELL15399_N1","forced_two_terminal","lineage1",73.5358140588664,1
"K183156_CELL15403_N1","forced_two_terminal","lineage1",66.5006356379253,1
"K183156_CELL16060_N1","forced_two_terminal","lineage1",19.0678474455089,1
"K183156_CELL16096_N1","forced_two_terminal","lineage1",75.0975496867242,1
"K183156_CELL16111_N1","forced_two_terminal","lineage1",65.9509844162179,0.951962599227428
"K183156_CELL16229_N1","forced_two_terminal","lineage1",79.0389706882373,1
"K183156_CELL16234_N1","forced_two_terminal","lineage1",NA,0
"K183156_CELL16421_N1","forced_two_terminal","lineage1",72.411905405984,1
"K183156_CELL16445_N1","forced_two_terminal","lineage1",65.2517082270422,0.849576049131942
"K183156_CELL16653_N1","forced_two_terminal","lineage1",6.71608577798375,1
"K183156_CELL16786_N1","forced_two_terminal","lineage1",73.823414469704,1
"K183156_CELL16808_N1","forced_two_terminal","lineage1",75.6152912128516,1
"K183156_CELL16910_N1","forced_two_terminal","lineage1",77.9755755979526,1
"K183156_CELL16917_N1","forced_two_terminal","lineage1",68.5507111884733,1
"K183156_CELL16948_N1","forced_two_terminal","lineage1",NA,0
"K183156_CELL17030_N1","forced_two_terminal","lineage1",0.449279679022508,1
"K183156_CELL17401_N1","forced_two_terminal","lineage1",13.2133665053879,1
"K183156_CELL17512_N1","forced_two_terminal","lineage1",80.2111694361137,1
"K183156_CELL17642_N1","forced_two_terminal","lineage1",74.7969992194939,1
"K183156_CELL17684_N1","forced_two_terminal","lineage1",82.3601785524008,1
"K183156_CELL17722_N1","forced_two_terminal","lineage1",75.6092111203911,1
"K183156_CELL17734_N1","forced_two_terminal","lineage1",71.4031151254638,1
"K183156_CELL18630_N1","forced_two_terminal","lineage1",77.0042139762661,0.578183959939888
"K183156_CELL18657_N1","forced_two_terminal","lineage1",82.2395992984132,1
"K183156_CELL18789_N1","forced_two_terminal","lineage1",23.2838534849273,1
"K183156_CELL18792_N1","forced_two_terminal","lineage1",80.0224794861731,1
"K183156_CELL18793_N1","forced_two_terminal","lineage1",82.8084964022606,1
"K183156_CELL19813_N1","forced_two_terminal","lineage1",75.8621267519095,1
"K183156_CELL19814_N1","forced_two_terminal","lineage1",82.7205799959518,1
"K183156_CELL19878_N1","forced_two_terminal","lineage1",76.9605741747552,1
"K183156_CELL20275_N1","forced_two_terminal","lineage1",81.8387666286515,1
"K183156_CELL20290_N1","forced_two_terminal","lineage1",60.8788289674003,0.812899772235498
"K183156_CELL20345_N1","forced_two_terminal","lineage1",63.1213976086532,0.65629249755262
"K183156_CELL20450_N1","forced_two_terminal","lineage1",73.9086201335881,1
"K183156_CELL20562_N1","forced_two_terminal","lineage1",75.5640320812962,1
"K183156_CELL20706_N1","forced_two_terminal","lineage1",75.541913453963,1
"K183156_CELL20789_N1","forced_two_terminal","lineage1",1.30003722897145,1
"K183156_CELL20985_N1","forced_two_terminal","lineage1",69.2100130620242,1
"K183156_CELL21168_N1","forced_two_terminal","lineage1",72.1743983914571,1
"K183156_CELL21516_N1","forced_two_terminal","lineage1",75.5200732579818,1
"K183156_CELL21521_N1","forced_two_terminal","lineage1",63.7207581396553,1
"K183156_CELL21648_N1","forced_two_terminal","lineage1",82.8084964022606,1
"K183156_CELL21667_N1","forced_two_terminal","lineage1",73.9104198967219,1
"K183156_CELL21715_N1","forced_two_terminal","lineage1",68.962225432918,1
"K183156_CELL21988_N1","forced_two_terminal","lineage1",76.9386476836669,1
"K183156_CELL22021_N1","forced_two_terminal","lineage1",22.7500288945648,1
"K183156_CELL22099_N1","forced_two_terminal","lineage1",76.1884680982373,1
"K183156_CELL22266_N1","forced_two_terminal","lineage1",71.5132743976656,1
"K183156_CELL22495_N1","forced_two_terminal","lineage1",82.8084964022606,1
"K183156_CELL22524_N1","forced_two_terminal","lineage1",68.4534056915661,1
"K183156_CELL22617_N1","forced_two_terminal","lineage1",NA,0
"K183156_CELL22643_N1","forced_two_terminal","lineage1",46.5072898051948,0.989445758756294
"K183156_CELL22720_N1","forced_two_terminal","lineage1",63.9906543344884,0.815834607030217
"K183156_CELL23175_N1","forced_two_terminal","lineage1",73.2482566953795,1
"K183156_CELL23273_N1","forced_two_terminal","lineage1",62.5598123605323,1
"K183156_CELL23386_N1","forced_two_terminal","lineage1",76.6292512718074,1
"K183156_CELL23524_N1","forced_two_terminal","lineage1",76.6325057538379,1
"K183156_CELL23808_N1","forced_two_terminal","lineage1",NA,0
"K183156_CELL23876_N1","forced_two_terminal","lineage1",77.8320816965392,1
"K183156_CELL24187_N1","forced_two_terminal","lineage1",NA,0
"K183156_CELL24214_N1","forced_two_terminal","lineage1",72.5277188627895,1
"K183156_CELL24301_N1","forced_two_terminal","lineage1",65.6409094542759,1
"K183156_CELL24762_N1","forced_two_terminal","lineage1",46.5072898051948,0.976186160479585
"K183156_CELL24977_N1","forced_two_terminal","lineage1",3.4310757199683,1
"K183156_CELL25010_N1","forced_two_terminal","lineage1",64.3690429675448,1
"K183156_CELL25144_N1","forced_two_terminal","lineage1",68.6416237139547,1
"K183156_CELL25363_N1","forced_two_terminal","lineage1",68.2351397959265,1
"K183156_CELL25423_N1","forced_two_terminal","lineage1",69.1014816905267,1
"K183156_CELL25737_N1","forced_two_terminal","lineage1",65.3317060491822,1
"K183156_CELL26172_N1","forced_two_terminal","lineage1",74.2006219069467,1
"K183156_CELL26269_N1","forced_two_terminal","lineage1",68.0843010944137,1
"K183156_CELL26381_N1","forced_two_terminal","lineage1",75.1677410883369,1
"K183156_CELL26435_N1","forced_two_terminal","lineage1",17.9511700546255,0.975729830876548
"K183156_CELL26465_N1","forced_two_terminal","lineage1",82.8084964022606,1
"K183156_CELL26500_N1","forced_two_terminal","lineage1",70.4372324080448,1
"K183156_CELL26953_N1","forced_two_terminal","lineage1",75.2451193074731,1
"K183156_CELL26993_N1","forced_two_terminal","lineage1",56.8698041106834,1
"K183156_CELL27570_N1","forced_two_terminal","lineage1",64.4269934442477,1
"K183156_CELL27743_N1","forced_two_terminal","lineage1",75.7618523903009,1
"K183156_CELL27800_N1","forced_two_terminal","lineage1",55.1191735265472,1
"K183156_CELL27868_N1","forced_two_terminal","lineage1",47.0552486790668,1
"K183156_CELL27961_N1","forced_two_terminal","lineage1",64.246335232441,1
"K183156_CELL28048_N1","forced_two_terminal","lineage1",66.6601908809372,1
"K183156_CELL28084_N1","forced_two_terminal","lineage1",7.13902153732133,1
"K183156_CELL28271_N1","forced_two_terminal","lineage1",73.8529642721136,1
"K183156_CELL28277_N1","forced_two_terminal","lineage1",67.9269162548053,1
"K183156_CELL28434_N1","forced_two_terminal","lineage1",66.5006356379253,1
"K183156_CELL28511_N1","forced_two_terminal","lineage1",65.3975212605382,1
"K183156_CELL28650_N1","forced_two_terminal","lineage1",18.3323049847837,1
"K183156_CELL28725_N1","forced_two_terminal","lineage1",17.1969239644566,1
"K183156_CELL28774_N1","forced_two_terminal","lineage1",72.8016797283353,1
"K183156_CELL28889_N1","forced_two_terminal","lineage1",66.2607164879118,1
"K183156_CELL29055_N1","forced_two_terminal","lineage1",NA,0
"K183156_CELL29107_N1","forced_two_terminal","lineage1",NA,0
"K183156_CELL29144_N1","forced_two_terminal","lineage1",0,1
"K183156_CELL29247_N1","forced_two_terminal","lineage1",63.2236670823863,0.845656387339471
"K183156_CELL29350_N1","forced_two_terminal","lineage1",72.7162540586632,1
"K183156_CELL29405_N1","forced_two_terminal","lineage1",68.6879020042582,1
"K183156_CELL29464_N1","forced_two_terminal","lineage1",17.299452149557,0.98842834571007
"K183156_CELL29671_N1","forced_two_terminal","lineage1",65.2470951138474,1
"K183156_CELL29753_N1","forced_two_terminal","lineage1",NA,0
"K183156_CELL29916_N1","forced_two_terminal","lineage1",66.1921363471457,1
"K183156_CELL29934_N1","forced_two_terminal","lineage1",3.24588974516015,1
"K183156_CELL30145_N1","forced_two_terminal","lineage1",NA,0
"K183156_CELL30180_N1","forced_two_terminal","lineage1",NA,0
"K183156_CELL31044_N1","forced_two_terminal","lineage1",14.9510780586576,0.997988834689155
"K183156_CELL31471_N1","forced_two_terminal","lineage1",72.231593272223,1
"K183156_CELL31584_N1","forced_two_terminal","lineage1",70.59061682145,1
"K183156_CELL31596_N1","forced_two_terminal","lineage1",NA,0
"K183156_CELL31644_N1","forced_two_terminal","lineage1",76.1357774035822,1
"K183156_CELL31729_N1","forced_two_terminal","lineage1",71.0112341588601,1
"K183156_CELL31924_N1","forced_two_terminal","lineage1",62.2907306407901,1
"K183156_CELL32069_N1","forced_two_terminal","lineage1",NA,0
"K183156_CELL32181_N1","forced_two_terminal","lineage1",67.7218951018716,1
"K183156_CELL32209_N1","forced_two_terminal","lineage1",2.16066053667333,1
"K183261_CELL782_N3","forced_two_terminal","lineage1",69.2632207593082,1
"K183261_CELL831_N2","forced_two_terminal","lineage1",63.1213976086532,0.960162472441156
"K183261_CELL1053_N6","forced_two_terminal","lineage1",74.5855069029858,1
"K183261_CELL1385_N2","forced_two_terminal","lineage1",60.6277169270222,0.825232231292335
"K183261_CELL1474_N3","forced_two_terminal","lineage1",3.56225953727239,0.980811670229721
"K183261_CELL1794_N4","forced_two_terminal","lineage1",72.0664911761045,1
"K183261_CELL1909_N4","forced_two_terminal","lineage1",17.415273845077,0.948178309369928
"K183261_CELL1937_N4","forced_two_terminal","lineage1",57.8375596856184,1
"K183261_CELL2058_N2","forced_two_terminal","lineage1",70.9186235390202,1
"K183261_CELL2230_N5","forced_two_terminal","lineage1",70.7341893136665,1
"K183261_CELL2234_N4","forced_two_terminal","lineage1",59.2035647514184,0.858516142942301
"K183261_CELL2264_N3","forced_two_terminal","lineage1",80.1504447912993,1
"K183261_CELL2301_N2","forced_two_terminal","lineage1",NA,0
"K183261_CELL3150_N2","forced_two_terminal","lineage1",71.5734991761363,1
"K183261_CELL3380_N4","forced_two_terminal","lineage1",62.0711610648224,0.956624632722748
"K183261_CELL3662_N6","forced_two_terminal","lineage1",63.1357650190295,0.95544996167282
"K183261_CELL3774_N3","forced_two_terminal","lineage1",62.1970624238859,1
"K183261_CELL4138_N3","forced_two_terminal","lineage1",0,1
"K183261_CELL4247_N4","forced_two_terminal","lineage1",32.2909592211448,1
"K183261_CELL4530_N7","forced_two_terminal","lineage1",81.0073668811112,1
"K183261_CELL4642_N3","forced_two_terminal","lineage1",71.2000350607793,1
"K183261_CELL4741_N3","forced_two_terminal","lineage1",63.3385271654636,0.792227454260769
"K183261_CELL5112_N2","forced_two_terminal","lineage1",66.9683946265547,1
"K183261_CELL5265_N2","forced_two_terminal","lineage1",14.1213616714819,0.971599848972455
"K183261_CELL5296_N2","forced_two_terminal","lineage1",63.2216199129983,1
"K183261_CELL6116_N2","forced_two_terminal","lineage1",61.4385050134493,1
"K183261_CELL6202_N3","forced_two_terminal","lineage1",72.9562956153903,1
"K183261_CELL7358_N2","forced_two_terminal","lineage1",77.862495432984,1
"K183261_CELL7359_N1","forced_two_terminal","lineage1",NA,0
"K183261_CELL8615_N4","forced_two_terminal","lineage1",62.4547405193183,1
"K183261_CELL9070_N3","forced_two_terminal","lineage1",71.5734991761363,1
"K183261_CELL9269_N3","forced_two_terminal","lineage1",70.406819768586,1
"K183261_CELL9511_N3","forced_two_terminal","lineage1",66.3981777547744,1
"K183261_CELL9537_N3","forced_two_terminal","lineage1",44.8668373124715,1
"K183261_CELL9555_N2","forced_two_terminal","lineage1",61.7895697761711,1
"K183261_CELL9812_N4","forced_two_terminal","lineage1",62.9872974024105,1
"K183261_CELL9904_N2","forced_two_terminal","lineage1",58.6464115419807,0.941357414664232
"K183261_CELL10261_N1","forced_two_terminal","lineage1",74.3854617078688,1
"K183261_CELL12047_N1","forced_two_terminal","lineage1",1.62653635262324,1
"K183261_CELL13785_N1","forced_two_terminal","lineage1",62.6146035913785,1
"K183261_CELL17149_N1","forced_two_terminal","lineage1",NA,0
"K183261_CELL17959_N1","forced_two_terminal","lineage1",1.94833823260476,1
"K183261_CELL19488_N1","forced_two_terminal","lineage1",16.5460654085696,0.990510998268201
"K183261_CELL20828_N1","forced_two_terminal","lineage1",64.581294681088,1
"K183261_CELL26267_N1","forced_two_terminal","lineage1",59.4487117397809,1
"K183261_CELL30227_N1","forced_two_terminal","lineage1",16.5175091464707,1
"K183261_CELL34896_N1","forced_two_terminal","lineage1",41.0526821783091,0.957901050119251
"K183261_CELL36106_N1","forced_two_terminal","lineage1",63.1213976086532,0.784128950544297
"K183261_CELL37268_N1","forced_two_terminal","lineage1",58.6089714128913,1
"K712771_CELL329_N4","forced_two_terminal","lineage1",74.0883448868532,1
"K712771_CELL502_N3","forced_two_terminal","lineage1",33.4706818972193,0.886323881506288
"K712771_CELL710_N4","forced_two_terminal","lineage1",66.6402619035482,1
"K712771_CELL834_N1","forced_two_terminal","lineage1",NA,0
"K712771_CELL859_N6","forced_two_terminal","lineage1",61.3465742162241,0.490382638195821
"K712771_CELL1003_N2","forced_two_terminal","lineage1",72.2108893191317,1
"K712771_CELL1279_N4","forced_two_terminal","lineage1",69.8415130354931,1
"K712771_CELL1351_N2","forced_two_terminal","lineage1",73.7682627249446,1
"K712771_CELL1464_N4","forced_two_terminal","lineage1",64.246335232441,1
"K712771_CELL1603_N2","forced_two_terminal","lineage1",62.5301254006433,1
"K712771_CELL1806_N3","forced_two_terminal","lineage1",NA,0
"K712771_CELL1977_N5","forced_two_terminal","lineage1",77.1052508876181,1
"K712771_CELL1989_N4","forced_two_terminal","lineage1",5.83767083419453,1
"K712771_CELL1996_N3","forced_two_terminal","lineage1",62.9026922190234,1
"K712771_CELL2224_N4","forced_two_terminal","lineage1",64.8673592130481,1
"K712771_CELL2493_N7","forced_two_terminal","lineage1",81.6772858330017,1
"K712771_CELL2762_N5","forced_two_terminal","lineage1",NA,0
"K712771_CELL3052_N3","forced_two_terminal","lineage1",69.3203120058003,1
"K712771_CELL3113_N2","forced_two_terminal","lineage1",63.0486379887107,1
"K712771_CELL3674_N3","forced_two_terminal","lineage1",NA,0
"K712771_CELL4138_N2","forced_two_terminal","lineage1",NA,0
"K712771_CELL4504_N2","forced_two_terminal","lineage1",71.9777119441575,1
"K712771_CELL5011_N4","forced_two_terminal","lineage1",60.2564287568586,1
"K712771_CELL5241_N2","forced_two_terminal","lineage1",60.6876826127555,1
"K712771_CELL5313_N2","forced_two_terminal","lineage1",62.7490847935542,1
"K712771_CELL5445_N4","forced_two_terminal","lineage1",61.4385050134493,1
"K712771_CELL5485_N1","forced_two_terminal","lineage1",NA,0
"K712771_CELL5492_N2","forced_two_terminal","lineage1",NA,0
"K712771_CELL5571_N3","forced_two_terminal","lineage1",76.5687377670016,1
"K712771_CELL5672_N2","forced_two_terminal","lineage1",74.5599335357475,1
"K712771_CELL5695_N3","forced_two_terminal","lineage1",71.0305810909296,1
"K712771_CELL6146_N1","forced_two_terminal","lineage1",70.8244059819872,1
"K712771_CELL6298_N2","forced_two_terminal","lineage1",39.3784074888194,0.993756543322913
"K712771_CELL6542_N3","forced_two_terminal","lineage1",70.2012911836391,1
"K712771_CELL6576_N2","forced_two_terminal","lineage1",61.4385050134493,0.488580342662126
"K712771_CELL6579_N2","forced_two_terminal","lineage1",NA,0
"K712771_CELL6732_N2","forced_two_terminal","lineage1",80.4420244393651,1
"K712771_CELL6787_N2","forced_two_terminal","lineage1",70.5211146919033,1
"K712771_CELL6857_N3","forced_two_terminal","lineage1",NA,0
"K712771_CELL7321_N4","forced_two_terminal","lineage1",72.5044562591207,1
"K712771_CELL7398_N2","forced_two_terminal","lineage1",64.8095326186426,1
"K712771_CELL7490_N2","forced_two_terminal","lineage1",71.3754401225022,1
"K712771_CELL8181_N2","forced_two_terminal","lineage1",NA,0
"K712771_CELL8397_N3","forced_two_terminal","lineage1",NA,0
"K712771_CELL8809_N1","forced_two_terminal","lineage1",64.0900482573557,1
"K712771_CELL8906_N2","forced_two_terminal","lineage1",75.7920184168409,1
"K712771_CELL8975_N2","forced_two_terminal","lineage1",59.5284407488908,0.660157547091842
"K712771_CELL9044_N2","forced_two_terminal","lineage1",66.6354523597873,1
"K712771_CELL9469_N1","forced_two_terminal","lineage1",61.0882299829759,1
"K712771_CELL9682_N5","forced_two_terminal","lineage1",78.412811532811,1
"K712771_CELL10156_N2","forced_two_terminal","lineage1",53.3277953243291,1
"K712771_CELL10795_N1","forced_two_terminal","lineage1",60.5413589087425,1
"K712771_CELL11078_N2","forced_two_terminal","lineage1",NA,0
"K712771_CELL11095_N3","forced_two_terminal","lineage1",82.11310274039,1
"K712771_CELL11452_N2","forced_two_terminal","lineage1",67.224811933242,1
"K712771_CELL11479_N2","forced_two_terminal","lineage1",63.5899287165549,1
"K712771_CELL11481_N2","forced_two_terminal","lineage1",63.6835901901803,1
"K712771_CELL11522_N3","forced_two_terminal","lineage1",NA,0
"K712771_CELL11558_N3","forced_two_terminal","lineage1",NA,0
"K712771_CELL11931_N2","forced_two_terminal","lineage1",78.0767352884944,1
"K712771_CELL12144_N2","forced_two_terminal","lineage1",76.992898307309,1
"K712771_CELL12364_N3","forced_two_terminal","lineage1",72.9071423792851,1
"K712771_CELL12466_N1","forced_two_terminal","lineage1",56.7351487143568,1
"K712771_CELL12512_N1","forced_two_terminal","lineage1",NA,0
"K712771_CELL12584_N2","forced_two_terminal","lineage1",57.153283383474,1
"K712771_CELL12890_N2","forced_two_terminal","lineage1",58.7694011465081,0.990788599263874
"K712771_CELL13133_N1","forced_two_terminal","lineage1",63.6835901901803,0.854409347063895
"K712771_CELL13267_N1","forced_two_terminal","lineage1",56.928416966208,1
"K712771_CELL13941_N1","forced_two_terminal","lineage1",NA,0
"K712771_CELL14353_N1","forced_two_terminal","lineage1",67.1478513657268,1
"K712771_CELL15190_N1","forced_two_terminal","lineage1",NA,0
"K712771_CELL15220_N1","forced_two_terminal","lineage1",61.2052346521186,0.597746567059944
"K712771_CELL16633_N1","forced_two_terminal","lineage1",62.6961242397172,1
"K712771_CELL16714_N1","forced_two_terminal","lineage1",NA,0
"K712771_CELL17064_N1","forced_two_terminal","lineage1",NA,0
"K712771_CELL17104_N1","forced_two_terminal","lineage1",8.36357335395293,1
"K712771_CELL17382_N1","forced_two_terminal","lineage1",NA,0
"K712771_CELL18078_N1","forced_two_terminal","lineage1",64.70138359459,1
"K712771_CELL18219_N1","forced_two_terminal","lineage1",73.3484654391867,1
"K712771_CELL19019_N1","forced_two_terminal","lineage1",NA,0
"K712771_CELL19429_N1","forced_two_terminal","lineage1",60.3197398168505,0.595706592269468
"K712771_CELL19483_N1","forced_two_terminal","lineage1",NA,0
"K712771_CELL20341_N1","forced_two_terminal","lineage1",66.672576664345,1
"K712771_CELL20624_N1","forced_two_terminal","lineage1",75.2538907105868,1
"K712771_CELL20715_N1","forced_two_terminal","lineage1",70.8934200329306,1
"K712771_CELL21116_N1","forced_two_terminal","lineage1",75.8468963399838,1
"K712771_CELL21319_N1","forced_two_terminal","lineage1",60.367184000497,0.804783418574852
"K712771_CELL21676_N1","forced_two_terminal","lineage1",61.4385050134493,0.740158075266417
"K712771_CELL21794_N1","forced_two_terminal","lineage1",5.22712838112628,1
"K712771_CELL22525_N1","forced_two_terminal","lineage1",NA,0
"K712771_CELL23153_N1","forced_two_terminal","lineage1",70.7868115906035,1
"K712771_CELL23672_N1","forced_two_terminal","lineage1",NA,0
"K712771_CELL23805_N1","forced_two_terminal","lineage1",61.4385050134493,0.477963426550793
"N176712_CELL1209_N3","forced_two_terminal","lineage1",NA,0
"N176712_CELL2777_N3","forced_two_terminal","lineage1",57.6478115018412,1
"N176712_CELL3232_N2","forced_two_terminal","lineage1",37.2690052716156,0.964997898571464
"N176712_CELL3900_N2","forced_two_terminal","lineage1",18.7277190527587,0.955116453267953
"N176712_CELL4364_N2","forced_two_terminal","lineage1",NA,0
"N176712_CELL5248_N3","forced_two_terminal","lineage1",40.2470302660152,1
"N176712_CELL6455_N2","forced_two_terminal","lineage1",18.6286267864159,0.940886629351079
"N176712_CELL6949_N3","forced_two_terminal","lineage1",22.9642683030363,0.687619897380016
"N176712_CELL9310_N1","forced_two_terminal","lineage1",45.3991610036215,1
"N176712_CELL14513_N1","forced_two_terminal","lineage1",NA,0
"N176712_CELL14881_N1","forced_two_terminal","lineage1",NA,0
"N177536_CELL99_N5","forced_two_terminal","lineage1",11.6820751619986,0.989721824849262
"N177536_CELL467_N2","forced_two_terminal","lineage1",55.4748823462457,1
"N177536_CELL641_N3","forced_two_terminal","lineage1",61.95945919764,0.677177346952856
"N177536_CELL1859_N3","forced_two_terminal","lineage1",6.66493016042356,0.984686179056317
"N177536_CELL2671_N2","forced_two_terminal","lineage1",20.4913286870548,0.962625000852372
"N177536_CELL3702_N2","forced_two_terminal","lineage1",44.372658631398,0.991511214945127
"N177536_CELL3817_N3","forced_two_terminal","lineage1",24.7210660330684,0.816896559123393
"N177536_CELL4444_N3","forced_two_terminal","lineage1",NA,0
"N177536_CELL4931_N3","forced_two_terminal","lineage1",58.2284538365957,0.88181137739929
"N177536_CELL5149_N2","forced_two_terminal","lineage1",57.2563891333539,0.954138936081881
"N177536_CELL5420_N3","forced_two_terminal","lineage1",31.367133926081,1
"N177536_CELL5535_N2","forced_two_terminal","lineage1",19.8060237363987,0.985324950544643
"N177536_CELL5547_N2","forced_two_terminal","lineage1",49.6986705780845,1
"N177536_CELL6495_N2","forced_two_terminal","lineage1",36.9310265945645,0.972526469729677
"N177536_CELL6881_N2","forced_two_terminal","lineage1",48.1571146063566,1
"N177536_CELL8407_N2","forced_two_terminal","lineage1",59.3795314002593,0.888704835713323
"N177536_CELL8499_N2","forced_two_terminal","lineage1",47.6294312110888,0.997932594185549
"N177536_CELL8756_N3","forced_two_terminal","lineage1",19.0239923537715,0.918488126450848
"N177536_CELL8831_N2","forced_two_terminal","lineage1",68.0881627201667,1
"N177536_CELL9609_N2","forced_two_terminal","lineage1",43.4559576609585,1
"N177536_CELL9771_N2","forced_two_terminal","lineage1",19.4827682089598,0.969566841554728
"N177536_CELL9976_N2","forced_two_terminal","lineage1",47.0552486790668,1
"N177536_CELL10205_N3","forced_two_terminal","lineage1",20.915811041194,0.949534028332382
"N177536_CELL10358_N2","forced_two_terminal","lineage1",57.3916448767835,1
"N177536_CELL11050_N3","forced_two_terminal","lineage1",NA,0
"N177536_CELL11056_N2","forced_two_terminal","lineage1",24.3711575098632,1
"N177536_CELL11528_N3","forced_two_terminal","lineage1",66.7201302424627,1
"N177536_CELL11941_N3","forced_two_terminal","lineage1",47.1252602438036,1
"N177536_CELL13121_N1","forced_two_terminal","lineage1",60.2870214723153,0.904706638397763
"N177536_CELL15883_N1","forced_two_terminal","lineage1",NA,0
"N177536_CELL16993_N1","forced_two_terminal","lineage1",49.6287640028227,1
"N177536_CELL17130_N1","forced_two_terminal","lineage1",51.4037353998432,1
"N177536_CELL18616_N1","forced_two_terminal","lineage1",70.0244205527622,1
"N177536_CELL19214_N1","forced_two_terminal","lineage1",44.9269810848071,0.990051645939037
"N177536_CELL19706_N1","forced_two_terminal","lineage1",34.8508434256268,0.991832692789283
"N177536_CELL20358_N1","forced_two_terminal","lineage1",NA,0
"N177536_CELL22589_N1","forced_two_terminal","lineage1",18.5096747469117,0.965527469428951
"N177536_CELL22836_N1","forced_two_terminal","lineage1",49.9464269277024,1
"N177536_CELL22977_N1","forced_two_terminal","lineage1",NA,0
"N177536_CELL23410_N1","forced_two_terminal","lineage1",35.6930477744134,0.973174088690737
"N177536_CELL25842_N1","forced_two_terminal","lineage1",NA,0
"N177536_CELL26198_N1","forced_two_terminal","lineage1",59.2426882861158,0.81652080028548
"N177536_CELL27559_N1","forced_two_terminal","lineage1",10.2767455337652,1
"N387690_CELL199_N3","forced_two_terminal","lineage1",47.6035681207157,1
"N387690_CELL228_N3","forced_two_terminal","lineage1",42.6436946167334,1
"N387690_CELL241_N3","forced_two_terminal","lineage1",35.3264896156465,0.969565661433347
"N387690_CELL304_N4","forced_two_terminal","lineage1",55.3159102150551,0.815395315126552
"N387690_CELL318_N4","forced_two_terminal","lineage1",NA,0
"N387690_CELL357_N3","forced_two_terminal","lineage1",34.6502614967441,0.946617179541647
"N387690_CELL370_N2","forced_two_terminal","lineage1",42.9468847566966,1
"N387690_CELL477_N3","forced_two_terminal","lineage1",44.3209770791421,1
"N387690_CELL532_N4","forced_two_terminal","lineage1",47.7133376143771,1
"N387690_CELL573_N2","forced_two_terminal","lineage1",47.0552486790668,1
"N387690_CELL669_N3","forced_two_terminal","lineage1",41.1138029066739,1
"N387690_CELL780_N3","forced_two_terminal","lineage1",29.4840866970994,0.846480453821481
"N387690_CELL787_N3","forced_two_terminal","lineage1",42.3512721479998,1
"N387690_CELL811_N2","forced_two_terminal","lineage1",44.8668373124715,1
"N387690_CELL939_N3","forced_two_terminal","lineage1",33.4399267079117,1
"N387690_CELL1036_N1","forced_two_terminal","lineage1",54.702133936483,0.890880627448838
"N387690_CELL1048_N2","forced_two_terminal","lineage1",38.784738725065,0.9902125358935
"N387690_CELL1082_N4","forced_two_terminal","lineage1",57.3087264593936,1
"N387690_CELL1182_N2","forced_two_terminal","lineage1",43.9880895633089,0.982661361419735
"N387690_CELL1198_N2","forced_two_terminal","lineage1",43.2303811156253,1
"N387690_CELL1312_N2","forced_two_terminal","lineage1",41.1266695197385,0.984797680923695
"N387690_CELL1336_N2","forced_two_terminal","lineage1",40.982705952151,1
"N387690_CELL1371_N2","forced_two_terminal","lineage1",36.8207190014087,0.955786400612758
"N387690_CELL1400_N2","forced_two_terminal","lineage1",56.0201012837556,1
"N387690_CELL1473_N3","forced_two_terminal","lineage1",27.4972936835412,0.979171431350069
"N387690_CELL1541_N4","forced_two_terminal","lineage1",36.5708983639044,0.995472101441381
"N387690_CELL1569_N3","forced_two_terminal","lineage1",44.7582785014782,1
"N387690_CELL1703_N2","forced_two_terminal","lineage1",34.5342349093566,0.960985885655536
"N387690_CELL1731_N3","forced_two_terminal","lineage1",46.7731046778786,1
"N387690_CELL1774_N3","forced_two_terminal","lineage1",46.2967217492636,1
"N387690_CELL1787_N3","forced_two_terminal","lineage1",45.9600124219022,1
"N387690_CELL1804_N4","forced_two_terminal","lineage1",45.8240573228514,1
"N387690_CELL1836_N3","forced_two_terminal","lineage1",40.3439415398789,0.906405562122583
"N387690_CELL1898_N4","forced_two_terminal","lineage1",36.3533574396201,1
"N387690_CELL2098_N2","forced_two_terminal","lineage1",41.8816720242989,1
"N387690_CELL2153_N3","forced_two_terminal","lineage1",56.4239216758867,0.870806192467417
"N387690_CELL2167_N2","forced_two_terminal","lineage1",47.0552486790668,1
"N387690_CELL2235_N5","forced_two_terminal","lineage1",36.1330158710753,0.987396586894967
"N387690_CELL2287_N3","forced_two_terminal","lineage1",41.0523266419998,0.973429515220007
"N387690_CELL2293_N4","forced_two_terminal","lineage1",41.5968007442482,1
"N387690_CELL2307_N2","forced_two_terminal","lineage1",44.2302317733349,1
"N387690_CELL2367_N3","forced_two_terminal","lineage1",48.4264268334307,1
"N387690_CELL2428_N2","forced_two_terminal","lineage1",50.9831373187122,1
"N387690_CELL2433_N2","forced_two_terminal","lineage1",36.2598818136391,1
"N387690_CELL2521_N2","forced_two_terminal","lineage1",45.5100196047095,1
"N387690_CELL2576_N3","forced_two_terminal","lineage1",45.1504202529811,1
"N387690_CELL2590_N3","forced_two_terminal","lineage1",39.9643353353899,0.984928246927157
"N387690_CELL2681_N2","forced_two_terminal","lineage1",48.1522921464611,1
"N387690_CELL2703_N2","forced_two_terminal","lineage1",33.2494955168077,0.967344780560179
"N387690_CELL2827_N2","forced_two_terminal","lineage1",46.071851386632,1
"N387690_CELL2934_N3","forced_two_terminal","lineage1",42.1412594039804,1
"N387690_CELL2939_N3","forced_two_terminal","lineage1",30.7474769475792,0.98831179684677
"N387690_CELL2976_N2","forced_two_terminal","lineage1",42.6857176174002,1
"N387690_CELL3003_N3","forced_two_terminal","lineage1",42.9992196669394,1
"N387690_CELL3134_N3","forced_two_terminal","lineage1",23.3966657469349,0.972617621540119
"N387690_CELL3274_N3","forced_two_terminal","lineage1",41.6756268656972,1
"N387690_CELL3328_N2","forced_two_terminal","lineage1",45.6866576972958,1
"N387690_CELL3396_N3","forced_two_terminal","lineage1",31.1058381521966,0.899060228308284
"N387690_CELL3416_N2","forced_two_terminal","lineage1",45.413314902474,1
"N387690_CELL3433_N4","forced_two_terminal","lineage1",52.7167404748889,0.943948449621397
"N387690_CELL3453_N2","forced_two_terminal","lineage1",47.1083268281766,1
"N387690_CELL3526_N5","forced_two_terminal","lineage1",42.3634695760222,1
"N387690_CELL3575_N2","forced_two_terminal","lineage1",48.7014347208633,1
"N387690_CELL3596_N2","forced_two_terminal","lineage1",48.1522921464611,1
"N387690_CELL3604_N2","forced_two_terminal","lineage1",53.1248865613309,0.830994621520288
"N387690_CELL3612_N4","forced_two_terminal","lineage1",45.413314902474,1
"N387690_CELL3631_N4","forced_two_terminal","lineage1",44.8733093422569,1
"N387690_CELL3735_N3","forced_two_terminal","lineage1",39.9942076946796,1
"N387690_CELL3873_N3","forced_two_terminal","lineage1",44.1967596317196,1
"N387690_CELL3902_N2","forced_two_terminal","lineage1",40.5043052173983,0.993489475609854
"N387690_CELL3923_N3","forced_two_terminal","lineage1",37.2462939354455,1
"N387690_CELL4047_N4","forced_two_terminal","lineage1",39.090999664357,0.94832634051614
"N387690_CELL4183_N2","forced_two_terminal","lineage1",30.640364230603,0.91223072641845
"N387690_CELL4356_N4","forced_two_terminal","lineage1",42.1462796178939,1
"N387690_CELL4456_N2","forced_two_terminal","lineage1",41.9378307882065,0.995974661194726
"N387690_CELL4592_N7","forced_two_terminal","lineage1",59.2035647514184,0.776106362238028
"N387690_CELL4736_N2","forced_two_terminal","lineage1",46.8993804660219,1
"N387690_CELL4752_N3","forced_two_terminal","lineage1",46.5072898051948,1
"N387690_CELL4803_N3","forced_two_terminal","lineage1",42.1412594039804,1
"N387690_CELL5015_N2","forced_two_terminal","lineage1",34.7464624089412,1
"N387690_CELL5034_N5","forced_two_terminal","lineage1",43.7476223618706,1
"N387690_CELL5095_N3","forced_two_terminal","lineage1",36.1265583370464,0.969589677853111
"N387690_CELL5103_N4","forced_two_terminal","lineage1",41.1068773981726,1
"N387690_CELL5147_N3","forced_two_terminal","lineage1",43.318383371993,1
"N387690_CELL5163_N3","forced_two_terminal","lineage1",41.7334090359686,0.990805975566252
"N387690_CELL5319_N3","forced_two_terminal","lineage1",55.8570033659707,1
"N387690_CELL5347_N4","forced_two_terminal","lineage1",43.6189647494411,1
"N387690_CELL5652_N2","forced_two_terminal","lineage1",30.9100079359857,0.863035023956861
"N387690_CELL5660_N3","forced_two_terminal","lineage1",45.9600124219022,1
"N387690_CELL5689_N2","forced_two_terminal","lineage1",47.053555862428,1
"N387690_CELL5726_N2","forced_two_terminal","lineage1",45.0444577922598,1
"N387690_CELL5772_N5","forced_two_terminal","lineage1",33.5201352512701,1
"N387690_CELL6006_N2","forced_two_terminal","lineage1",48.0029840511697,1
"N387690_CELL6059_N2","forced_two_terminal","lineage1",41.5906687531187,0.994704095367932
"N387690_CELL6261_N3","forced_two_terminal","lineage1",39.9643353353899,0.985689801610777
"N387690_CELL6304_N2","forced_two_terminal","lineage1",44.4465900502544,1
"N387690_CELL6362_N2","forced_two_terminal","lineage1",47.6290835265444,1
"N387690_CELL6518_N4","forced_two_terminal","lineage1",37.6043892405782,1
"N387690_CELL6594_N2","forced_two_terminal","lineage1",43.7494255784707,1
"N387690_CELL6668_N2","forced_two_terminal","lineage1",46.6425961676639,0.985089931125624
"N387690_CELL6871_N2","forced_two_terminal","lineage1",38.5585098342274,0.996540723960595
"N387690_CELL6935_N4","forced_two_terminal","lineage1",35.0636349352617,1
"N387690_CELL6951_N3","forced_two_terminal","lineage1",38.8187379885245,1
"N387690_CELL7016_N2","forced_two_terminal","lineage1",42.0407679106962,1
"N387690_CELL7026_N2","forced_two_terminal","lineage1",43.0401236008204,1
"N387690_CELL7096_N2","forced_two_terminal","lineage1",41.2686369103745,1
"N387690_CELL7121_N2","forced_two_terminal","lineage1",45.0251877060348,1
"N387690_CELL7143_N3","forced_two_terminal","lineage1",37.6816242342242,1
"N387690_CELL7176_N3","forced_two_terminal","lineage1",45.413314902474,1
"N387690_CELL7208_N2","forced_two_terminal","lineage1",58.6464115419807,0.846599969794974
"N387690_CELL7473_N3","forced_two_terminal","lineage1",42.6857176174002,1
"N387690_CELL7509_N2","forced_two_terminal","lineage1",33.9996404416104,1
"N387690_CELL7538_N2","forced_two_terminal","lineage1",40.0301432311207,0.981865407518077
"N387690_CELL7573_N3","forced_two_terminal","lineage1",48.1702838185303,1
"N387690_CELL7647_N3","forced_two_terminal","lineage1",48.8651172964366,1
"N387690_CELL7825_N2","forced_two_terminal","lineage1",41.6723250201546,1
"N387690_CELL7852_N2","forced_two_terminal","lineage1",35.2888520581623,1
"N387690_CELL7902_N2","forced_two_terminal","lineage1",45.4755514850057,1
"N387690_CELL7949_N2","forced_two_terminal","lineage1",52.6834872466623,0.872879314889531
"N387690_CELL8052_N2","forced_two_terminal","lineage1",NA,0
"N387690_CELL8080_N2","forced_two_terminal","lineage1",43.5081528015901,1
"N387690_CELL8105_N2","forced_two_terminal","lineage1",39.806193672485,1
"N387690_CELL8127_N2","forced_two_terminal","lineage1",40.508555678298,0.953055912224954
"N387690_CELL8151_N3","forced_two_terminal","lineage1",42.0319775702711,0.998975826035576
"N387690_CELL8300_N2","forced_two_terminal","lineage1",44.745072502828,1
"N387690_CELL8314_N4","forced_two_terminal","lineage1",36.1538997934489,1
"N387690_CELL8342_N2","forced_two_terminal","lineage1",40.2287543127918,1
"N387690_CELL8351_N3","forced_two_terminal","lineage1",40.7954171178256,1
"N387690_CELL8481_N2","forced_two_terminal","lineage1",40.4507015603851,0.965921460595034
"N387690_CELL8510_N3","forced_two_terminal","lineage1",56.8281546309022,0.723392665465194
"N387690_CELL8571_N2","forced_two_terminal","lineage1",32.24964047668,0.839476620327569
"N387690_CELL8611_N2","forced_two_terminal","lineage1",47.4769348870011,1
"N387690_CELL8623_N3","forced_two_terminal","lineage1",38.9213453709937,0.949444393332097
"N387690_CELL8670_N2","forced_two_terminal","lineage1",56.5336554857664,0.93054822134754
"N387690_CELL8732_N3","forced_two_terminal","lineage1",14.1690964548972,1
"N387690_CELL8763_N2","forced_two_terminal","lineage1",56.7567413528171,1
"N387690_CELL8888_N2","forced_two_terminal","lineage1",53.4284924520906,1
"N387690_CELL8943_N2","forced_two_terminal","lineage1",42.1412594039804,0.983462195762091
"N387690_CELL9070_N2","forced_two_terminal","lineage1",46.0570281155198,1
"N387690_CELL9385_N2","forced_two_terminal","lineage1",45.9765261173433,1
"N387690_CELL9436_N2","forced_two_terminal","lineage1",41.2308306573024,1
"N387690_CELL9517_N2","forced_two_terminal","lineage1",43.9212549496864,1
"N387690_CELL9559_N2","forced_two_terminal","lineage1",45.413314902474,0.98469435204478
"N387690_CELL9812_N2","forced_two_terminal","lineage1",46.3655711999857,1
"N387690_CELL9885_N3","forced_two_terminal","lineage1",44.7200124848425,1
"N387690_CELL9890_N2","forced_two_terminal","lineage1",37.1289192888366,0.969070857797528
"N387690_CELL10048_N4","forced_two_terminal","lineage1",38.5578574353968,0.995958913661215
"N387690_CELL10058_N2","forced_two_terminal","lineage1",41.4741478067366,1
"N387690_CELL10163_N3","forced_two_terminal","lineage1",35.5895787876228,0.98825239717999
"N387690_CELL10200_N3","forced_two_terminal","lineage1",37.6162414246032,0.985711382480341
"N387690_CELL10230_N3","forced_two_terminal","lineage1",46.9146531196854,1
"N387690_CELL10274_N1","forced_two_terminal","lineage1",NA,0
"N387690_CELL10291_N2","forced_two_terminal","lineage1",42.6857176174002,0.97566792195489
"N387690_CELL10744_N2","forced_two_terminal","lineage1",47.6035681207157,1
"N387690_CELL10762_N2","forced_two_terminal","lineage1",44.3209770791421,1
"N387690_CELL10781_N2","forced_two_terminal","lineage1",42.1698612675525,1
"N387690_CELL10871_N3","forced_two_terminal","lineage1",41.5767571463597,0.992397974862067
"N387690_CELL10951_N2","forced_two_terminal","lineage1",43.1467765269681,1
"N387690_CELL10988_N2","forced_two_terminal","lineage1",46.5072898051948,1
"N387690_CELL11123_N2","forced_two_terminal","lineage1",45.7137115837131,0.988413800314041
"N387690_CELL11214_N2","forced_two_terminal","lineage1",45.5828936239601,1
"N387690_CELL11231_N2","forced_two_terminal","lineage1",42.9222920960426,1
"N387690_CELL11336_N3","forced_two_terminal","lineage1",41.8811654125985,0.97899109088311
"N387690_CELL11516_N4","forced_two_terminal","lineage1",41.940597490529,0.972321950791691
"N387690_CELL11610_N2","forced_two_terminal","lineage1",46.0238814229064,1
"N387690_CELL11624_N2","forced_two_terminal","lineage1",43.9432729465867,1
"N387690_CELL11685_N2","forced_two_terminal","lineage1",46.5072898051948,1
"N387690_CELL11737_N2","forced_two_terminal","lineage1",38.3982730071398,1
"N387690_CELL11864_N3","forced_two_terminal","lineage1",39.0886640226138,0.974365881859389
"N387690_CELL12009_N2","forced_two_terminal","lineage1",47.0064643291008,1
"N387690_CELL12013_N2","forced_two_terminal","lineage1",39.5073053911645,1
"N387690_CELL12032_N2","forced_two_terminal","lineage1",42.1543449210884,0.995643416537574
"N387690_CELL12180_N2","forced_two_terminal","lineage1",NA,0
"N387690_CELL12201_N3","forced_two_terminal","lineage1",42.6105539703882,0.991877799591478
"N387690_CELL12225_N2","forced_two_terminal","lineage1",44.1132359480168,1
"N387690_CELL12532_N2","forced_two_terminal","lineage1",39.274519041444,0.979861624892953
"N387690_CELL12554_N2","forced_two_terminal","lineage1",46.5072898051948,1
"N387690_CELL12600_N2","forced_two_terminal","lineage1",42.7895210976197,1
"N387690_CELL12652_N2","forced_two_terminal","lineage1",55.8380866679509,0.98181057421123
"N387690_CELL12834_N2","forced_two_terminal","lineage1",38.0185918620024,0.978564062555793
"N387690_CELL13111_N2","forced_two_terminal","lineage1",46.9886572147686,0.972733267504749
"N387690_CELL13137_N2","forced_two_terminal","lineage1",47.0552486790668,1
"N387690_CELL13168_N2","forced_two_terminal","lineage1",41.6527918110752,1
"N387690_CELL13400_N1","forced_two_terminal","lineage1",44.8668373124715,1
"N387690_CELL13518_N1","forced_two_terminal","lineage1",42.0937124996699,1
"N387690_CELL13708_N1","forced_two_terminal","lineage1",55.3159102150551,0.85532214586572
"N387690_CELL13917_N1","forced_two_terminal","lineage1",45.0615017189039,1
"N387690_CELL14005_N1","forced_two_terminal","lineage1",40.508555678298,0.96179224566473
"N387690_CELL14114_N1","forced_two_terminal","lineage1",42.5917699201904,1
"N387690_CELL14242_N1","forced_two_terminal","lineage1",47.0552486790668,1
"N387690_CELL14327_N1","forced_two_terminal","lineage1",47.3537753869685,1
"N387690_CELL14331_N1","forced_two_terminal","lineage1",41.5955958802254,1
"N387690_CELL14504_N1","forced_two_terminal","lineage1",44.8668373124715,1
"N387690_CELL14520_N1","forced_two_terminal","lineage1",45.8986715219844,1
"N387690_CELL14677_N1","forced_two_terminal","lineage1",46.8506290490155,1
"N387690_CELL14707_N1","forced_two_terminal","lineage1",46.5072898051948,0.98782700348065
"N387690_CELL14757_N1","forced_two_terminal","lineage1",46.1857556600798,1
"N387690_CELL15052_N1","forced_two_terminal","lineage1",46.5072898051948,0.985645479912698
"N387690_CELL15144_N1","forced_two_terminal","lineage1",41.9664400260275,0.961547838928064
"N387690_CELL15190_N1","forced_two_terminal","lineage1",41.8662034189224,1
"N387690_CELL15208_N1","forced_two_terminal","lineage1",NA,0
"N387690_CELL15284_N1","forced_two_terminal","lineage1",41.4959489679093,1
"N387690_CELL15602_N1","forced_two_terminal","lineage1",47.6035681207157,1
"N387690_CELL15676_N1","forced_two_terminal","lineage1",45.1407178497281,1
"N387690_CELL15721_N1","forced_two_terminal","lineage1",NA,0
"N387690_CELL15777_N1","forced_two_terminal","lineage1",39.8026392163934,1
"N387690_CELL15787_N1","forced_two_terminal","lineage1",35.7007346026545,1
"N387690_CELL15796_N1","forced_two_terminal","lineage1",38.0465539356419,0.893722144065507
"N387690_CELL15927_N1","forced_two_terminal","lineage1",45.5637457249731,0.995606782878024
"N387690_CELL16076_N1","forced_two_terminal","lineage1",44.2087088487108,1
"N387690_CELL16196_N1","forced_two_terminal","lineage1",38.7749564843695,1
"N387690_CELL16327_N1","forced_two_terminal","lineage1",38.0927369116421,0.978602899863644
"N387690_CELL16328_N1","forced_two_terminal","lineage1",58.2271831813931,0.844136110951497
"N387690_CELL16368_N1","forced_two_terminal","lineage1",45.1818442277609,0.98511814053093
"N387690_CELL16444_N1","forced_two_terminal","lineage1",41.3618556016699,0.941449993756847
"N387690_CELL16480_N1","forced_two_terminal","lineage1",45.2337714477727,1
"N387690_CELL16661_N1","forced_two_terminal","lineage1",44.6747508192642,1
"N387690_CELL16681_N1","forced_two_terminal","lineage1",46.9756823943211,1
"N387690_CELL16825_N1","forced_two_terminal","lineage1",39.4202335753372,0.957112111364143
"N387690_CELL16881_N1","forced_two_terminal","lineage1",50.5756416577977,1
"N387690_CELL17065_N1","forced_two_terminal","lineage1",46.5072898051948,1
"N387690_CELL17160_N1","forced_two_terminal","lineage1",46.1683420416264,1
"N387690_CELL17338_N1","forced_two_terminal","lineage1",46.5072898051948,1
"N387690_CELL17356_N1","forced_two_terminal","lineage1",46.1258068018499,1
"N387690_CELL17497_N1","forced_two_terminal","lineage1",58.4331599580827,1
"N387690_CELL17766_N1","forced_two_terminal","lineage1",48.1522921464611,0.992795704962573
"N387690_CELL17784_N1","forced_two_terminal","lineage1",41.2975637713442,0.959966457659693
"N387690_CELL17808_N1","forced_two_terminal","lineage1",38.9024764350699,1
"N387690_CELL17887_N1","forced_two_terminal","lineage1",44.4503830048144,0.983885125952463
"N387690_CELL18077_N1","forced_two_terminal","lineage1",43.0298545014269,1
"N387690_CELL18532_N1","forced_two_terminal","lineage1",43.7756544783249,0.980230627157794
"N387690_CELL18587_N1","forced_two_terminal","lineage1",54.2098066493783,1
"N387690_CELL18607_N1","forced_two_terminal","lineage1",47.0552486790668,0.987500439493402
"N387690_CELL18650_N1","forced_two_terminal","lineage1",43.7756544783249,1
"N387690_CELL18876_N1","forced_two_terminal","lineage1",40.2811679695297,1
"N387690_CELL18900_N1","forced_two_terminal","lineage1",46.5143906038516,0.998820772141249
"N387690_CELL18905_N1","forced_two_terminal","lineage1",47.0552486790668,1
"N387690_CELL18953_N1","forced_two_terminal","lineage1",43.8481584774087,1
"N387690_CELL19154_N1","forced_two_terminal","lineage1",38.3318871416472,1
"N387690_CELL19367_N1","forced_two_terminal","lineage1",45.6871957298131,1
"N387690_CELL19370_N1","forced_two_terminal","lineage1",42.523887776948,0.992006213136707
"N387690_CELL19514_N1","forced_two_terminal","lineage1",44.4643445127024,1
"N387690_CELL19986_N1","forced_two_terminal","lineage1",55.8816723156475,0.706700453419062
"N387690_CELL20338_N1","forced_two_terminal","lineage1",42.6857176174002,1
"N387690_CELL20382_N1","forced_two_terminal","lineage1",59.0274517636942,0.686873328353897
"N387690_CELL20593_N1","forced_two_terminal","lineage1",50.3507497137717,1
"N387690_CELL20615_N1","forced_two_terminal","lineage1",44.1090749896736,1
"N387690_CELL20716_N1","forced_two_terminal","lineage1",45.1596205151904,0.994424399403041
"N387690_CELL20809_N1","forced_two_terminal","lineage1",38.151776146783,1
"N387690_CELL20890_N1","forced_two_terminal","lineage1",48.3972129351421,1
"N387690_CELL20940_N1","forced_two_terminal","lineage1",53.1053943870347,0.990795629703149
"N387690_CELL20959_N1","forced_two_terminal","lineage1",46.5072898051948,1
"N387690_CELL21237_N1","forced_two_terminal","lineage1",47.8541637622754,1
"N387690_CELL21242_N1","forced_two_terminal","lineage1",43.6577527654784,0.97599658671058
"N387690_CELL21451_N1","forced_two_terminal","lineage1",43.0228256662144,0.973757402868137
"N387690_CELL21567_N1","forced_two_terminal","lineage1",45.807325833687,1
"N387690_CELL21636_N1","forced_two_terminal","lineage1",44.8668373124715,0.979177101963512
"N387690_CELL21668_N1","forced_two_terminal","lineage1",47.6035681207157,1
"N387690_CELL21788_N1","forced_two_terminal","lineage1",45.413314902474,0.979021616645071
"N387690_CELL22185_N1","forced_two_terminal","lineage1",48.7014347208633,1
"N387690_CELL22358_N1","forced_two_terminal","lineage1",47.0552486790668,1
"N387690_CELL22399_N1","forced_two_terminal","lineage1",45.1134115022401,1
"N387690_CELL22433_N1","forced_two_terminal","lineage1",46.5072898051948,1
"N387690_CELL22642_N1","forced_two_terminal","lineage1",49.2509667808633,1
"N387690_CELL22657_N1","forced_two_terminal","lineage1",34.4171645259994,0.98628982256294
"N387690_CELL22759_N1","forced_two_terminal","lineage1",48.3243757265497,1
"N387690_CELL22827_N1","forced_two_terminal","lineage1",45.9600124219022,1
"N387690_CELL22936_N1","forced_two_terminal","lineage1",42.658600276498,0.993711907285717
"N387690_CELL22944_N1","forced_two_terminal","lineage1",42.4295379605095,1
"N387690_CELL23098_N1","forced_two_terminal","lineage1",43.3298219747297,0.975444141747711
"N387690_CELL23353_N1","forced_two_terminal","lineage1",54.7626318562021,1
"N387690_CELL23365_N1","forced_two_terminal","lineage1",44.4245957067862,0.98898647207843
"N387690_CELL23371_N1","forced_two_terminal","lineage1",44.2526749370844,0.972967816170268
"N387690_CELL23678_N1","forced_two_terminal","lineage1",43.7756544783249,1
"N387690_CELL23683_N1","forced_two_terminal","lineage1",48.1522921464611,1
"N387690_CELL23687_N1","forced_two_terminal","lineage1",43.2303811156253,0.946868814501762
"N387690_CELL23969_N1","forced_two_terminal","lineage1",47.6035681207157,1
"N387690_CELL24223_N1","forced_two_terminal","lineage1",47.9519744534864,1
"N387690_CELL24463_N1","forced_two_terminal","lineage1",53.6574041525813,0.92671520397667
"N387690_CELL24542_N1","forced_two_terminal","lineage1",45.3207998194484,0.987577700938449
"N387690_CELL24571_N1","forced_two_terminal","lineage1",43.733836925212,1
"N387690_CELL24707_N1","forced_two_terminal","lineage1",39.2091561879975,0.984306577144199
"N387690_CELL24811_N1","forced_two_terminal","lineage1",45.2349311160486,1
"N387690_CELL24914_N1","forced_two_terminal","lineage1",45.9600124219022,1
"N387690_CELL25178_N1","forced_two_terminal","lineage1",39.0041362874698,0.979813445711958
"N387690_CELL25306_N1","forced_two_terminal","lineage1",43.5685583923937,1
"N387690_CELL25358_N1","forced_two_terminal","lineage1",39.5105992136357,1
"N387690_CELL25461_N1","forced_two_terminal","lineage1",46.2376165382477,0.995938984279479
"N387690_CELL25723_N1","forced_two_terminal","lineage1",39.301886294693,1
"N387690_CELL25737_N1","forced_two_terminal","lineage1",54.3655269388462,1
"N387690_CELL26286_N1","forced_two_terminal","lineage1",53.5121452483557,1
"N387690_CELL26358_N1","forced_two_terminal","lineage1",50.398206638375,1
"N387690_CELL26373_N1","forced_two_terminal","lineage1",44.3209770791421,0.990658905051917
"N387690_CELL26375_N1","forced_two_terminal","lineage1",45.9600124219022,0.985167979502426
"N387690_CELL26376_N1","forced_two_terminal","lineage1",56.9787096056923,0.799560528718393
"N387690_CELL27004_N1","forced_two_terminal","lineage1",45.4155293686902,1
"N387690_CELL27171_N1","forced_two_terminal","lineage1",46.5072898051948,1
"N387690_CELL27178_N1","forced_two_terminal","lineage1",45.1056211918935,1
"N387690_CELL27194_N1","forced_two_terminal","lineage1",16.9811707506487,1
"N387690_CELL27266_N1","forced_two_terminal","lineage1",50.6195841079241,1
"N387690_CELL27307_N1","forced_two_terminal","lineage1",46.4062684844893,1
"N387690_CELL27560_N1","forced_two_terminal","lineage1",53.0432218984417,1
"N387690_CELL27569_N1","forced_two_terminal","lineage1",52.3432864183081,0.937782657414953
"N387690_CELL27976_N1","forced_two_terminal","lineage1",42.6769335652321,0.985270924317434
"N387690_CELL28594_N1","forced_two_terminal","lineage1",53.2769550550966,1
"K183156_CELL11_N5","forced_two_terminal","lineage2",NA,0
"K183156_CELL43_N2","forced_two_terminal","lineage2",NA,0
"K183156_CELL63_N3","forced_two_terminal","lineage2",NA,0
"K183156_CELL134_N2","forced_two_terminal","lineage2",74.2786866934178,0.807376199001665
"K183156_CELL147_N3","forced_two_terminal","lineage2",83.8531298967145,1
"K183156_CELL197_N3","forced_two_terminal","lineage2",85.7085701215314,1
"K183156_CELL217_N3","forced_two_terminal","lineage2",47.5446800087909,0.99747118162697
"K183156_CELL243_N4","forced_two_terminal","lineage2",84.3687223359773,1
"K183156_CELL256_N5","forced_two_terminal","lineage2",74.0207468973395,1
"K183156_CELL258_N5","forced_two_terminal","lineage2",69.593747523138,1
"K183156_CELL273_N2","forced_two_terminal","lineage2",NA,0
"K183156_CELL281_N1","forced_two_terminal","lineage2",76.7337943038389,1
"K183156_CELL353_N3","forced_two_terminal","lineage2",NA,0
"K183156_CELL373_N3","forced_two_terminal","lineage2",72.3762996072936,1
"K183156_CELL433_N4","forced_two_terminal","lineage2",85.7085701215314,1
"K183156_CELL466_N2","forced_two_terminal","lineage2",68.0843937810434,1
"K183156_CELL470_N2","forced_two_terminal","lineage2",80.4070694077131,1
"K183156_CELL473_N1","forced_two_terminal","lineage2",77.1442604044362,1
"K183156_CELL484_N2","forced_two_terminal","lineage2",83.2882120036385,1
"K183156_CELL499_N3","forced_two_terminal","lineage2",73.4392006388653,1
"K183156_CELL545_N2","forced_two_terminal","lineage2",85.7085701215314,1
"K183156_CELL561_N7","forced_two_terminal","lineage2",70.0447030977295,1
"K183156_CELL638_N2","forced_two_terminal","lineage2",66.049812302889,1
"K183156_CELL644_N4","forced_two_terminal","lineage2",84.0608570856563,1
"K183156_CELL654_N3","forced_two_terminal","lineage2",81.9441417838562,1
"K183156_CELL673_N2","forced_two_terminal","lineage2",82.9305138796917,1
"K183156_CELL691_N4","forced_two_terminal","lineage2",78.566702983957,1
"K183156_CELL708_N3","forced_two_terminal","lineage2",77.8193095266223,1
"K183156_CELL755_N3","forced_two_terminal","lineage2",85.7085701215314,1
"K183156_CELL762_N2","forced_two_terminal","lineage2",67.1884639826744,1
"K183156_CELL765_N2","forced_two_terminal","lineage2",NA,0
"K183156_CELL793_N2","forced_two_terminal","lineage2",85.7085701215314,1
"K183156_CELL820_N3","forced_two_terminal","lineage2",68.765758120035,1
"K183156_CELL890_N3","forced_two_terminal","lineage2",68.749445251227,1
"K183156_CELL928_N4","forced_two_terminal","lineage2",NA,0
"K183156_CELL962_N3","forced_two_terminal","lineage2",76.0615843113041,1
"K183156_CELL1019_N5","forced_two_terminal","lineage2",85.7085701215314,1
"K183156_CELL1056_N3","forced_two_terminal","lineage2",76.1256978233713,1
"K183156_CELL1080_N2","forced_two_terminal","lineage2",66.1026218101063,1
"K183156_CELL1105_N3","forced_two_terminal","lineage2",85.7085701215314,1
"K183156_CELL1129_N3","forced_two_terminal","lineage2",70.0447030977295,1
"K183156_CELL1265_N5","forced_two_terminal","lineage2",75.2148065018474,1
"K183156_CELL1278_N2","forced_two_terminal","lineage2",74.073008476293,1
"K183156_CELL1314_N3","forced_two_terminal","lineage2",71.1920181674932,1
"K183156_CELL1374_N4","forced_two_terminal","lineage2",NA,0
"K183156_CELL1393_N6","forced_two_terminal","lineage2",85.7085701215314,1
"K183156_CELL1402_N2","forced_two_terminal","lineage2",81.7751441968961,1
"K183156_CELL1420_N2","forced_two_terminal","lineage2",66.3959416791156,1
"K183156_CELL1441_N5","forced_two_terminal","lineage2",76.2601328521013,1
"K183156_CELL1444_N2","forced_two_terminal","lineage2",NA,0
"K183156_CELL1454_N2","forced_two_terminal","lineage2",47.4032074067244,1
"K183156_CELL1489_N5","forced_two_terminal","lineage2",74.2870398784278,1
"K183156_CELL1614_N2","forced_two_terminal","lineage2",70.9380102390192,1
"K183156_CELL1662_N2","forced_two_terminal","lineage2",84.8753826101239,1
"K183156_CELL1675_N4","forced_two_terminal","lineage2",82.2165712951157,1
"K183156_CELL1694_N3","forced_two_terminal","lineage2",21.4759124062698,0.985649215203503
"K183156_CELL1727_N2","forced_two_terminal","lineage2",76.566663132833,1
"K183156_CELL1729_N3","forced_two_terminal","lineage2",NA,0
"K183156_CELL1811_N3","forced_two_terminal","lineage2",85.7085701215314,1
"K183156_CELL1827_N2","forced_two_terminal","lineage2",79.0853193478541,1
"K183156_CELL1828_N6","forced_two_terminal","lineage2",84.1719958348833,1
"K183156_CELL1884_N3","forced_two_terminal","lineage2",78.4338785898511,1
"K183156_CELL1943_N4","forced_two_terminal","lineage2",80.6458944505124,1
"K183156_CELL1957_N2","forced_two_terminal","lineage2",72.9184828966378,1
"K183156_CELL1963_N3","forced_two_terminal","lineage2",NA,0
"K183156_CELL1973_N3","forced_two_terminal","lineage2",66.049812302889,1
"K183156_CELL1979_N4","forced_two_terminal","lineage2",79.5695268721816,1
"K183156_CELL2019_N4","forced_two_terminal","lineage2",81.9547584619241,1
"K183156_CELL2048_N3","forced_two_terminal","lineage2",85.1958272379512,1
"K183156_CELL2078_N2","forced_two_terminal","lineage2",73.6507376933862,1
"K183156_CELL2081_N2","forced_two_terminal","lineage2",NA,0
"K183156_CELL2091_N3","forced_two_terminal","lineage2",77.8137218214299,1
"K183156_CELL2113_N3","forced_two_terminal","lineage2",72.9184828966378,1
"K183156_CELL2138_N3","forced_two_terminal","lineage2",76.7483459520725,1
"K183156_CELL2159_N5","forced_two_terminal","lineage2",84.9267645980089,1
"K183156_CELL2178_N3","forced_two_terminal","lineage2",76.8819600569213,1
"K183156_CELL2231_N4","forced_two_terminal","lineage2",68.3761973299115,1
"K183156_CELL2242_N2","forced_two_terminal","lineage2",85.7085701215314,1
"K183156_CELL2337_N3","forced_two_terminal","lineage2",78.619099763878,1
"K183156_CELL2359_N3","forced_two_terminal","lineage2",78.539608886324,1
"K183156_CELL2371_N2","forced_two_terminal","lineage2",76.7956318791676,1
"K183156_CELL2428_N2","forced_two_terminal","lineage2",77.969797516202,1
"K183156_CELL2433_N2","forced_two_terminal","lineage2",70.0447030977295,1
"K183156_CELL2447_N3","forced_two_terminal","lineage2",NA,0
"K183156_CELL2454_N4","forced_two_terminal","lineage2",64.9125815179619,1
"K183156_CELL2473_N2","forced_two_terminal","lineage2",NA,0
"K183156_CELL2499_N3","forced_two_terminal","lineage2",80.5501514366479,1
"K183156_CELL2529_N3","forced_two_terminal","lineage2",83.7337441964477,1
"K183156_CELL2551_N2","forced_two_terminal","lineage2",48.452491849891,0.997412095928751
"K183156_CELL2555_N3","forced_two_terminal","lineage2",77.9437289231677,1
"K183156_CELL2620_N2","forced_two_terminal","lineage2",NA,0
"K183156_CELL2649_N3","forced_two_terminal","lineage2",85.7085701215314,1
"K183156_CELL2658_N3","forced_two_terminal","lineage2",85.7085701215314,1
"K183156_CELL2748_N3","forced_two_terminal","lineage2",84.2270975812425,1
"K183156_CELL2769_N3","forced_two_terminal","lineage2",NA,0
"K183156_CELL2775_N2","forced_two_terminal","lineage2",63.209205247049,1
"K183156_CELL2778_N4","forced_two_terminal","lineage2",73.0517667096952,1
"K183156_CELL2827_N2","forced_two_terminal","lineage2",81.770186235404,1
"K183156_CELL2846_N2","forced_two_terminal","lineage2",NA,0
"K183156_CELL2938_N4","forced_two_terminal","lineage2",69.785454283918,0.825345658793106
"K183156_CELL2945_N4","forced_two_terminal","lineage2",73.5580819801189,1
"K183156_CELL2946_N3","forced_two_terminal","lineage2",NA,0
"K183156_CELL2958_N2","forced_two_terminal","lineage2",60.5387498556219,1
"K183156_CELL2981_N2","forced_two_terminal","lineage2",74.4913886406918,1
"K183156_CELL2982_N2","forced_two_terminal","lineage2",67.8879148907682,1
"K183156_CELL3016_N5","forced_two_terminal","lineage2",76.8532385957242,1
"K183156_CELL3046_N3","forced_two_terminal","lineage2",79.5769173934911,1
"K183156_CELL3060_N2","forced_two_terminal","lineage2",71.3330377890823,1
"K183156_CELL3087_N5","forced_two_terminal","lineage2",82.8215075190407,1
"K183156_CELL3120_N2","forced_two_terminal","lineage2",71.196761776167,1
"K183156_CELL3150_N3","forced_two_terminal","lineage2",68.6345218745183,1
"K183156_CELL3175_N3","forced_two_terminal","lineage2",70.8235980344885,1
"K183156_CELL3188_N3","forced_two_terminal","lineage2",73.7856442219225,1
"K183156_CELL3213_N3","forced_two_terminal","lineage2",66.2331268531217,1
"K183156_CELL3229_N6","forced_two_terminal","lineage2",75.7067842078407,0.771377282173896
"K183156_CELL3282_N3","forced_two_terminal","lineage2",66.2331082810298,1
"K183156_CELL3331_N2","forced_two_terminal","lineage2",69.6166027104653,0.89649514481807
"K183156_CELL3334_N3","forced_two_terminal","lineage2",NA,0
"K183156_CELL3366_N2","forced_two_terminal","lineage2",13.14511666134,1
"K183156_CELL3417_N2","forced_two_terminal","lineage2",NA,0
"K183156_CELL3422_N3","forced_two_terminal","lineage2",73.7021192271256,1
"K183156_CELL3434_N3","forced_two_terminal","lineage2",83.4301099173846,1
"K183156_CELL3519_N5","forced_two_terminal","lineage2",66.9119608017002,1
"K183156_CELL3538_N3","forced_two_terminal","lineage2",66.6189297255228,1
"K183156_CELL3547_N3","forced_two_terminal","lineage2",79.9202623733475,1
"K183156_CELL3560_N3","forced_two_terminal","lineage2",84.7771846716752,1
"K183156_CELL3568_N2","forced_two_terminal","lineage2",13.1002448655686,0.994414267909028
"K183156_CELL3584_N2","forced_two_terminal","lineage2",70.6179858260899,1
"K183156_CELL3589_N9","forced_two_terminal","lineage2",84.0208239569218,1
"K183156_CELL3599_N2","forced_two_terminal","lineage2",78.0791797072333,1
"K183156_CELL3618_N2","forced_two_terminal","lineage2",NA,0
"K183156_CELL3629_N3","forced_two_terminal","lineage2",72.5754041434123,1
"K183156_CELL3682_N6","forced_two_terminal","lineage2",76.742817074988,1
"K183156_CELL3787_N2","forced_two_terminal","lineage2",NA,0
"K183156_CELL3796_N4","forced_two_terminal","lineage2",68.3290794251983,1
"K183156_CELL3811_N2","forced_two_terminal","lineage2",71.3622578571946,1
"K183156_CELL3836_N2","forced_two_terminal","lineage2",72.9184828966378,1
"K183156_CELL3983_N2","forced_two_terminal","lineage2",NA,0
"K183156_CELL4036_N2","forced_two_terminal","lineage2",78.3389349263331,1
"K183156_CELL4044_N2","forced_two_terminal","lineage2",72.1685972777761,1
"K183156_CELL4087_N4","forced_two_terminal","lineage2",85.3855883860408,1
"K183156_CELL4095_N2","forced_two_terminal","lineage2",71.2977646887842,0.848457932375966
"K183156_CELL4111_N2","forced_two_terminal","lineage2",73.6633589935008,1
"K183156_CELL4181_N4","forced_two_terminal","lineage2",79.0203031780973,1
"K183156_CELL4245_N2","forced_two_terminal","lineage2",75.3585697672841,1
"K183156_CELL4250_N2","forced_two_terminal","lineage2",NA,0
"K183156_CELL4256_N3","forced_two_terminal","lineage2",74.6746819997852,0.690898383625994
"K183156_CELL4302_N4","forced_two_terminal","lineage2",14.1897435553029,1
"K183156_CELL4321_N3","forced_two_terminal","lineage2",68.9002792362081,1
"K183156_CELL4352_N2","forced_two_terminal","lineage2",71.7667873038493,1
"K183156_CELL4353_N3","forced_two_terminal","lineage2",74.4709070876448,1
"K183156_CELL4414_N2","forced_two_terminal","lineage2",17.9990803702824,1
"K183156_CELL4417_N4","forced_two_terminal","lineage2",72.534838248316,1
"K183156_CELL4525_N2","forced_two_terminal","lineage2",78.885277950557,1
"K183156_CELL4527_N2","forced_two_terminal","lineage2",78.6476725166302,1
"K183156_CELL4530_N2","forced_two_terminal","lineage2",NA,0
"K183156_CELL4548_N2","forced_two_terminal","lineage2",77.2174897850554,1
"K183156_CELL4592_N3","forced_two_terminal","lineage2",NA,0
"K183156_CELL4602_N2","forced_two_terminal","lineage2",79.7089881839649,1
"K183156_CELL4661_N3","forced_two_terminal","lineage2",76.2016528660383,1
"K183156_CELL4664_N3","forced_two_terminal","lineage2",72.3166736119667,1
"K183156_CELL4670_N2","forced_two_terminal","lineage2",76.304303809655,1
"K183156_CELL4716_N2","forced_two_terminal","lineage2",NA,0
"K183156_CELL4735_N2","forced_two_terminal","lineage2",69.6669605051355,1
"K183156_CELL4737_N2","forced_two_terminal","lineage2",NA,0
"K183156_CELL4769_N2","forced_two_terminal","lineage2",NA,0
"K183156_CELL4774_N4","forced_two_terminal","lineage2",NA,0
"K183156_CELL4785_N3","forced_two_terminal","lineage2",80.2421802664846,1
"K183156_CELL4832_N2","forced_two_terminal","lineage2",72.3422735904879,1
"K183156_CELL4864_N4","forced_two_terminal","lineage2",77.915450582256,1
"K183156_CELL4890_N2","forced_two_terminal","lineage2",49.0034173374306,0.988966330907306
"K183156_CELL4903_N1","forced_two_terminal","lineage2",85.7085701215314,1
"K183156_CELL4906_N2","forced_two_terminal","lineage2",NA,0
"K183156_CELL4926_N5","forced_two_terminal","lineage2",80.370927222088,1
"K183156_CELL4970_N3","forced_two_terminal","lineage2",85.7085701215314,1
"K183156_CELL5033_N2","forced_two_terminal","lineage2",67.7584855983373,1
"K183156_CELL5062_N2","forced_two_terminal","lineage2",81.5004989109419,1
"K183156_CELL5063_N3","forced_two_terminal","lineage2",73.1330344399531,1
"K183156_CELL5156_N2","forced_two_terminal","lineage2",77.1565131995593,1
"K183156_CELL5164_N2","forced_two_terminal","lineage2",68.2850567671073,1
"K183156_CELL5178_N2","forced_two_terminal","lineage2",NA,0
"K183156_CELL5230_N3","forced_two_terminal","lineage2",NA,0
"K183156_CELL5234_N3","forced_two_terminal","lineage2",66.049812302889,1
"K183156_CELL5237_N4","forced_two_terminal","lineage2",83.1928976761256,1
"K183156_CELL5261_N4","forced_two_terminal","lineage2",78.9689002153789,1
"K183156_CELL5282_N4","forced_two_terminal","lineage2",85.5714219486873,1
"K183156_CELL5296_N5","forced_two_terminal","lineage2",85.7085701215314,1
"K183156_CELL5331_N2","forced_two_terminal","lineage2",74.1063563236897,1
"K183156_CELL5391_N3","forced_two_terminal","lineage2",85.7085701215314,1
"K183156_CELL5395_N2","forced_two_terminal","lineage2",46.2427020499403,1
"K183156_CELL5401_N4","forced_two_terminal","lineage2",NA,0
"K183156_CELL5416_N2","forced_two_terminal","lineage2",72.4983370679157,1
"K183156_CELL5429_N3","forced_two_terminal","lineage2",NA,0
"K183156_CELL5448_N5","forced_two_terminal","lineage2",75.3733546050463,1
"K183156_CELL5527_N1","forced_two_terminal","lineage2",NA,0
"K183156_CELL5538_N3","forced_two_terminal","lineage2",79.284194160723,1
"K183156_CELL5560_N2","forced_two_terminal","lineage2",76.3603818816603,1
"K183156_CELL5595_N2","forced_two_terminal","lineage2",72.0630959352598,1
"K183156_CELL5657_N3","forced_two_terminal","lineage2",69.4721331517537,1
"K183156_CELL5696_N2","forced_two_terminal","lineage2",NA,0
"K183156_CELL5725_N2","forced_two_terminal","lineage2",81.8738877182497,1
"K183156_CELL5765_N2","forced_two_terminal","lineage2",83.8793615977448,1
"K183156_CELL5796_N2","forced_two_terminal","lineage2",76.724687315205,1
"K183156_CELL5802_N2","forced_two_terminal","lineage2",85.6255293087578,1
"K183156_CELL5859_N3","forced_two_terminal","lineage2",76.2493745200306,1
"K183156_CELL5863_N2","forced_two_terminal","lineage2",NA,0
"K183156_CELL5864_N4","forced_two_terminal","lineage2",70.9453712979676,1
"K183156_CELL5889_N3","forced_two_terminal","lineage2",75.5186515862181,1
"K183156_CELL5901_N2","forced_two_terminal","lineage2",69.7371117531842,1
"K183156_CELL5919_N2","forced_two_terminal","lineage2",67.1041896797369,1
"K183156_CELL5921_N3","forced_two_terminal","lineage2",73.7525107764748,1
"K183156_CELL5930_N3","forced_two_terminal","lineage2",0,0.998649717864962
"K183156_CELL6004_N1","forced_two_terminal","lineage2",77.090845022451,1
"K183156_CELL6040_N2","forced_two_terminal","lineage2",74.3690411698768,1
"K183156_CELL6049_N2","forced_two_terminal","lineage2",79.3243302220356,1
"K183156_CELL6069_N4","forced_two_terminal","lineage2",85.7085701215314,1
"K183156_CELL6103_N3","forced_two_terminal","lineage2",NA,0
"K183156_CELL6123_N3","forced_two_terminal","lineage2",49.583669653084,0.990026361834351
"K183156_CELL6165_N3","forced_two_terminal","lineage2",46.7588275916435,0.997772277887175
"K183156_CELL6200_N3","forced_two_terminal","lineage2",72.2850185660425,1
"K183156_CELL6202_N6","forced_two_terminal","lineage2",74.746139246481,1
"K183156_CELL6203_N4","forced_two_terminal","lineage2",67.6240038466232,1
"K183156_CELL6238_N2","forced_two_terminal","lineage2",23.3118938229267,1
"K183156_CELL6255_N3","forced_two_terminal","lineage2",70.7366983931968,1
"K183156_CELL6300_N4","forced_two_terminal","lineage2",78.2513697442854,1
"K183156_CELL6303_N2","forced_two_terminal","lineage2",48.5204094445964,1
"K183156_CELL6336_N2","forced_two_terminal","lineage2",75.2149082029575,1
"K183156_CELL6421_N1","forced_two_terminal","lineage2",83.3875926258792,1
"K183156_CELL6484_N5","forced_two_terminal","lineage2",81.0414902059377,1
"K183156_CELL6512_N3","forced_two_terminal","lineage2",NA,0
"K183156_CELL6587_N3","forced_two_terminal","lineage2",6.20423841278923,1
"K183156_CELL6598_N2","forced_two_terminal","lineage2",68.2964889977491,0.965361643720706
"K183156_CELL6632_N3","forced_two_terminal","lineage2",78.0645265748081,1
"K183156_CELL6661_N3","forced_two_terminal","lineage2",74.1200304839795,1
"K183156_CELL6708_N2","forced_two_terminal","lineage2",9.98842729096238,1
"K183156_CELL6743_N3","forced_two_terminal","lineage2",57.292347599247,0.892032142969852
"K183156_CELL6793_N2","forced_two_terminal","lineage2",NA,0
"K183156_CELL6846_N3","forced_two_terminal","lineage2",74.7277781690643,1
"K183156_CELL6847_N2","forced_two_terminal","lineage2",82.1137186949348,1
"K183156_CELL6863_N2","forced_two_terminal","lineage2",80.9018170461365,1
"K183156_CELL6864_N2","forced_two_terminal","lineage2",NA,0
"K183156_CELL6877_N2","forced_two_terminal","lineage2",65.6774321878526,1
"K183156_CELL6880_N3","forced_two_terminal","lineage2",85.7085701215314,1
"K183156_CELL6895_N3","forced_two_terminal","lineage2",75.0400895003929,1
"K183156_CELL6901_N2","forced_two_terminal","lineage2",85.7085701215314,1
"K183156_CELL6934_N3","forced_two_terminal","lineage2",NA,0
"K183156_CELL6963_N2","forced_two_terminal","lineage2",71.8276555808218,1
"K183156_CELL7069_N2","forced_two_terminal","lineage2",79.1839523161735,1
"K183156_CELL7158_N2","forced_two_terminal","lineage2",78.089109120749,1
"K183156_CELL7161_N2","forced_two_terminal","lineage2",69.6051579244138,1
"K183156_CELL7162_N1","forced_two_terminal","lineage2",62.7055047888098,1
"K183156_CELL7191_N2","forced_two_terminal","lineage2",70.6179858260899,1
"K183156_CELL7217_N4","forced_two_terminal","lineage2",76.2839637119777,1
"K183156_CELL7304_N2","forced_two_terminal","lineage2",71.1036059503746,1
"K183156_CELL7334_N1","forced_two_terminal","lineage2",NA,0
"K183156_CELL7359_N4","forced_two_terminal","lineage2",66.6189297255228,1
"K183156_CELL7363_N2","forced_two_terminal","lineage2",61.4859751848425,1
"K183156_CELL7392_N2","forced_two_terminal","lineage2",69.4721331517537,1
"K183156_CELL7395_N4","forced_two_terminal","lineage2",80.6862051754547,1
"K183156_CELL7397_N3","forced_two_terminal","lineage2",74.2399042209586,1
"K183156_CELL7420_N2","forced_two_terminal","lineage2",67.0453614998419,1
"K183156_CELL7439_N2","forced_two_terminal","lineage2",73.7427620561038,1
"K183156_CELL7455_N5","forced_two_terminal","lineage2",72.4790989533114,1
"K183156_CELL7463_N3","forced_two_terminal","lineage2",NA,0
"K183156_CELL7468_N3","forced_two_terminal","lineage2",66.6189297255228,1
"K183156_CELL7483_N2","forced_two_terminal","lineage2",79.984714917055,1
"K183156_CELL7486_N2","forced_two_terminal","lineage2",66.472728171166,1
"K183156_CELL7503_N3","forced_two_terminal","lineage2",11.5294240966917,1
"K183156_CELL7515_N2","forced_two_terminal","lineage2",79.1509021280986,1
"K183156_CELL7536_N2","forced_two_terminal","lineage2",82.2491580460373,1
"K183156_CELL7554_N2","forced_two_terminal","lineage2",NA,0
"K183156_CELL7586_N3","forced_two_terminal","lineage2",72.2053629143442,1
"K183156_CELL7640_N2","forced_two_terminal","lineage2",74.8738619698907,1
"K183156_CELL7666_N2","forced_two_terminal","lineage2",NA,0
"K183156_CELL7691_N4","forced_two_terminal","lineage2",63.6161997886739,1
"K183156_CELL7755_N2","forced_two_terminal","lineage2",77.6052772204379,1
"K183156_CELL7814_N3","forced_two_terminal","lineage2",84.873751198171,1
"K183156_CELL7819_N2","forced_two_terminal","lineage2",80.4773840988684,1
"K183156_CELL7822_N2","forced_two_terminal","lineage2",25.9834687679476,1
"K183156_CELL7832_N1","forced_two_terminal","lineage2",72.657580701113,1
"K183156_CELL7842_N2","forced_two_terminal","lineage2",70.6295038832178,1
"K183156_CELL7844_N3","forced_two_terminal","lineage2",57.6615021247197,0.788532596385592
"K183156_CELL7856_N2","forced_two_terminal","lineage2",81.8847076028067,1
"K183156_CELL7863_N2","forced_two_terminal","lineage2",79.3931593456855,1
"K183156_CELL7890_N3","forced_two_terminal","lineage2",73.039012489977,1
"K183156_CELL7899_N3","forced_two_terminal","lineage2",NA,0
"K183156_CELL7912_N2","forced_two_terminal","lineage2",NA,0
"K183156_CELL7923_N4","forced_two_terminal","lineage2",59.3546886536775,0.996586513879386
"K183156_CELL7942_N2","forced_two_terminal","lineage2",85.7085701215314,1
"K183156_CELL8057_N3","forced_two_terminal","lineage2",69.4721331517537,1
"K183156_CELL8067_N2","forced_two_terminal","lineage2",73.4541819461354,1
"K183156_CELL8069_N4","forced_two_terminal","lineage2",82.2442400414213,1
"K183156_CELL8077_N1","forced_two_terminal","lineage2",63.299483664557,1
"K183156_CELL8086_N3","forced_two_terminal","lineage2",NA,0
"K183156_CELL8087_N1","forced_two_terminal","lineage2",71.1345187588333,1
"K183156_CELL8097_N2","forced_two_terminal","lineage2",4.37854170897336,1
"K183156_CELL8111_N5","forced_two_terminal","lineage2",73.4439875840878,1
"K183156_CELL8140_N3","forced_two_terminal","lineage2",18.6607726731508,0.990085716349067
"K183156_CELL8146_N3","forced_two_terminal","lineage2",67.0424177328179,1
"K183156_CELL8150_N3","forced_two_terminal","lineage2",NA,0
"K183156_CELL8275_N2","forced_two_terminal","lineage2",18.0783058261447,1
"K183156_CELL8347_N4","forced_two_terminal","lineage2",72.8003279171195,1
"K183156_CELL8382_N2","forced_two_terminal","lineage2",85.7085701215314,1
"K183156_CELL8384_N4","forced_two_terminal","lineage2",68.7362047590847,1
"K183156_CELL8387_N3","forced_two_terminal","lineage2",68.9002792362081,1
"K183156_CELL8409_N4","forced_two_terminal","lineage2",NA,0
"K183156_CELL8433_N2","forced_two_terminal","lineage2",72.7353473099616,1
"K183156_CELL8459_N3","forced_two_terminal","lineage2",68.9002792362081,1
"K183156_CELL8460_N3","forced_two_terminal","lineage2",68.9185029050256,1
"K183156_CELL8479_N4","forced_two_terminal","lineage2",NA,0
"K183156_CELL8485_N3","forced_two_terminal","lineage2",75.0441700208639,1
"K183156_CELL8500_N3","forced_two_terminal","lineage2",78.9790016710657,1
"K183156_CELL8545_N2","forced_two_terminal","lineage2",NA,0
"K183156_CELL8569_N6","forced_two_terminal","lineage2",82.1032536172521,1
"K183156_CELL8573_N2","forced_two_terminal","lineage2",NA,0
"K183156_CELL8667_N2","forced_two_terminal","lineage2",NA,0
"K183156_CELL8703_N2","forced_two_terminal","lineage2",24.4246372088084,1
"K183156_CELL8708_N2","forced_two_terminal","lineage2",70.1673496820016,1
"K183156_CELL8712_N2","forced_two_terminal","lineage2",NA,0
"K183156_CELL8714_N5","forced_two_terminal","lineage2",68.4598009011339,1
"K183156_CELL8726_N2","forced_two_terminal","lineage2",84.7471351659522,1
"K183156_CELL8731_N2","forced_two_terminal","lineage2",73.2728968732508,1
"K183156_CELL8769_N3","forced_two_terminal","lineage2",NA,0
"K183156_CELL8823_N4","forced_two_terminal","lineage2",83.5524643264263,1
"K183156_CELL8887_N2","forced_two_terminal","lineage2",74.4088531945254,1
"K183156_CELL8902_N2","forced_two_terminal","lineage2",NA,0
"K183156_CELL8924_N5","forced_two_terminal","lineage2",68.2673666008512,1
"K183156_CELL8949_N3","forced_two_terminal","lineage2",78.3146083035128,1
"K183156_CELL8967_N3","forced_two_terminal","lineage2",74.3792114139618,1
"K183156_CELL9021_N3","forced_two_terminal","lineage2",3.34967807672645,1
"K183156_CELL9044_N2","forced_two_terminal","lineage2",85.1904202784579,1
"K183156_CELL9071_N2","forced_two_terminal","lineage2",71.5099038025209,1
"K183156_CELL9073_N3","forced_two_terminal","lineage2",NA,0
"K183156_CELL9090_N3","forced_two_terminal","lineage2",NA,0
"K183156_CELL9091_N2","forced_two_terminal","lineage2",73.4438890921989,1
"K183156_CELL9118_N2","forced_two_terminal","lineage2",71.5315825369711,1
"K183156_CELL9124_N2","forced_two_terminal","lineage2",NA,0
"K183156_CELL9134_N2","forced_two_terminal","lineage2",NA,0
"K183156_CELL9175_N3","forced_two_terminal","lineage2",76.9704234907057,1
"K183156_CELL9198_N5","forced_two_terminal","lineage2",76.3807111323396,1
"K183156_CELL9234_N2","forced_two_terminal","lineage2",16.9128367782968,1
"K183156_CELL9292_N2","forced_two_terminal","lineage2",70.0447030977295,1
"K183156_CELL9303_N3","forced_two_terminal","lineage2",NA,0
"K183156_CELL9338_N2","forced_two_terminal","lineage2",74.6167960344086,1
"K183156_CELL9361_N3","forced_two_terminal","lineage2",74.5450759946593,1
"K183156_CELL9400_N1","forced_two_terminal","lineage2",NA,0
"K183156_CELL9528_N2","forced_two_terminal","lineage2",79.5486102725279,1
"K183156_CELL9530_N2","forced_two_terminal","lineage2",47.7517470202884,1
"K183156_CELL9631_N3","forced_two_terminal","lineage2",73.6474092011675,1
"K183156_CELL9670_N3","forced_two_terminal","lineage2",77.2793476575873,1
"K183156_CELL9676_N2","forced_two_terminal","lineage2",73.8815469893403,1
"K183156_CELL9705_N2","forced_two_terminal","lineage2",85.7085701215314,1
"K183156_CELL9749_N3","forced_two_terminal","lineage2",83.0242479514969,1
"K183156_CELL9858_N2","forced_two_terminal","lineage2",64.4704458103428,1
"K183156_CELL9873_N2","forced_two_terminal","lineage2",72.0642873007969,1
"K183156_CELL9912_N2","forced_two_terminal","lineage2",63.4285929839574,1
"K183156_CELL9948_N3","forced_two_terminal","lineage2",68.6536997672838,1
"K183156_CELL9963_N2","forced_two_terminal","lineage2",NA,0
"K183156_CELL10005_N3","forced_two_terminal","lineage2",71.7667873038493,1
"K183156_CELL10056_N2","forced_two_terminal","lineage2",84.0890562659765,1
"K183156_CELL10068_N2","forced_two_terminal","lineage2",81.9582686211283,1
"K183156_CELL10092_N2","forced_two_terminal","lineage2",77.9728498184751,1
"K183156_CELL10100_N2","forced_two_terminal","lineage2",84.2831906708292,1
"K183156_CELL10113_N2","forced_two_terminal","lineage2",69.3967081057934,1
"K183156_CELL10114_N2","forced_two_terminal","lineage2",84.1768548950015,1
"K183156_CELL10129_N3","forced_two_terminal","lineage2",79.4368376009396,1
"K183156_CELL10134_N1","forced_two_terminal","lineage2",76.9704234907057,1
"K183156_CELL10141_N1","forced_two_terminal","lineage2",70.6179858260899,1
"K183156_CELL10191_N3","forced_two_terminal","lineage2",64.512675922052,1
"K183156_CELL10230_N2","forced_two_terminal","lineage2",66.049812302889,1
"K183156_CELL10303_N2","forced_two_terminal","lineage2",76.6708778800222,0.821858753662429
"K183156_CELL10313_N2","forced_two_terminal","lineage2",NA,0
"K183156_CELL10323_N3","forced_two_terminal","lineage2",84.2556329132185,1
"K183156_CELL10410_N3","forced_two_terminal","lineage2",71.4321374928276,1
"K183156_CELL10420_N1","forced_two_terminal","lineage2",80.4155724673667,1
"K183156_CELL10463_N1","forced_two_terminal","lineage2",72.3003822148559,1
"K183156_CELL10464_N2","forced_two_terminal","lineage2",74.7412148859986,1
"K183156_CELL10486_N2","forced_two_terminal","lineage2",NA,0
"K183156_CELL10502_N2","forced_two_terminal","lineage2",85.7085701215314,1
"K183156_CELL10524_N2","forced_two_terminal","lineage2",NA,0
"K183156_CELL10559_N2","forced_two_terminal","lineage2",41.6066608961684,1
"K183156_CELL10618_N2","forced_two_terminal","lineage2",NA,0
"K183156_CELL10656_N3","forced_two_terminal","lineage2",68.3793292812119,1
"K183156_CELL10672_N2","forced_two_terminal","lineage2",70.5315769803812,1
"K183156_CELL10700_N2","forced_two_terminal","lineage2",NA,0
"K183156_CELL10734_N1","forced_two_terminal","lineage2",76.5164380974785,1
"K183156_CELL10741_N3","forced_two_terminal","lineage2",75.2171021710001,0.771590217743667
"K183156_CELL10798_N3","forced_two_terminal","lineage2",NA,0
"K183156_CELL10804_N2","forced_two_terminal","lineage2",71.0327048057825,1
"K183156_CELL10857_N2","forced_two_terminal","lineage2",72.9695181696892,1
"K183156_CELL10880_N3","forced_two_terminal","lineage2",77.5883925731635,1
"K183156_CELL10893_N2","forced_two_terminal","lineage2",85.5198096713825,1
"K183156_CELL10917_N2","forced_two_terminal","lineage2",70.32419429526,1
"K183156_CELL10943_N2","forced_two_terminal","lineage2",80.6166923440446,1
"K183156_CELL10948_N2","forced_two_terminal","lineage2",NA,0
"K183156_CELL10971_N2","forced_two_terminal","lineage2",79.2969913095504,1
"K183156_CELL11012_N2","forced_two_terminal","lineage2",70.7963149465805,1
"K183156_CELL11032_N2","forced_two_terminal","lineage2",73.8528491243829,1
"K183156_CELL11044_N2","forced_two_terminal","lineage2",72.076902661193,1
"K183156_CELL11054_N2","forced_two_terminal","lineage2",85.7085701215314,1
"K183156_CELL11075_N2","forced_two_terminal","lineage2",83.2810166102924,1
"K183156_CELL11129_N1","forced_two_terminal","lineage2",77.8252345353829,1
"K183156_CELL11132_N2","forced_two_terminal","lineage2",NA,0
"K183156_CELL11390_N1","forced_two_terminal","lineage2",80.6009191108004,1
"K183156_CELL11394_N2","forced_two_terminal","lineage2",NA,0
"K183156_CELL11445_N2","forced_two_terminal","lineage2",66.9958085271361,1
"K183156_CELL11448_N1","forced_two_terminal","lineage2",72.082085698851,1
"K183156_CELL11461_N1","forced_two_terminal","lineage2",85.7085701215314,1
"K183156_CELL11491_N2","forced_two_terminal","lineage2",71.4156464654289,1
"K183156_CELL11498_N2","forced_two_terminal","lineage2",NA,0
"K183156_CELL11528_N1","forced_two_terminal","lineage2",76.100297612109,1
"K183156_CELL11549_N2","forced_two_terminal","lineage2",NA,0
"K183156_CELL11619_N2","forced_two_terminal","lineage2",72.9993851172256,1
"K183156_CELL11644_N2","forced_two_terminal","lineage2",70.6179858260899,1
"K183156_CELL11704_N2","forced_two_terminal","lineage2",82.3111962578134,1
"K183156_CELL12023_N1","forced_two_terminal","lineage2",85.6533684046895,1
"K183156_CELL12027_N1","forced_two_terminal","lineage2",83.4582209696053,1
"K183156_CELL12143_N1","forced_two_terminal","lineage2",64.2522152739351,1
"K183156_CELL12180_N1","forced_two_terminal","lineage2",76.9328898643474,1
"K183156_CELL12370_N1","forced_two_terminal","lineage2",NA,0
"K183156_CELL12402_N1","forced_two_terminal","lineage2",75.5414775053434,1
"K183156_CELL12553_N1","forced_two_terminal","lineage2",NA,0
"K183156_CELL12562_N1","forced_two_terminal","lineage2",74.9533599901793,1
"K183156_CELL12572_N1","forced_two_terminal","lineage2",69.4230986844185,1
"K183156_CELL12703_N1","forced_two_terminal","lineage2",67.8395765237117,1
"K183156_CELL12938_N1","forced_two_terminal","lineage2",NA,0
"K183156_CELL12940_N1","forced_two_terminal","lineage2",NA,0
"K183156_CELL13119_N1","forced_two_terminal","lineage2",65.4809997929631,1
"K183156_CELL13185_N1","forced_two_terminal","lineage2",74.72306222569,1
"K183156_CELL13243_N1","forced_two_terminal","lineage2",69.4721331517537,1
"K183156_CELL13274_N1","forced_two_terminal","lineage2",69.5618045716384,1
"K183156_CELL13530_N1","forced_two_terminal","lineage2",69.3618488371083,1
"K183156_CELL13594_N1","forced_two_terminal","lineage2",46.7588275916435,1
"K183156_CELL13600_N1","forced_two_terminal","lineage2",80.7102974130971,1
"K183156_CELL13616_N1","forced_two_terminal","lineage2",71.8066752929907,1
"K183156_CELL13701_N1","forced_two_terminal","lineage2",82.0637060895768,1
"K183156_CELL13735_N1","forced_two_terminal","lineage2",70.5344795718022,1
"K183156_CELL13742_N1","forced_two_terminal","lineage2",70.2605364531371,1
"K183156_CELL13746_N1","forced_two_terminal","lineage2",75.6927665894984,1
"K183156_CELL13813_N1","forced_two_terminal","lineage2",NA,0
"K183156_CELL13904_N1","forced_two_terminal","lineage2",64.6240656717397,1
"K183156_CELL13915_N1","forced_two_terminal","lineage2",69.0802220935239,1
"K183156_CELL14109_N1","forced_two_terminal","lineage2",64.9125815179619,1
"K183156_CELL14120_N1","forced_two_terminal","lineage2",83.0530387467617,1
"K183156_CELL14220_N1","forced_two_terminal","lineage2",72.3117682940738,1
"K183156_CELL14485_N1","forced_two_terminal","lineage2",47.5926237491561,1
"K183156_CELL14497_N1","forced_two_terminal","lineage2",47.7784327706023,1
"K183156_CELL14655_N1","forced_two_terminal","lineage2",9.24323742777501,1
"K183156_CELL14943_N1","forced_two_terminal","lineage2",64.344535180689,1
"K183156_CELL15191_N1","forced_two_terminal","lineage2",NA,0
"K183156_CELL15238_N1","forced_two_terminal","lineage2",7.97830664002041,1
"K183156_CELL15254_N1","forced_two_terminal","lineage2",NA,0
"K183156_CELL15264_N1","forced_two_terminal","lineage2",NA,0
"K183156_CELL15274_N1","forced_two_terminal","lineage2",67.3034407783185,1
"K183156_CELL15399_N1","forced_two_terminal","lineage2",NA,0
"K183156_CELL15403_N1","forced_two_terminal","lineage2",69.7335189005944,1
"K183156_CELL16060_N1","forced_two_terminal","lineage2",NA,0
"K183156_CELL16096_N1","forced_two_terminal","lineage2",NA,0
"K183156_CELL16111_N1","forced_two_terminal","lineage2",68.3524342191471,1
"K183156_CELL16229_N1","forced_two_terminal","lineage2",82.2007695960832,1
"K183156_CELL16234_N1","forced_two_terminal","lineage2",70.84046551721,1
"K183156_CELL16421_N1","forced_two_terminal","lineage2",77.0633076678497,1
"K183156_CELL16445_N1","forced_two_terminal","lineage2",67.8508467397394,1
"K183156_CELL16653_N1","forced_two_terminal","lineage2",NA,0
"K183156_CELL16786_N1","forced_two_terminal","lineage2",NA,0
"K183156_CELL16808_N1","forced_two_terminal","lineage2",79.8514734873498,1
"K183156_CELL16910_N1","forced_two_terminal","lineage2",NA,0
"K183156_CELL16917_N1","forced_two_terminal","lineage2",73.119674122252,1
"K183156_CELL16948_N1","forced_two_terminal","lineage2",64.8281851283732,1
"K183156_CELL17030_N1","forced_two_terminal","lineage2",NA,0
"K183156_CELL17401_N1","forced_two_terminal","lineage2",NA,0
"K183156_CELL17512_N1","forced_two_terminal","lineage2",82.7521322920072,1
"K183156_CELL17642_N1","forced_two_terminal","lineage2",NA,0
"K183156_CELL17684_N1","forced_two_terminal","lineage2",85.4991131927993,1
"K183156_CELL17722_N1","forced_two_terminal","lineage2",80.936903715835,1
"K183156_CELL17734_N1","forced_two_terminal","lineage2",75.4899939632778,1
"K183156_CELL18630_N1","forced_two_terminal","lineage2",75.9512686823768,1
"K183156_CELL18657_N1","forced_two_terminal","lineage2",NA,0
"K183156_CELL18789_N1","forced_two_terminal","lineage2",NA,0
"K183156_CELL18792_N1","forced_two_terminal","lineage2",85.7085701215314,1
"K183156_CELL18793_N1","forced_two_terminal","lineage2",85.7085701215314,1
"K183156_CELL19813_N1","forced_two_terminal","lineage2",NA,0
"K183156_CELL19814_N1","forced_two_terminal","lineage2",85.6563797730918,1
"K183156_CELL19878_N1","forced_two_terminal","lineage2",81.6174733845758,1
"K183156_CELL20275_N1","forced_two_terminal","lineage2",85.1663233094118,1
"K183156_CELL20290_N1","forced_two_terminal","lineage2",63.209205247049,1
"K183156_CELL20345_N1","forced_two_terminal","lineage2",65.4809997929631,1
"K183156_CELL20450_N1","forced_two_terminal","lineage2",78.2001841691195,1
"K183156_CELL20562_N1","forced_two_terminal","lineage2",NA,0
"K183156_CELL20706_N1","forced_two_terminal","lineage2",NA,0
"K183156_CELL20789_N1","forced_two_terminal","lineage2",NA,0
"K183156_CELL20985_N1","forced_two_terminal","lineage2",72.3422735904879,1
"K183156_CELL21168_N1","forced_two_terminal","lineage2",76.3898093843281,1
"K183156_CELL21516_N1","forced_two_terminal","lineage2",79.4472185219428,1
"K183156_CELL21521_N1","forced_two_terminal","lineage2",67.1884639826744,1
"K183156_CELL21648_N1","forced_two_terminal","lineage2",85.7085701215314,1
"K183156_CELL21667_N1","forced_two_terminal","lineage2",78.7226890039464,1
"K183156_CELL21715_N1","forced_two_terminal","lineage2",72.3422735904879,1
"K183156_CELL21988_N1","forced_two_terminal","lineage2",NA,0
"K183156_CELL22021_N1","forced_two_terminal","lineage2",NA,0
"K183156_CELL22099_N1","forced_two_terminal","lineage2",81.56481206679,1
"K183156_CELL22266_N1","forced_two_terminal","lineage2",76.0451115116415,1
"K183156_CELL22495_N1","forced_two_terminal","lineage2",NA,0
"K183156_CELL22524_N1","forced_two_terminal","lineage2",72.6686104746791,0.708260448386488
"K183156_CELL22617_N1","forced_two_terminal","lineage2",71.1711583218527,1
"K183156_CELL22643_N1","forced_two_terminal","lineage2",46.7588275916435,1
"K183156_CELL22720_N1","forced_two_terminal","lineage2",66.421283962407,1
"K183156_CELL23175_N1","forced_two_terminal","lineage2",78.2557158884068,1
"K183156_CELL23273_N1","forced_two_terminal","lineage2",65.8450369811601,1
"K183156_CELL23386_N1","forced_two_terminal","lineage2",80.3925764310694,1
"K183156_CELL23524_N1","forced_two_terminal","lineage2",81.2234609667684,1
"K183156_CELL23808_N1","forced_two_terminal","lineage2",67.6665847518131,1
"K183156_CELL23876_N1","forced_two_terminal","lineage2",81.3476735501803,1
"K183156_CELL24187_N1","forced_two_terminal","lineage2",70.0813878696256,1
"K183156_CELL24214_N1","forced_two_terminal","lineage2",76.7843774723441,1
"K183156_CELL24301_N1","forced_two_terminal","lineage2",69.2402989956197,1
"K183156_CELL24762_N1","forced_two_terminal","lineage2",46.8819491872725,1
"K183156_CELL24977_N1","forced_two_terminal","lineage2",NA,0
"K183156_CELL25010_N1","forced_two_terminal","lineage2",67.7584855983373,1
"K183156_CELL25144_N1","forced_two_terminal","lineage2",71.7667873038493,1
"K183156_CELL25363_N1","forced_two_terminal","lineage2",72.7264950672703,1
"K183156_CELL25423_N1","forced_two_terminal","lineage2",73.3432365001583,1
"K183156_CELL25737_N1","forced_two_terminal","lineage2",68.839885097634,1
"K183156_CELL26172_N1","forced_two_terminal","lineage2",79.2969913095504,1
"K183156_CELL26269_N1","forced_two_terminal","lineage2",71.3374118613203,1
"K183156_CELL26381_N1","forced_two_terminal","lineage2",NA,0
"K183156_CELL26435_N1","forced_two_terminal","lineage2",18.1596837129136,1
"K183156_CELL26465_N1","forced_two_terminal","lineage2",85.7085701215314,1
"K183156_CELL26500_N1","forced_two_terminal","lineage2",NA,0
"K183156_CELL26953_N1","forced_two_terminal","lineage2",NA,0
"K183156_CELL26993_N1","forced_two_terminal","lineage2",57.0050935348381,0.963820028253773
"K183156_CELL27570_N1","forced_two_terminal","lineage2",68.8522788624914,1
"K183156_CELL27743_N1","forced_two_terminal","lineage2",NA,0
"K183156_CELL27800_N1","forced_two_terminal","lineage2",55.9200885098169,1
"K183156_CELL27868_N1","forced_two_terminal","lineage2",47.3376527727062,1
"K183156_CELL27961_N1","forced_two_terminal","lineage2",67.1884639826744,1
"K183156_CELL28048_N1","forced_two_terminal","lineage2",70.5501538953235,1
"K183156_CELL28084_N1","forced_two_terminal","lineage2",NA,0
"K183156_CELL28271_N1","forced_two_terminal","lineage2",78.1329832855159,1
"K183156_CELL28277_N1","forced_two_terminal","lineage2",72.1943632329624,0.660621081981964
"K183156_CELL28434_N1","forced_two_terminal","lineage2",71.1920181674932,1
"K183156_CELL28511_N1","forced_two_terminal","lineage2",65.4809997929631,0.906491924036703
"K183156_CELL28650_N1","forced_two_terminal","lineage2",NA,0
"K183156_CELL28725_N1","forced_two_terminal","lineage2",NA,0
"K183156_CELL28774_N1","forced_two_terminal","lineage2",NA,0
"K183156_CELL28889_N1","forced_two_terminal","lineage2",67.9285669195347,0.847544329274802
"K183156_CELL29055_N1","forced_two_terminal","lineage2",70.0447030977295,1
"K183156_CELL29107_N1","forced_two_terminal","lineage2",73.2794945818368,1
"K183156_CELL29144_N1","forced_two_terminal","lineage2",NA,0
"K183156_CELL29247_N1","forced_two_terminal","lineage2",65.7557510625934,1
"K183156_CELL29350_N1","forced_two_terminal","lineage2",NA,0
"K183156_CELL29405_N1","forced_two_terminal","lineage2",72.1549217311608,1
"K183156_CELL29464_N1","forced_two_terminal","lineage2",17.376413748513,1
"K183156_CELL29671_N1","forced_two_terminal","lineage2",69.0568744838614,1
"K183156_CELL29753_N1","forced_two_terminal","lineage2",67.9277547839032,1
"K183156_CELL29916_N1","forced_two_terminal","lineage2",69.2622899690484,1
"K183156_CELL29934_N1","forced_two_terminal","lineage2",NA,0
"K183156_CELL30145_N1","forced_two_terminal","lineage2",70.2975193948031,1
"K183156_CELL30180_N1","forced_two_terminal","lineage2",71.0305457181722,1
"K183156_CELL31044_N1","forced_two_terminal","lineage2",14.983771636302,1
"K183156_CELL31471_N1","forced_two_terminal","lineage2",76.690106493803,1
"K183156_CELL31584_N1","forced_two_terminal","lineage2",74.5284290761416,1
"K183156_CELL31596_N1","forced_two_terminal","lineage2",70.3803986569556,1
"K183156_CELL31644_N1","forced_two_terminal","lineage2",NA,0
"K183156_CELL31729_N1","forced_two_terminal","lineage2",76.1001515491533,1
"K183156_CELL31924_N1","forced_two_terminal","lineage2",64.9125815179619,1
"K183156_CELL32069_N1","forced_two_terminal","lineage2",71.2196141254126,1
"K183156_CELL32181_N1","forced_two_terminal","lineage2",71.9044709117664,1
"K183156_CELL32209_N1","forced_two_terminal","lineage2",NA,0
"K183261_CELL782_N3","forced_two_terminal","lineage2",73.294973212198,0.686784616751149
"K183261_CELL831_N2","forced_two_terminal","lineage2",65.5133190927537,1
"K183261_CELL1053_N6","forced_two_terminal","lineage2",79.3472929175809,1
"K183261_CELL1385_N2","forced_two_terminal","lineage2",62.1591598672459,1
"K183261_CELL1474_N3","forced_two_terminal","lineage2",3.5638129637575,1
"K183261_CELL1794_N4","forced_two_terminal","lineage2",NA,0
"K183261_CELL1909_N4","forced_two_terminal","lineage2",17.7816389235967,1
"K183261_CELL1937_N4","forced_two_terminal","lineage2",58.4968685341975,0.923432254095045
"K183261_CELL2058_N2","forced_two_terminal","lineage2",74.3002742728421,1
"K183261_CELL2230_N5","forced_two_terminal","lineage2",NA,0
"K183261_CELL2234_N4","forced_two_terminal","lineage2",60.5503485479796,1
"K183261_CELL2264_N3","forced_two_terminal","lineage2",85.4995450333774,1
"K183261_CELL2301_N2","forced_two_terminal","lineage2",54.2473443474817,1
"K183261_CELL3150_N2","forced_two_terminal","lineage2",NA,0
"K183261_CELL3380_N4","forced_two_terminal","lineage2",63.440304688959,1
"K183261_CELL3662_N6","forced_two_terminal","lineage2",64.9125815179619,1
"K183261_CELL3774_N3","forced_two_terminal","lineage2",65.2401139368449,1
"K183261_CELL4138_N3","forced_two_terminal","lineage2",NA,0
"K183261_CELL4247_N4","forced_two_terminal","lineage2",32.2215252146044,0.883016427011567
"K183261_CELL4530_N7","forced_two_terminal","lineage2",85.0052492468482,1
"K183261_CELL4642_N3","forced_two_terminal","lineage2",74.1501139717649,1
"K183261_CELL4741_N3","forced_two_terminal","lineage2",67.3026301092804,1
"K183261_CELL5112_N2","forced_two_terminal","lineage2",69.9435819969694,1
"K183261_CELL5265_N2","forced_two_terminal","lineage2",14.4226428519043,1
"K183261_CELL5296_N2","forced_two_terminal","lineage2",67.1903388287343,1
"K183261_CELL6116_N2","forced_two_terminal","lineage2",62.1923235005238,0.923023032128987
"K183261_CELL6202_N3","forced_two_terminal","lineage2",NA,0
"K183261_CELL7358_N2","forced_two_terminal","lineage2",82.7648043410955,1
"K183261_CELL7359_N1","forced_two_terminal","lineage2",27.1999115452837,1
"K183261_CELL8615_N4","forced_two_terminal","lineage2",63.5678800267127,0.924960688736658
"K183261_CELL9070_N3","forced_two_terminal","lineage2",NA,0
"K183261_CELL9269_N3","forced_two_terminal","lineage2",74.4318196002364,1
"K183261_CELL9511_N3","forced_two_terminal","lineage2",70.7768559665001,1
"K183261_CELL9537_N3","forced_two_terminal","lineage2",45.0691464427719,1
"K183261_CELL9555_N2","forced_two_terminal","lineage2",62.641634330681,0.882333364134728
"K183261_CELL9812_N4","forced_two_terminal","lineage2",63.2120681157727,0.868543462852036
"K183261_CELL9904_N2","forced_two_terminal","lineage2",59.4700828915266,1
"K183261_CELL10261_N1","forced_two_terminal","lineage2",NA,0
"K183261_CELL12047_N1","forced_two_terminal","lineage2",NA,0
"K183261_CELL13785_N1","forced_two_terminal","lineage2",62.9727974666264,0.816633257926052
"K183261_CELL17149_N1","forced_two_terminal","lineage2",67.4001880313062,1
"K183261_CELL17959_N1","forced_two_terminal","lineage2",NA,0
"K183261_CELL19488_N1","forced_two_terminal","lineage2",16.7061181469723,1
"K183261_CELL20828_N1","forced_two_terminal","lineage2",NA,0
"K183261_CELL26267_N1","forced_two_terminal","lineage2",61.0014130431777,1
"K183261_CELL30227_N1","forced_two_terminal","lineage2",NA,0
"K183261_CELL34896_N1","forced_two_terminal","lineage2",41.2781276995239,1
"K183261_CELL36106_N1","forced_two_terminal","lineage2",64.344535180689,1
"K183261_CELL37268_N1","forced_two_terminal","lineage2",NA,0
"K712771_CELL329_N4","forced_two_terminal","lineage2",76.8452542600876,1
"K712771_CELL502_N3","forced_two_terminal","lineage2",33.7031926561366,1
"K712771_CELL710_N4","forced_two_terminal","lineage2",65.9003250103391,0.855128659887786
"K712771_CELL834_N1","forced_two_terminal","lineage2",60.0411063102005,1
"K712771_CELL859_N6","forced_two_terminal","lineage2",63.209205247049,1
"K712771_CELL1003_N2","forced_two_terminal","lineage2",76.9840815787537,1
"K712771_CELL1279_N4","forced_two_terminal","lineage2",74.2898202184856,1
"K712771_CELL1351_N2","forced_two_terminal","lineage2",78.5140313860016,1
"K712771_CELL1464_N4","forced_two_terminal","lineage2",66.5629473524421,1
"K712771_CELL1603_N2","forced_two_terminal","lineage2",64.9125815179619,1
"K712771_CELL1806_N3","forced_two_terminal","lineage2",63.8766687338112,1
"K712771_CELL1977_N5","forced_two_terminal","lineage2",81.0301185569493,1
"K712771_CELL1989_N4","forced_two_terminal","lineage2",NA,0
"K712771_CELL1996_N3","forced_two_terminal","lineage2",65.1542947446566,1
"K712771_CELL2224_N4","forced_two_terminal","lineage2",68.1540478296359,1
"K712771_CELL2493_N7","forced_two_terminal","lineage2",NA,0
"K712771_CELL2762_N5","forced_two_terminal","lineage2",65.8728991985277,1
"K712771_CELL3052_N3","forced_two_terminal","lineage2",72.9794476991457,1
"K712771_CELL3113_N2","forced_two_terminal","lineage2",65.5712792521806,1
"K712771_CELL3674_N3","forced_two_terminal","lineage2",68.2374151410266,1
"K712771_CELL4138_N2","forced_two_terminal","lineage2",61.5062984775914,1
"K712771_CELL4504_N2","forced_two_terminal","lineage2",75.121137772474,1
"K712771_CELL5011_N4","forced_two_terminal","lineage2",61.5062984775914,1
"K712771_CELL5241_N2","forced_two_terminal","lineage2",62.6602668736151,1
"K712771_CELL5313_N2","forced_two_terminal","lineage2",68.75036364896,1
"K712771_CELL5445_N4","forced_two_terminal","lineage2",62.9528339785721,1
"K712771_CELL5485_N1","forced_two_terminal","lineage2",60.2653313573992,1
"K712771_CELL5492_N2","forced_two_terminal","lineage2",71.8712979929833,1
"K712771_CELL5571_N3","forced_two_terminal","lineage2",NA,0
"K712771_CELL5672_N2","forced_two_terminal","lineage2",78.5709192333217,1
"K712771_CELL5695_N3","forced_two_terminal","lineage2",NA,0
"K712771_CELL6146_N1","forced_two_terminal","lineage2",NA,0
"K712771_CELL6298_N2","forced_two_terminal","lineage2",39.4877958238546,1
"K712771_CELL6542_N3","forced_two_terminal","lineage2",NA,0
"K712771_CELL6576_N2","forced_two_terminal","lineage2",63.2394638997029,1
"K712771_CELL6579_N2","forced_two_terminal","lineage2",67.0773222300605,1
"K712771_CELL6732_N2","forced_two_terminal","lineage2",83.9411420493477,1
"K712771_CELL6787_N2","forced_two_terminal","lineage2",NA,0
"K712771_CELL6857_N3","forced_two_terminal","lineage2",70.6179858260899,1
"K712771_CELL7321_N4","forced_two_terminal","lineage2",NA,0
"K712771_CELL7398_N2","forced_two_terminal","lineage2",67.2870089468729,1
"K712771_CELL7490_N2","forced_two_terminal","lineage2",76.4989811175975,1
"K712771_CELL8181_N2","forced_two_terminal","lineage2",61.5062984775914,1
"K712771_CELL8397_N3","forced_two_terminal","lineage2",63.7371595435189,1
"K712771_CELL8809_N1","forced_two_terminal","lineage2",63.4082050281991,0.947890258949203
"K712771_CELL8906_N2","forced_two_terminal","lineage2",78.8613055411734,1
"K712771_CELL8975_N2","forced_two_terminal","lineage2",61.8726010644325,1
"K712771_CELL9044_N2","forced_two_terminal","lineage2",70.7029072681594,1
"K712771_CELL9469_N1","forced_two_terminal","lineage2",63.0530985874948,1
"K712771_CELL9682_N5","forced_two_terminal","lineage2",81.496809466215,1
"K712771_CELL10156_N2","forced_two_terminal","lineage2",NA,0
"K712771_CELL10795_N1","forced_two_terminal","lineage2",62.641634330681,1
"K712771_CELL11078_N2","forced_two_terminal","lineage2",61.9466484054133,1
"K712771_CELL11095_N3","forced_two_terminal","lineage2",85.7085701215314,1
"K712771_CELL11452_N2","forced_two_terminal","lineage2",70.4747049638632,1
"K712771_CELL11479_N2","forced_two_terminal","lineage2",67.0958719522864,1
"K712771_CELL11481_N2","forced_two_terminal","lineage2",66.049812302889,1
"K712771_CELL11522_N3","forced_two_terminal","lineage2",69.7730845711848,1
"K712771_CELL11558_N3","forced_two_terminal","lineage2",63.6451625381793,1
"K712771_CELL11931_N2","forced_two_terminal","lineage2",NA,0
"K712771_CELL12144_N2","forced_two_terminal","lineage2",80.8515569669016,1
"K712771_CELL12364_N3","forced_two_terminal","lineage2",76.5575880267569,1
"K712771_CELL12466_N1","forced_two_terminal","lineage2",58.3439851851272,1
"K712771_CELL12512_N1","forced_two_terminal","lineage2",60.8978186536743,1
"K712771_CELL12584_N2","forced_two_terminal","lineage2",57.8224896986902,0.993399732212427
"K712771_CELL12890_N2","forced_two_terminal","lineage2",59.2082049558619,1
"K712771_CELL13133_N1","forced_two_terminal","lineage2",66.4480787057011,1
"K712771_CELL13267_N1","forced_two_terminal","lineage2",57.991071208767,1
"K712771_CELL13941_N1","forced_two_terminal","lineage2",60.3705264182772,1
"K712771_CELL14353_N1","forced_two_terminal","lineage2",66.9777919484632,0.793710034604265
"K712771_CELL15190_N1","forced_two_terminal","lineage2",64.344535180689,1
"K712771_CELL15220_N1","forced_two_terminal","lineage2",63.209205247049,1
"K712771_CELL16633_N1","forced_two_terminal","lineage2",NA,0
"K712771_CELL16714_N1","forced_two_terminal","lineage2",61.5447526542727,1
"K712771_CELL17064_N1","forced_two_terminal","lineage2",19.9582392881726,1
"K712771_CELL17104_N1","forced_two_terminal","lineage2",NA,0
"K712771_CELL17382_N1","forced_two_terminal","lineage2",63.4628947231986,1
"K712771_CELL18078_N1","forced_two_terminal","lineage2",67.2886477498973,1
"K712771_CELL18219_N1","forced_two_terminal","lineage2",77.3572268352181,1
"K712771_CELL19019_N1","forced_two_terminal","lineage2",21.6189562115878,1
"K712771_CELL19429_N1","forced_two_terminal","lineage2",62.3202649483144,1
"K712771_CELL19483_N1","forced_two_terminal","lineage2",69.3651910676557,1
"K712771_CELL20341_N1","forced_two_terminal","lineage2",69.6659023778737,1
"K712771_CELL20624_N1","forced_two_terminal","lineage2",NA,0
"K712771_CELL20715_N1","forced_two_terminal","lineage2",NA,0
"K712771_CELL21116_N1","forced_two_terminal","lineage2",79.938620656512,1
"K712771_CELL21319_N1","forced_two_terminal","lineage2",62.0740336268542,1
"K712771_CELL21676_N1","forced_two_terminal","lineage2",63.209205247049,1
"K712771_CELL21794_N1","forced_two_terminal","lineage2",NA,0
"K712771_CELL22525_N1","forced_two_terminal","lineage2",64.2518791343119,1
"K712771_CELL23153_N1","forced_two_terminal","lineage2",NA,0
"K712771_CELL23672_N1","forced_two_terminal","lineage2",63.209205247049,1
"K712771_CELL23805_N1","forced_two_terminal","lineage2",63.209205247049,1
"N176712_CELL1209_N3","forced_two_terminal","lineage2",57.2847394247967,1
"N176712_CELL2777_N3","forced_two_terminal","lineage2",59.1875426377332,1
"N176712_CELL3232_N2","forced_two_terminal","lineage2",37.616104273939,1
"N176712_CELL3900_N2","forced_two_terminal","lineage2",18.9247398819666,1
"N176712_CELL4364_N2","forced_two_terminal","lineage2",56.7352390354892,1
"N176712_CELL5248_N3","forced_two_terminal","lineage2",NA,0
"N176712_CELL6455_N2","forced_two_terminal","lineage2",18.8896920871078,1
"N176712_CELL6949_N3","forced_two_terminal","lineage2",61.5062984775914,1
"N176712_CELL9310_N1","forced_two_terminal","lineage2",45.8421703885232,0.996752655803483
"N176712_CELL14513_N1","forced_two_terminal","lineage2",51.8408841685469,1
"N176712_CELL14881_N1","forced_two_terminal","lineage2",26.1800155858801,1
"N177536_CELL99_N5","forced_two_terminal","lineage2",11.79714048393,1
"N177536_CELL467_N2","forced_two_terminal","lineage2",56.3924889462787,1
"N177536_CELL641_N3","forced_two_terminal","lineage2",62.8726303893535,1
"N177536_CELL1859_N3","forced_two_terminal","lineage2",6.68706800028201,1
"N177536_CELL2671_N2","forced_two_terminal","lineage2",20.6786543702663,1
"N177536_CELL3702_N2","forced_two_terminal","lineage2",44.9223402560692,1
"N177536_CELL3817_N3","forced_two_terminal","lineage2",60.8143650512581,1
"N177536_CELL4444_N3","forced_two_terminal","lineage2",58.5064728435199,1
"N177536_CELL4931_N3","forced_two_terminal","lineage2",59.2867475260175,1
"N177536_CELL5149_N2","forced_two_terminal","lineage2",58.308567145265,1
"N177536_CELL5420_N3","forced_two_terminal","lineage2",30.9889892255765,0.975231599028059
"N177536_CELL5535_N2","forced_two_terminal","lineage2",19.8856763042021,1
"N177536_CELL5547_N2","forced_two_terminal","lineage2",49.583669653084,0.964695484505128
"N177536_CELL6495_N2","forced_two_terminal","lineage2",37.1305556469881,1
"N177536_CELL6881_N2","forced_two_terminal","lineage2",48.452491849891,0.98774663190885
"N177536_CELL8407_N2","forced_two_terminal","lineage2",61.1742609509498,1
"N177536_CELL8499_N2","forced_two_terminal","lineage2",48.1853293102723,1
"N177536_CELL8756_N3","forced_two_terminal","lineage2",19.2430223434109,1
"N177536_CELL8831_N2","forced_two_terminal","lineage2",71.0154536507435,0.823513004461727
"N177536_CELL9609_N2","forced_two_terminal","lineage2",44.1152687807682,0.973210522041108
"N177536_CELL9771_N2","forced_two_terminal","lineage2",19.7179852842171,1
"N177536_CELL9976_N2","forced_two_terminal","lineage2",47.2308053165168,1
"N177536_CELL10205_N3","forced_two_terminal","lineage2",21.0616314829389,1
"N177536_CELL10358_N2","forced_two_terminal","lineage2",57.7054909186825,0.924273083006603
"N177536_CELL11050_N3","forced_two_terminal","lineage2",57.297952386315,1
"N177536_CELL11056_N2","forced_two_terminal","lineage2",NA,0
"N177536_CELL11528_N3","forced_two_terminal","lineage2",68.4908140581067,0.833247292069069
"N177536_CELL11941_N3","forced_two_terminal","lineage2",47.7625835183508,0.977064667431937
"N177536_CELL13121_N1","forced_two_terminal","lineage2",60.4471131961546,1
"N177536_CELL15883_N1","forced_two_terminal","lineage2",59.7388491100685,1
"N177536_CELL16993_N1","forced_two_terminal","lineage2",NA,0
"N177536_CELL17130_N1","forced_two_terminal","lineage2",50.9998343787177,0.918139813766069
"N177536_CELL18616_N1","forced_two_terminal","lineage2",NA,0
"N177536_CELL19214_N1","forced_two_terminal","lineage2",44.9268458111044,1
"N177536_CELL19706_N1","forced_two_terminal","lineage2",34.9674388961686,1
"N177536_CELL20358_N1","forced_two_terminal","lineage2",21.7506222776098,1
"N177536_CELL22589_N1","forced_two_terminal","lineage2",18.770449585448,1
"N177536_CELL22836_N1","forced_two_terminal","lineage2",NA,0
"N177536_CELL22977_N1","forced_two_terminal","lineage2",24.1459042868208,1
"N177536_CELL23410_N1","forced_two_terminal","lineage2",35.8090487599479,1
"N177536_CELL25842_N1","forced_two_terminal","lineage2",73.9723089017641,1
"N177536_CELL26198_N1","forced_two_terminal","lineage2",61.5062984775914,1
"N177536_CELL27559_N1","forced_two_terminal","lineage2",NA,0
"N387690_CELL199_N3","forced_two_terminal","lineage2",47.8874924027982,1
"N387690_CELL228_N3","forced_two_terminal","lineage2",42.8152417105149,1
"N387690_CELL241_N3","forced_two_terminal","lineage2",35.5865802118389,1
"N387690_CELL304_N4","forced_two_terminal","lineage2",56.7994576897561,1
"N387690_CELL318_N4","forced_two_terminal","lineage2",30.2524397825843,1
"N387690_CELL357_N3","forced_two_terminal","lineage2",34.857935373316,1
"N387690_CELL370_N2","forced_two_terminal","lineage2",43.320191833906,1
"N387690_CELL477_N3","forced_two_terminal","lineage2",44.6291391416809,1
"N387690_CELL532_N4","forced_two_terminal","lineage2",47.7246664016747,0.986599277129465
"N387690_CELL573_N2","forced_two_terminal","lineage2",47.3229007157338,1
"N387690_CELL669_N3","forced_two_terminal","lineage2",41.6142386947875,0.997738488645326
"N387690_CELL780_N3","forced_two_terminal","lineage2",57.1521119990014,1
"N387690_CELL787_N3","forced_two_terminal","lineage2",42.8152417105149,0.989387408260985
"N387690_CELL811_N2","forced_two_terminal","lineage2",45.1378656539133,1
"N387690_CELL939_N3","forced_two_terminal","lineage2",33.7031926561366,0.995798136706809
"N387690_CELL1036_N1","forced_two_terminal","lineage2",55.5128424271578,1
"N387690_CELL1048_N2","forced_two_terminal","lineage2",39.0931351039588,1
"N387690_CELL1082_N4","forced_two_terminal","lineage2",58.6659339414664,1
"N387690_CELL1182_N2","forced_two_terminal","lineage2",44.5062038952481,1
"N387690_CELL1198_N2","forced_two_terminal","lineage2",43.4045984616474,1
"N387690_CELL1312_N2","forced_two_terminal","lineage2",41.4258136214792,1
"N387690_CELL1336_N2","forced_two_terminal","lineage2",41.229559439423,1
"N387690_CELL1371_N2","forced_two_terminal","lineage2",37.0968694593593,1
"N387690_CELL1400_N2","forced_two_terminal","lineage2",57.3847061122144,1
"N387690_CELL1473_N3","forced_two_terminal","lineage2",27.7680572683961,1
"N387690_CELL1541_N4","forced_two_terminal","lineage2",36.6539232467541,1
"N387690_CELL1569_N3","forced_two_terminal","lineage2",45.0615070485332,1
"N387690_CELL1703_N2","forced_two_terminal","lineage2",34.6565174239544,1
"N387690_CELL1731_N3","forced_two_terminal","lineage2",NA,0
"N387690_CELL1774_N3","forced_two_terminal","lineage2",46.7588275916435,1
"N387690_CELL1787_N3","forced_two_terminal","lineage2",46.2576718022157,0.984656696472351
"N387690_CELL1804_N4","forced_two_terminal","lineage2",46.3762364479584,1
"N387690_CELL1836_N3","forced_two_terminal","lineage2",40.4723783169198,1
"N387690_CELL1898_N4","forced_two_terminal","lineage2",36.6767961377932,0.997210980833803
"N387690_CELL2098_N2","forced_two_terminal","lineage2",42.1799052679058,1
"N387690_CELL2153_N3","forced_two_terminal","lineage2",57.5292109452668,1
"N387690_CELL2167_N2","forced_two_terminal","lineage2",47.3229007157338,1
"N387690_CELL2235_N5","forced_two_terminal","lineage2",36.1707489814477,1
"N387690_CELL2287_N3","forced_two_terminal","lineage2",41.1334699964598,1
"N387690_CELL2293_N4","forced_two_terminal","lineage2",41.9252297212711,1
"N387690_CELL2307_N2","forced_two_terminal","lineage2",NA,0
"N387690_CELL2367_N3","forced_two_terminal","lineage2",48.3636008891178,0.944721446709711
"N387690_CELL2428_N2","forced_two_terminal","lineage2",NA,0
"N387690_CELL2433_N2","forced_two_terminal","lineage2",36.4720236965627,1
"N387690_CELL2521_N2","forced_two_terminal","lineage2",46.1355849933834,1
"N387690_CELL2576_N3","forced_two_terminal","lineage2",45.6323054317665,1
"N387690_CELL2590_N3","forced_two_terminal","lineage2",40.2263441023216,1
"N387690_CELL2681_N2","forced_two_terminal","lineage2",48.452491849891,0.990717536716795
"N387690_CELL2703_N2","forced_two_terminal","lineage2",33.3534268547413,1
"N387690_CELL2827_N2","forced_two_terminal","lineage2",46.4571787874169,0.990896126037751
"N387690_CELL2934_N3","forced_two_terminal","lineage2",42.5922636649551,0.995470079227257
"N387690_CELL2939_N3","forced_two_terminal","lineage2",30.6602837894472,1
"N387690_CELL2976_N2","forced_two_terminal","lineage2",43.0453769398,0.993722893700278
"N387690_CELL3003_N3","forced_two_terminal","lineage2",43.3794009655649,1
"N387690_CELL3134_N3","forced_two_terminal","lineage2",23.5935753622557,1
"N387690_CELL3274_N3","forced_two_terminal","lineage2",NA,0
"N387690_CELL3328_N2","forced_two_terminal","lineage2",46.1737211249112,1
"N387690_CELL3396_N3","forced_two_terminal","lineage2",31.4648735650161,1
"N387690_CELL3416_N2","forced_two_terminal","lineage2",45.6323054317665,1
"N387690_CELL3433_N4","forced_two_terminal","lineage2",53.9135609754483,1
"N387690_CELL3453_N2","forced_two_terminal","lineage2",47.3229007157338,1
"N387690_CELL3526_N5","forced_two_terminal","lineage2",42.8152417105149,1
"N387690_CELL3575_N2","forced_two_terminal","lineage2",48.9217775205862,0.960422805138371
"N387690_CELL3596_N2","forced_two_terminal","lineage2",48.452491849891,0.988427097359376
"N387690_CELL3604_N2","forced_two_terminal","lineage2",54.6879008943076,1
"N387690_CELL3612_N4","forced_two_terminal","lineage2",45.922080655619,1
"N387690_CELL3631_N4","forced_two_terminal","lineage2",45.436698905912,1
"N387690_CELL3735_N3","forced_two_terminal","lineage2",40.469088460204,0.990965108382827
"N387690_CELL3873_N3","forced_two_terminal","lineage2",44.5062038952481,0.995953995362072
"N387690_CELL3902_N2","forced_two_terminal","lineage2",40.6190191911208,1
"N387690_CELL3923_N3","forced_two_terminal","lineage2",37.5591473295356,0.97424647304931
"N387690_CELL4047_N4","forced_two_terminal","lineage2",39.384293837104,1
"N387690_CELL4183_N2","forced_two_terminal","lineage2",30.9574887211182,1
"N387690_CELL4356_N4","forced_two_terminal","lineage2",42.5849611319912,0.992914882477635
"N387690_CELL4456_N2","forced_two_terminal","lineage2",42.3178398997543,1
"N387690_CELL4592_N7","forced_two_terminal","lineage2",60.7201472882288,1
"N387690_CELL4736_N2","forced_two_terminal","lineage2",47.2471584597435,1
"N387690_CELL4752_N3","forced_two_terminal","lineage2",NA,0
"N387690_CELL4803_N3","forced_two_terminal","lineage2",42.5038839332052,0.98637514046997
"N387690_CELL5015_N2","forced_two_terminal","lineage2",34.8498257253479,1
"N387690_CELL5034_N5","forced_two_terminal","lineage2",43.9431157507653,1
"N387690_CELL5095_N3","forced_two_terminal","lineage2",36.3415752849614,1
"N387690_CELL5103_N4","forced_two_terminal","lineage2",41.5274908636993,1
"N387690_CELL5147_N3","forced_two_terminal","lineage2",43.7015125459919,0.967940119566943
"N387690_CELL5163_N3","forced_two_terminal","lineage2",42.1418768060405,1
"N387690_CELL5319_N3","forced_two_terminal","lineage2",56.4147076340798,1
"N387690_CELL5347_N4","forced_two_terminal","lineage2",NA,0
"N387690_CELL5652_N2","forced_two_terminal","lineage2",55.3606630935394,1
"N387690_CELL5660_N3","forced_two_terminal","lineage2",46.1953986567385,1
"N387690_CELL5689_N2","forced_two_terminal","lineage2",46.83470250365,0.975304487135618
"N387690_CELL5726_N2","forced_two_terminal","lineage2",45.3117079952277,1
"N387690_CELL5772_N5","forced_two_terminal","lineage2",33.7728464130494,1
"N387690_CELL6006_N2","forced_two_terminal","lineage2",48.2993617892106,1
"N387690_CELL6059_N2","forced_two_terminal","lineage2",41.8371441258749,1
"N387690_CELL6261_N3","forced_two_terminal","lineage2",40.3494420767188,1
"N387690_CELL6304_N2","forced_two_terminal","lineage2",44.9770468693171,1
"N387690_CELL6362_N2","forced_two_terminal","lineage2",47.8874924027982,1
"N387690_CELL6518_N4","forced_two_terminal","lineage2",37.5999493741719,1
"N387690_CELL6594_N2","forced_two_terminal","lineage2",44.1534208979126,1
"N387690_CELL6668_N2","forced_two_terminal","lineage2",47.1548133853283,1
"N387690_CELL6871_N2","forced_two_terminal","lineage2",38.8203850826555,1
"N387690_CELL6935_N4","forced_two_terminal","lineage2",35.2461617870188,1
"N387690_CELL6951_N3","forced_two_terminal","lineage2",39.1041000863315,1
"N387690_CELL7016_N2","forced_two_terminal","lineage2",42.2505711683026,1
"N387690_CELL7026_N2","forced_two_terminal","lineage2",44.0138937893118,0.978412523694484
"N387690_CELL7096_N2","forced_two_terminal","lineage2",41.5085328108609,1
"N387690_CELL7121_N2","forced_two_terminal","lineage2",45.423313487001,1
"N387690_CELL7143_N3","forced_two_terminal","lineage2",NA,0
"N387690_CELL7176_N3","forced_two_terminal","lineage2",45.6508291450913,1
"N387690_CELL7208_N2","forced_two_terminal","lineage2",59.8818094481052,1
"N387690_CELL7473_N3","forced_two_terminal","lineage2",43.021410003126,1
"N387690_CELL7509_N2","forced_two_terminal","lineage2",NA,0
"N387690_CELL7538_N2","forced_two_terminal","lineage2",40.3214126434433,1
"N387690_CELL7573_N3","forced_two_terminal","lineage2",48.452491849891,1
"N387690_CELL7647_N3","forced_two_terminal","lineage2",49.0389576580006,0.987412479167155
"N387690_CELL7825_N2","forced_two_terminal","lineage2",41.9912134979082,1
"N387690_CELL7852_N2","forced_two_terminal","lineage2",35.4867611706288,1
"N387690_CELL7902_N2","forced_two_terminal","lineage2",45.6897820606295,0.993405611377636
"N387690_CELL7949_N2","forced_two_terminal","lineage2",54.2043859997133,1
"N387690_CELL8052_N2","forced_two_terminal","lineage2",58.3678825769801,1
"N387690_CELL8080_N2","forced_two_terminal","lineage2",43.8656701630598,1
"N387690_CELL8105_N2","forced_two_terminal","lineage2",39.9705918326553,1
"N387690_CELL8127_N2","forced_two_terminal","lineage2",40.5516590405821,1
"N387690_CELL8151_N3","forced_two_terminal","lineage2",42.5403183838705,1
"N387690_CELL8300_N2","forced_two_terminal","lineage2",45.2593157230395,1
"N387690_CELL8314_N4","forced_two_terminal","lineage2",36.2931628199162,1
"N387690_CELL8342_N2","forced_two_terminal","lineage2",40.5374692958699,1
"N387690_CELL8351_N3","forced_two_terminal","lineage2",41.3330768105965,0.979410035787879
"N387690_CELL8481_N2","forced_two_terminal","lineage2",40.5516590405821,1
"N387690_CELL8510_N3","forced_two_terminal","lineage2",58.6659339414664,1
"N387690_CELL8571_N2","forced_two_terminal","lineage2",32.5546051858292,1
"N387690_CELL8611_N2","forced_two_terminal","lineage2",47.7178439740503,1
"N387690_CELL8623_N3","forced_two_terminal","lineage2",39.066803934831,1
"N387690_CELL8670_N2","forced_two_terminal","lineage2",57.3978290081449,1
"N387690_CELL8732_N3","forced_two_terminal","lineage2",14.158538006883,0.707226290344243
"N387690_CELL8763_N2","forced_two_terminal","lineage2",57.6283692978763,1
"N387690_CELL8888_N2","forced_two_terminal","lineage2",54.6879008943076,1
"N387690_CELL8943_N2","forced_two_terminal","lineage2",42.5735332427268,1
"N387690_CELL9070_N2","forced_two_terminal","lineage2",46.2572359187079,1
"N387690_CELL9385_N2","forced_two_terminal","lineage2",46.2838625130706,0.991230507505336
"N387690_CELL9436_N2","forced_two_terminal","lineage2",41.6848781944169,0.998001092995118
"N387690_CELL9517_N2","forced_two_terminal","lineage2",44.3141797431369,0.992402541387812
"N387690_CELL9559_N2","forced_two_terminal","lineage2",45.7519795295176,1
"N387690_CELL9812_N2","forced_two_terminal","lineage2",46.3995871247357,0.992678153461329
"N387690_CELL9885_N3","forced_two_terminal","lineage2",45.184959113522,1
"N387690_CELL9890_N2","forced_two_terminal","lineage2",37.1631463088364,1
"N387690_CELL10048_N4","forced_two_terminal","lineage2",38.7972114214599,1
"N387690_CELL10058_N2","forced_two_terminal","lineage2",41.6848781944169,1
"N387690_CELL10163_N3","forced_two_terminal","lineage2",35.7452443841771,1
"N387690_CELL10200_N3","forced_two_terminal","lineage2",37.8309988897307,1
"N387690_CELL10230_N3","forced_two_terminal","lineage2",46.8311246519642,0.977678786289039
"N387690_CELL10274_N1","forced_two_terminal","lineage2",53.8770847967798,1
"N387690_CELL10291_N2","forced_two_terminal","lineage2",42.9366445126794,1
"N387690_CELL10744_N2","forced_two_terminal","lineage2",47.3583524136367,0.977973047023425
"N387690_CELL10762_N2","forced_two_terminal","lineage2",45.059797540026,1
"N387690_CELL10781_N2","forced_two_terminal","lineage2",42.6094849850797,1
"N387690_CELL10871_N3","forced_two_terminal","lineage2",41.7749866317401,1
"N387690_CELL10951_N2","forced_two_terminal","lineage2",43.4092615767935,1
"N387690_CELL10988_N2","forced_two_terminal","lineage2",46.7588275916435,0.984449464322467
"N387690_CELL11123_N2","forced_two_terminal","lineage2",46.1953986567385,1
"N387690_CELL11214_N2","forced_two_terminal","lineage2",46.1876708725134,1
"N387690_CELL11231_N2","forced_two_terminal","lineage2",43.2500078317011,1
"N387690_CELL11336_N3","forced_two_terminal","lineage2",42.1924322124514,1
"N387690_CELL11516_N4","forced_two_terminal","lineage2",42.1501021721523,1
"N387690_CELL11610_N2","forced_two_terminal","lineage2",46.5360031210053,1
"N387690_CELL11624_N2","forced_two_terminal","lineage2",44.4606507391479,0.998029524450917
"N387690_CELL11685_N2","forced_two_terminal","lineage2",NA,0
"N387690_CELL11737_N2","forced_two_terminal","lineage2",38.8370940557433,0.992402624630223
"N387690_CELL11864_N3","forced_two_terminal","lineage2",39.4153924027686,1
"N387690_CELL12009_N2","forced_two_terminal","lineage2",47.3229007157338,1
"N387690_CELL12013_N2","forced_two_terminal","lineage2",39.7912310731872,1
"N387690_CELL12032_N2","forced_two_terminal","lineage2",42.5749498270002,1
"N387690_CELL12180_N2","forced_two_terminal","lineage2",56.9608312337097,1
"N387690_CELL12201_N3","forced_two_terminal","lineage2",42.8152417105149,1
"N387690_CELL12225_N2","forced_two_terminal","lineage2",44.5062038952481,1
"N387690_CELL12532_N2","forced_two_terminal","lineage2",39.4159161645346,1
"N387690_CELL12554_N2","forced_two_terminal","lineage2",46.7588275916435,0.997283031359083
"N387690_CELL12600_N2","forced_two_terminal","lineage2",43.2844419525725,1
"N387690_CELL12652_N2","forced_two_terminal","lineage2",56.6072918837334,1
"N387690_CELL12834_N2","forced_two_terminal","lineage2",38.1989251930122,1
"N387690_CELL13111_N2","forced_two_terminal","lineage2",47.3229007157338,1
"N387690_CELL13137_N2","forced_two_terminal","lineage2",47.3673321188179,1
"N387690_CELL13168_N2","forced_two_terminal","lineage2",42.0915268250908,1
"N387690_CELL13400_N1","forced_two_terminal","lineage2",45.2930934669583,1
"N387690_CELL13518_N1","forced_two_terminal","lineage2",42.2587142758572,1
"N387690_CELL13708_N1","forced_two_terminal","lineage2",56.9608312337097,1
"N387690_CELL13917_N1","forced_two_terminal","lineage2",45.4449897955419,1
"N387690_CELL14005_N1","forced_two_terminal","lineage2",40.6225300715225,1
"N387690_CELL14114_N1","forced_two_terminal","lineage2",42.8152417105149,1
"N387690_CELL14242_N1","forced_two_terminal","lineage2",47.3229007157338,0.992113910576955
"N387690_CELL14327_N1","forced_two_terminal","lineage2",47.5476430985222,1
"N387690_CELL14331_N1","forced_two_terminal","lineage2",41.8266361362823,1
"N387690_CELL14504_N1","forced_two_terminal","lineage2",45.35760013976,0.98938250398401
"N387690_CELL14520_N1","forced_two_terminal","lineage2",46.1953986567385,0.988825486239134
"N387690_CELL14677_N1","forced_two_terminal","lineage2",47.1912987013948,1
"N387690_CELL14707_N1","forced_two_terminal","lineage2",46.7588275916435,1
"N387690_CELL14757_N1","forced_two_terminal","lineage2",46.7047276220238,1
"N387690_CELL15052_N1","forced_two_terminal","lineage2",46.8224251082051,1
"N387690_CELL15144_N1","forced_two_terminal","lineage2",42.0167177892595,1
"N387690_CELL15190_N1","forced_two_terminal","lineage2",42.5339187580335,0.969639162946967
"N387690_CELL15208_N1","forced_two_terminal","lineage2",56.1149555991978,1
"N387690_CELL15284_N1","forced_two_terminal","lineage2",41.8777868054934,0.996480770722284
"N387690_CELL15602_N1","forced_two_terminal","lineage2",47.8874924027982,1
"N387690_CELL15676_N1","forced_two_terminal","lineage2",45.5788806926553,1
"N387690_CELL15721_N1","forced_two_terminal","lineage2",59.3996779252024,1
"N387690_CELL15777_N1","forced_two_terminal","lineage2",40.275785825176,0.968508144660907
"N387690_CELL15787_N1","forced_two_terminal","lineage2",35.8139808119864,1
"N387690_CELL15796_N1","forced_two_terminal","lineage2",38.2777100324313,1
"N387690_CELL15927_N1","forced_two_terminal","lineage2",45.5547586889778,1
"N387690_CELL16076_N1","forced_two_terminal","lineage2",44.5062038952481,1
"N387690_CELL16196_N1","forced_two_terminal","lineage2",39.1482096384794,1
"N387690_CELL16327_N1","forced_two_terminal","lineage2",38.3494256780878,1
"N387690_CELL16328_N1","forced_two_terminal","lineage2",59.2342777202097,1
"N387690_CELL16368_N1","forced_two_terminal","lineage2",45.6323054317665,1
"N387690_CELL16444_N1","forced_two_terminal","lineage2",41.4680091465794,1
"N387690_CELL16480_N1","forced_two_terminal","lineage2",46.060133654523,0.98392860432365
"N387690_CELL16661_N1","forced_two_terminal","lineage2",45.0246929307975,1
"N387690_CELL16681_N1","forced_two_terminal","lineage2",47.2123028021747,1
"N387690_CELL16825_N1","forced_two_terminal","lineage2",39.5213478392132,1
"N387690_CELL16881_N1","forced_two_terminal","lineage2",NA,0
"N387690_CELL17065_N1","forced_two_terminal","lineage2",46.7588275916435,0.989904324753389
"N387690_CELL17160_N1","forced_two_terminal","lineage2",46.6276963830804,1
"N387690_CELL17338_N1","forced_two_terminal","lineage2",46.7159736880363,1
"N387690_CELL17356_N1","forced_two_terminal","lineage2",46.4289092498336,1
"N387690_CELL17497_N1","forced_two_terminal","lineage2",58.3252354945139,0.897973529426016
"N387690_CELL17766_N1","forced_two_terminal","lineage2",48.452491849891,1
"N387690_CELL17784_N1","forced_two_terminal","lineage2",41.4526804779286,1
"N387690_CELL17808_N1","forced_two_terminal","lineage2",NA,0
"N387690_CELL17887_N1","forced_two_terminal","lineage2",44.662495277773,1
"N387690_CELL18077_N1","forced_two_terminal","lineage2",43.6039508630716,1
"N387690_CELL18532_N1","forced_two_terminal","lineage2",44.2162547977656,1
"N387690_CELL18587_N1","forced_two_terminal","lineage2",54.5217850016398,0.946480855504795
"N387690_CELL18607_N1","forced_two_terminal","lineage2",47.3229007157338,1
"N387690_CELL18650_N1","forced_two_terminal","lineage2",44.1198202196519,1
"N387690_CELL18876_N1","forced_two_terminal","lineage2",40.4047868332743,1
"N387690_CELL18900_N1","forced_two_terminal","lineage2",46.9096452873599,1
"N387690_CELL18905_N1","forced_two_terminal","lineage2",47.3229007157338,1
"N387690_CELL18953_N1","forced_two_terminal","lineage2",44.2977839729039,0.997578568187668
"N387690_CELL19154_N1","forced_two_terminal","lineage2",38.2777100324313,1
"N387690_CELL19367_N1","forced_two_terminal","lineage2",46.3598225720197,1
"N387690_CELL19370_N1","forced_two_terminal","lineage2",42.7148956307498,1
"N387690_CELL19514_N1","forced_two_terminal","lineage2",45.0691464427719,1
"N387690_CELL19986_N1","forced_two_terminal","lineage2",57.6907926987165,1
"N387690_CELL20338_N1","forced_two_terminal","lineage2",42.8187847329545,1
"N387690_CELL20382_N1","forced_two_terminal","lineage2",60.0998506644506,1
"N387690_CELL20593_N1","forced_two_terminal","lineage2",NA,0
"N387690_CELL20615_N1","forced_two_terminal","lineage2",44.5062038952481,1
"N387690_CELL20716_N1","forced_two_terminal","lineage2",45.6650495124518,1
"N387690_CELL20809_N1","forced_two_terminal","lineage2",38.6081129996557,0.947226154762947
"N387690_CELL20890_N1","forced_two_terminal","lineage2",48.462661980804,1
"N387690_CELL20940_N1","forced_two_terminal","lineage2",53.5567543280283,1
"N387690_CELL20959_N1","forced_two_terminal","lineage2",46.793684141781,1
"N387690_CELL21237_N1","forced_two_terminal","lineage2",47.8874924027982,1
"N387690_CELL21242_N1","forced_two_terminal","lineage2",43.9431157507653,1
"N387690_CELL21451_N1","forced_two_terminal","lineage2",43.3794009655649,1
"N387690_CELL21567_N1","forced_two_terminal","lineage2",46.0808644888245,1
"N387690_CELL21636_N1","forced_two_terminal","lineage2",45.0691464427719,1
"N387690_CELL21668_N1","forced_two_terminal","lineage2",NA,0
"N387690_CELL21788_N1","forced_two_terminal","lineage2",45.7797961963993,1
"N387690_CELL22185_N1","forced_two_terminal","lineage2",48.8216314008638,1
"N387690_CELL22358_N1","forced_two_terminal","lineage2",47.3229007157338,0.999374918577752
"N387690_CELL22399_N1","forced_two_terminal","lineage2",45.5697278489276,1
"N387690_CELL22433_N1","forced_two_terminal","lineage2",47.116158902488,1
"N387690_CELL22642_N1","forced_two_terminal","lineage2",49.017898243638,0.945420595160945
"N387690_CELL22657_N1","forced_two_terminal","lineage2",34.4939781845323,1
"N387690_CELL22759_N1","forced_two_terminal","lineage2",48.452491849891,0.983442837946449
"N387690_CELL22827_N1","forced_two_terminal","lineage2",NA,0
"N387690_CELL22936_N1","forced_two_terminal","lineage2",42.8152417105149,1
"N387690_CELL22944_N1","forced_two_terminal","lineage2",42.8289848036093,1
"N387690_CELL23098_N1","forced_two_terminal","lineage2",43.7859005675746,1
"N387690_CELL23353_N1","forced_two_terminal","lineage2",55.2126987365602,1
"N387690_CELL23365_N1","forced_two_terminal","lineage2",44.8464570472033,1
"N387690_CELL23371_N1","forced_two_terminal","lineage2",44.7045833794026,1
"N387690_CELL23678_N1","forced_two_terminal","lineage2",44.3562706435592,0.992740526590879
"N387690_CELL23683_N1","forced_two_terminal","lineage2",48.3739138741682,0.992041692505369
"N387690_CELL23687_N1","forced_two_terminal","lineage2",43.3794009655649,1
"N387690_CELL23969_N1","forced_two_terminal","lineage2",NA,0
"N387690_CELL24223_N1","forced_two_terminal","lineage2",NA,0
"N387690_CELL24463_N1","forced_two_terminal","lineage2",54.3714048239034,1
"N387690_CELL24542_N1","forced_two_terminal","lineage2",45.6323054317665,1
"N387690_CELL24571_N1","forced_two_terminal","lineage2",44.2395929709999,0.998693809606233
"N387690_CELL24707_N1","forced_two_terminal","lineage2",39.4159161645346,1
"N387690_CELL24811_N1","forced_two_terminal","lineage2",45.6323054317665,1
"N387690_CELL24914_N1","forced_two_terminal","lineage2",46.1953986567385,0.998131677702162
"N387690_CELL25178_N1","forced_two_terminal","lineage2",39.3643409094384,1
"N387690_CELL25306_N1","forced_two_terminal","lineage2",44.0222169521899,1
"N387690_CELL25358_N1","forced_two_terminal","lineage2",39.661813930135,0.947304684409099
"N387690_CELL25461_N1","forced_two_terminal","lineage2",46.6318295152088,1
"N387690_CELL25723_N1","forced_two_terminal","lineage2",39.2432286966279,1
"N387690_CELL25737_N1","forced_two_terminal","lineage2",54.6652246061377,0.939895623138701
"N387690_CELL26286_N1","forced_two_terminal","lineage2",54.1638557295279,1
"N387690_CELL26358_N1","forced_two_terminal","lineage2",50.5242582889927,1
"N387690_CELL26373_N1","forced_two_terminal","lineage2",44.6248611729771,1
"N387690_CELL26375_N1","forced_two_terminal","lineage2",46.1953986567385,1
"N387690_CELL26376_N1","forced_two_terminal","lineage2",58.097593103567,1
"N387690_CELL27004_N1","forced_two_terminal","lineage2",45.8989521073267,1
"N387690_CELL27171_N1","forced_two_terminal","lineage2",46.9212089483778,1
"N387690_CELL27178_N1","forced_two_terminal","lineage2",45.526636154831,1
"N387690_CELL27194_N1","forced_two_terminal","lineage2",NA,0
"N387690_CELL27266_N1","forced_two_terminal","lineage2",50.3605218851082,1
"N387690_CELL27307_N1","forced_two_terminal","lineage2",46.7588275916435,1
"N387690_CELL27560_N1","forced_two_terminal","lineage2",NA,0
"N387690_CELL27569_N1","forced_two_terminal","lineage2",53.2250705720643,1
"N387690_CELL27976_N1","forced_two_terminal","lineage2",42.9443723547734,1
"N387690_CELL28594_N1","forced_two_terminal","lineage2",53.7675890306916,1
"K183156_CELL11_N5","start_only_unsupervised","lineage1",83.5099379591592,1
"K183156_CELL43_N2","start_only_unsupervised","lineage1",73.0421578136192,1
"K183156_CELL63_N3","start_only_unsupervised","lineage1",55.455945184739,1
"K183156_CELL134_N2","start_only_unsupervised","lineage1",53.8696938489873,1
"K183156_CELL147_N3","start_only_unsupervised","lineage1",51.4063944234819,1
"K183156_CELL197_N3","start_only_unsupervised","lineage1",53.3623862349344,1
"K183156_CELL217_N3","start_only_unsupervised","lineage1",24.5134008457897,1
"K183156_CELL243_N4","start_only_unsupervised","lineage1",51.8703303381985,1
"K183156_CELL256_N5","start_only_unsupervised","lineage1",54.6902041786691,1
"K183156_CELL258_N5","start_only_unsupervised","lineage1",43.7471053310647,1
"K183156_CELL273_N2","start_only_unsupervised","lineage1",61.2576838911515,1
"K183156_CELL281_N1","start_only_unsupervised","lineage1",49.6134760228313,1
"K183156_CELL353_N3","start_only_unsupervised","lineage1",54.1124419195492,1
"K183156_CELL373_N3","start_only_unsupervised","lineage1",44.9581937358015,1
"K183156_CELL433_N4","start_only_unsupervised","lineage1",50.8425864462467,1
"K183156_CELL466_N2","start_only_unsupervised","lineage1",43.470013537722,1
"K183156_CELL470_N2","start_only_unsupervised","lineage1",53.6359518002986,1
"K183156_CELL473_N1","start_only_unsupervised","lineage1",49.6336394556776,1
"K183156_CELL484_N2","start_only_unsupervised","lineage1",55.455945184739,1
"K183156_CELL499_N3","start_only_unsupervised","lineage1",46.7147298268696,1
"K183156_CELL545_N2","start_only_unsupervised","lineage1",51.3740388020544,1
"K183156_CELL561_N7","start_only_unsupervised","lineage1",43.8422462449132,1
"K183156_CELL638_N2","start_only_unsupervised","lineage1",41.0945269710364,1
"K183156_CELL644_N4","start_only_unsupervised","lineage1",50.8933315656817,1
"K183156_CELL654_N3","start_only_unsupervised","lineage1",48.9294784841925,1
"K183156_CELL673_N2","start_only_unsupervised","lineage1",51.3740388020544,1
"K183156_CELL691_N4","start_only_unsupervised","lineage1",56.3516444536132,1
"K183156_CELL708_N3","start_only_unsupervised","lineage1",47.1351660050771,1
"K183156_CELL755_N3","start_only_unsupervised","lineage1",54.3000032971247,1
"K183156_CELL762_N2","start_only_unsupervised","lineage1",42.3599872169457,1
"K183156_CELL765_N2","start_only_unsupervised","lineage1",89.5329695346457,1
"K183156_CELL793_N2","start_only_unsupervised","lineage1",51.3740388020544,1
"K183156_CELL820_N3","start_only_unsupervised","lineage1",43.1331591258849,1
"K183156_CELL890_N3","start_only_unsupervised","lineage1",43.2060878471499,1
"K183156_CELL928_N4","start_only_unsupervised","lineage1",55.625083341528,1
"K183156_CELL962_N3","start_only_unsupervised","lineage1",49.3205319556344,1
"K183156_CELL1019_N5","start_only_unsupervised","lineage1",51.3740388020544,1
"K183156_CELL1056_N3","start_only_unsupervised","lineage1",49.6356329122282,1
"K183156_CELL1080_N2","start_only_unsupervised","lineage1",41.1577831999543,1
"K183156_CELL1105_N3","start_only_unsupervised","lineage1",49.8531349737816,1
"K183156_CELL1129_N3","start_only_unsupervised","lineage1",44.3608336225614,1
"K183156_CELL1265_N5","start_only_unsupervised","lineage1",47.2225235117068,1
"K183156_CELL1278_N2","start_only_unsupervised","lineage1",48.7261867429668,1
"K183156_CELL1314_N3","start_only_unsupervised","lineage1",44.7151052141025,1
"K183156_CELL1374_N4","start_only_unsupervised","lineage1",97.5309809843617,1
"K183156_CELL1393_N6","start_only_unsupervised","lineage1",52.1320800476036,1
"K183156_CELL1402_N2","start_only_unsupervised","lineage1",53.3623862349344,1
"K183156_CELL1420_N2","start_only_unsupervised","lineage1",41.0994773991258,1
"K183156_CELL1441_N5","start_only_unsupervised","lineage1",56.7813204812261,1
"K183156_CELL1444_N2","start_only_unsupervised","lineage1",47.2177342914647,1
"K183156_CELL1454_N2","start_only_unsupervised","lineage1",24.485640084919,1
"K183156_CELL1489_N5","start_only_unsupervised","lineage1",57.3136635828044,1
"K183156_CELL1614_N2","start_only_unsupervised","lineage1",44.2032577670397,1
"K183156_CELL1662_N2","start_only_unsupervised","lineage1",51.8703303381985,1
"K183156_CELL1675_N4","start_only_unsupervised","lineage1",51.3740388020544,1
"K183156_CELL1694_N3","start_only_unsupervised","lineage1",72.1762132271253,1
"K183156_CELL1727_N2","start_only_unsupervised","lineage1",47.9064244442518,1
"K183156_CELL1729_N3","start_only_unsupervised","lineage1",88.2776520398495,1
"K183156_CELL1811_N3","start_only_unsupervised","lineage1",50.8739009873843,1
"K183156_CELL1827_N2","start_only_unsupervised","lineage1",53.5042712533839,1
"K183156_CELL1828_N6","start_only_unsupervised","lineage1",52.365359146195,1
"K183156_CELL1884_N3","start_only_unsupervised","lineage1",49.524549881735,1
"K183156_CELL1943_N4","start_only_unsupervised","lineage1",50.367560394249,1
"K183156_CELL1957_N2","start_only_unsupervised","lineage1",45.9843215514929,1
"K183156_CELL1963_N3","start_only_unsupervised","lineage1",88.5429964819986,1
"K183156_CELL1973_N3","start_only_unsupervised","lineage1",41.0945269710364,1
"K183156_CELL1979_N4","start_only_unsupervised","lineage1",50.7774619653299,1
"K183156_CELL2019_N4","start_only_unsupervised","lineage1",50.8739009873843,1
"K183156_CELL2048_N3","start_only_unsupervised","lineage1",51.107607097549,1
"K183156_CELL2078_N2","start_only_unsupervised","lineage1",47.8225594284077,1
"K183156_CELL2081_N2","start_only_unsupervised","lineage1",102.230879684298,1
"K183156_CELL2091_N3","start_only_unsupervised","lineage1",52.2653423364916,1
"K183156_CELL2113_N3","start_only_unsupervised","lineage1",45.8192777838734,1
"K183156_CELL2138_N3","start_only_unsupervised","lineage1",52.495211357809,1
"K183156_CELL2159_N5","start_only_unsupervised","lineage1",52.5341627688043,1
"K183156_CELL2178_N3","start_only_unsupervised","lineage1",47.3504485371775,1
"K183156_CELL2231_N4","start_only_unsupervised","lineage1",43.0966418264461,1
"K183156_CELL2242_N2","start_only_unsupervised","lineage1",52.0799013463675,1
"K183156_CELL2337_N3","start_only_unsupervised","lineage1",51.7457100342699,1
"K183156_CELL2359_N3","start_only_unsupervised","lineage1",51.3740388020544,1
"K183156_CELL2371_N2","start_only_unsupervised","lineage1",48.8032786697514,1
"K183156_CELL2428_N2","start_only_unsupervised","lineage1",49.390535867364,1
"K183156_CELL2433_N2","start_only_unsupervised","lineage1",44.5470731507735,1
"K183156_CELL2447_N3","start_only_unsupervised","lineage1",103.206437612089,1
"K183156_CELL2454_N4","start_only_unsupervised","lineage1",40.4499511318324,1
"K183156_CELL2473_N2","start_only_unsupervised","lineage1",88.6333093306031,1
"K183156_CELL2499_N3","start_only_unsupervised","lineage1",53.4848605690555,1
"K183156_CELL2529_N3","start_only_unsupervised","lineage1",51.9244389771927,1
"K183156_CELL2551_N2","start_only_unsupervised","lineage1",25.8498034586715,1
"K183156_CELL2555_N3","start_only_unsupervised","lineage1",48.3731419981664,1
"K183156_CELL2620_N2","start_only_unsupervised","lineage1",52.8618137310202,1
"K183156_CELL2649_N3","start_only_unsupervised","lineage1",51.79459138243,1
"K183156_CELL2658_N3","start_only_unsupervised","lineage1",53.9721216136929,1
"K183156_CELL2748_N3","start_only_unsupervised","lineage1",50.8739009873843,1
"K183156_CELL2769_N3","start_only_unsupervised","lineage1",70.4838087475549,1
"K183156_CELL2775_N2","start_only_unsupervised","lineage1",38.6436842958877,1
"K183156_CELL2778_N4","start_only_unsupervised","lineage1",46.8757657088421,1
"K183156_CELL2827_N2","start_only_unsupervised","lineage1",54.9144353634326,1
"K183156_CELL2846_N2","start_only_unsupervised","lineage1",36.0007486015787,1
"K183156_CELL2938_N4","start_only_unsupervised","lineage1",41.3742824113011,1
"K183156_CELL2945_N4","start_only_unsupervised","lineage1",46.8223868078247,1
"K183156_CELL2946_N3","start_only_unsupervised","lineage1",97.0946293954006,1
"K183156_CELL2958_N2","start_only_unsupervised","lineage1",37.102526575861,1
"K183156_CELL2981_N2","start_only_unsupervised","lineage1",46.8846017662973,1
"K183156_CELL2982_N2","start_only_unsupervised","lineage1",42.093711700088,1
"K183156_CELL3016_N5","start_only_unsupervised","lineage1",49.7560879506592,1
"K183156_CELL3046_N3","start_only_unsupervised","lineage1",53.3623862349344,1
"K183156_CELL3060_N2","start_only_unsupervised","lineage1",45.0300543181258,1
"K183156_CELL3087_N5","start_only_unsupervised","lineage1",52.8618137310202,1
"K183156_CELL3120_N2","start_only_unsupervised","lineage1",44.9543850520841,1
"K183156_CELL3150_N3","start_only_unsupervised","lineage1",43.3340658035363,1
"K183156_CELL3175_N3","start_only_unsupervised","lineage1",44.8038707988723,1
"K183156_CELL3188_N3","start_only_unsupervised","lineage1",46.6089956917922,1
"K183156_CELL3213_N3","start_only_unsupervised","lineage1",41.6216326016698,1
"K183156_CELL3229_N6","start_only_unsupervised","lineage1",56.6804258115596,1
"K183156_CELL3282_N3","start_only_unsupervised","lineage1",41.3848677780364,1
"K183156_CELL3331_N2","start_only_unsupervised","lineage1",58.7783892812549,1
"K183156_CELL3334_N3","start_only_unsupervised","lineage1",85.8571577374638,1
"K183156_CELL3366_N2","start_only_unsupervised","lineage1",86.595120367729,1
"K183156_CELL3417_N2","start_only_unsupervised","lineage1",75.0397050505789,1
"K183156_CELL3422_N3","start_only_unsupervised","lineage1",53.1843782871701,1
"K183156_CELL3434_N3","start_only_unsupervised","lineage1",50.6144798592569,1
"K183156_CELL3519_N5","start_only_unsupervised","lineage1",41.7866463470577,1
"K183156_CELL3538_N3","start_only_unsupervised","lineage1",41.7311201390404,1
"K183156_CELL3547_N3","start_only_unsupervised","lineage1",48.9699772321251,1
"K183156_CELL3560_N3","start_only_unsupervised","lineage1",51.3740388020544,1
"K183156_CELL3568_N2","start_only_unsupervised","lineage1",84.2491790272731,1
"K183156_CELL3584_N2","start_only_unsupervised","lineage1",44.8659945117804,1
"K183156_CELL3589_N9","start_only_unsupervised","lineage1",52.8618137310202,1
"K183156_CELL3599_N2","start_only_unsupervised","lineage1",53.9970511949632,1
"K183156_CELL3618_N2","start_only_unsupervised","lineage1",74.5291345535826,1
"K183156_CELL3629_N3","start_only_unsupervised","lineage1",46.3820070120587,1
"K183156_CELL3682_N6","start_only_unsupervised","lineage1",48.7956034570565,1
"K183156_CELL3787_N2","start_only_unsupervised","lineage1",91.7057124387442,1
"K183156_CELL3796_N4","start_only_unsupervised","lineage1",42.9815020765139,1
"K183156_CELL3811_N2","start_only_unsupervised","lineage1",46.1458748739813,1
"K183156_CELL3836_N2","start_only_unsupervised","lineage1",45.7048882884998,1
"K183156_CELL3983_N2","start_only_unsupervised","lineage1",84.2325474256169,1
"K183156_CELL4036_N2","start_only_unsupervised","lineage1",51.2261004807291,1
"K183156_CELL4044_N2","start_only_unsupervised","lineage1",45.0913764398046,1
"K183156_CELL4087_N4","start_only_unsupervised","lineage1",51.3740388020544,1
"K183156_CELL4095_N2","start_only_unsupervised","lineage1",61.5452401995721,1
"K183156_CELL4111_N2","start_only_unsupervised","lineage1",58.5962946575113,1
"K183156_CELL4181_N4","start_only_unsupervised","lineage1",52.3665613387062,1
"K183156_CELL4245_N2","start_only_unsupervised","lineage1",46.4831671055263,1
"K183156_CELL4250_N2","start_only_unsupervised","lineage1",96.5374747569236,1
"K183156_CELL4256_N3","start_only_unsupervised","lineage1",56.0126077159958,1
"K183156_CELL4302_N4","start_only_unsupervised","lineage1",83.5234120868822,1
"K183156_CELL4321_N3","start_only_unsupervised","lineage1",43.5570616500184,1
"K183156_CELL4352_N2","start_only_unsupervised","lineage1",45.9469851973789,1
"K183156_CELL4353_N3","start_only_unsupervised","lineage1",46.5637015559995,1
"K183156_CELL4414_N2","start_only_unsupervised","lineage1",82.8850741354697,1
"K183156_CELL4417_N4","start_only_unsupervised","lineage1",55.548942667786,1
"K183156_CELL4525_N2","start_only_unsupervised","lineage1",52.9628383426572,1
"K183156_CELL4527_N2","start_only_unsupervised","lineage1",53.0415737279855,1
"K183156_CELL4530_N2","start_only_unsupervised","lineage1",70.3031414946971,1
"K183156_CELL4548_N2","start_only_unsupervised","lineage1",49.1363266376668,1
"K183156_CELL4592_N3","start_only_unsupervised","lineage1",93.741280835128,1
"K183156_CELL4602_N2","start_only_unsupervised","lineage1",53.3623862349344,1
"K183156_CELL4661_N3","start_only_unsupervised","lineage1",50.3530604374407,1
"K183156_CELL4664_N3","start_only_unsupervised","lineage1",45.9843215514929,1
"K183156_CELL4670_N2","start_only_unsupervised","lineage1",51.4867957424478,1
"K183156_CELL4716_N2","start_only_unsupervised","lineage1",55.455945184739,1
"K183156_CELL4735_N2","start_only_unsupervised","lineage1",43.5524784852894,1
"K183156_CELL4737_N2","start_only_unsupervised","lineage1",56.7017314354888,1
"K183156_CELL4769_N2","start_only_unsupervised","lineage1",56.8252919046794,1
"K183156_CELL4774_N4","start_only_unsupervised","lineage1",58.5536456363769,1
"K183156_CELL4785_N3","start_only_unsupervised","lineage1",49.8531349737816,1
"K183156_CELL4832_N2","start_only_unsupervised","lineage1",47.0421824145713,1
"K183156_CELL4864_N4","start_only_unsupervised","lineage1",50.6409774685752,1
"K183156_CELL4890_N2","start_only_unsupervised","lineage1",26.9133434126188,1
"K183156_CELL4903_N1","start_only_unsupervised","lineage1",54.6759670609239,1
"K183156_CELL4906_N2","start_only_unsupervised","lineage1",56.296541600263,1
"K183156_CELL4926_N5","start_only_unsupervised","lineage1",54.3862614647578,1
"K183156_CELL4970_N3","start_only_unsupervised","lineage1",50.9510250551368,1
"K183156_CELL5033_N2","start_only_unsupervised","lineage1",42.8376341832571,1
"K183156_CELL5062_N2","start_only_unsupervised","lineage1",53.5536172187089,1
"K183156_CELL5063_N3","start_only_unsupervised","lineage1",46.5637015559995,1
"K183156_CELL5156_N2","start_only_unsupervised","lineage1",48.8902043135827,1
"K183156_CELL5164_N2","start_only_unsupervised","lineage1",42.7013318039102,1
"K183156_CELL5178_N2","start_only_unsupervised","lineage1",65.488427039637,1
"K183156_CELL5230_N3","start_only_unsupervised","lineage1",58.8111976562817,1
"K183156_CELL5234_N3","start_only_unsupervised","lineage1",41.1411288884517,1
"K183156_CELL5237_N4","start_only_unsupervised","lineage1",53.3771875901719,1
"K183156_CELL5261_N4","start_only_unsupervised","lineage1",50.771164907526,1
"K183156_CELL5282_N4","start_only_unsupervised","lineage1",54.3862614647578,1
"K183156_CELL5296_N5","start_only_unsupervised","lineage1",51.9301101559184,1
"K183156_CELL5331_N2","start_only_unsupervised","lineage1",46.0017090868499,1
"K183156_CELL5391_N3","start_only_unsupervised","lineage1",53.3623862349344,1
"K183156_CELL5395_N2","start_only_unsupervised","lineage1",23.2384301231099,1
"K183156_CELL5401_N4","start_only_unsupervised","lineage1",52.6007359343722,1
"K183156_CELL5416_N2","start_only_unsupervised","lineage1",45.3975344849745,1
"K183156_CELL5429_N3","start_only_unsupervised","lineage1",61.1422291264395,1
"K183156_CELL5448_N5","start_only_unsupervised","lineage1",47.6979767593788,1
"K183156_CELL5527_N1","start_only_unsupervised","lineage1",56.3881874559898,1
"K183156_CELL5538_N3","start_only_unsupervised","lineage1",52.365359146195,1
"K183156_CELL5560_N2","start_only_unsupervised","lineage1",47.7442453315026,1
"K183156_CELL5595_N2","start_only_unsupervised","lineage1",45.3975344849745,1
"K183156_CELL5657_N3","start_only_unsupervised","lineage1",43.5958580812418,1
"K183156_CELL5696_N2","start_only_unsupervised","lineage1",56.0630634930362,1
"K183156_CELL5725_N2","start_only_unsupervised","lineage1",51.2001341795122,1
"K183156_CELL5765_N2","start_only_unsupervised","lineage1",54.3862614647578,1
"K183156_CELL5796_N2","start_only_unsupervised","lineage1",49.6413350443669,1
"K183156_CELL5802_N2","start_only_unsupervised","lineage1",52.9007991343579,1
"K183156_CELL5859_N3","start_only_unsupervised","lineage1",52.4484190995106,1
"K183156_CELL5863_N2","start_only_unsupervised","lineage1",81.8915288366569,1
"K183156_CELL5864_N4","start_only_unsupervised","lineage1",45.7489964521113,1
"K183156_CELL5889_N3","start_only_unsupervised","lineage1",48.7591088032977,1
"K183156_CELL5901_N2","start_only_unsupervised","lineage1",44.7413202002911,1
"K183156_CELL5919_N2","start_only_unsupervised","lineage1",42.3599872169457,1
"K183156_CELL5921_N3","start_only_unsupervised","lineage1",53.8861896987161,1
"K183156_CELL5930_N3","start_only_unsupervised","lineage1",99.8819962078462,1
"K183156_CELL6004_N1","start_only_unsupervised","lineage1",53.3166395653691,1
"K183156_CELL6040_N2","start_only_unsupervised","lineage1",49.707946337706,1
"K183156_CELL6049_N2","start_only_unsupervised","lineage1",55.4145355063376,1
"K183156_CELL6069_N4","start_only_unsupervised","lineage1",50.367560394249,1
"K183156_CELL6103_N3","start_only_unsupervised","lineage1",66.5961866623466,1
"K183156_CELL6123_N3","start_only_unsupervised","lineage1",27.4780341256874,1
"K183156_CELL6165_N3","start_only_unsupervised","lineage1",23.5274742379144,1
"K183156_CELL6200_N3","start_only_unsupervised","lineage1",45.5982750215692,1
"K183156_CELL6202_N6","start_only_unsupervised","lineage1",47.6979767593788,1
"K183156_CELL6203_N4","start_only_unsupervised","lineage1",42.3599872169457,1
"K183156_CELL6238_N2","start_only_unsupervised","lineage1",75.9677195163228,1
"K183156_CELL6255_N3","start_only_unsupervised","lineage1",44.2998419995211,1
"K183156_CELL6300_N4","start_only_unsupervised","lineage1",51.9942348560811,1
"K183156_CELL6303_N2","start_only_unsupervised","lineage1",25.8355466383724,1
"K183156_CELL6336_N2","start_only_unsupervised","lineage1",48.7340068649614,1
"K183156_CELL6421_N1","start_only_unsupervised","lineage1",52.365359146195,1
"K183156_CELL6484_N5","start_only_unsupervised","lineage1",50.6427831826665,1
"K183156_CELL6512_N3","start_only_unsupervised","lineage1",74.6890533210102,1
"K183156_CELL6587_N3","start_only_unsupervised","lineage1",88.6574485330866,1
"K183156_CELL6598_N2","start_only_unsupervised","lineage1",43.6212741160663,1
"K183156_CELL6632_N3","start_only_unsupervised","lineage1",51.1972452786648,1
"K183156_CELL6661_N3","start_only_unsupervised","lineage1",48.5602472352522,1
"K183156_CELL6708_N2","start_only_unsupervised","lineage1",89.0957643310703,1
"K183156_CELL6743_N3","start_only_unsupervised","lineage1",32.9504916727316,1
"K183156_CELL6793_N2","start_only_unsupervised","lineage1",79.7076820053948,1
"K183156_CELL6846_N3","start_only_unsupervised","lineage1",46.6988935677712,1
"K183156_CELL6847_N2","start_only_unsupervised","lineage1",50.367560394249,1
"K183156_CELL6863_N2","start_only_unsupervised","lineage1",52.8618137310202,1
"K183156_CELL6864_N2","start_only_unsupervised","lineage1",88.3686025434769,1
"K183156_CELL6877_N2","start_only_unsupervised","lineage1",40.6285447873228,1
"K183156_CELL6880_N3","start_only_unsupervised","lineage1",51.8703303381985,1
"K183156_CELL6895_N3","start_only_unsupervised","lineage1",47.1653888555725,1
"K183156_CELL6901_N2","start_only_unsupervised","lineage1",51.2875711747308,1
"K183156_CELL6934_N3","start_only_unsupervised","lineage1",61.8170428713113,1
"K183156_CELL6963_N2","start_only_unsupervised","lineage1",45.5808694538076,1
"K183156_CELL7069_N2","start_only_unsupervised","lineage1",49.6018469480452,1
"K183156_CELL7158_N2","start_only_unsupervised","lineage1",51.0646613250327,1
"K183156_CELL7161_N2","start_only_unsupervised","lineage1",43.4502998598701,1
"K183156_CELL7162_N1","start_only_unsupervised","lineage1",38.4668275210787,1
"K183156_CELL7191_N2","start_only_unsupervised","lineage1",45.1894634340743,1
"K183156_CELL7217_N4","start_only_unsupervised","lineage1",48.1798022946528,1
"K183156_CELL7304_N2","start_only_unsupervised","lineage1",45.7699689784106,1
"K183156_CELL7334_N1","start_only_unsupervised","lineage1",55.3878527538359,1
"K183156_CELL7359_N4","start_only_unsupervised","lineage1",41.7311201390404,1
"K183156_CELL7363_N2","start_only_unsupervised","lineage1",36.4078260594158,1
"K183156_CELL7392_N2","start_only_unsupervised","lineage1",43.8311615487882,1
"K183156_CELL7395_N4","start_only_unsupervised","lineage1",52.4298818125936,1
"K183156_CELL7397_N3","start_only_unsupervised","lineage1",46.5637015559995,1
"K183156_CELL7420_N2","start_only_unsupervised","lineage1",41.7311201390404,1
"K183156_CELL7439_N2","start_only_unsupervised","lineage1",47.6979767593788,1
"K183156_CELL7455_N5","start_only_unsupervised","lineage1",46.5154061329022,1
"K183156_CELL7463_N3","start_only_unsupervised","lineage1",54.6584682371538,1
"K183156_CELL7468_N3","start_only_unsupervised","lineage1",41.7311201390404,1
"K183156_CELL7483_N2","start_only_unsupervised","lineage1",52.8618137310202,1
"K183156_CELL7486_N2","start_only_unsupervised","lineage1",41.7311201390404,1
"K183156_CELL7503_N3","start_only_unsupervised","lineage1",83.821664185204,1
"K183156_CELL7515_N2","start_only_unsupervised","lineage1",50.8739009873843,1
"K183156_CELL7536_N2","start_only_unsupervised","lineage1",49.8531349737816,1
"K183156_CELL7554_N2","start_only_unsupervised","lineage1",64.7542284148099,1
"K183156_CELL7586_N3","start_only_unsupervised","lineage1",45.9130726421646,1
"K183156_CELL7640_N2","start_only_unsupervised","lineage1",47.014612693528,1
"K183156_CELL7666_N2","start_only_unsupervised","lineage1",61.3011388039573,1
"K183156_CELL7691_N4","start_only_unsupervised","lineage1",38.4668275210787,1
"K183156_CELL7755_N2","start_only_unsupervised","lineage1",48.2517031706365,1
"K183156_CELL7814_N3","start_only_unsupervised","lineage1",50.8739009873843,1
"K183156_CELL7819_N2","start_only_unsupervised","lineage1",55.2155705801622,1
"K183156_CELL7822_N2","start_only_unsupervised","lineage1",33.6282432383885,1
"K183156_CELL7832_N1","start_only_unsupervised","lineage1",46.0911324256093,1
"K183156_CELL7842_N2","start_only_unsupervised","lineage1",44.8038707988723,1
"K183156_CELL7844_N3","start_only_unsupervised","lineage1",37.5770013078337,1
"K183156_CELL7856_N2","start_only_unsupervised","lineage1",49.3293963438303,1
"K183156_CELL7863_N2","start_only_unsupervised","lineage1",53.3623862349344,1
"K183156_CELL7890_N3","start_only_unsupervised","lineage1",45.5254406428369,1
"K183156_CELL7899_N3","start_only_unsupervised","lineage1",93.7123465517609,1
"K183156_CELL7912_N2","start_only_unsupervised","lineage1",66.7221594356419,1
"K183156_CELL7923_N4","start_only_unsupervised","lineage1",34.2878272561366,1
"K183156_CELL7942_N2","start_only_unsupervised","lineage1",50.367560394249,1
"K183156_CELL8057_N3","start_only_unsupervised","lineage1",44.2032577670397,1
"K183156_CELL8067_N2","start_only_unsupervised","lineage1",46.4711769959814,1
"K183156_CELL8069_N4","start_only_unsupervised","lineage1",50.8739009873843,1
"K183156_CELL8077_N1","start_only_unsupervised","lineage1",38.4668275210787,1
"K183156_CELL8086_N3","start_only_unsupervised","lineage1",93.8929095623989,1
"K183156_CELL8087_N1","start_only_unsupervised","lineage1",45.2145464939874,1
"K183156_CELL8097_N2","start_only_unsupervised","lineage1",92.115958245875,1
"K183156_CELL8111_N5","start_only_unsupervised","lineage1",46.5637015559995,1
"K183156_CELL8140_N3","start_only_unsupervised","lineage1",80.694515280778,1
"K183156_CELL8146_N3","start_only_unsupervised","lineage1",41.7768482027685,1
"K183156_CELL8150_N3","start_only_unsupervised","lineage1",55.5762024492669,1
"K183156_CELL8275_N2","start_only_unsupervised","lineage1",77.6309903429191,1
"K183156_CELL8347_N4","start_only_unsupervised","lineage1",48.5977385396846,1
"K183156_CELL8382_N2","start_only_unsupervised","lineage1",51.8703303381985,1
"K183156_CELL8384_N4","start_only_unsupervised","lineage1",42.9815020765139,1
"K183156_CELL8387_N3","start_only_unsupervised","lineage1",43.5179597870245,1
"K183156_CELL8409_N4","start_only_unsupervised","lineage1",99.6359402501917,1
"K183156_CELL8433_N2","start_only_unsupervised","lineage1",46.288168482387,1
"K183156_CELL8459_N3","start_only_unsupervised","lineage1",43.7463965774467,1
"K183156_CELL8460_N3","start_only_unsupervised","lineage1",43.2966279909118,1
"K183156_CELL8479_N4","start_only_unsupervised","lineage1",99.9071458865116,1
"K183156_CELL8485_N3","start_only_unsupervised","lineage1",49.1255741512174,1
"K183156_CELL8500_N3","start_only_unsupervised","lineage1",51.881729124927,1
"K183156_CELL8545_N2","start_only_unsupervised","lineage1",104.271992687406,1
"K183156_CELL8569_N6","start_only_unsupervised","lineage1",50.2780868435136,1
"K183156_CELL8573_N2","start_only_unsupervised","lineage1",97.8768206073473,1
"K183156_CELL8667_N2","start_only_unsupervised","lineage1",55.5058564383424,1
"K183156_CELL8703_N2","start_only_unsupervised","lineage1",73.0924449246134,1
"K183156_CELL8708_N2","start_only_unsupervised","lineage1",44.2032577670397,1
"K183156_CELL8712_N2","start_only_unsupervised","lineage1",100.748115049949,1
"K183156_CELL8714_N5","start_only_unsupervised","lineage1",43.7736909521942,1
"K183156_CELL8726_N2","start_only_unsupervised","lineage1",52.8618137310202,1
"K183156_CELL8731_N2","start_only_unsupervised","lineage1",48.0536720008228,1
"K183156_CELL8769_N3","start_only_unsupervised","lineage1",72.0038992101137,1
"K183156_CELL8823_N4","start_only_unsupervised","lineage1",50.367560394249,1
"K183156_CELL8887_N2","start_only_unsupervised","lineage1",48.3959232802346,1
"K183156_CELL8902_N2","start_only_unsupervised","lineage1",56.5868557425045,1
"K183156_CELL8924_N5","start_only_unsupervised","lineage1",42.0669596504701,1
"K183156_CELL8949_N3","start_only_unsupervised","lineage1",47.6979767593788,1
"K183156_CELL8967_N3","start_only_unsupervised","lineage1",52.1112995043239,1
"K183156_CELL9021_N3","start_only_unsupervised","lineage1",93.6801981780111,1
"K183156_CELL9044_N2","start_only_unsupervised","lineage1",54.5721450264943,1
"K183156_CELL9071_N2","start_only_unsupervised","lineage1",45.1062815542745,1
"K183156_CELL9073_N3","start_only_unsupervised","lineage1",103.458741245489,1
"K183156_CELL9090_N3","start_only_unsupervised","lineage1",54.9144353634326,1
"K183156_CELL9091_N2","start_only_unsupervised","lineage1",46.7294473085908,1
"K183156_CELL9118_N2","start_only_unsupervised","lineage1",44.8218886297048,1
"K183156_CELL9124_N2","start_only_unsupervised","lineage1",100.448681830662,1
"K183156_CELL9134_N2","start_only_unsupervised","lineage1",57.2694358945649,1
"K183156_CELL9175_N3","start_only_unsupervised","lineage1",50.9415863686343,1
"K183156_CELL9198_N5","start_only_unsupervised","lineage1",52.7736927408657,1
"K183156_CELL9234_N2","start_only_unsupervised","lineage1",79.2134766252895,1
"K183156_CELL9292_N2","start_only_unsupervised","lineage1",43.5958580812418,1
"K183156_CELL9303_N3","start_only_unsupervised","lineage1",54.9144353634326,1
"K183156_CELL9338_N2","start_only_unsupervised","lineage1",47.2576401725015,1
"K183156_CELL9361_N3","start_only_unsupervised","lineage1",47.8948809212288,1
"K183156_CELL9400_N1","start_only_unsupervised","lineage1",48.8407977485131,1
"K183156_CELL9528_N2","start_only_unsupervised","lineage1",49.8531349737816,1
"K183156_CELL9530_N2","start_only_unsupervised","lineage1",25.0359837919438,1
"K183156_CELL9631_N3","start_only_unsupervised","lineage1",45.4062643722045,1
"K183156_CELL9670_N3","start_only_unsupervised","lineage1",47.6655798583432,1
"K183156_CELL9676_N2","start_only_unsupervised","lineage1",47.3394358550335,1
"K183156_CELL9705_N2","start_only_unsupervised","lineage1",52.8618137310202,1
"K183156_CELL9749_N3","start_only_unsupervised","lineage1",52.2938856402369,1
"K183156_CELL9858_N2","start_only_unsupervised","lineage1",39.5833276863878,1
"K183156_CELL9873_N2","start_only_unsupervised","lineage1",45.2328114978628,1
"K183156_CELL9912_N2","start_only_unsupervised","lineage1",38.4668275210787,1
"K183156_CELL9948_N3","start_only_unsupervised","lineage1",42.7970375060121,1
"K183156_CELL9963_N2","start_only_unsupervised","lineage1",85.3377479874138,1
"K183156_CELL10005_N3","start_only_unsupervised","lineage1",45.0669120823881,1
"K183156_CELL10056_N2","start_only_unsupervised","lineage1",51.3740388020544,1
"K183156_CELL10068_N2","start_only_unsupervised","lineage1",50.367560394249,1
"K183156_CELL10092_N2","start_only_unsupervised","lineage1",50.1150700479722,1
"K183156_CELL10100_N2","start_only_unsupervised","lineage1",55.519819989678,1
"K183156_CELL10113_N2","start_only_unsupervised","lineage1",42.282207668071,1
"K183156_CELL10114_N2","start_only_unsupervised","lineage1",50.9599077589943,1
"K183156_CELL10129_N3","start_only_unsupervised","lineage1",55.0848873535873,1
"K183156_CELL10134_N1","start_only_unsupervised","lineage1",51.4921366854327,1
"K183156_CELL10141_N1","start_only_unsupervised","lineage1",44.44558756721,1
"K183156_CELL10191_N3","start_only_unsupervised","lineage1",39.7971987808639,1
"K183156_CELL10230_N2","start_only_unsupervised","lineage1",40.8930694894716,1
"K183156_CELL10303_N2","start_only_unsupervised","lineage1",55.6445299349304,1
"K183156_CELL10313_N2","start_only_unsupervised","lineage1",78.7298494901315,1
"K183156_CELL10323_N3","start_only_unsupervised","lineage1",49.8531349737816,1
"K183156_CELL10410_N3","start_only_unsupervised","lineage1",45.9573721802083,1
"K183156_CELL10420_N1","start_only_unsupervised","lineage1",51.4076559474429,1
"K183156_CELL10463_N1","start_only_unsupervised","lineage1",45.5602265418293,1
"K183156_CELL10464_N2","start_only_unsupervised","lineage1",47.6979767593788,1
"K183156_CELL10486_N2","start_only_unsupervised","lineage1",52.6457119109829,1
"K183156_CELL10502_N2","start_only_unsupervised","lineage1",53.9880424248317,1
"K183156_CELL10524_N2","start_only_unsupervised","lineage1",98.0888151086667,1
"K183156_CELL10559_N2","start_only_unsupervised","lineage1",18.5177336320134,1
"K183156_CELL10618_N2","start_only_unsupervised","lineage1",54.3862614647578,1
"K183156_CELL10656_N3","start_only_unsupervised","lineage1",42.3794092837927,1
"K183156_CELL10672_N2","start_only_unsupervised","lineage1",44.2774962712654,1
"K183156_CELL10700_N2","start_only_unsupervised","lineage1",106.154423641596,1
"K183156_CELL10734_N1","start_only_unsupervised","lineage1",50.6571148568734,1
"K183156_CELL10741_N3","start_only_unsupervised","lineage1",58.2362137340044,1
"K183156_CELL10798_N3","start_only_unsupervised","lineage1",59.7070050378445,1
"K183156_CELL10804_N2","start_only_unsupervised","lineage1",44.8038707988723,1
"K183156_CELL10857_N2","start_only_unsupervised","lineage1",45.8419891291112,1
"K183156_CELL10880_N3","start_only_unsupervised","lineage1",48.2517031706365,1
"K183156_CELL10893_N2","start_only_unsupervised","lineage1",50.3123398191695,1
"K183156_CELL10917_N2","start_only_unsupervised","lineage1",43.7727873772287,1
"K183156_CELL10943_N2","start_only_unsupervised","lineage1",48.7956034570565,1
"K183156_CELL10948_N2","start_only_unsupervised","lineage1",59.0237956349969,1
"K183156_CELL10971_N2","start_only_unsupervised","lineage1",53.8696938489873,1
"K183156_CELL11012_N2","start_only_unsupervised","lineage1",43.9375067030802,1
"K183156_CELL11032_N2","start_only_unsupervised","lineage1",46.5637015559995,1
"K183156_CELL11044_N2","start_only_unsupervised","lineage1",43.8953810491562,1
"K183156_CELL11054_N2","start_only_unsupervised","lineage1",51.8703303381985,1
"K183156_CELL11075_N2","start_only_unsupervised","lineage1",53.8696938489873,1
"K183156_CELL11129_N1","start_only_unsupervised","lineage1",49.8531349737816,1
"K183156_CELL11132_N2","start_only_unsupervised","lineage1",57.4377967139692,1
"K183156_CELL11390_N1","start_only_unsupervised","lineage1",50.367560394249,1
"K183156_CELL11394_N2","start_only_unsupervised","lineage1",98.1184745808411,1
"K183156_CELL11445_N2","start_only_unsupervised","lineage1",41.9364487386761,1
"K183156_CELL11448_N1","start_only_unsupervised","lineage1",45.1032163239574,1
"K183156_CELL11461_N1","start_only_unsupervised","lineage1",53.9135465922936,1
"K183156_CELL11491_N2","start_only_unsupervised","lineage1",44.8038707988723,1
"K183156_CELL11498_N2","start_only_unsupervised","lineage1",63.0346451161522,1
"K183156_CELL11528_N1","start_only_unsupervised","lineage1",48.8975279081774,1
"K183156_CELL11549_N2","start_only_unsupervised","lineage1",72.3076319285687,1
"K183156_CELL11619_N2","start_only_unsupervised","lineage1",54.5496550634295,1
"K183156_CELL11644_N2","start_only_unsupervised","lineage1",45.6533253049548,1
"K183156_CELL11704_N2","start_only_unsupervised","lineage1",53.1776858916454,1
"K183156_CELL12023_N1","start_only_unsupervised","lineage1",51.8897090117327,1
"K183156_CELL12027_N1","start_only_unsupervised","lineage1",50.8739009873843,1
"K183156_CELL12143_N1","start_only_unsupervised","lineage1",40.0928060647429,1
"K183156_CELL12180_N1","start_only_unsupervised","lineage1",54.0131979252334,1
"K183156_CELL12370_N1","start_only_unsupervised","lineage1",55.455945184739,1
"K183156_CELL12402_N1","start_only_unsupervised","lineage1",46.9518300138846,1
"K183156_CELL12553_N1","start_only_unsupervised","lineage1",73.8959635242327,1
"K183156_CELL12562_N1","start_only_unsupervised","lineage1",52.5170830424216,1
"K183156_CELL12572_N1","start_only_unsupervised","lineage1",43.2939458780342,1
"K183156_CELL12703_N1","start_only_unsupervised","lineage1",42.5439607926279,1
"K183156_CELL12938_N1","start_only_unsupervised","lineage1",56.5868557425045,1
"K183156_CELL12940_N1","start_only_unsupervised","lineage1",56.0126077159958,1
"K183156_CELL13119_N1","start_only_unsupervised","lineage1",39.9701717202384,1
"K183156_CELL13185_N1","start_only_unsupervised","lineage1",48.2517031706365,1
"K183156_CELL13243_N1","start_only_unsupervised","lineage1",43.2871200537689,1
"K183156_CELL13274_N1","start_only_unsupervised","lineage1",43.4266138239471,1
"K183156_CELL13530_N1","start_only_unsupervised","lineage1",44.3920233547763,1
"K183156_CELL13594_N1","start_only_unsupervised","lineage1",23.4903467349947,1
"K183156_CELL13600_N1","start_only_unsupervised","lineage1",57.9966022261119,1
"K183156_CELL13616_N1","start_only_unsupervised","lineage1",45.6044289196264,1
"K183156_CELL13701_N1","start_only_unsupervised","lineage1",54.7482180637492,1
"K183156_CELL13735_N1","start_only_unsupervised","lineage1",56.8172373684639,1
"K183156_CELL13742_N1","start_only_unsupervised","lineage1",44.6089995807487,1
"K183156_CELL13746_N1","start_only_unsupervised","lineage1",56.3906997091766,1
"K183156_CELL13813_N1","start_only_unsupervised","lineage1",57.7129517348742,1
"K183156_CELL13904_N1","start_only_unsupervised","lineage1",65.9267461496054,1
"K183156_CELL13915_N1","start_only_unsupervised","lineage1",42.9815020765139,1
"K183156_CELL14109_N1","start_only_unsupervised","lineage1",39.4053588637902,1
"K183156_CELL14120_N1","start_only_unsupervised","lineage1",52.2128095769956,1
"K183156_CELL14220_N1","start_only_unsupervised","lineage1",47.0249259527538,1
"K183156_CELL14485_N1","start_only_unsupervised","lineage1",24.7272601966754,1
"K183156_CELL14497_N1","start_only_unsupervised","lineage1",24.5397181806816,1
"K183156_CELL14655_N1","start_only_unsupervised","lineage1",85.3433462077528,1
"K183156_CELL14943_N1","start_only_unsupervised","lineage1",39.3228016074465,1
"K183156_CELL15191_N1","start_only_unsupervised","lineage1",54.3889508240202,1
"K183156_CELL15238_N1","start_only_unsupervised","lineage1",90.7724723441203,1
"K183156_CELL15254_N1","start_only_unsupervised","lineage1",68.8275459677993,1
"K183156_CELL15264_N1","start_only_unsupervised","lineage1",56.5868557425045,1
"K183156_CELL15274_N1","start_only_unsupervised","lineage1",42.3599872169457,1
"K183156_CELL15399_N1","start_only_unsupervised","lineage1",51.8703303381985,1
"K183156_CELL15403_N1","start_only_unsupervised","lineage1",43.4133992939766,1
"K183156_CELL16060_N1","start_only_unsupervised","lineage1",73.6518765155064,1
"K183156_CELL16096_N1","start_only_unsupervised","lineage1",54.3862614647578,1
"K183156_CELL16111_N1","start_only_unsupervised","lineage1",63.7257542505416,1
"K183156_CELL16229_N1","start_only_unsupervised","lineage1",51.2263337455847,1
"K183156_CELL16234_N1","start_only_unsupervised","lineage1",56.8443928374577,1
"K183156_CELL16421_N1","start_only_unsupervised","lineage1",52.5435093055536,1
"K183156_CELL16445_N1","start_only_unsupervised","lineage1",42.4022319385912,1
"K183156_CELL16653_N1","start_only_unsupervised","lineage1",91.1883544341651,1
"K183156_CELL16786_N1","start_only_unsupervised","lineage1",61.5972763028295,1
"K183156_CELL16808_N1","start_only_unsupervised","lineage1",53.3821010616585,1
"K183156_CELL16910_N1","start_only_unsupervised","lineage1",48.6263696341712,1
"K183156_CELL16917_N1","start_only_unsupervised","lineage1",46.2349823748825,1
"K183156_CELL16948_N1","start_only_unsupervised","lineage1",40.3446826594593,1
"K183156_CELL17030_N1","start_only_unsupervised","lineage1",96.7416363885915,1
"K183156_CELL17401_N1","start_only_unsupervised","lineage1",82.0943818390643,1
"K183156_CELL17512_N1","start_only_unsupervised","lineage1",50.367560394249,1
"K183156_CELL17642_N1","start_only_unsupervised","lineage1",63.8089713817944,1
"K183156_CELL17684_N1","start_only_unsupervised","lineage1",51.6745220875616,1
"K183156_CELL17722_N1","start_only_unsupervised","lineage1",54.9144353634326,1
"K183156_CELL17734_N1","start_only_unsupervised","lineage1",53.1051742168287,1
"K183156_CELL18630_N1","start_only_unsupervised","lineage1",46.3031294421917,1
"K183156_CELL18657_N1","start_only_unsupervised","lineage1",59.7687679156759,1
"K183156_CELL18789_N1","start_only_unsupervised","lineage1",67.833346681458,1
"K183156_CELL18792_N1","start_only_unsupervised","lineage1",54.9144353634326,1
"K183156_CELL18793_N1","start_only_unsupervised","lineage1",50.367560394249,1
"K183156_CELL19813_N1","start_only_unsupervised","lineage1",56.5868557425045,1
"K183156_CELL19814_N1","start_only_unsupervised","lineage1",51.372017308141,1
"K183156_CELL19878_N1","start_only_unsupervised","lineage1",55.2575041981424,1
"K183156_CELL20275_N1","start_only_unsupervised","lineage1",52.365359146195,1
"K183156_CELL20290_N1","start_only_unsupervised","lineage1",37.8818347116158,1
"K183156_CELL20345_N1","start_only_unsupervised","lineage1",40.4296620031013,1
"K183156_CELL20450_N1","start_only_unsupervised","lineage1",52.1027230837321,1
"K183156_CELL20562_N1","start_only_unsupervised","lineage1",57.1749521853266,1
"K183156_CELL20706_N1","start_only_unsupervised","lineage1",56.5868557425045,1
"K183156_CELL20789_N1","start_only_unsupervised","lineage1",97.1490900654412,1
"K183156_CELL20985_N1","start_only_unsupervised","lineage1",46.5637015559995,1
"K183156_CELL21168_N1","start_only_unsupervised","lineage1",51.3740388020544,1
"K183156_CELL21516_N1","start_only_unsupervised","lineage1",50.3707075707257,1
"K183156_CELL21521_N1","start_only_unsupervised","lineage1",41.7311201390404,1
"K183156_CELL21648_N1","start_only_unsupervised","lineage1",52.0011812708181,1
"K183156_CELL21667_N1","start_only_unsupervised","lineage1",51.1858141421954,1
"K183156_CELL21715_N1","start_only_unsupervised","lineage1",46.1922200185126,1
"K183156_CELL21988_N1","start_only_unsupervised","lineage1",56.5864575963225,1
"K183156_CELL22021_N1","start_only_unsupervised","lineage1",68.5492385559212,1
"K183156_CELL22099_N1","start_only_unsupervised","lineage1",55.455945184739,1
"K183156_CELL22266_N1","start_only_unsupervised","lineage1",56.0715548241204,1
"K183156_CELL22495_N1","start_only_unsupervised","lineage1",51.8703303381985,1
"K183156_CELL22524_N1","start_only_unsupervised","lineage1",55.9602869064208,1
"K183156_CELL22617_N1","start_only_unsupervised","lineage1",46.1053894999705,1
"K183156_CELL22643_N1","start_only_unsupervised","lineage1",23.1981638913645,1
"K183156_CELL22720_N1","start_only_unsupervised","lineage1",41.811164910814,1
"K183156_CELL23175_N1","start_only_unsupervised","lineage1",56.9771686084411,1
"K183156_CELL23273_N1","start_only_unsupervised","lineage1",40.4346308538271,1
"K183156_CELL23386_N1","start_only_unsupervised","lineage1",51.3740388020544,1
"K183156_CELL23524_N1","start_only_unsupervised","lineage1",52.365359146195,1
"K183156_CELL23808_N1","start_only_unsupervised","lineage1",41.8367951589696,1
"K183156_CELL23876_N1","start_only_unsupervised","lineage1",51.3740388020544,1
"K183156_CELL24187_N1","start_only_unsupervised","lineage1",44.0078934346927,1
"K183156_CELL24214_N1","start_only_unsupervised","lineage1",49.1451510571002,1
"K183156_CELL24301_N1","start_only_unsupervised","lineage1",43.4974338089164,1
"K183156_CELL24762_N1","start_only_unsupervised","lineage1",23.7700109841969,1
"K183156_CELL24977_N1","start_only_unsupervised","lineage1",95.5116344870693,1
"K183156_CELL25010_N1","start_only_unsupervised","lineage1",42.057265904975,1
"K183156_CELL25144_N1","start_only_unsupervised","lineage1",46.067441803206,1
"K183156_CELL25363_N1","start_only_unsupervised","lineage1",45.4675945013201,1
"K183156_CELL25423_N1","start_only_unsupervised","lineage1",47.3560403211864,1
"K183156_CELL25737_N1","start_only_unsupervised","lineage1",42.9815020765139,1
"K183156_CELL26172_N1","start_only_unsupervised","lineage1",56.0126077159958,1
"K183156_CELL26269_N1","start_only_unsupervised","lineage1",45.4706473829659,1
"K183156_CELL26381_N1","start_only_unsupervised","lineage1",60.5879308400335,1
"K183156_CELL26435_N1","start_only_unsupervised","lineage1",80.9032607629925,1
"K183156_CELL26465_N1","start_only_unsupervised","lineage1",51.3740388020544,1
"K183156_CELL26500_N1","start_only_unsupervised","lineage1",51.1035312454279,1
"K183156_CELL26953_N1","start_only_unsupervised","lineage1",57.1749521853266,1
"K183156_CELL26993_N1","start_only_unsupervised","lineage1",31.8874012658067,1
"K183156_CELL27570_N1","start_only_unsupervised","lineage1",42.6343352482446,1
"K183156_CELL27743_N1","start_only_unsupervised","lineage1",53.6728371102108,1
"K183156_CELL27800_N1","start_only_unsupervised","lineage1",31.753729933818,1
"K183156_CELL27868_N1","start_only_unsupervised","lineage1",24.0872473963432,1
"K183156_CELL27961_N1","start_only_unsupervised","lineage1",42.1325904700406,1
"K183156_CELL28048_N1","start_only_unsupervised","lineage1",44.422301045372,1
"K183156_CELL28084_N1","start_only_unsupervised","lineage1",89.0967495120208,1
"K183156_CELL28271_N1","start_only_unsupervised","lineage1",50.5143202222257,1
"K183156_CELL28277_N1","start_only_unsupervised","lineage1",57.6669482814807,1
"K183156_CELL28434_N1","start_only_unsupervised","lineage1",44.2454147321338,1
"K183156_CELL28511_N1","start_only_unsupervised","lineage1",66.821788158843,1
"K183156_CELL28650_N1","start_only_unsupervised","lineage1",73.7946157395311,1
"K183156_CELL28725_N1","start_only_unsupervised","lineage1",74.7155338706247,1
"K183156_CELL28774_N1","start_only_unsupervised","lineage1",47.9278630086895,1
"K183156_CELL28889_N1","start_only_unsupervised","lineage1",61.3884644907891,1
"K183156_CELL29055_N1","start_only_unsupervised","lineage1",44.2032577670397,1
"K183156_CELL29107_N1","start_only_unsupervised","lineage1",61.0696211775111,1
"K183156_CELL29144_N1","start_only_unsupervised","lineage1",106.247042374417,1
"K183156_CELL29247_N1","start_only_unsupervised","lineage1",40.4499511318324,1
"K183156_CELL29350_N1","start_only_unsupervised","lineage1",55.9969013983697,1
"K183156_CELL29405_N1","start_only_unsupervised","lineage1",47.0484272191478,1
"K183156_CELL29464_N1","start_only_unsupervised","lineage1",77.7466106873418,1
"K183156_CELL29671_N1","start_only_unsupervised","lineage1",43.212964412918,1
"K183156_CELL29753_N1","start_only_unsupervised","lineage1",42.5530314288932,1
"K183156_CELL29916_N1","start_only_unsupervised","lineage1",43.5357916153543,1
"K183156_CELL29934_N1","start_only_unsupervised","lineage1",96.6099892896651,1
"K183156_CELL30145_N1","start_only_unsupervised","lineage1",45.4347562965728,1
"K183156_CELL30180_N1","start_only_unsupervised","lineage1",45.6532082827732,1
"K183156_CELL31044_N1","start_only_unsupervised","lineage1",79.047729631479,1
"K183156_CELL31471_N1","start_only_unsupervised","lineage1",51.0172850045235,1
"K183156_CELL31584_N1","start_only_unsupervised","lineage1",47.6979767593788,1
"K183156_CELL31596_N1","start_only_unsupervised","lineage1",44.4581971879383,1
"K183156_CELL31644_N1","start_only_unsupervised","lineage1",52.7086287467986,1
"K183156_CELL31729_N1","start_only_unsupervised","lineage1",52.6747946635052,1
"K183156_CELL31924_N1","start_only_unsupervised","lineage1",39.7557164888074,1
"K183156_CELL32069_N1","start_only_unsupervised","lineage1",44.9348558645639,1
"K183156_CELL32181_N1","start_only_unsupervised","lineage1",45.2700214918685,1
"K183156_CELL32209_N1","start_only_unsupervised","lineage1",96.4879417957254,1
"K183261_CELL782_N3","start_only_unsupervised","lineage1",60.3446990835039,1
"K183261_CELL831_N2","start_only_unsupervised","lineage1",40.2257071434828,1
"K183261_CELL1053_N6","start_only_unsupervised","lineage1",55.4866600456593,1
"K183261_CELL1385_N2","start_only_unsupervised","lineage1",36.6278072963168,1
"K183261_CELL1474_N3","start_only_unsupervised","lineage1",93.3125739996665,1
"K183261_CELL1794_N4","start_only_unsupervised","lineage1",56.0126077159958,1
"K183261_CELL1909_N4","start_only_unsupervised","lineage1",81.8655056553114,1
"K183261_CELL1937_N4","start_only_unsupervised","lineage1",35.4370321657558,1
"K183261_CELL2058_N2","start_only_unsupervised","lineage1",58.8124896056692,1
"K183261_CELL2230_N5","start_only_unsupervised","lineage1",62.5552267380646,1
"K183261_CELL2234_N4","start_only_unsupervised","lineage1",35.3786715331806,1
"K183261_CELL2264_N3","start_only_unsupervised","lineage1",54.5709712892501,1
"K183261_CELL2301_N2","start_only_unsupervised","lineage1",31.1194071649726,1
"K183261_CELL3150_N2","start_only_unsupervised","lineage1",61.0653255876064,1
"K183261_CELL3380_N4","start_only_unsupervised","lineage1",38.9881206709135,1
"K183261_CELL3662_N6","start_only_unsupervised","lineage1",40.1769220651967,1
"K183261_CELL3774_N3","start_only_unsupervised","lineage1",39.6965801923267,1
"K183261_CELL4138_N3","start_only_unsupervised","lineage1",99.4476745837338,1
"K183261_CELL4247_N4","start_only_unsupervised","lineage1",23.7371415948533,1
"K183261_CELL4530_N7","start_only_unsupervised","lineage1",52.4100200062725,1
"K183261_CELL4642_N3","start_only_unsupervised","lineage1",48.1434525666268,1
"K183261_CELL4741_N3","start_only_unsupervised","lineage1",41.7311201390404,1
"K183261_CELL5112_N2","start_only_unsupervised","lineage1",45.1857441123563,1
"K183261_CELL5265_N2","start_only_unsupervised","lineage1",85.5009937183073,1
"K183261_CELL5296_N2","start_only_unsupervised","lineage1",41.6334292520762,1
"K183261_CELL6116_N2","start_only_unsupervised","lineage1",37.3221417464244,1
"K183261_CELL6202_N3","start_only_unsupervised","lineage1",55.4533513349132,1
"K183261_CELL7358_N2","start_only_unsupervised","lineage1",57.6974087327947,1
"K183261_CELL7359_N1","start_only_unsupervised","lineage1",70.15304708218,1
"K183261_CELL8615_N4","start_only_unsupervised","lineage1",38.6808589311547,1
"K183261_CELL9070_N3","start_only_unsupervised","lineage1",55.9699804691461,1
"K183261_CELL9269_N3","start_only_unsupervised","lineage1",54.7315232892155,1
"K183261_CELL9511_N3","start_only_unsupervised","lineage1",44.2032577670397,1
"K183261_CELL9537_N3","start_only_unsupervised","lineage1",22.186538650386,1
"K183261_CELL9555_N2","start_only_unsupervised","lineage1",37.8615502839104,1
"K183261_CELL9812_N4","start_only_unsupervised","lineage1",65.5315586302049,1
"K183261_CELL9904_N2","start_only_unsupervised","lineage1",34.9673896215045,1
"K183261_CELL10261_N1","start_only_unsupervised","lineage1",56.9305860041958,1
"K183261_CELL12047_N1","start_only_unsupervised","lineage1",94.8362583321901,1
"K183261_CELL13785_N1","start_only_unsupervised","lineage1",38.277474519091,1
"K183261_CELL17149_N1","start_only_unsupervised","lineage1",41.6779541970266,1
"K183261_CELL17959_N1","start_only_unsupervised","lineage1",100.742565125881,1
"K183261_CELL19488_N1","start_only_unsupervised","lineage1",83.5507037658959,1
"K183261_CELL20828_N1","start_only_unsupervised","lineage1",68.7476948395822,1
"K183261_CELL26267_N1","start_only_unsupervised","lineage1",36.7221648322281,1
"K183261_CELL30227_N1","start_only_unsupervised","lineage1",79.0456258855184,1
"K183261_CELL34896_N1","start_only_unsupervised","lineage1",18.4148435643199,1
"K183261_CELL36106_N1","start_only_unsupervised","lineage1",39.7971987808639,1
"K183261_CELL37268_N1","start_only_unsupervised","lineage1",36.0820752439802,1
"K712771_CELL329_N4","start_only_unsupervised","lineage1",48.7956034570565,1
"K712771_CELL502_N3","start_only_unsupervised","lineage1",9.51327437804896,1
"K712771_CELL710_N4","start_only_unsupervised","lineage1",59.4855693964847,1
"K712771_CELL834_N1","start_only_unsupervised","lineage1",35.7051841966344,1
"K712771_CELL859_N6","start_only_unsupervised","lineage1",38.2551454859904,1
"K712771_CELL1003_N2","start_only_unsupervised","lineage1",50.1818106665982,1
"K712771_CELL1279_N4","start_only_unsupervised","lineage1",46.6195701671679,1
"K712771_CELL1351_N2","start_only_unsupervised","lineage1",54.9740664056168,1
"K712771_CELL1464_N4","start_only_unsupervised","lineage1",41.7338241055793,1
"K712771_CELL1603_N2","start_only_unsupervised","lineage1",40.2728475891189,1
"K712771_CELL1806_N3","start_only_unsupervised","lineage1",39.1363165071318,1
"K712771_CELL1977_N5","start_only_unsupervised","lineage1",50.3533862389242,1
"K712771_CELL1989_N4","start_only_unsupervised","lineage1",92.4036881877843,1
"K712771_CELL1996_N3","start_only_unsupervised","lineage1",40.3035483695287,1
"K712771_CELL2224_N4","start_only_unsupervised","lineage1",42.8930324703559,1
"K712771_CELL2493_N7","start_only_unsupervised","lineage1",53.9991897054667,1
"K712771_CELL2762_N5","start_only_unsupervised","lineage1",41.0267202747208,1
"K712771_CELL3052_N3","start_only_unsupervised","lineage1",46.5173958580576,1
"K712771_CELL3113_N2","start_only_unsupervised","lineage1",40.6163922998859,1
"K712771_CELL3674_N3","start_only_unsupervised","lineage1",43.1764080846616,1
"K712771_CELL4138_N2","start_only_unsupervised","lineage1",36.4078260594158,1
"K712771_CELL4504_N2","start_only_unsupervised","lineage1",50.1124349138771,1
"K712771_CELL5011_N4","start_only_unsupervised","lineage1",37.3011012670162,1
"K712771_CELL5241_N2","start_only_unsupervised","lineage1",38.3016188588643,1
"K712771_CELL5313_N2","start_only_unsupervised","lineage1",40.9825681414179,1
"K712771_CELL5445_N4","start_only_unsupervised","lineage1",38.4668275210787,1
"K712771_CELL5485_N1","start_only_unsupervised","lineage1",35.9858716515401,1
"K712771_CELL5492_N2","start_only_unsupervised","lineage1",44.4742341360857,1
"K712771_CELL5571_N3","start_only_unsupervised","lineage1",49.6383859616119,1
"K712771_CELL5672_N2","start_only_unsupervised","lineage1",49.3293963438303,1
"K712771_CELL5695_N3","start_only_unsupervised","lineage1",57.6493582115461,1
"K712771_CELL6146_N1","start_only_unsupervised","lineage1",57.7890624318095,1
"K712771_CELL6298_N2","start_only_unsupervised","lineage1",18.1362835671317,1
"K712771_CELL6542_N3","start_only_unsupervised","lineage1",60.2576951092754,1
"K712771_CELL6576_N2","start_only_unsupervised","lineage1",38.3027834695286,1
"K712771_CELL6579_N2","start_only_unsupervised","lineage1",42.4275616810819,1
"K712771_CELL6732_N2","start_only_unsupervised","lineage1",52.8618137310202,1
"K712771_CELL6787_N2","start_only_unsupervised","lineage1",57.1749521853266,1
"K712771_CELL6857_N3","start_only_unsupervised","lineage1",44.8038707988723,1
"K712771_CELL7321_N4","start_only_unsupervised","lineage1",60.8064295493019,1
"K712771_CELL7398_N2","start_only_unsupervised","lineage1",42.3599872169457,1
"K712771_CELL7490_N2","start_only_unsupervised","lineage1",49.3856056280867,1
"K712771_CELL8181_N2","start_only_unsupervised","lineage1",70.2544475731789,1
"K712771_CELL8397_N3","start_only_unsupervised","lineage1",39.3933813298751,1
"K712771_CELL8809_N1","start_only_unsupervised","lineage1",39.2851526528247,1
"K712771_CELL8906_N2","start_only_unsupervised","lineage1",49.3293963438303,1
"K712771_CELL8975_N2","start_only_unsupervised","lineage1",37.102526575861,1
"K712771_CELL9044_N2","start_only_unsupervised","lineage1",44.1399324540021,1
"K712771_CELL9469_N1","start_only_unsupervised","lineage1",38.4668275210787,1
"K712771_CELL9682_N5","start_only_unsupervised","lineage1",50.8739009873843,1
"K712771_CELL10156_N2","start_only_unsupervised","lineage1",31.0404294983644,1
"K712771_CELL10795_N1","start_only_unsupervised","lineage1",38.1444042309517,1
"K712771_CELL11078_N2","start_only_unsupervised","lineage1",37.1949584999905,1
"K712771_CELL11095_N3","start_only_unsupervised","lineage1",53.3623862349344,1
"K712771_CELL11452_N2","start_only_unsupervised","lineage1",44.7962115897036,1
"K712771_CELL11479_N2","start_only_unsupervised","lineage1",41.0180547056746,1
"K712771_CELL11481_N2","start_only_unsupervised","lineage1",41.0945269710364,1
"K712771_CELL11522_N3","start_only_unsupervised","lineage1",42.4964433958117,1
"K712771_CELL11558_N3","start_only_unsupervised","lineage1",39.4326017022769,1
"K712771_CELL11931_N2","start_only_unsupervised","lineage1",53.3623862349344,1
"K712771_CELL12144_N2","start_only_unsupervised","lineage1",51.3740388020544,1
"K712771_CELL12364_N3","start_only_unsupervised","lineage1",48.1750012691399,1
"K712771_CELL12466_N1","start_only_unsupervised","lineage1",34.4376098139658,1
"K712771_CELL12512_N1","start_only_unsupervised","lineage1",36.8758195370439,1
"K712771_CELL12584_N2","start_only_unsupervised","lineage1",34.2775672968999,1
"K712771_CELL12890_N2","start_only_unsupervised","lineage1",36.0359712999991,1
"K712771_CELL13133_N1","start_only_unsupervised","lineage1",41.2107313155686,1
"K712771_CELL13267_N1","start_only_unsupervised","lineage1",34.2775672968999,1
"K712771_CELL13941_N1","start_only_unsupervised","lineage1",36.8387867575574,1
"K712771_CELL14353_N1","start_only_unsupervised","lineage1",58.0855207172375,1
"K712771_CELL15190_N1","start_only_unsupervised","lineage1",39.7971987808639,1
"K712771_CELL15220_N1","start_only_unsupervised","lineage1",38.3728563282685,1
"K712771_CELL16633_N1","start_only_unsupervised","lineage1",38.2840549419116,1
"K712771_CELL16714_N1","start_only_unsupervised","lineage1",71.653186730509,1
"K712771_CELL17064_N1","start_only_unsupervised","lineage1",77.5915281323162,1
"K712771_CELL17104_N1","start_only_unsupervised","lineage1",88.0712367324405,1
"K712771_CELL17382_N1","start_only_unsupervised","lineage1",38.9932952087688,1
"K712771_CELL18078_N1","start_only_unsupervised","lineage1",42.14017475991,1
"K712771_CELL18219_N1","start_only_unsupervised","lineage1",53.3623862349344,1
"K712771_CELL19019_N1","start_only_unsupervised","lineage1",72.9686040213582,1
"K712771_CELL19429_N1","start_only_unsupervised","lineage1",37.6704110710983,1
"K712771_CELL19483_N1","start_only_unsupervised","lineage1",44.3787217178051,1
"K712771_CELL20341_N1","start_only_unsupervised","lineage1",43.9835153109691,1
"K712771_CELL20624_N1","start_only_unsupervised","lineage1",57.9947300137911,1
"K712771_CELL20715_N1","start_only_unsupervised","lineage1",47.9660228035735,1
"K712771_CELL21116_N1","start_only_unsupervised","lineage1",50.8739009873843,1
"K712771_CELL21319_N1","start_only_unsupervised","lineage1",37.155637718444,1
"K712771_CELL21676_N1","start_only_unsupervised","lineage1",38.7190718751863,1
"K712771_CELL21794_N1","start_only_unsupervised","lineage1",91.7665710247784,1
"K712771_CELL22525_N1","start_only_unsupervised","lineage1",39.8949436402049,1
"K712771_CELL23153_N1","start_only_unsupervised","lineage1",51.1606430629337,1
"K712771_CELL23672_N1","start_only_unsupervised","lineage1",72.319086927453,1
"K712771_CELL23805_N1","start_only_unsupervised","lineage1",38.4668275210787,1
"N176712_CELL1209_N3","start_only_unsupervised","lineage1",35.292625814566,1
"N176712_CELL2777_N3","start_only_unsupervised","lineage1",34.8364009720321,1
"N176712_CELL3232_N2","start_only_unsupervised","lineage1",15.9815115704435,1
"N176712_CELL3900_N2","start_only_unsupervised","lineage1",76.7734781083895,1
"N176712_CELL4364_N2","start_only_unsupervised","lineage1",31.4326865091376,1
"N176712_CELL5248_N3","start_only_unsupervised","lineage1",23.5008601707412,1
"N176712_CELL6455_N2","start_only_unsupervised","lineage1",77.9222717462188,1
"N176712_CELL6949_N3","start_only_unsupervised","lineage1",35.7051841966344,1
"N176712_CELL9310_N1","start_only_unsupervised","lineage1",23.0748116024808,1
"N176712_CELL14513_N1","start_only_unsupervised","lineage1",27.8243616625257,1
"N176712_CELL14881_N1","start_only_unsupervised","lineage1",73.5956880022088,1
"N177536_CELL99_N5","start_only_unsupervised","lineage1",85.2166120236558,1
"N177536_CELL467_N2","start_only_unsupervised","lineage1",32.9371710215213,1
"N177536_CELL641_N3","start_only_unsupervised","lineage1",70.9484105176079,1
"N177536_CELL1859_N3","start_only_unsupervised","lineage1",90.9547559661841,1
"N177536_CELL2671_N2","start_only_unsupervised","lineage1",75.5261165830226,1
"N177536_CELL3702_N2","start_only_unsupervised","lineage1",22.5748910019757,1
"N177536_CELL3817_N3","start_only_unsupervised","lineage1",35.1988099098353,1
"N177536_CELL4444_N3","start_only_unsupervised","lineage1",35.5709443620915,1
"N177536_CELL4931_N3","start_only_unsupervised","lineage1",34.783001030808,1
"N177536_CELL5149_N2","start_only_unsupervised","lineage1",34.2775672968999,1
"N177536_CELL5420_N3","start_only_unsupervised","lineage1",27.7282151916388,1
"N177536_CELL5535_N2","start_only_unsupervised","lineage1",75.9429528472129,1
"N177536_CELL5547_N2","start_only_unsupervised","lineage1",27.7770007153761,1
"N177536_CELL6495_N2","start_only_unsupervised","lineage1",14.2970106753311,1
"N177536_CELL6881_N2","start_only_unsupervised","lineage1",26.4285405345442,1
"N177536_CELL8407_N2","start_only_unsupervised","lineage1",36.142454679516,1
"N177536_CELL8499_N2","start_only_unsupervised","lineage1",25.7877412044535,1
"N177536_CELL8756_N3","start_only_unsupervised","lineage1",76.967146951915,1
"N177536_CELL8831_N2","start_only_unsupervised","lineage1",59.1675772560768,1
"N177536_CELL9609_N2","start_only_unsupervised","lineage1",22.5015664251703,1
"N177536_CELL9771_N2","start_only_unsupervised","lineage1",78.4687748037732,1
"N177536_CELL9976_N2","start_only_unsupervised","lineage1",24.5239517873676,1
"N177536_CELL10205_N3","start_only_unsupervised","lineage1",77.482532385651,1
"N177536_CELL10358_N2","start_only_unsupervised","lineage1",35.0423450918163,1
"N177536_CELL11050_N3","start_only_unsupervised","lineage1",33.4185097472708,1
"N177536_CELL11056_N2","start_only_unsupervised","lineage1",77.7007357515983,1
"N177536_CELL11528_N3","start_only_unsupervised","lineage1",43.9565427972491,1
"N177536_CELL11941_N3","start_only_unsupervised","lineage1",25.7022470212817,1
"N177536_CELL13121_N1","start_only_unsupervised","lineage1",36.5663699042855,1
"N177536_CELL15883_N1","start_only_unsupervised","lineage1",35.1077924695454,1
"N177536_CELL16993_N1","start_only_unsupervised","lineage1",28.3045847310078,1
"N177536_CELL17130_N1","start_only_unsupervised","lineage1",29.8712687126582,1
"N177536_CELL18616_N1","start_only_unsupervised","lineage1",54.1267026222474,1
"N177536_CELL19214_N1","start_only_unsupervised","lineage1",23.813231745508,1
"N177536_CELL19706_N1","start_only_unsupervised","lineage1",17.7932682653369,1
"N177536_CELL20358_N1","start_only_unsupervised","lineage1",78.2176335051602,1
"N177536_CELL22589_N1","start_only_unsupervised","lineage1",81.489888802259,1
"N177536_CELL22836_N1","start_only_unsupervised","lineage1",28.3884796646813,1
"N177536_CELL22977_N1","start_only_unsupervised","lineage1",76.4389413550588,1
"N177536_CELL23410_N1","start_only_unsupervised","lineage1",15.8884006051931,1
"N177536_CELL25842_N1","start_only_unsupervised","lineage1",51.9404667924658,1
"N177536_CELL26198_N1","start_only_unsupervised","lineage1",37.102526575861,1
"N177536_CELL27559_N1","start_only_unsupervised","lineage1",86.7826463105155,1
"N387690_CELL199_N3","start_only_unsupervised","lineage1",24.7272601966754,1
"N387690_CELL228_N3","start_only_unsupervised","lineage1",18.583197209508,1
"N387690_CELL241_N3","start_only_unsupervised","lineage1",7.86141110053459,1
"N387690_CELL304_N4","start_only_unsupervised","lineage1",31.9814948045869,1
"N387690_CELL318_N4","start_only_unsupervised","lineage1",0,1
"N387690_CELL357_N3","start_only_unsupervised","lineage1",7.64367373316291,1
"N387690_CELL370_N2","start_only_unsupervised","lineage1",20.4802648084185,1
"N387690_CELL477_N3","start_only_unsupervised","lineage1",20.6421965722814,1
"N387690_CELL532_N4","start_only_unsupervised","lineage1",25.7269728955525,1
"N387690_CELL573_N2","start_only_unsupervised","lineage1",24.6274663290433,1
"N387690_CELL669_N3","start_only_unsupervised","lineage1",18.098056828602,1
"N387690_CELL780_N3","start_only_unsupervised","lineage1",31.0669826897821,1
"N387690_CELL787_N3","start_only_unsupervised","lineage1",18.2783056054696,1
"N387690_CELL811_N2","start_only_unsupervised","lineage1",21.1518153662846,1
"N387690_CELL939_N3","start_only_unsupervised","lineage1",9.8722123943233,1
"N387690_CELL1036_N1","start_only_unsupervised","lineage1",32.0906892776759,1
"N387690_CELL1048_N2","start_only_unsupervised","lineage1",17.1584158816285,1
"N387690_CELL1082_N4","start_only_unsupervised","lineage1",34.4037272483937,1
"N387690_CELL1182_N2","start_only_unsupervised","lineage1",20.0820366502995,1
"N387690_CELL1198_N2","start_only_unsupervised","lineage1",19.2064854384463,1
"N387690_CELL1312_N2","start_only_unsupervised","lineage1",19.8690600714558,1
"N387690_CELL1336_N2","start_only_unsupervised","lineage1",17.9862170245018,1
"N387690_CELL1371_N2","start_only_unsupervised","lineage1",9.39817144467349,1
"N387690_CELL1400_N2","start_only_unsupervised","lineage1",33.2343501777167,1
"N387690_CELL1473_N3","start_only_unsupervised","lineage1",0,1
"N387690_CELL1541_N4","start_only_unsupervised","lineage1",10.0880633793419,1
"N387690_CELL1569_N3","start_only_unsupervised","lineage1",21.2604043866647,1
"N387690_CELL1703_N2","start_only_unsupervised","lineage1",15.188819847316,1
"N387690_CELL1731_N3","start_only_unsupervised","lineage1",25.2145787722165,1
"N387690_CELL1774_N3","start_only_unsupervised","lineage1",23.2893129780012,1
"N387690_CELL1787_N3","start_only_unsupervised","lineage1",23.6264945499373,1
"N387690_CELL1804_N4","start_only_unsupervised","lineage1",23.968880348893,1
"N387690_CELL1836_N3","start_only_unsupervised","lineage1",18.6833202964244,1
"N387690_CELL1898_N4","start_only_unsupervised","lineage1",14.2773480625027,1
"N387690_CELL2098_N2","start_only_unsupervised","lineage1",18.4901940465676,1
"N387690_CELL2153_N3","start_only_unsupervised","lineage1",33.2604897699071,1
"N387690_CELL2167_N2","start_only_unsupervised","lineage1",24.4586214594086,1
"N387690_CELL2235_N5","start_only_unsupervised","lineage1",15.1905936021333,1
"N387690_CELL2287_N3","start_only_unsupervised","lineage1",20.3043827666879,1
"N387690_CELL2293_N4","start_only_unsupervised","lineage1",17.6928728815534,1
"N387690_CELL2307_N2","start_only_unsupervised","lineage1",21.8407627865813,1
"N387690_CELL2367_N3","start_only_unsupervised","lineage1",27.1647445561002,1
"N387690_CELL2428_N2","start_only_unsupervised","lineage1",28.4893089734604,1
"N387690_CELL2433_N2","start_only_unsupervised","lineage1",11.9260234474208,1
"N387690_CELL2521_N2","start_only_unsupervised","lineage1",22.4022984480502,1
"N387690_CELL2576_N3","start_only_unsupervised","lineage1",21.8626335715165,1
"N387690_CELL2590_N3","start_only_unsupervised","lineage1",17.2822457922534,1
"N387690_CELL2681_N2","start_only_unsupervised","lineage1",25.9597715942064,1
"N387690_CELL2703_N2","start_only_unsupervised","lineage1",10.4763405249466,1
"N387690_CELL2827_N2","start_only_unsupervised","lineage1",24.0632296434781,1
"N387690_CELL2934_N3","start_only_unsupervised","lineage1",17.6672139338383,1
"N387690_CELL2939_N3","start_only_unsupervised","lineage1",27.3033148232535,1
"N387690_CELL2976_N2","start_only_unsupervised","lineage1",20.5406522654146,1
"N387690_CELL3003_N3","start_only_unsupervised","lineage1",19.7192648154911,1
"N387690_CELL3134_N3","start_only_unsupervised","lineage1",77.7662562408786,1
"N387690_CELL3274_N3","start_only_unsupervised","lineage1",19.8296746618963,1
"N387690_CELL3328_N2","start_only_unsupervised","lineage1",22.6538330673685,1
"N387690_CELL3396_N3","start_only_unsupervised","lineage1",0,1
"N387690_CELL3416_N2","start_only_unsupervised","lineage1",22.4690060984614,1
"N387690_CELL3433_N4","start_only_unsupervised","lineage1",29.4302721986043,1
"N387690_CELL3453_N2","start_only_unsupervised","lineage1",24.6351142148326,1
"N387690_CELL3526_N5","start_only_unsupervised","lineage1",19.7320664686572,1
"N387690_CELL3575_N2","start_only_unsupervised","lineage1",26.1806142009194,1
"N387690_CELL3596_N2","start_only_unsupervised","lineage1",25.8377059636711,1
"N387690_CELL3604_N2","start_only_unsupervised","lineage1",29.360015520284,1
"N387690_CELL3612_N4","start_only_unsupervised","lineage1",22.5748910019757,1
"N387690_CELL3631_N4","start_only_unsupervised","lineage1",21.3055155284046,1
"N387690_CELL3735_N3","start_only_unsupervised","lineage1",17.9372781951568,1
"N387690_CELL3873_N3","start_only_unsupervised","lineage1",23.0403589644715,1
"N387690_CELL3902_N2","start_only_unsupervised","lineage1",15.6239612247361,1
"N387690_CELL3923_N3","start_only_unsupervised","lineage1",16.8386609488131,1
"N387690_CELL4047_N4","start_only_unsupervised","lineage1",10.909992743533,1
"N387690_CELL4183_N2","start_only_unsupervised","lineage1",0,1
"N387690_CELL4356_N4","start_only_unsupervised","lineage1",19.5619476978859,1
"N387690_CELL4456_N2","start_only_unsupervised","lineage1",18.3520215711617,1
"N387690_CELL4592_N7","start_only_unsupervised","lineage1",35.7051841966344,1
"N387690_CELL4736_N2","start_only_unsupervised","lineage1",24.0065547739763,1
"N387690_CELL4752_N3","start_only_unsupervised","lineage1",24.0335918821419,1
"N387690_CELL4803_N3","start_only_unsupervised","lineage1",18.9102139265512,1
"N387690_CELL5015_N2","start_only_unsupervised","lineage1",12.2686574555164,1
"N387690_CELL5034_N5","start_only_unsupervised","lineage1",20.2488726769583,1
"N387690_CELL5095_N3","start_only_unsupervised","lineage1",12.5957407105918,1
"N387690_CELL5103_N4","start_only_unsupervised","lineage1",18.7777858938164,1
"N387690_CELL5147_N3","start_only_unsupervised","lineage1",22.5748910019757,1
"N387690_CELL5163_N3","start_only_unsupervised","lineage1",16.2851684500936,1
"N387690_CELL5319_N3","start_only_unsupervised","lineage1",33.9361893169681,1
"N387690_CELL5347_N4","start_only_unsupervised","lineage1",21.5527282087906,1
"N387690_CELL5652_N2","start_only_unsupervised","lineage1",29.4470106527163,1
"N387690_CELL5660_N3","start_only_unsupervised","lineage1",23.802157224059,1
"N387690_CELL5689_N2","start_only_unsupervised","lineage1",25.5818969335232,1
"N387690_CELL5726_N2","start_only_unsupervised","lineage1",22.2948525718938,1
"N387690_CELL5772_N5","start_only_unsupervised","lineage1",12.7037094248288,1
"N387690_CELL6006_N2","start_only_unsupervised","lineage1",25.2645242810531,1
"N387690_CELL6059_N2","start_only_unsupervised","lineage1",16.5306851451132,1
"N387690_CELL6261_N3","start_only_unsupervised","lineage1",15.5826561148217,1
"N387690_CELL6304_N2","start_only_unsupervised","lineage1",20.4508277224561,1
"N387690_CELL6362_N2","start_only_unsupervised","lineage1",25.3898116195874,1
"N387690_CELL6518_N4","start_only_unsupervised","lineage1",14.8260095249884,1
"N387690_CELL6594_N2","start_only_unsupervised","lineage1",21.794416822276,1
"N387690_CELL6668_N2","start_only_unsupervised","lineage1",23.8128813030944,1
"N387690_CELL6871_N2","start_only_unsupervised","lineage1",19.6609893344076,1
"N387690_CELL6935_N4","start_only_unsupervised","lineage1",10.149269702162,1
"N387690_CELL6951_N3","start_only_unsupervised","lineage1",20.6013412740994,1
"N387690_CELL7016_N2","start_only_unsupervised","lineage1",18.0866955072089,1
"N387690_CELL7026_N2","start_only_unsupervised","lineage1",21.7557362040169,1
"N387690_CELL7096_N2","start_only_unsupervised","lineage1",18.7357243159861,1
"N387690_CELL7121_N2","start_only_unsupervised","lineage1",21.678280389404,1
"N387690_CELL7143_N3","start_only_unsupervised","lineage1",23.5460049275436,1
"N387690_CELL7176_N3","start_only_unsupervised","lineage1",22.5748910019757,1
"N387690_CELL7208_N2","start_only_unsupervised","lineage1",35.9666014480506,1
"N387690_CELL7473_N3","start_only_unsupervised","lineage1",19.4056092710519,1
"N387690_CELL7509_N2","start_only_unsupervised","lineage1",16.5811534516588,1
"N387690_CELL7538_N2","start_only_unsupervised","lineage1",16.073788457677,1
"N387690_CELL7573_N3","start_only_unsupervised","lineage1",25.4519033189873,1
"N387690_CELL7647_N3","start_only_unsupervised","lineage1",26.4238165760444,1
"N387690_CELL7825_N2","start_only_unsupervised","lineage1",18.3113121218877,1
"N387690_CELL7852_N2","start_only_unsupervised","lineage1",9.79156209400555,1
"N387690_CELL7902_N2","start_only_unsupervised","lineage1",24.5785874966419,1
"N387690_CELL7949_N2","start_only_unsupervised","lineage1",28.715788605713,1
"N387690_CELL8052_N2","start_only_unsupervised","lineage1",33.5539031944955,1
"N387690_CELL8080_N2","start_only_unsupervised","lineage1",21.0027266888659,1
"N387690_CELL8105_N2","start_only_unsupervised","lineage1",17.6546040517682,1
"N387690_CELL8127_N2","start_only_unsupervised","lineage1",15.2650627862221,1
"N387690_CELL8151_N3","start_only_unsupervised","lineage1",19.1236469571134,1
"N387690_CELL8300_N2","start_only_unsupervised","lineage1",21.8710087154881,1
"N387690_CELL8314_N4","start_only_unsupervised","lineage1",12.9550127024177,1
"N387690_CELL8342_N2","start_only_unsupervised","lineage1",15.2149178420996,1
"N387690_CELL8351_N3","start_only_unsupervised","lineage1",23.0982129373837,1
"N387690_CELL8481_N2","start_only_unsupervised","lineage1",17.5381845740595,1
"N387690_CELL8510_N3","start_only_unsupervised","lineage1",33.5539031944955,1
"N387690_CELL8571_N2","start_only_unsupervised","lineage1",0.416359220710614,1
"N387690_CELL8611_N2","start_only_unsupervised","lineage1",24.8455967132362,1
"N387690_CELL8623_N3","start_only_unsupervised","lineage1",12.2668226742526,1
"N387690_CELL8670_N2","start_only_unsupervised","lineage1",33.4740940267716,1
"N387690_CELL8732_N3","start_only_unsupervised","lineage1",0,1
"N387690_CELL8763_N2","start_only_unsupervised","lineage1",34.1805766987218,1
"N387690_CELL8888_N2","start_only_unsupervised","lineage1",30.6128725651915,1
"N387690_CELL8943_N2","start_only_unsupervised","lineage1",17.8852437382266,1
"N387690_CELL9070_N2","start_only_unsupervised","lineage1",23.4320015665846,1
"N387690_CELL9385_N2","start_only_unsupervised","lineage1",23.0421368202011,1
"N387690_CELL9436_N2","start_only_unsupervised","lineage1",17.6349354689776,1
"N387690_CELL9517_N2","start_only_unsupervised","lineage1",21.4935172023904,1
"N387690_CELL9559_N2","start_only_unsupervised","lineage1",22.1771684246725,1
"N387690_CELL9812_N2","start_only_unsupervised","lineage1",24.1495084216885,1
"N387690_CELL9885_N3","start_only_unsupervised","lineage1",22.5748910019757,1
"N387690_CELL9890_N2","start_only_unsupervised","lineage1",12.280125635481,1
"N387690_CELL10048_N4","start_only_unsupervised","lineage1",13.7388572024086,1
"N387690_CELL10058_N2","start_only_unsupervised","lineage1",18.6352466388936,1
"N387690_CELL10163_N3","start_only_unsupervised","lineage1",9.89919846702966,1
"N387690_CELL10200_N3","start_only_unsupervised","lineage1",16.3500537262852,1
"N387690_CELL10230_N3","start_only_unsupervised","lineage1",25.4519033189873,1
"N387690_CELL10274_N1","start_only_unsupervised","lineage1",29.8712687126582,1
"N387690_CELL10291_N2","start_only_unsupervised","lineage1",21.0553052400457,1
"N387690_CELL10744_N2","start_only_unsupervised","lineage1",26.1515632286642,1
"N387690_CELL10762_N2","start_only_unsupervised","lineage1",21.5969304633246,1
"N387690_CELL10781_N2","start_only_unsupervised","lineage1",18.7796087163837,1
"N387690_CELL10871_N3","start_only_unsupervised","lineage1",17.6914314581829,1
"N387690_CELL10951_N2","start_only_unsupervised","lineage1",20.9110904688037,1
"N387690_CELL10988_N2","start_only_unsupervised","lineage1",23.6953966174327,1
"N387690_CELL11123_N2","start_only_unsupervised","lineage1",22.0565069820171,1
"N387690_CELL11214_N2","start_only_unsupervised","lineage1",22.5748910019757,1
"N387690_CELL11231_N2","start_only_unsupervised","lineage1",20.6282526082278,1
"N387690_CELL11336_N3","start_only_unsupervised","lineage1",18.9489792485861,1
"N387690_CELL11516_N4","start_only_unsupervised","lineage1",18.5956550588865,1
"N387690_CELL11610_N2","start_only_unsupervised","lineage1",23.4617760814595,1
"N387690_CELL11624_N2","start_only_unsupervised","lineage1",20.8936857380622,1
"N387690_CELL11685_N2","start_only_unsupervised","lineage1",24.1630548163443,1
"N387690_CELL11737_N2","start_only_unsupervised","lineage1",15.0539623184324,1
"N387690_CELL11864_N3","start_only_unsupervised","lineage1",15.4327878451106,1
"N387690_CELL12009_N2","start_only_unsupervised","lineage1",23.8817481308334,1
"N387690_CELL12013_N2","start_only_unsupervised","lineage1",17.3156113354519,1
"N387690_CELL12032_N2","start_only_unsupervised","lineage1",19.5445875979436,1
"N387690_CELL12180_N2","start_only_unsupervised","lineage1",31.6124510485421,1
"N387690_CELL12201_N3","start_only_unsupervised","lineage1",19.618334151843,1
"N387690_CELL12225_N2","start_only_unsupervised","lineage1",20.8364951350665,1
"N387690_CELL12532_N2","start_only_unsupervised","lineage1",14.0603574057682,1
"N387690_CELL12554_N2","start_only_unsupervised","lineage1",23.4683158459775,1
"N387690_CELL12600_N2","start_only_unsupervised","lineage1",19.9600591539742,1
"N387690_CELL12652_N2","start_only_unsupervised","lineage1",32.9110697236889,1
"N387690_CELL12834_N2","start_only_unsupervised","lineage1",13.2829531833845,1
"N387690_CELL13111_N2","start_only_unsupervised","lineage1",24.0065547739763,1
"N387690_CELL13137_N2","start_only_unsupervised","lineage1",24.7041866825157,1
"N387690_CELL13168_N2","start_only_unsupervised","lineage1",17.9488785106705,1
"N387690_CELL13400_N1","start_only_unsupervised","lineage1",21.4547613645648,1
"N387690_CELL13518_N1","start_only_unsupervised","lineage1",19.4434413176675,1
"N387690_CELL13708_N1","start_only_unsupervised","lineage1",32.0906892776759,1
"N387690_CELL13917_N1","start_only_unsupervised","lineage1",21.40057936407,1
"N387690_CELL14005_N1","start_only_unsupervised","lineage1",14.8660569706969,1
"N387690_CELL14114_N1","start_only_unsupervised","lineage1",19.3137700273045,1
"N387690_CELL14242_N1","start_only_unsupervised","lineage1",23.5996071505456,1
"N387690_CELL14327_N1","start_only_unsupervised","lineage1",24.03510923877,1
"N387690_CELL14331_N1","start_only_unsupervised","lineage1",18.5863996750369,1
"N387690_CELL14504_N1","start_only_unsupervised","lineage1",21.6972900251629,1
"N387690_CELL14520_N1","start_only_unsupervised","lineage1",22.793956608179,1
"N387690_CELL14677_N1","start_only_unsupervised","lineage1",24.0065547739763,1
"N387690_CELL14707_N1","start_only_unsupervised","lineage1",22.8916530820369,1
"N387690_CELL14757_N1","start_only_unsupervised","lineage1",23.2893129780012,1
"N387690_CELL15052_N1","start_only_unsupervised","lineage1",23.2893129780012,1
"N387690_CELL15144_N1","start_only_unsupervised","lineage1",18.5934710878419,1
"N387690_CELL15190_N1","start_only_unsupervised","lineage1",20.0266099507238,1
"N387690_CELL15208_N1","start_only_unsupervised","lineage1",30.3034900673459,1
"N387690_CELL15284_N1","start_only_unsupervised","lineage1",19.8241921573252,1
"N387690_CELL15602_N1","start_only_unsupervised","lineage1",24.7272601966754,1
"N387690_CELL15676_N1","start_only_unsupervised","lineage1",22.1983421470211,1
"N387690_CELL15721_N1","start_only_unsupervised","lineage1",35.6354925383603,1
"N387690_CELL15777_N1","start_only_unsupervised","lineage1",17.5645017737575,1
"N387690_CELL15787_N1","start_only_unsupervised","lineage1",13.8895360477729,1
"N387690_CELL15796_N1","start_only_unsupervised","lineage1",11.3704395606572,1
"N387690_CELL15927_N1","start_only_unsupervised","lineage1",23.5772155967434,1
"N387690_CELL16076_N1","start_only_unsupervised","lineage1",20.2352040405604,1
"N387690_CELL16196_N1","start_only_unsupervised","lineage1",19.9692438654968,1
"N387690_CELL16327_N1","start_only_unsupervised","lineage1",19.3019397435594,1
"N387690_CELL16328_N1","start_only_unsupervised","lineage1",34.1267515013495,1
"N387690_CELL16368_N1","start_only_unsupervised","lineage1",21.1518153662846,1
"N387690_CELL16444_N1","start_only_unsupervised","lineage1",21.0928359516471,1
"N387690_CELL16480_N1","start_only_unsupervised","lineage1",22.9322964879015,1
"N387690_CELL16661_N1","start_only_unsupervised","lineage1",22.4579548498301,1
"N387690_CELL16681_N1","start_only_unsupervised","lineage1",24.0065547739763,1
"N387690_CELL16825_N1","start_only_unsupervised","lineage1",18.5639389597116,1
"N387690_CELL16881_N1","start_only_unsupervised","lineage1",27.4709722280499,1
"N387690_CELL17065_N1","start_only_unsupervised","lineage1",23.462339173973,1
"N387690_CELL17160_N1","start_only_unsupervised","lineage1",22.6655656855311,1
"N387690_CELL17338_N1","start_only_unsupervised","lineage1",23.6260384982784,1
"N387690_CELL17356_N1","start_only_unsupervised","lineage1",23.0545823899242,1
"N387690_CELL17497_N1","start_only_unsupervised","lineage1",35.8810191688172,1
"N387690_CELL17766_N1","start_only_unsupervised","lineage1",25.4519033189873,1
"N387690_CELL17784_N1","start_only_unsupervised","lineage1",16.0913511776007,1
"N387690_CELL17808_N1","start_only_unsupervised","lineage1",17.8742691530377,1
"N387690_CELL17887_N1","start_only_unsupervised","lineage1",23.4099473419004,1
"N387690_CELL18077_N1","start_only_unsupervised","lineage1",21.6331853333745,1
"N387690_CELL18532_N1","start_only_unsupervised","lineage1",19.0220607225806,1
"N387690_CELL18587_N1","start_only_unsupervised","lineage1",32.4186644723492,1
"N387690_CELL18607_N1","start_only_unsupervised","lineage1",23.6411774276991,1
"N387690_CELL18650_N1","start_only_unsupervised","lineage1",20.2995588023527,1
"N387690_CELL18876_N1","start_only_unsupervised","lineage1",20.7251312697199,1
"N387690_CELL18900_N1","start_only_unsupervised","lineage1",23.7980590455815,1
"N387690_CELL18905_N1","start_only_unsupervised","lineage1",24.0065547739763,1
"N387690_CELL18953_N1","start_only_unsupervised","lineage1",21.892963273923,1
"N387690_CELL19154_N1","start_only_unsupervised","lineage1",12.1583783739213,1
"N387690_CELL19367_N1","start_only_unsupervised","lineage1",23.7895868776031,1
"N387690_CELL19370_N1","start_only_unsupervised","lineage1",20.6269881601388,1
"N387690_CELL19514_N1","start_only_unsupervised","lineage1",21.1518153662846,1
"N387690_CELL19986_N1","start_only_unsupervised","lineage1",32.3161248634159,1
"N387690_CELL20338_N1","start_only_unsupervised","lineage1",20.0030516843057,1
"N387690_CELL20382_N1","start_only_unsupervised","lineage1",34.8805174535368,1
"N387690_CELL20593_N1","start_only_unsupervised","lineage1",28.3189403891378,1
"N387690_CELL20615_N1","start_only_unsupervised","lineage1",20.4418169689986,1
"N387690_CELL20716_N1","start_only_unsupervised","lineage1",22.3877021771053,1
"N387690_CELL20809_N1","start_only_unsupervised","lineage1",20.0635065583937,1
"N387690_CELL20890_N1","start_only_unsupervised","lineage1",25.8005726844961,1
"N387690_CELL20940_N1","start_only_unsupervised","lineage1",30.6566544993403,1
"N387690_CELL20959_N1","start_only_unsupervised","lineage1",23.2893129780012,1
"N387690_CELL21237_N1","start_only_unsupervised","lineage1",25.1598800409658,1
"N387690_CELL21242_N1","start_only_unsupervised","lineage1",21.3550190523846,1
"N387690_CELL21451_N1","start_only_unsupervised","lineage1",18.5931095263995,1
"N387690_CELL21567_N1","start_only_unsupervised","lineage1",22.6697419625985,1
"N387690_CELL21636_N1","start_only_unsupervised","lineage1",21.1518153662846,1
"N387690_CELL21668_N1","start_only_unsupervised","lineage1",25.0200276393925,1
"N387690_CELL21788_N1","start_only_unsupervised","lineage1",21.1017954696335,1
"N387690_CELL22185_N1","start_only_unsupervised","lineage1",26.1806142009194,1
"N387690_CELL22358_N1","start_only_unsupervised","lineage1",25.335553435909,1
"N387690_CELL22399_N1","start_only_unsupervised","lineage1",21.3066034749836,1
"N387690_CELL22433_N1","start_only_unsupervised","lineage1",23.2893129780012,1
"N387690_CELL22642_N1","start_only_unsupervised","lineage1",26.9133434126188,1
"N387690_CELL22657_N1","start_only_unsupervised","lineage1",20.8397714920376,1
"N387690_CELL22759_N1","start_only_unsupervised","lineage1",26.021340238302,1
"N387690_CELL22827_N1","start_only_unsupervised","lineage1",22.5748910019757,1
"N387690_CELL22936_N1","start_only_unsupervised","lineage1",20.6391473085381,1
"N387690_CELL22944_N1","start_only_unsupervised","lineage1",19.7940509398904,1
"N387690_CELL23098_N1","start_only_unsupervised","lineage1",18.191930141491,1
"N387690_CELL23353_N1","start_only_unsupervised","lineage1",32.0906892776759,1
"N387690_CELL23365_N1","start_only_unsupervised","lineage1",21.2078336347138,1
"N387690_CELL23371_N1","start_only_unsupervised","lineage1",20.9502782487371,1
"N387690_CELL23678_N1","start_only_unsupervised","lineage1",20.3436152206255,1
"N387690_CELL23683_N1","start_only_unsupervised","lineage1",25.5300615353254,1
"N387690_CELL23687_N1","start_only_unsupervised","lineage1",18.3113121218877,1
"N387690_CELL23969_N1","start_only_unsupervised","lineage1",24.4262980250237,1
"N387690_CELL24223_N1","start_only_unsupervised","lineage1",25.4519033189873,1
"N387690_CELL24463_N1","start_only_unsupervised","lineage1",30.2998999976045,1
"N387690_CELL24542_N1","start_only_unsupervised","lineage1",21.2225961056354,1
"N387690_CELL24571_N1","start_only_unsupervised","lineage1",21.8709613795093,1
"N387690_CELL24707_N1","start_only_unsupervised","lineage1",15.8312961022455,1
"N387690_CELL24811_N1","start_only_unsupervised","lineage1",22.3344541492822,1
"N387690_CELL24914_N1","start_only_unsupervised","lineage1",22.6678154688137,1
"N387690_CELL25178_N1","start_only_unsupervised","lineage1",16.4603618377796,1
"N387690_CELL25306_N1","start_only_unsupervised","lineage1",21.8626335715165,1
"N387690_CELL25358_N1","start_only_unsupervised","lineage1",19.371726753368,1
"N387690_CELL25461_N1","start_only_unsupervised","lineage1",23.1293796402455,1
"N387690_CELL25723_N1","start_only_unsupervised","lineage1",15.981374486468,1
"N387690_CELL25737_N1","start_only_unsupervised","lineage1",32.5956830369782,1
"N387690_CELL26286_N1","start_only_unsupervised","lineage1",31.1400478025368,1
"N387690_CELL26358_N1","start_only_unsupervised","lineage1",28.4289820244775,1
"N387690_CELL26373_N1","start_only_unsupervised","lineage1",21.4041847964328,1
"N387690_CELL26375_N1","start_only_unsupervised","lineage1",22.1806940266167,1
"N387690_CELL26376_N1","start_only_unsupervised","lineage1",33.1145218785999,1
"N387690_CELL27004_N1","start_only_unsupervised","lineage1",22.5748910019757,1
"N387690_CELL27171_N1","start_only_unsupervised","lineage1",23.6603977647819,1
"N387690_CELL27178_N1","start_only_unsupervised","lineage1",22.9582703734716,1
"N387690_CELL27194_N1","start_only_unsupervised","lineage1",84.0248235697109,1
"N387690_CELL27266_N1","start_only_unsupervised","lineage1",28.2633493972242,1
"N387690_CELL27307_N1","start_only_unsupervised","lineage1",23.3033130230558,1
"N387690_CELL27560_N1","start_only_unsupervised","lineage1",30.4902071022186,1
"N387690_CELL27569_N1","start_only_unsupervised","lineage1",29.1645334486798,1
"N387690_CELL27976_N1","start_only_unsupervised","lineage1",18.3210008130129,1
"N387690_CELL28594_N1","start_only_unsupervised","lineage1",30.0293690200137,1
