"waldStat_1","df_1","pvalue_1","waldStat_2","df_2","pvalue_2","V7","gene"
63.5514664870823,5,2.23776552843447e-12,44.7337984248118,5,1.64338274100118e-08,2.17396611020866,"LAMC3"
111.151840556036,5,0,60.6896524150295,5,8.75355343765705e-12,3.27460660449638,"SEMA3G"
207.49723106782,5,0,188.864486264176,5,0,3.74958252652588,"IGFBP3"
66.8964617677059,5,4.52748949442139e-13,48.9872258460044,5,2.23263318943623e-09,2.46210374082905,"ALX4"
84.2413068726755,5,1.11022302462516e-16,41.7096095029757,5,6.74362757857594e-08,1.59915545764616,"COL23A1"
173.770040231936,5,0,129.550710251782,5,0,3.20428987750294,"TFAP2A"
85.0333569940994,5,1.11022302462516e-16,60.0785284678793,5,1.17087450846043e-11,0.48079128954649,"TCF4"
42.5731835861957,5,4.50923776096346e-08,26.9002003675725,5,5.96525356229005e-05,2.38089338456092,"BMP7"
144.358136704026,5,0,101.015675158512,5,0,2.70580033224564,"BMP4"
78.5952033480385,5,1.66533453693773e-15,72.1376513002237,5,3.67483821150927e-14,2.86992793754066,"SLC5A3"
147.935136388935,5,0,96.2728492107179,5,0,2.7348462460604,"GADD45G"
58.8261396607802,5,2.12420081524556e-11,60.8065324897539,5,8.27982127304949e-12,2.05219077448949,"SERPINE2"
85.3958138205421,5,1.11022302462516e-16,54.6742309436641,5,1.52313828216677e-10,2.37340665363376,"INHBB"
87.1549979320898,5,0,44.1821734084231,5,2.127132403551e-08,4.27337971579259,"PRLR"
67.6898955572392,5,3.09752223870419e-13,58.2078438827201,5,2.8497315618381e-11,1.20341778448714,"TRPS1"
NA,NA,NA,NA,NA,NA,0.556444297296122,"TIMP3"
92.7381315888074,5,0,53.7374120419938,5,2.37309727424417e-10,2.88227296103864,"PRDM1"
22.7434944591661,5,0.000377885917881571,10.9807440111057,5,0.0517631125239373,1.18542989159739,"PTCH1"
47.354032015485,5,4.81137651942021e-09,19.94983865585,5,0.00127710813672632,0.760466297875636,"APCDD1"
35.8948076573199,5,9.96955992316195e-07,26.549252670258,5,6.9806480936685e-05,1.00468468580463,"DAAM2"
67.2772827792606,5,3.77364806070091e-13,73.2628856794827,5,2.14273043752655e-14,2.62909990140338,"INHBA"
70.4599328455026,5,8.21565038222616e-14,17.7262125719064,5,0.00330985227338176,0.917490918658627,"BCL2"
41.8759760979618,5,6.24079335986849e-08,47.7839138194984,5,3.93157695288693e-09,3.08524460716822,"CENPW"
42.4269456017353,5,4.82747051222532e-08,33.7655544091454,5,2.65105994989856e-06,1.88618751772193,"CEBPA"
55.2450736396852,5,1.16227028001958e-10,38.696604411406,5,2.73326903887927e-07,2.98360515679944,"IGFBP2"
45.0752405258793,5,1.40066245268855e-08,74.1699202075901,5,1.38777878078145e-14,1.90366330350778,"MRPS6"
11.4403916443597,5,0.043314639122747,8.02723562494387,5,0.15474099275244,1.10871440835418,"CRABP1"
56.768202638099,5,5.6449511731671e-11,27.456084564812,5,4.64839680717199e-05,0.708224123975034,"ROBO2"
93.0007276939823,5,0,67.057513317371,5,4.19220214098459e-13,2.10993324136579,"DKK2"
21.4432438345397,5,0.000667818246863905,NA,NA,NA,1.05380149333584,"PHLDA1"
21.0350031587323,5,0.00079781686201974,11.6357570361283,5,0.040134382282012,1.11321592210256,"DIO2"
NA,NA,NA,29.8452715854826,5,1.58196755650764e-05,1.04558233017424,"MYLIP"
93.2053157815728,5,0,73.633537087945,5,1.79856129989275e-14,3.77308711509625,"LUZP2"
20.013114028533,5,0.00124266876384715,14.5521053238877,5,0.0124577748091909,1.06923864209469,"ZDHHC14"
62.5128012824836,5,3.67250674315756e-12,51.290418375933,5,7.54130091706884e-10,3.34709962252371,"PGM2L1"
43.3581355089374,5,3.12618220199568e-08,5.44788126443767,5,0.36369474108581,0.551464028688357,"PREX2"
24.307824959258,5,0.000189447173853718,37.1252398993036,5,5.65300773414101e-07,2.13025505097478,"TNN"
10.8802593134974,5,0.0538064606124207,12.3519542061966,5,0.03027081907166,0.717269490536331,"F2R"
72.953129655948,5,2.48689957516035e-14,35.1340164505635,5,1.41477161585968e-06,0.933282741393801,"PLEKHH2"
18.4351619558559,5,0.00244768040347298,17.0132534395246,5,0.00447472993338749,1.61901180289119,"HIST1H2BD"
39.0409099736769,5,2.33023203510818e-07,17.0946612530884,5,0.00432372448496743,0.729386870849242,"TWIST1"
12.6990695702322,5,0.0263680769411686,10.3338862991161,5,0.0663089636228816,1.20109883529779,"HIST2H2BE"
20.8864048839025,5,0.000851079700743052,33.9196190677168,5,2.470362740703e-06,1.04043014791754,"ITGA8"
67.311818885011,5,3.7114755713219e-13,46.4826180257966,5,7.24267723573035e-09,1.95034284124417,"CPE"
21.8811026056924,5,0.000551559086467091,35.63891972538,5,1.1215884989646e-06,2.42334229835853,"SOX18"
173.195166185969,5,0,248.44949489742,5,0,1.16671476880338,"PTMA"
7.27636899754253,5,0.200884348428593,153.005658804238,5,0,0.201304188914757,"RPL35A"
9.75804318000863,5,0.082388562243747,107.647502249083,5,0,0.287318529927662,"RPL34"
1.90856866728369,5,0.86164617124054,42.7746809035228,5,4.1047237497871e-08,0.231249193009582,"SLC35F1"
74.4072879815516,5,1.23234755733392e-14,78.3531505440844,5,1.88737914186277e-15,0.752919630966798,"H3F3B"
21.9558744237302,5,0.000533808125275592,197.370077809232,5,0,0.174602445078525,"RPL13"
9.04403097527867,5,0.107320746239601,165.236900336848,5,0,0.227416491139951,"RPL11"
11.5342608062797,5,0.0417578889050142,143.894034414432,5,0,0.347443430669984,"RPS27A"
10.5595624222129,5,0.0608467126673857,153.344897411424,5,0,0.200055483465994,"RPS13"
4.459302228729,5,0.485347057308064,97.7932000184828,5,0,0.183466185064413,"RPL26"
15.0414565968053,5,0.0101866612783621,203.435298388218,5,0,0.163392893703791,"RPL37A"
12.7353143392049,5,0.0259895288238567,80.6587718695541,5,6.66133814775094e-16,0.257206759323818,"RPL5"
16.7096697025979,5,0.00508463636120426,237.404394086697,5,0,0.146263993774026,"RPL13A"
14.2340795084979,5,0.0141889277555676,132.69119508001,5,0,0.187085615999317,"FAU"
14.8773481960678,5,0.0108994693902754,177.094065656803,5,0,0.208692606504498,"RPL19"
6.32165597136893,5,0.276166363282431,102.309109266541,5,0,0.266981881902399,"RPL6"
9.98675963627058,5,0.0756112764137511,209.920624812646,5,0,0.173011629860255,"RPS14"
12.0187841887619,5,0.0345312982859769,41.424985256131,5,7.69923304000386e-08,0.11911744121287,"RPL4"
6.72968304211605,5,0.241532746798528,207.395090345054,5,0,0.242862087893883,"RPL30"
5.46611049518489,5,0.361676300385092,209.975126576412,5,0,0.221406985891567,"RPS27"
11.4061399944405,5,0.0438962435695777,147.001822926125,5,0,0.196922847450513,"RPL24"
5.42767802974481,5,0.365941431728254,38.6085537764079,5,2.84703643327333e-07,0.168410824505619,"GNB2L1"
28.3395724509132,5,3.12367709607297e-05,149.245571441797,5,0,0.337775518662489,"RPL12"
3.86097480261485,5,0.569600934266724,141.576977910057,5,0,0.180199495283236,"RPS23"
5.22010602133577,5,0.389613099432747,88.2806864294289,5,0,0.184972360282978,"RPL38"
6.93981401834542,5,0.225155038644901,144.414480938142,5,0,0.162623512423385,"RPS9"
11.6905973851573,5,0.0392822745873209,154.595437632611,5,0,0.211515982762338,"RPL37"
5.4666060191667,5,0.361621548886292,69.0269767050697,5,1.63313806922361e-13,0.142945042552953,"RPL3"
9.68236543147359,5,0.0847521149766544,58.1812144899311,5,2.88601365028285e-11,0.130718215860247,"RPS6"
1.60223936751134,5,0.900978405751944,113.573813727078,5,0,0.121704109547989,"RPL18"
9.71619444707432,5,0.0836879286509862,99.0794984230884,5,0,0.335836896482042,"RPL9"
9.953305162534,5,0.0765691870803042,81.9954076632901,5,3.33066907387547e-16,0.130748163155748,"RPS21"
17.2885710034803,5,0.00398381446910323,128.724227192951,5,0,0.148653635011301,"EEF1A1"
7.81602948288837,5,0.166670303005548,203.132750113208,5,0,0.183712881895342,"RPL32"
18.4342885404902,5,0.00244859328605362,105.275587361855,5,0,0.187236707432485,"RPS4X"
6.33036183043262,5,0.275387215559803,102.18884245667,5,0,0.264426474978288,"RPL23"
6.34657356807882,5,0.273941062769599,78.2554564032115,5,1.99840144432528e-15,0.134706237782429,"RPL14"
13.4731653906645,5,0.0193260254784764,106.725740587052,5,0,0.368711040356569,"RPS3A"
2.0861908702877,5,0.837094965667427,78.1494666226412,5,1.99840144432528e-15,0.133860491477824,"RPL21"
11.2780525451777,5,0.0461373741310831,79.2039565912928,5,1.22124532708767e-15,0.440780254327581,"RPL7"
9.75943158961798,5,0.082345775033247,49.5490208242395,5,1.71379299640506e-09,0.326400776378324,"RPL22"
25.0769093709262,5,0.000134649234756035,171.872188721086,5,0,0.265832536269273,"RPS8"
10.9810131478493,5,0.0517577391142727,15.8126356193139,5,0.00739987333658876,0.384559415189539,"HSP90AB1"
19.5262292383558,5,0.00153309739315122,82.0352882700387,5,3.33066907387547e-16,0.313837990189567,"VIM"
15.3992688249479,5,0.00878584875919208,145.06510731286,5,0,0.174778864701762,"RPS16"
10.2488059318795,5,0.0684846866660525,55.4474357922796,5,1.05599640143339e-10,0.2580597197036,"NACA"
27.0974508504462,5,5.46031176621442e-05,123.774809558739,5,0,0.257892107041492,"RPS20"
17.5884167148438,5,0.00350902612994552,8.99110218377163,5,0.109419588649723,0.101086329982159,"GLTSCR2"
14.356322828328,5,0.0134976125951198,76.978198286901,5,3.5527136788005e-15,0.237565345051182,"RPL36A"
16.7813182906832,5,0.00493376016565994,114.279839538931,5,0,0.191040483504332,"RPS3"
74.7341704070452,5,1.0547118733939e-14,52.9488761391901,5,3.44562378629121e-10,1.05967460071206,"JUNB"
24.1873479905649,5,0.00019983318690675,124.436845314198,5,0,0.153416338539147,"RPL23A"
24.9635939679708,5,0.000141607181291969,65.8970008331456,5,7.30082660993503e-13,0.152689435762571,"RPS5"
3.30489311787884,5,0.653092632115941,57.7223936793646,5,3.58878482487057e-11,0.300679041552917,"BTF3"
18.1106779134272,5,0.00281084547632382,93.1633401761644,5,0,0.12929803955816,"RPS17"
12.0440392024025,5,0.0341892991946158,104.349714402261,5,0,0.259076724758655,"RPL17-C18orf32"
11.2895606854543,5,0.0459316760545861,104.811911570564,5,0,0.28485014444719,"RPL10A"
18.1010648564379,5,0.00282237309870925,31.8746562683251,5,6.29063729196133e-06,0.501456058222424,"HNRNPA1"
6.74861904363473,5,0.240017103142898,97.9397701066734,5,0,0.225728301479573,"RPS25"
25.7035566632695,5,0.000101858060288618,31.042640033278,5,9.18739915156674e-06,1.05318755930365,"LMO4"
3.15042874299265,5,0.676806898704366,82.8186282238911,5,2.22044604925031e-16,0.230979422149633,"PFDN5"
5.74483386219915,5,0.331844706897264,NA,NA,NA,0.238912576764246,"CIRBP"
7.71682780951028,5,0.172547816446085,72.6966260743496,5,2.80886425230165e-14,0.150102643875629,"RPS15"
15.6192281993856,5,0.00801961053291023,137.438195186252,5,0,0.279529514919824,"RPL31"
21.0480441548384,5,0.000793302388591988,74.1676285554768,5,1.38777878078145e-14,0.224036419437605,"RPS7"
10.7014580360291,5,0.0576312381467156,32.8680780663565,5,3.99737126333122e-06,0.433251196595622,"ADIRF"
6.36475824226764,5,0.272326255097138,117.992778772661,5,0,0.2358485428661,"RPS10"
0.205986290390378,5,0.999048080824494,1.15697013024929,5,0.948938281047855,0.0679373059273717,"NUCKS1"
7.48873136394006,5,0.186754906712768,131.664538652633,5,0,0.211363446090855,"RPS15A"
13.8289204616266,5,0.0167334441207692,30.2928962713298,5,1.2914363119676e-05,0.464344210165565,"FGFR1"
15.2751109381855,5,0.00924929214837111,53.3077281996206,5,2.90791613011265e-10,0.410289594790588,"CD81"
22.4270076100739,5,0.000434235704295127,37.6495136353476,5,4.43706046460157e-07,0.243905836430951,"EIF1"
19.2347352215995,5,0.00173789057708573,15.4819401751399,5,0.00848986020494658,0.251154694003612,"ZFP36L2"
5.91758927670683,5,0.314320629137582,97.9362008327912,5,0,0.169712118291086,"RPS24"
11.1509731006917,5,0.0484674492913633,98.5481746483879,5,0,0.129081059993544,"RPL7A"
33.0244137911773,5,3.72165633777399e-06,182.472523027742,5,0,0.300314537408266,"RPS18"
7.4914049588121,5,0.1865826542508,4.43524322424909,5,0.488594141799541,0.216381241018294,"HMGB1"
23.6178118145725,5,0.000257073786469664,39.5736478307758,5,1.82015643335198e-07,0.821021901712695,"HIST1H4C"
28.090260950725,5,3.49493900614339e-05,96.0739674117237,5,0,0.28205141731778,"RPL35"
48.1287624694526,5,3.34331451412595e-09,47.0248811196911,5,5.61549373667702e-09,0.746403412215725,"SNHG8"
26.4501071642521,5,7.2973312733704e-05,136.468270304348,5,0,0.161147143223777,"RPS2"
62.7228902980705,5,3.32245342349324e-12,51.3845319212842,5,7.21370629896967e-10,0.82257761784453,"TMEM258"
NA,NA,NA,0.266021857609601,5,0.998233733749093,0.278178362251728,"POLDIP2"
3.12300800418308,5,0.68102823008822,5.4751463815636,5,0.360678867850339,0.687336497966908,"PLXNA3"
7.52631639871214,5,0.184346042180503,5.4023841715567,5,0.368768564752134,0.38283624256768,"MRPS12"
NA,NA,NA,0.00519862625643454,5,0.999999896542013,0.282718838047146,"RAB24"
12.2518406071285,5,0.0314952691467021,NA,NA,NA,0.348164530265446,"MARVELD1"
NA,NA,NA,0.584169026462161,5,0.988716591397203,0.416751553040856,"CMKLR1"
7.17313437854193,5,0.208079245842624,4.87573604452968,5,0.431233155239664,0.465505998490614,"PTPMT1"
1.2731149485556,5,0.937673663699632,NA,NA,NA,0.41755006234337,"RNF11"
0.000114165591917046,5,0.999999999992593,0.614399935876204,5,0.987334445537273,0.145821550071592,"C6orf1"
2.20597372462456,5,0.819972634561573,2.08299143940584,5,0.837546540372279,0.274701196645143,"SSNA1"
1.57238851754125,5,0.904568059088708,NA,NA,NA,0.208391124910908,"PSMC4"
32.1506295877215,5,5.54682721742861e-06,49.1943579164068,5,2.02524852443986e-09,1.08571890589383,"NPC2"
6.74607700149974,5,0.240220106500554,3.97265132066166,5,0.553360194176216,0.360312324796196,"SAT2"
52.3501299423597,5,4.57247462115618e-10,30.170079044603,5,1.36541526133405e-05,0.448670173390741,"NDUFB11"
11.3679814851605,5,0.0445528907947935,19.3713947622768,5,0.00163873439945461,0.479461258430729,"DCHS1"
20.87683594704,5,0.000854627122569229,22.6813792168372,5,0.000388344011955866,3.91534863282551,"HAS2"
40.8160007684037,5,1.02210632846322e-07,21.9971804929983,5,0.000524244894389958,0.485785471398609,"NDUFA4"
21.7760311150757,5,0.000577491026080179,35.1312312799853,5,1.41658401631162e-06,0.367811295971196,"ACTN1"
0.100296613351191,5,0.999836494343629,NA,NA,NA,0.0499975583259948,"RAB1B"
12.1571969555091,5,0.0326961643924739,9.34091791234223,5,0.0962146690835084,0.198041415947706,"HIGD2A"
5.81644618541253,5,0.324491248618678,10.5453615506299,5,0.061177612782585,0.342384491406979,"TMEM160"
2.29412109295561,5,0.807129934965025,0.0359410433475413,5,0.999987139612796,0.253469511434719,"ILVBL"
10.8601381197614,5,0.0542246432390405,2.72871308729255,5,0.741723517079525,0.805151628316196,"TMEM9"
8.18767876227844,5,0.146191101800874,19.5043359204538,5,0.001547617653755,0.831495563001772,"PMP22"
6.20632695101389,5,0.286657023524113,1.60832710595477,5,0.90024051985088,0.230971752197463,"RIC8A"
31.1251797684269,5,8.84894874664255e-06,13.0346357213583,5,0.0230563468394376,0.248958813907845,"COX7B"
19.0777386845685,5,0.00185908919616018,9.22857032361059,5,0.100287281632215,0.314450969400982,"YIPF3"
6.9245695306318,5,0.226310888407556,7.46459486679359,5,0.188316215009169,1.49764701308175,"TEN1"
12.8633051719999,5,0.0246939810715188,11.5141184446223,5,0.0420873997662009,0.604035322289412,"MRPS24"
NA,NA,NA,2.69012987583835,5,0.747627610389803,0.612461249271662,"FASTK"
6.81818700147905,5,0.234516932013437,14.3408604927386,5,0.0135832219796824,0.689801023172967,"FAM162A"
7.23671195976056,5,0.203622562569622,1.30435312999105,5,0.934483108237463,0.385841973976223,"TSR3"
54.2506276803442,5,1.86139770264049e-10,51.0775692496964,5,8.33797475507936e-10,4.80466996126305,"PRELP"
1.03805796914567,5,0.959438096968512,NA,NA,NA,0.23674085361849,"GORASP2"
2.78666489284433,5,0.732834836804658,NA,NA,NA,0.275170043132623,"ECH1"
20.2353273363035,5,0.00112880726178488,10.0081516171526,5,0.0750046029141378,0.624764117310409,"GSTO1"
NA,NA,NA,NA,NA,NA,0.137703658695963,"PRMT2"
NA,NA,NA,1.46242543936951,5,0.917364752201922,0.218451325934124,"SUB1"
49.5134368246535,5,1.7427529419578e-09,94.8185808465588,5,0,1.1725513282945,"HLA-A"
91.1384125871255,5,0,41.3459213441514,5,7.98785270150759e-08,0.833426404889447,"ANXA2"
0.921641834756105,5,0.968635116932614,7.70430485658642,5,0.173302555743866,0.346774658030806,"CREB3"
24.8671388811647,5,0.000147809355272144,7.64955216236184,5,0.176636477152971,0.237158316974342,"PLP2"
65.3494474548115,5,9.48463529937271e-13,31.1362824112271,5,8.80437827344149e-06,0.676938938300007,"ALDOA"
NA,NA,NA,14.6934684422884,5,0.0117556296551812,1.10626022074648,"CCDC92"
NA,NA,NA,6.22397041148848,5,0.285031670762291,0.327591941228786,"IFITM1"
10.4499193001044,5,0.0634456602742501,17.6720776021563,5,0.00338674469011291,0.26067708724773,"SCAND1"
11.2612788035046,5,0.0464387504525819,6.46685215155429,5,0.263403530402142,0.253640838851606,"RPS19BP1"
6.36899111528092,5,0.271951485593129,12.7231916563766,5,0.0261155577184738,0.72790671968727,"CD68"
4.21063613556642,5,0.519505257603247,0.601894802378325,5,0.987916324069861,0.21908651544131,"NKIRAS2"
10.4252995523055,5,0.0640433518374636,35.8162510952121,5,1.03367572601432e-06,0.638258436188474,"NRP2"
9.03893985109211,5,0.10752102210317,48.6211870054298,5,2.65223309980911e-09,1.88494887994588,"PLXNA2"
15.1994664820905,5,0.00954319803497716,17.1471879117034,5,0.00422894679773045,0.337084166752147,"C4orf3"
12.7435171361993,5,0.0259045821793311,17.8627493312589,5,0.00312342877980065,1.50748930682544,"RBCK1"
75.0553011664756,5,9.10382880192628e-15,23.5532930106125,5,0.000264502621385998,0.62189830725927,"PKM"
10.9472717429071,5,0.0524355103848148,3.9826880394008,5,0.551911143760707,1.22285114335195,"MAGOHB"
6.42217408268289,5,0.267278438483238,0.954993042376163,5,0.966113599264386,0.111392614718285,"MAP2K2"
4.80101505523442,5,0.440644204740712,10.7277427627182,5,0.0570533925782485,1.21677036848886,"ORMDL3"
NA,NA,NA,0.00125795904908852,5,0.999999997015855,0.0444599020261243,"CDIPT"
6.97901480557732,5,0.222205688072118,0.902129521917363,5,0.970067276136203,0.153302159879803,"AGPAT1"
115.700332506234,5,0,68.2454204668504,5,2.37476704967321e-13,0.46177576340204,"CFL1"
1.02064298499628,5,0.96088364805045,6.41503129218572,5,0.26790222449445,0.24778938633035,"PACS2"
17.2031185877183,5,0.00413025932628253,20.4282895498911,5,0.00103830718628783,0.486030226841994,"GJA1"
42.8093740666852,5,4.03881986743571e-08,39.4969520228368,5,1.88608586304539e-07,0.446852996732741,"KDELR1"
7.3158626023198,5,0.198188947338007,0.26568866926706,5,0.998239051362701,0.396944191570613,"ZNF593"
0.156476331407589,5,0.999512740091954,10.5938725390205,5,0.0600541478467749,0.17362078049868,"CORO1C"
3.7705901856292,5,0.582895022845165,2.99593035214762,5,0.700613295237829,0.781506736736982,"RTN4RL2"
17.267364440192,5,0.00401967662712865,13.1339070502375,5,0.022155712608283,1.11414883100195,"PSME2"
4.42782026962124,5,0.48959852969989,10.1100043833908,5,0.0721776524550611,0.678446554383968,"AKR1B1"
2.51050480519271,5,0.774912202245343,2.29566581370671,5,0.806903234302459,0.33813173125678,"CYSTM1"
5.3153557878091,5,0.378617634391818,13.9618755404084,5,0.0158534098790749,0.413190103050895,"SNX3"
18.6108544958528,5,0.00227067565904449,3.69523842215274,5,0.594072715133665,0.304932468693443,"BCL7C"
7.10249951661271,5,0.213128226316448,2.37629060562981,5,0.794999604371029,0.940793375225632,"PODNL1"
10.142385836479,5,0.0712998812632739,29.8498507636464,5,1.57868944180573e-05,1.00224026957611,"GALNT15"
78.1364597897812,5,2.1094237467878e-15,17.5836329091922,5,0.00351614739520345,0.475567009492042,"PPP1R14B"
3.29756851426453,5,0.654213962212246,2.29359665969193,5,0.807206887681852,0.493754755905375,"HOXB7"
21.8661515581459,5,0.00055517772004654,16.8321236645809,5,0.00482943298032601,1.07417202994195,"ADGRA2"
11.0172360320701,5,0.0510393126721527,34.3012723401928,5,2.07377040528645e-06,1.18170499802163,"NUCB2"
48.4958474902894,5,2.81329370910299e-09,29.5155868295775,5,1.8366292014349e-05,0.577923273956735,"ANXA5"
49.4670163655055,5,1.78126713379356e-09,21.1999730290345,5,0.000742527507847313,0.394074824954599,"ATP5J2"
36.6250789166027,5,7.12061544394516e-07,31.430111952102,5,7.70256545123971e-06,0.351794099290376,"CAPNS1"
58.4094900104085,5,2.58936205810301e-11,30.1226956502609,5,1.39506843792603e-05,0.499178190949274,"ATP5G3"
2.39153980967759,5,0.792733340148691,0.00802976261300308,5,0.999999693549546,0.305834054992507,"MBOAT7"
0.0103449962914913,5,0.999999423140098,0.0624812563541319,5,0.999949237658389,0.0468439606053781,"WDR45"
NA,NA,NA,0.435783248534161,5,0.994286454174071,0.181533377838463,"SLC35A4"
10.6861486977077,5,0.0579703274733326,9.67650663580176,5,0.0849376857081583,2.95267437898747,"CSF1"
NA,NA,NA,NA,NA,NA,0.546017778564644,"TES"
2.4961434953814,5,0.777075756084669,0.718643745053068,5,0.981929814399513,0.241187361413214,"C11orf98"
NA,NA,NA,3.06154604943026,5,0.69049763392109,0.151981028867132,"MRPS11"
NA,NA,NA,2.82883134915972,5,0.726354578887212,0.342586539097869,"PDIA6"
9.33341759736041,5,0.0964817549698976,3.77175204631794,5,0.58272332777649,0.263754670977514,"NDUFS7"
8.48483591491026,5,0.131462363395644,9.54907696501662,5,0.0890678987314985,2.31450675022855,"CMBL"
9.57322563881144,5,0.088271242741397,4.51815628159053,5,0.477457871464138,1.01757936758731,"POP7"
0.876492491432387,5,0.971900096039206,8.24251403571319,5,0.14336695950045,0.323342857844366,"POLE4"
2.3947733091123,5,0.79225222295641,5.97441242902693,5,0.308716669331819,0.485731978010279,"PREB"
2.09549053270204,5,0.835780598625036,8.61207127080505,5,0.125574202291375,0.427906637921037,"MPC2"
0.894938785329366,5,0.970586972171865,0.517668908328557,5,0.991462032977763,0.20484662703644,"MIEN1"
0.0943389402949277,5,0.999859406321624,1.062657858976,5,0.957355332491421,0.176323426300897,"CA12"
24.5382348808665,5,0.000171048857000367,67.6568047870569,5,3.14748227481232e-13,3.6930897365233,"PDGFD"
1.50911515897808,5,0.912015536588556,0.517468483905299,5,0.991469694284334,0.191957040689851,"COX14"
17.7583051000569,5,0.00326507819228061,8.23666095976064,5,0.14366606715896,0.460399474028756,"MINOS1"
7.56032408561097,5,0.182189788314881,4.12590711125978,5,0.531434632492736,0.213540579744195,"NTMT1"
3.15232749185935,5,0.67651468940154,28.0156027410381,5,3.61440297385052e-05,0.720814871102903,"MAPK6"
25.9779140398882,5,9.01204058108007e-05,16.4336106661778,5,0.0057092000752319,3.60835536388216,"FAM20A"
128.878183152387,5,0,102.112254572326,5,0,0.861358345491502,"GAPDH"
13.2822493999183,5,0.0208725795143841,6.93657124480122,5,0.225400490085095,0.352196793590105,"GADD45GIP1"
70.4375140074985,5,8.30446822419617e-14,23.8337619875467,5,0.000233677718752712,0.63309011339779,"FIS1"
NA,NA,NA,5.65644729182281,5,0.341095599020292,0.793937547232727,"ASNA1"
1.64388009233829,5,0.89589267127024,8.47334477510897,5,0.132006195621338,0.307163276977908,"MAPKAPK2"
NA,NA,NA,4.50581791846364,5,0.479105398147424,1.01911669369085,"PCNXL3"
0.915315743614819,5,0.969102940891818,32.3030185841374,5,5.17427380630764e-06,0.324382914678374,"KLF7"
5.7070101078229,5,0.335779788174505,3.28716381405447,5,0.655807462261419,0.260113388939026,"MEA1"
5.24467409358721,5,0.386755437211435,6.71737476175951,5,0.242522179987384,0.521828229092268,"TMEM98"
10.7208630754171,5,0.0572041082552849,1.23069693011436,5,0.9418987299789,0.44343967510126,"DCTN1"
3.85987678501655,5,0.569761654336769,4.43639217435643,5,0.4884387869054,1.21868065882999,"APOL1"
2.487640297343,5,0.778355305754546,NA,NA,NA,0.30988708922428,"SMPD1"
20.8001435904669,5,0.000883589807996299,6.36834463356032,5,0.272008696562323,0.504802523091031,"MRPL55"
22.6639699184267,5,0.00039132607280612,8.47564860509074,5,0.131897002182911,0.555696252357472,"RPN1"
0.995527877624564,5,0.962925673646386,4.19423958558639,5,0.521802702684207,0.461433766383569,"FRZB"
2.50530444413996,5,0.775696000245031,48.4126178214692,5,2.9255960987129e-09,1.04595919103791,"CLIP1"
1.53725100706497,5,0.908731438771424,9.0757229443434,5,0.106081676076124,0.307413998187404,"TMEM263"
13.4340251734726,5,0.0196338211008341,4.92365294116406,5,0.425268644550352,0.517039945230172,"CYC1"
10.824329883581,5,0.0549764244098674,7.37826986138396,5,0.193993252433189,0.278878322049868,"DGCR6L"
2.0474053215415,5,0.842547496811916,6.28089935175211,5,0.279837713045916,0.551966485442206,"R3HDM4"
34.7430992095929,5,1.69312327069626e-06,7.29647851530185,5,0.199507976787715,0.190541155453576,"LSM7"
NA,NA,NA,NA,NA,NA,0.657118201873721,"CARM1"
25.0651792762224,5,0.000135353508244784,13.6685515573602,5,0.0178577136945511,2.74296719284562,"KCTD12"
NA,NA,NA,2.00769083271223,5,0.848079842205891,0.200129171666575,"SLC25A5"
9.48933178914962,5,0.0910674390684943,7.09216467455087,5,0.213875654322097,1.58886594420796,"CHMP1A"
0.822591419568558,5,0.97557006781011,NA,NA,NA,0.160861420142893,"ABHD17A"
46.2675664580584,5,8.01130795036187e-09,41.8934234165124,5,6.19027434867192e-08,0.635060749396635,"COX7A1"
1.01012390825783,5,0.961745083695337,58.351102173521,5,2.66221489297891e-11,0.493073335094084,"TIAM2"
14.0081642762955,5,0.0155576386264833,4.26022266663542,5,0.512590385908338,0.343712459762918,"AURKAIP1"
NA,NA,NA,6.85364171516289,5,0.231754708412969,1.06401102002326,"SLC31A1"
4.6310107337012,5,0.462548238047594,31.2113134243718,5,8.50896457327277e-06,0.574880950307282,"ARFGAP3"
2.77106501340506,5,0.735229737496154,4.31366908183522,5,0.505193858523303,0.245689229649847,"NME3"
28.2898703694768,5,3.1944271937312e-05,4.34628080792641,5,0.500710045710959,0.469877120547747,"MRPL41"
15.0653303338796,5,0.0100868086353798,17.5368322981334,5,0.00358656581743011,0.413769120867339,"UFC1"
7.96921127808713,5,0.15794063730851,9.59715794135649,5,0.0874882141705339,0.496320751582882,"NDUFA2"
30.7183274128796,5,1.0646387270774e-05,18.9433336198173,5,0.00196941246614457,0.439642334739236,"FSCN1"
4.91705439610448,5,0.426086714115841,68.442342974281,5,2.16049400592055e-13,0.609125086792472,"DLG1"
5.52981631589537,5,0.354687490050174,4.9370954135243,5,0.423605344665187,0.847953841002455,"PCED1A"
12.2215256846538,5,0.0318752669304566,18.3447513454881,5,0.00254396928990663,0.548957712947577,"BLOC1S1"
10.3173792604258,5,0.0667259778537874,0,5,1,1.49532653195584,"COL8A2"
1.50578704724362,5,0.912401026156099,12.0157040063785,5,0.0345732317935223,0.956357850219941,"LZTS1"
20.6722354016015,5,0.000934059117814634,9.96320525990238,5,0.0762845472307231,0.259752680245369,"LSP1"
0.997145572302429,5,0.962795673817313,NA,NA,NA,0.227030824578145,"KIF1C"
NA,NA,NA,2.50963056049929,5,0.775043996260507,0.556541133968068,"CMTM3"
9.15144551284254,5,0.103173852229137,NA,NA,NA,0.6318003447215,"WDR46"
2.05817289457584,5,0.841038580987501,NA,NA,NA,0.400873721347828,"EFHD2"
50.8185877707922,5,9.4213581380842e-10,81.48032093312,5,4.44089209850063e-16,1.05272847672908,"MGP"
2.86866899735914,5,0.720224578218931,NA,NA,NA,1.0193466090993,"XPOT"
3.30743624717421,5,0.652703390362273,NA,NA,NA,0.233994781080088,"PKIG"
15.0153663562618,5,0.0102968812546833,6.8630476173233,5,0.231026513430623,1.42550311503361,"BCL3"
21.2478929728319,5,0.000727187240179727,7.67550022257522,5,0.175049553397611,0.201320173185824,"ARHGDIA"
9.79452884228283,5,0.0812709764463108,12.0562054422926,5,0.0340256997200643,0.642758980253086,"ZNF428"
6.89873430777412,5,0.228281169791601,20.5715575824341,5,0.0009757710611632,0.327459899907635,"LOXL2"
28.7628534973815,5,2.58082647845992e-05,27.9539925772689,5,3.71603167768075e-05,0.350740336918393,"UQCR10"
3.50175453369554,5,0.623122161076723,2.3429200088397,5,0.799942995694996,0.685449444586887,"RAB7B"
126.220856535125,5,0,68.9511110958348,5,1.69420033557799e-13,0.631077187933569,"RABAC1"
22.3880256305681,5,0.000441726327555902,18.8086072073124,5,0.00208644249056689,0.985591264263859,"DPM3"
10.7511376964158,5,0.0565436575958573,23.9870256524384,5,0.000218362887457357,0.573275109222586,"CSTB"
NA,NA,NA,2.65424551243081,5,0.7531069914533,0.787179727630478,"TMUB1"
4.01706939829438,5,0.546961000311646,3.94624697571204,5,0.557180796919694,0.701642593726501,"PSMB9"
9.91161792267701,5,0.0777785983810938,4.16324195829516,5,0.526160652572266,0.674106294872849,"AP1S1"
204.26701906764,5,0,139.861898910214,5,0,0.555321250829963,"MYL6"
NA,NA,NA,13.7667409462143,5,0.0171610086353611,1.49467798853771,"LIMK1"
3.625535121756,5,0.604483431223434,NA,NA,NA,1.06760801801697,"GBP2"
3.98150203001607,5,0.552082280563966,7.2655891199859,5,0.201625520523659,0.58607651163672,"AMPD2"
0.533062482945211,5,0.990862601383657,NA,NA,NA,0.156185778574794,"BEST1"
1.97757486996689,5,0.852239203191746,NA,NA,NA,0.145269593802859,"CUEDC2"
7.80708488256377,5,0.167192937640541,0.718873253864738,5,0.981916831065202,0.400291892155388,"ILF2"
145.767752387062,5,0,47.2015098052021,5,5.16861797805745e-09,0.861845077017786,"TUBA1B"
7.00383310178692,5,0.220355391363671,NA,NA,NA,1.06953870400143,"SAC3D1"
5.12218167441373,5,0.401151821615004,NA,NA,NA,0.530910629613689,"GDI2"
NA,NA,NA,NA,NA,NA,0.45417479934884,"DCTD"
45.3168474668778,5,1.25083824409344e-08,31.5740799676228,5,7.21386023971871e-06,0.412007756446893,"FAM127A"
6.73546741562211,5,0.24106891891552,9.44650199813256,5,0.0925262120416458,0.554462247427397,"RPN2"
122.661215089162,5,0,80.4091633940133,5,6.66133814775094e-16,0.696620354778219,"ATP5E"
NA,NA,NA,NA,NA,NA,0.189903237625827,"CDC42EP1"
NA,NA,NA,0.440296563511044,5,0.994146677055421,0.257645707455829,"PUF60"
23.1712379637356,5,0.000313045993541428,13.108270458461,5,0.0223850090699178,0.678138535872174,"INPPL1"
3.18752538307848,5,0.671100479093866,6.9222267338682,5,0.226488964488322,0.340710900697047,"MYL6B"
NA,NA,NA,NA,NA,NA,0.441133402880679,"PKN1"
5.68600016098056,5,0.337980920793063,9.91984784619234,5,0.0775384398983328,1.20131256952217,"LTBP2"
31.2008190990939,5,8.54968300911807e-06,20.9988139730331,5,0.000810477670508569,2.29843659372507,"COL15A1"
28.2895799686667,5,3.19484521074109e-05,NA,NA,NA,0.309381977876854,"NOP10"
NA,NA,NA,27.0624107860015,5,5.54680798394713e-05,1.44045950005154,"RAB11FIP5"
2.96649768372082,5,0.705151072104627,NA,NA,NA,0.832686193609208,"OXLD1"
2.03640326418292,5,0.84408537252442,6.40391226472759,5,0.268875621346009,0.614732929799212,"DNM3OS"
4.46294952692756,5,0.484855916961615,10.7386855389374,5,0.0568144335549535,1.14589763233901,"LRRC75A"
NA,NA,NA,12.9087120263827,5,0.0242494196304168,0.95249200066494,"XXYLT1"
4.39426989228795,5,0.494153139184991,NA,NA,NA,0.606247410743493,"GCN1"
NA,NA,NA,2.39718511814773,5,0.791893238209096,0.712159758133003,"FAAP100"
117.770491922965,5,0,94.8803736816268,5,0,4.59668621534558,"PTGDS"
NA,NA,NA,NA,NA,NA,0.0458946318416596,"CCL27"
NA,NA,NA,7.68809982504871,5,0.174283500670481,0.709187601784795,"CAPG"
NA,NA,NA,NA,NA,NA,0.0878536847137494,"MYC"
13.8586491459819,5,0.0165326692227121,8.87969353950992,5,0.113960072187738,0.670722227934231,"MDFI"
10.658223493444,5,0.058593676270581,4.94218573729833,5,0.422976638225106,0.711242724529481,"B4GALT7"
22.4178987417075,5,0.000435974723429156,1.58775829358638,5,0.902725752268303,0.204752125734529,"PSMD8"
7.4013302345322,5,0.192462411501746,1.03612859821711,5,0.95959943222925,0.197006376517081,"IMP4"
20.3859185076905,5,0.00105754649581868,11.7399818976858,5,0.0385296612180608,0.36243759991063,"APRT"
11.598337903808,5,0.0407258343673187,NA,NA,NA,0.418368918891715,"PTGES2"
1.03177933827845,5,0.959962038708332,NA,NA,NA,0.388227297141624,"SLC35E1"
11.1161226029896,5,0.049125609518617,6.82928652424751,5,0.233649229197385,1.6901339974381,"ANO1"
87.4572824689772,5,0,19.8794494439811,5,0.00131652295756191,0.506272726100555,"SEC61B"
7.5657977992027,5,0.181844787994156,45.1210994639547,5,1.37091044072335e-08,0.68399186049247,"TTC3"
NA,NA,NA,NA,NA,NA,0.281973847305076,"POLR2G"
23.8083386825107,5,0.000236318844175964,11.3954237097877,5,0.0440797228127511,0.284094197743139,"TIMM13"
41.1366542043879,5,8.80486002996506e-08,6.09092865159723,5,0.297471467610525,0.378721887471345,"TMED2"
8.9446809237977,5,0.111291097730385,9.92874017776357,5,0.0772797252724537,0.291230828244763,"MMP14"
NA,NA,NA,NA,NA,NA,0.180022459386471,"UBA1"
3.47480997429409,5,0.627202581410273,2.01048188486754,5,0.84769277438538,1.92260364607846,"APLNR"
NA,NA,NA,6.02397068080938,5,0.303893451091407,1.45414062694312,"DGKZ"
16.1102378519101,5,0.00653628701957143,34.0386362034177,5,2.33920444714375e-06,1.06397458625638,"ELN"
23.4985937584852,5,0.000270966708951881,11.7069510739837,5,0.0390315140741014,0.283790344613585,"PRELID1"
NA,NA,NA,11.2348660739532,5,0.0469170862722192,1.30600085351183,"SIRT2"
16.9887505901399,5,0.0045211812774365,22.4832293165829,5,0.000423652689463316,3.38408265890455,"IL32"
7.93026150943835,5,0.160121164317732,12.2145602450654,5,0.0319631946094787,1.04389446560503,"CHRD"
NA,NA,NA,NA,NA,NA,0.916477376244645,"BAX"
6.11519620510421,5,0.295170695430427,4.16818137888806,5,0.525464946483406,0.332162769114925,"PLEKHO1"
19.7350721699741,5,0.00140114796056023,21.3389587449535,5,0.00069889086451469,0.979601070114589,"TSPAN4"
93.195852341777,5,0,86.4605949936157,5,0,0.555166912150379,"TCEB2"
2.24288964355221,5,0.814617194364026,14.4549250456784,5,0.0129638373734485,0.750497790140258,"ATP8B2"
24.3937548811928,5,0.000182367368702918,15.6324890222081,5,0.00797555367362146,0.588048541786382,"ATP6V0E1"
2.79197965978231,5,0.732018579004521,12.0141789199526,5,0.0345940122159721,0.554980617191747,"SPOP"
2.11678780252339,5,0.832760656458101,3.54854878323297,5,0.616054650178377,0.525396660128699,"DUSP23"
5.31094093102752,5,0.379122293174781,13.3494788108184,5,0.0203148667598179,0.781409036541122,"CCND2"
8.96089234495973,5,0.110634234772807,8.5497258769127,5,0.128429029926829,0.447360245169075,"SLC3A2"
14.7927084630655,5,0.0112857740414828,25.5517479842821,5,0.000108990776985007,1.38436512741914,"TMEM205"
0.0261018905563405,5,0.999994199280655,1.24958834777181,5,0.940032504043603,0.24652666861163,"COMMD7"
NA,NA,NA,9.52634287612389,5,0.0898239410052364,0.656747572346976,"UBTD1"
6.58951670403846,5,0.253001225638838,3.03112153031642,5,0.695187636496853,0.631433992667493,"SPNS1"
7.27185334076022,5,0.20119453749683,10.1760354143087,5,0.0703982767727808,1.63039967665074,"MRGPRF"
4.68586781909391,5,0.455406351877207,NA,NA,NA,0.151502186776055,"PIGP"
8.66641551982966,5,0.123132612398017,16.3351728594191,5,0.00594952512035685,0.271829967674157,"DDT"
NA,NA,NA,4.12251440047688,5,0.531915234881163,0.611886667141409,"CPNE1"
NA,NA,NA,23.3139866768913,5,0.000293956773702142,0.627162334228531,"TSPAN9"
102.571436218158,5,0,54.7635860019682,5,1.460029874778e-10,0.634880364666031,"NDUFA13"
2.44547957857702,5,0.784682629960279,46.1877755612028,5,8.31673607759598e-09,0.28118096368383,"PTPN14"
6.37792891647053,5,0.271161529069975,4.90315607163951,5,0.427813233934582,0.378765821739374,"MXD4"
NA,NA,NA,6.25877351543146,5,0.281847247259508,0.329273623947895,"PPP2R1A"
16.8590074354734,5,0.00477510276217818,25.1928805015127,5,0.000127878624206268,1.22754419787461,"ACAN"
5.51838471771336,5,0.355934141199233,1.500724561947,5,0.912986185139694,0.843885328495667,"STARD10"
11.0730886468103,5,0.0499499543865618,4.12866865376726,5,0.531043603912221,0.319561110880396,"TCEAL8"
NA,NA,NA,NA,NA,NA,0.436640670697596,"NUDT22"
NA,NA,NA,1.90596346649009,5,0.861997804001995,0.423969899255379,"TACSTD2"
27.8862093801681,5,3.83111962418692e-05,46.2422146767931,5,8.10711875409709e-09,0.856567170657001,"CD248"
18.7340773964536,5,0.00215408721701449,44.6126143150758,5,1.73925639446182e-08,0.2796219098204,"GOLGA2"
2.47051835615315,5,0.780928372047675,5.36943850292647,5,0.372474860725574,1.79581368652962,"HSD3B7"
26.3618681610619,5,7.59112534917117e-05,8.97499349219061,5,0.110065750072951,0.352098854490291,"TAX1BP3"
8.91670721835463,5,0.112432903793705,6.18317983861976,5,0.288800646102215,1.00042451534292,"GLRX"
9.61070603414294,5,0.0870477875181627,1.8031142911939,5,0.875661566674376,0.345387287824699,"FAM96B"
14.7504004776079,5,0.0114838141154762,22.8006044781221,5,0.000368516178030576,2.8368415904747,"CYP1B1"
7.67917941106006,5,0.174825555546662,4.79693015110357,5,0.44116253840535,0.8301238243718,"LTBR"
NA,NA,NA,NA,NA,NA,0.485829680843016,"SERPINB6"
2.82964155906485,5,0.726229975647268,4.37508454617078,5,0.496768574463659,0.785631583038298,"MFSD12"
16.3307315890479,5,0.00596059741429489,15.6081009986954,5,0.00805676133237865,0.727950912461134,"FKBP1A"
NA,NA,NA,NA,NA,NA,0.672098092102373,"NCLN"
24.6205234586469,5,0.000164915988291825,NA,NA,NA,2.00819224996264,"NTM"
16.2337855090074,5,0.00620735518895388,5.52735240892297,5,0.354955911482104,0.584958651469197,"FAM173A"
4.54495474665279,5,0.47389127206129,1.57975875945964,5,0.903686208768786,0.144935365192028,"TMEM141"
33.1129546615524,5,3.57397910144552e-06,14.3739482670538,5,0.0134006633061309,0.415998045384186,"RNF181"
44.6979227828058,5,1.67120293159684e-08,76.8055456907358,5,3.88578058618805e-15,1.64235973251093,"FBLN2"
18.3615816706367,5,0.00252576770405466,11.9900965714928,5,0.0349237326228341,0.675524659906839,"CTD-3214H19.16"
8.7984982547141,5,0.117376378686343,17.1265742685331,5,0.00426589693546608,2.58678784531424,"ARHGAP22"
8.73187607013054,5,0.120248616405606,1.7721863601108,5,0.879682936994046,0.297458935415476,"MRPL3"
NA,NA,NA,NA,NA,NA,0.498280356803618,"YIPF5"
4.3803375994836,5,0.496051666583611,8.63290311528296,5,0.124633143524516,0.685906239566836,"APOBEC3C"
9.20810190400806,5,0.101046062560459,7.32200392972478,5,0.197772618381573,0.287470667548999,"PSMB3"
3.86421509585449,5,0.569126757768217,10.0358119194829,5,0.0742268673676717,0.983526348644928,"C1orf54"
8.04200222601817,5,0.153935943886647,NA,NA,NA,0.789446714706347,"FAM57A"
NA,NA,NA,0.889871564838162,5,0.970950567408233,0.335882455431276,"NUDT2"
43.4075076288905,5,3.05493025321013e-08,17.1460053436147,5,0.00423105807716917,0.41257811533885,"AP2M1"
4.54552616902083,5,0.473815397722715,35.2481581152515,5,1.34244742833189e-06,0.959604250907565,"MYO18A"
6.57987575558752,5,0.253806351239754,4.35697514605264,5,0.499244578047927,0.286459786322314,"TOMM5"
12.5151898476848,5,0.028371287476013,2.25964648455077,5,0.812175092564152,0.258045551072181,"C1orf216"
17.1756603792264,5,0.00417842364731724,14.8506231954026,5,0.0110200390238879,0.54800377822669,"ELOVL1"
NA,NA,NA,2.34620381689192,5,0.799457546334874,0.377364764115138,"MMP24-AS1"
9.35293694212271,5,0.0957880873226028,7.13225462346747,5,0.210988725975649,0.289230430716419,"CCDC85B"
46.4529622641799,5,7.34413307945658e-09,20.3032382051222,5,0.00109610470712906,1.18202642670867,"COX5A"
5.77408599579996,5,0.328825670447553,5.1900572540784,5,0.39312860266136,0.806063040367267,"GTF2H5"
2.85239778453877,5,0.722729080664955,19.0591034413078,5,0.0018740151482729,0.374539574841867,"RALA"
15.3743570530768,5,0.00887698984786134,27.2613522300844,5,5.0731482821198e-05,1.09318282663277,"CTSD"
NA,NA,NA,NA,NA,NA,0.40770144622257,"FAM210B"
35.3443160407902,5,1.28438157276367e-06,20.1283434816897,5,0.00118228277135646,0.56104733899421,"YKT6"
8.01098083513309,5,0.155631489651124,10.8126057699452,5,0.0552246904516069,0.965672579229647,"RP11-492E3.51"
80.3777155478397,5,6.66133814775094e-16,36.0802875459729,5,9.1532644563852e-07,0.618555821172327,"SEPW1"
4.14052920866439,5,0.529365854963462,50.7831928845742,5,9.57994572559073e-10,1.40551978518538,"PTPRD"
9.41160425536763,5,0.0937306864877412,4.06010122257852,5,0.540795727827421,0.635818953486467,"USP11"
NA,NA,NA,10.2278201641871,5,0.0690314957619269,0.60664931050522,"IFNGR2"
NA,NA,NA,3.20562165230076,5,0.668318992818003,0.913213550585035,"SLC52A2"
62.7102787094659,5,3.3424374379365e-12,80.7698703552571,5,5.55111512312578e-16,2.43068971890478,"CFH"
1.53341236125704,5,0.909182127838668,30.0438865406185,5,1.44581097498708e-05,0.577868643817536,"PRKAR2A"
16.7949841790687,5,0.00490548332918395,6.87359781184195,5,0.230212019063078,0.649756854828236,"SNRPC"
4.89917644730713,5,0.428308462062252,6.77830702307305,5,0.237656861289706,0.382616248824122,"CHID1"
5.26806222493092,5,0.38404894317561,15.8893521298115,5,0.0071671822877879,3.83967698265019,"MSC"
12.1936686920108,5,0.0322283071090179,20.1237392493707,5,0.00118463928140389,0.926763198927993,"DNLZ"
15.228912894736,5,0.00942772580385265,23.012874839749,5,0.000335658310298359,1.31433145940243,"REXO2"
5.94974092116152,5,0.311140110908862,8.71519438754596,5,0.120977698243397,1.04424184104835,"IFI35"
14.9009041041259,5,0.0107942583426822,17.324821458922,5,0.00392323490533819,0.280955713700701,"RAB31"
89.1489198022591,5,0,37.9210752966573,5,3.91351988593414e-07,0.441954253015984,"PRDX5"
2.01379593788181,5,0.84723283062943,3.07880746918222,5,0.687837343047198,0.172424558266431,"UFD1L"
NA,NA,NA,5.24805114355109,5,0.386363803034002,1.3132366321193,"ICAM3"
6.53230186212988,5,0.257810311287504,6.83531039587183,5,0.23317944323646,0.908088646183947,"SNHG18"
5.97996942133676,5,0.308172863585183,13.71593109971,5,0.0175181940317281,0.738352951203652,"PSENEN"
2.6068832238482,5,0.760319170451835,57.5393488240857,5,3.91467969151904e-11,0.511433818145457,"SEC31A"
NA,NA,NA,0.380434950579407,5,0.995851393636733,0.177029022378488,"EPN1"
39.9070591142976,5,1.55921898281619e-07,53.0713157602675,5,3.25184212890406e-10,0.35583510975014,"SH3BGRL3"
11.6930614195366,5,0.0392443945152631,23.7428989967568,5,0.000243253618213202,1.03941825372931,"SAE1"
6.87808099805258,5,0.229866641089469,8.98716640325089,5,0.109577143145994,1.25041132093074,"HSPA12B"
18.8081220703464,5,0.00208687599669932,24.3972816836265,5,0.00018208245353335,0.55053822776409,"NAA38"
NA,NA,NA,5.15105421268842,5,0.397725035059875,0.631459541428299,"CLEC2A"
4.34719463184511,5,0.500584727443447,46.2377804308737,5,8.12399381100448e-09,0.768156321190622,"SEC23A"
9.67853339533985,5,0.0848734479477901,23.8815712445176,5,0.00022878979900709,1.32573122172163,"TENM4"
6.29797849264544,5,0.27829445503507,8.30286026485368,5,0.140315392513069,2.48348611389936,"CILP"
12.5549283690676,5,0.0279264099630423,9.10561894965542,5,0.104924809464689,2.95175564780034,"CCL2"
15.5290701496129,5,0.00832548227175467,6.0621384429721,5,0.300219458765027,0.281466177749643,"LAMTOR1"
NA,NA,NA,1.05727656155788,5,0.957815001513534,0.33320844260434,"TP53TG1"
3.74859720169619,5,0.586148877123873,3.06105153105144,5,0.690573855377175,0.369441326480782,"SEPN1"
10.1473883506393,5,0.0711651669405291,91.6201202220277,5,0,1.29566607907546,"BRE"
3.07418849045144,5,0.688549157195015,2.02395480275638,5,0.845820603773786,0.337081373517119,"SIGMAR1"
6.59252605696705,5,0.252750343979169,2.73596624583806,5,0.740612302826075,0.786343598986936,"DEF8"
55.5325708972703,5,1.01423758280816e-10,53.652124032143,5,2.47080578219538e-10,3.3326005508411,"CXCL12"
NA,NA,NA,NA,NA,NA,0.640062674332296,"CCDC8"
13.4622566076057,5,0.0194113413478818,7.38650601659316,5,0.193445299154253,0.746200916048878,"MRPL27"
15.205899584641,5,0.00951785438937514,6.99503659878968,5,0.221009704191707,0.767857221828237,"GSTK1"
NA,NA,NA,6.1493580130592,5,0.291955881838825,0.38771558657181,"NFE2L1"
14.2001665827314,5,0.0143867001603361,5.95179170476348,5,0.310938099682079,0.500582431954323,"PDIA4"
15.2545437824789,5,0.00932832122973093,6.92975720481921,5,0.225916993596744,0.323799271354159,"CAP1"
5.4372656567032,5,0.364873975952212,10.8467449277924,5,0.054504689393079,1.10062082103927,"ABHD14A"
11.7154212652733,5,0.0389022339508998,NA,NA,NA,1.02856463091247,"PLGRKT"
31.3574878496222,5,7.96143308801067e-06,14.2612974978081,5,0.0140321020649106,0.703113879773486,"SERP1"
6.22204777283762,5,0.285208428274407,1.9629210948017,5,0.854251465176126,0.271364961750441,"FAAP20"
NA,NA,NA,NA,NA,NA,0.621009874989213,"PPP4C"
0.0912858124097555,5,0.999870366072854,NA,NA,NA,0.213871350527442,"NRN1"
NA,NA,NA,66.2205536289866,5,6.25499652073813e-13,1.00904790659766,"ITGB5"
2.70975169217199,5,0.744626560107589,0.570586273240006,5,0.989310323159743,0.410009583102826,"PDZD11"
11.7279424891573,5,0.0387118676939691,6.01587689446735,5,0.304677092218997,0.602750172305606,"CLTB"
6.63043979483986,5,0.249607162135947,NA,NA,NA,0.642933832163664,"TADA3"
5.26749089537395,5,0.384114895996494,NA,NA,NA,0.31277084436959,"MZT2A"
19.898732067663,5,0.00130560811851799,22.5700668792873,5,0.000407804960132485,2.59659075620745,"PTGIS"
NA,NA,NA,31.2228468906862,5,8.46443641389083e-06,1.83695747475121,"FGGY"
13.3746716230546,5,0.0201095898068649,20.5645181095457,5,0.000978755246116014,1.37340059240647,"HSPB6"
48.6583997824137,5,2.6062099145463e-09,25.9308061986089,5,9.20359297152951e-05,0.58244118772531,"C19orf70"
13.211239361038,5,0.0214776293825601,4.63329963220873,5,0.462248852882784,0.381030701392947,"PPP1CA"
8.83989714007905,5,0.115623065872909,NA,NA,NA,0.480329540496884,"TMEM54"
61.4280693046665,5,6.15840711759574e-12,34.0133086461034,5,2.36652278684524e-06,0.449005476512808,"SSR2"
NA,NA,NA,0.356719299833031,5,0.996438339755907,0.440714319578277,"SPHK1"
25.1807942171502,5,0.000128568213231928,47.6536019903506,5,4.17981993461325e-09,0.672618253811589,"LY6E"
0.521963910053573,5,0.991296969694764,44.0196055383955,5,2.29509460325517e-08,0.474385261544164,"TMEM120B"
47.5515139808547,5,4.3851658970695e-09,45.7885388627674,5,1.00283847892513e-08,1.04929530921232,"PRSS23"
123.848051532748,5,0,195.996444920492,5,0,1.78181326165094,"DCN"
13.7572682211473,5,0.0172270635599513,8.59299038841512,5,0.126441785928561,0.473172017384735,"C17orf89"
5.15946700862061,5,0.396730421287927,6.56552217496679,5,0.255008951730309,1.08142614016123,"GSDMD"
1.90514239648799,5,0.862108572165736,16.1379996531742,5,0.00646092634736384,1.05926666931891,"NFATC2"
8.7516250807368,5,0.119390620185721,7.77108893492431,5,0.169310787416716,0.757019190162993,"PRKCSH"
18.1480995872885,5,0.00276640851922627,29.298936669477,5,2.02573014312923e-05,1.12607843900657,"CENPP"
10.4237419146257,5,0.0640813430794163,NA,NA,NA,0.765077061433542,"FBXW5"
5.483686690268,5,0.359738010735875,5.12722831383373,5,0.400551368869029,0.562829123267369,"DDRGK1"
14.1963426314197,5,0.0144091669919184,2.0425579098585,5,0.843225560649828,0.560694105857065,"CTC-479C5.12"
50.002794830546,5,1.38397360238685e-09,22.1942475174246,5,0.000480896746300474,0.435437896161079,"ANAPC11"
NA,NA,NA,NA,NA,NA,0.451926563976253,"MAN1B1"
42.8684167162805,5,3.92907665291986e-08,18.9994996956014,5,0.00192254929980684,0.923059760592142,"NDUFA6"
41.1754948197135,5,8.64717021320516e-08,64.9928003085789,5,1.12454490164282e-12,0.831411297799578,"GPX1"
9.8754890181587,5,0.0788410685078166,33.9145115775576,5,2.47615204918006e-06,0.767017186076215,"MICAL2"
5.34924604030979,5,0.374759822421076,3.021127802451,5,0.696728384578076,0.433301904300629,"TAPBP"
41.750253586132,5,6.617175918322e-08,24.4877694356536,5,0.00017492103798511,0.574533477317537,"TMED9"
2.52335629829226,5,0.772973531565923,3.11054311762668,5,0.682947940804895,0.132453683683345,"MRPL36"
9.80414665006845,5,0.0809787220757191,18.7980003133682,5,0.0020959407296921,1.83529633765249,"FUCA2"
NA,NA,NA,2.76590864297864,5,0.736021012128329,0.454897949732936,"TP53I13"
16.9199623336526,5,0.00465411874586774,12.0013897835399,5,0.0347687422229188,1.21513921333634,"IFI16"
52.483001570251,5,4.29425939252326e-10,22.0835164509263,5,0.00050479881310439,0.513586081387008,"SEC61G"
60.2253592489999,5,1.09185993579786e-11,12.3782716430869,5,0.0299565649008584,0.370477286223661,"ARPC2"
20.9623154257342,5,0.000823447156252377,11.7772028095336,5,0.0379714916693988,0.706818923102903,"NCS1"
13.0204559807899,5,0.0231878256845206,NA,NA,NA,1.77957080438654,"GMPPB"
NA,NA,NA,9.96274572053745,5,0.0762977377679743,0.629525576672888,"TMEM45A"
12.2053247909521,5,0.0320801344154904,5.65002482648616,5,0.341775352835982,0.954638758870712,"FAM109B"
7.63115610720661,5,0.177769144379495,11.8190980119609,5,0.0373524181032487,0.786553000251552,"G6PC3"
13.5657598584984,5,0.0186162496642801,13.3695254920517,5,0.0201513588727215,0.505484483489611,"ARF5"
15.9537644872906,5,0.00697732563361853,10.5056434104802,5,0.0621120742766698,0.84877491206277,"MGAT1"
21.6188281174163,5,0.0006185498666339,16.5373030183935,5,0.00546628916417136,0.49512091480586,"ATP5G1"
NA,NA,NA,2.77338060551451,5,0.734874341510687,0.479776365312519,"PPP1R9B"
10.6603643492385,5,0.0585456661688226,14.4801813113163,5,0.0128304351546117,1.03839048087997,"SH3GLB1"
12.4570321238108,5,0.0290346038084096,12.0745737665366,5,0.0337801128699964,1.30947880721868,"SHISA4"
NA,NA,NA,NA,NA,NA,1.20315380532913,"PALM"
11.138968726324,5,0.0486932094925138,NA,NA,NA,0.730026148010514,"COLGALT1"
27.3459745986357,5,4.88403780141144e-05,32.9781194603308,5,3.80126979782069e-06,0.791822509020539,"IGF2"
NA,NA,NA,0.178183360787227,5,0.999330950832972,0.100078140013283,"CLDN4"
36.3436397165962,5,8.10724855693223e-07,17.9900784081648,5,0.0029588648319816,0.300393202692597,"EIF5A"
26.8569985271547,5,6.08187916347758e-05,11.0173222788254,5,0.0510376133671514,0.778087975070615,"TGFB1I1"
0.635279887503207,5,0.986331014872947,2.9642073275107,5,0.705504164368738,0.338911168341725,"ORAI2"
4.7064105921711,5,0.452749879031293,32.5381533303345,5,4.64764981022991e-06,0.815719749666051,"WIPI1"
13.6604343983793,5,0.017916513564927,21.6902144981992,5,0.000599559895076651,1.3178779860393,"CLEC2B"
11.8814514588524,5,0.0364487759087555,3.95366582674304,5,0.556106085907481,0.823370418174918,"SNRNP25"
134.496581059756,5,0,64.5799063655921,5,1.36968214548006e-12,0.520114841327953,"UQCR11"
0.0440594307675816,5,0.999978663806253,15.2133913897364,5,0.00948842227094882,0.604621254681495,"DDB2"
2.68249200543838,5,0.748794877617506,NA,NA,NA,2.08278573882199,"GALNT5"
1.42538459257372,5,0.921516462211566,NA,NA,NA,0.342059785314072,"NAGLU"
9.913988920669,5,0.0777093392823597,8.59828938951891,5,0.126200306189776,0.920164290398741,"UBXN6"
10.9372393903162,5,0.0526386391788576,10.1042794788137,5,0.0723338814685047,0.996529353402982,"SCP2"
14.1655599726623,5,0.0145912632724934,12.4136931543011,5,0.0295385160961072,1.05352556589371,"IKBIP"
19.9326800267106,5,0.00128660787773682,17.905586554082,5,0.00306708822795898,2.93932173005208,"MAN1C1"
NA,NA,NA,6.96247327770677,5,0.223446213152812,0.942887732100848,"COPS7A"
22.9449212086333,5,0.000345849069132709,21.780550267867,5,0.00057635133840217,0.4928705090832,"WBP5"
11.2860790633917,5,0.0459938153933535,9.06244955355339,5,0.106599031768746,0.497751411038591,"VAT1"
12.7889262926373,5,0.0254391235220939,NA,NA,NA,0.504860122626672,"PEA15"
23.0101940421591,5,0.00033605466134945,14.1268488442207,5,0.0148234189368984,0.703757299617583,"TXN2"
NA,NA,NA,19.9193714737792,5,0.00129402387787825,0.757262584434713,"ECM2"
8.72731453982738,5,0.120447584316293,16.0684727819612,5,0.00665127591769388,0.656580681154365,"TBC1D1"
8.44489537592642,5,0.133361311166756,2.20560877247856,5,0.820025404897937,0.714082930823013,"NDUFB3"
92.2729619082945,5,0,114.607185291467,5,0,2.27958804166287,"APOE"
0.901317510450515,5,0.970126181424731,13.1348174994473,5,0.0221476110699125,0.934491080190313,"FAM129A"
27.8960968724011,5,3.81411417641475e-05,41.6625773198529,5,6.89296174583021e-08,0.573799036758797,"SLC39A7"
5.61675001092573,5,0.345313570200952,NA,NA,NA,0.78222638677818,"KIAA2013"
12.7755794455376,5,0.0255750950890314,18.9434209166797,5,0.00196933876547201,1.16380632737792,"TNC"
24.124247444727,5,0.000205495616396267,4.93645714042066,5,0.423684222172369,0.555475960841505,"CLPP"
NA,NA,NA,NA,NA,NA,0.456109957065143,"HMOX2"
5.51593279944664,5,0.356201954547964,NA,NA,NA,1.26188340731253,"MAST2"
NA,NA,NA,0.415747975308585,5,0.994884717531479,0.258376798503568,"GPC1"
16.6671121133553,5,0.00517637553405403,3.59376266691125,5,0.609250042679067,0.553954047605232,"PRADC1"
2.24984726773421,5,0.813604033705706,31.6429776307077,5,6.99101037793248e-06,0.368490393473107,"KLHL22"
3.31690060104013,5,0.651255219026696,8.25619600310218,5,0.142669943191938,0.520151880484756,"ARAP1"
54.7083251109061,5,1.49874446186971e-10,16.937989605926,5,0.00461891528165448,0.424945817401001,"GUK1"
5.30282217373093,5,0.380051607789708,28.6149960128314,5,2.75888437941685e-05,1.66705591820546,"IGDCC4"
16.1849556106293,5,0.00633538487484808,17.0992111209482,5,0.00431543337699281,0.782343652484536,"CHD3"
29.6361116161511,5,1.73912808970611e-05,22.4589088852769,5,0.00042819908280789,0.903264870860286,"NDUFA3"
5.63986455973289,5,0.342852808249207,4.04247529891786,5,0.543316908255417,0.769153528500595,"PSMB8"
3.82404495482746,5,0.575017152921778,2.474714551542,5,0.780298202038987,0.441511489556081,"KLHDC3"
44.1045662980567,5,2.20572853315559e-08,12.4577160376523,5,0.0290267180121287,0.376804653376395,"MIF"
11.8851674162174,5,0.0363955849501381,43.771198416537,5,2.57761991750982e-08,0.406547718728988,"GOLGA3"
4.14108113526526,5,0.529287848082393,7.16023965317513,5,0.208993258941375,0.892819713021591,"ST6GALNAC6"
NA,NA,NA,NA,NA,NA,0.858214210478646,"THOC6"
18.3832926213858,5,0.0025024763236865,3.77029038915889,5,0.582939328863365,0.236411936952031,"MRPL14"
2.21347072534408,5,0.818887839935917,21.4174069008152,5,0.000675387257183191,0.605377139184693,"GTF3C1"
17.6963610880898,5,0.003352038972389,11.3867632456618,5,0.0442285333724597,0.41548901148231,"GNG5"
5.9509832460502,5,0.311017724165412,4.79888899607215,5,0.440913930957045,0.24838581173702,"BAD"
6.26869765994661,5,0.280944473000274,33.3784930286035,5,3.16512832954086e-06,0.66211545862497,"DPYSL3"
11.5304132824889,5,0.0418206413971091,13.4228745817554,5,0.0197223683407434,0.334766196589331,"TIMM8B"
11.5928570551227,5,0.0408131565110402,21.7797081884748,5,0.000576563534582242,0.792966889768542,"MYO1C"
11.5055306353335,5,0.0422286365377725,8.56503358537126,5,0.127722713736407,0.518344360535846,"CRELD2"
86.6048227134279,5,0,44.0478627482751,5,2.26497871569364e-08,0.630686700181056,"CALR"
NA,NA,NA,NA,NA,NA,0.395889390453217,"C11orf68"
71.1858285152426,5,5.80646641878957e-14,114.419288157503,5,0,1.02123251174821,"B2M"
6.93817493626693,5,0.225279075521699,0.770148021217301,5,0.978898194272995,0.314134961384156,"C19orf24"
NA,NA,NA,10.0071898050815,5,0.0750317823515835,0.769851170120866,"FAM102A"
7.46944131760245,5,0.188001808828235,3.0357564113778,5,0.694473095204096,0.21158221378809,"NUTF2"
12.4464271398053,5,0.0291571457877731,13.1885638571374,5,0.0216743640486575,1.63962761804906,"UROS"
21.5570729716684,5,0.000635455356275183,19.2996887589802,5,0.0016900483591834,0.631841876558985,"CALM3"
13.4295585241165,5,0.0196692448979225,77.4203567839156,5,2.88657986402541e-15,1.20481332864625,"PRICKLE1"
6.97440471999563,5,0.222550832230098,7.94401364461133,5,0.159348256803681,0.582428572994567,"TXNDC15"
14.6481665585962,5,0.0119763613092412,26.8352307102869,5,6.1414958452799e-05,1.60474247965092,"EFEMP1"
18.1863234050222,5,0.00272172988225672,14.1312237623494,5,0.014797004196106,0.541354807543222,"CCDC124"
96.3091485855593,5,0,41.1574717025944,5,8.71998966367471e-08,0.581934903692016,"NDUFB2"
16.1957854363865,5,0.00630676936336516,14.5165676062752,5,0.0126405778986627,1.1349903564775,"GRINA"
NA,NA,NA,NA,NA,NA,0.781975497603565,"FAM177A1"
NA,NA,NA,8.1025067340109,5,0.150676030681945,0.705964677964696,"GIPC1"
NA,NA,NA,20.864331445723,5,0.0008592847840726,1.15689890414584,"ZNF106"
12.8637335000089,5,0.024689751199193,22.3844691841426,5,0.000442416035476012,1.52769010914185,"SLC12A4"
15.8741146932325,5,0.00721282523178701,8.1658796438717,5,0.147327516316565,0.336752511824286,"SRPX2"
8.50081387880311,5,0.130709536035614,1.52292168073791,5,0.91040959713432,0.328991256491721,"ECHS1"
22.8566977398689,5,0.000359536684255701,31.3937686470753,5,7.83104797486001e-06,1.18486619788115,"ANXA1"
9.12305740996396,5,0.104255338436732,2.1114852537143,5,0.833513828115081,0.307980209283528,"FAM234A"
9.30190560549408,5,0.0976113488043151,13.1202479256901,5,0.0222775990964259,0.798107135778619,"TWF2"
11.579084362701,5,0.0410333706293242,NA,NA,NA,1.17286523977663,"ITGA5"
16.1934341204401,5,0.00631297149124221,17.5907203107448,5,0.0035056019890144,2.30297699945385,"RARRES3"
16.6618262769423,5,0.00518788211591148,22.212211199792,5,0.00047712589440807,2.97077054988787,"AKR1C3"
51.7801974905726,5,5.98477600810554e-10,13.3066558514021,5,0.0206684306540657,0.597737177815745,"TMEM208"
19.4070703312489,5,0.00161377774771165,6.9756367678454,5,0.222458547864126,0.538930973072257,"BUD31"
2.18360777097774,5,0.823200167203438,NA,NA,NA,0.311767702470444,"CCDC167"
10.3990699677323,5,0.0646859170861506,4.31370285217004,5,0.505189203820469,0.542625758509269,"SCARF2"
7.41397144854955,5,0.191627678497053,10.3968873425791,5,0.0647396572495489,2.20881237362888,"RNPEPL1"
NA,NA,NA,NA,NA,NA,0.546265094307875,"OLFM2"
5.60397117563362,5,0.346679699929904,NA,NA,NA,0.565958287261933,"SPINT2"
26.1325658088574,5,8.41052537079445e-05,36.8965978119217,5,6.28225238163971e-07,0.478173000196925,"BRI3"
21.276015602969,5,0.000718330428764569,6.96021593374724,5,0.223615955217299,0.430111442875122,"RP11-196G11.1"
8.11696778686585,5,0.149906028210508,25.1636145388679,5,0.000129554747114069,1.50217737664492,"KCNK6"
14.445118153883,5,0.0130159977691784,5.82257627727772,5,0.323867664907639,0.325613138368727,"LRPAP1"
9.8906233629547,5,0.0783943732037253,6.65079279363061,5,0.247933227098625,0.990892165586023,"FBLIM1"
2.19229662473925,5,0.821947891718163,0.826410657287947,5,0.975318291964232,0.34233212721681,"ARSA"
9.92669057613784,5,0.0773392854864516,12.1454124648476,5,0.0328487143299521,0.559171806375265,"RNASEH2C"
77.238151106237,5,3.21964677141295e-15,19.6059452076035,5,0.00148135000668037,0.519660748941629,"TXNL4A"
12.1176070311982,5,0.0332113485047129,12.8424908791939,5,0.0249003678155891,0.27553216472872,"GTF3C6"
NA,NA,NA,1.18068024777681,5,0.946717351565719,0.348100455033281,"AKT1S1"
NA,NA,NA,6.12369818095795,5,0.294367990512188,0.758137386220928,"SH3GL1"
5.18042792289734,5,0.394259901686748,25.4256501131997,5,0.000115289793205076,0.468406137462073,"AP3D1"
5.85157121828362,5,0.320930694434999,8.64740532532025,5,0.123981785268731,0.720272264565483,"QSOX1"
NA,NA,NA,3.58101669735228,5,0.611165786464704,0.68462637188789,"TXLNA"
29.10565382728,5,2.21067600538749e-05,68.4215769592529,5,2.18269846641306e-13,3.35272955447535,"GPC6"
12.0276897180474,5,0.0344103309512159,NA,NA,NA,0.61976056157185,"LTBP3"
16.8711837406879,5,0.00475069213087587,10.2015381915076,5,0.0697220469001489,1.28553687008645,"FAM229B"
5.9033542585413,5,0.315736871188788,3.71155442897053,5,0.591645433362062,0.182018188543769,"C12orf75"
61.7894749672391,5,5.18429743578963e-12,18.6757168889052,5,0.00220855436669065,0.339859693344827,"SRM"
48.2471754626677,5,3.16227755092768e-09,28.2027321296486,5,3.3223243160907e-05,0.293251706459557,"PPDPF"
30.6638642030655,5,1.09130330406826e-05,26.812077277935,5,6.20554310247767e-05,0.517563769662017,"PRKCDBP"
23.8437239896145,5,0.000232650782379662,18.3161092196557,5,0.00257524111419061,1.69820175693375,"GTF3A"
11.2386309484181,5,0.0468486208331893,NA,NA,NA,1.34055013296536,"JDP2"
37.6501287650185,5,4.43579908693259e-07,18.947238165849,5,0.00196611868612773,0.385183603086405,"RP11-282O18.3"
19.2484060512322,5,0.00172771190614118,13.8003582205304,5,0.0169285551171734,0.756995975569223,"TRAPPC1"
NA,NA,NA,17.4544074507456,5,0.00371395597511304,1.72611037637515,"GSR"
NA,NA,NA,16.6342844701644,5,0.00524824214581099,0.977689874512041,"PDIA5"
109.466236909759,5,0,31.1916148565986,5,8.58555517724291e-06,0.375429919974575,"RHOC"
8.85734406697367,5,0.114891306894083,26.7585853009162,5,6.35605551099205e-05,1.47794669819555,"UROD"
13.100737836925,5,0.0224528136563774,7.09677473798403,5,0.213541973598964,0.490180748429682,"IMPDH1"
33.5578088511575,5,2.9156929041152e-06,11.4771423944984,5,0.0426987177696909,1.60745040920382,"YIF1B"
12.4822169732807,5,0.0287455589727568,1.40309527230038,5,0.923974384022773,0.359054060202329,"MED8"
5.63236850895353,5,0.343649378585724,6.02631252161716,5,0.303667010544677,0.183418789555805,"UQCC2"
5.75575667333448,5,0.330714916894938,NA,NA,NA,0.657161629530148,"CD276"
NA,NA,NA,1.58088958213943,5,0.903550646274074,0.675257512628228,"GLMP"
9.74475479762668,5,0.0827991181120682,6.35146126424573,5,0.273506271125541,1.90903824415271,"BTN3A2"
9.58387455484555,5,0.0879220313847844,105.026785935985,5,0,0.530260731551243,"TANC2"
51.6411149689438,5,6.39092223586601e-10,40.8016623521561,5,1.0289438212574e-07,0.609999640322958,"ZNHIT1"
15.2540065902328,5,0.00933039414782755,15.9477218018273,5,0.00699492635314292,0.675930743258888,"EIF4G1"
67.9894578487101,5,2.683409050519e-13,45.7091748056602,5,1.04083727192616e-08,0.541175883830006,"UQCRQ"
NA,NA,NA,25.523834473901,5,0.000110355109010252,1.40989799542162,"GRIN2D"
23.98052271541,5,0.000218992052235634,23.4472534787462,5,0.000277175773295446,0.883884611991644,"COPA"
15.8503973655751,5,0.00728443272626966,6.47277329024558,5,0.262893460555904,2.20849871154768,"FMO1"
159.180148106953,5,0,226.421057232831,5,0,0.69374675771073,"CD63"
29.8061132188302,5,1.61027743019737e-05,14.3312154512221,5,0.0136368887902099,0.773377337004689,"ARPC4"
24.6454729428622,5,0.000163099883752404,8.55432080083336,5,0.128216645723321,1.41360793339264,"ITGB1BP1"
NA,NA,NA,6.06030907686915,5,0.300394746649385,0.67248948578391,"NDST1"
NA,NA,NA,10.6769505395338,5,0.0581749588504984,0.802009250683504,"CHPF2"
1.53585587461592,5,0.908895334411487,3.39591353540361,5,0.639192375796681,0.378769771810897,"GLT8D2"
13.4122321971311,5,0.0198072381747497,8.71121782507613,5,0.12115208558631,1.04678385847143,"ATP6V0D1"
9.35259029268293,5,0.0958003663066835,36.9170048478591,5,6.22336532418721e-07,2.06466574520945,"SEMA3C"
8.05699114526016,5,0.153122576922314,11.2990257454485,5,0.0457631463889632,1.93469792834125,"PLEKHA4"
10.5760680646267,5,0.0604642159574211,13.4871136592189,5,0.0192174639148044,0.855882376017815,"ARPC1A"
NA,NA,NA,NA,NA,NA,0.200753305984116,"A2M"
30.6316828623234,5,1.10736959617608e-05,8.97491190107409,5,0.110069031734013,0.313619486533722,"CDK2AP1"
1.65471248062133,5,0.89455509024724,13.2232305870542,5,0.0213742872129614,1.2562561981533,"MINOS1-NBL1"
6.41272875760887,5,0.268103559769242,5.40207643162656,5,0.368803059493962,1.07141754761126,"HAPLN3"
83.249951704008,5,2.22044604925031e-16,7.36497320489755,5,0.194880712297142,0.375861422761985,"TPM2"
24.9853779405175,5,0.00014024249870126,104.756228834947,5,0,1.1832849763407,"ZEB1"
12.3576879729946,5,0.0302020855976525,NA,NA,NA,0.668477986995875,"ERCC1"
5.23735385865166,5,0.387605331819611,17.025331596714,5,0.00445200462614725,0.854271561333636,"MEIS3"
165.131431971021,5,0,97.2324215654394,5,0,0.648773497537952,"ACTB"
8.46114514566895,5,0.132585771069273,32.0118150734143,5,5.90933910726843e-06,1.77622123317815,"MYLK"
9.44661297463647,5,0.092522404573196,4.68828531090367,5,0.455093224423519,1.16409499576314,"CD82"
2.28796189034867,5,0.808033312350917,NA,NA,NA,0.412038425958296,"PLXNB2"
13.9979742965162,5,0.0156222887568673,21.1141459422648,5,0.000770803844664991,1.01150039120013,"PLOD2"
NA,NA,NA,4.26264946882658,5,0.512253255393015,1.87201589049924,"LINC01615"
22.4452322218851,5,0.000430776881609862,8.26647548655109,5,0.142148256930566,0.542691829760641,"MRPL17"
25.4904196430355,5,0.000112010581688193,5.56073668536929,5,0.351331838405821,0.379099403807498,"SLC39A13"
1.4513700956252,5,0.918612544800455,33.6906562212818,5,2.74359450846973e-06,1.31622082899117,"ARHGAP28"
9.32851258259662,5,0.096656790290681,30.7364465226614,5,1.05591206799316e-05,1.08738107302048,"RAD51B"
13.1917894077015,5,0.0216462736342983,25.068795994382,5,0.000135135973045819,1.59061461644795,"CTSC"
NA,NA,NA,NA,NA,NA,0.550029557413029,"NANS"
7.54561449644507,5,0.183119738623525,NA,NA,NA,0.942828714586183,"GAA"
10.7629749330206,5,0.0562873777228305,13.4764935185835,5,0.0193000686440086,0.831049617571173,"TNFRSF1A"
5.1023634735777,5,0.403515879189729,10.1365789593452,5,0.0714565544098987,0.338696381783752,"GALNT2"
20.3316912070715,5,0.00108268193000305,7.04073084680804,5,0.217628686403123,0.36136787625509,"PLAUR"
10.8435929994932,5,0.0545707923866418,22.132958748159,5,0.000493984872855124,1.13622318559519,"PAPSS2"
12.4836416239812,5,0.0287292908169968,10.348894673742,5,0.0659319240600407,0.342472270054265,"DAPK3"
NA,NA,NA,6.17130448593907,5,0.289905376347499,0.567410794776759,"GPI"
6.00448235088618,5,0.30578301053174,7.42741731169723,5,0.190743253096875,1.1595271956105,"AGTRAP"
14.7832731456264,5,0.0113296511426598,13.4916041183331,5,0.0191826390444043,1.60995084052052,"HOMER3"
5.29731095238176,5,0.380683384797413,0.655546427602026,5,0.985319031386442,0.179216176274285,"NAA10"
NA,NA,NA,0.198325903916364,5,0.99913177283369,0.303614791849412,"COPZ1"
NA,NA,NA,2.21427160700823,5,0.818771868867267,0.51143243650385,"NRBP1"
NA,NA,NA,5.75974755262752,5,0.330302860302571,1.30441811996755,"NPTX2"
3.32414199121456,5,0.650147631644551,12.4060590812024,5,0.0296281404579317,0.9263966852229,"CXXC5"
15.158085372173,5,0.00970779489375095,NA,NA,NA,0.630670696356063,"TMEM147"
7.54523486877284,5,0.18314379355113,NA,NA,NA,0.462308287896385,"CTTN"
21.5314602313564,5,0.000642599769058227,34.6772486932572,5,1.74510263317718e-06,1.31387810089323,"METRNL"
27.1133847135882,5,5.42142263286749e-05,12.8500121934116,5,0.024825599217236,0.990219892863561,"XBP1"
5.7449040400478,5,0.331837438701628,5.14626470454706,5,0.398292062109549,0.436433390168481,"FUT11"
12.2597305244516,5,0.0313970800822571,11.6857790912568,5,0.0393564474635025,1.24330578104007,"DNPH1"
9.29911419197174,5,0.0977119940067821,9.68923716223662,5,0.0845349382217705,0.432338234044651,"MRPL52"
3.28065898531224,5,0.656804058904637,36.6818378644525,5,6.93661857065209e-07,0.46055607649942,"ST3GAL2"
12.9157078280007,5,0.0241816123187789,6.17991935121351,5,0.289103623995154,0.712042437495354,"FIBP"
4.44808917935287,5,0.486858826571559,NA,NA,NA,0.263721265027767,"ETHE1"
16.4934797232527,5,0.00556769456903605,18.2302293859877,5,0.00267128179599652,0.392815713663877,"TMEM219"
5.28730358511328,5,0.381832507203324,5.25388299264608,5,0.385688154227034,0.432636705650832,"CDC42EP5"
NA,NA,NA,6.78948426417769,5,0.236773297216943,0.719554976886242,"C7orf73"
70.7697398209343,5,7.0832228971085e-14,99.0587038084519,5,0,1.11570997711384,"S100A13"
32.2854029694827,5,5.21603529801684e-06,15.5783235666453,5,0.00815700545820253,0.778023205757133,"ZYX"
11.5966537718607,5,0.0407526474684834,59.8790024831901,5,1.28748123273681e-11,4.44973998009768,"PDZRN4"
7.90518907579406,5,0.16153883242486,3.85669280788716,5,0.570227813535392,0.47901851095145,"MRPL12"
4.86862445886236,5,0.432123093246404,NA,NA,NA,0.679438086903121,"MAP7D1"
15.6484046098059,5,0.00792298753583265,9.20110346610592,5,0.101306704022376,1.05388583964556,"FHL3"
NA,NA,NA,3.00756307510089,5,0.698819760315678,0.294309256143746,"PGLS"
29.5936196650769,5,1.77290191947233e-05,39.005828741648,5,2.36842985001928e-07,0.742338359436082,"CAPZB"
NA,NA,NA,NA,NA,NA,1.04488477159774,"ERI3"
8.63308418631303,5,0.124624991806218,11.6495359934968,5,0.0399186502656477,1.94800298712402,"PDE4DIP"
5.14808370683503,5,0.398076644759602,37.0723094799455,5,5.79285293844656e-07,1.53931798779621,"GALNT10"
NA,NA,NA,27.0483968327534,5,5.58178034157919e-05,0.673389080663737,"B4GALT1"
56.6137209344654,5,6.07424111009891e-11,19.2892048813345,5,0.00169768185912023,1.10090801371163,"NME1"
15.1290621572525,5,0.00982487793224207,3.73910042023881,5,0.587556142848043,0.336453634480238,"LMF2"
15.2548926740036,5,0.00932697516625092,5.67670251791778,5,0.338958494242348,0.886739928267003,"DPM2"
8.85863682043825,5,0.114837253975318,NA,NA,NA,0.590681700644908,"VTI1B"
7.24324504273724,5,0.203169277318632,6.76358843449893,5,0.238824575932696,0.261085132754606,"TRAPPC2L"
11.3612286586481,5,0.0446700599752321,NA,NA,NA,0.744847207110636,"THBS3"
24.466967374296,5,0.000176542290800996,NA,NA,NA,0.868179457888156,"CNN2"
19.5475021678803,5,0.00151911687075768,5.04920686015609,5,0.409904503947988,0.466408325823943,"DYNLT1"
16.6793113316917,5,0.00514991441372226,46.9106806631737,5,5.9247255990158e-09,2.94482155038207,"VGLL3"
2.80754667989072,5,0.729626835734302,8.51309759385727,5,0.130133409250649,0.666561714565117,"TRIOBP"
25.1981756486264,5,0.000127577661467093,11.1782772871389,5,0.0479576275427672,2.15348463127733,"THBS1"
4.99445804560463,5,0.416556910300955,4.60634957269125,5,0.465781531135858,0.610476138886967,"EPHB3"
37.0301852858215,5,5.90660395149989e-07,9.41306592370583,5,0.0936799499147759,0.443017458937406,"POMP"
32.5251970470592,5,4.67522801539388e-06,16.2048486105839,5,0.0062829186978155,0.378979042819966,"MFAP2"
14.9808783068541,5,0.0104443551652982,1.38717516547251,5,0.925711014671216,0.227732991625429,"FAM195B"
12.8299175141136,5,0.0250258405408926,19.1089434985173,5,0.00183435658192321,1.87383253081785,"C11orf96"
13.0580615578856,5,0.0228407014573047,18.4791994150404,5,0.0024020830908571,0.296488647764987,"PXDN"
NA,NA,NA,7.13978282734001,5,0.210450335420353,1.44008238041197,"COMMD5"
33.5488430339856,5,2.92768707410573e-06,25.4385158513382,5,0.000114630937454008,1.77764975429017,"P4HA3"
6.37213931709171,5,0.27167302248238,31.2035548459919,5,8.5390495762061e-06,1.24481789329278,"VOPP1"
15.9920465955793,5,0.00686681797110567,36.5366132558568,5,7.41712864571475e-07,2.38832844284879,"ALDH1L2"
16.0830638261804,5,0.00661088119106035,24.8633223928484,5,0.000148060211742851,2.27355147111009,"TNFSF10"
7.59822290388831,5,0.179812733410604,14.124408335114,5,0.014838173952026,0.743382276154484,"HEXA"
NA,NA,NA,13.8697389864477,5,0.016458369894378,1.82086130346099,"SEMA3B"
14.8310160904659,5,0.0111093175754887,8.41967976363935,5,0.134572827889735,0.794773521237272,"UBE2L6"
48.767664906989,5,2.47562736976903e-09,24.8750899804302,5,0.000147288082314456,1.07493102760381,"SURF4"
23.9285261209911,5,0.000224087652907046,18.9840734419118,5,0.00193531029964145,1.26865085136739,"SPARCL1"
4.00130362793855,5,0.549228275629716,NA,NA,NA,0.549082063090729,"LASP1"
4.43445455903002,5,0.488700797614424,NA,NA,NA,0.354446019830669,"TP53I3"
37.6596411589205,5,4.41633847048095e-07,18.6950180948923,5,0.00219039290144807,1.33226425077179,"SRPRB"
12.8868763443386,5,0.0244622381938723,3.70421511418359,5,0.592736814955243,0.549029724848332,"SHISA5"
22.8596084773923,5,0.000359076672733938,25.4848153281866,5,0.000112290634212586,1.10681671891686,"CTGF"
16.5074656011946,5,0.00553513403029149,3.47312140217934,5,0.627458548800548,0.798753160626448,"AC024592.12"
0.625878182197237,5,0.986787762027945,143.370916242335,5,0,0.474592485095089,"TENM3"
36.9124346371988,5,6.23650531106357e-07,6.66588353983691,5,0.246698108366136,0.325114615566622,"TMEM261"
53.0414023885937,5,3.29815730282235e-10,22.0715922200333,5,0.000507441624025717,0.78429998790733,"JTB"
12.1778014825043,5,0.0324310608210098,11.1931875444815,5,0.0476813661814735,1.00141651006969,"NSMCE1"
10.4827944742381,5,0.0626556879407731,16.5100637496634,5,0.00552910577049925,2.29429357176133,"CCDC28B"
31.6321656625937,5,7.02552374387544e-06,34.5767170095792,5,1.82753501887234e-06,1.25446629233273,"GRN"
80.7804468802669,5,5.55111512312578e-16,34.297288750653,5,2.07756352754718e-06,0.809829181174829,"FLNA"
10.5016094669299,5,0.06220772627808,NA,NA,NA,0.948606931555681,"COPG1"
20.5917924142095,5,0.000967242871137919,7.83956076004231,5,0.165302227460651,1.03561535290699,"EIF4E2"
14.9616530479887,5,0.0105274512903683,21.9652137039039,5,0.000531630938967909,1.15058095689231,"LAMB2"
NA,NA,NA,NA,NA,NA,0.542818037277664,"SHC1"
41.2716772617189,5,8.26868308267947e-08,59.1323564533321,5,1.83640880280223e-11,0.295703595280618,"LUM"
25.1264690994019,5,0.000131713491309582,19.2487270098578,5,0.0017274736399967,0.905162695365467,"ISLR"
14.0838148140959,5,0.0150856878659705,112.260222771899,5,0,1.40034917554328,"MYO1D"
4.36903964341954,5,0.497594282202434,29.3336243434152,5,1.99420317459342e-05,1.58673205316046,"NEK6"
19.0083986772524,5,0.00191522543990197,7.43314005674992,5,0.190367903127364,1.42696498544579,"PGM1"
189.408381200859,5,0,72.658508517294,5,2.8643754035329e-14,0.522316569726502,"PFN1"
23.527435270527,5,0.000267539142377538,36.8975321175326,5,6.2795442512531e-07,1.32062373945343,"TMEM176B"
12.6956588959411,5,0.0264039692869977,22.6941927792907,5,0.00038616350591314,1.2027034140013,"MLEC"
17.5244843738068,5,0.00360537398474403,4.18053511294151,5,0.52372706131616,0.283774179175747,"HN1"
10.8000579967701,5,0.0554915655819401,57.3874292951569,5,4.20747880980343e-11,0.694820629044751,"EDIL3"
17.4178241628545,5,0.00377190494944113,7.00034245677352,5,0.220614840238301,0.846843272434015,"SNF8"
9.66921474964289,5,0.0851691724797817,NA,NA,NA,0.387408894365291,"MPG"
12.6173697077955,5,0.0272408233199144,5.81023833608704,5,0.325123686091983,0.624012097634737,"LINC01116"
9.94899341807604,5,0.0766934630357572,3.64082985348307,5,0.602193483905453,0.889400035257456,"SWI5"
0.239307339922397,5,0.998631442931771,148.492412930304,5,0,0.319658881914565,"NXN"
24.773247526443,5,0.000154104650660125,41.3551313605105,5,7.95368479966641e-08,0.809984950781088,"PTN"
0.192715987733226,5,0.99919026331971,NA,NA,NA,0.0550308191737471,"KRT6A"
20.504082922106,5,0.00100474748355472,17.9124393967437,5,0.00305816803115988,0.380467084473198,"TPM4"
29.5900652378566,5,1.7757564162002e-05,12.2859653966571,5,0.0310726864089962,0.501386959341259,"FAM89B"
NA,NA,NA,8.32545389790101,5,0.139187918106741,2.61766603313316,"SMCO4"
71.705548058266,5,4.51860771022439e-14,218.051174204502,5,0,1.85202361218962,"APBB2"
44.664787504091,5,1.69731494414904e-08,26.9571015778759,5,5.81502192715799e-05,0.708777615623394,"A1BG"
9.0066870102914,5,0.108797732684809,0.000294429158714471,5,0.999999999920886,0.442384103138852,"HES4"
125.344520764499,5,0,122.08818303299,5,0,0.72022584030803,"SSR4"
21.6175738777142,5,0.000618888762276559,19.1433854121938,5,0.00180743331238564,0.902921988330701,"VAMP5"
0.702469387666126,5,0.982832874503594,0.211775930185041,5,0.998981868722961,0.0439397213695322,"KRT16"
12.5153019072004,5,0.0283700234805379,8.63053382230227,5,0.124739852177569,0.890044074261193,"CTSZ"
18.7329045942802,5,0.00215516869023114,12.9299833550676,5,0.0240438093922851,3.42193909455692,"FIBIN"
4.5680543360256,5,0.470829957363506,NA,NA,NA,0.652288999640844,"DNAJC1"
2.65063791535317,5,0.753657171913563,56.6096846098403,5,6.08588734962723e-11,0.721795488364075,"ZFHX4"
NA,NA,NA,3.73406331769271,5,0.588303095147217,0.670397230295302,"NEK10"
1.20597607631516,5,0.944302757797941,72.3100951364343,5,3.38618022510673e-14,0.636294016784026,"SGCD"
10.2165714066464,5,0.0693262691687224,12.5866442218548,5,0.0275761425184865,0.811777458677895,"MSRB3"
25.4530606352662,5,0.000113890585932919,12.9817107683267,5,0.0235507621173155,0.941202358398426,"PGAM1"
32.5454779996845,5,4.63213043555566e-06,6.3128667954509,5,0.276954777418073,0.431898831552381,"LRRC59"
24.4831973165678,5,0.000175276108231093,9.7665252976775,5,0.0821274860186936,0.977993554932378,"TAF10"
10.247997742088,5,0.0685056699862669,2.68103433229222,5,0.749017588847365,0.474328828958104,"GPAA1"
31.0571770246265,5,9.12687166554349e-06,22.3032646191763,5,0.000458456602217661,1.93886404106769,"DBN1"
8.45183081190021,5,0.133029811749147,5.78933276258309,5,0.327260474300474,1.99426377131283,"APOL2"
2.52050138537306,5,0.773404406268212,74.9286012422656,5,9.65894031423886e-15,0.567851712918553,"MAP4"
29.3356498693481,5,1.99237733675695e-05,6.71974784748198,5,0.242331150848517,0.707683728676519,"NDUFS8"
2.20669358810763,5,0.819868535582385,137.146785500319,5,0,0.815816169272573,"CAMK1D"
25.5712724689084,5,0.000108046415945973,NA,NA,NA,0.990196311746712,"SH3PXD2A"
5.93213924378432,5,0.312878179789157,29.1602335311684,5,2.15681568308534e-05,0.864672650316407,"LAMC1"
NA,NA,NA,25.8354868235241,5,9.60360542294758e-05,0.842116663065262,"MYH9"
NA,NA,NA,36.9360396413075,5,6.16893341853775e-07,3.28587856056893,"PLPP4"
4.31777800563532,5,0.504627684621891,47.5562393851744,5,4.37544256381983e-09,1.44269978578941,"SEC24D"
14.4494451228458,5,0.0129929587225617,6.72728464485242,5,0.241725283733587,0.421780275854851,"RPL22L1"
30.4114325192581,5,1.2238144794785e-05,11.641768980835,5,0.040040119808064,1.22504267005093,"EIF4EBP1"
33.0259241905014,5,3.71908698437728e-06,5.59167741708976,5,0.347997805815982,0.541118253030942,"OSTC"
34.6344132012589,5,1.77976401372071e-06,7.55118880745824,5,0.182766841634738,0.864187130841782,"ILK"
50.8027905185163,5,9.49181178100389e-10,6.17023885510504,5,0.290004673949996,0.789392977013093,"COPE"
9.46714355195942,5,0.0918205010717599,17.6985381041628,5,0.00334894466014779,1.58006744994014,"AHR"
9.00452692088226,5,0.108883730481461,2.74264988290917,5,0.739587997015601,0.550034399336411,"FAM50A"
2.10996820177857,5,0.833729155257469,63.0750506553013,5,2.80875322999918e-12,2.19160619524823,"RYR2"
13.3925274393195,5,0.01996530618794,0.81526696843987,5,0.976049364866976,0.15972222187193,"CNN3"
2.52946922032306,5,0.772050555554952,0.70391230900238,5,0.98275326859291,0.284934492720265,"NGFR"
6.60150205456483,5,0.252003260194422,4.37113534868453,5,0.497307929182737,0.604062796818149,"CCDC107"
14.3243515985392,5,0.0136752053709853,10.9650509617605,5,0.0520773400690094,1.19526386143434,"AQP1"
17.80413434758,5,0.00320216561999975,24.6109877770186,5,0.000165615374732253,2.37159747662525,"CYR61"
4.65556494031323,5,0.45934288724845,NA,NA,NA,0.967364678389337,"SMTN"
13.5437058781488,5,0.018782989994436,11.2370541765632,5,0.0468772834332882,0.761319660306216,"DAP"
12.1648148226202,5,0.0325979109639251,13.0860610217638,5,0.0225854932843861,0.865973476160003,"PHLDA3"
49.5246728709535,5,1.73355618748872e-09,26.8302011558175,5,6.15535271498713e-05,0.922109542784264,"GARS"
5.57657807560486,5,0.349621865273402,7.83410122950201,5,0.165618752916093,2.81761825039431,"CGREF1"
14.4093467117926,5,0.0132079837647007,10.1189291479313,5,0.0719347277573177,0.253312624995981,"IDH2"
14.4086870596003,5,0.0132115497297832,3.71344820559607,5,0.591363946543188,0.72881358798177,"ERLEC1"
48.5228684134859,5,2.77776679435959e-09,30.1004631249593,5,1.40920140420109e-05,0.670968530260771,"C9orf16"
NA,NA,NA,8.9775149986603,5,0.109964376960046,3.50642360337707,"C1QTNF3"
30.1411379454344,5,1.38345174367505e-05,20.5606140860418,5,0.000980414117654815,1.03572291177293,"SDF4"
5.88646873442735,5,0.317423251843157,14.459153292899,5,0.0129414108424821,0.546855104921527,"ZCCHC24"
23.6205435475581,5,0.000256763841225971,13.85081618904,5,0.0165853430608207,2.69782850598703,"GMPPA"
NA,NA,NA,NA,NA,NA,1.41867079324251,"ALDH18A1"
27.2742856349164,5,5.04378218502133e-05,14.3937324176395,5,0.0132926422761518,1.21939127218846,"CIB1"
62.5558432273774,5,3.59789975590274e-12,41.6092591697276,5,7.06624330160111e-08,1.72780213248101,"IGFBP6"
62.8493074760968,5,3.12805337188138e-12,58.2866033114071,5,2.74505973507644e-11,0.934760246798035,"SLC27A4"
6.20712378842245,5,0.286583457204321,1.90296951589688,5,0.862401583018813,0.38964753922832,"JOSD2"
5.18167295972984,5,0.394113499712763,79.7005267252989,5,9.99200722162641e-16,0.608362160694744,"ENAH"
115.058939107234,5,0,125.685635377695,5,0,0.802644281919867,"CD99"
40.6446441033463,5,1.10686867005327e-07,10.5026026597704,5,0.0621841631123639,0.746765584531526,"UCHL1"
18.8046892651454,5,0.00208994599124779,NA,NA,NA,0.848965688724423,"CALU"
20.9843386619081,5,0.00081559710628698,46.8371570283476,5,6.13273931637792e-09,1.42456295624127,"TMEM176A"
22.7831723250133,5,0.000371351586587965,24.0960513997343,5,0.000208076849064986,1.30419033571861,"CKLF"
39.9909174329764,5,1.49967907536741e-07,52.965472702091,5,3.41869643705195e-10,0.840463109041559,"CYBA"
22.2950909316173,5,0.000460102623370151,4.24854387656896,5,0.514214489927516,1.55569460377831,"CSRP2"
23.8482449014723,5,0.000232186215681218,20.7411783308919,5,0.000906513263039699,1.15239488184854,"VEGFB"
25.85669584078,5,9.51313725031655e-05,17.9649172876044,5,0.00299069585053802,1.18564577212942,"LAMTOR2"
41.0008968191273,5,9.37887069119014e-08,10.4829150825988,5,0.0626528068125436,0.753877464083615,"TUBA1C"
5.14601319753271,5,0.398321853536165,NA,NA,NA,1.11018821887543,"KIAA1462"
2.86533607664775,5,0.720737668964858,2.34826233887776,5,0.799153119144226,0.549643758032587,"ACKR1"
5.95356072668406,5,0.31076392573212,67.9425861213049,5,2.74447131687339e-13,1.00823451099858,"PACS1"
74.9308705838585,5,9.65894031423886e-15,62.3727226347034,5,3.92608168198194e-12,0.403694785108951,"RRBP1"
18.271256148154,5,0.00262497085414393,6.80701007973084,5,0.235393414705231,3.64018502486316,"FBLN7"
16.2667257701566,5,0.00612241541119718,20.3492996895077,5,0.00107445625468383,2.84243983438492,"RTEL1-TNFRSF6B"
35.4037518981672,5,1.24974749260431e-06,24.2543320161763,5,0.000193991064531995,0.605894294480322,"NUCB1"
25.0659532515883,5,0.000135306926722811,16.1391996848374,5,0.00645768796666357,0.634755353664141,"FKBP7"
1.47626233901414,5,0.915792771029442,1.62984372638239,5,0.897617000270248,0.165785545463895,"S100A7"
12.2248864863526,5,0.0318329246786729,NA,NA,NA,2.14610614500624,"COTL1"
NA,NA,NA,1.64025337974805,5,0.89633916750762,0.306537249213482,"HLA-DRB1"
5.25292068523845,5,0.385799584157008,33.4852074311392,5,3.0142381972631e-06,0.886705228924589,"SIL1"
41.7421560967229,5,6.64217889578822e-08,25.9929149451874,5,8.95187605794989e-05,0.487427467028619,"SSR3"
11.4096451831238,5,0.043836386427954,27.901950407591,5,3.80408201142712e-05,1.30999346994511,"IL1R1"
26.5390053080852,5,7.01273808588754e-05,6.84406421424122,5,0.232498169650854,0.750867712119506,"S100A16"
NA,NA,NA,NA,NA,NA,1.50532709494152,"LMCD1"
7.38712284669081,5,0.193404315207529,NA,NA,NA,0.767784523465306,"KHDRBS3"
6.23463818851168,5,0.284052528316892,16.8857357458105,5,0.00472167860357142,1.0486670002402,"GALNS"
20.4295201826689,5,0.00103775357543423,51.3999390936622,5,7.16144588075451e-10,2.62841311967804,"ADAMTS12"
10.8819856974011,5,0.0537707225490281,7.80300366787698,5,0.167431882394342,0.741641177180963,"SAR1A"
55.8328410538095,5,8.79681882892669e-11,20.1201667332985,5,0.00118647092791824,0.643392187715364,"ARF4"
133.959128146645,5,0,115.21780151959,5,0,0.914022568438349,"TMSB4X"
63.8683241999047,5,1.92379445707047e-12,22.0833466887008,5,0.000504836342664516,0.421321734789036,"YIF1A"
18.201631403307,5,0.00270403582544476,48.8289142165211,5,2.40530428907704e-09,0.998244995268513,"ARFGAP1"
36.375553585854,5,7.98885866570842e-07,48.2132021106209,5,3.21319393314923e-09,1.47070432917705,"GPR78"
44.9047707132631,5,1.51701312622876e-08,76.2956962201761,5,4.9960036108132e-15,2.77301236231199,"ITGBL1"
27.4734836785411,5,4.61220758881664e-05,44.4237796219186,5,1.8998813744453e-08,2.76719991976325,"XG"
NA,NA,NA,4.35639320798069,5,0.499324259593679,1.29878641372129,"CDKN2A"
41.5051613829532,5,7.4171635056075e-08,57.9414536250713,5,3.23416848857505e-11,2.9496673885239,"LAMA4"
NA,NA,NA,12.7870666234757,5,0.025458027365969,0.964114437334179,"LGMN"
19.2308317774957,5,0.00174080769621632,14.4261866765888,5,0.0131172645065962,1.22016587793581,"CTSA"
26.6406347366369,5,6.70084071393573e-05,11.9817999895169,5,0.0350380155042072,1.75605662012677,"SCO2"
NA,NA,NA,1.08015336593942,5,0.955845284693098,0.257328984408257,"CCL14"
35.9332924297562,5,9.79443698811977e-07,12.4560146412588,5,0.0290463395725101,0.643220273127084,"SEC61A1"
22.1965081617388,5,0.000480420589689112,36.8230233611868,5,6.49920249173874e-07,1.97999266967539,"FMOD"
28.2962238061355,5,3.18529531510015e-05,14.2492768868622,5,0.0141011552021731,1.53288969095021,"AKR1A1"
18.6598217531044,5,0.00222362175132518,27.0961323690598,5,5.46354209025601e-05,0.884643444315759,"IFI6"
16.1566000811276,5,0.00641090896032881,18.141165898741,5,0.00277458974962996,1.22511504078894,"ANXA6"
41.8784154492967,5,6.23370555175029e-08,2.4170368907749,5,0.788934319528816,0.435843989003987,"C7orf50"
122.851849561836,5,0,214.229547576841,5,0,1.09931107306971,"IFITM3"
183.706942096946,5,0,311.783716299234,5,0,0.603601165864611,"FTL"
0.802407155961482,5,0.976879553732223,84.45100611813,5,1.11022302462516e-16,0.313374744772543,"FARP1"
15.7421158891591,5,0.00762024320104926,101.376757621678,5,0,2.03559847018652,"HMCN1"
4.37702198795422,5,0.496504094074332,NA,NA,NA,0.977660561373163,"PARVB"
17.2630819704224,5,0.00402695687028021,40.8188856393421,5,1.02073611341069e-07,0.915906313663131,"RP11-25H12.1"
45.5342008017378,5,1.12976070720805e-08,10.1134885154588,5,0.0720827265256476,1.17215149018505,"SRA1"
21.9589379703787,5,0.000533092979265626,25.5021748338759,5,0.000111425409001997,1.69462179534359,"LOX"
51.294463879422,5,7.52691908800784e-10,14.8778832609094,5,0.0108970685568698,1.56838461812849,"TUBB2A"
31.549229785083,5,7.29595851600706e-06,53.2242809359057,5,3.02495695159166e-10,2.88045079168805,"PLTP"
10.8208030152297,5,0.0550509976534993,13.7371956431498,5,0.0173678440349803,2.6289151757282,"RP11-417E7.2"
132.542907787096,5,0,121.723417008017,5,0,2.839640668445,"C1S"
240.496564112133,5,0,280.247687862912,5,0,0.738640722295157,"LGALS1"
19.1666766398463,5,0.00178944687919613,7.74990802460505,5,0.170567967777442,0.430456055234314,"TGFB3"
119.411108277038,5,0,78.5508451076349,5,1.66533453693773e-15,1.08924564274664,"CRABP2"
NA,NA,NA,12.2990871627687,5,0.030911638507614,1.68083799653958,"NID2"
23.2908648712723,5,0.000296968785035712,24.1442607375931,5,0.000203682720501752,0.647831107686614,"C4orf48"
50.9369963407376,5,8.90961970867465e-10,62.3055749597522,5,4.0538683521163e-12,1.16061414049329,"HTRA1"
30.9028061709323,5,9.7903757804163e-06,18.0527739746054,5,0.00288098617950039,2.73829546018317,"FLNC"
7.44746643736312,5,0.189431052915962,6.65239826346864,5,0.247801582181329,0.60869152769356,"MXRA7"
70.9886664620685,5,6.38378239159465e-14,41.1470491315616,5,8.7623788225244e-08,0.957035240634671,"CLEC11A"
22.4543872141095,5,0.000429049645028989,3.68533279414247,5,0.59554816778423,0.69956171932845,"IFT20"
6.03412250832955,5,0.302912798434973,132.554961154645,5,0,0.759203304149473,"ROR2"
201.249674351717,5,0,117.813348416975,5,0,0.796463843783067,"NME1-NME2"
23.5237431936323,5,0.000267975511051621,21.1695174866723,5,0.00075244231042193,1.73046850593922,"TNFAIP6"
20.2130977239281,5,0.00113971909625044,22.7182073708559,5,0.000382109410718923,2.70623069611111,"RP11-14N7.2"
1.25888248962468,5,0.939105221242213,0.275264542184965,5,0.998082579330943,0.171644158565545,"S100A9"
NA,NA,NA,20.0284014631437,5,0.00123448613916544,1.35628013538607,"SNX8"
31.3753927686973,5,7.89681944457499e-06,32.2188584252596,5,5.37683826229429e-06,0.96588686237285,"ECM1"
34.0798518904776,5,2.29541803720146e-06,16.852357268249,5,0.00478848645926422,0.869683907104205,"GPX7"
10.1515854499926,5,0.0710523248432093,13.2546842437769,5,0.0211054805189435,1.96750157052729,"HIC1"
7.23473570868285,5,0.203759851791073,23.6338635410044,5,0.00025525782431568,1.74588329704772,"EPHB2"
29.7522808965423,5,1.65001867221681e-05,12.4388756710077,5,0.0292447051037596,2.49463789819011,"GLIPR2"
NA,NA,NA,23.4696849105688,5,0.000274445820399483,0.920987212480368,"EVL"
19.8499995302139,5,0.00133336634006143,2.31031169690157,5,0.804751178935498,0.245274836195568,"PRAF2"
NA,NA,NA,14.0864777543097,5,0.0150693294354109,1.2698540222674,"TMEM214"
20.4458729459512,5,0.00103042466651393,18.8831357122703,5,0.00202088476066531,0.635400513909183,"CYB561"
47.9857696044119,5,3.57575946630107e-09,29.0978029962514,5,2.21853239128489e-05,1.16648689081939,"MAGED1"
56.5049385830448,5,6.3959393337143e-11,24.0876117502378,5,0.000208855680436826,0.8115021089825,"HM13"
17.3543198573484,5,0.00387460454988864,18.6749226047908,5,0.00220930490454674,2.34075163163453,"FNDC1"
33.3067080568676,5,3.2708312568408e-06,12.5426092818819,5,0.0280636051455243,1.30834722610064,"C11orf24"
21.2022177412096,5,0.000741801857225721,24.0284412174193,5,0.000214397625113993,2.26692122882217,"HTRA3"
25.4507345618244,5,0.000114008667786769,NA,NA,NA,1.70834865029741,"NT5DC2"
6.66538098953342,5,0.246739157757391,10.7428706010349,5,0.0567232925011724,0.364017611358684,"PLAU"
12.1461316301802,5,0.0328393853457846,7.60539320537028,5,0.179366060111346,0.462119971630162,"NAGK"
24.7808119921424,5,0.000153587785238329,65.1705894534548,5,1.03306252441371e-12,0.809574278889486,"SPATS2L"
NA,NA,NA,34.2771042637325,5,2.09688925689733e-06,0.963709770344867,"FKBP9"
22.3978760660107,5,0.000439821550895503,14.5882297047983,5,0.0122745779931197,0.804017769977404,"PLOD1"
4.13535621583395,5,0.530097271073538,3.60714367751677,5,0.607241020869716,5.15641046344356,"SEMA6B"
37.5202207732341,5,4.71027033599469e-07,46.4699482761465,5,7.28584981235514e-09,1.04876698257267,"TXNDC5"
66.280987278566,5,6.07625061377348e-13,66.1472368455317,5,6.47815134868779e-13,0.933229268912673,"P4HB"
1.865692599517,5,0.867399383227315,52.7220420867914,5,3.83558185212962e-10,0.785110992788753,"CUEDC1"
10.0118128238964,5,0.0749012261274057,35.1933316502195,5,1.37671636279979e-06,1.06179879945779,"SLC38A10"
20.270542196327,5,0.00111173143240473,7.77647640887716,5,0.168992318416329,0.621149049921669,"POLD4"
17.7110785711391,5,0.0033311745729232,12.4016864081803,5,0.0296795927907167,1.58115536360558,"CISD1"
NA,NA,NA,NA,NA,NA,1.02789001928754,"TTYH3"
35.4495835334601,5,1.22367669097567e-06,45.470016108183,5,1.16424541118931e-08,2.90863241376322,"DAB2"
70.2258405447574,5,9.1926466438963e-14,44.2307924843882,5,2.07932249196574e-08,1.54781846270969,"OLFML3"
38.6358065733859,5,2.81132904844661e-07,115.973895580011,5,0,0.30446996502418,"RPS26"
64.2443449278067,5,1.60771396195969e-12,42.4117360302488,5,4.86182707426508e-08,0.821835666796786,"HDLBP"
125.798051045095,5,0,55.261280005641,5,1.15337961403839e-10,0.995524254272213,"KDELR2"
18.6044007746309,5,0.002276949603221,4.29844700557378,5,0.507294411589556,0.455611337779109,"PLIN3"
22.8251839281529,5,0.000364554523986094,12.9335967277953,5,0.0240090488097952,0.81547371081445,"METRN"
19.9805321075884,5,0.00126028671668932,NA,NA,NA,0.463343744087761,"IFI27"
18.3043978321655,5,0.0025881360173976,31.6076896877368,5,7.10428130668017e-06,2.15783001537284,"BACE2"
39.3567658706556,5,2.01279971578927e-07,33.7707714029366,5,2.64473135969112e-06,0.971257989221856,"ANGPTL2"
76.1073989991892,5,5.44009282066327e-15,18.4299974679056,5,0.002453083111711,1.19997658490201,"TMED3"
54.6697050929372,5,1.52640677875127e-10,5.95893225479146,5,0.310235525286694,1.28911185675972,"TGFBI"
51.9987767109737,5,5.39789657416634e-10,48.5501803219454,5,2.74231204411279e-09,3.4048198376656,"ABI3BP"
14.005795042432,5,0.015572647099794,84.2361865826542,5,1.11022302462516e-16,1.18679372128004,"SORCS2"
60.3010244886368,5,1.05323527677115e-11,30.2759313791059,5,1.30141314758081e-05,1.85942854164927,"TPM1"
8.59117578854161,5,0.126524574475092,NA,NA,NA,2.6373484000457,"HMCN2"
7.38261633307066,5,0.193703913760088,81.9472313625683,5,3.33066907387547e-16,1.27650458044239,"MYOF"
46.3332949837109,5,7.76812869585086e-09,21.3033582699954,5,0.000709821218211282,1.04437379352155,"AP2S1"
43.6831562848593,5,2.68586318741271e-08,37.444159847982,5,4.87875317922715e-07,3.56929550115402,"PDGFRL"
74.4014105095396,5,1.24344978758018e-14,9.49520734349506,5,0.0908689792137237,0.798242170728473,"SEC13"
25.4301326194498,5,0.000115059819145169,117.489849426482,5,0,1.32944409160171,"RUNX1"
27.5282385097847,5,4.50013349349021e-05,184.60450964613,5,0,1.50034818389673,"PLXDC2"
102.179726736651,5,0,115.401307672814,5,0,2.06348518773396,"LRP1"
141.176093724137,5,0,108.93537373371,5,0,0.719003476664235,"BGN"
2.87385951452744,5,0.719425439836861,56.0732815626061,5,7.84903253503444e-11,2.57763948571727,"ADAMTS14"
31.5155138311607,5,7.40883302186024e-06,23.5028077245629,5,0.000270463221329509,1.14867740465933,"FKBP14"
66.324997306539,5,5.95079541199084e-13,31.9099953467123,5,6.19011847580175e-06,0.669519448406233,"ATOX1"
57.2796166912512,5,4.42842429393409e-11,20.3344283662552,5,0.00108139922979811,0.745034350498114,"NME4"
43.8621063095907,5,2.47041459511266e-08,13.0317582508372,5,0.0230829696184811,0.582106873114802,"ISOC2"
41.1915357408211,5,8.58286924865226e-08,26.8369870021889,5,6.13666439135407e-05,1.28383952292716,"CD151"
31.7371366630341,5,6.69747564974177e-06,28.5733040928843,5,2.81125912726665e-05,1.03258319522141,"CTSB"
10.2007472635129,5,0.0697429277897882,14.3641710165786,5,0.0134543598922404,1.28125263186643,"MVP"
8.68585382687786,5,0.12226975591807,50.5489081325745,5,1.06989572756788e-09,0.82795091050483,"MAP4K4"
154.622405356218,5,0,231.117065863277,5,0,2.76712259265995,"C1R"
16.8072177226977,5,0.00488030450621957,10.2706298262894,5,0.0679203273264795,1.64939031087093,"FAM20C"
35.3671412724102,5,1.27096947455385e-06,10.7351713563573,5,0.0568910706189739,0.835275614743841,"GPX8"
174.384803713689,5,0,74.6025059644008,5,1.12132525487141e-14,0.667199820630439,"OST4"
59.0421565004644,5,1.91687776762706e-11,42.5072768381203,5,4.64998560767427e-08,1.7650837270295,"RCN1"
20.4803104892796,5,0.00101515682045195,10.622859583794,5,0.0593920993100936,0.817015194487064,"INAFM1"
87.7234591616752,5,0,55.3189930912746,5,1.12226672399629e-10,1.19347996984417,"PRDX4"
44.2679208952945,5,2.04353466370932e-08,24.7186786948766,5,0.000157884571146405,1.24084140128179,"AC005943.2"
NA,NA,NA,NA,NA,NA,0.0746279938963531,"S100A8"
109.06932761365,5,0,166.859053219663,5,0,2.17979973866824,"FBLN1"
20.7287838949251,5,0.000911405726651826,21.5694448123914,5,0.000632032465374466,1.4556142729054,"TMEM119"
30.5251756375995,5,1.16223650676872e-05,174.834583305721,5,0,2.50982284369511,"MIR99AHG"
NA,NA,NA,9.24100904476959,5,0.0998287215715269,0.772853990644614,"EHD2"
15.4736296435364,5,0.00851917067162256,14.2859144567282,5,0.0138917071943132,3.93659565859842,"LRRC32"
NA,NA,NA,3.44127986676275,5,0.632290759772737,0.683345979793597,"ISG15"
NA,NA,NA,NA,NA,NA,1.91111254535372,"CADM1"
18.5220920232339,5,0.0023584723846557,NA,NA,NA,1.04546939127092,"FAM114A1"
25.177696497057,5,0.00012874554699227,28.422386073504,5,3.00922996834263e-05,1.25621633088903,"PDXK"
111.160668830549,5,0,139.004063407939,5,0,2.38878091482191,"CTSK"
98.964765419526,5,0,63.4044498409452,5,2.40041320154205e-12,1.08230485931807,"PHPT1"
50.3979859612024,5,1.14879217250063e-09,18.3864864275724,5,0.00249906784249576,0.729617707633855,"KDELR3"
NA,NA,NA,29.5857667326543,5,1.77921456421259e-05,1.28929982188815,"SSC5D"
30.9469471828331,5,9.59590760241102e-06,NA,NA,NA,1.60024993161166,"ARHGAP1"
8.34366909486101,5,0.138284850493269,30.7686720446584,5,1.04056656725637e-05,1.10071141494897,"HEG1"
49.4182344868991,5,1.82265558201777e-09,22.4970978701753,5,0.000421081508924614,3.7234640340604,"TNFRSF12A"
89.9453032113943,5,0,82.9269851320514,5,2.22044604925031e-16,3.90517227656228,"DPT"
6.37894565540796,5,0.27107178419766,64.0306501989307,5,1.7803536422889e-12,2.22420272169274,"ITGA11"
9.23295461589674,5,0.100125432600586,69.9910459869311,5,1.02917674382752e-13,1.05243413634392,"PIEZO2"
34.7725355609277,5,1.67038849663292e-06,18.1143384078211,5,0.00280646808557561,1.20381152414017,"B4GALT2"
30.2449910072112,5,1.31980627091632e-05,27.3234736764528,5,4.93362882129089e-05,1.83162971525071,"TYMP"
36.0498922618453,5,9.28232523289552e-07,17.4181401413011,5,0.00377140066419102,1.52723182293537,"CD74"
NA,NA,NA,4.4057140005985,5,0.492596806788125,0.53215772598766,"HLA-DRA"
60.7281833521683,5,8.59445847822826e-12,46.3873830434438,5,7.57354701175217e-09,1.54279427731392,"EFEMP2"
29.4112196872779,5,1.92543056872774e-05,153.01456622974,5,0,0.828648549179578,"PALLD"
230.380210741331,5,0,366.657070840382,5,0,2.81710457839564,"CST3"
54.7458025483729,5,1.47237888548091e-10,33.4705018533578,5,3.03459850647947e-06,0.910118766304935,"C1orf122"
29.5039158648915,5,1.8463540600977e-05,33.5110430955225,5,2.97879636157461e-06,1.72494533377816,"GAS6"
16.8724614604309,5,0.0047481376791817,15.052212083544,5,0.0101415579751631,1.52223431366704,"ZMAT3"
7.19922775204898,5,0.206240136411473,55.277977757361,5,1.14429021813578e-10,1.6205618827514,"LIMA1"
47.837006467762,5,3.83470244447182e-09,27.7847196899309,5,4.01007751661409e-05,1.2070880230871,"PDLIM7"
82.4565755284475,5,2.22044604925031e-16,52.9168270582709,5,3.49822282252887e-10,1.86233173290406,"PDLIM2"
83.1899654954314,5,2.22044604925031e-16,25.3014899469962,5,0.00012184386180436,1.20348461958513,"MYDGF"
NA,NA,NA,14.3514142214575,5,0.0135247330909861,3.96120958240019,"CILP2"
7.53405853804543,5,0.183853209937404,24.9414144024933,5,0.000143010147829581,1.68066848455112,"GUCY1A3"
55.7768135644283,5,9.03360719561874e-11,122.984647161885,5,0,2.46865290168392,"BNC2"
25.6953602749732,5,0.000102231079352255,35.8758648693018,5,1.00568988470329e-06,2.19185731747965,"COL18A1"
29.6568209077717,5,1.72290002771192e-05,26.6489061047699,5,6.67606957394096e-05,2.15910094831368,"LGALS3BP"
285.396497545218,5,0,389.965408290065,5,0,0.847627351554836,"TMSB10"
187.3723336602,5,0,128.099505488392,5,0,0.663317505469682,"S100A11"
31.8102590178337,5,6.47799840802765e-06,26.0389461164773,5,8.76973000479842e-05,1.01530623661898,"C1QTNF5"
50.6783146497819,5,1.00656616375261e-09,84.9843069015958,5,1.11022302462516e-16,1.76195839951521,"FSTL1"
26.0848229518106,5,8.59184799066881e-05,25.4299315123128,5,0.000115070127167605,2.75477038947737,"OGN"
25.1994516294671,5,0.000127505242845327,17.0437364465042,5,0.00441759218986926,2.70584324511167,"THBS4"
35.8779579139127,5,1.00472112174455e-06,22.5187442027868,5,0.000417099109400132,1.27227264918179,"GOLM1"
47.9621798260055,5,3.61562579875851e-09,30.7049325021965,5,1.07113610126053e-05,1.32477907337378,"P3H3"
87.1797019672167,5,0,93.6544861256971,5,0,1.88478446283195,"HCFC1R1"
25.080389536033,5,0.000134440984577155,14.5175879511309,5,0.0126352933097124,0.516685691302079,"ARPC1B"
36.0030666029356,5,9.48470315176309e-07,18.4976787381206,5,0.0023831982746968,2.80772996188542,"FKBP11"
142.425804548485,5,0,165.444418878843,5,0,2.71125017203258,"CCDC80"
48.6232780267687,5,2.64962563001347e-09,15.6308379918558,5,0.00798102608920204,1.04707494931158,"AK1"
25.9109768998641,5,9.28542482001582e-05,18.9176203520159,5,0.00199123924459055,1.80049658933936,"C1QTNF6"
47.0080322359426,5,5.66008417912656e-09,51.5776028786476,5,6.58542442799614e-10,2.65166077361206,"PODN"
40.579304300591,5,1.14100258685745e-07,9.85870959851619,5,0.079339077452306,1.59164044827587,"ACTA2"
81.9448356583653,5,3.33066907387547e-16,34.5621060010521,5,1.83983361257134e-06,0.950896857573106,"CKAP4"
14.4502623561889,5,0.0129886117770579,68.0121176797873,5,2.65454325187875e-13,1.07535943545924,"SULF1"
8.01300576108747,5,0.155520309671427,24.5417496531147,5,0.000170782351571197,7.72314871159836,"ZNF469"
34.1514503834496,5,2.22128311366809e-06,26.7915759905606,5,6.26280626275788e-05,1.41229344410392,"P3H1"
12.034251883392,5,0.0343214528074864,32.3324008407199,5,5.10535519537836e-06,3.54296539580153,"MIR4435-2HG"
17.9206187953914,5,0.00304755434238335,49.8740832029926,5,1.47049650234266e-09,4.13291435336168,"FAP"
21.5039497742279,5,0.000650361753362749,102.994471217456,5,0,1.9835880092045,"TSHZ2"
25.7543541718208,5,9.95761331289424e-05,59.5171908018815,5,1.52928780750017e-11,0.95948295554041,"COL11A1"
171.377607547867,5,0,85.7590500717214,5,0,1.379354348641,"VKORC1"
18.7013587698482,5,0.00218445868072525,33.5191573483545,5,2.96775082464507e-06,2.83918021770505,"SMOC2"
51.3718613369639,5,7.25696946979326e-10,19.8311817833628,5,0.00134423960419805,0.85815667052684,"CHPF"
57.8887225624671,5,3.31619176563436e-11,38.4678989540305,5,3.03863278761085e-07,1.42791304344217,"NBL1"
53.4496170141369,5,2.7191882079336e-10,140.898565123848,5,0,2.102540110847,"COL12A1"
70.5886827769177,5,7.72715225139109e-14,43.0456001883082,5,3.61726696374021e-08,1.00864258419118,"FKBP10"
29.8993149285822,5,1.54370637249768e-05,NA,NA,NA,1.12740449985638,"SULF2"
57.8048176417824,5,3.45101724974484e-11,95.097402812904,5,0,1.14923948909365,"COL16A1"
53.6496453355758,5,2.47370457451268e-10,86.3552930093399,5,0,1.3087319695809,"MMP2"
392.027188012806,5,0,335.282542707923,5,0,0.808204105257467,"SERF2"
37.235490588057,5,5.37241714337888e-07,75.2209515832422,5,8.32667268468867e-15,1.56936974237796,"MXRA5"
45.1308901743514,5,1.36464057831631e-08,29.03499794354,5,2.28238752704168e-05,2.48902374670041,"P4HA2"
36.4685389405777,5,7.65363414423348e-07,36.3657017150485,5,8.02522107323789e-07,1.43852074617535,"NREP"
96.7081873069692,5,0,18.0720122203729,5,0.00285749420495118,1.88216194601893,"PYCR1"
62.4703629108953,5,3.74755781962222e-12,61.0303469949312,5,7.44271311248212e-12,1.27499450791521,"EMILIN1"
130.162405793836,5,0,53.1450626639281,5,3.14041237459151e-10,1.4508835264795,"MYL9"
134.826693541,5,0,131.438822029162,5,0,2.86605560883752,"RARRES2"
NA,NA,NA,26.8749398122302,5,6.03317386800306e-05,3.22450561314366,"LINC00152"
57.7542417617242,5,3.53490570148551e-11,48.7778283954874,5,2.46381792745609e-09,2.41588273158684,"P3H4"
282.619325344469,5,0,193.392107526399,5,0,0.975912515428248,"PPIB"
NA,NA,NA,NA,NA,NA,0.96640655087743,"VCAN"
29.929736126335,5,1.52257464619554e-05,27.1723487524388,5,5.2798845530555e-05,1.22259419123326,"CPXM1"
132.382630529176,5,0,141.584572212995,5,0,2.8033683972983,"IGFBP4"
7.44053541102767,5,0.189883795952449,NA,NA,NA,0.483819079974521,"ARMC9"
95.308403010004,5,0,160.208321219355,5,0,3.048889601373,"SERPINF1"
145.574086607123,5,0,68.5937219667676,5,2.00950367457153e-13,1.50135965191786,"COPZ2"
94.7917232902064,5,0,82.0691899982264,5,3.33066907387547e-16,1.31530296044699,"PPIC"
14.0721162722944,5,0.0151577553528809,135.534633190643,5,0,0.960206695494835,"FOXP1"
17.9473997087373,5,0.0030130549186641,16.5082010452164,5,0.00553342699269055,3.49066151682027,"OLFML2B"
64.2344583065615,5,1.61526347852714e-12,59.3674734495941,5,1.64215308018356e-11,2.83294024940814,"LRRC15"
57.6113409034451,5,3.78311826310096e-11,58.3993302656581,5,2.60189647605102e-11,3.12394377666301,"ASPN"
34.644964356673,5,1.77116324295845e-06,NA,NA,NA,1.31126028775899,"COL5A3"
47.4706826078336,5,4.55486648398562e-09,30.6326195764432,5,1.10689864595281e-05,2.85247332205892,"SFRP4"
59.548127848529,5,1.50695012024471e-11,107.822578611086,5,0,1.31042719661179,"SEPT11"
51.9907258975845,5,5.4184579045824e-10,25.6441327778674,5,0.000104593291158861,2.00645716728509,"BASP1"
98.5077739079461,5,0,102.679812455463,5,0,2.67221117847246,"NNMT"
99.0035325535118,5,0,101.562456888375,5,0,1.83585790589277,"MARCKS"
33.7060878918551,5,2.72427004222031e-06,51.5349347916579,5,6.71939837104674e-10,1.84632965549671,"HSPG2"
191.399004960005,5,0,231.361388155694,5,0,2.29149745266981,"TIMP1"
39.5596262711006,5,1.8320358063928e-07,27.411827152749,5,4.74172365870773e-05,2.61996605149114,"ARL4C"
180.19507965222,5,0,184.838790410992,5,0,1.73940140948612,"AEBP1"
96.2416204273111,5,0,101.326257110286,5,0,4.96054227283891,"WISP2"
121.146680929124,5,0,38.9915837211273,5,2.38411781205983e-07,1.75490362799239,"TAGLN"
54.3180967515709,5,1.80288894924274e-10,35.7058632650575,5,1.08755933003746e-06,1.54818300717809,"BMP1"
91.0285765001154,5,0,57.643253733163,5,3.72621933308892e-11,1.74255405045461,"COL8A1"
63.2447668057148,5,2.59037236105542e-12,74.0310412273178,5,1.47659662275146e-14,3.17762520486273,"THBS2"
42.0638698307166,5,5.71768394852512e-08,82.2578448697451,5,3.33066907387547e-16,2.01903522474722,"FBN1"
89.1081771233139,5,0,159.960609585416,5,0,1.62259547548646,"MRC2"
182.807749335465,5,0,115.464095566133,5,0,1.08773939222864,"COL6A1"
78.9561503412142,5,1.33226762955019e-15,84.2356256977145,5,1.11022302462516e-16,1.65939960661826,"CTHRC1"
186.618669374739,5,0,171.027667372296,5,0,1.51619244823557,"PCOLCE"
61.5591065139397,5,5.78570524822908e-12,114.930398459569,5,0,1.55243199834401,"COL14A1"
41.4998817189208,5,7.43541711534235e-08,NA,NA,NA,1.8713097589951,"ADAMTS2"
67.8057854121316,5,2.93098878501041e-13,57.1866342826015,5,4.62826443836661e-11,4.84893592372218,"COMP"
136.607327587893,5,0,127.663693399427,5,0,4.06581863223827,"IGFBP7"
94.5313684880875,5,0,169.551589122571,5,0,1.48464522796803,"COL6A3"
137.314980548699,5,0,82.6722398948084,5,2.22044604925031e-16,1.60890043677673,"RCN3"
101.384604166862,5,0,77.6990864951316,5,2.55351295663786e-15,3.55284419182889,"POSTN"
NA,NA,NA,156.657397736628,5,0,2.02090357134179,"ADAM12"
241.403898605593,5,0,170.984679296136,5,0,1.31318340758469,"COL6A2"
178.12730327693,5,0,171.863453563958,5,0,1.21845400345286,"MDK"
65.4911074750944,5,8.86402062860725e-13,59.6679560373284,5,1.4234613487929e-11,2.7015524297707,"CREB3L1"
110.685152450293,5,0,55.218459568006,5,1.17701959290173e-10,1.52608063367556,"CERCAM"
73.8258042324178,5,1.63202784619898e-14,101.416819919341,5,0,4.2920072345036,"GXYLT2"
217.343614300136,5,0,147.124161420368,5,0,1.34428821649181,"SERPINH1"
125.721316705448,5,0,129.62621062549,5,0,4.08799242442003,"THY1"
120.119363066405,5,0,81.8584342252866,5,3.33066907387547e-16,2.08138387767367,"FN1"
144.182836981798,5,0,125.382062008813,5,0,3.77625087270363,"SFRP2"
88.6002226226364,5,0,NA,NA,NA,1.23318439658513,"COL5A2"
287.949336571233,5,0,309.624980462426,5,0,1.97978306975006,"COL3A1"
134.280017067274,5,0,184.2609246236,5,0,1.60229770844346,"COL5A1"
269.603243775011,5,0,329.210045184846,5,0,1.88163874972113,"COL1A2"
345.940490222369,5,0,287.128129171561,5,0,2.21968622228409,"SPARC"
573.19234879535,5,0,586.24942715945,5,0,3.36910432412002,"COL1A1"
