"cell","method","UMAP_1","UMAP_2","sample","condition","program","cluster"
"K183156_CELL11_N5","PCA_no_Harmony",-0.178110259700423,-1.20022328234165,"K183156","Keloid","ECM-producing fibroblasts","3"
"K183156_CELL43_N2","PCA_no_Harmony",0.903146606754655,-1.18624146318881,"K183156","Keloid","ECM-producing fibroblasts","3"
"K183156_CELL63_N3","PCA_no_Harmony",0.287580829929704,3.52480094098599,"K183156","Keloid","ECM-producing fibroblasts","1"
"K183156_CELL134_N2","PCA_no_Harmony",4.07189117081105,1.54451625012906,"K183156","Keloid","Matrix-remodeling fibroblasts","0"
"K183156_CELL147_N3","PCA_no_Harmony",-1.0369812428242,3.01008574628384,"K183156","Keloid","ECM-producing fibroblasts","1"
"K183156_CELL197_N3","PCA_no_Harmony",-0.0886117398029622,3.44015566968472,"K183156","Keloid","ECM-producing fibroblasts","1"
"K183156_CELL217_N3","PCA_no_Harmony",-6.5804804741627,2.0452858653024,"K183156","Keloid","Homeostatic/regulatory fibroblasts","2"
"K183156_CELL243_N4","PCA_no_Harmony",-1.48488964431346,2.59888426923306,"K183156","Keloid","ECM-producing fibroblasts","1"
"K183156_CELL256_N5","PCA_no_Harmony",1.17048106796681,1.10891501569302,"K183156","Keloid","ECM-producing fibroblasts","1"
"K183156_CELL258_N5","PCA_no_Harmony",4.6693004191631,-1.08525498247592,"K183156","Keloid","Matrix-remodeling fibroblasts","0"
"K183156_CELL273_N2","PCA_no_Harmony",0.185210090946549,-0.964747265343354,"K183156","Keloid","ECM-producing fibroblasts","3"
"K183156_CELL281_N1","PCA_no_Harmony",1.17366395599782,1.22987048291714,"K183156","Keloid","ECM-producing fibroblasts","1"
"K183156_CELL353_N3","PCA_no_Harmony",-0.325040000606185,3.39490859174283,"K183156","Keloid","ECM-producing fibroblasts","1"
"K183156_CELL373_N3","PCA_no_Harmony",3.81905017502248,0.151376887793853,"K183156","Keloid","Matrix-remodeling fibroblasts","0"
"K183156_CELL433_N4","PCA_no_Harmony",-3.06509007804454,1.81953303479703,"K183156","Keloid","ECM-producing fibroblasts","2"
"K183156_CELL466_N2","PCA_no_Harmony",3.09064422256886,-2.73677523470371,"K183156","Keloid","Homeostatic/regulatory fibroblasts","0"
"K183156_CELL470_N2","PCA_no_Harmony",-3.30074705474437,1.6158367838815,"K183156","Keloid","ECM-producing fibroblasts","2"
"K183156_CELL473_N1","PCA_no_Harmony",2.55926404602467,1.6857134547189,"K183156","Keloid","Matrix-remodeling fibroblasts","1"
"K183156_CELL484_N2","PCA_no_Harmony",0.890453201603288,3.30500952863248,"K183156","Keloid","ECM-producing fibroblasts","1"
"K183156_CELL499_N3","PCA_no_Harmony",3.18683658249318,-0.191028431420015,"K183156","Keloid","Matrix-remodeling fibroblasts","0"
"K183156_CELL545_N2","PCA_no_Harmony",-2.86771573417247,1.83422248029263,"K183156","Keloid","ECM-producing fibroblasts","2"
"K183156_CELL561_N7","PCA_no_Harmony",4.5601113856548,-0.453683689598726,"K183156","Keloid","Matrix-remodeling fibroblasts","0"
"K183156_CELL638_N2","PCA_no_Harmony",4.38109717972218,-1.86693938112705,"K183156","Keloid","Homeostatic/regulatory fibroblasts","0"
"K183156_CELL644_N4","PCA_no_Harmony",0.356826168369645,2.89689891004117,"K183156","Keloid","ECM-producing fibroblasts","1"
"K183156_CELL654_N3","PCA_no_Harmony",-0.233253616023665,2.90628688001187,"K183156","Keloid","ECM-producing fibroblasts","1"
"K183156_CELL673_N2","PCA_no_Harmony",-1.13347925536693,2.05435244702847,"K183156","Keloid","ECM-producing fibroblasts","1"
"K183156_CELL691_N4","PCA_no_Harmony",0.870151382755632,1.25569598340542,"K183156","Keloid","ECM-producing fibroblasts","1"
"K183156_CELL708_N3","PCA_no_Harmony",-4.38531686656535,-0.473289803032563,"K183156","Keloid","ECM-producing fibroblasts","2"
"K183156_CELL755_N3","PCA_no_Harmony",-0.728681701350814,3.36847941541226,"K183156","Keloid","ECM-producing fibroblasts","1"
"K183156_CELL762_N2","PCA_no_Harmony",3.63384376175343,-1.90322573519199,"K183156","Keloid","Homeostatic/regulatory fibroblasts","0"
"K183156_CELL765_N2","PCA_no_Harmony",0.0960701525920573,-1.66940291262119,"K183156","Keloid","ECM-producing fibroblasts","3"
"K183156_CELL793_N2","PCA_no_Harmony",-2.00903214805186,2.60534159802945,"K183156","Keloid","ECM-producing fibroblasts","1"
"K183156_CELL820_N3","PCA_no_Harmony",4.29996142990529,-0.235054806236909,"K183156","Keloid","Matrix-remodeling fibroblasts","0"
"K183156_CELL890_N3","PCA_no_Harmony",3.03627811081349,-0.607528046135591,"K183156","Keloid","Matrix-remodeling fibroblasts","0"
"K183156_CELL928_N4","PCA_no_Harmony",-0.162611621547347,3.49006621503384,"K183156","Keloid","ECM-producing fibroblasts","1"
"K183156_CELL962_N3","PCA_no_Harmony",3.45484862930715,1.91675250196011,"K183156","Keloid","Matrix-remodeling fibroblasts","1"
"K183156_CELL1019_N5","PCA_no_Harmony",-2.65385474555553,2.09826151990445,"K183156","Keloid","ECM-producing fibroblasts","1"
"K183156_CELL1056_N3","PCA_no_Harmony",2.33790670044362,1.93774096631558,"K183156","Keloid","ECM-producing fibroblasts","1"
"K183156_CELL1080_N2","PCA_no_Harmony",4.07186256058156,-1.80822832918613,"K183156","Keloid","Homeostatic/regulatory fibroblasts","0"
"K183156_CELL1105_N3","PCA_no_Harmony",-3.76214458339274,1.57084147595914,"K183156","Keloid","ECM-producing fibroblasts","2"
"K183156_CELL1129_N3","PCA_no_Harmony",3.64813647873341,-0.213013962273286,"K183156","Keloid","Matrix-remodeling fibroblasts","0"
"K183156_CELL1265_N5","PCA_no_Harmony",2.40250573761403,-0.883268192772554,"K183156","Keloid","ECM-producing fibroblasts","1"
"K183156_CELL1278_N2","PCA_no_Harmony",2.91234431869924,1.41035525464566,"K183156","Keloid","Matrix-remodeling fibroblasts","1"
"K183156_CELL1314_N3","PCA_no_Harmony",4.01876006729543,0.607306167121245,"K183156","Keloid","Matrix-remodeling fibroblasts","0"
"K183156_CELL1374_N4","PCA_no_Harmony",-0.0603763043171224,-1.36454995012729,"K183156","Keloid","ECM-producing fibroblasts","3"
"K183156_CELL1393_N6","PCA_no_Harmony",-2.36971058242381,2.20497767591031,"K183156","Keloid","ECM-producing fibroblasts","1"
"K183156_CELL1402_N2","PCA_no_Harmony",1.15269647247731,3.39218966626675,"K183156","Keloid","ECM-producing fibroblasts","1"
"K183156_CELL1420_N2","PCA_no_Harmony",2.79629645950734,-1.57265360689609,"K183156","Keloid","Homeostatic/regulatory fibroblasts","0"
"K183156_CELL1441_N5","PCA_no_Harmony",0.216960769962663,0.572696372504546,"K183156","Keloid","ECM-producing fibroblasts","1"
"K183156_CELL1444_N2","PCA_no_Harmony",2.07676396973073,0.855828925605132,"K183156","Keloid","ECM-producing fibroblasts","1"
"K183156_CELL1454_N2","PCA_no_Harmony",-6.50624801509441,2.31542079114468,"K183156","Keloid","Homeostatic/regulatory fibroblasts","2"
"K183156_CELL1489_N5","PCA_no_Harmony",1.38133607513844,1.3198572840646,"K183156","Keloid","ECM-producing fibroblasts","1"
"K183156_CELL1614_N2","PCA_no_Harmony",3.7008813441509,-0.104571655754731,"K183156","Keloid","Matrix-remodeling fibroblasts","0"
"K183156_CELL1662_N2","PCA_no_Harmony",-0.113303321529036,3.08544795178921,"K183156","Keloid","ECM-producing fibroblasts","1"
"K183156_CELL1675_N4","PCA_no_Harmony",1.21097264892995,2.24765174054654,"K183156","Keloid","ECM-producing fibroblasts","1"
"K183156_CELL1694_N3","PCA_no_Harmony",2.40967116959035,-2.26854069567172,"K183156","Keloid","Homeostatic/regulatory fibroblasts","0"
"K183156_CELL1727_N2","PCA_no_Harmony",3.57314429886281,1.06082884931119,"K183156","Keloid","Matrix-remodeling fibroblasts","0"
"K183156_CELL1729_N3","PCA_no_Harmony",0.261522156071061,-1.24408896303623,"K183156","Keloid","ECM-producing fibroblasts","3"
"K183156_CELL1811_N3","PCA_no_Harmony",-1.85786833159984,2.74385897779019,"K183156","Keloid","ECM-producing fibroblasts","1"
"K183156_CELL1827_N2","PCA_no_Harmony",0.76398501999318,2.88223712110074,"K183156","Keloid","ECM-producing fibroblasts","1"
"K183156_CELL1828_N6","PCA_no_Harmony",-0.450021403957015,3.44803969525845,"K183156","Keloid","ECM-producing fibroblasts","1"
"K183156_CELL1884_N3","PCA_no_Harmony",0.835201126407975,1.59789912366421,"K183156","Keloid","ECM-producing fibroblasts","1"
"K183156_CELL1943_N4","PCA_no_Harmony",1.91885314590871,1.82873980664761,"K183156","Keloid","ECM-producing fibroblasts","1"
"K183156_CELL1957_N2","PCA_no_Harmony",3.93783603317677,0.131617232795073,"K183156","Keloid","Matrix-remodeling fibroblasts","0"
"K183156_CELL1963_N3","PCA_no_Harmony",-0.01601232879222,-1.57095988131015,"K183156","Keloid","ECM-producing fibroblasts","3"
"K183156_CELL1973_N3","PCA_no_Harmony",4.41790614731252,-1.64195664263217,"K183156","Keloid","Homeostatic/regulatory fibroblasts","0"
"K183156_CELL1979_N4","PCA_no_Harmony",2.75728259689748,1.97592417859585,"K183156","Keloid","Matrix-remodeling fibroblasts","1"
"K183156_CELL2019_N4","PCA_no_Harmony",-0.175238746333724,-0.314870670799897,"K183156","Keloid","ECM-producing fibroblasts","1"
"K183156_CELL2048_N3","PCA_no_Harmony",-2.43299068801463,2.27986495160611,"K183156","Keloid","ECM-producing fibroblasts","1"
"K183156_CELL2078_N2","PCA_no_Harmony",0.880976539921159,0.826410933966948,"K183156","Keloid","ECM-producing fibroblasts","1"
"K183156_CELL2081_N2","PCA_no_Harmony",1.63179908401906,-1.96596463060825,"K183156","Keloid","ECM-producing fibroblasts","3"
"K183156_CELL2091_N3","PCA_no_Harmony",0.88678250915944,2.10275427960904,"K183156","Keloid","ECM-producing fibroblasts","1"
"K183156_CELL2113_N3","PCA_no_Harmony",4.13674388534963,0.22060744428189,"K183156","Keloid","Matrix-remodeling fibroblasts","0"
"K183156_CELL2138_N3","PCA_no_Harmony",0.572601181339616,0.968947097297026,"K183156","Keloid","ECM-producing fibroblasts","1"
"K183156_CELL2159_N5","PCA_no_Harmony",-0.0541984020954427,3.07733122968228,"K183156","Keloid","ECM-producing fibroblasts","1"
"K183156_CELL2178_N3","PCA_no_Harmony",-5.90543766610683,2.42838542127164,"K183156","Keloid","Matrix-remodeling fibroblasts","2"
"K183156_CELL2231_N4","PCA_no_Harmony",3.35914550430715,-1.91532500124423,"K183156","Keloid","Homeostatic/regulatory fibroblasts","0"
"K183156_CELL2242_N2","PCA_no_Harmony",-1.84170736663402,2.67805831098111,"K183156","Keloid","ECM-producing fibroblasts","1"
"K183156_CELL2337_N3","PCA_no_Harmony",1.99046025879323,1.19366805219205,"K183156","Keloid","ECM-producing fibroblasts","1"
"K183156_CELL2359_N3","PCA_no_Harmony",1.51253114349782,3.35843913220914,"K183156","Keloid","ECM-producing fibroblasts","1"
"K183156_CELL2371_N2","PCA_no_Harmony",0.742508274387712,-0.153906181816743,"K183156","Keloid","ECM-producing fibroblasts","1"
"K183156_CELL2428_N2","PCA_no_Harmony",3.02091632492482,2.17465083264859,"K183156","Keloid","Matrix-remodeling fibroblasts","1"
"K183156_CELL2433_N2","PCA_no_Harmony",4.59077201492726,0.39483611249478,"K183156","Keloid","Matrix-remodeling fibroblasts","0"
"K183156_CELL2447_N3","PCA_no_Harmony",0.691083771061296,-1.7064197812125,"K183156","Keloid","ECM-producing fibroblasts","3"
"K183156_CELL2454_N4","PCA_no_Harmony",5.56308112747609,-3.79590161180942,"K183156","Keloid","Matrix-remodeling fibroblasts","0"
"K183156_CELL2473_N2","PCA_no_Harmony",-0.0434981762653646,-1.41571219301669,"K183156","Keloid","ECM-producing fibroblasts","3"
"K183156_CELL2499_N3","PCA_no_Harmony",0.60526977188527,1.66258303784878,"K183156","Keloid","ECM-producing fibroblasts","1"
"K183156_CELL2529_N3","PCA_no_Harmony",-1.53480162017406,3.07767073773892,"K183156","Keloid","ECM-producing fibroblasts","1"
"K183156_CELL2551_N2","PCA_no_Harmony",-6.32568504207194,2.17906157636197,"K183156","Keloid","Homeostatic/regulatory fibroblasts","2"
"K183156_CELL2555_N3","PCA_no_Harmony",0.120015484165544,1.3701674189523,"K183156","Keloid","ECM-producing fibroblasts","1"
"K183156_CELL2620_N2","PCA_no_Harmony",0.668425899814958,3.55736891889126,"K183156","Keloid","ECM-producing fibroblasts","1"
"K183156_CELL2649_N3","PCA_no_Harmony",-1.88282765739024,2.88876406812222,"K183156","Keloid","ECM-producing fibroblasts","1"
"K183156_CELL2658_N3","PCA_no_Harmony",0.361120563816423,3.43123213910611,"K183156","Keloid","ECM-producing fibroblasts","1"
"K183156_CELL2748_N3","PCA_no_Harmony",-1.85345377318919,2.39783160352261,"K183156","Keloid","ECM-producing fibroblasts","1"
"K183156_CELL2769_N3","PCA_no_Harmony",2.0375865519756,-1.15327961779086,"K183156","Keloid","ECM-producing fibroblasts","0"
"K183156_CELL2775_N2","PCA_no_Harmony",5.1514724314922,-3.94151671267001,"K183156","Keloid","Matrix-remodeling fibroblasts","0"
"K183156_CELL2778_N4","PCA_no_Harmony",3.13450370438039,1.35360781812222,"K183156","Keloid","Matrix-remodeling fibroblasts","0"
"K183156_CELL2827_N2","PCA_no_Harmony",0.536696773838395,2.80068080091031,"K183156","Keloid","ECM-producing fibroblasts","1"
"K183156_CELL2846_N2","PCA_no_Harmony",0.09812341339528,3.9645802226022,"K183156","Keloid","ECM-producing fibroblasts","1"
"K183156_CELL2938_N4","PCA_no_Harmony",2.68073592789113,2.8610293116525,"K183156","Keloid","ECM-producing fibroblasts","1"
"K183156_CELL2945_N4","PCA_no_Harmony",4.30971751816213,0.246097251410796,"K183156","Keloid","Matrix-remodeling fibroblasts","0"
"K183156_CELL2946_N3","PCA_no_Harmony",0.139427524875993,-1.40782149172275,"K183156","Keloid","ECM-producing fibroblasts","3"
"K183156_CELL2958_N2","PCA_no_Harmony",5.36332355148732,-4.45690639353244,"K183156","Keloid","Matrix-remodeling fibroblasts","0"
"K183156_CELL2981_N2","PCA_no_Harmony",0.518829208683366,-0.897651508812593,"K183156","Keloid","ECM-producing fibroblasts","1"
"K183156_CELL2982_N2","PCA_no_Harmony",3.07421813614308,-0.882877186302827,"K183156","Keloid","Matrix-remodeling fibroblasts","0"
"K183156_CELL3016_N5","PCA_no_Harmony",0.747294765781755,1.21758811139615,"K183156","Keloid","ECM-producing fibroblasts","1"
"K183156_CELL3046_N3","PCA_no_Harmony",0.915207248997087,1.63899008893521,"K183156","Keloid","ECM-producing fibroblasts","1"
"K183156_CELL3060_N2","PCA_no_Harmony",3.51848445541799,-0.296840981011079,"K183156","Keloid","Matrix-remodeling fibroblasts","0"
"K183156_CELL3087_N5","PCA_no_Harmony",0.138265472721452,2.65528742932828,"K183156","Keloid","ECM-producing fibroblasts","1"
"K183156_CELL3120_N2","PCA_no_Harmony",4.62486205704152,-0.0817926678702099,"K183156","Keloid","Matrix-remodeling fibroblasts","0"
"K183156_CELL3150_N3","PCA_no_Harmony",4.87234340317189,-1.73552115297763,"K183156","Keloid","Matrix-remodeling fibroblasts","0"
"K183156_CELL3175_N3","PCA_no_Harmony",3.92274604446828,0.199674293036773,"K183156","Keloid","Matrix-remodeling fibroblasts","0"
"K183156_CELL3188_N3","PCA_no_Harmony",2.79603610641896,0.839783355231597,"K183156","Keloid","Matrix-remodeling fibroblasts","1"
"K183156_CELL3213_N3","PCA_no_Harmony",4.25617728836476,-1.97681601381748,"K183156","Keloid","Homeostatic/regulatory fibroblasts","0"
"K183156_CELL3229_N6","PCA_no_Harmony",1.75723157532155,2.13787619733365,"K183156","Keloid","ECM-producing fibroblasts","1"
"K183156_CELL3282_N3","PCA_no_Harmony",2.85219226486623,-1.97316916323154,"K183156","Keloid","Homeostatic/regulatory fibroblasts","0"
"K183156_CELL3331_N2","PCA_no_Harmony",3.31901870377004,0.893603965277983,"K183156","Keloid","ECM-producing fibroblasts","0"
"K183156_CELL3334_N3","PCA_no_Harmony",0.297441345524186,-1.91158993578403,"K183156","Keloid","ECM-producing fibroblasts","3"
"K183156_CELL3366_N2","PCA_no_Harmony",1.87652669556081,-2.39705355501621,"K183156","Keloid","Homeostatic/regulatory fibroblasts","0"
"K183156_CELL3417_N2","PCA_no_Harmony",0.00594840652882489,-0.998563602928804,"K183156","Keloid","ECM-producing fibroblasts","3"
"K183156_CELL3422_N3","PCA_no_Harmony",3.29638419754445,1.66245906018765,"K183156","Keloid","Matrix-remodeling fibroblasts","1"
"K183156_CELL3434_N3","PCA_no_Harmony",-2.11340226523936,2.41862551831753,"K183156","Keloid","ECM-producing fibroblasts","1"
"K183156_CELL3519_N5","PCA_no_Harmony",2.80299602158009,-1.67827446794956,"K183156","Keloid","Homeostatic/regulatory fibroblasts","0"
"K183156_CELL3538_N3","PCA_no_Harmony",3.43526969559132,-1.87668688631503,"K183156","Keloid","Homeostatic/regulatory fibroblasts","0"
"K183156_CELL3547_N3","PCA_no_Harmony",-3.75056447379649,1.72932879590542,"K183156","Keloid","Homeostatic/regulatory fibroblasts","2"
"K183156_CELL3560_N3","PCA_no_Harmony",-1.21900715224803,3.20974795484097,"K183156","Keloid","ECM-producing fibroblasts","1"
"K183156_CELL3568_N2","PCA_no_Harmony",1.46007381088674,-1.76630480623691,"K183156","Keloid","Homeostatic/regulatory fibroblasts","3"
"K183156_CELL3584_N2","PCA_no_Harmony",4.91673598892629,-0.822444275383638,"K183156","Keloid","Matrix-remodeling fibroblasts","0"
"K183156_CELL3589_N9","PCA_no_Harmony",1.24816213257253,2.33909384870084,"K183156","Keloid","ECM-producing fibroblasts","1"
"K183156_CELL3599_N2","PCA_no_Harmony",1.66577230102956,1.59069792890103,"K183156","Keloid","ECM-producing fibroblasts","1"
"K183156_CELL3618_N2","PCA_no_Harmony",0.147930485081071,-1.63949950075595,"K183156","Keloid","ECM-producing fibroblasts","3"
"K183156_CELL3629_N3","PCA_no_Harmony",3.79771934158742,0.997272178168608,"K183156","Keloid","Matrix-remodeling fibroblasts","0"
"K183156_CELL3682_N6","PCA_no_Harmony",2.1170133174175,1.7780567851022,"K183156","Keloid","ECM-producing fibroblasts","1"
"K183156_CELL3787_N2","PCA_no_Harmony",0.515756470035905,-1.83747275209873,"K183156","Keloid","ECM-producing fibroblasts","3"
"K183156_CELL3796_N4","PCA_no_Harmony",3.48286758072316,-1.5243957791373,"K183156","Keloid","Homeostatic/regulatory fibroblasts","0"
"K183156_CELL3811_N2","PCA_no_Harmony",3.69416080124318,0.56018321179898,"K183156","Keloid","Matrix-remodeling fibroblasts","0"
"K183156_CELL3836_N2","PCA_no_Harmony",5.06016860611379,-0.752220467095063,"K183156","Keloid","Matrix-remodeling fibroblasts","0"
"K183156_CELL3983_N2","PCA_no_Harmony",0.560058456730241,-1.56666834688632,"K183156","Keloid","ECM-producing fibroblasts","3"
"K183156_CELL4036_N2","PCA_no_Harmony",-1.2036038815266,1.85398642682584,"K183156","Keloid","ECM-producing fibroblasts","1"
"K183156_CELL4044_N2","PCA_no_Harmony",4.46573100693166,0.146432563300444,"K183156","Keloid","Matrix-remodeling fibroblasts","0"
"K183156_CELL4087_N4","PCA_no_Harmony",-0.101495879817611,3.37610594892056,"K183156","Keloid","ECM-producing fibroblasts","1"
"K183156_CELL4095_N2","PCA_no_Harmony",1.80448279983937,-0.30184300280063,"K183156","Keloid","Homeostatic/regulatory fibroblasts","1"
"K183156_CELL4111_N2","PCA_no_Harmony",2.61790547974049,2.26905028485806,"K183156","Keloid","Matrix-remodeling fibroblasts","1"
"K183156_CELL4181_N4","PCA_no_Harmony",1.71242986328542,2.50373618268521,"K183156","Keloid","ECM-producing fibroblasts","1"
"K183156_CELL4245_N2","PCA_no_Harmony",3.00059066421925,2.5676886286691,"K183156","Keloid","ECM-producing fibroblasts","1"
"K183156_CELL4250_N2","PCA_no_Harmony",0.556907516788835,-1.49337895250766,"K183156","Keloid","ECM-producing fibroblasts","3"
"K183156_CELL4256_N3","PCA_no_Harmony",2.48772607452809,2.19366614484341,"K183156","Keloid","Matrix-remodeling fibroblasts","1"
"K183156_CELL4302_N4","PCA_no_Harmony",0.438215595554704,-1.08939106798618,"K183156","Keloid","ECM-producing fibroblasts","3"
"K183156_CELL4321_N3","PCA_no_Harmony",4.80137954361379,-1.54988367891757,"K183156","Keloid","Matrix-remodeling fibroblasts","0"
"K183156_CELL4352_N2","PCA_no_Harmony",4.41178737289845,0.611040755744292,"K183156","Keloid","Matrix-remodeling fibroblasts","0"
"K183156_CELL4353_N3","PCA_no_Harmony",3.26652370102345,-0.43722422457187,"K183156","Keloid","Matrix-remodeling fibroblasts","0"
"K183156_CELL4414_N2","PCA_no_Harmony",1.37093339569508,-3.09329159594028,"K183156","Keloid","Homeostatic/regulatory fibroblasts","3"
"K183156_CELL4417_N4","PCA_no_Harmony",3.36602435715138,2.11878554486783,"K183156","Keloid","Matrix-remodeling fibroblasts","1"
"K183156_CELL4525_N2","PCA_no_Harmony",0.813060623478288,1.15490786695035,"K183156","Keloid","ECM-producing fibroblasts","1"
"K183156_CELL4527_N2","PCA_no_Harmony",2.31417642242848,1.66951911115201,"K183156","Keloid","Matrix-remodeling fibroblasts","1"
"K183156_CELL4530_N2","PCA_no_Harmony",0.385560852360124,-0.610398128990815,"K183156","Keloid","ECM-producing fibroblasts","1"
"K183156_CELL4548_N2","PCA_no_Harmony",0.696140152286882,1.59040419721158,"K183156","Keloid","ECM-producing fibroblasts","1"
"K183156_CELL4592_N3","PCA_no_Harmony",0.568120819401139,-1.58839686251132,"K183156","Keloid","ECM-producing fibroblasts","3"
"K183156_CELL4602_N2","PCA_no_Harmony",1.10889421112477,1.69386355542691,"K183156","Keloid","ECM-producing fibroblasts","1"
"K183156_CELL4661_N3","PCA_no_Harmony",1.52971349365651,0.543152972693755,"K183156","Keloid","ECM-producing fibroblasts","1"
"K183156_CELL4664_N3","PCA_no_Harmony",3.5688308299297,1.15900008344205,"K183156","Keloid","Matrix-remodeling fibroblasts","0"
"K183156_CELL4670_N2","PCA_no_Harmony",2.27828202850758,2.35217539929898,"K183156","Keloid","Matrix-remodeling fibroblasts","1"
"K183156_CELL4716_N2","PCA_no_Harmony",0.393401008915299,3.6453253474191,"K183156","Keloid","ECM-producing fibroblasts","1"
"K183156_CELL4735_N2","PCA_no_Harmony",4.69422374374806,-1.0336731228873,"K183156","Keloid","Homeostatic/regulatory fibroblasts","0"
"K183156_CELL4737_N2","PCA_no_Harmony",2.04607473022878,3.05078379773648,"K183156","Keloid","ECM-producing fibroblasts","1"
"K183156_CELL4769_N2","PCA_no_Harmony",1.86917958862721,3.39477793836148,"K183156","Keloid","ECM-producing fibroblasts","1"
"K183156_CELL4774_N4","PCA_no_Harmony",1.76210961944997,3.37110583447964,"K183156","Keloid","ECM-producing fibroblasts","1"
"K183156_CELL4785_N3","PCA_no_Harmony",0.0173600733989421,1.36153189801724,"K183156","Keloid","ECM-producing fibroblasts","1"
"K183156_CELL4832_N2","PCA_no_Harmony",4.3933805049175,0.911824866767241,"K183156","Keloid","Matrix-remodeling fibroblasts","0"
"K183156_CELL4864_N4","PCA_no_Harmony",-5.75484122626842,0.340357467170073,"K183156","Keloid","ECM-producing fibroblasts","2"
"K183156_CELL4890_N2","PCA_no_Harmony",-6.19995297782481,2.08612410687955,"K183156","Keloid","Homeostatic/regulatory fibroblasts","2"
"K183156_CELL4903_N1","PCA_no_Harmony",0.548445564579362,3.10912959241421,"K183156","Keloid","ECM-producing fibroblasts","1"
"K183156_CELL4906_N2","PCA_no_Harmony",1.16620860702931,2.86981169843228,"K183156","Keloid","ECM-producing fibroblasts","1"
"K183156_CELL4926_N5","PCA_no_Harmony",0.814725261997575,2.17388884686978,"K183156","Keloid","ECM-producing fibroblasts","1"
"K183156_CELL4970_N3","PCA_no_Harmony",-2.72738255851329,2.08728854321988,"K183156","Keloid","ECM-producing fibroblasts","1"
"K183156_CELL5033_N2","PCA_no_Harmony",3.95396361954152,-1.75319130754916,"K183156","Keloid","Homeostatic/regulatory fibroblasts","0"
"K183156_CELL5062_N2","PCA_no_Harmony",-0.0600835263019857,-0.349165276055024,"K183156","Keloid","ECM-producing fibroblasts","1"
"K183156_CELL5063_N3","PCA_no_Harmony",3.81473289139211,0.676808997626616,"K183156","Keloid","Matrix-remodeling fibroblasts","0"
"K183156_CELL5156_N2","PCA_no_Harmony",1.65138993866383,1.92217986249478,"K183156","Keloid","ECM-producing fibroblasts","1"
"K183156_CELL5164_N2","PCA_no_Harmony",4.17108951218068,-0.579863861565278,"K183156","Keloid","Matrix-remodeling fibroblasts","0"
"K183156_CELL5178_N2","PCA_no_Harmony",-0.756775516200667,2.14622943067105,"K183156","Keloid","ECM-producing fibroblasts","1"
"K183156_CELL5230_N3","PCA_no_Harmony",0.270986419987077,3.54793421887906,"K183156","Keloid","ECM-producing fibroblasts","1"
"K183156_CELL5234_N3","PCA_no_Harmony",4.90944133408009,-3.48913009500949,"K183156","Keloid","Homeostatic/regulatory fibroblasts","0"
"K183156_CELL5237_N4","PCA_no_Harmony",0.397984367679948,3.04928176068814,"K183156","Keloid","ECM-producing fibroblasts","1"
"K183156_CELL5261_N4","PCA_no_Harmony",0.701679569553727,1.01949755811246,"K183156","Keloid","ECM-producing fibroblasts","1"
"K183156_CELL5282_N4","PCA_no_Harmony",0.729042393040055,3.15535418653042,"K183156","Keloid","ECM-producing fibroblasts","1"
"K183156_CELL5296_N5","PCA_no_Harmony",-2.07670177810252,2.7439409937814,"K183156","Keloid","ECM-producing fibroblasts","1"
"K183156_CELL5331_N2","PCA_no_Harmony",0.920395237278337,1.10183589124234,"K183156","Keloid","ECM-producing fibroblasts","1"
"K183156_CELL5391_N3","PCA_no_Harmony",-0.308985370326644,3.55131022595914,"K183156","Keloid","ECM-producing fibroblasts","1"
"K183156_CELL5395_N2","PCA_no_Harmony",-6.44751467101634,2.23685996198209,"K183156","Keloid","Homeostatic/regulatory fibroblasts","2"
"K183156_CELL5401_N4","PCA_no_Harmony",2.31549869186818,2.85537402295621,"K183156","Keloid","ECM-producing fibroblasts","1"
"K183156_CELL5416_N2","PCA_no_Harmony",4.16567931778371,0.10429017209561,"K183156","Keloid","Matrix-remodeling fibroblasts","0"
"K183156_CELL5429_N3","PCA_no_Harmony",1.59948526031911,3.40744464063199,"K183156","Keloid","ECM-producing fibroblasts","1"
"K183156_CELL5448_N5","PCA_no_Harmony",4.48000751144826,0.527435466285064,"K183156","Keloid","Matrix-remodeling fibroblasts","0"
"K183156_CELL5527_N1","PCA_no_Harmony",1.30057273514211,2.85106532239468,"K183156","Keloid","ECM-producing fibroblasts","1"
"K183156_CELL5538_N3","PCA_no_Harmony",1.59841714508473,2.40672080182584,"K183156","Keloid","ECM-producing fibroblasts","1"
"K183156_CELL5560_N2","PCA_no_Harmony",2.18060479767262,1.27270762586148,"K183156","Keloid","Matrix-remodeling fibroblasts","1"
"K183156_CELL5595_N2","PCA_no_Harmony",2.3273438037151,-1.01116021013706,"K183156","Keloid","Matrix-remodeling fibroblasts","0"
"K183156_CELL5657_N3","PCA_no_Harmony",3.25062785751759,-1.22500498629062,"K183156","Keloid","Matrix-remodeling fibroblasts","0"
"K183156_CELL5696_N2","PCA_no_Harmony",1.13143859512746,2.77966372632535,"K183156","Keloid","ECM-producing fibroblasts","1"
"K183156_CELL5725_N2","PCA_no_Harmony",-0.628092902827865,3.06396739148648,"K183156","Keloid","ECM-producing fibroblasts","1"
"K183156_CELL5765_N2","PCA_no_Harmony",0.721017223667497,3.533363982673,"K183156","Keloid","ECM-producing fibroblasts","1"
"K183156_CELL5796_N2","PCA_no_Harmony",-0.260339397121077,1.32988040113003,"K183156","Keloid","ECM-producing fibroblasts","1"
"K183156_CELL5802_N2","PCA_no_Harmony",0.0240167201274577,3.62892119550259,"K183156","Keloid","ECM-producing fibroblasts","1"
"K183156_CELL5859_N3","PCA_no_Harmony",1.8778832972759,-0.00770266390292473,"K183156","Keloid","Homeostatic/regulatory fibroblasts","1"
"K183156_CELL5863_N2","PCA_no_Harmony",0.534676891636247,-1.01777489519565,"K183156","Keloid","ECM-producing fibroblasts","3"
"K183156_CELL5864_N4","PCA_no_Harmony",3.37278113968312,1.57040660047085,"K183156","Keloid","Matrix-remodeling fibroblasts","0"
"K183156_CELL5889_N3","PCA_no_Harmony",1.26626668579518,0.859684630866362,"K183156","Keloid","ECM-producing fibroblasts","1"
"K183156_CELL5901_N2","PCA_no_Harmony",3.37707648880422,-0.797580555443452,"K183156","Keloid","Matrix-remodeling fibroblasts","0"
"K183156_CELL5919_N2","PCA_no_Harmony",5.39859996445119,-3.16977150774448,"K183156","Keloid","Homeostatic/regulatory fibroblasts","0"
"K183156_CELL5921_N3","PCA_no_Harmony",3.11658225662648,2.06670729779751,"K183156","Keloid","Matrix-remodeling fibroblasts","1"
"K183156_CELL5930_N3","PCA_no_Harmony",4.1369632304424,-2.71075899935214,"K183156","Keloid","Homeostatic/regulatory fibroblasts","3"
"K183156_CELL6004_N1","PCA_no_Harmony",2.06203160889089,2.43062655591519,"K183156","Keloid","ECM-producing fibroblasts","1"
"K183156_CELL6040_N2","PCA_no_Harmony",3.55303893692433,1.2950360026315,"K183156","Keloid","Matrix-remodeling fibroblasts","0"
"K183156_CELL6049_N2","PCA_no_Harmony",1.53090749390065,2.44831339978726,"K183156","Keloid","ECM-producing fibroblasts","1"
"K183156_CELL6069_N4","PCA_no_Harmony",-1.57560195319713,3.03819625043423,"K183156","Keloid","ECM-producing fibroblasts","1"
"K183156_CELL6103_N3","PCA_no_Harmony",1.75876603729665,2.35684744977505,"K183156","Keloid","ECM-producing fibroblasts","1"
"K183156_CELL6123_N3","PCA_no_Harmony",-6.08854301564754,2.17208640241177,"K183156","Keloid","Homeostatic/regulatory fibroblasts","2"
"K183156_CELL6165_N3","PCA_no_Harmony",-6.09606291644633,2.05535761975796,"K183156","Keloid","Homeostatic/regulatory fibroblasts","2"
"K183156_CELL6200_N3","PCA_no_Harmony",3.72031150467336,1.50413005017789,"K183156","Keloid","Matrix-remodeling fibroblasts","0"
"K183156_CELL6202_N6","PCA_no_Harmony",3.6725610316509,0.636710807318999,"K183156","Keloid","Matrix-remodeling fibroblasts","0"
"K183156_CELL6203_N4","PCA_no_Harmony",3.538127285313,-1.40389950609653,"K183156","Keloid","Homeostatic/regulatory fibroblasts","0"
"K183156_CELL6238_N2","PCA_no_Harmony",4.58396278030812,-4.64957983828037,"K183156","Keloid","Matrix-remodeling fibroblasts","0"
"K183156_CELL6255_N3","PCA_no_Harmony",4.65401778824269,-0.182073906426118,"K183156","Keloid","Matrix-remodeling fibroblasts","0"
"K183156_CELL6300_N4","PCA_no_Harmony",0.992143493961686,2.29545943402798,"K183156","Keloid","ECM-producing fibroblasts","1"
"K183156_CELL6303_N2","PCA_no_Harmony",-6.04404171102107,2.20030467175992,"K183156","Keloid","Homeostatic/regulatory fibroblasts","2"
"K183156_CELL6336_N2","PCA_no_Harmony",2.60207210190236,1.64828173779996,"K183156","Keloid","ECM-producing fibroblasts","1"
"K183156_CELL6421_N1","PCA_no_Harmony",0.174728733372087,2.09749285840542,"K183156","Keloid","ECM-producing fibroblasts","1"
"K183156_CELL6484_N5","PCA_no_Harmony",-2.02625598304332,2.01156966352017,"K183156","Keloid","ECM-producing fibroblasts","1"
"K183156_CELL6512_N3","PCA_no_Harmony",-0.107455390620833,-1.24565489626376,"K183156","Keloid","ECM-producing fibroblasts","3"
"K183156_CELL6587_N3","PCA_no_Harmony",0.976635795902604,-1.65216667986362,"K183156","Keloid","ECM-producing fibroblasts","3"
"K183156_CELL6598_N2","PCA_no_Harmony",2.56595788605153,-1.54594166613071,"K183156","Keloid","Homeostatic/regulatory fibroblasts","0"
"K183156_CELL6632_N3","PCA_no_Harmony",0.429779392551774,1.81713454389126,"K183156","Keloid","ECM-producing fibroblasts","1"
"K183156_CELL6661_N3","PCA_no_Harmony",2.39719567902028,1.43695418500455,"K183156","Keloid","ECM-producing fibroblasts","1"
"K183156_CELL6708_N2","PCA_no_Harmony",1.25585590012013,-3.1307566914603,"K183156","Keloid","Homeostatic/regulatory fibroblasts","3"
"K183156_CELL6743_N3","PCA_no_Harmony",2.46367250091969,-3.56961257791965,"K183156","Keloid","Homeostatic/regulatory fibroblasts","0"
"K183156_CELL6793_N2","PCA_no_Harmony",0.128158909153337,-1.62060530519931,"K183156","Keloid","ECM-producing fibroblasts","3"
"K183156_CELL6846_N3","PCA_no_Harmony",3.10815559036672,1.85456435346158,"K183156","Keloid","Matrix-remodeling fibroblasts","1"
"K183156_CELL6847_N2","PCA_no_Harmony",0.59679399139821,3.06773345136197,"K183156","Keloid","ECM-producing fibroblasts","1"
"K183156_CELL6863_N2","PCA_no_Harmony",1.2696741641277,2.14989058637173,"K183156","Keloid","ECM-producing fibroblasts","1"
"K183156_CELL6864_N2","PCA_no_Harmony",-0.00353731505930988,-1.60419543123691,"K183156","Keloid","ECM-producing fibroblasts","3"
"K183156_CELL6877_N2","PCA_no_Harmony",3.67088542587697,-2.19617207384555,"K183156","Keloid","Homeostatic/regulatory fibroblasts","0"
"K183156_CELL6880_N3","PCA_no_Harmony",-1.44281734817088,3.00319449567349,"K183156","Keloid","ECM-producing fibroblasts","1"
"K183156_CELL6895_N3","PCA_no_Harmony",3.55957160599172,1.69132010602505,"K183156","Keloid","ECM-producing fibroblasts","1"
"K183156_CELL6901_N2","PCA_no_Harmony",-1.76310719840587,2.83539931439908,"K183156","Keloid","ECM-producing fibroblasts","1"
"K183156_CELL6934_N3","PCA_no_Harmony",1.88051591522633,3.07001940869839,"K183156","Keloid","ECM-producing fibroblasts","1"
"K183156_CELL6963_N2","PCA_no_Harmony",5.11336455948293,-1.22321827745883,"K183156","Keloid","Matrix-remodeling fibroblasts","0"
"K183156_CELL7069_N2","PCA_no_Harmony",-3.78290678851665,1.70105902814419,"K183156","Keloid","Homeostatic/regulatory fibroblasts","2"
"K183156_CELL7158_N2","PCA_no_Harmony",1.08906684524953,1.54832236432584,"K183156","Keloid","ECM-producing fibroblasts","1"
"K183156_CELL7161_N2","PCA_no_Harmony",2.54701266891896,-1.04895766115634,"K183156","Keloid","Matrix-remodeling fibroblasts","0"
"K183156_CELL7162_N1","PCA_no_Harmony",5.53746162064015,-3.61956055498569,"K183156","Keloid","Matrix-remodeling fibroblasts","0"
"K183156_CELL7191_N2","PCA_no_Harmony",4.85775313980519,-0.602444008354829,"K183156","Keloid","Matrix-remodeling fibroblasts","0"
"K183156_CELL7217_N4","PCA_no_Harmony",-3.94120253913463,1.55784480237515,"K183156","Keloid","ECM-producing fibroblasts","2"
"K183156_CELL7304_N2","PCA_no_Harmony",4.29449020035207,0.643179580207183,"K183156","Keloid","Matrix-remodeling fibroblasts","0"
"K183156_CELL7334_N1","PCA_no_Harmony",2.24420676834523,2.91415087842496,"K183156","Keloid","ECM-producing fibroblasts","1"
"K183156_CELL7359_N4","PCA_no_Harmony",4.90174136764943,-1.35025723314731,"K183156","Keloid","Matrix-remodeling fibroblasts","0"
"K183156_CELL7363_N2","PCA_no_Harmony",2.7457598269695,-3.32134516573398,"K183156","Keloid","Homeostatic/regulatory fibroblasts","0"
"K183156_CELL7392_N2","PCA_no_Harmony",3.78465304977834,-1.77039988375156,"K183156","Keloid","Homeostatic/regulatory fibroblasts","0"
"K183156_CELL7395_N4","PCA_no_Harmony",0.598965984653825,1.59767119550259,"K183156","Keloid","ECM-producing fibroblasts","1"
"K183156_CELL7397_N3","PCA_no_Harmony",4.8046935618633,-0.105064228539155,"K183156","Keloid","Matrix-remodeling fibroblasts","0"
"K183156_CELL7420_N2","PCA_no_Harmony",2.42165599472463,-1.71013291216342,"K183156","Keloid","Homeostatic/regulatory fibroblasts","0"
"K183156_CELL7439_N2","PCA_no_Harmony",3.84482894546925,0.984286948676421,"K183156","Keloid","Matrix-remodeling fibroblasts","0"
"K183156_CELL7455_N5","PCA_no_Harmony",2.26672635681569,0.864129706855132,"K183156","Keloid","Matrix-remodeling fibroblasts","1"
"K183156_CELL7463_N3","PCA_no_Harmony",2.46377788193166,2.76516596936734,"K183156","Keloid","ECM-producing fibroblasts","1"
"K183156_CELL7468_N3","PCA_no_Harmony",4.14088950760304,-1.96693117952792,"K183156","Keloid","Homeostatic/regulatory fibroblasts","0"
"K183156_CELL7483_N2","PCA_no_Harmony",1.65824399597585,1.82546488904507,"K183156","Keloid","ECM-producing fibroblasts","1"
"K183156_CELL7486_N2","PCA_no_Harmony",5.40455566055715,-4.01496370172946,"K183156","Keloid","Matrix-remodeling fibroblasts","0"
"K183156_CELL7503_N3","PCA_no_Harmony",1.86275611526906,-2.12703497744052,"K183156","Keloid","Homeostatic/regulatory fibroblasts","0"
"K183156_CELL7515_N2","PCA_no_Harmony",1.33736405975758,2.58778826856167,"K183156","Keloid","ECM-producing fibroblasts","1"
"K183156_CELL7536_N2","PCA_no_Harmony",0.374362331699723,2.1817433085397,"K183156","Keloid","ECM-producing fibroblasts","1"
"K183156_CELL7554_N2","PCA_no_Harmony",1.39549003250539,2.92930285596402,"K183156","Keloid","ECM-producing fibroblasts","1"
"K183156_CELL7586_N3","PCA_no_Harmony",2.93226657516896,1.37857596540005,"K183156","Keloid","Matrix-remodeling fibroblasts","1"
"K183156_CELL7640_N2","PCA_no_Harmony",-0.431361335445052,1.34408824109585,"K183156","Keloid","ECM-producing fibroblasts","1"
"K183156_CELL7666_N2","PCA_no_Harmony",0.814051491093034,-1.40333588457553,"K183156","Keloid","ECM-producing fibroblasts","1"
"K183156_CELL7691_N4","PCA_no_Harmony",2.76323924667775,-2.75770075655429,"K183156","Keloid","Homeostatic/regulatory fibroblasts","0"
"K183156_CELL7755_N2","PCA_no_Harmony",2.50761733658254,1.25370852613003,"K183156","Keloid","Matrix-remodeling fibroblasts","1"
"K183156_CELL7814_N3","PCA_no_Harmony",-2.45897521369517,2.3091265406564,"K183156","Keloid","ECM-producing fibroblasts","1"
"K183156_CELL7819_N2","PCA_no_Harmony",-0.0545302807575521,-0.89556916094272,"K183156","Keloid","ECM-producing fibroblasts","3"
"K183156_CELL7822_N2","PCA_no_Harmony",4.90992103226125,-4.61613400316684,"K183156","Keloid","Matrix-remodeling fibroblasts","0"
"K183156_CELL7832_N1","PCA_no_Harmony",4.06560931808888,-0.761901691918061,"K183156","Keloid","Matrix-remodeling fibroblasts","0"
"K183156_CELL7842_N2","PCA_no_Harmony",3.03088603622853,-0.787258461479829,"K183156","Keloid","Matrix-remodeling fibroblasts","0"
"K183156_CELL7844_N3","PCA_no_Harmony",0.789562088322038,0.666781112189605,"K183156","Keloid","Homeostatic/regulatory fibroblasts","1"
"K183156_CELL7856_N2","PCA_no_Harmony",-3.49145223491252,1.27834765576871,"K183156","Keloid","ECM-producing fibroblasts","2"
"K183156_CELL7863_N2","PCA_no_Harmony",0.906715256046647,1.63074938916714,"K183156","Keloid","ECM-producing fibroblasts","1"
"K183156_CELL7890_N3","PCA_no_Harmony",5.01425395615041,-0.682853058342622,"K183156","Keloid","Matrix-remodeling fibroblasts","0"
"K183156_CELL7899_N3","PCA_no_Harmony",0.374482017826432,-1.361176327233,"K183156","Keloid","ECM-producing fibroblasts","3"
"K183156_CELL7912_N2","PCA_no_Harmony",3.28146873123586,2.1125466074899,"K183156","Keloid","ECM-producing fibroblasts","1"
"K183156_CELL7923_N4","PCA_no_Harmony",2.38864551193654,-2.54941113329379,"K183156","Keloid","Homeostatic/regulatory fibroblasts","0"
"K183156_CELL7942_N2","PCA_no_Harmony",-1.6892987667805,3.08118884229214,"K183156","Keloid","ECM-producing fibroblasts","1"
"K183156_CELL8057_N3","PCA_no_Harmony",3.20761619217336,-0.663412884239839,"K183156","Keloid","Matrix-remodeling fibroblasts","0"
"K183156_CELL8067_N2","PCA_no_Harmony",4.25164733536183,0.735331222052886,"K183156","Keloid","Matrix-remodeling fibroblasts","0"
"K183156_CELL8069_N4","PCA_no_Harmony",0.480997902225846,2.60543410443814,"K183156","Keloid","ECM-producing fibroblasts","1"
"K183156_CELL8077_N1","PCA_no_Harmony",4.40256915695607,-1.71024973726718,"K183156","Keloid","Homeostatic/regulatory fibroblasts","0"
"K183156_CELL8086_N3","PCA_no_Harmony",0.621161800693864,-1.30761654711215,"K183156","Keloid","ECM-producing fibroblasts","3"
"K183156_CELL8087_N1","PCA_no_Harmony",3.72750507004201,-0.712589100365327,"K183156","Keloid","Matrix-remodeling fibroblasts","0"
"K183156_CELL8097_N2","PCA_no_Harmony",0.888525348972673,-1.37810929155795,"K183156","Keloid","ECM-producing fibroblasts","3"
"K183156_CELL8111_N5","PCA_no_Harmony",2.57231555588185,-0.520615414147065,"K183156","Keloid","Matrix-remodeling fibroblasts","0"
"K183156_CELL8140_N3","PCA_no_Harmony",2.40051828033864,-1.55747874117343,"K183156","Keloid","Homeostatic/regulatory fibroblasts","3"
"K183156_CELL8146_N3","PCA_no_Harmony",5.06672893173634,-1.41275151110141,"K183156","Keloid","Matrix-remodeling fibroblasts","0"
"K183156_CELL8150_N3","PCA_no_Harmony",1.3420356333965,3.29251544141324,"K183156","Keloid","ECM-producing fibroblasts","1"
"K183156_CELL8275_N2","PCA_no_Harmony",2.51541839249074,-2.21375687456577,"K183156","Keloid","Homeostatic/regulatory fibroblasts","0"
"K183156_CELL8347_N4","PCA_no_Harmony",1.63370357162892,-0.0122311863943798,"K183156","Keloid","Homeostatic/regulatory fibroblasts","1"
"K183156_CELL8382_N2","PCA_no_Harmony",-1.6843897282368,2.95147483014615,"K183156","Keloid","ECM-producing fibroblasts","1"
"K183156_CELL8384_N4","PCA_no_Harmony",4.98865256912648,-1.15446980333774,"K183156","Keloid","Matrix-remodeling fibroblasts","0"
"K183156_CELL8387_N3","PCA_no_Harmony",3.6209081233257,-1.43106587267368,"K183156","Keloid","Homeostatic/regulatory fibroblasts","0"
"K183156_CELL8409_N4","PCA_no_Harmony",0.143613678287858,-1.57229264116733,"K183156","Keloid","ECM-producing fibroblasts","3"
"K183156_CELL8433_N2","PCA_no_Harmony",0.876892429661149,-1.34836991167514,"K183156","Keloid","ECM-producing fibroblasts","0"
"K183156_CELL8459_N3","PCA_no_Harmony",3.61816917068898,-1.73840887880771,"K183156","Keloid","Homeostatic/regulatory fibroblasts","0"
"K183156_CELL8460_N3","PCA_no_Harmony",4.85452399856984,-1.54710181093662,"K183156","Keloid","Matrix-remodeling fibroblasts","0"
"K183156_CELL8479_N4","PCA_no_Harmony",0.580578190159196,-1.59986765718906,"K183156","Keloid","ECM-producing fibroblasts","3"
"K183156_CELL8485_N3","PCA_no_Harmony",2.99124274856984,1.68221346997769,"K183156","Keloid","Matrix-remodeling fibroblasts","1"
"K183156_CELL8500_N3","PCA_no_Harmony",1.32101283676564,1.73925177716763,"K183156","Keloid","ECM-producing fibroblasts","1"
"K183156_CELL8545_N2","PCA_no_Harmony",0.857709270786637,-1.85106118059604,"K183156","Keloid","ECM-producing fibroblasts","3"
"K183156_CELL8569_N6","PCA_no_Harmony",0.160780769657487,2.12882964276822,"K183156","Keloid","ECM-producing fibroblasts","1"
"K183156_CELL8573_N2","PCA_no_Harmony",0.385640484165544,-1.32071621752231,"K183156","Keloid","ECM-producing fibroblasts","3"
"K183156_CELL8667_N2","PCA_no_Harmony",0.955136162113542,2.70877139234097,"K183156","Keloid","ECM-producing fibroblasts","1"
"K183156_CELL8703_N2","PCA_no_Harmony",1.37667880661427,-3.04892809725253,"K183156","Keloid","Homeostatic/regulatory fibroblasts","0"
"K183156_CELL8708_N2","PCA_no_Harmony",4.38261161453664,-0.949863270287202,"K183156","Keloid","Matrix-remodeling fibroblasts","0"
"K183156_CELL8712_N2","PCA_no_Harmony",1.21315847046315,-1.5682657513663,"K183156","Keloid","ECM-producing fibroblasts","3"
"K183156_CELL8714_N5","PCA_no_Harmony",3.0690921366924,-1.37879832125156,"K183156","Keloid","Homeostatic/regulatory fibroblasts","0"
"K183156_CELL8726_N2","PCA_no_Harmony",-0.819307464290267,2.78362719678433,"K183156","Keloid","ECM-producing fibroblasts","1"
"K183156_CELL8731_N2","PCA_no_Harmony",3.18848167068898,0.667217895026519,"K183156","Keloid","Matrix-remodeling fibroblasts","0"
"K183156_CELL8769_N3","PCA_no_Harmony",1.52029691345632,-1.14831288195102,"K183156","Keloid","ECM-producing fibroblasts","3"
"K183156_CELL8823_N4","PCA_no_Harmony",-1.34008659713328,2.737221404548,"K183156","Keloid","ECM-producing fibroblasts","1"
"K183156_CELL8887_N2","PCA_no_Harmony",2.96396384842336,1.54456584119351,"K183156","Keloid","Matrix-remodeling fibroblasts","1"
"K183156_CELL8902_N2","PCA_no_Harmony",1.29574714310109,2.46706645154507,"K183156","Keloid","ECM-producing fibroblasts","1"
"K183156_CELL8924_N5","PCA_no_Harmony",3.41040168411672,-1.1796544346854,"K183156","Keloid","Matrix-remodeling fibroblasts","0"
"K183156_CELL8949_N3","PCA_no_Harmony",-3.76332415931285,1.32114283704312,"K183156","Keloid","Homeostatic/regulatory fibroblasts","2"
"K183156_CELL8967_N3","PCA_no_Harmony",3.35732207901418,1.65429560803921,"K183156","Keloid","Matrix-remodeling fibroblasts","1"
"K183156_CELL9021_N3","PCA_no_Harmony",1.52825818664967,-2.02090628481357,"K183156","Keloid","ECM-producing fibroblasts","3"
"K183156_CELL9044_N2","PCA_no_Harmony",-0.0786324917560872,2.71774737500699,"K183156","Keloid","ECM-producing fibroblasts","1"
"K183156_CELL9071_N2","PCA_no_Harmony",4.79406486160695,-0.421296909813569,"K183156","Keloid","Matrix-remodeling fibroblasts","0"
"K183156_CELL9073_N3","PCA_no_Harmony",1.16173682815968,-1.50659735537021,"K183156","Keloid","ECM-producing fibroblasts","3"
"K183156_CELL9090_N3","PCA_no_Harmony",1.09130225784718,3.5055262293771,"K183156","Keloid","ECM-producing fibroblasts","1"
"K183156_CELL9091_N2","PCA_no_Harmony",0.850645881962174,-0.565916851524995,"K183156","Keloid","ECM-producing fibroblasts","1"
"K183156_CELL9118_N2","PCA_no_Harmony",4.19709907181203,0.511592074866607,"K183156","Keloid","Matrix-remodeling fibroblasts","0"
"K183156_CELL9124_N2","PCA_no_Harmony",1.76033578522145,-2.17449410295932,"K183156","Keloid","Homeostatic/regulatory fibroblasts","3"
"K183156_CELL9134_N2","PCA_no_Harmony",-0.139845508266097,-0.628786400322602,"K183156","Keloid","ECM-producing fibroblasts","3"
"K183156_CELL9175_N3","PCA_no_Harmony",2.20178876526296,1.68419997357876,"K183156","Keloid","ECM-producing fibroblasts","1"
"K183156_CELL9198_N5","PCA_no_Harmony",2.61863361008107,2.31376807355435,"K183156","Keloid","ECM-producing fibroblasts","1"
"K183156_CELL9234_N2","PCA_no_Harmony",4.60849509842336,-2.91262514925449,"K183156","Keloid","Homeostatic/regulatory fibroblasts","0"
"K183156_CELL9292_N2","PCA_no_Harmony",4.05045924789845,0.474828883643462,"K183156","Keloid","Matrix-remodeling fibroblasts","0"
"K183156_CELL9303_N3","PCA_no_Harmony",1.91076074249684,3.09995906018765,"K183156","Keloid","ECM-producing fibroblasts","1"
"K183156_CELL9338_N2","PCA_no_Harmony",3.65479217178761,0.723801299567534,"K183156","Keloid","Matrix-remodeling fibroblasts","0"
"K183156_CELL9361_N3","PCA_no_Harmony",1.6744445384258,0.322350665564849,"K183156","Keloid","Homeostatic/regulatory fibroblasts","1"
"K183156_CELL9400_N1","PCA_no_Harmony",0.989600521396989,3.65880458020718,"K183156","Keloid","ECM-producing fibroblasts","1"
"K183156_CELL9528_N2","PCA_no_Harmony",-0.204704421687728,1.46568743848355,"K183156","Keloid","ECM-producing fibroblasts","1"
"K183156_CELL9530_N2","PCA_no_Harmony",-6.23443259589732,2.34539191388638,"K183156","Keloid","Homeostatic/regulatory fibroblasts","2"
"K183156_CELL9631_N3","PCA_no_Harmony",4.49818740494191,0.450603171820952,"K183156","Keloid","Matrix-remodeling fibroblasts","0"
"K183156_CELL9670_N3","PCA_no_Harmony",-3.78456892364085,1.78277175092251,"K183156","Keloid","Homeostatic/regulatory fibroblasts","2"
"K183156_CELL9676_N2","PCA_no_Harmony",0.837922912906999,0.898355170722319,"K183156","Keloid","ECM-producing fibroblasts","1"
"K183156_CELL9705_N2","PCA_no_Harmony",-0.309876102138167,3.25824134015591,"K183156","Keloid","ECM-producing fibroblasts","1"
"K183156_CELL9749_N3","PCA_no_Harmony",-0.972791331935531,3.3231875147775,"K183156","Keloid","ECM-producing fibroblasts","1"
"K183156_CELL9858_N2","PCA_no_Harmony",4.39937053329884,-1.8402612957999,"K183156","Keloid","Homeostatic/regulatory fibroblasts","0"
"K183156_CELL9873_N2","PCA_no_Harmony",4.64622626907765,0.23294703626187,"K183156","Keloid","Matrix-remodeling fibroblasts","0"
"K183156_CELL9912_N2","PCA_no_Harmony",5.12254272110402,-3.30896504259555,"K183156","Keloid","Homeostatic/regulatory fibroblasts","0"
"K183156_CELL9948_N3","PCA_no_Harmony",4.03505073196828,0.234151526923491,"K183156","Keloid","Matrix-remodeling fibroblasts","0"
"K183156_CELL9963_N2","PCA_no_Harmony",0.352455955814714,-1.47570164537875,"K183156","Keloid","ECM-producing fibroblasts","3"
"K183156_CELL10005_N3","PCA_no_Harmony",4.5014012873882,-0.347551659111665,"K183156","Keloid","Matrix-remodeling fibroblasts","0"
"K183156_CELL10056_N2","PCA_no_Harmony",-3.26951112144054,1.66281001233609,"K183156","Keloid","ECM-producing fibroblasts","2"
"K183156_CELL10068_N2","PCA_no_Harmony",1.9053376734966,2.04164569043667,"K183156","Keloid","ECM-producing fibroblasts","1"
"K183156_CELL10092_N2","PCA_no_Harmony",1.80883584625661,1.30278556012662,"K183156","Keloid","ECM-producing fibroblasts","1"
"K183156_CELL10100_N2","PCA_no_Harmony",0.270700794529313,2.73801009320767,"K183156","Keloid","ECM-producing fibroblasts","1"
"K183156_CELL10113_N2","PCA_no_Harmony",-3.9427201925999,1.57117621564419,"K183156","Keloid","Homeostatic/regulatory fibroblasts","2"
"K183156_CELL10114_N2","PCA_no_Harmony",-1.2696701466328,2.62175051831753,"K183156","Keloid","ECM-producing fibroblasts","1"
"K183156_CELL10129_N3","PCA_no_Harmony",1.51161084778249,2.78219859265835,"K183156","Keloid","ECM-producing fibroblasts","1"
"K183156_CELL10134_N1","PCA_no_Harmony",0.805947643589372,1.15980498456509,"K183156","Keloid","ECM-producing fibroblasts","1"
"K183156_CELL10141_N1","PCA_no_Harmony",4.35035453445851,0.788918181891753,"K183156","Keloid","Matrix-remodeling fibroblasts","0"
"K183156_CELL10191_N3","PCA_no_Harmony",4.82234702713429,-2.15838415956943,"K183156","Keloid","Homeostatic/regulatory fibroblasts","0"
"K183156_CELL10230_N2","PCA_no_Harmony",3.00748572952687,-1.39919216967075,"K183156","Keloid","Homeostatic/regulatory fibroblasts","0"
"K183156_CELL10303_N2","PCA_no_Harmony",2.82648215897023,1.99574439191373,"K183156","Keloid","Matrix-remodeling fibroblasts","1"
"K183156_CELL10313_N2","PCA_no_Harmony",1.73199401504933,-1.55427058077304,"K183156","Keloid","ECM-producing fibroblasts","3"
"K183156_CELL10323_N3","PCA_no_Harmony",0.954346519779557,2.43589274549039,"K183156","Keloid","ECM-producing fibroblasts","1"
"K183156_CELL10410_N3","PCA_no_Harmony",3.0303433955425,-0.0770576748892529,"K183156","Keloid","Matrix-remodeling fibroblasts","0"
"K183156_CELL10420_N1","PCA_no_Harmony",2.24931941635549,1.874503776069,"K183156","Keloid","ECM-producing fibroblasts","1"
"K183156_CELL10463_N1","PCA_no_Harmony",3.84451232559621,1.14903132581265,"K183156","Keloid","Matrix-remodeling fibroblasts","0"
"K183156_CELL10464_N2","PCA_no_Harmony",2.72175346023976,1.77964560651334,"K183156","Keloid","Matrix-remodeling fibroblasts","1"
"K183156_CELL10486_N2","PCA_no_Harmony",0.111841064762467,-0.774040535454438,"K183156","Keloid","ECM-producing fibroblasts","1"
"K183156_CELL10502_N2","PCA_no_Harmony",0.47748599655568,2.8754278864816,"K183156","Keloid","ECM-producing fibroblasts","1"
"K183156_CELL10524_N2","PCA_no_Harmony",0.524206501316423,-1.45204098558872,"K183156","Keloid","ECM-producing fibroblasts","3"
"K183156_CELL10559_N2","PCA_no_Harmony",-6.4950187384373,2.16882292890103,"K183156","Keloid","Homeostatic/regulatory fibroblasts","2"
"K183156_CELL10618_N2","PCA_no_Harmony",2.08755813248097,3.30176417493375,"K183156","Keloid","ECM-producing fibroblasts","1"
"K183156_CELL10656_N3","PCA_no_Harmony",4.44784103043019,0.0845228877022999,"K183156","Keloid","Matrix-remodeling fibroblasts","0"
"K183156_CELL10672_N2","PCA_no_Harmony",4.7919457972759,-1.13109476900546,"K183156","Keloid","Matrix-remodeling fibroblasts","0"
"K183156_CELL10700_N2","PCA_no_Harmony",0.236343246769303,-1.62320025301425,"K183156","Keloid","ECM-producing fibroblasts","3"
"K183156_CELL10734_N1","PCA_no_Harmony",0.900126797031755,1.36586348676236,"K183156","Keloid","ECM-producing fibroblasts","1"
"K183156_CELL10741_N3","PCA_no_Harmony",1.51783023483693,0.245561763282134,"K183156","Keloid","Homeostatic/regulatory fibroblasts","1"
"K183156_CELL10798_N3","PCA_no_Harmony",1.82098374969899,3.47933928632291,"K183156","Keloid","ECM-producing fibroblasts","1"
"K183156_CELL10804_N2","PCA_no_Harmony",4.57016120560109,-0.889834717278169,"K183156","Keloid","Matrix-remodeling fibroblasts","0"
"K183156_CELL10857_N2","PCA_no_Harmony",2.32672725326955,1.26785723828824,"K183156","Keloid","Matrix-remodeling fibroblasts","1"
"K183156_CELL10880_N3","PCA_no_Harmony",-0.712030547786361,1.39015452527554,"K183156","Keloid","ECM-producing fibroblasts","2"
"K183156_CELL10893_N2","PCA_no_Harmony",-2.07515873305858,2.49669234418423,"K183156","Keloid","ECM-producing fibroblasts","1"
"K183156_CELL10917_N2","PCA_no_Harmony",3.02325473434865,0.125384017463042,"K183156","Keloid","Matrix-remodeling fibroblasts","0"
"K183156_CELL10943_N2","PCA_no_Harmony",-3.41783072345317,1.06937567853482,"K183156","Keloid","ECM-producing fibroblasts","2"
"K183156_CELL10948_N2","PCA_no_Harmony",0.663845878910417,2.11277835034878,"K183156","Keloid","ECM-producing fibroblasts","1"
"K183156_CELL10971_N2","PCA_no_Harmony",1.84922109253346,2.10714404248746,"K183156","Keloid","ECM-producing fibroblasts","1"
"K183156_CELL11012_N2","PCA_no_Harmony",4.42072806961476,0.387761756415679,"K183156","Keloid","Matrix-remodeling fibroblasts","0"
"K183156_CELL11032_N2","PCA_no_Harmony",2.07565389282643,0.354166671271636,"K183156","Keloid","Homeostatic/regulatory fibroblasts","1"
"K183156_CELL11044_N2","PCA_no_Harmony",-4.01538385741771,1.69709174298794,"K183156","Keloid","Homeostatic/regulatory fibroblasts","2"
"K183156_CELL11054_N2","PCA_no_Harmony",-3.30101467959941,1.6548468317941,"K183156","Keloid","ECM-producing fibroblasts","2"
"K183156_CELL11075_N2","PCA_no_Harmony",0.144733768772477,3.55532900952847,"K183156","Keloid","ECM-producing fibroblasts","1"
"K183156_CELL11129_N1","PCA_no_Harmony",2.67523799545705,2.21334521436246,"K183156","Keloid","Matrix-remodeling fibroblasts","1"
"K183156_CELL11132_N2","PCA_no_Harmony",1.75097165710866,3.25986640119107,"K183156","Keloid","ECM-producing fibroblasts","1"
"K183156_CELL11390_N1","PCA_no_Harmony",1.91896234161794,2.02756182813199,"K183156","Keloid","ECM-producing fibroblasts","1"
"K183156_CELL11394_N2","PCA_no_Harmony",0.663995128940934,-1.72271378374545,"K183156","Keloid","ECM-producing fibroblasts","3"
"K183156_CELL11445_N2","PCA_no_Harmony",4.87266574509084,-1.4438031468436,"K183156","Keloid","Matrix-remodeling fibroblasts","0"
"K183156_CELL11448_N1","PCA_no_Harmony",3.98327766067922,0.86965529584439,"K183156","Keloid","Matrix-remodeling fibroblasts","0"
"K183156_CELL11461_N1","PCA_no_Harmony",0.235066753696794,2.81556861066373,"K183156","Keloid","ECM-producing fibroblasts","1"
"K183156_CELL11491_N2","PCA_no_Harmony",4.39725432999074,0.247626945014312,"K183156","Keloid","Matrix-remodeling fibroblasts","0"
"K183156_CELL11498_N2","PCA_no_Harmony",1.21908221847951,-1.19756539202182,"K183156","Keloid","ECM-producing fibroblasts","3"
"K183156_CELL11528_N1","PCA_no_Harmony",2.6057771266216,1.81995360517056,"K183156","Keloid","Matrix-remodeling fibroblasts","1"
"K183156_CELL11549_N2","PCA_no_Harmony",0.533529144596452,-0.872512176994966,"K183156","Keloid","ECM-producing fibroblasts","3"
"K183156_CELL11619_N2","PCA_no_Harmony",3.3597472728008,2.13077132367642,"K183156","Keloid","Matrix-remodeling fibroblasts","1"
"K183156_CELL11644_N2","PCA_no_Harmony",3.66145358688771,0.981738730902983,"K183156","Keloid","Matrix-remodeling fibroblasts","0"
"K183156_CELL11704_N2","PCA_no_Harmony",1.35735974914967,2.98953311109097,"K183156","Keloid","ECM-producing fibroblasts","1"
"K183156_CELL12023_N1","PCA_no_Harmony",-1.96288694732249,2.81972376966031,"K183156","Keloid","ECM-producing fibroblasts","1"
"K183156_CELL12027_N1","PCA_no_Harmony",0.0764721453899089,3.32735316419156,"K183156","Keloid","ECM-producing fibroblasts","1"
"K183156_CELL12143_N1","PCA_no_Harmony",5.45384727127492,-3.07047255373447,"K183156","Keloid","Homeostatic/regulatory fibroblasts","0"
"K183156_CELL12180_N1","PCA_no_Harmony",0.597007614445085,0.420549556250884,"K183156","Keloid","ECM-producing fibroblasts","1"
"K183156_CELL12370_N1","PCA_no_Harmony",0.489635807346696,3.20171801709683,"K183156","Keloid","ECM-producing fibroblasts","1"
"K183156_CELL12402_N1","PCA_no_Harmony",2.30626426346242,3.00568549298794,"K183156","Keloid","ECM-producing fibroblasts","1"
"K183156_CELL12553_N1","PCA_no_Harmony",0.65460477478444,-1.16471703386752,"K183156","Keloid","ECM-producing fibroblasts","3"
"K183156_CELL12562_N1","PCA_no_Harmony",3.16641364700734,2.174627944465,"K183156","Keloid","Matrix-remodeling fibroblasts","1"
"K183156_CELL12572_N1","PCA_no_Harmony",4.76725040085256,-0.405567959313081,"K183156","Keloid","Matrix-remodeling fibroblasts","0"
"K183156_CELL12703_N1","PCA_no_Harmony",3.88402019150197,-1.92449505663364,"K183156","Keloid","Homeostatic/regulatory fibroblasts","0"
"K183156_CELL12938_N1","PCA_no_Harmony",1.65702996857106,3.34406535291226,"K183156","Keloid","ECM-producing fibroblasts","1"
"K183156_CELL12940_N1","PCA_no_Harmony",1.01767383224904,3.18665854596646,"K183156","Keloid","ECM-producing fibroblasts","1"
"K183156_CELL13119_N1","PCA_no_Harmony",4.32678447372853,-1.74411614275424,"K183156","Keloid","Homeostatic/regulatory fibroblasts","0"
"K183156_CELL13185_N1","PCA_no_Harmony",3.87602744705617,0.642205878730132,"K183156","Keloid","Matrix-remodeling fibroblasts","0"
"K183156_CELL13243_N1","PCA_no_Harmony",4.79347930557668,-0.647168472771333,"K183156","Keloid","Matrix-remodeling fibroblasts","0"
"K183156_CELL13274_N1","PCA_no_Harmony",4.18011699325978,0.777218505378081,"K183156","Keloid","Matrix-remodeling fibroblasts","0"
"K183156_CELL13530_N1","PCA_no_Harmony",3.19232211716115,0.0124131884530323,"K183156","Keloid","Matrix-remodeling fibroblasts","0"
"K183156_CELL13594_N1","PCA_no_Harmony",-6.5462403475529,2.11132208966763,"K183156","Keloid","Homeostatic/regulatory fibroblasts","2"
"K183156_CELL13600_N1","PCA_no_Harmony",0.0082229197734538,-0.147456005577729,"K183156","Keloid","ECM-producing fibroblasts","1"
"K183156_CELL13616_N1","PCA_no_Harmony",3.32801566727101,1.19216315412076,"K183156","Keloid","Matrix-remodeling fibroblasts","0"
"K183156_CELL13701_N1","PCA_no_Harmony",1.46387563354909,2.77891509198697,"K183156","Keloid","ECM-producing fibroblasts","1"
"K183156_CELL13735_N1","PCA_no_Harmony",3.70500407822072,0.903789206977202,"K183156","Keloid","Matrix-remodeling fibroblasts","0"
"K183156_CELL13742_N1","PCA_no_Harmony",2.53795705444753,-0.294431522850679,"K183156","Keloid","Matrix-remodeling fibroblasts","0"
"K183156_CELL13746_N1","PCA_no_Harmony",2.33227763779103,2.26470152997525,"K183156","Keloid","ECM-producing fibroblasts","1"
"K183156_CELL13813_N1","PCA_no_Harmony",1.61394677765309,2.86230342053921,"K183156","Keloid","ECM-producing fibroblasts","1"
"K183156_CELL13904_N1","PCA_no_Harmony",4.28396354324757,-1.81226046419589,"K183156","Keloid","Homeostatic/regulatory fibroblasts","0"
"K183156_CELL13915_N1","PCA_no_Harmony",4.40436015732228,-0.25249989366977,"K183156","Keloid","Matrix-remodeling fibroblasts","0"
"K183156_CELL14109_N1","PCA_no_Harmony",2.26192746765553,-1.80438311434238,"K183156","Keloid","Homeostatic/regulatory fibroblasts","0"
"K183156_CELL14120_N1","PCA_no_Harmony",0.648911339115495,2.54238955640347,"K183156","Keloid","ECM-producing fibroblasts","1"
"K183156_CELL14220_N1","PCA_no_Harmony",3.17715964920461,1.05286471509488,"K183156","Keloid","Matrix-remodeling fibroblasts","0"
"K183156_CELL14485_N1","PCA_no_Harmony",-6.29077162139476,2.15609423779996,"K183156","Keloid","Homeostatic/regulatory fibroblasts","2"
"K183156_CELL14497_N1","PCA_no_Harmony",-5.95179398648799,2.20955435895474,"K183156","Keloid","Homeostatic/regulatory fibroblasts","2"
"K183156_CELL14655_N1","PCA_no_Harmony",2.12396608002126,-2.06687147951572,"K183156","Keloid","Homeostatic/regulatory fibroblasts","0"
"K183156_CELL14943_N1","PCA_no_Harmony",2.35056148178517,-2.42118389940708,"K183156","Keloid","Homeostatic/regulatory fibroblasts","0"
"K183156_CELL15191_N1","PCA_no_Harmony",2.44895492203175,2.77850119733365,"K183156","Keloid","ECM-producing fibroblasts","1"
"K183156_CELL15238_N1","PCA_no_Harmony",1.22768102295339,-2.73514302111118,"K183156","Keloid","Homeostatic/regulatory fibroblasts","3"
"K183156_CELL15254_N1","PCA_no_Harmony",1.66465411789357,2.88318030499966,"K183156","Keloid","ECM-producing fibroblasts","1"
"K183156_CELL15264_N1","PCA_no_Harmony",1.02009473450124,3.30675093793423,"K183156","Keloid","ECM-producing fibroblasts","1"
"K183156_CELL15274_N1","PCA_no_Harmony",3.62473235733449,-1.69995053148715,"K183156","Keloid","Homeostatic/regulatory fibroblasts","0"
"K183156_CELL15399_N1","PCA_no_Harmony",2.37033639557301,2.64970652722867,"K183156","Keloid","ECM-producing fibroblasts","1"
"K183156_CELL15403_N1","PCA_no_Harmony",2.65095363266408,0.0269080843880909,"K183156","Keloid","Matrix-remodeling fibroblasts","0"
"K183156_CELL16060_N1","PCA_no_Harmony",0.572616916965837,-1.03806097841708,"K183156","Keloid","ECM-producing fibroblasts","3"
"K183156_CELL16096_N1","PCA_no_Harmony",1.40714536316335,3.3901697840646,"K183156","Keloid","ECM-producing fibroblasts","1"
"K183156_CELL16111_N1","PCA_no_Harmony",2.898798328709,-0.665664032463716,"K183156","Keloid","Matrix-remodeling fibroblasts","0"
"K183156_CELL16229_N1","PCA_no_Harmony",1.51915822632253,2.22533766889126,"K183156","Keloid","ECM-producing fibroblasts","1"
"K183156_CELL16234_N1","PCA_no_Harmony",3.6541579783672,-0.513566807274507,"K183156","Keloid","Matrix-remodeling fibroblasts","0"
"K183156_CELL16421_N1","PCA_no_Harmony",0.502102714847917,0.0755659785226124,"K183156","Keloid","ECM-producing fibroblasts","1"
"K183156_CELL16445_N1","PCA_no_Harmony",2.92440925247609,-0.814041450981782,"K183156","Keloid","Matrix-remodeling fibroblasts","0"
"K183156_CELL16653_N1","PCA_no_Harmony",0.306339603733415,-1.65928633547275,"K183156","Keloid","ECM-producing fibroblasts","3"
"K183156_CELL16786_N1","PCA_no_Harmony",0.751527172397966,2.95435206555875,"K183156","Keloid","ECM-producing fibroblasts","1"
"K183156_CELL16808_N1","PCA_no_Harmony",2.0192760051006,2.48414294385464,"K183156","Keloid","ECM-producing fibroblasts","1"
"K183156_CELL16910_N1","PCA_no_Harmony",-0.0495706974750814,3.79422442578824,"K183156","Keloid","ECM-producing fibroblasts","1"
"K183156_CELL16917_N1","PCA_no_Harmony",2.5946196139568,0.89780299329312,"K183156","Keloid","Homeostatic/regulatory fibroblasts","1"
"K183156_CELL16948_N1","PCA_no_Harmony",5.11065612442433,-4.22632844782321,"K183156","Keloid","Matrix-remodeling fibroblasts","0"
"K183156_CELL17030_N1","PCA_no_Harmony",0.248673778843278,-1.2532628331229,"K183156","Keloid","ECM-producing fibroblasts","3"
"K183156_CELL17401_N1","PCA_no_Harmony",0.0835207522624675,-1.31743843889682,"K183156","Keloid","ECM-producing fibroblasts","3"
"K183156_CELL17512_N1","PCA_no_Harmony",-1.66353692405284,2.12323538922818,"K183156","Keloid","ECM-producing fibroblasts","1"
"K183156_CELL17642_N1","PCA_no_Harmony",0.229460579227799,0.183220550055816,"K183156","Keloid","ECM-producing fibroblasts","1"
"K183156_CELL17684_N1","PCA_no_Harmony",-0.331902164149886,2.57754389905484,"K183156","Keloid","ECM-producing fibroblasts","1"
"K183156_CELL17722_N1","PCA_no_Harmony",1.11333070404469,3.10560290479214,"K183156","Keloid","ECM-producing fibroblasts","1"
"K183156_CELL17734_N1","PCA_no_Harmony",2.46398053772389,2.34479777478726,"K183156","Keloid","Matrix-remodeling fibroblasts","1"
"K183156_CELL18630_N1","PCA_no_Harmony",-5.85957481257976,0.515296622748687,"K183156","Keloid","Homeostatic/regulatory fibroblasts","2"
"K183156_CELL18657_N1","PCA_no_Harmony",-1.73504819266856,2.37494341992886,"K183156","Keloid","ECM-producing fibroblasts","1"
"K183156_CELL18789_N1","PCA_no_Harmony",0.737955910038346,0.699774428839995,"K183156","Keloid","ECM-producing fibroblasts","1"
"K183156_CELL18792_N1","PCA_no_Harmony",0.804715973209733,2.89779536389859,"K183156","Keloid","ECM-producing fibroblasts","1"
"K183156_CELL18793_N1","PCA_no_Harmony",-0.270072120357161,3.37698142194302,"K183156","Keloid","ECM-producing fibroblasts","1"
"K183156_CELL19813_N1","PCA_no_Harmony",1.16409049637257,3.08956687116177,"K183156","Keloid","ECM-producing fibroblasts","1"
"K183156_CELL19814_N1","PCA_no_Harmony",-0.12767757766307,2.60022799634488,"K183156","Keloid","ECM-producing fibroblasts","1"
"K183156_CELL19878_N1","PCA_no_Harmony",1.34065900452077,2.39297835492642,"K183156","Keloid","ECM-producing fibroblasts","1"
"K183156_CELL20275_N1","PCA_no_Harmony",-0.292011874843245,2.50179831647427,"K183156","Keloid","ECM-producing fibroblasts","1"
"K183156_CELL20290_N1","PCA_no_Harmony",3.18664394028127,-2.32819159365146,"K183156","Keloid","Homeostatic/regulatory fibroblasts","0"
"K183156_CELL20345_N1","PCA_no_Harmony",3.90024600632131,-2.00996144152133,"K183156","Keloid","Homeostatic/regulatory fibroblasts","0"
"K183156_CELL20450_N1","PCA_no_Harmony",1.60681567795216,1.58533732556851,"K183156","Keloid","ECM-producing fibroblasts","1"
"K183156_CELL20562_N1","PCA_no_Harmony",1.01141915924489,2.6210276331857,"K183156","Keloid","ECM-producing fibroblasts","1"
"K183156_CELL20706_N1","PCA_no_Harmony",0.69575057632863,1.30410544538052,"K183156","Keloid","ECM-producing fibroblasts","1"
"K183156_CELL20789_N1","PCA_no_Harmony",1.3261402667278,-1.50324900484531,"K183156","Keloid","ECM-producing fibroblasts","3"
"K183156_CELL20985_N1","PCA_no_Harmony",3.56461940414845,0.311863585944487,"K183156","Keloid","Matrix-remodeling fibroblasts","0"
"K183156_CELL21168_N1","PCA_no_Harmony",3.26312957413136,1.84903876447232,"K183156","Keloid","Matrix-remodeling fibroblasts","1"
"K183156_CELL21516_N1","PCA_no_Harmony",2.46942506439626,2.66126505994351,"K183156","Keloid","Matrix-remodeling fibroblasts","1"
"K183156_CELL21521_N1","PCA_no_Harmony",3.51776061661183,-2.03834755754916,"K183156","Keloid","Homeostatic/regulatory fibroblasts","0"
"K183156_CELL21648_N1","PCA_no_Harmony",-0.438447612453109,3.1921192851022,"K183156","Keloid","ECM-producing fibroblasts","1"
"K183156_CELL21667_N1","PCA_no_Harmony",0.801062923740739,1.63156859540494,"K183156","Keloid","ECM-producing fibroblasts","1"
"K183156_CELL21715_N1","PCA_no_Harmony",3.01973758346974,-0.538134888176606,"K183156","Keloid","Matrix-remodeling fibroblasts","0"
"K183156_CELL21988_N1","PCA_no_Harmony",1.23585210449635,2.88173453473599,"K183156","Keloid","ECM-producing fibroblasts","1"
"K183156_CELL22021_N1","PCA_no_Harmony",1.76811538345754,2.9138800349191,"K183156","Keloid","ECM-producing fibroblasts","1"
"K183156_CELL22099_N1","PCA_no_Harmony",1.03646550781667,2.03770796918423,"K183156","Keloid","ECM-producing fibroblasts","1"
"K183156_CELL22266_N1","PCA_no_Harmony",0.640257221531266,1.04162566327603,"K183156","Keloid","ECM-producing fibroblasts","1"
"K183156_CELL22495_N1","PCA_no_Harmony",-0.272164958644515,3.10371749066861,"K183156","Keloid","ECM-producing fibroblasts","1"
"K183156_CELL22524_N1","PCA_no_Harmony",1.59062753326833,0.613237067694976,"K183156","Keloid","Homeostatic/regulatory fibroblasts","1"
"K183156_CELL22617_N1","PCA_no_Harmony",5.00982699997365,-0.930640533928559,"K183156","Keloid","Matrix-remodeling fibroblasts","0"
"K183156_CELL22643_N1","PCA_no_Harmony",-6.0687326967007,2.13729922437222,"K183156","Keloid","Homeostatic/regulatory fibroblasts","2"
"K183156_CELL22720_N1","PCA_no_Harmony",5.37632308609425,-3.03148539400546,"K183156","Keloid","Homeostatic/regulatory fibroblasts","0"
"K183156_CELL23175_N1","PCA_no_Harmony",0.933964115452165,1.63249556684048,"K183156","Keloid","ECM-producing fibroblasts","1"
"K183156_CELL23273_N1","PCA_no_Harmony",3.39046130783498,-1.59105666017978,"K183156","Keloid","Homeostatic/regulatory fibroblasts","0"
"K183156_CELL23386_N1","PCA_no_Harmony",1.66253362305104,2.75808875226529,"K183156","Keloid","ECM-producing fibroblasts","1"
"K183156_CELL23524_N1","PCA_no_Harmony",1.1096924365276,3.4914004054025,"K183156","Keloid","ECM-producing fibroblasts","1"
"K183156_CELL23808_N1","PCA_no_Harmony",3.89974055893361,-0.613890007500337,"K183156","Keloid","Matrix-remodeling fibroblasts","0"
"K183156_CELL23876_N1","PCA_no_Harmony",1.62991080887257,2.04146639966519,"K183156","Keloid","ECM-producing fibroblasts","1"
"K183156_CELL24187_N1","PCA_no_Harmony",4.84714542038381,-0.669769600395845,"K183156","Keloid","Matrix-remodeling fibroblasts","0"
"K183156_CELL24214_N1","PCA_no_Harmony",2.55099473602712,1.3958775248483,"K183156","Keloid","Matrix-remodeling fibroblasts","1"
"K183156_CELL24301_N1","PCA_no_Harmony",3.56505141861379,-0.543580845360444,"K183156","Keloid","Matrix-remodeling fibroblasts","0"
"K183156_CELL24762_N1","PCA_no_Harmony",-6.44093896739543,2.31140391492398,"K183156","Keloid","Homeostatic/regulatory fibroblasts","2"
"K183156_CELL24977_N1","PCA_no_Harmony",-0.257847922969466,-1.22854168749301,"K183156","Keloid","ECM-producing fibroblasts","3"
"K183156_CELL25010_N1","PCA_no_Harmony",3.39123187668263,-1.47712452745883,"K183156","Keloid","Matrix-remodeling fibroblasts","0"
"K183156_CELL25144_N1","PCA_no_Harmony",3.49583469040334,0.188587352271392,"K183156","Keloid","Matrix-remodeling fibroblasts","0"
"K183156_CELL25363_N1","PCA_no_Harmony",3.68091617233693,0.68580405377896,"K183156","Keloid","Matrix-remodeling fibroblasts","0"
"K183156_CELL25423_N1","PCA_no_Harmony",3.8651650965923,1.27425830029996,"K183156","Keloid","Matrix-remodeling fibroblasts","0"
"K183156_CELL25737_N1","PCA_no_Harmony",3.66037307388722,0.0913736071542042,"K183156","Keloid","Matrix-remodeling fibroblasts","0"
"K183156_CELL26172_N1","PCA_no_Harmony",1.00025067932546,3.08350722455533,"K183156","Keloid","ECM-producing fibroblasts","1"
"K183156_CELL26269_N1","PCA_no_Harmony",3.32122645981252,-1.66282065248935,"K183156","Keloid","Homeostatic/regulatory fibroblasts","0"
"K183156_CELL26381_N1","PCA_no_Harmony",-0.215862888026839,-0.156357124809907,"K183156","Keloid","ECM-producing fibroblasts","1"
"K183156_CELL26435_N1","PCA_no_Harmony",1.44956193573415,-3.16576750612705,"K183156","Keloid","Homeostatic/regulatory fibroblasts","0"
"K183156_CELL26465_N1","PCA_no_Harmony",0.0102218211406413,2.56059043073209,"K183156","Keloid","ECM-producing fibroblasts","1"
"K183156_CELL26500_N1","PCA_no_Harmony",1.8006914675945,1.13827960156949,"K183156","Keloid","ECM-producing fibroblasts","1"
"K183156_CELL26953_N1","PCA_no_Harmony",1.63406644470632,2.79635302686246,"K183156","Keloid","ECM-producing fibroblasts","1"
"K183156_CELL26993_N1","PCA_no_Harmony",2.29878078110158,-3.35220511293857,"K183156","Keloid","Homeostatic/regulatory fibroblasts","1"
"K183156_CELL27570_N1","PCA_no_Harmony",4.60545573837697,-0.331322506432222,"K183156","Keloid","Matrix-remodeling fibroblasts","0"
"K183156_CELL27743_N1","PCA_no_Harmony",0.53466544754445,3.40597216748746,"K183156","Keloid","ECM-producing fibroblasts","1"
"K183156_CELL27800_N1","PCA_no_Harmony",1.48194347031056,-3.14671786165683,"K183156","Keloid","Homeostatic/regulatory fibroblasts","0"
"K183156_CELL27868_N1","PCA_no_Harmony",-6.26594902865947,2.00096480512173,"K183156","Keloid","Homeostatic/regulatory fibroblasts","2"
"K183156_CELL27961_N1","PCA_no_Harmony",3.76428352005422,-1.75983364916293,"K183156","Keloid","Homeostatic/regulatory fibroblasts","0"
"K183156_CELL28048_N1","PCA_no_Harmony",3.52316699631154,-0.0439213070914013,"K183156","Keloid","Matrix-remodeling fibroblasts","0"
"K183156_CELL28084_N1","PCA_no_Harmony",0.976600033115739,-1.74572213030307,"K183156","Keloid","ECM-producing fibroblasts","3"
"K183156_CELL28271_N1","PCA_no_Harmony",2.36636291153371,2.48998324536832,"K183156","Keloid","ECM-producing fibroblasts","1"
"K183156_CELL28277_N1","PCA_no_Harmony",1.65796599991261,0.323033019538237,"K183156","Keloid","Homeostatic/regulatory fibroblasts","1"
"K183156_CELL28434_N1","PCA_no_Harmony",4.38645110733449,0.5134460177377,"K183156","Keloid","Matrix-remodeling fibroblasts","0"
"K183156_CELL28511_N1","PCA_no_Harmony",2.01231322891652,-2.01073773241489,"K183156","Keloid","Homeostatic/regulatory fibroblasts","0"
"K183156_CELL28650_N1","PCA_no_Harmony",0.478193146061296,-1.40620310640781,"K183156","Keloid","ECM-producing fibroblasts","3"
"K183156_CELL28725_N1","PCA_no_Harmony",-0.101805347133284,-0.947563484673188,"K183156","Keloid","ECM-producing fibroblasts","3"
"K183156_CELL28774_N1","PCA_no_Harmony",0.343334537815446,3.50213877820523,"K183156","Keloid","ECM-producing fibroblasts","1"
"K183156_CELL28889_N1","PCA_no_Harmony",0.845560890507096,0.283249064917876,"K183156","Keloid","ECM-producing fibroblasts","1"
"K183156_CELL29055_N1","PCA_no_Harmony",3.76588378555715,-0.962123230461763,"K183156","Keloid","Matrix-remodeling fibroblasts","0"
"K183156_CELL29107_N1","PCA_no_Harmony",1.84416852600514,1.12812773847134,"K183156","Keloid","Matrix-remodeling fibroblasts","1"
"K183156_CELL29144_N1","PCA_no_Harmony",0.50116763718068,-1.29286272860019,"K183156","Keloid","ECM-producing fibroblasts","3"
"K183156_CELL29247_N1","PCA_no_Harmony",2.40702710754811,-1.61365015840976,"K183156","Keloid","Homeostatic/regulatory fibroblasts","0"
"K183156_CELL29350_N1","PCA_no_Harmony",2.260943275761,2.66401068830044,"K183156","Keloid","ECM-producing fibroblasts","1"
"K183156_CELL29405_N1","PCA_no_Harmony",2.01635680801808,0.238984748359038,"K183156","Keloid","Homeostatic/regulatory fibroblasts","1"
"K183156_CELL29464_N1","PCA_no_Harmony",1.73512492783009,-2.94052536821811,"K183156","Keloid","Homeostatic/regulatory fibroblasts","0"
"K183156_CELL29671_N1","PCA_no_Harmony",4.94772372848927,-0.952579334740327,"K183156","Keloid","Matrix-remodeling fibroblasts","0"
"K183156_CELL29753_N1","PCA_no_Harmony",4.97558532364308,-1.21890862322299,"K183156","Keloid","Matrix-remodeling fibroblasts","0"
"K183156_CELL29916_N1","PCA_no_Harmony",3.2394851268047,-0.553922489647554,"K183156","Keloid","Matrix-remodeling fibroblasts","0"
"K183156_CELL29934_N1","PCA_no_Harmony",0.499520164799089,-1.71061785555332,"K183156","Keloid","ECM-producing fibroblasts","3"
"K183156_CELL30145_N1","PCA_no_Harmony",3.62759910232961,-0.656783417229341,"K183156","Keloid","Matrix-remodeling fibroblasts","0"
"K183156_CELL30180_N1","PCA_no_Harmony",3.67070041305959,-0.528072670464204,"K183156","Keloid","Matrix-remodeling fibroblasts","0"
"K183156_CELL31044_N1","PCA_no_Harmony",2.00652061111867,-1.81108744478671,"K183156","Keloid","Homeostatic/regulatory fibroblasts","3"
"K183156_CELL31471_N1","PCA_no_Harmony",2.56594358093678,2.34026877545865,"K183156","Keloid","Matrix-remodeling fibroblasts","1"
"K183156_CELL31584_N1","PCA_no_Harmony",3.71252189285695,1.39570490979703,"K183156","Keloid","Matrix-remodeling fibroblasts","0"
"K183156_CELL31596_N1","PCA_no_Harmony",5.09032378799855,-1.36480553484409,"K183156","Keloid","Matrix-remodeling fibroblasts","0"
"K183156_CELL31644_N1","PCA_no_Harmony",1.93966041214406,3.04647986554654,"K183156","Keloid","ECM-producing fibroblasts","1"
"K183156_CELL31729_N1","PCA_no_Harmony",0.621966224979753,0.872158690924956,"K183156","Keloid","ECM-producing fibroblasts","1"
"K183156_CELL31924_N1","PCA_no_Harmony",4.44468913681447,-2.05023033953159,"K183156","Keloid","Homeostatic/regulatory fibroblasts","0"
"K183156_CELL32069_N1","PCA_no_Harmony",4.27980361587941,1.09940688275845,"K183156","Keloid","Matrix-remodeling fibroblasts","0"
"K183156_CELL32181_N1","PCA_no_Harmony",2.39422259933888,0.581304236884429,"K183156","Keloid","Homeostatic/regulatory fibroblasts","1"
"K183156_CELL32209_N1","PCA_no_Harmony",0.882821899723405,-1.66476424074619,"K183156","Keloid","ECM-producing fibroblasts","3"
"K183261_CELL782_N3","PCA_no_Harmony",1.40854058868825,0.0446497645333546,"K183261","Keloid","Homeostatic/regulatory fibroblasts","1"
"K183261_CELL831_N2","PCA_no_Harmony",3.18919025070607,-2.1882346425101,"K183261","Keloid","Homeostatic/regulatory fibroblasts","0"
"K183261_CELL1053_N6","PCA_no_Harmony",0.969773632358903,1.82395903729947,"K183261","Keloid","ECM-producing fibroblasts","1"
"K183261_CELL1385_N2","PCA_no_Harmony",2.98746429092824,-2.33772309160678,"K183261","Keloid","Homeostatic/regulatory fibroblasts","0"
"K183261_CELL1474_N3","PCA_no_Harmony",1.61544976837575,-2.26813633776157,"K183261","Keloid","Homeostatic/regulatory fibroblasts","0"
"K183261_CELL1794_N4","PCA_no_Harmony",1.62482820160329,1.75255839490445,"K183261","Keloid","ECM-producing fibroblasts","1"
"K183261_CELL1909_N4","PCA_no_Harmony",1.33167205460011,-3.47602613306491,"K183261","Keloid","Homeostatic/regulatory fibroblasts","0"
"K183261_CELL1937_N4","PCA_no_Harmony",2.06357322342336,-3.1609776768729,"K183261","Keloid","Homeostatic/regulatory fibroblasts","0"
"K183261_CELL2058_N2","PCA_no_Harmony",5.30999789841115,-3.32087643480747,"K183261","Keloid","ECM-producing fibroblasts","1"
"K183261_CELL2230_N5","PCA_no_Harmony",1.6372188151592,0.998130485053374,"K183261","Keloid","ECM-producing fibroblasts","1"
"K183261_CELL2234_N4","PCA_no_Harmony",2.70685420639455,-2.88199694490878,"K183261","Keloid","Homeostatic/regulatory fibroblasts","0"
"K183261_CELL2264_N3","PCA_no_Harmony",0.196829658817643,3.36273924970181,"K183261","Keloid","ECM-producing fibroblasts","1"
"K183261_CELL2301_N2","PCA_no_Harmony",4.13600097305715,1.1090532984689,"K183261","Keloid","Matrix-remodeling fibroblasts","0"
"K183261_CELL3150_N2","PCA_no_Harmony",0.869951587986344,0.486026450629546,"K183261","Keloid","ECM-producing fibroblasts","1"
"K183261_CELL3380_N4","PCA_no_Harmony",3.39664493210256,-2.622162655358,"K183261","Keloid","Homeostatic/regulatory fibroblasts","0"
"K183261_CELL3662_N6","PCA_no_Harmony",2.90119395859181,-2.75160487032382,"K183261","Keloid","Homeostatic/regulatory fibroblasts","0"
"K183261_CELL3774_N3","PCA_no_Harmony",4.05328403122365,-0.0874818120047314,"K183261","Keloid","Matrix-remodeling fibroblasts","0"
"K183261_CELL4138_N3","PCA_no_Harmony",0.872475010227555,-1.70276720858066,"K183261","Keloid","ECM-producing fibroblasts","3"
"K183261_CELL4247_N4","PCA_no_Harmony",1.27267871506154,-3.30555184221713,"K183261","Keloid","Homeostatic/regulatory fibroblasts","0"
"K183261_CELL4530_N7","PCA_no_Harmony",-0.612177508998519,2.94932810925992,"K183261","Keloid","ECM-producing fibroblasts","1"
"K183261_CELL4642_N3","PCA_no_Harmony",3.31219039566457,0.433374568457915,"K183261","Keloid","ECM-producing fibroblasts","1"
"K183261_CELL4741_N3","PCA_no_Harmony",3.88167319900929,-1.57074578142612,"K183261","Keloid","Homeostatic/regulatory fibroblasts","0"
"K183261_CELL5112_N2","PCA_no_Harmony",2.94438777573049,-3.0038502965018,"K183261","Keloid","Homeostatic/regulatory fibroblasts","0"
"K183261_CELL5265_N2","PCA_no_Harmony",1.31639657623708,-3.28343565798251,"K183261","Keloid","Homeostatic/regulatory fibroblasts","3"
"K183261_CELL5296_N2","PCA_no_Harmony",3.65812526352345,-0.901505783562349,"K183261","Keloid","Matrix-remodeling fibroblasts","0"
"K183261_CELL6116_N2","PCA_no_Harmony",3.09400687820851,-2.68757946825473,"K183261","Keloid","Homeostatic/regulatory fibroblasts","0"
"K183261_CELL6202_N3","PCA_no_Harmony",1.11697993881642,1.67465083264859,"K183261","Keloid","ECM-producing fibroblasts","1"
"K183261_CELL7358_N2","PCA_no_Harmony",-0.15110172622264,2.00722567700894,"K183261","Keloid","ECM-producing fibroblasts","1"
"K183261_CELL7359_N1","PCA_no_Harmony",2.67216764099538,2.76291625165494,"K183261","Keloid","Matrix-remodeling fibroblasts","1"
"K183261_CELL8615_N4","PCA_no_Harmony",3.31352840073049,-2.63442023134677,"K183261","Keloid","Homeostatic/regulatory fibroblasts","0"
"K183261_CELL9070_N3","PCA_no_Harmony",1.37344585068166,1.63123767041714,"K183261","Keloid","ECM-producing fibroblasts","1"
"K183261_CELL9269_N3","PCA_no_Harmony",1.60747275955617,0.330239936347319,"K183261","Keloid","Matrix-remodeling fibroblasts","1"
"K183261_CELL9511_N3","PCA_no_Harmony",3.99491534836232,-0.0540979657217724,"K183261","Keloid","Matrix-remodeling fibroblasts","0"
"K183261_CELL9537_N3","PCA_no_Harmony",-5.67256297462047,-0.191598728661226,"K183261","Keloid","Homeostatic/regulatory fibroblasts","2"
"K183261_CELL9555_N2","PCA_no_Harmony",3.42583690292775,-2.66090281343906,"K183261","Keloid","Homeostatic/regulatory fibroblasts","0"
"K183261_CELL9812_N4","PCA_no_Harmony",3.26444278366506,-2.58923800325839,"K183261","Keloid","Homeostatic/regulatory fibroblasts","0"
"K183261_CELL9904_N2","PCA_no_Harmony",3.15405688888966,-2.91791565752475,"K183261","Keloid","Homeostatic/regulatory fibroblasts","0"
"K183261_CELL10261_N1","PCA_no_Harmony",1.72682366974294,3.23589198255093,"K183261","Keloid","ECM-producing fibroblasts","1"
"K183261_CELL12047_N1","PCA_no_Harmony",1.4231656611675,-2.06305058336704,"K183261","Keloid","ECM-producing fibroblasts","3"
"K183261_CELL13785_N1","PCA_no_Harmony",3.41845260269582,-2.30908282137363,"K183261","Keloid","Homeostatic/regulatory fibroblasts","0"
"K183261_CELL17149_N1","PCA_no_Harmony",4.17110381729543,-1.20278580522983,"K183261","Keloid","Matrix-remodeling fibroblasts","0"
"K183261_CELL17959_N1","PCA_no_Harmony",1.02413211471974,-1.884285286431,"K183261","Keloid","ECM-producing fibroblasts","3"
"K183261_CELL19488_N1","PCA_no_Harmony",2.19560657150685,-1.88310749865024,"K183261","Keloid","Homeostatic/regulatory fibroblasts","0"
"K183261_CELL20828_N1","PCA_no_Harmony",0.825445514988298,-1.51444847918002,"K183261","Keloid","ECM-producing fibroblasts","3"
"K183261_CELL26267_N1","PCA_no_Harmony",2.61518226273,-2.65598996019809,"K183261","Keloid","Homeostatic/regulatory fibroblasts","0"
"K183261_CELL30227_N1","PCA_no_Harmony",0.865185600590104,-1.38113577700107,"K183261","Keloid","ECM-producing fibroblasts","3"
"K183261_CELL34896_N1","PCA_no_Harmony",-5.86824091069759,-0.471957996849702,"K183261","Keloid","Homeostatic/regulatory fibroblasts","2"
"K183261_CELL36106_N1","PCA_no_Harmony",2.86348662979543,-2.87662394381015,"K183261","Keloid","Homeostatic/regulatory fibroblasts","0"
"K183261_CELL37268_N1","PCA_no_Harmony",4.30354819900929,-0.168726757530854,"K183261","Keloid","ECM-producing fibroblasts","0"
"K712771_CELL329_N4","PCA_no_Harmony",2.91730247147023,1.02416102551968,"K712771","Keloid","Matrix-remodeling fibroblasts","0"
"K712771_CELL502_N3","PCA_no_Harmony",-7.01831032626689,0.202682658667876,"K712771","Keloid","Homeostatic/regulatory fibroblasts","2"
"K712771_CELL710_N4","PCA_no_Harmony",6.01709972031056,-3.33021338320224,"K712771","Keloid","ECM-producing fibroblasts","1"
"K712771_CELL834_N1","PCA_no_Harmony",5.17959151871144,-4.21032317018955,"K712771","Keloid","Matrix-remodeling fibroblasts","0"
"K712771_CELL859_N6","PCA_no_Harmony",4.74136195785939,-2.62190039492099,"K712771","Keloid","Homeostatic/regulatory fibroblasts","0"
"K712771_CELL1003_N2","PCA_no_Harmony",1.7691801608318,1.81225554608853,"K712771","Keloid","ECM-producing fibroblasts","1"
"K712771_CELL1279_N4","PCA_no_Harmony",3.29032359726369,1.56368224286587,"K712771","Keloid","Matrix-remodeling fibroblasts","1"
"K712771_CELL1351_N2","PCA_no_Harmony",1.74318538315236,2.30612914227994,"K712771","Keloid","ECM-producing fibroblasts","1"
"K712771_CELL1464_N4","PCA_no_Harmony",5.07911048538625,-2.66750510073154,"K712771","Keloid","Homeostatic/regulatory fibroblasts","0"
"K712771_CELL1603_N2","PCA_no_Harmony",4.89995227463185,-2.98831398821323,"K712771","Keloid","Homeostatic/regulatory fibroblasts","0"
"K712771_CELL1806_N3","PCA_no_Harmony",5.08531890518605,-3.3281820569083,"K712771","Keloid","Matrix-remodeling fibroblasts","0"
"K712771_CELL1977_N5","PCA_no_Harmony",0.207581383060807,1.54851119184048,"K712771","Keloid","ECM-producing fibroblasts","1"
"K712771_CELL1989_N4","PCA_no_Harmony",-0.17578901641429,-1.1587312970206,"K712771","Keloid","ECM-producing fibroblasts","3"
"K712771_CELL1996_N3","PCA_no_Harmony",4.68163142807424,-2.58464463091342,"K712771","Keloid","Homeostatic/regulatory fibroblasts","0"
"K712771_CELL2224_N4","PCA_no_Harmony",4.9243749202007,-2.36675675249545,"K712771","Keloid","Homeostatic/regulatory fibroblasts","0"
"K712771_CELL2493_N7","PCA_no_Harmony",-0.0805713116413411,2.47840468549283,"K712771","Keloid","ECM-producing fibroblasts","1"
"K712771_CELL2762_N5","PCA_no_Harmony",5.60398803360402,-4.01496799326389,"K712771","Keloid","Matrix-remodeling fibroblasts","0"
"K712771_CELL3052_N3","PCA_no_Harmony",3.45728335983693,1.59678427838834,"K712771","Keloid","Matrix-remodeling fibroblasts","1"
"K712771_CELL3113_N2","PCA_no_Harmony",5.35519919998586,-2.96904499865024,"K712771","Keloid","Matrix-remodeling fibroblasts","0"
"K712771_CELL3674_N3","PCA_no_Harmony",5.37142596847951,-3.26144059038608,"K712771","Keloid","Matrix-remodeling fibroblasts","0"
"K712771_CELL4138_N2","PCA_no_Harmony",5.22188983566701,-3.93421681261508,"K712771","Keloid","Matrix-remodeling fibroblasts","0"
"K712771_CELL4504_N2","PCA_no_Harmony",2.418817859959,0.578852340216948,"K712771","Keloid","ECM-producing fibroblasts","0"
"K712771_CELL5011_N4","PCA_no_Harmony",5.39869056351125,-4.07062585688083,"K712771","Keloid","Matrix-remodeling fibroblasts","0"
"K712771_CELL5241_N2","PCA_no_Harmony",4.94367061264455,-2.58577616548984,"K712771","Keloid","Homeostatic/regulatory fibroblasts","0"
"K712771_CELL5313_N2","PCA_no_Harmony",4.20089851028859,0.65033213758023,"K712771","Keloid","Matrix-remodeling fibroblasts","0"
"K712771_CELL5445_N4","PCA_no_Harmony",5.66802344925343,-3.55817778444736,"K712771","Keloid","Matrix-remodeling fibroblasts","0"
"K712771_CELL5485_N1","PCA_no_Harmony",5.04350505478322,-4.30668528414218,"K712771","Keloid","Matrix-remodeling fibroblasts","0"
"K712771_CELL5492_N2","PCA_no_Harmony",2.53786883957326,-0.869952038292573,"K712771","Keloid","Matrix-remodeling fibroblasts","0"
"K712771_CELL5571_N3","PCA_no_Harmony",0.757912975620622,3.64843623303921,"K712771","Keloid","ECM-producing fibroblasts","1"
"K712771_CELL5672_N2","PCA_no_Harmony",1.70075832016408,1.46222369336636,"K712771","Keloid","ECM-producing fibroblasts","1"
"K712771_CELL5695_N3","PCA_no_Harmony",0.267268043827409,1.31581942700894,"K712771","Keloid","ECM-producing fibroblasts","1"
"K712771_CELL6146_N1","PCA_no_Harmony",2.20370469696462,3.06641451978238,"K712771","Keloid","ECM-producing fibroblasts","1"
"K712771_CELL6298_N2","PCA_no_Harmony",-6.40402879111827,1.21258132123501,"K712771","Keloid","Homeostatic/regulatory fibroblasts","2"
"K712771_CELL6542_N3","PCA_no_Harmony",1.89400182373464,-0.374307468895601,"K712771","Keloid","ECM-producing fibroblasts","1"
"K712771_CELL6576_N2","PCA_no_Harmony",4.81336532242238,-2.87756998873203,"K712771","Keloid","Homeostatic/regulatory fibroblasts","0"
"K712771_CELL6579_N2","PCA_no_Harmony",5.49574599869191,-4.1861012730643,"K712771","Keloid","Matrix-remodeling fibroblasts","0"
"K712771_CELL6732_N2","PCA_no_Harmony",0.720954757999772,2.48809783124478,"K712771","Keloid","ECM-producing fibroblasts","1"
"K712771_CELL6787_N2","PCA_no_Harmony",2.49104200012624,2.70074050092251,"K712771","Keloid","ECM-producing fibroblasts","1"
"K712771_CELL6857_N3","PCA_no_Harmony",5.23141322739064,-1.46620257235019,"K712771","Keloid","Matrix-remodeling fibroblasts","0"
"K712771_CELL7321_N4","PCA_no_Harmony",1.74634299881398,2.64007155561001,"K712771","Keloid","ECM-producing fibroblasts","1"
"K712771_CELL7398_N2","PCA_no_Harmony",5.17675147659718,-3.06094916201083,"K712771","Keloid","Matrix-remodeling fibroblasts","0"
"K712771_CELL7490_N2","PCA_no_Harmony",0.0652388156169597,1.1633164133981,"K712771","Keloid","ECM-producing fibroblasts","1"
"K712771_CELL8181_N2","PCA_no_Harmony",4.97113738663136,-4.56365831232517,"K712771","Keloid","Matrix-remodeling fibroblasts","0"
"K712771_CELL8397_N3","PCA_no_Harmony",5.59731231338918,-3.72365601397006,"K712771","Keloid","Matrix-remodeling fibroblasts","0"
"K712771_CELL8809_N1","PCA_no_Harmony",5.70813117630422,-3.47302968836276,"K712771","Keloid","Matrix-remodeling fibroblasts","0"
"K712771_CELL8906_N2","PCA_no_Harmony",2.35473857529103,1.72087161206753,"K712771","Keloid","ECM-producing fibroblasts","1"
"K712771_CELL8975_N2","PCA_no_Harmony",4.8846553385967,-2.72899420595615,"K712771","Keloid","Homeostatic/regulatory fibroblasts","0"
"K712771_CELL9044_N2","PCA_no_Harmony",3.87701354629933,0.479159518714263,"K712771","Keloid","Matrix-remodeling fibroblasts","0"
"K712771_CELL9469_N1","PCA_no_Harmony",4.53863368637502,-2.61649878359287,"K712771","Keloid","Homeostatic/regulatory fibroblasts","0"
"K712771_CELL9682_N5","PCA_no_Harmony",1.19131169922292,2.07735316419156,"K712771","Keloid","ECM-producing fibroblasts","1"
"K712771_CELL10156_N2","PCA_no_Harmony",-1.61968197219432,1.39577452802212,"K712771","Keloid","ECM-producing fibroblasts","1"
"K712771_CELL10795_N1","PCA_no_Harmony",4.7626317561382,-2.61164791918247,"K712771","Keloid","Matrix-remodeling fibroblasts","0"
"K712771_CELL11078_N2","PCA_no_Harmony",5.32928023941457,-3.95883663034885,"K712771","Keloid","Matrix-remodeling fibroblasts","0"
"K712771_CELL11095_N3","PCA_no_Harmony",-0.393505710292464,2.98496691846402,"K712771","Keloid","ECM-producing fibroblasts","1"
"K712771_CELL11452_N2","PCA_no_Harmony",5.39917407638966,-3.34994156694858,"K712771","Keloid","Matrix-remodeling fibroblasts","0"
"K712771_CELL11479_N2","PCA_no_Harmony",4.24243579513966,0.910495444770171,"K712771","Keloid","Matrix-remodeling fibroblasts","0"
"K712771_CELL11481_N2","PCA_no_Harmony",3.16856608993947,-1.70968945360629,"K712771","Keloid","Matrix-remodeling fibroblasts","0"
"K712771_CELL11522_N3","PCA_no_Harmony",3.30164847977101,2.361808463569,"K712771","Keloid","Matrix-remodeling fibroblasts","1"
"K712771_CELL11558_N3","PCA_no_Harmony",4.78255019791066,-4.23544366693942,"K712771","Keloid","Matrix-remodeling fibroblasts","0"
"K712771_CELL11931_N2","PCA_no_Harmony",0.622916084598893,3.18306128644498,"K712771","Keloid","ECM-producing fibroblasts","1"
"K712771_CELL12144_N2","PCA_no_Harmony",1.37576661713063,1.88035838269742,"K712771","Keloid","ECM-producing fibroblasts","1"
"K712771_CELL12364_N3","PCA_no_Harmony",3.02853332168996,1.49546687268765,"K712771","Keloid","Matrix-remodeling fibroblasts","1"
"K712771_CELL12466_N1","PCA_no_Harmony",5.48620162613332,-3.90140111780612,"K712771","Keloid","Matrix-remodeling fibroblasts","0"
"K712771_CELL12512_N1","PCA_no_Harmony",5.45884929306447,-3.89994604921787,"K712771","Keloid","Matrix-remodeling fibroblasts","0"
"K712771_CELL12584_N2","PCA_no_Harmony",1.65077386505544,-3.44375546312778,"K712771","Keloid","Homeostatic/regulatory fibroblasts","0"
"K712771_CELL12890_N2","PCA_no_Harmony",5.91069064743459,-3.49011190271823,"K712771","Keloid","Homeostatic/regulatory fibroblasts","1"
"K712771_CELL13133_N1","PCA_no_Harmony",2.97779212601125,-3.47820122576206,"K712771","Keloid","Homeostatic/regulatory fibroblasts","0"
"K712771_CELL13267_N1","PCA_no_Harmony",5.02763114578664,-4.44277770853488,"K712771","Keloid","Matrix-remodeling fibroblasts","0"
"K712771_CELL13941_N1","PCA_no_Harmony",5.36330829269826,-4.273121431832,"K712771","Keloid","Matrix-remodeling fibroblasts","0"
"K712771_CELL14353_N1","PCA_no_Harmony",5.595331531834,-3.57286722994296,"K712771","Keloid","Homeostatic/regulatory fibroblasts","0"
"K712771_CELL15190_N1","PCA_no_Harmony",5.26879821426808,-3.43419201708286,"K712771","Keloid","Matrix-remodeling fibroblasts","0"
"K712771_CELL15220_N1","PCA_no_Harmony",4.89680610306203,-3.04512865877597,"K712771","Keloid","Homeostatic/regulatory fibroblasts","0"
"K712771_CELL16633_N1","PCA_no_Harmony",5.99634872085988,-3.3813122067496,"K712771","Keloid","ECM-producing fibroblasts","1"
"K712771_CELL16714_N1","PCA_no_Harmony",4.88155112869679,-4.4082852158591,"K712771","Keloid","Matrix-remodeling fibroblasts","0"
"K712771_CELL17064_N1","PCA_no_Harmony",5.01789889938771,-4.59871752596347,"K712771","Keloid","Matrix-remodeling fibroblasts","0"
"K712771_CELL17104_N1","PCA_no_Harmony",4.53812823898732,-3.08986170626132,"K712771","Keloid","ECM-producing fibroblasts","0"
"K712771_CELL17382_N1","PCA_no_Harmony",4.4644197047466,0.585607215400054,"K712771","Keloid","Matrix-remodeling fibroblasts","0"
"K712771_CELL18078_N1","PCA_no_Harmony",5.03469024307668,-2.94298012590854,"K712771","Keloid","Matrix-remodeling fibroblasts","0"
"K712771_CELL18219_N1","PCA_no_Harmony",2.26497207291066,2.64472930097134,"K712771","Keloid","ECM-producing fibroblasts","1"
"K712771_CELL19019_N1","PCA_no_Harmony",5.3022349894756,-3.75331552362888,"K712771","Keloid","Matrix-remodeling fibroblasts","0"
"K712771_CELL19429_N1","PCA_no_Harmony",4.75373588211476,-2.90501911974399,"K712771","Keloid","Homeostatic/regulatory fibroblasts","0"
"K712771_CELL19483_N1","PCA_no_Harmony",5.30045447952687,-2.35927756166904,"K712771","Keloid","Matrix-remodeling fibroblasts","0"
"K712771_CELL20341_N1","PCA_no_Harmony",2.89080844528615,1.34136168622525,"K712771","Keloid","Matrix-remodeling fibroblasts","1"
"K712771_CELL20624_N1","PCA_no_Harmony",2.17678390152394,-0.694818333153413,"K712771","Keloid","ECM-producing fibroblasts","0"
"K712771_CELL20715_N1","PCA_no_Harmony",2.18664298660695,0.288870498175933,"K712771","Keloid","ECM-producing fibroblasts","1"
"K712771_CELL21116_N1","PCA_no_Harmony",1.64958034164845,1.69903342389615,"K712771","Keloid","ECM-producing fibroblasts","1"
"K712771_CELL21319_N1","PCA_no_Harmony",4.9101098597759,-2.56209977007358,"K712771","Keloid","Homeostatic/regulatory fibroblasts","0"
"K712771_CELL21676_N1","PCA_no_Harmony",4.79084239609181,-2.76189644670932,"K712771","Keloid","Homeostatic/regulatory fibroblasts","0"
"K712771_CELL21794_N1","PCA_no_Harmony",0.826427322697038,-1.82540781832187,"K712771","Keloid","ECM-producing fibroblasts","3"
"K712771_CELL22525_N1","PCA_no_Harmony",5.82214866287648,-3.3822911534354,"K712771","Keloid","Matrix-remodeling fibroblasts","0"
"K712771_CELL23153_N1","PCA_no_Harmony",2.1755488932842,1.01697413587125,"K712771","Keloid","ECM-producing fibroblasts","1"
"K712771_CELL23672_N1","PCA_no_Harmony",5.3034556926006,-3.68546970224826,"K712771","Keloid","Matrix-remodeling fibroblasts","0"
"K712771_CELL23805_N1","PCA_no_Harmony",4.92013869888722,-3.12750227785556,"K712771","Keloid","Homeostatic/regulatory fibroblasts","0"
"N176712_CELL1209_N3","PCA_no_Harmony",3.02935443527638,1.91134707593472,"N176712","Normal","Matrix-remodeling fibroblasts","1"
"N176712_CELL2777_N3","PCA_no_Harmony",3.18746696121632,-4.48272569513767,"N176712","Normal","Homeostatic/regulatory fibroblasts","0"
"N176712_CELL3232_N2","PCA_no_Harmony",-7.06457354419292,0.319799586768462,"N176712","Normal","Homeostatic/regulatory fibroblasts","2"
"N176712_CELL3900_N2","PCA_no_Harmony",3.17087207443654,-4.19336374140231,"N176712","Normal","Homeostatic/regulatory fibroblasts","0"
"N176712_CELL4364_N2","PCA_no_Harmony",5.11025367386281,-4.68786294794528,"N176712","Normal","Matrix-remodeling fibroblasts","0"
"N176712_CELL5248_N3","PCA_no_Harmony",-5.14140007935823,-0.695036247734712,"N176712","Normal","ECM-producing fibroblasts","2"
"N176712_CELL6455_N2","PCA_no_Harmony",2.65595470077931,-3.64599759912937,"N176712","Normal","Homeostatic/regulatory fibroblasts","0"
"N176712_CELL6949_N3","PCA_no_Harmony",2.55094848282277,-2.94342263079135,"N176712","Normal","Homeostatic/regulatory fibroblasts","0"
"N176712_CELL9310_N1","PCA_no_Harmony",-6.15318270318568,1.52095381879361,"N176712","Normal","Homeostatic/regulatory fibroblasts","2"
"N176712_CELL14513_N1","PCA_no_Harmony",5.16415439255177,-4.6213835034415,"N176712","Normal","Matrix-remodeling fibroblasts","0"
"N176712_CELL14881_N1","PCA_no_Harmony",5.01692805893361,-4.66090519762485,"N176712","Normal","Matrix-remodeling fibroblasts","0"
"N177536_CELL99_N5","PCA_no_Harmony",2.36932836182057,-3.24798853731601,"N177536","Normal","Homeostatic/regulatory fibroblasts","0"
"N177536_CELL467_N2","PCA_no_Harmony",2.81100116379201,-3.29330475664584,"N177536","Normal","Homeostatic/regulatory fibroblasts","0"
"N177536_CELL641_N3","PCA_no_Harmony",2.79105220444142,-3.16879589891879,"N177536","Normal","Homeostatic/regulatory fibroblasts","0"
"N177536_CELL1859_N3","PCA_no_Harmony",1.55264316208302,-3.35042031145541,"N177536","Normal","Homeostatic/regulatory fibroblasts","0"
"N177536_CELL2671_N2","PCA_no_Harmony",2.42199502594411,-3.22102339601962,"N177536","Normal","Homeostatic/regulatory fibroblasts","0"
"N177536_CELL3702_N2","PCA_no_Harmony",-5.33501513593257,-0.843430832390474,"N177536","Normal","Homeostatic/regulatory fibroblasts","2"
"N177536_CELL3817_N3","PCA_no_Harmony",2.69223676330983,-3.0381258282706,"N177536","Normal","Homeostatic/regulatory fibroblasts","0"
"N177536_CELL4444_N3","PCA_no_Harmony",2.10935769684255,-2.83952029085605,"N177536","Normal","Matrix-remodeling fibroblasts","1"
"N177536_CELL4931_N3","PCA_no_Harmony",2.78282962448537,-3.04158099031894,"N177536","Normal","Homeostatic/regulatory fibroblasts","0"
"N177536_CELL5149_N2","PCA_no_Harmony",2.35238919861257,-3.43317492342441,"N177536","Normal","Homeostatic/regulatory fibroblasts","0"
"N177536_CELL5420_N3","PCA_no_Harmony",1.50413976318776,-3.42832405901401,"N177536","Normal","Homeostatic/regulatory fibroblasts","0"
"N177536_CELL5535_N2","PCA_no_Harmony",2.56230340607106,-3.27186282015292,"N177536","Normal","Homeostatic/regulatory fibroblasts","0"
"N177536_CELL5547_N2","PCA_no_Harmony",-4.11822034709514,-0.644675568108247,"N177536","Normal","Homeostatic/regulatory fibroblasts","2"
"N177536_CELL6495_N2","PCA_no_Harmony",-5.80096324079097,-1.27495606279819,"N177536","Normal","Homeostatic/regulatory fibroblasts","2"
"N177536_CELL6881_N2","PCA_no_Harmony",-4.24617620103419,-0.659769371514009,"N177536","Normal","Homeostatic/regulatory fibroblasts","2"
"N177536_CELL8407_N2","PCA_no_Harmony",2.71313605911672,-2.80967219210117,"N177536","Normal","Homeostatic/regulatory fibroblasts","0"
"N177536_CELL8499_N2","PCA_no_Harmony",-4.7522373973614,-0.743108109001802,"N177536","Normal","Homeostatic/regulatory fibroblasts","2"
"N177536_CELL8756_N3","PCA_no_Harmony",1.47292647964894,-3.3624232564017,"N177536","Normal","Homeostatic/regulatory fibroblasts","0"
"N177536_CELL8831_N2","PCA_no_Harmony",3.01126037247121,-3.34927542543857,"N177536","Normal","Homeostatic/regulatory fibroblasts","0"
"N177536_CELL9609_N2","PCA_no_Harmony",-5.22678920545042,-1.08927805757968,"N177536","Normal","Homeostatic/regulatory fibroblasts","2"
"N177536_CELL9771_N2","PCA_no_Harmony",1.47774968750417,-3.37300999498813,"N177536","Normal","Homeostatic/regulatory fibroblasts","0"
"N177536_CELL9976_N2","PCA_no_Harmony",-4.37226654880107,-0.365415409569429,"N177536","Normal","Homeostatic/regulatory fibroblasts","2"
"N177536_CELL10205_N3","PCA_no_Harmony",2.21240172989308,-3.55455096102207,"N177536","Normal","Homeostatic/regulatory fibroblasts","0"
"N177536_CELL10358_N2","PCA_no_Harmony",2.26673732407033,-3.38618882036655,"N177536","Normal","Homeostatic/regulatory fibroblasts","0"
"N177536_CELL11050_N3","PCA_no_Harmony",2.99021087295949,-2.9207056317374,"N177536","Normal","Matrix-remodeling fibroblasts","0"
"N177536_CELL11056_N2","PCA_no_Harmony",1.17454610474049,-2.86759121752231,"N177536","Normal","ECM-producing fibroblasts","3"
"N177536_CELL11528_N3","PCA_no_Harmony",2.94330917007863,-3.50820334291904,"N177536","Normal","Homeostatic/regulatory fibroblasts","0"
"N177536_CELL11941_N3","PCA_no_Harmony",-4.681967753101,-0.717193916802095,"N177536","Normal","Homeostatic/regulatory fibroblasts","2"
"N177536_CELL13121_N1","PCA_no_Harmony",5.59483276016652,-4.09077270365207,"N177536","Normal","Homeostatic/regulatory fibroblasts","0"
"N177536_CELL15883_N1","PCA_no_Harmony",5.33713851578175,-4.4664557728812,"N177536","Normal","Matrix-remodeling fibroblasts","0"
"N177536_CELL16993_N1","PCA_no_Harmony",-4.3472771822697,-0.885235146050142,"N177536","Normal","ECM-producing fibroblasts","2"
"N177536_CELL17130_N1","PCA_no_Harmony",-4.35340912931026,-0.829742744927095,"N177536","Normal","Homeostatic/regulatory fibroblasts","2"
"N177536_CELL18616_N1","PCA_no_Harmony",1.89927421219289,0.619742080207183,"N177536","Normal","ECM-producing fibroblasts","1"
"N177536_CELL19214_N1","PCA_no_Harmony",-6.00921990268291,-1.70646221971958,"N177536","Normal","Homeostatic/regulatory fibroblasts","2"
"N177536_CELL19706_N1","PCA_no_Harmony",-6.48601366870463,-0.389737442497895,"N177536","Normal","Homeostatic/regulatory fibroblasts","2"
"N177536_CELL20358_N1","PCA_no_Harmony",5.00595222122609,-4.7157552990958,"N177536","Normal","Matrix-remodeling fibroblasts","0"
"N177536_CELL22589_N1","PCA_no_Harmony",1.50555310852467,-3.42195732927768,"N177536","Normal","Homeostatic/regulatory fibroblasts","0"
"N177536_CELL22836_N1","PCA_no_Harmony",-3.9967961489445,-0.466439083580659,"N177536","Normal","ECM-producing fibroblasts","2"
"N177536_CELL22977_N1","PCA_no_Harmony",5.12838016159474,-4.66051085329501,"N177536","Normal","Matrix-remodeling fibroblasts","0"
"N177536_CELL23410_N1","PCA_no_Harmony",-5.34897123568118,-0.572155788902925,"N177536","Normal","Homeostatic/regulatory fibroblasts","2"
"N177536_CELL25842_N1","PCA_no_Harmony",1.94208179123341,0.479281112189605,"N177536","Normal","Matrix-remodeling fibroblasts","1"
"N177536_CELL26198_N1","PCA_no_Harmony",4.94655738480031,-2.06174977159946,"N177536","Normal","Homeostatic/regulatory fibroblasts","0"
"N177536_CELL27559_N1","PCA_no_Harmony",2.2016547740215,-3.17068512773959,"N177536","Normal","ECM-producing fibroblasts","0"
"N387690_CELL199_N3","PCA_no_Harmony",-3.74979569308818,0.332799121375396,"N387690","Normal","ECM-producing fibroblasts","2"
"N387690_CELL228_N3","PCA_no_Harmony",-6.50253846042216,1.24574153089078,"N387690","Normal","Homeostatic/regulatory fibroblasts","2"
"N387690_CELL241_N3","PCA_no_Harmony",-7.10331417911113,1.5115248408273,"N387690","Normal","Homeostatic/regulatory fibroblasts","2"
"N387690_CELL304_N4","PCA_no_Harmony",3.03726230270802,-4.49758274889438,"N387690","Normal","Homeostatic/regulatory fibroblasts","0"
"N387690_CELL318_N4","PCA_no_Harmony",-6.17499198310435,-1.935066536431,"N387690","Normal","Homeostatic/regulatory fibroblasts","2"
"N387690_CELL357_N3","PCA_no_Harmony",-6.28851868503154,0.256039306159331,"N387690","Normal","Homeostatic/regulatory fibroblasts","2"
"N387690_CELL370_N2","PCA_no_Harmony",-5.53384755842746,-0.60379441118686,"N387690","Normal","Homeostatic/regulatory fibroblasts","2"
"N387690_CELL477_N3","PCA_no_Harmony",-5.33509818755448,0.757794066901519,"N387690","Normal","Homeostatic/regulatory fibroblasts","2"
"N387690_CELL532_N4","PCA_no_Harmony",-5.50509281747401,-1.7871697697684,"N387690","Normal","Homeostatic/regulatory fibroblasts","2"
"N387690_CELL573_N2","PCA_no_Harmony",-4.1338982760197,0.225269481177642,"N387690","Normal","Homeostatic/regulatory fibroblasts","2"
"N387690_CELL669_N3","PCA_no_Harmony",-5.64761646382869,0.232676192756011,"N387690","Normal","Homeostatic/regulatory fibroblasts","2"
"N387690_CELL780_N3","PCA_no_Harmony",3.64660964615285,-4.7902317795798,"N387690","Normal","Homeostatic/regulatory fibroblasts","0"
"N387690_CELL787_N3","PCA_no_Harmony",-5.21024036325873,0.493037864203765,"N387690","Normal","Homeostatic/regulatory fibroblasts","2"
"N387690_CELL811_N2","PCA_no_Harmony",-5.71897913806499,1.32096831464322,"N387690","Normal","Homeostatic/regulatory fibroblasts","2"
"N387690_CELL939_N3","PCA_no_Harmony",-6.5719777523762,-0.152320698265718,"N387690","Normal","Homeostatic/regulatory fibroblasts","2"
"N387690_CELL1036_N1","PCA_no_Harmony",3.06413875229299,-4.67225439882724,"N387690","Normal","Homeostatic/regulatory fibroblasts","0"
"N387690_CELL1048_N2","PCA_no_Harmony",-7.08538164489329,1.24827448987515,"N387690","Normal","Homeostatic/regulatory fibroblasts","2"
"N387690_CELL1082_N4","PCA_no_Harmony",3.25846610672414,-4.64279277658908,"N387690","Normal","Homeostatic/regulatory fibroblasts","0"
"N387690_CELL1182_N2","PCA_no_Harmony",-6.14616425626338,1.63716761731656,"N387690","Normal","Homeostatic/regulatory fibroblasts","2"
"N387690_CELL1198_N2","PCA_no_Harmony",-5.79565479152263,0.197444602485015,"N387690","Normal","Homeostatic/regulatory fibroblasts","2"
"N387690_CELL1312_N2","PCA_no_Harmony",-5.8273568331486,-1.24339135027377,"N387690","Normal","Homeostatic/regulatory fibroblasts","2"
"N387690_CELL1336_N2","PCA_no_Harmony",-5.31445523642362,1.44417826795132,"N387690","Normal","Homeostatic/regulatory fibroblasts","2"
"N387690_CELL1371_N2","PCA_no_Harmony",-6.2435231386906,-1.18538124895541,"N387690","Normal","Homeostatic/regulatory fibroblasts","2"
"N387690_CELL1400_N2","PCA_no_Harmony",3.05433021194875,-4.46839721537082,"N387690","Normal","Homeostatic/regulatory fibroblasts","0"
"N387690_CELL1473_N3","PCA_no_Harmony",-7.41992892615855,0.872827216620757,"N387690","Normal","Homeostatic/regulatory fibroblasts","2"
"N387690_CELL1541_N4","PCA_no_Harmony",-7.36014642112315,0.729361220832183,"N387690","Normal","Homeostatic/regulatory fibroblasts","2"
"N387690_CELL1569_N3","PCA_no_Harmony",-5.96315928094447,1.08286254071744,"N387690","Normal","Homeostatic/regulatory fibroblasts","2"
"N387690_CELL1703_N2","PCA_no_Harmony",-4.99240373365939,-0.104949787621186,"N387690","Normal","Homeostatic/regulatory fibroblasts","2"
"N387690_CELL1731_N3","PCA_no_Harmony",-5.077584001351,-0.998826817040132,"N387690","Normal","ECM-producing fibroblasts","2"
"N387690_CELL1774_N3","PCA_no_Harmony",-4.14901973598064,0.701809569831206,"N387690","Normal","Homeostatic/regulatory fibroblasts","2"
"N387690_CELL1787_N3","PCA_no_Harmony",-5.06790797703326,-1.36919577455966,"N387690","Normal","Homeostatic/regulatory fibroblasts","2"
"N387690_CELL1804_N4","PCA_no_Harmony",-4.23844804160655,0.0699583735421436,"N387690","Normal","ECM-producing fibroblasts","2"
"N387690_CELL1836_N3","PCA_no_Harmony",-6.34132482402385,-1.78998072481601,"N387690","Normal","Homeostatic/regulatory fibroblasts","2"
"N387690_CELL1898_N4","PCA_no_Harmony",-6.42428566806377,0.0548311915353077,"N387690","Normal","Homeostatic/regulatory fibroblasts","2"
"N387690_CELL2098_N2","PCA_no_Harmony",-5.64283289306224,0.0773598399117725,"N387690","Normal","Homeostatic/regulatory fibroblasts","2"
"N387690_CELL2153_N3","PCA_no_Harmony",1.51123033173024,-3.32472021913974,"N387690","Normal","Homeostatic/regulatory fibroblasts","0"
"N387690_CELL2167_N2","PCA_no_Harmony",-4.35166730277598,-0.223967865471528,"N387690","Normal","ECM-producing fibroblasts","2"
"N387690_CELL2235_N5","PCA_no_Harmony",-7.09994699351848,0.655370398993804,"N387690","Normal","Homeostatic/regulatory fibroblasts","2"
"N387690_CELL2287_N3","PCA_no_Harmony",-5.9894519626385,-2.07787926531284,"N387690","Normal","Homeostatic/regulatory fibroblasts","2"
"N387690_CELL2293_N4","PCA_no_Harmony",-6.10369439714015,0.777461692328765,"N387690","Normal","Homeostatic/regulatory fibroblasts","2"
"N387690_CELL2307_N2","PCA_no_Harmony",-3.86433948867381,1.06605498456509,"N387690","Normal","ECM-producing fibroblasts","2"
"N387690_CELL2367_N3","PCA_no_Harmony",-5.84193982474864,-2.04521353579013,"N387690","Normal","Homeostatic/regulatory fibroblasts","2"
"N387690_CELL2428_N2","PCA_no_Harmony",-3.42733802192271,0.62665049695523,"N387690","Normal","ECM-producing fibroblasts","2"
"N387690_CELL2433_N2","PCA_no_Harmony",-7.47229446761668,0.747854873175933,"N387690","Normal","Homeostatic/regulatory fibroblasts","2"
"N387690_CELL2521_N2","PCA_no_Harmony",-4.31561519496501,1.31256072186978,"N387690","Normal","Homeostatic/regulatory fibroblasts","2"
"N387690_CELL2576_N3","PCA_no_Harmony",-4.35751022689403,1.00330512189419,"N387690","Normal","Homeostatic/regulatory fibroblasts","2"
"N387690_CELL2590_N3","PCA_no_Harmony",-5.35335392795861,-0.743434742455171,"N387690","Normal","Homeostatic/regulatory fibroblasts","2"
"N387690_CELL2681_N2","PCA_no_Harmony",-3.78821124427379,0.210662051673247,"N387690","Normal","Homeostatic/regulatory fibroblasts","2"
"N387690_CELL2703_N2","PCA_no_Harmony",-6.94058873050273,0.462792560096099,"N387690","Normal","Homeostatic/regulatory fibroblasts","2"
"N387690_CELL2827_N2","PCA_no_Harmony",-5.12013939313949,-0.827878788475679,"N387690","Normal","Homeostatic/regulatory fibroblasts","2"
"N387690_CELL2934_N3","PCA_no_Harmony",-4.83053843967975,0.695162459845855,"N387690","Normal","Homeostatic/regulatory fibroblasts","2"
"N387690_CELL2939_N3","PCA_no_Harmony",3.56353412277638,-4.82447584009616,"N387690","Normal","Homeostatic/regulatory fibroblasts","0"
"N387690_CELL2976_N2","PCA_no_Harmony",-5.23256077815205,1.12991492414029,"N387690","Normal","Homeostatic/regulatory fibroblasts","2"
"N387690_CELL3003_N3","PCA_no_Harmony",-4.93783189647258,1.31972376966031,"N387690","Normal","Homeostatic/regulatory fibroblasts","2"
"N387690_CELL3134_N3","PCA_no_Harmony",1.1524079859966,-2.96396239138095,"N387690","Normal","Homeostatic/regulatory fibroblasts","3"
"N387690_CELL3274_N3","PCA_no_Harmony",1.19213615066945,2.43268267774136,"N387690","Normal","ECM-producing fibroblasts","1"
"N387690_CELL3328_N2","PCA_no_Harmony",-4.24775840632976,0.204126521582915,"N387690","Normal","ECM-producing fibroblasts","2"
"N387690_CELL3396_N3","PCA_no_Harmony",-7.42035378806651,0.702702208991362,"N387690","Normal","Homeostatic/regulatory fibroblasts","2"
"N387690_CELL3416_N2","PCA_no_Harmony",-4.62651481025279,0.553016349311187,"N387690","Normal","Homeostatic/regulatory fibroblasts","2"
"N387690_CELL3433_N4","PCA_no_Harmony",3.23407397873341,-4.7028101239249,"N387690","Normal","Homeostatic/regulatory fibroblasts","0"
"N387690_CELL3453_N2","PCA_no_Harmony",-3.97611202590526,-0.16497834063022,"N387690","Normal","Homeostatic/regulatory fibroblasts","2"
"N387690_CELL3526_N5","PCA_no_Harmony",-5.64353479735911,1.07392279767544,"N387690","Normal","Homeostatic/regulatory fibroblasts","2"
"N387690_CELL3575_N2","PCA_no_Harmony",-3.78940524451793,0.804050132270171,"N387690","Normal","Homeostatic/regulatory fibroblasts","2"
"N387690_CELL3596_N2","PCA_no_Harmony",-3.78518618934215,0.531474277015044,"N387690","Normal","Homeostatic/regulatory fibroblasts","2"
"N387690_CELL3604_N2","PCA_no_Harmony",3.09150539047658,-4.57894356584995,"N387690","Normal","Homeostatic/regulatory fibroblasts","0"
"N387690_CELL3612_N4","PCA_no_Harmony",-4.54992278211177,0.579516097541167,"N387690","Normal","Homeostatic/regulatory fibroblasts","2"
"N387690_CELL3631_N4","PCA_no_Harmony",-5.20170573808611,1.03377596997769,"N387690","Normal","Homeostatic/regulatory fibroblasts","2"
"N387690_CELL3735_N3","PCA_no_Harmony",-5.24511796292683,0.860329314704253,"N387690","Normal","Homeostatic/regulatory fibroblasts","2"
"N387690_CELL3873_N3","PCA_no_Harmony",-5.38631187670291,-1.17163641787021,"N387690","Normal","Homeostatic/regulatory fibroblasts","2"
"N387690_CELL3902_N2","PCA_no_Harmony",-6.04828025691569,1.4086195673898,"N387690","Normal","Homeostatic/regulatory fibroblasts","2"
"N387690_CELL3923_N3","PCA_no_Harmony",-5.65019850723804,-0.243699863915132,"N387690","Normal","Homeostatic/regulatory fibroblasts","2"
"N387690_CELL4047_N4","PCA_no_Harmony",-6.98454822890819,0.931581183905913,"N387690","Normal","Homeostatic/regulatory fibroblasts","2"
"N387690_CELL4183_N2","PCA_no_Harmony",-7.14315666549266,0.537677451606108,"N387690","Normal","Homeostatic/regulatory fibroblasts","2"
"N387690_CELL4356_N4","PCA_no_Harmony",-6.4056188046223,1.35487334394009,"N387690","Normal","Homeostatic/regulatory fibroblasts","2"
"N387690_CELL4456_N2","PCA_no_Harmony",-6.18635811202586,1.18074099683316,"N387690","Normal","Homeostatic/regulatory fibroblasts","2"
"N387690_CELL4592_N7","PCA_no_Harmony",3.01315436966359,-4.19892723894565,"N387690","Normal","Homeostatic/regulatory fibroblasts","0"
"N387690_CELL4736_N2","PCA_no_Harmony",-4.58042027347148,1.3984123911813,"N387690","Normal","Homeostatic/regulatory fibroblasts","2"
"N387690_CELL4752_N3","PCA_no_Harmony",-4.11867131583751,-0.211026504997895,"N387690","Normal","ECM-producing fibroblasts","2"
"N387690_CELL4803_N3","PCA_no_Harmony",-4.58646317117274,1.13161914014371,"N387690","Normal","Homeostatic/regulatory fibroblasts","2"
"N387690_CELL5015_N2","PCA_no_Harmony",-7.14870859973491,0.834397956366851,"N387690","Normal","Homeostatic/regulatory fibroblasts","2"
"N387690_CELL5034_N5","PCA_no_Harmony",-5.4368284075743,1.46372859143765,"N387690","Normal","Homeostatic/regulatory fibroblasts","2"
"N387690_CELL5095_N3","PCA_no_Harmony",-7.11385681026042,1.23090140485318,"N387690","Normal","Homeostatic/regulatory fibroblasts","2"
"N387690_CELL5103_N4","PCA_no_Harmony",-5.37666029028953,-0.983679131035493,"N387690","Normal","Homeostatic/regulatory fibroblasts","2"
"N387690_CELL5147_N3","PCA_no_Harmony",-5.93867214314998,-2.04943259096591,"N387690","Normal","Homeostatic/regulatory fibroblasts","2"
"N387690_CELL5163_N3","PCA_no_Harmony",-5.6806295096165,1.3575474467233,"N387690","Normal","Homeostatic/regulatory fibroblasts","2"
"N387690_CELL5319_N3","PCA_no_Harmony",2.59504781372487,-4.29251058435886,"N387690","Normal","Homeostatic/regulatory fibroblasts","0"
"N387690_CELL5347_N4","PCA_no_Harmony",1.96869836456715,2.19691912793667,"N387690","Normal","ECM-producing fibroblasts","1"
"N387690_CELL5652_N2","PCA_no_Harmony",3.26717792160451,-4.77002818918674,"N387690","Normal","Homeostatic/regulatory fibroblasts","0"
"N387690_CELL5660_N3","PCA_no_Harmony",-4.70531626336635,-0.514212921623872,"N387690","Normal","Homeostatic/regulatory fibroblasts","2"
"N387690_CELL5689_N2","PCA_no_Harmony",-5.75869263999522,-1.95239193773715,"N387690","Normal","Homeostatic/regulatory fibroblasts","2"
"N387690_CELL5726_N2","PCA_no_Harmony",-5.53396319143832,0.0546890940621632,"N387690","Normal","Homeostatic/regulatory fibroblasts","2"
"N387690_CELL5772_N5","PCA_no_Harmony",-6.21358283155025,-0.941947296623872,"N387690","Normal","Homeostatic/regulatory fibroblasts","2"
"N387690_CELL6006_N2","PCA_no_Harmony",-4.04208757274211,0.243849441047026,"N387690","Normal","Homeostatic/regulatory fibroblasts","2"
"N387690_CELL6059_N2","PCA_no_Harmony",-7.12785055034221,0.843760177131011,"N387690","Normal","Homeostatic/regulatory fibroblasts","2"
"N387690_CELL6261_N3","PCA_no_Harmony",-5.79452617757381,-1.62717802858798,"N387690","Normal","Homeostatic/regulatory fibroblasts","2"
"N387690_CELL6304_N2","PCA_no_Harmony",-5.17418291710675,1.65791957044156,"N387690","Normal","Homeostatic/regulatory fibroblasts","2"
"N387690_CELL6362_N2","PCA_no_Harmony",-5.60862584703029,1.62397162580044,"N387690","Normal","Homeostatic/regulatory fibroblasts","2"
"N387690_CELL6518_N4","PCA_no_Harmony",-7.48733415000499,0.762794181342437,"N387690","Normal","Homeostatic/regulatory fibroblasts","2"
"N387690_CELL6594_N2","PCA_no_Harmony",-5.26001606706888,-0.0204771313711865,"N387690","Normal","Homeostatic/regulatory fibroblasts","2"
"N387690_CELL6668_N2","PCA_no_Harmony",-4.63393570773662,1.38300578259976,"N387690","Normal","Homeostatic/regulatory fibroblasts","2"
"N387690_CELL6871_N2","PCA_no_Harmony",-6.1662526308781,-1.96225102282016,"N387690","Normal","Homeostatic/regulatory fibroblasts","2"
"N387690_CELL6935_N4","PCA_no_Harmony",-7.03636552684367,1.3188921656564,"N387690","Normal","Homeostatic/regulatory fibroblasts","2"
"N387690_CELL6951_N3","PCA_no_Harmony",-5.90583147399486,0.0818216052010792,"N387690","Normal","Homeostatic/regulatory fibroblasts","2"
"N387690_CELL7016_N2","PCA_no_Harmony",-7.08976771228374,1.10724608563931,"N387690","Normal","Homeostatic/regulatory fibroblasts","2"
"N387690_CELL7026_N2","PCA_no_Harmony",-5.83387662761272,1.30948607587369,"N387690","Normal","Homeostatic/regulatory fibroblasts","2"
"N387690_CELL7096_N2","PCA_no_Harmony",-5.67175166599811,-0.591257885460542,"N387690","Normal","Homeostatic/regulatory fibroblasts","2"
"N387690_CELL7121_N2","PCA_no_Harmony",-6.80719913833201,0.910661384101226,"N387690","Normal","Homeostatic/regulatory fibroblasts","2"
"N387690_CELL7143_N3","PCA_no_Harmony",0.582668644260758,0.642076179023101,"N387690","Normal","ECM-producing fibroblasts","1"
"N387690_CELL7176_N3","PCA_no_Harmony",-5.05549809627593,-0.771023109917329,"N387690","Normal","Homeostatic/regulatory fibroblasts","2"
"N387690_CELL7208_N2","PCA_no_Harmony",3.3212951243633,-4.36930330133884,"N387690","Normal","Homeostatic/regulatory fibroblasts","0"
"N387690_CELL7473_N3","PCA_no_Harmony",-6.52878715388835,0.537234469886138,"N387690","Normal","Homeostatic/regulatory fibroblasts","2"
"N387690_CELL7509_N2","PCA_no_Harmony",-6.70633222453654,0.159240886206939,"N387690","Normal","ECM-producing fibroblasts","2"
"N387690_CELL7538_N2","PCA_no_Harmony",-5.61713634722293,0.707160636420562,"N387690","Normal","Homeostatic/regulatory fibroblasts","2"
"N387690_CELL7573_N3","PCA_no_Harmony",-4.43784477107585,1.30939070844205,"N387690","Normal","Homeostatic/regulatory fibroblasts","2"
"N387690_CELL7647_N3","PCA_no_Harmony",-3.93658162944377,0.760405227179839,"N387690","Normal","Homeostatic/regulatory fibroblasts","2"
"N387690_CELL7825_N2","PCA_no_Harmony",-5.51852871768535,-1.07670433855502,"N387690","Normal","Homeostatic/regulatory fibroblasts","2"
"N387690_CELL7852_N2","PCA_no_Harmony",-6.93969454162181,0.34440247678311,"N387690","Normal","Homeostatic/regulatory fibroblasts","2"
"N387690_CELL7902_N2","PCA_no_Harmony",-6.08531357638896,-2.03707249498813,"N387690","Normal","Homeostatic/regulatory fibroblasts","2"
"N387690_CELL7949_N2","PCA_no_Harmony",3.48565898544728,-4.71142442560642,"N387690","Normal","Matrix-remodeling fibroblasts","0"
"N387690_CELL8052_N2","PCA_no_Harmony",3.65340362198293,-4.5910256657645,"N387690","Normal","Matrix-remodeling fibroblasts","0"
"N387690_CELL8080_N2","PCA_no_Harmony",-6.13437123887599,0.291850253577544,"N387690","Normal","Homeostatic/regulatory fibroblasts","2"
"N387690_CELL8105_N2","PCA_no_Harmony",-6.91681494109691,-0.0117257390066845,"N387690","Normal","Homeostatic/regulatory fibroblasts","2"
"N387690_CELL8127_N2","PCA_no_Harmony",-7.06805230968059,1.1954380717233,"N387690","Normal","Homeostatic/regulatory fibroblasts","2"
"N387690_CELL8151_N3","PCA_no_Harmony",-4.96395518176616,1.30873648786099,"N387690","Normal","Homeostatic/regulatory fibroblasts","2"
"N387690_CELL8300_N2","PCA_no_Harmony",-5.0397573738581,1.05676142835171,"N387690","Normal","Homeostatic/regulatory fibroblasts","2"
"N387690_CELL8314_N4","PCA_no_Harmony",-6.69960560195506,0.0867826189950245,"N387690","Normal","Homeostatic/regulatory fibroblasts","2"
"N387690_CELL8342_N2","PCA_no_Harmony",-6.64696254127086,1.16988818311246,"N387690","Normal","Homeostatic/regulatory fibroblasts","2"
"N387690_CELL8351_N3","PCA_no_Harmony",-5.58086593740047,-1.12099869585483,"N387690","Normal","Homeostatic/regulatory fibroblasts","2"
"N387690_CELL8481_N2","PCA_no_Harmony",-5.90914322726787,-1.29967816210239,"N387690","Normal","Homeostatic/regulatory fibroblasts","2"
"N387690_CELL8510_N3","PCA_no_Harmony",3.51168285019338,-4.82357414103,"N387690","Normal","Homeostatic/regulatory fibroblasts","0"
"N387690_CELL8571_N2","PCA_no_Harmony",-7.30161966674388,0.634112044806792,"N387690","Normal","Homeostatic/regulatory fibroblasts","2"
"N387690_CELL8611_N2","PCA_no_Harmony",-4.43847783200801,1.036124869819,"N387690","Normal","Homeostatic/regulatory fibroblasts","2"
"N387690_CELL8623_N3","PCA_no_Harmony",-7.07661046378673,1.04088465833218,"N387690","Normal","Homeostatic/regulatory fibroblasts","2"
"N387690_CELL8670_N2","PCA_no_Harmony",3.00261912949025,-4.22235949373691,"N387690","Normal","Homeostatic/regulatory fibroblasts","0"
"N387690_CELL8732_N3","PCA_no_Harmony",-7.4052354275471,0.733788177008941,"N387690","Normal","Homeostatic/regulatory fibroblasts","2"
"N387690_CELL8763_N2","PCA_no_Harmony",2.79367194778859,-4.11761434412448,"N387690","Normal","Homeostatic/regulatory fibroblasts","0"
"N387690_CELL8888_N2","PCA_no_Harmony",3.16474948532521,-4.54836185312717,"N387690","Normal","Homeostatic/regulatory fibroblasts","0"
"N387690_CELL8943_N2","PCA_no_Harmony",-5.46769060485423,1.57066599988492,"N387690","Normal","Homeostatic/regulatory fibroblasts","2"
"N387690_CELL9070_N2","PCA_no_Harmony",-4.98630740039409,-0.912511662010835,"N387690","Normal","Homeostatic/regulatory fibroblasts","2"
"N387690_CELL9385_N2","PCA_no_Harmony",-4.2953157006985,1.08671347760709,"N387690","Normal","Homeostatic/regulatory fibroblasts","2"
"N387690_CELL9436_N2","PCA_no_Harmony",-5.40544577233852,1.38184706830533,"N387690","Normal","Homeostatic/regulatory fibroblasts","2"
"N387690_CELL9517_N2","PCA_no_Harmony",-6.55136288993419,0.611529036994292,"N387690","Normal","Homeostatic/regulatory fibroblasts","2"
"N387690_CELL9559_N2","PCA_no_Harmony",-5.41194369189799,1.56293646955044,"N387690","Normal","Homeostatic/regulatory fibroblasts","2"
"N387690_CELL9812_N2","PCA_no_Harmony",-5.53164933912814,-1.73804648256748,"N387690","Normal","Homeostatic/regulatory fibroblasts","2"
"N387690_CELL9885_N3","PCA_no_Harmony",-5.43272485129893,0.523643180365874,"N387690","Normal","Homeostatic/regulatory fibroblasts","2"
"N387690_CELL9890_N2","PCA_no_Harmony",-6.75942863814891,0.089518710608794,"N387690","Normal","Homeostatic/regulatory fibroblasts","2"
"N387690_CELL10048_N4","PCA_no_Harmony",-6.53175153129161,1.04500739240201,"N387690","Normal","Homeostatic/regulatory fibroblasts","2"
"N387690_CELL10058_N2","PCA_no_Harmony",-6.26841558806956,0.217926665778472,"N387690","Normal","Homeostatic/regulatory fibroblasts","2"
"N387690_CELL10163_N3","PCA_no_Harmony",-6.32914127700389,0.673087760443999,"N387690","Normal","Homeostatic/regulatory fibroblasts","2"
"N387690_CELL10200_N3","PCA_no_Harmony",-5.42146112315715,-0.0934770855948193,"N387690","Normal","Homeostatic/regulatory fibroblasts","2"
"N387690_CELL10230_N3","PCA_no_Harmony",-5.95736308686793,-1.98133166170566,"N387690","Normal","Homeostatic/regulatory fibroblasts","2"
"N387690_CELL10274_N1","PCA_no_Harmony",3.06416926987111,-4.73165781832187,"N387690","Normal","Matrix-remodeling fibroblasts","0"
"N387690_CELL10291_N2","PCA_no_Harmony",-6.0082644998318,-1.79003985262363,"N387690","Normal","Homeostatic/regulatory fibroblasts","2"
"N387690_CELL10744_N2","PCA_no_Harmony",-5.64102311723292,-1.90427096224277,"N387690","Normal","Homeostatic/regulatory fibroblasts","2"
"N387690_CELL10762_N2","PCA_no_Harmony",-4.87736033194125,-0.382830456261323,"N387690","Normal","Homeostatic/regulatory fibroblasts","2"
"N387690_CELL10781_N2","PCA_no_Harmony",-5.17900745116532,0.758155509467437,"N387690","Normal","Homeostatic/regulatory fibroblasts","2"
"N387690_CELL10871_N3","PCA_no_Harmony",-5.55003272287906,-0.660074547295259,"N387690","Normal","Homeostatic/regulatory fibroblasts","2"
"N387690_CELL10951_N2","PCA_no_Harmony",-5.34114881895841,-1.06496460772006,"N387690","Normal","Homeostatic/regulatory fibroblasts","2"
"N387690_CELL10988_N2","PCA_no_Harmony",-4.06378783576549,-0.0337622914358837,"N387690","Normal","Homeostatic/regulatory fibroblasts","2"
"N387690_CELL11123_N2","PCA_no_Harmony",-4.39801986806453,0.975495978827788,"N387690","Normal","Homeostatic/regulatory fibroblasts","2"
"N387690_CELL11214_N2","PCA_no_Harmony",-4.98293443315089,1.26355235242398,"N387690","Normal","Homeostatic/regulatory fibroblasts","2"
"N387690_CELL11231_N2","PCA_no_Harmony",-5.38205649249614,-0.267521217827485,"N387690","Normal","Homeostatic/regulatory fibroblasts","2"
"N387690_CELL11336_N3","PCA_no_Harmony",-5.4895612477547,-1.0006068501517,"N387690","Normal","Homeostatic/regulatory fibroblasts","2"
"N387690_CELL11516_N4","PCA_no_Harmony",-6.84910776012004,0.982466384406401,"N387690","Normal","Homeostatic/regulatory fibroblasts","2"
"N387690_CELL11610_N2","PCA_no_Harmony",-4.78127582662166,-0.921828583244966,"N387690","Normal","Homeostatic/regulatory fibroblasts","2"
"N387690_CELL11624_N2","PCA_no_Harmony",-5.33318248682082,1.70808474683316,"N387690","Normal","Homeostatic/regulatory fibroblasts","2"
"N387690_CELL11685_N2","PCA_no_Harmony",-4.13820471160472,-0.355252102379487,"N387690","Normal","ECM-producing fibroblasts","2"
"N387690_CELL11737_N2","PCA_no_Harmony",-5.88746829621852,0.62003199719937,"N387690","Normal","Homeostatic/regulatory fibroblasts","2"
"N387690_CELL11864_N3","PCA_no_Harmony",-5.7174610673672,-1.25963147020786,"N387690","Normal","Homeostatic/regulatory fibroblasts","2"
"N387690_CELL12009_N2","PCA_no_Harmony",-3.71543528430522,1.0460707392648,"N387690","Normal","Homeostatic/regulatory fibroblasts","2"
"N387690_CELL12013_N2","PCA_no_Harmony",-5.91929151408733,-0.681527451042817,"N387690","Normal","Homeostatic/regulatory fibroblasts","2"
"N387690_CELL12032_N2","PCA_no_Harmony",-5.04463421099246,-0.298802689079927,"N387690","Normal","Homeostatic/regulatory fibroblasts","2"
"N387690_CELL12180_N2","PCA_no_Harmony",3.58264861710011,-4.7254718098685,"N387690","Normal","Matrix-remodeling fibroblasts","0"
"N387690_CELL12201_N3","PCA_no_Harmony",-5.12280138872922,1.17065493726285,"N387690","Normal","Homeostatic/regulatory fibroblasts","2"
"N387690_CELL12225_N2","PCA_no_Harmony",-5.11995563201964,0.339254542823149,"N387690","Normal","Homeostatic/regulatory fibroblasts","2"
"N387690_CELL12532_N2","PCA_no_Harmony",-6.18592204444469,0.331155463691069,"N387690","Normal","Homeostatic/regulatory fibroblasts","2"
"N387690_CELL12554_N2","PCA_no_Harmony",-4.44477476470531,0.273429080481841,"N387690","Normal","Homeostatic/regulatory fibroblasts","2"
"N387690_CELL12600_N2","PCA_no_Harmony",-5.22445074387253,1.01718299054654,"N387690","Normal","Homeostatic/regulatory fibroblasts","2"
"N387690_CELL12652_N2","PCA_no_Harmony",2.90406642563283,-4.30623038149326,"N387690","Normal","Homeostatic/regulatory fibroblasts","0"
"N387690_CELL12834_N2","PCA_no_Harmony",-6.81196989409984,0.79613177442105,"N387690","Normal","Homeostatic/regulatory fibroblasts","2"
"N387690_CELL13111_N2","PCA_no_Harmony",-5.37502989463866,1.71967475080044,"N387690","Normal","Homeostatic/regulatory fibroblasts","2"
"N387690_CELL13137_N2","PCA_no_Harmony",-4.77172850363315,-0.747856453423188,"N387690","Normal","Homeostatic/regulatory fibroblasts","2"
"N387690_CELL13168_N2","PCA_no_Harmony",-6.71056272380412,0.830417319770171,"N387690","Normal","Homeostatic/regulatory fibroblasts","2"
"N387690_CELL13400_N1","PCA_no_Harmony",-4.77425454847873,1.0760361399606,"N387690","Normal","ECM-producing fibroblasts","2"
"N387690_CELL13518_N1","PCA_no_Harmony",-5.59422554366649,-0.810451820854829,"N387690","Normal","Homeostatic/regulatory fibroblasts","2"
"N387690_CELL13708_N1","PCA_no_Harmony",3.51294742233693,-4.81293447351901,"N387690","Normal","Homeostatic/regulatory fibroblasts","0"
"N387690_CELL13917_N1","PCA_no_Harmony",-5.70170988433421,1.35085456037076,"N387690","Normal","Homeostatic/regulatory fibroblasts","2"
"N387690_CELL14005_N1","PCA_no_Harmony",-6.57739927165568,1.77826850080044,"N387690","Normal","Homeostatic/regulatory fibroblasts","2"
"N387690_CELL14114_N1","PCA_no_Harmony",-5.55804007046283,0.786093398566558,"N387690","Normal","Homeostatic/regulatory fibroblasts","2"
"N387690_CELL14242_N1","PCA_no_Harmony",-4.88130070560039,1.67735926770718,"N387690","Normal","Homeostatic/regulatory fibroblasts","2"
"N387690_CELL14327_N1","PCA_no_Harmony",-4.07069017283977,1.24631564282925,"N387690","Normal","Homeostatic/regulatory fibroblasts","2"
"N387690_CELL14331_N1","PCA_no_Harmony",-5.7105330108887,1.05340163373501,"N387690","Normal","Homeostatic/regulatory fibroblasts","2"
"N387690_CELL14504_N1","PCA_no_Harmony",-4.89223309152186,0.385841056342437,"N387690","Normal","Homeostatic/regulatory fibroblasts","2"
"N387690_CELL14520_N1","PCA_no_Harmony",-4.50633700482905,-0.111495808128999,"N387690","Normal","Homeostatic/regulatory fibroblasts","2"
"N387690_CELL14677_N1","PCA_no_Harmony",-4.07084073417247,0.427703067298247,"N387690","Normal","Homeostatic/regulatory fibroblasts","2"
"N387690_CELL14707_N1","PCA_no_Harmony",-4.26711251132548,1.29273478650601,"N387690","Normal","Homeostatic/regulatory fibroblasts","2"
"N387690_CELL14757_N1","PCA_no_Harmony",-5.38682693533958,-0.0640323910757763,"N387690","Normal","Homeostatic/regulatory fibroblasts","2"
"N387690_CELL15052_N1","PCA_no_Harmony",-5.26676266186298,0.469482585425689,"N387690","Normal","Homeostatic/regulatory fibroblasts","2"
"N387690_CELL15144_N1","PCA_no_Harmony",-6.87744976871074,0.554143592353179,"N387690","Normal","Homeostatic/regulatory fibroblasts","2"
"N387690_CELL15190_N1","PCA_no_Harmony",-5.75978042476237,1.07161776685269,"N387690","Normal","Homeostatic/regulatory fibroblasts","2"
"N387690_CELL15208_N1","PCA_no_Harmony",3.61540542252004,-4.66448290682285,"N387690","Normal","Matrix-remodeling fibroblasts","0"
"N387690_CELL15284_N1","PCA_no_Harmony",-5.64571644656718,-1.54095251894443,"N387690","Normal","Homeostatic/regulatory fibroblasts","2"
"N387690_CELL15602_N1","PCA_no_Harmony",-3.72489919059337,1.28561179303677,"N387690","Normal","Homeostatic/regulatory fibroblasts","2"
"N387690_CELL15676_N1","PCA_no_Harmony",-5.63216172449649,1.4957834925607,"N387690","Normal","Homeostatic/regulatory fibroblasts","2"
"N387690_CELL15721_N1","PCA_no_Harmony",4.07297073013722,-4.47083957529514,"N387690","Normal","Matrix-remodeling fibroblasts","0"
"N387690_CELL15777_N1","PCA_no_Harmony",-5.21068138920129,1.64581458234341,"N387690","Normal","Homeostatic/regulatory fibroblasts","2"
"N387690_CELL15787_N1","PCA_no_Harmony",-6.0356624304539,0.317571803565337,"N387690","Normal","Homeostatic/regulatory fibroblasts","2"
"N387690_CELL15796_N1","PCA_no_Harmony",-7.23813177936137,0.521688624854399,"N387690","Normal","Homeostatic/regulatory fibroblasts","2"
"N387690_CELL15927_N1","PCA_no_Harmony",-5.86551703803599,-1.96148903704135,"N387690","Normal","Homeostatic/regulatory fibroblasts","2"
"N387690_CELL16076_N1","PCA_no_Harmony",-5.49626802198947,1.12814013623746,"N387690","Normal","Homeostatic/regulatory fibroblasts","2"
"N387690_CELL16196_N1","PCA_no_Harmony",-6.49465908401073,0.0462710108712452,"N387690","Normal","ECM-producing fibroblasts","2"
"N387690_CELL16327_N1","PCA_no_Harmony",-6.19635965220988,-1.86956007814853,"N387690","Normal","Homeostatic/regulatory fibroblasts","2"
"N387690_CELL16328_N1","PCA_no_Harmony",3.07247291214406,-3.95562513208835,"N387690","Normal","Homeostatic/regulatory fibroblasts","0"
"N387690_CELL16368_N1","PCA_no_Harmony",-4.6763342797047,1.28602759503873,"N387690","Normal","Homeostatic/regulatory fibroblasts","2"
"N387690_CELL16444_N1","PCA_no_Harmony",-6.09418799274028,-1.93820984697788,"N387690","Normal","Homeostatic/regulatory fibroblasts","2"
"N387690_CELL16480_N1","PCA_no_Harmony",-5.49000639014304,1.71698920392544,"N387690","Normal","Homeostatic/regulatory fibroblasts","2"
"N387690_CELL16661_N1","PCA_no_Harmony",-5.59496589295924,-0.924432590965913,"N387690","Normal","Homeostatic/regulatory fibroblasts","2"
"N387690_CELL16681_N1","PCA_no_Harmony",-4.80659084312976,-0.0510633740469677,"N387690","Normal","Homeostatic/regulatory fibroblasts","2"
"N387690_CELL16825_N1","PCA_no_Harmony",-6.32084299914897,-1.78264267778842,"N387690","Normal","Homeostatic/regulatory fibroblasts","2"
"N387690_CELL16881_N1","PCA_no_Harmony",-3.56565048091472,0.571205779548003,"N387690","Normal","ECM-producing fibroblasts","2"
"N387690_CELL17065_N1","PCA_no_Harmony",-4.63858874433101,1.62057368421109,"N387690","Normal","Homeostatic/regulatory fibroblasts","2"
"N387690_CELL17160_N1","PCA_no_Harmony",-4.79662932746471,0.624083205695464,"N387690","Normal","Homeostatic/regulatory fibroblasts","2"
"N387690_CELL17338_N1","PCA_no_Harmony",-4.20013763301433,-0.132842377190278,"N387690","Normal","Homeostatic/regulatory fibroblasts","2"
"N387690_CELL17356_N1","PCA_no_Harmony",-5.15548427693904,0.916117354865386,"N387690","Normal","Homeostatic/regulatory fibroblasts","2"
"N387690_CELL17497_N1","PCA_no_Harmony",5.10557590134084,-2.41311056948154,"N387690","Normal","Homeostatic/regulatory fibroblasts","0"
"N387690_CELL17766_N1","PCA_no_Harmony",-4.14873804442943,0.822280570502593,"N387690","Normal","Homeostatic/regulatory fibroblasts","2"
"N387690_CELL17784_N1","PCA_no_Harmony",-6.85038878314555,1.14467017316373,"N387690","Normal","Homeostatic/regulatory fibroblasts","2"
"N387690_CELL17808_N1","PCA_no_Harmony",-6.98329152457774,0.130071326728179,"N387690","Normal","ECM-producing fibroblasts","2"
"N387690_CELL17887_N1","PCA_no_Harmony",-6.1263087569958,-1.70055754518955,"N387690","Normal","Homeostatic/regulatory fibroblasts","2"
"N387690_CELL18077_N1","PCA_no_Harmony",-4.89593898050845,0.893843337531401,"N387690","Normal","Homeostatic/regulatory fibroblasts","2"
"N387690_CELL18532_N1","PCA_no_Harmony",-5.4570540665871,1.70009772443326,"N387690","Normal","Homeostatic/regulatory fibroblasts","2"
"N387690_CELL18587_N1","PCA_no_Harmony",2.10631547577321,-4.00988228655307,"N387690","Normal","Homeostatic/regulatory fibroblasts","2"
"N387690_CELL18607_N1","PCA_no_Harmony",-4.85177628986896,1.68563239240201,"N387690","Normal","Homeostatic/regulatory fibroblasts","2"
"N387690_CELL18650_N1","PCA_no_Harmony",-5.10133765928805,0.982415839667632,"N387690","Normal","Homeostatic/regulatory fibroblasts","2"
"N387690_CELL18876_N1","PCA_no_Harmony",-6.28577353351176,-1.40057928896396,"N387690","Normal","Homeostatic/regulatory fibroblasts","2"
"N387690_CELL18900_N1","PCA_no_Harmony",-4.61066438548625,1.41875617169888,"N387690","Normal","Homeostatic/regulatory fibroblasts","2"
"N387690_CELL18905_N1","PCA_no_Harmony",-3.93039037578166,0.750881835456206,"N387690","Normal","Homeostatic/regulatory fibroblasts","2"
"N387690_CELL18953_N1","PCA_no_Harmony",-4.61836727254451,-0.645595386986421,"N387690","Normal","Homeostatic/regulatory fibroblasts","2"
"N387690_CELL19154_N1","PCA_no_Harmony",-7.01660086505473,0.387593432898833,"N387690","Normal","Homeostatic/regulatory fibroblasts","2"
"N387690_CELL19367_N1","PCA_no_Harmony",-5.71842302672923,0.77325694226773,"N387690","Normal","Homeostatic/regulatory fibroblasts","2"
"N387690_CELL19370_N1","PCA_no_Harmony",-6.29088236682475,-0.09500010347812,"N387690","Normal","Homeostatic/regulatory fibroblasts","2"
"N387690_CELL19514_N1","PCA_no_Harmony",-5.14001844369233,1.59647910260709,"N387690","Normal","Homeostatic/regulatory fibroblasts","2"
"N387690_CELL19986_N1","PCA_no_Harmony",3.41836867935597,-4.6314240250632,"N387690","Normal","Homeostatic/regulatory fibroblasts","0"
"N387690_CELL20338_N1","PCA_no_Harmony",-6.2499197899586,1.01777331494839,"N387690","Normal","Homeostatic/regulatory fibroblasts","2"
"N387690_CELL20382_N1","PCA_no_Harmony",3.05808196670949,-4.22652418947666,"N387690","Normal","Homeostatic/regulatory fibroblasts","0"
"N387690_CELL20593_N1","PCA_no_Harmony",-3.65794207446635,0.457717105384185,"N387690","Normal","ECM-producing fibroblasts","2"
"N387690_CELL20615_N1","PCA_no_Harmony",-6.36999656550944,0.916636153693511,"N387690","Normal","Homeostatic/regulatory fibroblasts","2"
"N387690_CELL20716_N1","PCA_no_Harmony",-4.65153540961803,0.882845565314605,"N387690","Normal","Homeostatic/regulatory fibroblasts","2"
"N387690_CELL20809_N1","PCA_no_Harmony",-5.63952051394046,-0.589423492912934,"N387690","Normal","Homeostatic/regulatory fibroblasts","2"
"N387690_CELL20890_N1","PCA_no_Harmony",-4.06570555560649,-0.00043900347201653,"N387690","Normal","Homeostatic/regulatory fibroblasts","2"
"N387690_CELL20940_N1","PCA_no_Harmony",2.27114949829518,-4.1122659001395,"N387690","Normal","Homeostatic/regulatory fibroblasts","0"
"N387690_CELL20959_N1","PCA_no_Harmony",-5.12511159770549,0.460678264136626,"N387690","Normal","Homeostatic/regulatory fibroblasts","2"
"N387690_CELL21237_N1","PCA_no_Harmony",-4.05200757377208,0.375600024695708,"N387690","Normal","Homeostatic/regulatory fibroblasts","2"
"N387690_CELL21242_N1","PCA_no_Harmony",-6.77527238719524,0.506738349433257,"N387690","Normal","Homeostatic/regulatory fibroblasts","2"
"N387690_CELL21451_N1","PCA_no_Harmony",-6.27401747100413,1.24672190808804,"N387690","Normal","Homeostatic/regulatory fibroblasts","2"
"N387690_CELL21567_N1","PCA_no_Harmony",-4.81014176003993,-0.590033367638276,"N387690","Normal","Homeostatic/regulatory fibroblasts","2"
"N387690_CELL21636_N1","PCA_no_Harmony",-6.68542827956737,1.78229491376431,"N387690","Normal","Homeostatic/regulatory fibroblasts","2"
"N387690_CELL21668_N1","PCA_no_Harmony",-4.22092236869395,0.822983428473784,"N387690","Normal","ECM-producing fibroblasts","2"
"N387690_CELL21788_N1","PCA_no_Harmony",-5.57079203717769,1.7638556208566,"N387690","Normal","Homeostatic/regulatory fibroblasts","2"
"N387690_CELL22185_N1","PCA_no_Harmony",-4.35289915196956,-0.295958355431245,"N387690","Normal","Homeostatic/regulatory fibroblasts","2"
"N387690_CELL22358_N1","PCA_no_Harmony",-5.72588466398776,-1.49029095507114,"N387690","Normal","Homeostatic/regulatory fibroblasts","2"
"N387690_CELL22399_N1","PCA_no_Harmony",-5.35615325264991,1.034904166694,"N387690","Normal","Homeostatic/regulatory fibroblasts","2"
"N387690_CELL22433_N1","PCA_no_Harmony",-3.97034360759318,1.17896239423306,"N387690","Normal","ECM-producing fibroblasts","2"
"N387690_CELL22642_N1","PCA_no_Harmony",-5.45998813502849,-1.86554081774204,"N387690","Normal","Homeostatic/regulatory fibroblasts","2"
"N387690_CELL22657_N1","PCA_no_Harmony",-6.20386012189448,-1.55731423235385,"N387690","Normal","Homeostatic/regulatory fibroblasts","2"
"N387690_CELL22759_N1","PCA_no_Harmony",-4.36713119142116,-0.0481074605032665,"N387690","Normal","Homeostatic/regulatory fibroblasts","2"
"N387690_CELL22827_N1","PCA_no_Harmony",2.23689065582692,2.54970805310757,"N387690","Normal","ECM-producing fibroblasts","1"
"N387690_CELL22936_N1","PCA_no_Harmony",-5.32685786031545,-1.06655104494541,"N387690","Normal","Homeostatic/regulatory fibroblasts","2"
"N387690_CELL22944_N1","PCA_no_Harmony",-5.87899460189403,0.392920657630278,"N387690","Normal","Homeostatic/regulatory fibroblasts","2"
"N387690_CELL23098_N1","PCA_no_Harmony",-5.70482601516307,1.51833884381802,"N387690","Normal","Homeostatic/regulatory fibroblasts","2"
"N387690_CELL23353_N1","PCA_no_Harmony",2.82311282761037,-4.16747744417636,"N387690","Normal","Homeostatic/regulatory fibroblasts","0"
"N387690_CELL23365_N1","PCA_no_Harmony",-6.44893767230571,0.697876616950347,"N387690","Normal","Homeostatic/regulatory fibroblasts","2"
"N387690_CELL23371_N1","PCA_no_Harmony",-5.56307702057422,1.371085807319,"N387690","Normal","Homeostatic/regulatory fibroblasts","2"
"N387690_CELL23678_N1","PCA_no_Harmony",-5.03591177158416,0.986508056159331,"N387690","Normal","Homeostatic/regulatory fibroblasts","2"
"N387690_CELL23683_N1","PCA_no_Harmony",-4.45681204192699,-0.475134209160493,"N387690","Normal","Homeostatic/regulatory fibroblasts","2"
"N387690_CELL23687_N1","PCA_no_Harmony",-6.79558457725108,0.976481124396636,"N387690","Normal","Homeostatic/regulatory fibroblasts","2"
"N387690_CELL23969_N1","PCA_no_Harmony",-3.78292264335216,0.860957786078765,"N387690","Normal","ECM-producing fibroblasts","2"
"N387690_CELL24223_N1","PCA_no_Harmony",-4.03114046447337,1.03932349347623,"N387690","Normal","ECM-producing fibroblasts","2"
"N387690_CELL24463_N1","PCA_no_Harmony",2.61973653442799,-4.46145804262607,"N387690","Normal","Homeostatic/regulatory fibroblasts","2"
"N387690_CELL24542_N1","PCA_no_Harmony",-5.33117243193448,1.76347319745572,"N387690","Normal","Homeostatic/regulatory fibroblasts","2"
"N387690_CELL24571_N1","PCA_no_Harmony",-5.42920631461204,-1.15774805880039,"N387690","Normal","Homeostatic/regulatory fibroblasts","2"
"N387690_CELL24707_N1","PCA_no_Harmony",-6.71054317348064,0.873963042731597,"N387690","Normal","Homeostatic/regulatory fibroblasts","2"
"N387690_CELL24811_N1","PCA_no_Harmony",-5.26180942833782,-0.218080357079194,"N387690","Normal","Homeostatic/regulatory fibroblasts","2"
"N387690_CELL24914_N1","PCA_no_Harmony",-3.92587413184703,1.41762320661099,"N387690","Normal","Homeostatic/regulatory fibroblasts","2"
"N387690_CELL25178_N1","PCA_no_Harmony",-5.74880315654338,-1.35916693544833,"N387690","Normal","Homeostatic/regulatory fibroblasts","2"
"N387690_CELL25306_N1","PCA_no_Harmony",-5.45049357705176,-1.18766243792026,"N387690","Normal","Homeostatic/regulatory fibroblasts","2"
"N387690_CELL25358_N1","PCA_no_Harmony",-5.35127625160277,0.686895057196929,"N387690","Normal","Homeostatic/regulatory fibroblasts","2"
"N387690_CELL25461_N1","PCA_no_Harmony",-5.14291569881499,1.76599375867398,"N387690","Normal","Homeostatic/regulatory fibroblasts","2"
"N387690_CELL25723_N1","PCA_no_Harmony",-6.91805352561534,1.03247801923306,"N387690","Normal","Homeostatic/regulatory fibroblasts","2"
"N387690_CELL25737_N1","PCA_no_Harmony",2.14655862457692,-3.87748177385776,"N387690","Normal","Homeostatic/regulatory fibroblasts","0"
"N387690_CELL26286_N1","PCA_no_Harmony",2.99809680588185,-4.01930792665927,"N387690","Normal","Homeostatic/regulatory fibroblasts","0"
"N387690_CELL26358_N1","PCA_no_Harmony",-4.8321461855656,-0.902313068871186,"N387690","Normal","Homeostatic/regulatory fibroblasts","2"
"N387690_CELL26373_N1","PCA_no_Harmony",-6.67237927310527,0.565784141059233,"N387690","Normal","Homeostatic/regulatory fibroblasts","2"
"N387690_CELL26375_N1","PCA_no_Harmony",-5.18778617225946,1.53897254132779,"N387690","Normal","Homeostatic/regulatory fibroblasts","2"
"N387690_CELL26376_N1","PCA_no_Harmony",3.09456954605519,-4.33385832643955,"N387690","Normal","Homeostatic/regulatory fibroblasts","0"
"N387690_CELL27004_N1","PCA_no_Harmony",-4.21138479106486,0.0689012255624073,"N387690","Normal","Homeostatic/regulatory fibroblasts","2"
"N387690_CELL27171_N1","PCA_no_Harmony",-4.49990065686763,1.4674050059274,"N387690","Normal","Homeostatic/regulatory fibroblasts","2"
"N387690_CELL27178_N1","PCA_no_Harmony",-5.47152701311172,0.502521678443267,"N387690","Normal","Homeostatic/regulatory fibroblasts","2"
"N387690_CELL27194_N1","PCA_no_Harmony",1.26760182983815,-1.88400538301914,"N387690","Normal","ECM-producing fibroblasts","3"
"N387690_CELL27266_N1","PCA_no_Harmony",-3.52257336967052,0.451213046546294,"N387690","Normal","ECM-producing fibroblasts","2"
"N387690_CELL27307_N1","PCA_no_Harmony",-5.86802597634852,1.9273487772897,"N387690","Normal","ECM-producing fibroblasts","2"
"N387690_CELL27560_N1","PCA_no_Harmony",-0.438769477534896,1.58893077039273,"N387690","Normal","ECM-producing fibroblasts","1"
"N387690_CELL27569_N1","PCA_no_Harmony",3.1582730830425,-4.40168054438083,"N387690","Normal","Homeostatic/regulatory fibroblasts","0"
"N387690_CELL27976_N1","PCA_no_Harmony",-5.76120819442332,1.44043700360806,"N387690","Normal","Homeostatic/regulatory fibroblasts","2"
"N387690_CELL28594_N1","PCA_no_Harmony",2.24242673523366,-4.1507967267081,"N387690","Normal","Homeostatic/regulatory fibroblasts","2"
"K183156_CELL11_N5","Harmony_sample",-2.02294677326926,-1.54467950769674,"K183156","Keloid","ECM-producing fibroblasts","3"
"K183156_CELL43_N2","Harmony_sample",-1.4318932873989,-2.41872583338033,"K183156","Keloid","ECM-producing fibroblasts","3"
"K183156_CELL63_N3","Harmony_sample",2.6582174914097,2.13106311849345,"K183156","Keloid","ECM-producing fibroblasts","2"
"K183156_CELL134_N2","Harmony_sample",3.11775452067605,-1.7239259333254,"K183156","Keloid","Matrix-remodeling fibroblasts","2"
"K183156_CELL147_N3","Harmony_sample",0.349265159866729,2.81316150716532,"K183156","Keloid","ECM-producing fibroblasts","1"
"K183156_CELL197_N3","Harmony_sample",2.8571921007847,2.41137184194315,"K183156","Keloid","ECM-producing fibroblasts","2"
"K183156_CELL217_N3","Harmony_sample",-4.89398848841437,4.92513908437479,"K183156","Keloid","Homeostatic/regulatory fibroblasts","1"
"K183156_CELL243_N4","Harmony_sample",-0.0578841550136424,2.80065597585429,"K183156","Keloid","ECM-producing fibroblasts","1"
"K183156_CELL256_N5","Harmony_sample",1.01166206767313,0.0935975461362677,"K183156","Keloid","ECM-producing fibroblasts","2"
"K183156_CELL258_N5","Harmony_sample",2.51535660197488,-4.381748065436,"K183156","Keloid","Matrix-remodeling fibroblasts","0"
"K183156_CELL273_N2","Harmony_sample",-1.51411121914633,-1.58161722131979,"K183156","Keloid","ECM-producing fibroblasts","3"
"K183156_CELL281_N1","Harmony_sample",1.4337335245823,-0.306505069220178,"K183156","Keloid","ECM-producing fibroblasts","2"
"K183156_CELL353_N3","Harmony_sample",3.08926397731058,2.69016326955546,"K183156","Keloid","ECM-producing fibroblasts","2"
"K183156_CELL373_N3","Harmony_sample",3.57589346339456,-2.8654225916506,"K183156","Keloid","Matrix-remodeling fibroblasts","0"
"K183156_CELL433_N4","Harmony_sample",-2.37987273762473,4.46573795369852,"K183156","Keloid","ECM-producing fibroblasts","1"
"K183156_CELL466_N2","Harmony_sample",0.919334472916045,-3.03342185922872,"K183156","Keloid","Homeostatic/regulatory fibroblasts","0"
"K183156_CELL470_N2","Harmony_sample",-2.74710672924765,4.28704036763895,"K183156","Keloid","ECM-producing fibroblasts","1"
"K183156_CELL473_N1","Harmony_sample",3.45166498591653,-0.233600005591027,"K183156","Keloid","Matrix-remodeling fibroblasts","2"
"K183156_CELL484_N2","Harmony_sample",2.47219616343729,1.64565528920878,"K183156","Keloid","ECM-producing fibroblasts","2"
"K183156_CELL499_N3","Harmony_sample",3.72705704142801,-2.78672157236349,"K183156","Keloid","Matrix-remodeling fibroblasts","0"
"K183156_CELL545_N2","Harmony_sample",-1.84353917668112,4.34739555410136,"K183156","Keloid","ECM-producing fibroblasts","1"
"K183156_CELL561_N7","Harmony_sample",3.07411962916605,-3.6382747740389,"K183156","Keloid","Matrix-remodeling fibroblasts","0"
"K183156_CELL638_N2","Harmony_sample",1.28619772364847,-4.98144112535726,"K183156","Keloid","Homeostatic/regulatory fibroblasts","0"
"K183156_CELL644_N4","Harmony_sample",3.21294123103372,1.56734813741434,"K183156","Keloid","ECM-producing fibroblasts","2"
"K183156_CELL654_N3","Harmony_sample",3.32636267115823,2.03446735433329,"K183156","Keloid","ECM-producing fibroblasts","2"
"K183156_CELL673_N2","Harmony_sample",0.0156164782261037,1.93012394002665,"K183156","Keloid","ECM-producing fibroblasts","2"
"K183156_CELL691_N4","Harmony_sample",1.05445105006448,0.274539127862342,"K183156","Keloid","ECM-producing fibroblasts","2"
"K183156_CELL708_N3","Harmony_sample",-3.58942478726157,3.99655593923319,"K183156","Keloid","ECM-producing fibroblasts","1"
"K183156_CELL755_N3","Harmony_sample",3.08378940989725,2.65643180898417,"K183156","Keloid","ECM-producing fibroblasts","2"
"K183156_CELL762_N2","Harmony_sample",1.01023584773294,-4.29896436640035,"K183156","Keloid","Homeostatic/regulatory fibroblasts","0"
"K183156_CELL765_N2","Harmony_sample",-2.12076538632163,-1.95137868829977,"K183156","Keloid","ECM-producing fibroblasts","3"
"K183156_CELL793_N2","Harmony_sample",-0.359169421889863,3.60675586751688,"K183156","Keloid","ECM-producing fibroblasts","1"
"K183156_CELL820_N3","Harmony_sample",2.21892887522928,-2.85408435770284,"K183156","Keloid","Matrix-remodeling fibroblasts","0"
"K183156_CELL890_N3","Harmony_sample",-0.366337476470552,-3.3188556284548,"K183156","Keloid","Matrix-remodeling fibroblasts","0"
"K183156_CELL928_N4","Harmony_sample",2.84014707972757,2.43311370900858,"K183156","Keloid","ECM-producing fibroblasts","2"
"K183156_CELL962_N3","Harmony_sample",2.38127809931985,-1.44954572626363,"K183156","Keloid","Matrix-remodeling fibroblasts","2"
"K183156_CELL1019_N5","Harmony_sample",-1.79119533131369,4.31839717916239,"K183156","Keloid","ECM-producing fibroblasts","1"
"K183156_CELL1056_N3","Harmony_sample",3.58739859034769,-0.461202964270226,"K183156","Keloid","ECM-producing fibroblasts","2"
"K183156_CELL1080_N2","Harmony_sample",0.916761459610381,-4.84750925012838,"K183156","Keloid","Homeostatic/regulatory fibroblasts","0"
"K183156_CELL1105_N3","Harmony_sample",-2.23016685078391,4.64485611013163,"K183156","Keloid","ECM-producing fibroblasts","1"
"K183156_CELL1129_N3","Harmony_sample",3.68687349726907,-3.03738246866476,"K183156","Keloid","Matrix-remodeling fibroblasts","0"
"K183156_CELL1265_N5","Harmony_sample",-0.560632644393525,-2.97984729715597,"K183156","Keloid","ECM-producing fibroblasts","0"
"K183156_CELL1278_N2","Harmony_sample",3.28408438136331,-0.715658530676476,"K183156","Keloid","Matrix-remodeling fibroblasts","2"
"K183156_CELL1314_N3","Harmony_sample",2.85506969859354,-2.11920009561788,"K183156","Keloid","Matrix-remodeling fibroblasts","0"
"K183156_CELL1374_N4","Harmony_sample",-1.97019356320151,-1.59749828287374,"K183156","Keloid","ECM-producing fibroblasts","3"
"K183156_CELL1393_N6","Harmony_sample",-1.5427581650997,4.06569160512675,"K183156","Keloid","ECM-producing fibroblasts","1"
"K183156_CELL1402_N2","Harmony_sample",1.72068697383157,1.25437988332499,"K183156","Keloid","ECM-producing fibroblasts","2"
"K183156_CELL1420_N2","Harmony_sample",-0.566420493819795,-3.6924968809725,"K183156","Keloid","Homeostatic/regulatory fibroblasts","0"
"K183156_CELL1441_N5","Harmony_sample",0.601403297684111,-0.465560302221887,"K183156","Keloid","ECM-producing fibroblasts","2"
"K183156_CELL1444_N2","Harmony_sample",1.73771816661111,-0.556170329535119,"K183156","Keloid","ECM-producing fibroblasts","2"
"K183156_CELL1454_N2","Harmony_sample",-5.0256968123699,4.79724754384745,"K183156","Keloid","Homeostatic/regulatory fibroblasts","1"
"K183156_CELL1489_N5","Harmony_sample",1.62041002681009,-1.51713500925314,"K183156","Keloid","ECM-producing fibroblasts","3"
"K183156_CELL1614_N2","Harmony_sample",3.52471834590188,-3.01725851007711,"K183156","Keloid","Matrix-remodeling fibroblasts","0"
"K183156_CELL1662_N2","Harmony_sample",3.1293712275242,2.28657592824686,"K183156","Keloid","ECM-producing fibroblasts","2"
"K183156_CELL1675_N4","Harmony_sample",2.75064188410989,0.700251236474402,"K183156","Keloid","ECM-producing fibroblasts","2"
"K183156_CELL1694_N3","Harmony_sample",0.260709823868194,-3.64162646242391,"K183156","Keloid","Homeostatic/regulatory fibroblasts","0"
"K183156_CELL1727_N2","Harmony_sample",3.84872442652933,-1.69698463388693,"K183156","Keloid","Matrix-remodeling fibroblasts","0"
"K183156_CELL1729_N3","Harmony_sample",-1.95363181660422,-1.84045301386129,"K183156","Keloid","ECM-producing fibroblasts","3"
"K183156_CELL1811_N3","Harmony_sample",-0.0199083668971873,3.5008579640745,"K183156","Keloid","ECM-producing fibroblasts","1"
"K183156_CELL1827_N2","Harmony_sample",2.05511051585428,1.25773967794169,"K183156","Keloid","ECM-producing fibroblasts","2"
"K183156_CELL1828_N6","Harmony_sample",2.78592783381692,2.65884555867899,"K183156","Keloid","ECM-producing fibroblasts","2"
"K183156_CELL1884_N3","Harmony_sample",1.42647701670877,0.242560043847449,"K183156","Keloid","ECM-producing fibroblasts","2"
"K183156_CELL1943_N4","Harmony_sample",3.55202490260355,0.296592846429236,"K183156","Keloid","ECM-producing fibroblasts","2"
"K183156_CELL1957_N2","Harmony_sample",3.57401138713113,-2.87639556833517,"K183156","Keloid","Matrix-remodeling fibroblasts","0"
"K183156_CELL1963_N3","Harmony_sample",-2.16256338188895,-1.97002397485983,"K183156","Keloid","ECM-producing fibroblasts","3"
"K183156_CELL1973_N3","Harmony_sample",1.24231344630472,-4.8539844603182,"K183156","Keloid","Homeostatic/regulatory fibroblasts","0"
"K183156_CELL1979_N4","Harmony_sample",3.27069145610086,-0.417059764349572,"K183156","Keloid","Matrix-remodeling fibroblasts","2"
"K183156_CELL2019_N4","Harmony_sample",-0.888294397094331,-0.866461142981164,"K183156","Keloid","ECM-producing fibroblasts","2"
"K183156_CELL2048_N3","Harmony_sample",-1.10291522572287,4.07387889913309,"K183156","Keloid","ECM-producing fibroblasts","1"
"K183156_CELL2078_N2","Harmony_sample",0.658059181473174,-0.33627639719259,"K183156","Keloid","ECM-producing fibroblasts","2"
"K183156_CELL2081_N2","Harmony_sample",-0.93945258686789,-4.22383366533529,"K183156","Keloid","ECM-producing fibroblasts","3"
"K183156_CELL2091_N3","Harmony_sample",1.59844309260599,-1.24335895487081,"K183156","Keloid","ECM-producing fibroblasts","2"
"K183156_CELL2113_N3","Harmony_sample",3.47623449733011,-2.69942317911398,"K183156","Keloid","Matrix-remodeling fibroblasts","0"
"K183156_CELL2138_N3","Harmony_sample",0.830090584061065,-0.335908278906457,"K183156","Keloid","ECM-producing fibroblasts","2"
"K183156_CELL2159_N5","Harmony_sample",3.3492255823826,2.05231823018778,"K183156","Keloid","ECM-producing fibroblasts","2"
"K183156_CELL2178_N3","Harmony_sample",-4.36420410702475,4.91385997823466,"K183156","Keloid","Matrix-remodeling fibroblasts","1"
"K183156_CELL2231_N4","Harmony_sample",1.45052820613138,-3.03237377115499,"K183156","Keloid","Homeostatic/regulatory fibroblasts","0"
"K183156_CELL2242_N2","Harmony_sample",-0.343137918212495,3.38599075368632,"K183156","Keloid","ECM-producing fibroblasts","1"
"K183156_CELL2337_N3","Harmony_sample",1.8187456743931,-1.61516223856222,"K183156","Keloid","ECM-producing fibroblasts","2"
"K183156_CELL2359_N3","Harmony_sample",1.74829870631448,1.39297069600809,"K183156","Keloid","ECM-producing fibroblasts","2"
"K183156_CELL2371_N2","Harmony_sample",-0.235368667342744,-0.850731238806359,"K183156","Keloid","ECM-producing fibroblasts","2"
"K183156_CELL2428_N2","Harmony_sample",3.43860393931619,-0.435642585241906,"K183156","Keloid","Matrix-remodeling fibroblasts","2"
"K183156_CELL2433_N2","Harmony_sample",3.09225994517557,-2.75874362894308,"K183156","Keloid","Matrix-remodeling fibroblasts","0"
"K183156_CELL2447_N3","Harmony_sample",-1.95050376484641,-2.36501251169454,"K183156","Keloid","ECM-producing fibroblasts","3"
"K183156_CELL2454_N4","Harmony_sample",1.99260145594827,-5.92837797113668,"K183156","Keloid","Matrix-remodeling fibroblasts","0"
"K183156_CELL2473_N2","Harmony_sample",-2.10110872814902,-1.58742223688375,"K183156","Keloid","ECM-producing fibroblasts","3"
"K183156_CELL2499_N3","Harmony_sample",2.13586002757303,0.741433754479774,"K183156","Keloid","ECM-producing fibroblasts","2"
"K183156_CELL2529_N3","Harmony_sample",0.347888530990996,3.3938490300535,"K183156","Keloid","ECM-producing fibroblasts","1"
"K183156_CELL2551_N2","Harmony_sample",-4.85506272146948,4.9217039494871,"K183156","Keloid","Homeostatic/regulatory fibroblasts","1"
"K183156_CELL2555_N3","Harmony_sample",0.162935318252959,1.05442012838114,"K183156","Keloid","ECM-producing fibroblasts","2"
"K183156_CELL2620_N2","Harmony_sample",2.2800436632847,2.09940303853739,"K183156","Keloid","ECM-producing fibroblasts","2"
"K183156_CELL2649_N3","Harmony_sample",-0.120510993697724,3.60042823842753,"K183156","Keloid","ECM-producing fibroblasts","1"
"K183156_CELL2658_N3","Harmony_sample",2.74592262675516,2.1144997029661,"K183156","Keloid","ECM-producing fibroblasts","2"
"K183156_CELL2748_N3","Harmony_sample",-0.622534452178559,3.09696544698466,"K183156","Keloid","ECM-producing fibroblasts","1"
"K183156_CELL2769_N3","Harmony_sample",-1.01957338879355,-2.99020706125509,"K183156","Keloid","ECM-producing fibroblasts","0"
"K183156_CELL2775_N2","Harmony_sample",1.39265781810037,-6.25931362816107,"K183156","Keloid","Matrix-remodeling fibroblasts","0"
"K183156_CELL2778_N4","Harmony_sample",2.72291428019754,-1.24962173410665,"K183156","Keloid","Matrix-remodeling fibroblasts","2"
"K183156_CELL2827_N2","Harmony_sample",2.70483023097269,1.59535373738993,"K183156","Keloid","ECM-producing fibroblasts","2"
"K183156_CELL2846_N2","Harmony_sample",1.08209949900857,2.56733860067118,"K183156","Keloid","ECM-producing fibroblasts","2"
"K183156_CELL2938_N4","Harmony_sample",1.35894638468973,0.639287605798133,"K183156","Keloid","ECM-producing fibroblasts","2"
"K183156_CELL2945_N4","Harmony_sample",3.54700857569925,-2.62512193628561,"K183156","Keloid","Matrix-remodeling fibroblasts","0"
"K183156_CELL2946_N3","Harmony_sample",-1.92249411175498,-2.05640350290548,"K183156","Keloid","ECM-producing fibroblasts","3"
"K183156_CELL2958_N2","Harmony_sample",1.53417354991189,-6.7933302969576,"K183156","Keloid","Matrix-remodeling fibroblasts","0"
"K183156_CELL2981_N2","Harmony_sample",-2.50517815182456,0.131623878991492,"K183156","Keloid","ECM-producing fibroblasts","3"
"K183156_CELL2982_N2","Harmony_sample",-0.445980487563691,-3.18592606493246,"K183156","Keloid","Matrix-remodeling fibroblasts","0"
"K183156_CELL3016_N5","Harmony_sample",1.02160650660745,0.143503799950965,"K183156","Keloid","ECM-producing fibroblasts","2"
"K183156_CELL3046_N3","Harmony_sample",1.36783272197,0.120365753686317,"K183156","Keloid","ECM-producing fibroblasts","2"
"K183156_CELL3060_N2","Harmony_sample",3.71215778758279,-2.94164930292379,"K183156","Keloid","Matrix-remodeling fibroblasts","0"
"K183156_CELL3087_N5","Harmony_sample",3.30116373469583,1.49245609334696,"K183156","Keloid","ECM-producing fibroblasts","2"
"K183156_CELL3120_N2","Harmony_sample",2.68367821147195,-3.38972865053426,"K183156","Keloid","Matrix-remodeling fibroblasts","0"
"K183156_CELL3150_N3","Harmony_sample",2.09150082041971,-4.76978074022543,"K183156","Keloid","Matrix-remodeling fibroblasts","0"
"K183156_CELL3175_N3","Harmony_sample",3.59749847819559,-2.5056494326235,"K183156","Keloid","Matrix-remodeling fibroblasts","0"
"K183156_CELL3188_N3","Harmony_sample",2.2009421007847,-1.54005561777364,"K183156","Keloid","Matrix-remodeling fibroblasts","2"
"K183156_CELL3213_N3","Harmony_sample",1.1753450052952,-5.17936645456564,"K183156","Keloid","Homeostatic/regulatory fibroblasts","0"
"K183156_CELL3229_N6","Harmony_sample",2.08112436702005,0.269808426415809,"K183156","Keloid","ECM-producing fibroblasts","2"
"K183156_CELL3282_N3","Harmony_sample",0.292358459732451,-4.10968337961446,"K183156","Keloid","Homeostatic/regulatory fibroblasts","0"
"K183156_CELL3331_N2","Harmony_sample",2.88545519282571,-1.51274333902609,"K183156","Keloid","ECM-producing fibroblasts","0"
"K183156_CELL3334_N3","Harmony_sample",-2.34266680310019,-2.08832107492696,"K183156","Keloid","ECM-producing fibroblasts","3"
"K183156_CELL3366_N2","Harmony_sample",-0.701015411117158,-4.38367091127645,"K183156","Keloid","Homeostatic/regulatory fibroblasts","0"
"K183156_CELL3417_N2","Harmony_sample",-1.29952543804892,-1.23775993295919,"K183156","Keloid","ECM-producing fibroblasts","2"
"K183156_CELL3422_N3","Harmony_sample",2.77449613978616,-1.06672988840353,"K183156","Keloid","Matrix-remodeling fibroblasts","2"
"K183156_CELL3434_N3","Harmony_sample",-1.26477593014487,3.40868534139384,"K183156","Keloid","ECM-producing fibroblasts","1"
"K183156_CELL3519_N5","Harmony_sample",0.704742492935576,-3.11135040231954,"K183156","Keloid","Homeostatic/regulatory fibroblasts","0"
"K183156_CELL3538_N3","Harmony_sample",0.722249092361846,-4.56475244470846,"K183156","Keloid","Homeostatic/regulatory fibroblasts","0"
"K183156_CELL3547_N3","Harmony_sample",-2.26299053261527,5.70248188070048,"K183156","Keloid","Homeostatic/regulatory fibroblasts","1"
"K183156_CELL3560_N3","Harmony_sample",0.299136223099151,3.35655845693339,"K183156","Keloid","ECM-producing fibroblasts","1"
"K183156_CELL3568_N2","Harmony_sample",-0.546974120833955,-4.67125926920187,"K183156","Keloid","Homeostatic/regulatory fibroblasts","0"
"K183156_CELL3584_N2","Harmony_sample",3.04966074397317,-4.18469534822714,"K183156","Keloid","Matrix-remodeling fibroblasts","0"
"K183156_CELL3589_N9","Harmony_sample",2.70206409861795,0.807898655450233,"K183156","Keloid","ECM-producing fibroblasts","2"
"K183156_CELL3599_N2","Harmony_sample",2.75039392878763,-0.0399545282961054,"K183156","Keloid","ECM-producing fibroblasts","2"
"K183156_CELL3618_N2","Harmony_sample",-2.13687699864157,-1.75153957315695,"K183156","Keloid","ECM-producing fibroblasts","3"
"K183156_CELL3629_N3","Harmony_sample",3.53883224894754,-1.4883359522463,"K183156","Keloid","Matrix-remodeling fibroblasts","0"
"K183156_CELL3682_N6","Harmony_sample",3.18637043406717,0.0514904408811407,"K183156","Keloid","ECM-producing fibroblasts","2"
"K183156_CELL3787_N2","Harmony_sample",-1.95626181195029,-2.50504241892111,"K183156","Keloid","ECM-producing fibroblasts","3"
"K183156_CELL3796_N4","Harmony_sample",1.3529515879368,-4.00648556658041,"K183156","Keloid","Homeostatic/regulatory fibroblasts","0"
"K183156_CELL3811_N2","Harmony_sample",3.83307606150857,-1.86390720316183,"K183156","Keloid","Matrix-remodeling fibroblasts","0"
"K183156_CELL3836_N2","Harmony_sample",3.02964645793191,-4.11221133180868,"K183156","Keloid","Matrix-remodeling fibroblasts","0"
"K183156_CELL3983_N2","Harmony_sample",-1.93976348469504,-2.29908214517843,"K183156","Keloid","ECM-producing fibroblasts","3"
"K183156_CELL4036_N2","Harmony_sample",-0.309924064376435,1.94876445821513,"K183156","Keloid","ECM-producing fibroblasts","2"
"K183156_CELL4044_N2","Harmony_sample",2.34608799388162,-2.65671621271383,"K183156","Keloid","Matrix-remodeling fibroblasts","0"
"K183156_CELL4087_N4","Harmony_sample",3.24648863246194,2.16676677755106,"K183156","Keloid","ECM-producing fibroblasts","2"
"K183156_CELL4095_N2","Harmony_sample",0.673330368301787,-2.51374612756979,"K183156","Keloid","Homeostatic/regulatory fibroblasts","0"
"K183156_CELL4111_N2","Harmony_sample",3.09062105586282,-0.525019988501183,"K183156","Keloid","Matrix-remodeling fibroblasts","2"
"K183156_CELL4181_N4","Harmony_sample",2.68918138911478,0.645972385918983,"K183156","Keloid","ECM-producing fibroblasts","2"
"K183156_CELL4245_N2","Harmony_sample",2.68980795314065,-0.0302857012392206,"K183156","Keloid","ECM-producing fibroblasts","2"
"K183156_CELL4250_N2","Harmony_sample",-2.05884665081748,-2.3300107569338,"K183156","Keloid","ECM-producing fibroblasts","3"
"K183156_CELL4256_N3","Harmony_sample",2.25274521281473,-0.26601682611715,"K183156","Keloid","Matrix-remodeling fibroblasts","2"
"K183156_CELL4302_N4","Harmony_sample",-1.69946902821311,-2.10390888162862,"K183156","Keloid","ECM-producing fibroblasts","3"
"K183156_CELL4321_N3","Harmony_sample",2.16385275294534,-4.6363695711733,"K183156","Keloid","Matrix-remodeling fibroblasts","0"
"K183156_CELL4352_N2","Harmony_sample",2.95321566035501,-2.34481368967306,"K183156","Keloid","Matrix-remodeling fibroblasts","0"
"K183156_CELL4353_N3","Harmony_sample",-0.344047246673188,-2.97387968012106,"K183156","Keloid","Matrix-remodeling fibroblasts","0"
"K183156_CELL4414_N2","Harmony_sample",-2.20700114796408,-4.62369523950826,"K183156","Keloid","Homeostatic/regulatory fibroblasts","0"
"K183156_CELL4417_N4","Harmony_sample",3.06786400248758,-1.07039152094137,"K183156","Keloid","Matrix-remodeling fibroblasts","2"
"K183156_CELL4525_N2","Harmony_sample",1.30100876261941,-0.113885745489709,"K183156","Keloid","ECM-producing fibroblasts","2"
"K183156_CELL4527_N2","Harmony_sample",2.04951387812845,-0.669071540320031,"K183156","Keloid","Matrix-remodeling fibroblasts","2"
"K183156_CELL4530_N2","Harmony_sample",-1.21291225979575,-1.74442182489645,"K183156","Keloid","ECM-producing fibroblasts","2"
"K183156_CELL4548_N2","Harmony_sample",0.760074199936309,0.820148602044471,"K183156","Keloid","ECM-producing fibroblasts","2"
"K183156_CELL4592_N3","Harmony_sample",-1.68875139782675,-2.11118017145406,"K183156","Keloid","ECM-producing fibroblasts","3"
"K183156_CELL4602_N2","Harmony_sample",1.76124149729959,0.26194252065409,"K183156","Keloid","ECM-producing fibroblasts","2"
"K183156_CELL4661_N3","Harmony_sample",1.1559677736973,-1.0247243494631,"K183156","Keloid","ECM-producing fibroblasts","2"
"K183156_CELL4664_N3","Harmony_sample",3.31369882991067,-1.55262266107809,"K183156","Keloid","Matrix-remodeling fibroblasts","0"
"K183156_CELL4670_N2","Harmony_sample",2.3580556528782,0.221167221581824,"K183156","Keloid","Matrix-remodeling fibroblasts","2"
"K183156_CELL4716_N2","Harmony_sample",2.14220243861429,2.20598186544169,"K183156","Keloid","ECM-producing fibroblasts","2"
"K183156_CELL4735_N2","Harmony_sample",2.18875032832376,-4.28898201891195,"K183156","Keloid","Homeostatic/regulatory fibroblasts","0"
"K183156_CELL4737_N2","Harmony_sample",1.79610878398172,0.99956573537577,"K183156","Keloid","ECM-producing fibroblasts","2"
"K183156_CELL4769_N2","Harmony_sample",1.31706768443338,1.57755626729716,"K183156","Keloid","ECM-producing fibroblasts","2"
"K183156_CELL4774_N4","Harmony_sample",0.928975643417754,1.3870884328245,"K183156","Keloid","ECM-producing fibroblasts","2"
"K183156_CELL4785_N3","Harmony_sample",0.295969547531524,0.957023277795203,"K183156","Keloid","ECM-producing fibroblasts","2"
"K183156_CELL4832_N2","Harmony_sample",3.21771532466165,-2.01481138178121,"K183156","Keloid","Matrix-remodeling fibroblasts","0"
"K183156_CELL4864_N4","Harmony_sample",-2.77782267163046,0.804497852837928,"K183156","Keloid","ECM-producing fibroblasts","3"
"K183156_CELL4890_N2","Harmony_sample",-4.28235429356345,4.87769760183085,"K183156","Keloid","Homeostatic/regulatory fibroblasts","1"
"K183156_CELL4903_N1","Harmony_sample",2.9099355356907,1.86550487569559,"K183156","Keloid","ECM-producing fibroblasts","2"
"K183156_CELL4906_N2","Harmony_sample",2.21453625132791,0.942520752465613,"K183156","Keloid","ECM-producing fibroblasts","2"
"K183156_CELL4926_N5","Harmony_sample",1.70795589854471,1.06115306905497,"K183156","Keloid","ECM-producing fibroblasts","2"
"K183156_CELL4970_N3","Harmony_sample",-1.8014034611965,4.40679039052714,"K183156","Keloid","ECM-producing fibroblasts","1"
"K183156_CELL5033_N2","Harmony_sample",1.11979633738748,-4.69949375101339,"K183156","Keloid","Homeostatic/regulatory fibroblasts","0"
"K183156_CELL5062_N2","Harmony_sample",-0.639991937377534,-0.866548404181115,"K183156","Keloid","ECM-producing fibroblasts","2"
"K183156_CELL5063_N3","Harmony_sample",3.496175350449,-1.5867189020754,"K183156","Keloid","Matrix-remodeling fibroblasts","0"
"K183156_CELL5156_N2","Harmony_sample",3.41315561702005,0.479927673852332,"K183156","Keloid","ECM-producing fibroblasts","2"
"K183156_CELL5164_N2","Harmony_sample",2.98857695033304,-3.41441546388876,"K183156","Keloid","Matrix-remodeling fibroblasts","0"
"K183156_CELL5178_N2","Harmony_sample",3.15785557200662,2.05140937856425,"K183156","Keloid","ECM-producing fibroblasts","2"
"K183156_CELL5230_N3","Harmony_sample",2.49932629039041,2.0256906895994,"K183156","Keloid","ECM-producing fibroblasts","2"
"K183156_CELL5234_N3","Harmony_sample",1.14842468669168,-5.11541496225607,"K183156","Keloid","Homeostatic/regulatory fibroblasts","0"
"K183156_CELL5237_N4","Harmony_sample",2.95201260020486,1.62337173513163,"K183156","Keloid","ECM-producing fibroblasts","2"
"K183156_CELL5261_N4","Harmony_sample",0.761530460617461,-0.13221202799093,"K183156","Keloid","ECM-producing fibroblasts","2"
"K183156_CELL5282_N4","Harmony_sample",2.37912756373636,1.46429981282938,"K183156","Keloid","ECM-producing fibroblasts","2"
"K183156_CELL5296_N5","Harmony_sample",-0.351484237411103,3.75403846791971,"K183156","Keloid","ECM-producing fibroblasts","1"
"K183156_CELL5331_N2","Harmony_sample",0.994173588058867,0.00701679280985168,"K183156","Keloid","ECM-producing fibroblasts","2"
"K183156_CELL5391_N3","Harmony_sample",2.60117393901102,2.53084434560526,"K183156","Keloid","ECM-producing fibroblasts","2"
"K183156_CELL5395_N2","Harmony_sample",-4.71610802243002,4.74341262868632,"K183156","Keloid","Homeostatic/regulatory fibroblasts","1"
"K183156_CELL5401_N4","Harmony_sample",1.84448152949563,0.649994507348426,"K183156","Keloid","ECM-producing fibroblasts","2"
"K183156_CELL5416_N2","Harmony_sample",3.35773188044778,-2.93220649667989,"K183156","Keloid","Matrix-remodeling fibroblasts","0"
"K183156_CELL5429_N3","Harmony_sample",1.79484325816385,1.83945430806864,"K183156","Keloid","ECM-producing fibroblasts","2"
"K183156_CELL5448_N5","Harmony_sample",3.53476530482522,-2.43568407007467,"K183156","Keloid","Matrix-remodeling fibroblasts","0"
"K183156_CELL5527_N1","Harmony_sample",1.43247133662454,1.03702510884989,"K183156","Keloid","ECM-producing fibroblasts","2"
"K183156_CELL5538_N3","Harmony_sample",2.0155697481846,0.62462677053202,"K183156","Keloid","ECM-producing fibroblasts","2"
"K183156_CELL5560_N2","Harmony_sample",2.16853481700174,-0.544635161841027,"K183156","Keloid","Matrix-remodeling fibroblasts","2"
"K183156_CELL5595_N2","Harmony_sample",-0.757260499694429,-3.15230141588461,"K183156","Keloid","Matrix-remodeling fibroblasts","0"
"K183156_CELL5657_N3","Harmony_sample",0.181860031387725,-4.16023884722006,"K183156","Keloid","Matrix-remodeling fibroblasts","0"
"K183156_CELL5696_N2","Harmony_sample",2.18980556895486,1.12177051595438,"K183156","Keloid","ECM-producing fibroblasts","2"
"K183156_CELL5725_N2","Harmony_sample",0.568896354935088,2.51850379995096,"K183156","Keloid","ECM-producing fibroblasts","1"
"K183156_CELL5765_N2","Harmony_sample",2.28157764842264,1.87738193563212,"K183156","Keloid","ECM-producing fibroblasts","2"
"K183156_CELL5796_N2","Harmony_sample",0.105542721054473,1.12001861623514,"K183156","Keloid","ECM-producing fibroblasts","2"
"K183156_CELL5802_N2","Harmony_sample",2.55600553920022,2.48487915090311,"K183156","Keloid","ECM-producing fibroblasts","2"
"K183156_CELL5859_N3","Harmony_sample",0.828986706039824,-2.69392620035421,"K183156","Keloid","Homeostatic/regulatory fibroblasts","0"
"K183156_CELL5863_N2","Harmony_sample",-1.50225227902182,-2.23359380670797,"K183156","Keloid","ECM-producing fibroblasts","3"
"K183156_CELL5864_N4","Harmony_sample",3.48136335780374,-1.05151639887106,"K183156","Keloid","Matrix-remodeling fibroblasts","0"
"K183156_CELL5889_N3","Harmony_sample",1.10179430415384,-0.593969211065881,"K183156","Keloid","ECM-producing fibroblasts","2"
"K183156_CELL5901_N2","Harmony_sample",-0.237263141372285,-3.092610225165,"K183156","Keloid","Matrix-remodeling fibroblasts","0"
"K183156_CELL5919_N2","Harmony_sample",1.93119579722635,-5.56212757536184,"K183156","Keloid","Homeostatic/regulatory fibroblasts","0"
"K183156_CELL5921_N3","Harmony_sample",3.25186258723489,-0.796055659735314,"K183156","Keloid","Matrix-remodeling fibroblasts","2"
"K183156_CELL5930_N3","Harmony_sample",-0.1260318143154,-5.25992427774679,"K183156","Keloid","Homeostatic/regulatory fibroblasts","0"
"K183156_CELL6004_N1","Harmony_sample",2.48677498271219,0.121291771447547,"K183156","Keloid","ECM-producing fibroblasts","2"
"K183156_CELL6040_N2","Harmony_sample",3.70698839595071,-1.33852611490499,"K183156","Keloid","Matrix-remodeling fibroblasts","0"
"K183156_CELL6049_N2","Harmony_sample",2.20068937709085,0.435687675988563,"K183156","Keloid","ECM-producing fibroblasts","2"
"K183156_CELL6069_N4","Harmony_sample",0.173571647903838,3.40505184224833,"K183156","Keloid","ECM-producing fibroblasts","1"
"K183156_CELL6103_N3","Harmony_sample",1.50484901835672,0.426246777093299,"K183156","Keloid","ECM-producing fibroblasts","2"
"K183156_CELL6123_N3","Harmony_sample",-4.17027673142501,5.32791103414286,"K183156","Keloid","Homeostatic/regulatory fibroblasts","1"
"K183156_CELL6165_N3","Harmony_sample",-4.22341865132102,4.82082714132059,"K183156","Keloid","Homeostatic/regulatory fibroblasts","1"
"K183156_CELL6200_N3","Harmony_sample",3.3075824396824,-1.33059774347555,"K183156","Keloid","Matrix-remodeling fibroblasts","0"
"K183156_CELL6202_N6","Harmony_sample",3.66751963069192,-1.97779832788717,"K183156","Keloid","Matrix-remodeling fibroblasts","0"
"K183156_CELL6203_N4","Harmony_sample",1.0703211443638,-4.43902002283346,"K183156","Keloid","Homeostatic/regulatory fibroblasts","0"
"K183156_CELL6238_N2","Harmony_sample",0.936134876511016,-6.63353680082571,"K183156","Keloid","Matrix-remodeling fibroblasts","0"
"K183156_CELL6255_N3","Harmony_sample",2.55551725795022,-3.31990467020284,"K183156","Keloid","Matrix-remodeling fibroblasts","0"
"K183156_CELL6300_N4","Harmony_sample",1.90114122798196,0.682270184075721,"K183156","Keloid","ECM-producing fibroblasts","2"
"K183156_CELL6303_N2","Harmony_sample",-3.98856872151145,5.34738411000956,"K183156","Keloid","Homeostatic/regulatory fibroblasts","1"
"K183156_CELL6336_N2","Harmony_sample",2.2157159464573,-0.764465198004357,"K183156","Keloid","ECM-producing fibroblasts","2"
"K183156_CELL6421_N1","Harmony_sample",3.13211637904397,1.14489997915018,"K183156","Keloid","ECM-producing fibroblasts","2"
"K183156_CELL6484_N5","Harmony_sample",-0.802099405028901,2.98526538900126,"K183156","Keloid","ECM-producing fibroblasts","1"
"K183156_CELL6512_N3","Harmony_sample",-1.59020417759665,-1.43553052850973,"K183156","Keloid","ECM-producing fibroblasts","3"
"K183156_CELL6587_N3","Harmony_sample",-1.65263598988303,-2.81502233454,"K183156","Keloid","ECM-producing fibroblasts","3"
"K183156_CELL6598_N2","Harmony_sample",0.853499950668731,-2.84950338312399,"K183156","Keloid","Homeostatic/regulatory fibroblasts","0"
"K183156_CELL6632_N3","Harmony_sample",2.89849335124246,0.825123444116004,"K183156","Keloid","ECM-producing fibroblasts","2"
"K183156_CELL6661_N3","Harmony_sample",2.24865633418313,-0.883758887732141,"K183156","Keloid","ECM-producing fibroblasts","2"
"K183156_CELL6708_N2","Harmony_sample",-1.8784093243862,-4.49987970300924,"K183156","Keloid","Homeostatic/regulatory fibroblasts","0"
"K183156_CELL6743_N3","Harmony_sample",0.975140156052031,-3.09623323389303,"K183156","Keloid","Homeostatic/regulatory fibroblasts","0"
"K183156_CELL6793_N2","Harmony_sample",-1.95939725468405,-1.68894945093404,"K183156","Keloid","ECM-producing fibroblasts","3"
"K183156_CELL6846_N3","Harmony_sample",2.95408016612283,-0.824886187994592,"K183156","Keloid","Matrix-remodeling fibroblasts","2"
"K183156_CELL6847_N2","Harmony_sample",2.74847608973733,1.63063396505106,"K183156","Keloid","ECM-producing fibroblasts","2"
"K183156_CELL6863_N2","Harmony_sample",3.35358148982278,0.926229134118445,"K183156","Keloid","ECM-producing fibroblasts","2"
"K183156_CELL6864_N2","Harmony_sample",-2.21365386078604,-1.78732095667135,"K183156","Keloid","ECM-producing fibroblasts","3"
"K183156_CELL6877_N2","Harmony_sample",1.67640644480936,-3.14974771448385,"K183156","Keloid","Homeostatic/regulatory fibroblasts","0"
"K183156_CELL6880_N3","Harmony_sample",0.235087456009307,3.2530666737913,"K183156","Keloid","ECM-producing fibroblasts","1"
"K183156_CELL6895_N3","Harmony_sample",3.29765230586282,-1.30446754404318,"K183156","Keloid","ECM-producing fibroblasts","2"
"K183156_CELL6901_N2","Harmony_sample",-0.142014442184053,3.32810939840067,"K183156","Keloid","ECM-producing fibroblasts","1"
"K183156_CELL6934_N3","Harmony_sample",0.831245960495391,1.18124164632548,"K183156","Keloid","ECM-producing fibroblasts","2"
"K183156_CELL6963_N2","Harmony_sample",2.73335129191629,-4.63991175600301,"K183156","Keloid","Matrix-remodeling fibroblasts","0"
"K183156_CELL7069_N2","Harmony_sample",-2.41372722218283,5.54753269246805,"K183156","Keloid","Homeostatic/regulatory fibroblasts","1"
"K183156_CELL7158_N2","Harmony_sample",1.58298546244852,-1.25326381632101,"K183156","Keloid","ECM-producing fibroblasts","2"
"K183156_CELL7161_N2","Harmony_sample",-0.779796300628266,-3.13373456903707,"K183156","Keloid","Matrix-remodeling fibroblasts","0"
"K183156_CELL7162_N1","Harmony_sample",2.0474186556553,-5.81559906908285,"K183156","Keloid","Matrix-remodeling fibroblasts","0"
"K183156_CELL7191_N2","Harmony_sample",3.17724663188211,-3.92265497156393,"K183156","Keloid","Matrix-remodeling fibroblasts","0"
"K183156_CELL7217_N4","Harmony_sample",-2.60270911286124,5.47482456258524,"K183156","Keloid","ECM-producing fibroblasts","1"
"K183156_CELL7304_N2","Harmony_sample",3.11269861628763,-2.32241998621237,"K183156","Keloid","Matrix-remodeling fibroblasts","0"
"K183156_CELL7334_N1","Harmony_sample",1.4599319117283,0.786914005792029,"K183156","Keloid","ECM-producing fibroblasts","2"
"K183156_CELL7359_N4","Harmony_sample",2.38785940577737,-4.47149811693441,"K183156","Keloid","Matrix-remodeling fibroblasts","0"
"K183156_CELL7363_N2","Harmony_sample",0.895459713241973,-3.7135830969454,"K183156","Keloid","Homeostatic/regulatory fibroblasts","0"
"K183156_CELL7392_N2","Harmony_sample",0.643790306351104,-4.91025744386923,"K183156","Keloid","Homeostatic/regulatory fibroblasts","0"
"K183156_CELL7395_N4","Harmony_sample",1.15751463343851,0.260562077081092,"K183156","Keloid","ECM-producing fibroblasts","2"
"K183156_CELL7397_N3","Harmony_sample",2.76047998835794,-3.17976628252279,"K183156","Keloid","Matrix-remodeling fibroblasts","0"
"K183156_CELL7420_N2","Harmony_sample",-0.324170051314912,-4.06393085428487,"K183156","Keloid","Homeostatic/regulatory fibroblasts","0"
"K183156_CELL7439_N2","Harmony_sample",3.23989874293558,-1.70876441904318,"K183156","Keloid","Matrix-remodeling fibroblasts","0"
"K183156_CELL7455_N5","Harmony_sample",2.13973814418069,-1.00014863916647,"K183156","Keloid","Matrix-remodeling fibroblasts","2"
"K183156_CELL7463_N3","Harmony_sample",1.98236757685892,0.0100966840146857,"K183156","Keloid","ECM-producing fibroblasts","2"
"K183156_CELL7468_N3","Harmony_sample",0.98714596202127,-5.01572071024191,"K183156","Keloid","Homeostatic/regulatory fibroblasts","0"
"K183156_CELL7483_N2","Harmony_sample",3.16861111094705,0.45455612233866,"K183156","Keloid","ECM-producing fibroblasts","2"
"K183156_CELL7486_N2","Harmony_sample",1.85548597743265,-6.23598943659078,"K183156","Keloid","Matrix-remodeling fibroblasts","0"
"K183156_CELL7503_N3","Harmony_sample",-0.394843278625093,-3.73702870317709,"K183156","Keloid","Homeostatic/regulatory fibroblasts","0"
"K183156_CELL7515_N2","Harmony_sample",2.15207535197488,0.628530636346229,"K183156","Keloid","ECM-producing fibroblasts","2"
"K183156_CELL7536_N2","Harmony_sample",3.11043697764627,1.11041416219462,"K183156","Keloid","ECM-producing fibroblasts","2"
"K183156_CELL7554_N2","Harmony_sample",1.57344871928445,0.901080742394813,"K183156","Keloid","ECM-producing fibroblasts","2"
"K183156_CELL7586_N3","Harmony_sample",2.53188854624979,-1.18186555811178,"K183156","Keloid","Matrix-remodeling fibroblasts","2"
"K183156_CELL7640_N2","Harmony_sample",-0.154651818969331,1.22830642751444,"K183156","Keloid","ECM-producing fibroblasts","2"
"K183156_CELL7666_N2","Harmony_sample",-2.58406001160391,-2.06939540811788,"K183156","Keloid","ECM-producing fibroblasts","3"
"K183156_CELL7691_N4","Harmony_sample",0.75283724238626,-3.53002201029073,"K183156","Keloid","Homeostatic/regulatory fibroblasts","0"
"K183156_CELL7755_N2","Harmony_sample",2.78121000697366,-0.596133098089807,"K183156","Keloid","Matrix-remodeling fibroblasts","2"
"K183156_CELL7814_N3","Harmony_sample",-1.19773071835288,4.09665073446024,"K183156","Keloid","ECM-producing fibroblasts","1"
"K183156_CELL7819_N2","Harmony_sample",-1.84008091519125,-1.35393844553243,"K183156","Keloid","ECM-producing fibroblasts","3"
"K183156_CELL7822_N2","Harmony_sample",1.06908518244974,-6.60700850197088,"K183156","Keloid","Matrix-remodeling fibroblasts","0"
"K183156_CELL7832_N1","Harmony_sample",3.32282024790994,-3.71333943315756,"K183156","Keloid","Matrix-remodeling fibroblasts","0"
"K183156_CELL7842_N2","Harmony_sample",-0.34184950421103,-3.48916326471578,"K183156","Keloid","Matrix-remodeling fibroblasts","0"
"K183156_CELL7844_N3","Harmony_sample",0.665727199814238,0.677443161523231,"K183156","Keloid","Homeostatic/regulatory fibroblasts","2"
"K183156_CELL7856_N2","Harmony_sample",-1.84624141285666,5.20315898946513,"K183156","Keloid","ECM-producing fibroblasts","1"
"K183156_CELL7863_N2","Harmony_sample",1.60092932154886,0.112305775201209,"K183156","Keloid","ECM-producing fibroblasts","2"
"K183156_CELL7890_N3","Harmony_sample",2.93851906230203,-4.13372574754965,"K183156","Keloid","Matrix-remodeling fibroblasts","0"
"K183156_CELL7899_N3","Harmony_sample",-2.02902883122214,-2.20011220880758,"K183156","Keloid","ECM-producing fibroblasts","3"
"K183156_CELL7912_N2","Harmony_sample",2.89531237056009,-1.11184774347555,"K183156","Keloid","ECM-producing fibroblasts","2"
"K183156_CELL7923_N4","Harmony_sample",0.919207157394805,-3.68867002435934,"K183156","Keloid","Homeostatic/regulatory fibroblasts","0"
"K183156_CELL7942_N2","Harmony_sample",0.122963489792266,3.43137611440409,"K183156","Keloid","ECM-producing fibroblasts","1"
"K183156_CELL8057_N3","Harmony_sample",-0.127054153182588,-3.21014581629049,"K183156","Keloid","Matrix-remodeling fibroblasts","0"
"K183156_CELL8067_N2","Harmony_sample",3.52811533381692,-2.31788574167501,"K183156","Keloid","Matrix-remodeling fibroblasts","0"
"K183156_CELL8069_N4","Harmony_sample",1.79340416362039,1.50980724385966,"K183156","Keloid","ECM-producing fibroblasts","2"
"K183156_CELL8077_N1","Harmony_sample",1.53673988749734,-4.78919564195883,"K183156","Keloid","Homeostatic/regulatory fibroblasts","0"
"K183156_CELL8086_N3","Harmony_sample",-1.55585068295249,-2.20651803919088,"K183156","Keloid","ECM-producing fibroblasts","3"
"K183156_CELL8087_N1","Harmony_sample",3.31404930522195,-3.68165408083212,"K183156","Keloid","Matrix-remodeling fibroblasts","0"
"K183156_CELL8097_N2","Harmony_sample",-1.49123090336569,-2.57711444803487,"K183156","Keloid","ECM-producing fibroblasts","3"
"K183156_CELL8111_N5","Harmony_sample",-0.495914397933564,-2.87372861810934,"K183156","Keloid","Matrix-remodeling fibroblasts","0"
"K183156_CELL8140_N3","Harmony_sample",-0.793210921981416,-3.45745979257833,"K183156","Keloid","Homeostatic/regulatory fibroblasts","0"
"K183156_CELL8146_N3","Harmony_sample",2.34107071330301,-4.18253575273763,"K183156","Keloid","Matrix-remodeling fibroblasts","0"
"K183156_CELL8150_N3","Harmony_sample",1.84021717478982,1.43604625753153,"K183156","Keloid","ECM-producing fibroblasts","2"
"K183156_CELL8275_N2","Harmony_sample",0.298243107101836,-3.77964077898275,"K183156","Keloid","Homeostatic/regulatory fibroblasts","0"
"K183156_CELL8347_N4","Harmony_sample",0.818631233475127,-2.12561212488424,"K183156","Keloid","Homeostatic/regulatory fibroblasts","0"
"K183156_CELL8382_N2","Harmony_sample",0.0911589281772756,3.4845758824705,"K183156","Keloid","ECM-producing fibroblasts","1"
"K183156_CELL8384_N4","Harmony_sample",2.57383305003397,-4.28971396394979,"K183156","Keloid","Matrix-remodeling fibroblasts","0"
"K183156_CELL8387_N3","Harmony_sample",0.733916820785918,-4.51059423395406,"K183156","Keloid","Homeostatic/regulatory fibroblasts","0"
"K183156_CELL8409_N4","Harmony_sample",-2.10549515316733,-2.08496986337911,"K183156","Keloid","ECM-producing fibroblasts","3"
"K183156_CELL8433_N2","Harmony_sample",-1.20780199597128,-2.77496086069357,"K183156","Keloid","ECM-producing fibroblasts","3"
"K183156_CELL8459_N3","Harmony_sample",1.08768898417703,-4.40358649202596,"K183156","Keloid","Homeostatic/regulatory fibroblasts","0"
"K183156_CELL8460_N3","Harmony_sample",2.2061796801304,-4.63419114061605,"K183156","Keloid","Matrix-remodeling fibroblasts","0"
"K183156_CELL8479_N4","Harmony_sample",-1.79128736088522,-2.49041830011617,"K183156","Keloid","ECM-producing fibroblasts","3"
"K183156_CELL8485_N3","Harmony_sample",2.65306526591531,-0.773590430700891,"K183156","Keloid","Matrix-remodeling fibroblasts","2"
"K183156_CELL8500_N3","Harmony_sample",1.98827606608621,0.084421768700965,"K183156","Keloid","ECM-producing fibroblasts","2"
"K183156_CELL8545_N2","Harmony_sample",-1.79224437306174,-2.63990198084127,"K183156","Keloid","ECM-producing fibroblasts","3"
"K183156_CELL8569_N6","Harmony_sample",3.58578688075296,1.21290172628153,"K183156","Keloid","ECM-producing fibroblasts","2"
"K183156_CELL8573_N2","Harmony_sample",-2.08822578022727,-2.06215129801046,"K183156","Keloid","ECM-producing fibroblasts","3"
"K183156_CELL8667_N2","Harmony_sample",2.20659977366678,1.17678512624491,"K183156","Keloid","ECM-producing fibroblasts","2"
"K183156_CELL8703_N2","Harmony_sample",-2.13650578091391,-4.62808881708395,"K183156","Keloid","Homeostatic/regulatory fibroblasts","0"
"K183156_CELL8708_N2","Harmony_sample",1.88301044871561,-2.84689365335714,"K183156","Keloid","Matrix-remodeling fibroblasts","0"
"K183156_CELL8712_N2","Harmony_sample",-1.46034306118735,-3.04762254663717,"K183156","Keloid","ECM-producing fibroblasts","3"
"K183156_CELL8714_N5","Harmony_sample",0.783954681656279,-3.12991224237692,"K183156","Keloid","Homeostatic/regulatory fibroblasts","0"
"K183156_CELL8726_N2","Harmony_sample",1.06834942271463,2.035479202783,"K183156","Keloid","ECM-producing fibroblasts","2"
"K183156_CELL8731_N2","Harmony_sample",2.68840176036111,-1.69809709497701,"K183156","Keloid","Matrix-remodeling fibroblasts","0"
"K183156_CELL8769_N3","Harmony_sample",-0.978356300094209,-2.81067596384298,"K183156","Keloid","ECM-producing fibroblasts","0"
"K183156_CELL8823_N4","Harmony_sample",-0.021048484542451,2.89060749105204,"K183156","Keloid","ECM-producing fibroblasts","1"
"K183156_CELL8887_N2","Harmony_sample",3.07396370341531,-0.962123736822717,"K183156","Keloid","Matrix-remodeling fibroblasts","2"
"K183156_CELL8902_N2","Harmony_sample",2.7872195856785,0.902594223534949,"K183156","Keloid","ECM-producing fibroblasts","2"
"K183156_CELL8924_N5","Harmony_sample",0.278886379501738,-4.25749979921591,"K183156","Keloid","Matrix-remodeling fibroblasts","0"
"K183156_CELL8949_N3","Harmony_sample",-1.88332146237143,5.29628147176493,"K183156","Keloid","Homeostatic/regulatory fibroblasts","1"
"K183156_CELL8967_N3","Harmony_sample",3.09725910594217,-0.987579688513391,"K183156","Keloid","Matrix-remodeling fibroblasts","2"
"K183156_CELL9021_N3","Harmony_sample",-1.24338668415793,-3.46931944795858,"K183156","Keloid","ECM-producing fibroblasts","3"
"K183156_CELL9044_N2","Harmony_sample",3.2816830294346,2.01912654927958,"K183156","Keloid","ECM-producing fibroblasts","2"
"K183156_CELL9071_N2","Harmony_sample",3.2427802698826,-3.89728508898031,"K183156","Keloid","Matrix-remodeling fibroblasts","0"
"K183156_CELL9073_N3","Harmony_sample",-1.49645918438681,-3.02787767359029,"K183156","Keloid","ECM-producing fibroblasts","3"
"K183156_CELL9090_N3","Harmony_sample",2.06648260524026,1.5956598668455,"K183156","Keloid","ECM-producing fibroblasts","2"
"K183156_CELL9091_N2","Harmony_sample",0.158477367660918,-2.55240379282247,"K183156","Keloid","ECM-producing fibroblasts","0"
"K183156_CELL9118_N2","Harmony_sample",3.70646625926248,-2.2171801180483,"K183156","Keloid","Matrix-remodeling fibroblasts","0"
"K183156_CELL9124_N2","Harmony_sample",-0.746084628799043,-3.99464498468649,"K183156","Keloid","Homeostatic/regulatory fibroblasts","0"
"K183156_CELL9134_N2","Harmony_sample",-1.08226364681967,-1.0134676546694,"K183156","Keloid","ECM-producing fibroblasts","2"
"K183156_CELL9175_N3","Harmony_sample",2.19917255809061,-0.454396113836877,"K183156","Keloid","ECM-producing fibroblasts","2"
"K183156_CELL9198_N5","Harmony_sample",3.01391941478006,-0.110420093023889,"K183156","Keloid","ECM-producing fibroblasts","2"
"K183156_CELL9234_N2","Harmony_sample",0.0229917185520314,-5.50513325639974,"K183156","Keloid","Homeostatic/regulatory fibroblasts","0"
"K183156_CELL9292_N2","Harmony_sample",3.19157654216043,-2.28214393564474,"K183156","Keloid","Matrix-remodeling fibroblasts","0"
"K183156_CELL9303_N3","Harmony_sample",1.52508217265359,1.06853927663554,"K183156","Keloid","ECM-producing fibroblasts","2"
"K183156_CELL9338_N2","Harmony_sample",3.75881773402444,-1.81285081812154,"K183156","Keloid","Matrix-remodeling fibroblasts","0"
"K183156_CELL9361_N3","Harmony_sample",0.966707767746367,-1.9270771593691,"K183156","Keloid","Homeostatic/regulatory fibroblasts","0"
"K183156_CELL9400_N1","Harmony_sample",1.87570864131204,2.10377372792948,"K183156","Keloid","ECM-producing fibroblasts","2"
"K183156_CELL9528_N2","Harmony_sample",0.0766249315952443,1.27262271932352,"K183156","Keloid","ECM-producing fibroblasts","2"
"K183156_CELL9530_N2","Harmony_sample",-4.57519903609999,4.96166481069315,"K183156","Keloid","Homeostatic/regulatory fibroblasts","1"
"K183156_CELL9631_N3","Harmony_sample",3.91113954951517,-2.59584079691183,"K183156","Keloid","Matrix-remodeling fibroblasts","0"
"K183156_CELL9670_N3","Harmony_sample",-2.43073063919791,5.46608890584696,"K183156","Keloid","Homeostatic/regulatory fibroblasts","1"
"K183156_CELL9676_N2","Harmony_sample",0.507460178635039,0.141251221215613,"K183156","Keloid","ECM-producing fibroblasts","2"
"K183156_CELL9705_N2","Harmony_sample",2.99578958918802,2.43712963155497,"K183156","Keloid","ECM-producing fibroblasts","2"
"K183156_CELL9749_N3","Harmony_sample",0.620968879959502,3.15937389425028,"K183156","Keloid","ECM-producing fibroblasts","1"
"K183156_CELL9858_N2","Harmony_sample",1.35595184733621,-4.85022245355856,"K183156","Keloid","Homeostatic/regulatory fibroblasts","0"
"K183156_CELL9873_N2","Harmony_sample",2.97883850505105,-2.77966295191061,"K183156","Keloid","Matrix-remodeling fibroblasts","0"
"K183156_CELL9912_N2","Harmony_sample",1.54288774897806,-5.67649315305959,"K183156","Keloid","Homeostatic/regulatory fibroblasts","0"
"K183156_CELL9948_N3","Harmony_sample",3.07028776576272,-2.644603118384,"K183156","Keloid","Matrix-remodeling fibroblasts","0"
"K183156_CELL9963_N2","Harmony_sample",-1.85541695187338,-2.27557550379049,"K183156","Keloid","ECM-producing fibroblasts","3"
"K183156_CELL10005_N3","Harmony_sample",3.41792160441629,-3.55812297769796,"K183156","Keloid","Matrix-remodeling fibroblasts","0"
"K183156_CELL10056_N2","Harmony_sample",-1.94241159985312,4.78727115682352,"K183156","Keloid","ECM-producing fibroblasts","1"
"K183156_CELL10068_N2","Harmony_sample",3.27016884257547,0.395807400262244,"K183156","Keloid","ECM-producing fibroblasts","2"
"K183156_CELL10092_N2","Harmony_sample",1.95947653224222,-0.302970752203576,"K183156","Keloid","ECM-producing fibroblasts","2"
"K183156_CELL10100_N2","Harmony_sample",2.84617811610452,1.7699123769163,"K183156","Keloid","ECM-producing fibroblasts","2"
"K183156_CELL10113_N2","Harmony_sample",-2.30138963291892,5.73664154103983,"K183156","Keloid","Homeostatic/regulatory fibroblasts","1"
"K183156_CELL10114_N2","Harmony_sample",-0.0481695515895701,2.6903635411619,"K183156","Keloid","ECM-producing fibroblasts","1"
"K183156_CELL10129_N3","Harmony_sample",2.64269453456155,1.05364765218485,"K183156","Keloid","ECM-producing fibroblasts","2"
"K183156_CELL10134_N1","Harmony_sample",1.21646744181863,-0.151727065527551,"K183156","Keloid","ECM-producing fibroblasts","2"
"K183156_CELL10141_N1","Harmony_sample",3.34534841944925,-2.25295721002828,"K183156","Keloid","Matrix-remodeling fibroblasts","0"
"K183156_CELL10191_N3","Harmony_sample",1.67282062937967,-4.92133270212423,"K183156","Keloid","Homeostatic/regulatory fibroblasts","0"
"K183156_CELL10230_N2","Harmony_sample",-0.0176181180263377,-4.1993385405184,"K183156","Keloid","Homeostatic/regulatory fibroblasts","0"
"K183156_CELL10303_N2","Harmony_sample",3.09073263575784,-0.429277762854211,"K183156","Keloid","Matrix-remodeling fibroblasts","2"
"K183156_CELL10313_N2","Harmony_sample",-1.11321729252585,-3.31971202799093,"K183156","Keloid","ECM-producing fibroblasts","0"
"K183156_CELL10323_N3","Harmony_sample",3.59604412486307,0.933089867150672,"K183156","Keloid","ECM-producing fibroblasts","2"
"K183156_CELL10410_N3","Harmony_sample",1.97616821696512,-2.02567087122213,"K183156","Keloid","Matrix-remodeling fibroblasts","0"
"K183156_CELL10420_N1","Harmony_sample",3.32356172969095,0.150440826928504,"K183156","Keloid","ECM-producing fibroblasts","2"
"K183156_CELL10463_N1","Harmony_sample",3.70185142924539,-1.39955650278341,"K183156","Keloid","Matrix-remodeling fibroblasts","0"
"K183156_CELL10464_N2","Harmony_sample",2.33913952281229,-0.958867892706506,"K183156","Keloid","Matrix-remodeling fibroblasts","2"
"K183156_CELL10486_N2","Harmony_sample",-1.58467477391013,-1.7909630388857,"K183156","Keloid","ECM-producing fibroblasts","3"
"K183156_CELL10502_N2","Harmony_sample",2.94750315119974,1.60387577108134,"K183156","Keloid","ECM-producing fibroblasts","2"
"K183156_CELL10524_N2","Harmony_sample",-1.83077329228171,-2.27830635019552,"K183156","Keloid","ECM-producing fibroblasts","3"
"K183156_CELL10559_N2","Harmony_sample",-4.89191806147345,4.63230575612772,"K183156","Keloid","Homeostatic/regulatory fibroblasts","1"
"K183156_CELL10618_N2","Harmony_sample",1.15950399806253,1.75772155812968,"K183156","Keloid","ECM-producing fibroblasts","2"
"K183156_CELL10656_N3","Harmony_sample",2.6530790941929,-3.04401098200094,"K183156","Keloid","Matrix-remodeling fibroblasts","0"
"K183156_CELL10672_N2","Harmony_sample",2.4255662577366,-4.5431307406069,"K183156","Keloid","Matrix-remodeling fibroblasts","0"
"K183156_CELL10700_N2","Harmony_sample",-1.96750157902487,-1.99712692209493,"K183156","Keloid","ECM-producing fibroblasts","3"
"K183156_CELL10734_N1","Harmony_sample",1.24936920573465,-0.0833610148073358,"K183156","Keloid","ECM-producing fibroblasts","2"
"K183156_CELL10741_N3","Harmony_sample",0.835816921493926,-1.7735241503359,"K183156","Keloid","Homeostatic/regulatory fibroblasts","0"
"K183156_CELL10798_N3","Harmony_sample",1.02757221629373,1.79880298665751,"K183156","Keloid","ECM-producing fibroblasts","2"
"K183156_CELL10804_N2","Harmony_sample",2.15402752330057,-3.23953329035055,"K183156","Keloid","Matrix-remodeling fibroblasts","0"
"K183156_CELL10857_N2","Harmony_sample",2.24159532954446,-0.882524356329553,"K183156","Keloid","Matrix-remodeling fibroblasts","2"
"K183156_CELL10880_N3","Harmony_sample",-0.125772891738496,1.39696277669657,"K183156","Keloid","ECM-producing fibroblasts","2"
"K183156_CELL10893_N2","Harmony_sample",-0.760557351806245,3.63616241506327,"K183156","Keloid","ECM-producing fibroblasts","1"
"K183156_CELL10917_N2","Harmony_sample",1.95414263179056,-2.04669557520162,"K183156","Keloid","Matrix-remodeling fibroblasts","0"
"K183156_CELL10943_N2","Harmony_sample",-1.48134988377341,4.6223875432371,"K183156","Keloid","ECM-producing fibroblasts","1"
"K183156_CELL10948_N2","Harmony_sample",3.34366232325784,1.02902378133524,"K183156","Keloid","ECM-producing fibroblasts","2"
"K183156_CELL10971_N2","Harmony_sample",2.51050335337869,0.236409321343787,"K183156","Keloid","ECM-producing fibroblasts","2"
"K183156_CELL11012_N2","Harmony_sample",3.43913990428201,-2.5592964739443,"K183156","Keloid","Matrix-remodeling fibroblasts","0"
"K183156_CELL11032_N2","Harmony_sample",1.2514792101597,-2.29810081430685,"K183156","Keloid","Homeostatic/regulatory fibroblasts","0"
"K183156_CELL11044_N2","Harmony_sample",-2.45037871430167,5.74123252919901,"K183156","Keloid","Homeostatic/regulatory fibroblasts","1"
"K183156_CELL11054_N2","Harmony_sample",-2.28682774136313,4.46827377370585,"K183156","Keloid","ECM-producing fibroblasts","1"
"K183156_CELL11075_N2","Harmony_sample",2.76871115138284,2.31052745870341,"K183156","Keloid","ECM-producing fibroblasts","2"
"K183156_CELL11129_N1","Harmony_sample",2.85767179896585,-0.183536872351281,"K183156","Keloid","Matrix-remodeling fibroblasts","2"
"K183156_CELL11132_N2","Harmony_sample",1.45290905406229,1.42580570272196,"K183156","Keloid","ECM-producing fibroblasts","2"
"K183156_CELL11390_N1","Harmony_sample",3.22513634135477,0.333210602319129,"K183156","Keloid","ECM-producing fibroblasts","2"
"K183156_CELL11394_N2","Harmony_sample",-2.00668209622153,-2.57755838342916,"K183156","Keloid","ECM-producing fibroblasts","3"
"K183156_CELL11445_N2","Harmony_sample",2.16699224879495,-4.84986887880575,"K183156","Keloid","Matrix-remodeling fibroblasts","0"
"K183156_CELL11448_N1","Harmony_sample",3.61832052638284,-1.93149028726827,"K183156","Keloid","Matrix-remodeling fibroblasts","0"
"K183156_CELL11461_N1","Harmony_sample",3.25284058024637,1.66840614370096,"K183156","Keloid","ECM-producing fibroblasts","2"
"K183156_CELL11491_N2","Harmony_sample",3.69430500437967,-2.80824075647604,"K183156","Keloid","Matrix-remodeling fibroblasts","0"
"K183156_CELL11498_N2","Harmony_sample",-1.06184118817099,-2.67953096338522,"K183156","Keloid","ECM-producing fibroblasts","0"
"K183156_CELL11528_N1","Harmony_sample",3.36889320780984,-0.288723811590783,"K183156","Keloid","Matrix-remodeling fibroblasts","2"
"K183156_CELL11549_N2","Harmony_sample",-1.22910541126975,-1.94063888498556,"K183156","Keloid","ECM-producing fibroblasts","3"
"K183156_CELL11619_N2","Harmony_sample",3.29457146098367,-1.29425083109152,"K183156","Keloid","Matrix-remodeling fibroblasts","2"
"K183156_CELL11644_N2","Harmony_sample",3.05117851664773,-1.46047626444112,"K183156","Keloid","Matrix-remodeling fibroblasts","0"
"K183156_CELL11704_N2","Harmony_sample",1.66505628993265,1.15157665303934,"K183156","Keloid","ECM-producing fibroblasts","2"
"K183156_CELL12023_N1","Harmony_sample",-0.198575912215791,3.54329647115458,"K183156","Keloid","ECM-producing fibroblasts","1"
"K183156_CELL12027_N1","Harmony_sample",3.08024412562601,2.17653335622538,"K183156","Keloid","ECM-producing fibroblasts","2"
"K183156_CELL12143_N1","Harmony_sample",2.08839518000833,-5.63036893316518,"K183156","Keloid","Homeostatic/regulatory fibroblasts","0"
"K183156_CELL12180_N1","Harmony_sample",0.210834087631621,-0.537744864904992,"K183156","Keloid","ECM-producing fibroblasts","2"
"K183156_CELL12370_N1","Harmony_sample",3.07814794947855,1.85195030263651,"K183156","Keloid","ECM-producing fibroblasts","2"
"K183156_CELL12402_N1","Harmony_sample",2.15630632807962,0.962040558373817,"K183156","Keloid","ECM-producing fibroblasts","2"
"K183156_CELL12553_N1","Harmony_sample",-1.49446481297263,-2.27420364328634,"K183156","Keloid","ECM-producing fibroblasts","3"
"K183156_CELL12562_N1","Harmony_sample",3.06934601237527,-0.833081111395471,"K183156","Keloid","Matrix-remodeling fibroblasts","2"
"K183156_CELL12572_N1","Harmony_sample",2.94662481715433,-3.54712735124838,"K183156","Keloid","Matrix-remodeling fibroblasts","0"
"K183156_CELL12703_N1","Harmony_sample",0.85761600901834,-4.88210450121175,"K183156","Keloid","Homeostatic/regulatory fibroblasts","0"
"K183156_CELL12938_N1","Harmony_sample",1.2710891382908,1.66431201986063,"K183156","Keloid","ECM-producing fibroblasts","2"
"K183156_CELL12940_N1","Harmony_sample",2.07810217311136,1.60203136495341,"K183156","Keloid","ECM-producing fibroblasts","2"
"K183156_CELL13119_N1","Harmony_sample",1.24165636470071,-4.70401178308737,"K183156","Keloid","Homeostatic/regulatory fibroblasts","0"
"K183156_CELL13185_N1","Harmony_sample",3.7566323893284,-2.12909971185934,"K183156","Keloid","Matrix-remodeling fibroblasts","0"
"K183156_CELL13243_N1","Harmony_sample",3.27342516352884,-3.84074316927206,"K183156","Keloid","Matrix-remodeling fibroblasts","0"
"K183156_CELL13274_N1","Harmony_sample",3.3730989115452,-2.04966817804586,"K183156","Keloid","Matrix-remodeling fibroblasts","0"
"K183156_CELL13530_N1","Harmony_sample",1.99238258769266,-2.29470001169454,"K183156","Keloid","Matrix-remodeling fibroblasts","3"
"K183156_CELL13594_N1","Harmony_sample",-4.98611694405325,4.85109008840311,"K183156","Keloid","Homeostatic/regulatory fibroblasts","1"
"K183156_CELL13600_N1","Harmony_sample",-0.829813895919404,-0.888329848730676,"K183156","Keloid","ECM-producing fibroblasts","2"
"K183156_CELL13616_N1","Harmony_sample",3.0453434603428,-1.29754911371481,"K183156","Keloid","Matrix-remodeling fibroblasts","0"
"K183156_CELL13701_N1","Harmony_sample",2.3190103190159,0.927549973046668,"K183156","Keloid","ECM-producing fibroblasts","2"
"K183156_CELL13735_N1","Harmony_sample",3.80161196162454,-1.62697254129659,"K183156","Keloid","Matrix-remodeling fibroblasts","0"
"K183156_CELL13742_N1","Harmony_sample",-0.513593135573945,-2.73721347757589,"K183156","Keloid","Matrix-remodeling fibroblasts","0"
"K183156_CELL13746_N1","Harmony_sample",2.36042601039163,0.0871154218076544,"K183156","Keloid","ECM-producing fibroblasts","2"
"K183156_CELL13813_N1","Harmony_sample",1.71321159770242,0.874259605920203,"K183156","Keloid","ECM-producing fibroblasts","2"
"K183156_CELL13904_N1","Harmony_sample",1.44951683451883,-4.80465446420919,"K183156","Keloid","Homeostatic/regulatory fibroblasts","0"
"K183156_CELL13915_N1","Harmony_sample",2.6814256327366,-3.06890760370504,"K183156","Keloid","Matrix-remodeling fibroblasts","0"
"K183156_CELL14109_N1","Harmony_sample",-0.474005876281343,-4.08166895815145,"K183156","Keloid","Homeostatic/regulatory fibroblasts","0"
"K183156_CELL14120_N1","Harmony_sample",2.82848507334939,1.27379383138407,"K183156","Keloid","ECM-producing fibroblasts","2"
"K183156_CELL14220_N1","Harmony_sample",2.50253063609354,-1.54811607309591,"K183156","Keloid","Matrix-remodeling fibroblasts","0"
"K183156_CELL14485_N1","Harmony_sample",-4.28851404617079,5.2173353581785,"K183156","Keloid","Homeostatic/regulatory fibroblasts","1"
"K183156_CELL14497_N1","Harmony_sample",-4.11466799134859,5.28939975789774,"K183156","Keloid","Homeostatic/regulatory fibroblasts","1"
"K183156_CELL14655_N1","Harmony_sample",-0.100974975326142,-4.00249515482198,"K183156","Keloid","Homeostatic/regulatory fibroblasts","0"
"K183156_CELL14943_N1","Harmony_sample",0.105915607712188,-3.82827483125936,"K183156","Keloid","Homeostatic/regulatory fibroblasts","0"
"K183156_CELL15191_N1","Harmony_sample",1.77858549525491,1.77168811849345,"K183156","Keloid","ECM-producing fibroblasts","2"
"K183156_CELL15238_N1","Harmony_sample",-2.0737172944332,-4.35413371034872,"K183156","Keloid","Homeostatic/regulatory fibroblasts","0"
"K183156_CELL15254_N1","Harmony_sample",1.05482298304788,0.870332375085242,"K183156","Keloid","ECM-producing fibroblasts","2"
"K183156_CELL15264_N1","Harmony_sample",2.12600189616434,1.48782791188944,"K183156","Keloid","ECM-producing fibroblasts","2"
"K183156_CELL15274_N1","Harmony_sample",0.440204204819121,-4.64748130747091,"K183156","Keloid","Homeostatic/regulatory fibroblasts","0"
"K183156_CELL15399_N1","Harmony_sample",2.45235401561014,0.234048023736365,"K183156","Keloid","ECM-producing fibroblasts","2"
"K183156_CELL15403_N1","Harmony_sample",2.92931801249734,-1.05552040048849,"K183156","Keloid","Matrix-remodeling fibroblasts","2"
"K183156_CELL16060_N1","Harmony_sample",-1.41308015415915,-2.2430556864382,"K183156","Keloid","ECM-producing fibroblasts","3"
"K183156_CELL16096_N1","Harmony_sample",1.87465530802957,1.58285774282206,"K183156","Keloid","ECM-producing fibroblasts","2"
"K183156_CELL16111_N1","Harmony_sample",-0.369227348067842,-3.1459561438204,"K183156","Keloid","Matrix-remodeling fibroblasts","0"
"K183156_CELL16229_N1","Harmony_sample",3.1376286165928,0.740882530724891,"K183156","Keloid","ECM-producing fibroblasts","2"
"K183156_CELL16234_N1","Harmony_sample",3.32973915507547,-3.55346308656942,"K183156","Keloid","Matrix-remodeling fibroblasts","0"
"K183156_CELL16421_N1","Harmony_sample",0.182975353500762,-0.552491054022424,"K183156","Keloid","ECM-producing fibroblasts","2"
"K183156_CELL16445_N1","Harmony_sample",-0.527510104873262,-3.09164653726827,"K183156","Keloid","Matrix-remodeling fibroblasts","0"
"K183156_CELL16653_N1","Harmony_sample",-1.88986080715903,-1.98868690439474,"K183156","Keloid","ECM-producing fibroblasts","3"
"K183156_CELL16786_N1","Harmony_sample",-2.86079686711081,-1.47053323694479,"K183156","Keloid","ECM-producing fibroblasts","3"
"K183156_CELL16808_N1","Harmony_sample",2.58842235972635,0.414007797753699,"K183156","Keloid","ECM-producing fibroblasts","2"
"K183156_CELL16910_N1","Harmony_sample",1.39363247325174,2.70501007131327,"K183156","Keloid","ECM-producing fibroblasts","1"
"K183156_CELL16917_N1","Harmony_sample",1.93144518306009,-1.61032281824362,"K183156","Keloid","Homeostatic/regulatory fibroblasts","2"
"K183156_CELL16948_N1","Harmony_sample",1.44504600932352,-6.50699983545553,"K183156","Keloid","Matrix-remodeling fibroblasts","0"
"K183156_CELL17030_N1","Harmony_sample",-1.78495353291281,-2.08755765863668,"K183156","Keloid","ECM-producing fibroblasts","3"
"K183156_CELL17401_N1","Harmony_sample",-2.00193852017172,-1.82096897073995,"K183156","Keloid","ECM-producing fibroblasts","3"
"K183156_CELL17512_N1","Harmony_sample",-2.25574451515921,3.63826526693095,"K183156","Keloid","ECM-producing fibroblasts","1"
"K183156_CELL17642_N1","Harmony_sample",-0.60747450421103,-0.922239169561974,"K183156","Keloid","ECM-producing fibroblasts","2"
"K183156_CELL17684_N1","Harmony_sample",3.4655471461033,2.08887352040995,"K183156","Keloid","ECM-producing fibroblasts","2"
"K183156_CELL17722_N1","Harmony_sample",2.06747728755228,1.42958892873514,"K183156","Keloid","ECM-producing fibroblasts","2"
"K183156_CELL17734_N1","Harmony_sample",2.70041328837625,-0.101448878729455,"K183156","Keloid","Matrix-remodeling fibroblasts","2"
"K183156_CELL18630_N1","Harmony_sample",-5.94520145485648,3.01456798604716,"K183156","Keloid","Homeostatic/regulatory fibroblasts","3"
"K183156_CELL18657_N1","Harmony_sample",-2.65236061642416,-0.0815747828127069,"K183156","Keloid","ECM-producing fibroblasts","3"
"K183156_CELL18789_N1","Harmony_sample",0.553474487564483,-0.126474246466271,"K183156","Keloid","ECM-producing fibroblasts","2"
"K183156_CELL18792_N1","Harmony_sample",2.84456020762674,1.27218307546366,"K183156","Keloid","ECM-producing fibroblasts","2"
"K183156_CELL18793_N1","Harmony_sample",2.93079859187356,2.48595680288065,"K183156","Keloid","ECM-producing fibroblasts","2"
"K183156_CELL19813_N1","Harmony_sample",2.1148391382908,1.04022468618143,"K183156","Keloid","ECM-producing fibroblasts","2"
"K183156_CELL19814_N1","Harmony_sample",3.45906740596048,1.83065856984843,"K183156","Keloid","ECM-producing fibroblasts","2"
"K183156_CELL19878_N1","Harmony_sample",2.58968168666116,0.674405708825477,"K183156","Keloid","ECM-producing fibroblasts","2"
"K183156_CELL20275_N1","Harmony_sample",3.39563757350198,2.13356460622538,"K183156","Keloid","ECM-producing fibroblasts","2"
"K183156_CELL20290_N1","Harmony_sample",0.677633346817412,-4.17570553728353,"K183156","Keloid","Homeostatic/regulatory fibroblasts","0"
"K183156_CELL20345_N1","Harmony_sample",-5.82658070156821,2.50018657735575,"K183156","Keloid","Homeostatic/regulatory fibroblasts","3"
"K183156_CELL20450_N1","Harmony_sample",2.27362686564676,-0.163845405066125,"K183156","Keloid","ECM-producing fibroblasts","2"
"K183156_CELL20562_N1","Harmony_sample",1.98107105662576,0.966886177575477,"K183156","Keloid","ECM-producing fibroblasts","2"
"K183156_CELL20706_N1","Harmony_sample",1.1243811266636,-0.0201757998109979,"K183156","Keloid","ECM-producing fibroblasts","2"
"K183156_CELL20789_N1","Harmony_sample",-1.41255563328513,-3.08296905466329,"K183156","Keloid","ECM-producing fibroblasts","3"
"K183156_CELL20985_N1","Harmony_sample",2.8550472872471,-2.33387266107809,"K183156","Keloid","Matrix-remodeling fibroblasts","0"
"K183156_CELL21168_N1","Harmony_sample",3.41846138407938,-0.754515037024133,"K183156","Keloid","Matrix-remodeling fibroblasts","2"
"K183156_CELL21516_N1","Harmony_sample",2.23157793452493,0.358996525323279,"K183156","Keloid","Matrix-remodeling fibroblasts","2"
"K183156_CELL21521_N1","Harmony_sample",1.52585607936136,-3.55875621744405,"K183156","Keloid","Homeostatic/regulatory fibroblasts","0"
"K183156_CELL21648_N1","Harmony_sample",3.44115835597269,2.27037967733134,"K183156","Keloid","ECM-producing fibroblasts","2"
"K183156_CELL21667_N1","Harmony_sample",1.36861044337503,0.256875649011024,"K183156","Keloid","ECM-producing fibroblasts","2"
"K183156_CELL21715_N1","Harmony_sample",-0.156768737533174,-2.987376555884,"K183156","Keloid","Matrix-remodeling fibroblasts","0"
"K183156_CELL21988_N1","Harmony_sample",2.06980759074441,1.07246460012186,"K183156","Keloid","ECM-producing fibroblasts","2"
"K183156_CELL22021_N1","Harmony_sample",1.03876787593118,1.07905639699686,"K183156","Keloid","ECM-producing fibroblasts","2"
"K183156_CELL22099_N1","Harmony_sample",1.75320488383523,0.415514603173621,"K183156","Keloid","ECM-producing fibroblasts","2"
"K183156_CELL22266_N1","Harmony_sample",0.786132396957793,-0.197856292212121,"K183156","Keloid","ECM-producing fibroblasts","2"
"K183156_CELL22495_N1","Harmony_sample",3.33105617930643,2.34137405446757,"K183156","Keloid","ECM-producing fibroblasts","2"
"K183156_CELL22524_N1","Harmony_sample",1.32384449412576,-1.08435998865377,"K183156","Keloid","Homeostatic/regulatory fibroblasts","2"
"K183156_CELL22617_N1","Harmony_sample",2.70678764750711,-3.98776923128378,"K183156","Keloid","Matrix-remodeling fibroblasts","0"
"K183156_CELL22643_N1","Harmony_sample",-4.28418220410594,5.43094886831034,"K183156","Keloid","Homeostatic/regulatory fibroblasts","1"
"K183156_CELL22720_N1","Harmony_sample",2.12100798060647,-5.42843566843282,"K183156","Keloid","Homeostatic/regulatory fibroblasts","0"
"K183156_CELL23175_N1","Harmony_sample",1.5024557726597,0.0914794354795294,"K183156","Keloid","ECM-producing fibroblasts","2"
"K183156_CELL23273_N1","Harmony_sample",0.457397522232451,-4.40168915697347,"K183156","Keloid","Homeostatic/regulatory fibroblasts","0"
"K183156_CELL23386_N1","Harmony_sample",2.26354414393655,1.08663429311503,"K183156","Keloid","ECM-producing fibroblasts","2"
"K183156_CELL23524_N1","Harmony_sample",2.20754677226297,1.43389190725077,"K183156","Keloid","ECM-producing fibroblasts","2"
"K183156_CELL23808_N1","Harmony_sample",1.9984970705723,-3.12021623560201,"K183156","Keloid","Matrix-remodeling fibroblasts","0"
"K183156_CELL23876_N1","Harmony_sample",3.40253549983255,0.552528992211707,"K183156","Keloid","ECM-producing fibroblasts","2"
"K183156_CELL24187_N1","Harmony_sample",3.1510563509678,-4.02038989969503,"K183156","Keloid","Matrix-remodeling fibroblasts","0"
"K183156_CELL24214_N1","Harmony_sample",2.91954189707986,-0.79156146951925,"K183156","Keloid","Matrix-remodeling fibroblasts","2"
"K183156_CELL24301_N1","Harmony_sample",3.11503273417703,-3.07990299173605,"K183156","Keloid","Matrix-remodeling fibroblasts","0"
"K183156_CELL24762_N1","Harmony_sample",-4.84345024655112,4.94951499990214,"K183156","Keloid","Homeostatic/regulatory fibroblasts","1"
"K183156_CELL24977_N1","Harmony_sample",-1.90730494091757,-1.67145191141378,"K183156","Keloid","ECM-producing fibroblasts","3"
"K183156_CELL25010_N1","Harmony_sample",1.90816599299661,-3.31569133707296,"K183156","Keloid","Matrix-remodeling fibroblasts","0"
"K183156_CELL25144_N1","Harmony_sample",3.76993566920511,-2.42432390161764,"K183156","Keloid","Matrix-remodeling fibroblasts","0"
"K183156_CELL25363_N1","Harmony_sample",3.76802021434061,-1.92208896585714,"K183156","Keloid","Matrix-remodeling fibroblasts","0"
"K183156_CELL25423_N1","Harmony_sample",3.42749697139017,-1.75336442896139,"K183156","Keloid","Matrix-remodeling fibroblasts","0"
"K183156_CELL25737_N1","Harmony_sample",2.64011675288431,-2.88080202051412,"K183156","Keloid","Matrix-remodeling fibroblasts","0"
"K183156_CELL26172_N1","Harmony_sample",2.5915876047825,1.42663635305155,"K183156","Keloid","ECM-producing fibroblasts","2"
"K183156_CELL26269_N1","Harmony_sample",0.913501800796904,-3.95557199426901,"K183156","Keloid","Homeostatic/regulatory fibroblasts","0"
"K183156_CELL26381_N1","Harmony_sample",-0.960583387115083,-0.842167720282189,"K183156","Keloid","ECM-producing fibroblasts","2"
"K183156_CELL26435_N1","Harmony_sample",-1.98510640690573,-4.71097336717855,"K183156","Keloid","Homeostatic/regulatory fibroblasts","0"
"K183156_CELL26465_N1","Harmony_sample",3.40310722758523,1.61242069295634,"K183156","Keloid","ECM-producing fibroblasts","2"
"K183156_CELL26500_N1","Harmony_sample",1.62318855693094,-0.842288360083215,"K183156","Keloid","ECM-producing fibroblasts","2"
"K183156_CELL26953_N1","Harmony_sample",2.61633736064188,0.931504860436805,"K183156","Keloid","ECM-producing fibroblasts","2"
"K183156_CELL26993_N1","Harmony_sample",1.02833420207254,-2.71650396295797,"K183156","Keloid","Homeostatic/regulatory fibroblasts","0"
"K183156_CELL27570_N1","Harmony_sample",2.69288307597391,-3.80240879961263,"K183156","Keloid","Matrix-remodeling fibroblasts","0"
"K183156_CELL27743_N1","Harmony_sample",2.52808863093606,2.05332912496317,"K183156","Keloid","ECM-producing fibroblasts","2"
"K183156_CELL27800_N1","Harmony_sample",-1.95816677639731,-4.72730933138143,"K183156","Keloid","Homeostatic/regulatory fibroblasts","0"
"K183156_CELL27868_N1","Harmony_sample",-4.02151942084082,5.04154743245829,"K183156","Keloid","Homeostatic/regulatory fibroblasts","1"
"K183156_CELL27961_N1","Harmony_sample",1.33187347819559,-4.05807434030782,"K183156","Keloid","Homeostatic/regulatory fibroblasts","0"
"K183156_CELL28048_N1","Harmony_sample",3.16769844462625,-2.95264421411764,"K183156","Keloid","Matrix-remodeling fibroblasts","0"
"K183156_CELL28084_N1","Harmony_sample",-1.63614982197531,-2.79722486444723,"K183156","Keloid","ECM-producing fibroblasts","3"
"K183156_CELL28271_N1","Harmony_sample",2.54926353862039,0.280576363122352,"K183156","Keloid","ECM-producing fibroblasts","2"
"K183156_CELL28277_N1","Harmony_sample",1.15047127177469,-0.937238082373254,"K183156","Keloid","Homeostatic/regulatory fibroblasts","2"
"K183156_CELL28434_N1","Harmony_sample",3.35909468104593,-2.50180278726827,"K183156","Keloid","Matrix-remodeling fibroblasts","0"
"K183156_CELL28511_N1","Harmony_sample",0.195004524490752,-3.15424309679281,"K183156","Keloid","Homeostatic/regulatory fibroblasts","0"
"K183156_CELL28650_N1","Harmony_sample",-1.88165873120078,-2.00818811365377,"K183156","Keloid","ECM-producing fibroblasts","3"
"K183156_CELL28725_N1","Harmony_sample",-1.53281086514243,-1.31864200540792,"K183156","Keloid","ECM-producing fibroblasts","3"
"K183156_CELL28774_N1","Harmony_sample",2.3397999422764,2.23721565297831,"K183156","Keloid","ECM-producing fibroblasts","2"
"K183156_CELL28889_N1","Harmony_sample",0.43110758235208,-0.611218318426721,"K183156","Keloid","ECM-producing fibroblasts","2"
"K183156_CELL29055_N1","Harmony_sample",2.8689895289158,-3.76985679575216,"K183156","Keloid","Matrix-remodeling fibroblasts","0"
"K183156_CELL29107_N1","Harmony_sample",1.81732803752176,-0.79492364832174,"K183156","Keloid","Matrix-remodeling fibroblasts","2"
"K183156_CELL29144_N1","Harmony_sample",-1.64330857823142,-2.21999202677023,"K183156","Keloid","ECM-producing fibroblasts","3"
"K183156_CELL29247_N1","Harmony_sample",-0.495724855163179,-3.99073563524496,"K183156","Keloid","Homeostatic/regulatory fibroblasts","0"
"K183156_CELL29350_N1","Harmony_sample",2.27515942027322,0.223956242120154,"K183156","Keloid","ECM-producing fibroblasts","2"
"K183156_CELL29405_N1","Harmony_sample",1.14599186351053,-2.30800758310568,"K183156","Keloid","Homeostatic/regulatory fibroblasts","0"
"K183156_CELL29464_N1","Harmony_sample",-1.43471854756125,-4.43017040201437,"K183156","Keloid","Homeostatic/regulatory fibroblasts","0"
"K183156_CELL29671_N1","Harmony_sample",2.80300623347513,-4.39587007471334,"K183156","Keloid","Matrix-remodeling fibroblasts","0"
"K183156_CELL29753_N1","Harmony_sample",2.36803966929666,-3.59210477777731,"K183156","Keloid","Matrix-remodeling fibroblasts","0"
"K183156_CELL29916_N1","Harmony_sample",-0.233814893462739,-3.07716356226217,"K183156","Keloid","Matrix-remodeling fibroblasts","0"
"K183156_CELL29934_N1","Harmony_sample",-1.55444782803305,-2.54789911218893,"K183156","Keloid","ECM-producing fibroblasts","3"
"K183156_CELL30145_N1","Harmony_sample",3.25460010936014,-3.5938833803774,"K183156","Keloid","Matrix-remodeling fibroblasts","0"
"K183156_CELL30180_N1","Harmony_sample",3.38854319026224,-3.47003184267294,"K183156","Keloid","Matrix-remodeling fibroblasts","0"
"K183156_CELL31044_N1","Harmony_sample",-0.635941920974336,-3.81939731546652,"K183156","Keloid","Homeostatic/regulatory fibroblasts","0"
"K183156_CELL31471_N1","Harmony_sample",2.53221708705179,0.0937439351438361,"K183156","Keloid","Matrix-remodeling fibroblasts","2"
"K183156_CELL31584_N1","Harmony_sample",3.27041107585184,-1.37301670023214,"K183156","Keloid","Matrix-remodeling fibroblasts","0"
"K183156_CELL31596_N1","Harmony_sample",2.43520742823831,-4.4660929293276,"K183156","Keloid","Matrix-remodeling fibroblasts","0"
"K183156_CELL31644_N1","Harmony_sample",2.18327003886453,1.67859996846903,"K183156","Keloid","ECM-producing fibroblasts","2"
"K183156_CELL31729_N1","Harmony_sample",0.671860756180205,-0.286028727972619,"K183156","Keloid","ECM-producing fibroblasts","2"
"K183156_CELL31924_N1","Harmony_sample",1.08420235087625,-5.00944291063558,"K183156","Keloid","Homeostatic/regulatory fibroblasts","0"
"K183156_CELL32069_N1","Harmony_sample",3.2003088610386,-1.82783208795797,"K183156","Keloid","Matrix-remodeling fibroblasts","0"
"K183156_CELL32181_N1","Harmony_sample",1.36995083262674,-2.38735710092794,"K183156","Keloid","Homeostatic/regulatory fibroblasts","0"
"K183156_CELL32209_N1","Harmony_sample",-1.42049306462058,-2.75736175485861,"K183156","Keloid","ECM-producing fibroblasts","3"
"K183261_CELL782_N3","Harmony_sample",0.869685711166778,-1.07373176523458,"K183261","Keloid","Homeostatic/regulatory fibroblasts","2"
"K183261_CELL831_N2","Harmony_sample",2.41964012553445,-3.04578720041525,"K183261","Keloid","Homeostatic/regulatory fibroblasts","0"
"K183261_CELL1053_N6","Harmony_sample",2.62482172419778,0.84681047490824,"K183261","Keloid","ECM-producing fibroblasts","2"
"K183261_CELL1385_N2","Harmony_sample",0.990183891556182,-4.84699140497457,"K183261","Keloid","Homeostatic/regulatory fibroblasts","0"
"K183261_CELL1474_N3","Harmony_sample",-0.882663188674531,-3.98617397257101,"K183261","Keloid","Homeostatic/regulatory fibroblasts","0"
"K183261_CELL1794_N4","Harmony_sample",1.68634706904642,0.550491943871863,"K183261","Keloid","ECM-producing fibroblasts","2"
"K183261_CELL1909_N4","Harmony_sample",-2.06854384968527,-4.6885632128359,"K183261","Keloid","Homeostatic/regulatory fibroblasts","0"
"K183261_CELL1937_N4","Harmony_sample",-2.05289381573447,-4.74324665972006,"K183261","Keloid","Homeostatic/regulatory fibroblasts","0"
"K183261_CELL2058_N2","Harmony_sample",2.7452045099949,-0.458549365484826,"K183261","Keloid","ECM-producing fibroblasts","2"
"K183261_CELL2230_N5","Harmony_sample",0.347468914291778,0.843853607690223,"K183261","Keloid","ECM-producing fibroblasts","2"
"K183261_CELL2234_N4","Harmony_sample",0.597343982956328,-3.7693999857546,"K183261","Keloid","Homeostatic/regulatory fibroblasts","0"
"K183261_CELL2264_N3","Harmony_sample",2.95458084513895,2.10876525930155,"K183261","Keloid","ECM-producing fibroblasts","2"
"K183261_CELL2301_N2","Harmony_sample",3.28774076869241,-1.17502962061178,"K183261","Keloid","Matrix-remodeling fibroblasts","2"
"K183261_CELL3150_N2","Harmony_sample",0.715285839340606,-0.0963839144350214,"K183261","Keloid","ECM-producing fibroblasts","2"
"K183261_CELL3380_N4","Harmony_sample",1.28210073878519,-2.73898921915304,"K183261","Keloid","Homeostatic/regulatory fibroblasts","0"
"K183261_CELL3662_N6","Harmony_sample",0.735811771652617,-2.86588989206564,"K183261","Keloid","Homeostatic/regulatory fibroblasts","0"
"K183261_CELL3774_N3","Harmony_sample",3.40139824321023,-2.14147840448629,"K183261","Keloid","Matrix-remodeling fibroblasts","0"
"K183261_CELL4138_N3","Harmony_sample",-1.82728379795798,-2.4358833880068,"K183261","Keloid","ECM-producing fibroblasts","3"
"K183261_CELL4247_N4","Harmony_sample",-2.10532182286032,-4.6816531271578,"K183261","Keloid","Homeostatic/regulatory fibroblasts","0"
"K183261_CELL4530_N7","Harmony_sample",3.14469057490579,2.2503639607786,"K183261","Keloid","ECM-producing fibroblasts","2"
"K183261_CELL4642_N3","Harmony_sample",2.19816500117532,1.98305477193583,"K183261","Keloid","ECM-producing fibroblasts","2"
"K183261_CELL4741_N3","Harmony_sample",2.30617147853128,-4.76896773287069,"K183261","Keloid","Homeostatic/regulatory fibroblasts","0"
"K183261_CELL5112_N2","Harmony_sample",0.878970684311309,-2.25852809854757,"K183261","Keloid","Homeostatic/regulatory fibroblasts","0"
"K183261_CELL5265_N2","Harmony_sample",-1.98413675854453,-4.48255310961019,"K183261","Keloid","Homeostatic/regulatory fibroblasts","0"
"K183261_CELL5296_N2","Harmony_sample",3.34420544078104,-3.43119607874166,"K183261","Keloid","Matrix-remodeling fibroblasts","0"
"K183261_CELL6116_N2","Harmony_sample",0.787746967575469,-3.2441063971163,"K183261","Keloid","Homeostatic/regulatory fibroblasts","0"
"K183261_CELL6202_N3","Harmony_sample",2.06038624217264,0.876549377953895,"K183261","Keloid","ECM-producing fibroblasts","2"
"K183261_CELL7358_N2","Harmony_sample",-1.13157266209372,-1.11527191110861,"K183261","Keloid","ECM-producing fibroblasts","2"
"K183261_CELL7359_N1","Harmony_sample",-2.804281888702,-1.59116445490133,"K183261","Keloid","Matrix-remodeling fibroblasts","3"
"K183261_CELL8615_N4","Harmony_sample",1.16871363093606,-2.8544362635256,"K183261","Keloid","Homeostatic/regulatory fibroblasts","0"
"K183261_CELL9070_N3","Harmony_sample",1.89078527858011,0.452680721795447,"K183261","Keloid","ECM-producing fibroblasts","2"
"K183261_CELL9269_N3","Harmony_sample",2.84326130320779,-0.266210898840539,"K183261","Keloid","Matrix-remodeling fibroblasts","2"
"K183261_CELL9511_N3","Harmony_sample",3.72382885386697,-2.65937934824239,"K183261","Keloid","Matrix-remodeling fibroblasts","0"
"K183261_CELL9537_N3","Harmony_sample",-4.33558213541754,4.70671905568827,"K183261","Keloid","Homeostatic/regulatory fibroblasts","1"
"K183261_CELL9555_N2","Harmony_sample",2.00341803004495,-2.86658655115377,"K183261","Keloid","Homeostatic/regulatory fibroblasts","0"
"K183261_CELL9812_N4","Harmony_sample",1.01160055567972,-2.65390573450338,"K183261","Keloid","Homeostatic/regulatory fibroblasts","0"
"K183261_CELL9904_N2","Harmony_sample",0.949904026291289,-3.55460892626058,"K183261","Keloid","Homeostatic/regulatory fibroblasts","0"
"K183261_CELL10261_N1","Harmony_sample",1.70210033824197,1.26296485952128,"K183261","Keloid","ECM-producing fibroblasts","2"
"K183261_CELL12047_N1","Harmony_sample",-0.983680902221284,-3.72831831880819,"K183261","Keloid","ECM-producing fibroblasts","3"
"K183261_CELL13785_N1","Harmony_sample",2.93603712489358,-2.35642181345236,"K183261","Keloid","Homeostatic/regulatory fibroblasts","0"
"K183261_CELL17149_N1","Harmony_sample",2.46994835307352,-2.03708349176656,"K183261","Keloid","Matrix-remodeling fibroblasts","0"
"K183261_CELL17959_N1","Harmony_sample",-2.61002129147299,-0.17993341394674,"K183261","Keloid","ECM-producing fibroblasts","3"
"K183261_CELL19488_N1","Harmony_sample",-0.230932174422822,-4.87050066896688,"K183261","Keloid","Homeostatic/regulatory fibroblasts","0"
"K183261_CELL20828_N1","Harmony_sample",-1.06149452755698,-2.94852863260519,"K183261","Keloid","ECM-producing fibroblasts","0"
"K183261_CELL26267_N1","Harmony_sample",3.01080805232278,-3.13478980966818,"K183261","Keloid","Homeostatic/regulatory fibroblasts","0"
"K183261_CELL30227_N1","Harmony_sample",-2.06173103878745,-1.89378009744894,"K183261","Keloid","ECM-producing fibroblasts","3"
"K183261_CELL34896_N1","Harmony_sample",-3.86580207774886,3.90012992910136,"K183261","Keloid","Homeostatic/regulatory fibroblasts","1"
"K183261_CELL36106_N1","Harmony_sample",0.488044800064483,-3.42561040827047,"K183261","Keloid","Homeostatic/regulatory fibroblasts","0"
"K183261_CELL37268_N1","Harmony_sample",2.77173620631448,-1.97982774683248,"K183261","Keloid","ECM-producing fibroblasts","2"
"K712771_CELL329_N4","Harmony_sample",3.89006334712259,-0.873264178717248,"K712771","Keloid","Matrix-remodeling fibroblasts","2"
"K712771_CELL502_N3","Harmony_sample",-4.87339252064475,3.69267524770487,"K712771","Keloid","Homeostatic/regulatory fibroblasts","1"
"K712771_CELL710_N4","Harmony_sample",2.09940964152566,-0.692416057074182,"K712771","Keloid","ECM-producing fibroblasts","2"
"K712771_CELL834_N1","Harmony_sample",1.35756260325662,-6.8907053918482,"K712771","Keloid","Matrix-remodeling fibroblasts","0"
"K712771_CELL859_N6","Harmony_sample",0.947231354019561,-5.09717045732748,"K712771","Keloid","Homeostatic/regulatory fibroblasts","0"
"K712771_CELL1003_N2","Harmony_sample",2.13032967021219,0.394660606896766,"K712771","Keloid","ECM-producing fibroblasts","2"
"K712771_CELL1279_N4","Harmony_sample",3.06693273951761,-0.793654784643762,"K712771","Keloid","Matrix-remodeling fibroblasts","2"
"K712771_CELL1351_N2","Harmony_sample",1.72627407481424,0.835309639489539,"K712771","Keloid","ECM-producing fibroblasts","2"
"K712771_CELL1464_N4","Harmony_sample",1.48290687968484,-2.6741384119631,"K712771","Keloid","Homeostatic/regulatory fibroblasts","0"
"K712771_CELL1603_N2","Harmony_sample",2.05510384013406,-4.83822189279806,"K712771","Keloid","Homeostatic/regulatory fibroblasts","0"
"K712771_CELL1806_N3","Harmony_sample",0.644527496597686,-5.43494759508383,"K712771","Keloid","Matrix-remodeling fibroblasts","0"
"K712771_CELL1977_N5","Harmony_sample",1.26582628657571,1.32624019674052,"K712771","Keloid","ECM-producing fibroblasts","2"
"K712771_CELL1989_N4","Harmony_sample",-1.92010539601096,-1.60647617288839,"K712771","Keloid","ECM-producing fibroblasts","3"
"K712771_CELL1996_N3","Harmony_sample",1.59261518885843,-4.68644200273763,"K712771","Keloid","Homeostatic/regulatory fibroblasts","0"
"K712771_CELL2224_N4","Harmony_sample",1.75248724391214,-4.19236241289388,"K712771","Keloid","Homeostatic/regulatory fibroblasts","0"
"K712771_CELL2493_N7","Harmony_sample",3.36348539759866,1.83996452382792,"K712771","Keloid","ECM-producing fibroblasts","2"
"K712771_CELL2762_N5","Harmony_sample",1.6750312464451,-6.65571074196111,"K712771","Keloid","Matrix-remodeling fibroblasts","0"
"K712771_CELL3052_N3","Harmony_sample",3.30106789042703,-1.22384010263693,"K712771","Keloid","Matrix-remodeling fibroblasts","2"
"K712771_CELL3113_N2","Harmony_sample",2.93077522685281,-4.24497352548849,"K712771","Keloid","Matrix-remodeling fibroblasts","0"
"K712771_CELL3674_N3","Harmony_sample",2.95642715861551,-1.36161743112814,"K712771","Keloid","Matrix-remodeling fibroblasts","0"
"K712771_CELL4138_N2","Harmony_sample",1.23764139582864,-6.47116862245809,"K712771","Keloid","Matrix-remodeling fibroblasts","0"
"K712771_CELL4504_N2","Harmony_sample",1.73848205973855,-1.72752033182394,"K712771","Keloid","ECM-producing fibroblasts","0"
"K712771_CELL5011_N4","Harmony_sample",1.22894245555154,-6.44007949539434,"K712771","Keloid","Matrix-remodeling fibroblasts","0"
"K712771_CELL5241_N2","Harmony_sample",1.94463879039041,-5.01399336763632,"K712771","Keloid","Homeostatic/regulatory fibroblasts","0"
"K712771_CELL5313_N2","Harmony_sample",3.85276800563089,-2.46455989786398,"K712771","Keloid","Matrix-remodeling fibroblasts","0"
"K712771_CELL5445_N4","Harmony_sample",2.34162718226663,-5.40222953268301,"K712771","Keloid","Matrix-remodeling fibroblasts","0"
"K712771_CELL5485_N1","Harmony_sample",1.2775793688511,-6.88297979542028,"K712771","Keloid","Matrix-remodeling fibroblasts","0"
"K712771_CELL5492_N2","Harmony_sample",-0.828077016570649,-3.23768769212972,"K712771","Keloid","Matrix-remodeling fibroblasts","0"
"K712771_CELL5571_N3","Harmony_sample",0.428965153000274,3.08366550496805,"K712771","Keloid","ECM-producing fibroblasts","1"
"K712771_CELL5672_N2","Harmony_sample",2.73287064006082,0.274239197289832,"K712771","Keloid","ECM-producing fibroblasts","2"
"K712771_CELL5695_N3","Harmony_sample",0.949769558212676,0.00654281667459777,"K712771","Keloid","ECM-producing fibroblasts","2"
"K712771_CELL6146_N1","Harmony_sample",1.88103729655496,1.67674507192362,"K712771","Keloid","ECM-producing fibroblasts","2"
"K712771_CELL6298_N2","Harmony_sample",-3.10893922875174,5.07841362050761,"K712771","Keloid","Homeostatic/regulatory fibroblasts","1"
"K712771_CELL6542_N3","Harmony_sample",-1.16421717236289,-2.36941133447897,"K712771","Keloid","ECM-producing fibroblasts","2"
"K712771_CELL6576_N2","Harmony_sample",0.346210064194121,-5.08490811296713,"K712771","Keloid","Homeostatic/regulatory fibroblasts","0"
"K712771_CELL6579_N2","Harmony_sample",1.64127022197,-6.80044819422971,"K712771","Keloid","Matrix-remodeling fibroblasts","0"
"K712771_CELL6732_N2","Harmony_sample",3.37391668727151,1.77170433095682,"K712771","Keloid","ECM-producing fibroblasts","2"
"K712771_CELL6787_N2","Harmony_sample",1.93219715525857,1.68663467458475,"K712771","Keloid","ECM-producing fibroblasts","2"
"K712771_CELL6857_N3","Harmony_sample",3.00152832438699,-4.17819701143514,"K712771","Keloid","Matrix-remodeling fibroblasts","0"
"K712771_CELL7321_N4","Harmony_sample",1.74420076777688,0.753601208245643,"K712771","Keloid","ECM-producing fibroblasts","2"
"K712771_CELL7398_N2","Harmony_sample",2.93753343989603,-4.27771388002645,"K712771","Keloid","Matrix-remodeling fibroblasts","0"
"K712771_CELL7490_N2","Harmony_sample",0.193596424362578,1.01647342733134,"K712771","Keloid","ECM-producing fibroblasts","2"
"K712771_CELL8181_N2","Harmony_sample",0.952543796799102,-6.58961473413717,"K712771","Keloid","Matrix-remodeling fibroblasts","0"
"K712771_CELL8397_N3","Harmony_sample",1.64154869487039,-6.61960785099279,"K712771","Keloid","Matrix-remodeling fibroblasts","0"
"K712771_CELL8809_N1","Harmony_sample",2.02727562358133,-1.0000489802004,"K712771","Keloid","Matrix-remodeling fibroblasts","2"
"K712771_CELL8906_N2","Harmony_sample",3.40241247584573,0.219323769128211,"K712771","Keloid","ECM-producing fibroblasts","2"
"K712771_CELL8975_N2","Harmony_sample",0.862020553848662,-5.12353883692037,"K712771","Keloid","Homeostatic/regulatory fibroblasts","0"
"K712771_CELL9044_N2","Harmony_sample",3.75330072810403,-2.51710735269796,"K712771","Keloid","Matrix-remodeling fibroblasts","0"
"K712771_CELL9469_N1","Harmony_sample",1.22814709117166,-3.49179349848043,"K712771","Keloid","Homeostatic/regulatory fibroblasts","0"
"K712771_CELL9682_N5","Harmony_sample",3.17729765345804,1.17677463582743,"K712771","Keloid","ECM-producing fibroblasts","2"
"K712771_CELL10156_N2","Harmony_sample",-0.974442420699678,3.3721434026121,"K712771","Keloid","ECM-producing fibroblasts","1"
"K712771_CELL10795_N1","Harmony_sample",1.69484621455423,-3.59104476877462,"K712771","Keloid","Matrix-remodeling fibroblasts","0"
"K712771_CELL11078_N2","Harmony_sample",1.38146597316019,-6.61228714891683,"K712771","Keloid","Matrix-remodeling fibroblasts","0"
"K712771_CELL11095_N3","Harmony_sample",3.06858688761941,2.49563564351786,"K712771","Keloid","ECM-producing fibroblasts","2"
"K712771_CELL11452_N2","Harmony_sample",2.81235939433328,-4.46200262018453,"K712771","Keloid","Matrix-remodeling fibroblasts","0"
"K712771_CELL11479_N2","Harmony_sample",3.25897270610086,-2.30970416971456,"K712771","Keloid","Matrix-remodeling fibroblasts","0"
"K712771_CELL11481_N2","Harmony_sample",-0.260129390456758,-4.12333498903524,"K712771","Keloid","Matrix-remodeling fibroblasts","0"
"K712771_CELL11522_N3","Harmony_sample",1.44402891566507,1.1612411885618,"K712771","Keloid","Matrix-remodeling fibroblasts","2"
"K712771_CELL11558_N3","Harmony_sample",0.94536596705667,-6.31146846719991,"K712771","Keloid","Matrix-remodeling fibroblasts","0"
"K712771_CELL11931_N2","Harmony_sample",2.54182535578958,2.23583473256815,"K712771","Keloid","ECM-producing fibroblasts","2"
"K712771_CELL12144_N2","Harmony_sample",2.98787743022195,0.686848774468787,"K712771","Keloid","ECM-producing fibroblasts","2"
"K712771_CELL12364_N3","Harmony_sample",3.1800714152073,-0.24817596384298,"K712771","Keloid","Matrix-remodeling fibroblasts","2"
"K712771_CELL12466_N1","Harmony_sample",2.09743458201639,-5.73722921320211,"K712771","Keloid","Matrix-remodeling fibroblasts","0"
"K712771_CELL12512_N1","Harmony_sample",1.68012911250345,-6.37149141737234,"K712771","Keloid","Matrix-remodeling fibroblasts","0"
"K712771_CELL12584_N2","Harmony_sample",-2.03684013912924,-4.6078952402712,"K712771","Keloid","Homeostatic/regulatory fibroblasts","0"
"K712771_CELL12890_N2","Harmony_sample",0.928702415726104,1.40472187093485,"K712771","Keloid","Homeostatic/regulatory fibroblasts","2"
"K712771_CELL13133_N1","Harmony_sample",0.956210674545684,-2.83775411554586,"K712771","Keloid","Homeostatic/regulatory fibroblasts","0"
"K712771_CELL13267_N1","Harmony_sample",1.31193071772806,-6.83893357225668,"K712771","Keloid","Matrix-remodeling fibroblasts","0"
"K712771_CELL13941_N1","Harmony_sample",1.43385082652322,-6.82559700318586,"K712771","Keloid","Matrix-remodeling fibroblasts","0"
"K712771_CELL14353_N1","Harmony_sample",0.808118881485381,-0.658462867224328,"K712771","Keloid","Homeostatic/regulatory fibroblasts","2"
"K712771_CELL15190_N1","Harmony_sample",2.05784422328226,-5.71701227136862,"K712771","Keloid","Matrix-remodeling fibroblasts","0"
"K712771_CELL15220_N1","Harmony_sample",1.023838581345,-5.43997608133566,"K712771","Keloid","Homeostatic/regulatory fibroblasts","0"
"K712771_CELL16633_N1","Harmony_sample",1.98362022807352,-0.182639941656701,"K712771","Keloid","ECM-producing fibroblasts","2"
"K712771_CELL16714_N1","Harmony_sample",0.777566017410674,-6.25947318979513,"K712771","Keloid","Matrix-remodeling fibroblasts","0"
"K712771_CELL17064_N1","Harmony_sample",0.837598385116973,-6.41611085840475,"K712771","Keloid","Matrix-remodeling fibroblasts","0"
"K712771_CELL17104_N1","Harmony_sample",-0.353884397246919,-4.98640833803426,"K712771","Keloid","ECM-producing fibroblasts","0"
"K712771_CELL17382_N1","Harmony_sample",3.06702953746072,-2.35473047205221,"K712771","Keloid","Matrix-remodeling fibroblasts","0"
"K712771_CELL18078_N1","Harmony_sample",3.16196590831033,-3.60486422487508,"K712771","Keloid","Matrix-remodeling fibroblasts","0"
"K712771_CELL18219_N1","Harmony_sample",2.18714624812356,0.92546905568827,"K712771","Keloid","ECM-producing fibroblasts","2"
"K712771_CELL19019_N1","Harmony_sample",1.44632250239603,-6.19726572939169,"K712771","Keloid","Matrix-remodeling fibroblasts","0"
"K712771_CELL19429_N1","Harmony_sample",1.04774815013162,-5.44200359293234,"K712771","Keloid","Homeostatic/regulatory fibroblasts","0"
"K712771_CELL19483_N1","Harmony_sample",2.49570757319681,-3.99123202272665,"K712771","Keloid","Matrix-remodeling fibroblasts","0"
"K712771_CELL20341_N1","Harmony_sample",3.01599556376688,-0.946043834173791,"K712771","Keloid","Matrix-remodeling fibroblasts","2"
"K712771_CELL20624_N1","Harmony_sample",-0.986544070937715,-2.90515170999777,"K712771","Keloid","ECM-producing fibroblasts","0"
"K712771_CELL20715_N1","Harmony_sample",-0.958673892715058,-0.965858325445764,"K712771","Keloid","ECM-producing fibroblasts","2"
"K712771_CELL21116_N1","Harmony_sample",3.04693991114847,0.41173614553202,"K712771","Keloid","ECM-producing fibroblasts","2"
"K712771_CELL21319_N1","Harmony_sample",2.16698986460916,-4.66666613527548,"K712771","Keloid","Homeostatic/regulatory fibroblasts","0"
"K712771_CELL21676_N1","Harmony_sample",1.63221031596414,-4.73638235040914,"K712771","Keloid","Homeostatic/regulatory fibroblasts","0"
"K712771_CELL21794_N1","Harmony_sample",-1.84445255825766,-2.52595554300558,"K712771","Keloid","ECM-producing fibroblasts","3"
"K712771_CELL22525_N1","Harmony_sample",1.88784414698831,-0.793005809271447,"K712771","Keloid","Matrix-remodeling fibroblasts","2"
"K712771_CELL23153_N1","Harmony_sample",2.90051132609598,0.538568153893836,"K712771","Keloid","ECM-producing fibroblasts","2"
"K712771_CELL23672_N1","Harmony_sample",1.39612013270608,-6.16014866539251,"K712771","Keloid","Matrix-remodeling fibroblasts","0"
"K712771_CELL23805_N1","Harmony_sample",0.252735676071563,-5.41750751444112,"K712771","Keloid","Homeostatic/regulatory fibroblasts","0"
"N176712_CELL1209_N3","Harmony_sample",3.09100538661233,-1.05422054239523,"N176712","Normal","Matrix-remodeling fibroblasts","2"
"N176712_CELL2777_N3","Harmony_sample",2.2783346789097,-4.88222824045431,"N176712","Normal","Homeostatic/regulatory fibroblasts","0"
"N176712_CELL3232_N2","Harmony_sample",-4.92119651863822,3.75603546193827,"N176712","Normal","Homeostatic/regulatory fibroblasts","1"
"N176712_CELL3900_N2","Harmony_sample",0.646380008957305,-3.68827997156393,"N176712","Normal","Homeostatic/regulatory fibroblasts","0"
"N176712_CELL4364_N2","Harmony_sample",1.3711343424534,-6.71350710102331,"N176712","Normal","Matrix-remodeling fibroblasts","0"
"N176712_CELL5248_N3","Harmony_sample",-2.65972024033316,-0.194895610296838,"N176712","Normal","ECM-producing fibroblasts","3"
"N176712_CELL6455_N2","Harmony_sample",-1.26925128529318,-3.37431274362814,"N176712","Normal","Homeostatic/regulatory fibroblasts","3"
"N176712_CELL6949_N3","Harmony_sample",-0.646536288955293,-4.19513021417867,"N176712","Normal","Homeostatic/regulatory fibroblasts","0"
"N176712_CELL9310_N1","Harmony_sample",-4.52243023941763,4.98023761800516,"N176712","Normal","Homeostatic/regulatory fibroblasts","1"
"N176712_CELL14513_N1","Harmony_sample",1.65120893885843,-6.33461527534734,"N176712","Normal","Matrix-remodeling fibroblasts","0"
"N176712_CELL14881_N1","Harmony_sample",1.12281614711038,-6.66376192876112,"N176712","Normal","Matrix-remodeling fibroblasts","0"
"N177536_CELL99_N5","Harmony_sample",-0.624602733352265,-4.32207833238851,"N177536","Normal","Homeostatic/regulatory fibroblasts","0"
"N177536_CELL467_N2","Harmony_sample",2.72650295665018,-2.9292276949526,"N177536","Normal","Homeostatic/regulatory fibroblasts","0"
"N177536_CELL641_N3","Harmony_sample",0.499020160934844,-3.65680752702963,"N177536","Normal","Homeostatic/regulatory fibroblasts","0"
"N177536_CELL1859_N3","Harmony_sample",-1.72307914326437,-4.42795406290304,"N177536","Normal","Homeostatic/regulatory fibroblasts","0"
"N177536_CELL2671_N2","Harmony_sample",-0.525542197921357,-4.01169763513815,"N177536","Normal","Homeostatic/regulatory fibroblasts","0"
"N177536_CELL3702_N2","Harmony_sample",-4.07707195559987,4.29398693135966,"N177536","Normal","Homeostatic/regulatory fibroblasts","1"
"N177536_CELL3817_N3","Harmony_sample",1.00177246501199,-3.60954223581564,"N177536","Normal","Homeostatic/regulatory fibroblasts","0"
"N177536_CELL4444_N3","Harmony_sample",2.69960981776468,1.42240776113261,"N177536","Normal","Matrix-remodeling fibroblasts","2"
"N177536_CELL4931_N3","Harmony_sample",1.72659880091897,-3.02549682565939,"N177536","Normal","Homeostatic/regulatory fibroblasts","0"
"N177536_CELL5149_N2","Harmony_sample",0.69368082453958,-3.93998251863729,"N177536","Normal","Homeostatic/regulatory fibroblasts","0"
"N177536_CELL5420_N3","Harmony_sample",-1.85376685688742,-4.65071640917074,"N177536","Normal","Homeostatic/regulatory fibroblasts","0"
"N177536_CELL5535_N2","Harmony_sample",0.021955551407256,-5.32533250757467,"N177536","Normal","Homeostatic/regulatory fibroblasts","0"
"N177536_CELL5547_N2","Harmony_sample",-1.71499079296835,4.13767303518046,"N177536","Normal","Homeostatic/regulatory fibroblasts","1"
"N177536_CELL6495_N2","Harmony_sample",-3.26142352650412,2.45194782308329,"N177536","Normal","Homeostatic/regulatory fibroblasts","1"
"N177536_CELL6881_N2","Harmony_sample",-1.34612792561301,4.36042274526346,"N177536","Normal","Homeostatic/regulatory fibroblasts","1"
"N177536_CELL8407_N2","Harmony_sample",2.85104566981546,-3.02955900141012,"N177536","Normal","Homeostatic/regulatory fibroblasts","0"
"N177536_CELL8499_N2","Harmony_sample",-3.98441637883433,5.12513412526835,"N177536","Normal","Homeostatic/regulatory fibroblasts","1"
"N177536_CELL8756_N3","Harmony_sample",-1.83286636898764,-4.58810196825277,"N177536","Normal","Homeostatic/regulatory fibroblasts","0"
"N177536_CELL8831_N2","Harmony_sample",0.873396934769072,-2.66803680368673,"N177536","Normal","Homeostatic/regulatory fibroblasts","0"
"N177536_CELL9609_N2","Harmony_sample",-5.04573827812918,4.72759212545145,"N177536","Normal","Homeostatic/regulatory fibroblasts","1"
"N177536_CELL9771_N2","Harmony_sample",-2.04992097447165,-4.7324548811556,"N177536","Normal","Homeostatic/regulatory fibroblasts","0"
"N177536_CELL9976_N2","Harmony_sample",-2.16762941906699,5.18839038900126,"N177536","Normal","Homeostatic/regulatory fibroblasts","1"
"N177536_CELL10205_N3","Harmony_sample",-0.116817413070283,-5.06855569788229,"N177536","Normal","Homeostatic/regulatory fibroblasts","0"
"N177536_CELL10358_N2","Harmony_sample",2.95867639949075,-0.166300162756555,"N177536","Normal","Homeostatic/regulatory fibroblasts","2"
"N177536_CELL11050_N3","Harmony_sample",-2.79912465641745,-1.58727632471334,"N177536","Normal","Matrix-remodeling fibroblasts","3"
"N177536_CELL11056_N2","Harmony_sample",-2.23875492642172,-4.43468652673971,"N177536","Normal","ECM-producing fibroblasts","0"
"N177536_CELL11528_N3","Harmony_sample",0.726776184341826,-2.54773698755514,"N177536","Normal","Homeostatic/regulatory fibroblasts","0"
"N177536_CELL11941_N3","Harmony_sample",-2.58527272770651,4.28055252126444,"N177536","Normal","Homeostatic/regulatory fibroblasts","1"
"N177536_CELL13121_N1","Harmony_sample",2.25416571070901,-5.36451493211996,"N177536","Normal","Homeostatic/regulatory fibroblasts","0"
"N177536_CELL15883_N1","Harmony_sample",1.91560608317605,-5.90559004255544,"N177536","Normal","Matrix-remodeling fibroblasts","0"
"N177536_CELL16993_N1","Harmony_sample",0.0318437235569142,3.47249187520731,"N177536","Normal","ECM-producing fibroblasts","1"
"N177536_CELL17130_N1","Harmony_sample",-1.33170813153037,3.62908901265848,"N177536","Normal","Homeostatic/regulatory fibroblasts","1"
"N177536_CELL18616_N1","Harmony_sample",1.86897617747537,0.159552708184608,"N177536","Normal","ECM-producing fibroblasts","2"
"N177536_CELL19214_N1","Harmony_sample",-3.26674246618994,2.45841278127421,"N177536","Normal","Homeostatic/regulatory fibroblasts","1"
"N177536_CELL19706_N1","Harmony_sample",-2.8249003274227,3.64541114858378,"N177536","Normal","Homeostatic/regulatory fibroblasts","1"
"N177536_CELL20358_N1","Harmony_sample",1.30896669795267,-6.29237566896688,"N177536","Normal","Matrix-remodeling fibroblasts","0"
"N177536_CELL22589_N1","Harmony_sample",-1.95232480595358,-4.63269911714803,"N177536","Normal","Homeostatic/regulatory fibroblasts","0"
"N177536_CELL22836_N1","Harmony_sample",-0.0815066678310252,3.38107646993388,"N177536","Normal","ECM-producing fibroblasts","1"
"N177536_CELL22977_N1","Harmony_sample",1.17082745005838,-6.8051383645178,"N177536","Normal","Matrix-remodeling fibroblasts","0"
"N177536_CELL23410_N1","Harmony_sample",-2.7691563946987,-0.0441425890566034,"N177536","Normal","Homeostatic/regulatory fibroblasts","3"
"N177536_CELL25842_N1","Harmony_sample",2.02871233393899,-0.82847438761007,"N177536","Normal","Matrix-remodeling fibroblasts","2"
"N177536_CELL26198_N1","Harmony_sample",1.99245840480081,-4.82434569307577,"N177536","Normal","Homeostatic/regulatory fibroblasts","0"
"N177536_CELL27559_N1","Harmony_sample",-1.40930980274924,-3.29611550279867,"N177536","Normal","ECM-producing fibroblasts","3"
"N387690_CELL199_N3","Harmony_sample",-0.700456081130586,3.81393589071024,"N387690","Normal","ECM-producing fibroblasts","1"
"N387690_CELL228_N3","Harmony_sample",-4.9299572093273,4.45219768575419,"N387690","Normal","Homeostatic/regulatory fibroblasts","1"
"N387690_CELL241_N3","Harmony_sample",-5.20540708134421,4.4929062276243,"N387690","Normal","Homeostatic/regulatory fibroblasts","1"
"N387690_CELL304_N4","Harmony_sample",0.301397861740508,-3.8896916956545,"N387690","Normal","Homeostatic/regulatory fibroblasts","0"
"N387690_CELL318_N4","Harmony_sample",-3.37388688156851,2.33553661397684,"N387690","Normal","Homeostatic/regulatory fibroblasts","1"
"N387690_CELL357_N3","Harmony_sample",-5.57837110588797,2.78153480581034,"N387690","Normal","Homeostatic/regulatory fibroblasts","1"
"N387690_CELL370_N2","Harmony_sample",-3.60533815453299,3.90088523915995,"N387690","Normal","Homeostatic/regulatory fibroblasts","1"
"N387690_CELL477_N3","Harmony_sample",-3.73713439533957,4.75725711873759,"N387690","Normal","Homeostatic/regulatory fibroblasts","1"
"N387690_CELL532_N4","Harmony_sample",-0.523328004577241,3.41527141622294,"N387690","Normal","Homeostatic/regulatory fibroblasts","1"
"N387690_CELL573_N2","Harmony_sample",-1.4147805554653,3.80764164022196,"N387690","Normal","Homeostatic/regulatory fibroblasts","1"
"N387690_CELL669_N3","Harmony_sample",-2.72963064739951,4.12756313375223,"N387690","Normal","Homeostatic/regulatory fibroblasts","1"
"N387690_CELL780_N3","Harmony_sample",0.0886936800693654,-5.2214480490328,"N387690","Normal","Homeostatic/regulatory fibroblasts","0"
"N387690_CELL787_N3","Harmony_sample",-3.12705939839133,4.33791889241923,"N387690","Normal","Homeostatic/regulatory fibroblasts","1"
"N387690_CELL811_N2","Harmony_sample",-4.18464568088301,5.092288628137,"N387690","Normal","Homeostatic/regulatory fibroblasts","1"
"N387690_CELL939_N3","Harmony_sample",-2.59785026142844,-0.776714667761437,"N387690","Normal","Homeostatic/regulatory fibroblasts","3"
"N387690_CELL1036_N1","Harmony_sample",0.195343078873076,-5.26473043867361,"N387690","Normal","Homeostatic/regulatory fibroblasts","0"
"N387690_CELL1048_N2","Harmony_sample",-5.1256723983074,4.70037807515848,"N387690","Normal","Homeostatic/regulatory fibroblasts","1"
"N387690_CELL1082_N4","Harmony_sample",0.151100696823516,-5.0179580301882,"N387690","Normal","Homeostatic/regulatory fibroblasts","0"
"N387690_CELL1182_N2","Harmony_sample",-4.49461766908415,5.2258860020994,"N387690","Normal","Homeostatic/regulatory fibroblasts","1"
"N387690_CELL1198_N2","Harmony_sample",-2.76129847595938,0.154055252587684,"N387690","Normal","Homeostatic/regulatory fibroblasts","3"
"N387690_CELL1312_N2","Harmony_sample",-3.58891773054846,3.06776203206766,"N387690","Normal","Homeostatic/regulatory fibroblasts","1"
"N387690_CELL1336_N2","Harmony_sample",-2.62889402935751,5.59536041311014,"N387690","Normal","Homeostatic/regulatory fibroblasts","1"
"N387690_CELL1371_N2","Harmony_sample",-3.09161585400351,3.17914928487528,"N387690","Normal","Homeostatic/regulatory fibroblasts","1"
"N387690_CELL1400_N2","Harmony_sample",0.813695968887725,-3.68740044542562,"N387690","Normal","Homeostatic/regulatory fibroblasts","0"
"N387690_CELL1473_N3","Harmony_sample",-5.9430164677883,2.77455963186014,"N387690","Normal","Homeostatic/regulatory fibroblasts","3"
"N387690_CELL1541_N4","Harmony_sample",-5.88850039074667,2.66073288015116,"N387690","Normal","Homeostatic/regulatory fibroblasts","3"
"N387690_CELL1569_N3","Harmony_sample",-4.25005353073128,4.84554351857889,"N387690","Normal","Homeostatic/regulatory fibroblasts","1"
"N387690_CELL1703_N2","Harmony_sample",-2.60435324738272,4.74835743001688,"N387690","Normal","Homeostatic/regulatory fibroblasts","1"
"N387690_CELL1731_N3","Harmony_sample",-3.77344086597212,4.402910843408,"N387690","Normal","ECM-producing fibroblasts","1"
"N387690_CELL1774_N3","Harmony_sample",-0.770655570724092,4.06741394094218,"N387690","Normal","Homeostatic/regulatory fibroblasts","1"
"N387690_CELL1787_N3","Harmony_sample",-0.176437555053315,3.31102241567362,"N387690","Normal","Homeostatic/regulatory fibroblasts","1"
"N387690_CELL1804_N4","Harmony_sample",0.0448208468174123,3.28173889211405,"N387690","Normal","ECM-producing fibroblasts","1"
"N387690_CELL1836_N3","Harmony_sample",-3.47553652355917,2.27034439138163,"N387690","Normal","Homeostatic/regulatory fibroblasts","1"
"N387690_CELL1898_N4","Harmony_sample",-2.6346908194805,-0.27599225946676,"N387690","Normal","Homeostatic/regulatory fibroblasts","3"
"N387690_CELL2098_N2","Harmony_sample",-2.76721364090689,4.00512088826884,"N387690","Normal","Homeostatic/regulatory fibroblasts","1"
"N387690_CELL2153_N3","Harmony_sample",-1.98012369702109,-4.73040615030538,"N387690","Normal","Homeostatic/regulatory fibroblasts","0"
"N387690_CELL2167_N2","Harmony_sample",-1.27385467121848,3.70871414235819,"N387690","Normal","ECM-producing fibroblasts","1"
"N387690_CELL2235_N5","Harmony_sample",-5.95912796089896,2.59638465932596,"N387690","Normal","Homeostatic/regulatory fibroblasts","3"
"N387690_CELL2287_N3","Harmony_sample",-3.12054306099661,2.51491130880106,"N387690","Normal","Homeostatic/regulatory fibroblasts","1"
"N387690_CELL2293_N4","Harmony_sample",-4.22985736856707,4.67018379262675,"N387690","Normal","Homeostatic/regulatory fibroblasts","1"
"N387690_CELL2307_N2","Harmony_sample",-1.19233459065207,4.6852423100828,"N387690","Normal","ECM-producing fibroblasts","1"
"N387690_CELL2367_N3","Harmony_sample",-3.06456810066947,2.56398929647196,"N387690","Normal","Homeostatic/regulatory fibroblasts","1"
"N387690_CELL2428_N2","Harmony_sample",0.300532879135528,2.93846096090067,"N387690","Normal","ECM-producing fibroblasts","1"
"N387690_CELL2433_N2","Harmony_sample",-5.84906261990317,2.70227588704813,"N387690","Normal","Homeostatic/regulatory fibroblasts","3"
"N387690_CELL2521_N2","Harmony_sample",-2.04103058407553,5.26009525350321,"N387690","Normal","Homeostatic/regulatory fibroblasts","1"
"N387690_CELL2576_N3","Harmony_sample",-0.899461208083711,4.22115577749003,"N387690","Normal","Homeostatic/regulatory fibroblasts","1"
"N387690_CELL2590_N3","Harmony_sample",-3.38282424042471,3.89814819387186,"N387690","Normal","Homeostatic/regulatory fibroblasts","1"
"N387690_CELL2681_N2","Harmony_sample",-1.06457990238913,3.60442508748759,"N387690","Normal","Homeostatic/regulatory fibroblasts","1"
"N387690_CELL2703_N2","Harmony_sample",-5.88620823452719,2.69741596273173,"N387690","Normal","Homeostatic/regulatory fibroblasts","3"
"N387690_CELL2827_N2","Harmony_sample",-3.20174419710883,3.81374706319559,"N387690","Normal","Homeostatic/regulatory fibroblasts","1"
"N387690_CELL2934_N3","Harmony_sample",-2.26406079361685,4.49203647664774,"N387690","Normal","Homeostatic/regulatory fibroblasts","1"
"N387690_CELL2939_N3","Harmony_sample",-0.221164165237031,-5.05946217485677,"N387690","Normal","Homeostatic/regulatory fibroblasts","0"
"N387690_CELL2976_N2","Harmony_sample",-2.44681805203208,5.19358886769999,"N387690","Normal","Homeostatic/regulatory fibroblasts","1"
"N387690_CELL3003_N3","Harmony_sample",-4.09389347041496,5.25106777242411,"N387690","Normal","Homeostatic/regulatory fibroblasts","1"
"N387690_CELL3134_N3","Harmony_sample",-2.21064120362051,-4.52663193651449,"N387690","Normal","Homeostatic/regulatory fibroblasts","0"
"N387690_CELL3274_N3","Harmony_sample",2.86910444667093,1.11004413655985,"N387690","Normal","ECM-producing fibroblasts","2"
"N387690_CELL3328_N2","Harmony_sample",-0.198172984817109,3.44266094259013,"N387690","Normal","ECM-producing fibroblasts","1"
"N387690_CELL3396_N3","Harmony_sample",-5.75752156803854,2.91729034475077,"N387690","Normal","Homeostatic/regulatory fibroblasts","3"
"N387690_CELL3416_N2","Harmony_sample",-3.51280754635581,4.81544841817606,"N387690","Normal","Homeostatic/regulatory fibroblasts","1"
"N387690_CELL3433_N4","Harmony_sample",-0.266889987685762,-4.99915085741293,"N387690","Normal","Homeostatic/regulatory fibroblasts","0"
"N387690_CELL3453_N2","Harmony_sample",-0.659008918502412,3.67707981160868,"N387690","Normal","Homeostatic/regulatory fibroblasts","1"
"N387690_CELL3526_N5","Harmony_sample",-4.26350703666457,4.78583873800028,"N387690","Normal","Homeostatic/regulatory fibroblasts","1"
"N387690_CELL3575_N2","Harmony_sample",-1.12516110966452,4.3886867909788,"N387690","Normal","Homeostatic/regulatory fibroblasts","1"
"N387690_CELL3596_N2","Harmony_sample",-0.795360027053437,2.63620914510477,"N387690","Normal","Homeostatic/regulatory fibroblasts","1"
"N387690_CELL3604_N2","Harmony_sample",-0.242721973159394,-4.92635451265585,"N387690","Normal","Homeostatic/regulatory fibroblasts","0"
"N387690_CELL3612_N4","Harmony_sample",-1.9320678097988,4.24578632405985,"N387690","Normal","Homeostatic/regulatory fibroblasts","1"
"N387690_CELL3631_N4","Harmony_sample",-2.22152906487235,5.03283371022929,"N387690","Normal","Homeostatic/regulatory fibroblasts","1"
"N387690_CELL3735_N3","Harmony_sample",-2.20257514546164,4.74654449514139,"N387690","Normal","Homeostatic/regulatory fibroblasts","1"
"N387690_CELL3873_N3","Harmony_sample",-3.29278427193411,3.32075847676981,"N387690","Normal","Homeostatic/regulatory fibroblasts","1"
"N387690_CELL3902_N2","Harmony_sample",-2.64401024410971,5.28810466817606,"N387690","Normal","Homeostatic/regulatory fibroblasts","1"
"N387690_CELL3923_N3","Harmony_sample",-2.77542179653891,3.88380302480448,"N387690","Normal","Homeostatic/regulatory fibroblasts","1"
"N387690_CELL4047_N4","Harmony_sample",-5.86589532921561,2.90763725332011,"N387690","Normal","Homeostatic/regulatory fibroblasts","3"
"N387690_CELL4183_N2","Harmony_sample",-5.04123300144919,3.68384040883768,"N387690","Normal","Homeostatic/regulatory fibroblasts","1"
"N387690_CELL4356_N4","Harmony_sample",-4.6127109808708,3.98514713338602,"N387690","Normal","Homeostatic/regulatory fibroblasts","1"
"N387690_CELL4456_N2","Harmony_sample",-3.10323947499045,5.37873233846415,"N387690","Normal","Homeostatic/regulatory fibroblasts","1"
"N387690_CELL4592_N7","Harmony_sample",0.564423622391143,-3.41954694696676,"N387690","Normal","Homeostatic/regulatory fibroblasts","0"
"N387690_CELL4736_N2","Harmony_sample",-1.68464368412741,4.87177433065165,"N387690","Normal","Homeostatic/regulatory fibroblasts","1"
"N387690_CELL4752_N3","Harmony_sample",-0.837126908996186,3.58639873555888,"N387690","Normal","ECM-producing fibroblasts","1"
"N387690_CELL4803_N3","Harmony_sample",-1.77112907002219,4.80722679189432,"N387690","Normal","Homeostatic/regulatory fibroblasts","1"
"N387690_CELL5015_N2","Harmony_sample",-5.83452373574027,2.68276943258036,"N387690","Normal","Homeostatic/regulatory fibroblasts","3"
"N387690_CELL5034_N5","Harmony_sample",-3.60621005127676,5.31168426564921,"N387690","Normal","Homeostatic/regulatory fibroblasts","1"
"N387690_CELL5095_N3","Harmony_sample",-5.36039608547934,4.15198577932108,"N387690","Normal","Homeostatic/regulatory fibroblasts","1"
"N387690_CELL5103_N4","Harmony_sample",-3.30187928507575,3.67073024801005,"N387690","Normal","Homeostatic/regulatory fibroblasts","1"
"N387690_CELL5147_N3","Harmony_sample",-3.00743967125662,2.5108562856077,"N387690","Normal","Homeostatic/regulatory fibroblasts","1"
"N387690_CELL5163_N3","Harmony_sample",-3.5993600470806,5.33183635762919,"N387690","Normal","Homeostatic/regulatory fibroblasts","1"
"N387690_CELL5319_N3","Harmony_sample",1.53513628413431,-2.29016862818014,"N387690","Normal","Homeostatic/regulatory fibroblasts","2"
"N387690_CELL5347_N4","Harmony_sample",3.26591736247293,-0.465380534613244,"N387690","Normal","ECM-producing fibroblasts","2"
"N387690_CELL5652_N2","Harmony_sample",-0.344268499114595,-4.57071815439474,"N387690","Normal","Homeostatic/regulatory fibroblasts","0"
"N387690_CELL5660_N3","Harmony_sample",-2.12780970165976,3.59974826863993,"N387690","Normal","Homeostatic/regulatory fibroblasts","1"
"N387690_CELL5689_N2","Harmony_sample",-3.15019160340079,2.71264900258768,"N387690","Normal","Homeostatic/regulatory fibroblasts","1"
"N387690_CELL5726_N2","Harmony_sample",-3.62201314995535,4.37201656392802,"N387690","Normal","Homeostatic/regulatory fibroblasts","1"
"N387690_CELL5772_N5","Harmony_sample",-2.52042311260947,-0.50310932108175,"N387690","Normal","Homeostatic/regulatory fibroblasts","3"
"N387690_CELL6006_N2","Harmony_sample",-1.43335050175437,3.97675956777323,"N387690","Normal","Homeostatic/regulatory fibroblasts","1"
"N387690_CELL6059_N2","Harmony_sample",-5.90637677738913,2.70279468587626,"N387690","Normal","Homeostatic/regulatory fibroblasts","3"
"N387690_CELL6261_N3","Harmony_sample",-2.9168192727352,2.90416301778544,"N387690","Normal","Homeostatic/regulatory fibroblasts","1"
"N387690_CELL6304_N2","Harmony_sample",-3.14245158264884,5.50102485707987,"N387690","Normal","Homeostatic/regulatory fibroblasts","1"
"N387690_CELL6362_N2","Harmony_sample",-4.38898527453192,5.16105045369852,"N387690","Normal","Homeostatic/regulatory fibroblasts","1"
"N387690_CELL6518_N4","Harmony_sample",-5.80676048825034,2.80147899678934,"N387690","Normal","Homeostatic/regulatory fibroblasts","3"
"N387690_CELL6594_N2","Harmony_sample",-2.58398848603018,4.06346668294657,"N387690","Normal","Homeostatic/regulatory fibroblasts","1"
"N387690_CELL6668_N2","Harmony_sample",-2.09033101628073,5.14805378011454,"N387690","Normal","Homeostatic/regulatory fibroblasts","1"
"N387690_CELL6871_N2","Harmony_sample",-3.21751469204672,2.24688114217509,"N387690","Normal","Homeostatic/regulatory fibroblasts","1"
"N387690_CELL6935_N4","Harmony_sample",-5.07260191271552,4.63373340657938,"N387690","Normal","Homeostatic/regulatory fibroblasts","1"
"N387690_CELL6951_N3","Harmony_sample",-2.77865451405295,3.76702083638895,"N387690","Normal","Homeostatic/regulatory fibroblasts","1"
"N387690_CELL7016_N2","Harmony_sample",-5.0606899840618,3.99119438222636,"N387690","Normal","Homeostatic/regulatory fibroblasts","1"
"N387690_CELL7026_N2","Harmony_sample",-2.53993648121603,5.83316196492899,"N387690","Normal","Homeostatic/regulatory fibroblasts","1"
"N387690_CELL7096_N2","Harmony_sample",-3.86150696704634,3.98851265004862,"N387690","Normal","Homeostatic/regulatory fibroblasts","1"
"N387690_CELL7121_N2","Harmony_sample",-4.74154656956442,4.04714168599833,"N387690","Normal","Homeostatic/regulatory fibroblasts","1"
"N387690_CELL7143_N3","Harmony_sample",-1.1043569428707,-1.13033376642477,"N387690","Normal","ECM-producing fibroblasts","2"
"N387690_CELL7176_N3","Harmony_sample",-2.76968997547873,3.6743313222288,"N387690","Normal","Homeostatic/regulatory fibroblasts","1"
"N387690_CELL7208_N2","Harmony_sample",0.625277103683867,-3.84550748773824,"N387690","Normal","Homeostatic/regulatory fibroblasts","0"
"N387690_CELL7473_N3","Harmony_sample",-4.63691937754401,3.77569927266825,"N387690","Normal","Homeostatic/regulatory fibroblasts","1"
"N387690_CELL7509_N2","Harmony_sample",-2.71739154885062,-1.71883760401022,"N387690","Normal","ECM-producing fibroblasts","3"
"N387690_CELL7538_N2","Harmony_sample",-2.58167439530142,4.70389141134013,"N387690","Normal","Homeostatic/regulatory fibroblasts","1"
"N387690_CELL7573_N3","Harmony_sample",-2.05178040097006,5.4552618413328,"N387690","Normal","Homeostatic/regulatory fibroblasts","1"
"N387690_CELL7647_N3","Harmony_sample",-1.32161396572836,4.51411403707255,"N387690","Normal","Homeostatic/regulatory fibroblasts","1"
"N387690_CELL7825_N2","Harmony_sample",-3.5477380139614,3.66650260976542,"N387690","Normal","Homeostatic/regulatory fibroblasts","1"
"N387690_CELL7852_N2","Harmony_sample",-5.88175791332968,2.71655906728495,"N387690","Normal","Homeostatic/regulatory fibroblasts","3"
"N387690_CELL7902_N2","Harmony_sample",-3.1825970990444,2.32305492452372,"N387690","Normal","Homeostatic/regulatory fibroblasts","1"
"N387690_CELL7949_N2","Harmony_sample",-0.0557941777492381,-5.18390153356802,"N387690","Normal","Matrix-remodeling fibroblasts","0"
"N387690_CELL8052_N2","Harmony_sample",1.16339641978494,-6.67066104718458,"N387690","Normal","Matrix-remodeling fibroblasts","0"
"N387690_CELL8080_N2","Harmony_sample",-4.20020662451633,4.54807342580546,"N387690","Normal","Homeostatic/regulatory fibroblasts","1"
"N387690_CELL8105_N2","Harmony_sample",-4.4969730062271,3.19671882680643,"N387690","Normal","Homeostatic/regulatory fibroblasts","1"
"N387690_CELL8127_N2","Harmony_sample",-5.12037843296774,4.27861846975077,"N387690","Normal","Homeostatic/regulatory fibroblasts","1"
"N387690_CELL8151_N3","Harmony_sample",-1.82650297711142,5.13987793019999,"N387690","Normal","Homeostatic/regulatory fibroblasts","1"
"N387690_CELL8300_N2","Harmony_sample",-2.59402590821036,5.11732067159403,"N387690","Normal","Homeostatic/regulatory fibroblasts","1"
"N387690_CELL8314_N4","Harmony_sample",-2.77964740822562,-1.30626951166403,"N387690","Normal","Homeostatic/regulatory fibroblasts","3"
"N387690_CELL8342_N2","Harmony_sample",-4.71404552290686,4.57234157613505,"N387690","Normal","Homeostatic/regulatory fibroblasts","1"
"N387690_CELL8351_N3","Harmony_sample",-3.38538425991782,3.44944633535136,"N387690","Normal","Homeostatic/regulatory fibroblasts","1"
"N387690_CELL8481_N2","Harmony_sample",-3.44085872004279,3.06796039632548,"N387690","Normal","Homeostatic/regulatory fibroblasts","1"
"N387690_CELL8510_N3","Harmony_sample",0.336844505569854,-5.10614453264486,"N387690","Normal","Homeostatic/regulatory fibroblasts","0"
"N387690_CELL8571_N2","Harmony_sample",-5.40345638821372,3.11474479726542,"N387690","Normal","Homeostatic/regulatory fibroblasts","3"
"N387690_CELL8611_N2","Harmony_sample",-1.62507790158041,4.66717876485575,"N387690","Normal","Homeostatic/regulatory fibroblasts","1"
"N387690_CELL8623_N3","Harmony_sample",-5.12767797539481,3.97165931752909,"N387690","Normal","Homeostatic/regulatory fibroblasts","1"
"N387690_CELL8670_N2","Harmony_sample",0.607021869919219,-3.51949869104635,"N387690","Normal","Homeostatic/regulatory fibroblasts","0"
"N387690_CELL8732_N3","Harmony_sample",-5.75673800537833,2.73409809163798,"N387690","Normal","Homeostatic/regulatory fibroblasts","3"
"N387690_CELL8763_N2","Harmony_sample",1.33205801417581,-2.71475730844747,"N387690","Normal","Homeostatic/regulatory fibroblasts","0"
"N387690_CELL8888_N2","Harmony_sample",0.0394645350193166,-5.09500442453634,"N387690","Normal","Homeostatic/regulatory fibroblasts","0"
"N387690_CELL8943_N2","Harmony_sample",-3.66129028628119,5.4517332463621,"N387690","Normal","Homeostatic/regulatory fibroblasts","1"
"N387690_CELL9070_N2","Harmony_sample",-2.37107246945151,3.57361854604471,"N387690","Normal","Homeostatic/regulatory fibroblasts","1"
"N387690_CELL9385_N2","Harmony_sample",-1.23185747692832,4.64917053273905,"N387690","Normal","Homeostatic/regulatory fibroblasts","1"
"N387690_CELL9436_N2","Harmony_sample",-2.66017550060996,5.63339389852274,"N387690","Normal","Homeostatic/regulatory fibroblasts","1"
"N387690_CELL9517_N2","Harmony_sample",-4.75263613293417,3.7520033269285,"N387690","Normal","Homeostatic/regulatory fibroblasts","1"
"N387690_CELL9559_N2","Harmony_sample",-2.69689136574515,5.69961608937968,"N387690","Normal","Homeostatic/regulatory fibroblasts","1"
"N387690_CELL9812_N2","Harmony_sample",-2.69431513378867,3.17310871175516,"N387690","Normal","Homeostatic/regulatory fibroblasts","1"
"N387690_CELL9885_N3","Harmony_sample",-2.33997064659842,5.26270259908427,"N387690","Normal","Homeostatic/regulatory fibroblasts","1"
"N387690_CELL9890_N2","Harmony_sample",-4.56777620146521,3.4117580800413,"N387690","Normal","Homeostatic/regulatory fibroblasts","1"
"N387690_CELL10048_N4","Harmony_sample",-4.51422205398329,4.90598548940409,"N387690","Normal","Homeostatic/regulatory fibroblasts","1"
"N387690_CELL10058_N2","Harmony_sample",-2.71781915257224,0.0714808850644904,"N387690","Normal","Homeostatic/regulatory fibroblasts","3"
"N387690_CELL10163_N3","Harmony_sample",-4.37908461520918,4.57007946065653,"N387690","Normal","Homeostatic/regulatory fibroblasts","1"
"N387690_CELL10200_N3","Harmony_sample",-2.53958135674246,4.16221679738749,"N387690","Normal","Homeostatic/regulatory fibroblasts","1"
"N387690_CELL10230_N3","Harmony_sample",-3.15221780369528,2.55113281301249,"N387690","Normal","Homeostatic/regulatory fibroblasts","1"
"N387690_CELL10274_N1","Harmony_sample",0.0128760950779103,-5.37599311777364,"N387690","Normal","Matrix-remodeling fibroblasts","0"
"N387690_CELL10291_N2","Harmony_sample",-3.21087425778159,2.68379558614481,"N387690","Normal","Homeostatic/regulatory fibroblasts","1"
"N387690_CELL10744_N2","Harmony_sample",-2.85182040760764,2.56551899007548,"N387690","Normal","Homeostatic/regulatory fibroblasts","1"
"N387690_CELL10762_N2","Harmony_sample",-2.27228790352591,4.0077635197996,"N387690","Normal","Homeostatic/regulatory fibroblasts","1"
"N387690_CELL10781_N2","Harmony_sample",-2.98517161438712,4.81533302358378,"N387690","Normal","Homeostatic/regulatory fibroblasts","1"
"N387690_CELL10871_N3","Harmony_sample",-2.93497520516165,3.64556850484598,"N387690","Normal","Homeostatic/regulatory fibroblasts","1"
"N387690_CELL10951_N2","Harmony_sample",-3.13095217774161,3.51577438405741,"N387690","Normal","Homeostatic/regulatory fibroblasts","1"
"N387690_CELL10988_N2","Harmony_sample",-1.45460051129111,3.74434627584208,"N387690","Normal","Homeostatic/regulatory fibroblasts","1"
"N387690_CELL11123_N2","Harmony_sample",-1.48856133053549,4.58267273000468,"N387690","Normal","Homeostatic/regulatory fibroblasts","1"
"N387690_CELL11214_N2","Harmony_sample",-1.98274463246115,5.292239800012,"N387690","Normal","Homeostatic/regulatory fibroblasts","1"
"N387690_CELL11231_N2","Harmony_sample",-3.85671046207198,4.25813354543436,"N387690","Normal","Homeostatic/regulatory fibroblasts","1"
"N387690_CELL11336_N3","Harmony_sample",-3.62154233286627,3.51004375509013,"N387690","Normal","Homeostatic/regulatory fibroblasts","1"
"N387690_CELL11516_N4","Harmony_sample",-4.86088603565939,4.73227180532206,"N387690","Normal","Homeostatic/regulatory fibroblasts","1"
"N387690_CELL11610_N2","Harmony_sample",-0.777547059753022,3.57314647725809,"N387690","Normal","Homeostatic/regulatory fibroblasts","1"
"N387690_CELL11624_N2","Harmony_sample",-3.018038330772,5.35518802694071,"N387690","Normal","Homeostatic/regulatory fibroblasts","1"
"N387690_CELL11685_N2","Harmony_sample",-0.208062825896821,3.54529060415018,"N387690","Normal","ECM-producing fibroblasts","1"
"N387690_CELL11737_N2","Harmony_sample",-2.76192182133444,4.72763217977274,"N387690","Normal","Homeostatic/regulatory fibroblasts","1"
"N387690_CELL11864_N3","Harmony_sample",-3.5395723564411,3.02869094899882,"N387690","Normal","Homeostatic/regulatory fibroblasts","1"
"N387690_CELL12009_N2","Harmony_sample",-2.09163087437399,4.43701042226542,"N387690","Normal","Homeostatic/regulatory fibroblasts","1"
"N387690_CELL12013_N2","Harmony_sample",-2.72025972435721,-0.0258768648744745,"N387690","Normal","Homeostatic/regulatory fibroblasts","3"
"N387690_CELL12032_N2","Harmony_sample",-2.55207627842673,3.85250057271708,"N387690","Normal","Homeostatic/regulatory fibroblasts","1"
"N387690_CELL12180_N2","Harmony_sample",-0.136992393233857,-5.20984195181143,"N387690","Normal","Matrix-remodeling fibroblasts","0"
"N387690_CELL12201_N3","Harmony_sample",-2.14315646717795,4.94903244069804,"N387690","Normal","Homeostatic/regulatory fibroblasts","1"
"N387690_CELL12225_N2","Harmony_sample",-4.01604755053767,4.91974224141825,"N387690","Normal","Homeostatic/regulatory fibroblasts","1"
"N387690_CELL12532_N2","Harmony_sample",-3.00356358120688,4.19596447042216,"N387690","Normal","Homeostatic/regulatory fibroblasts","1"
"N387690_CELL12554_N2","Harmony_sample",-1.77709454128989,4.07283748677958,"N387690","Normal","Homeostatic/regulatory fibroblasts","1"
"N387690_CELL12600_N2","Harmony_sample",-2.77827948162802,5.19711460164774,"N387690","Normal","Homeostatic/regulatory fibroblasts","1"
"N387690_CELL12652_N2","Harmony_sample",0.801731170914092,-3.62686453768026,"N387690","Normal","Homeostatic/regulatory fibroblasts","0"
"N387690_CELL12834_N2","Harmony_sample",-5.04915284941443,3.8692833333372,"N387690","Normal","Homeostatic/regulatory fibroblasts","1"
"N387690_CELL13111_N2","Harmony_sample",-2.28744846413382,5.57908214620341,"N387690","Normal","Homeostatic/regulatory fibroblasts","1"
"N387690_CELL13137_N2","Harmony_sample",-1.01842063496359,3.46212734273661,"N387690","Normal","Homeostatic/regulatory fibroblasts","1"
"N387690_CELL13168_N2","Harmony_sample",-4.85750096867331,3.97168697408427,"N387690","Normal","Homeostatic/regulatory fibroblasts","1"
"N387690_CELL13400_N1","Harmony_sample",-2.28864055702933,5.0282770543455,"N387690","Normal","ECM-producing fibroblasts","1"
"N387690_CELL13518_N1","Harmony_sample",-3.63295227120169,3.82377685598124,"N387690","Normal","Homeostatic/regulatory fibroblasts","1"
"N387690_CELL13708_N1","Harmony_sample",0.134163917801299,-5.0989521593691,"N387690","Normal","Homeostatic/regulatory fibroblasts","0"
"N387690_CELL13917_N1","Harmony_sample",-3.47750675509223,5.32807792714823,"N387690","Normal","Homeostatic/regulatory fibroblasts","1"
"N387690_CELL14005_N1","Harmony_sample",-5.00422501394995,4.89537490895975,"N387690","Normal","Homeostatic/regulatory fibroblasts","1"
"N387690_CELL14114_N1","Harmony_sample",-3.91006123850592,4.96391834310282,"N387690","Normal","Homeostatic/regulatory fibroblasts","1"
"N387690_CELL14242_N1","Harmony_sample",-2.39375740120657,5.57323516896952,"N387690","Normal","Homeostatic/regulatory fibroblasts","1"
"N387690_CELL14327_N1","Harmony_sample",-1.4278592450405,4.82981361440409,"N387690","Normal","Homeostatic/regulatory fibroblasts","1"
"N387690_CELL14331_N1","Harmony_sample",-2.42647462914237,4.76942028096903,"N387690","Normal","Homeostatic/regulatory fibroblasts","1"
"N387690_CELL14504_N1","Harmony_sample",-2.2574935538555,4.41379322103251,"N387690","Normal","Homeostatic/regulatory fibroblasts","1"
"N387690_CELL14520_N1","Harmony_sample",-1.80122369358786,3.77771820119608,"N387690","Normal","Homeostatic/regulatory fibroblasts","1"
"N387690_CELL14677_N1","Harmony_sample",-1.27312463352927,4.03412593892802,"N387690","Normal","Homeostatic/regulatory fibroblasts","1"
"N387690_CELL14707_N1","Harmony_sample",-1.22537392208823,4.70520843557108,"N387690","Normal","Homeostatic/regulatory fibroblasts","1"
"N387690_CELL14757_N1","Harmony_sample",-3.06699460575827,4.12852920583475,"N387690","Normal","Homeostatic/regulatory fibroblasts","1"
"N387690_CELL15052_N1","Harmony_sample",-2.62376659939536,4.38735355428446,"N387690","Normal","Homeostatic/regulatory fibroblasts","1"
"N387690_CELL15144_N1","Harmony_sample",-4.71392959187277,3.62575019887675,"N387690","Normal","Homeostatic/regulatory fibroblasts","1"
"N387690_CELL15190_N1","Harmony_sample",-2.49067789147147,5.41587127736796,"N387690","Normal","Homeostatic/regulatory fibroblasts","1"
"N387690_CELL15208_N1","Harmony_sample",0.195068420669951,-5.59350346037161,"N387690","Normal","Matrix-remodeling fibroblasts","0"
"N387690_CELL15284_N1","Harmony_sample",-2.89535671303519,3.02936233571757,"N387690","Normal","Homeostatic/regulatory fibroblasts","1"
"N387690_CELL15602_N1","Harmony_sample",-1.32187503407248,4.4625278859495,"N387690","Normal","Homeostatic/regulatory fibroblasts","1"
"N387690_CELL15676_N1","Harmony_sample",-3.35120367834815,5.47396911672343,"N387690","Normal","Homeostatic/regulatory fibroblasts","1"
"N387690_CELL15721_N1","Harmony_sample",1.38898092677347,-6.54274539657842,"N387690","Normal","Matrix-remodeling fibroblasts","0"
"N387690_CELL15777_N1","Harmony_sample",-2.11754816601523,5.53278984121073,"N387690","Normal","Homeostatic/regulatory fibroblasts","1"
"N387690_CELL15787_N1","Harmony_sample",-2.77624755928763,0.156140938317664,"N387690","Normal","Homeostatic/regulatory fibroblasts","3"
"N387690_CELL15796_N1","Harmony_sample",-5.11559414694556,3.56945480397929,"N387690","Normal","Homeostatic/regulatory fibroblasts","1"
"N387690_CELL15927_N1","Harmony_sample",-3.13798302243002,2.52204383901346,"N387690","Normal","Homeostatic/regulatory fibroblasts","1"
"N387690_CELL16076_N1","Harmony_sample",-2.7118300778652,5.0283705144285,"N387690","Normal","Homeostatic/regulatory fibroblasts","1"
"N387690_CELL16196_N1","Harmony_sample",-2.84628301689871,-1.49264989801656,"N387690","Normal","ECM-producing fibroblasts","3"
"N387690_CELL16327_N1","Harmony_sample",-3.22593086788901,2.32081188253153,"N387690","Normal","Homeostatic/regulatory fibroblasts","1"
"N387690_CELL16328_N1","Harmony_sample",0.805148185989776,-3.56804953523885,"N387690","Normal","Homeostatic/regulatory fibroblasts","0"
"N387690_CELL16368_N1","Harmony_sample",-1.88791745732077,5.07224525502909,"N387690","Normal","Homeostatic/regulatory fibroblasts","1"
"N387690_CELL16444_N1","Harmony_sample",-3.1306567771221,2.40165390065897,"N387690","Normal","Homeostatic/regulatory fibroblasts","1"
"N387690_CELL16480_N1","Harmony_sample",-2.26113527844199,5.79296173146952,"N387690","Normal","Homeostatic/regulatory fibroblasts","1"
"N387690_CELL16661_N1","Harmony_sample",-2.61423140595206,3.77651847890604,"N387690","Normal","Homeostatic/regulatory fibroblasts","1"
"N387690_CELL16681_N1","Harmony_sample",-2.12565463612326,4.00794185689677,"N387690","Normal","Homeostatic/regulatory fibroblasts","1"
"N387690_CELL16825_N1","Harmony_sample",-3.44532108137854,2.50509323171366,"N387690","Normal","Homeostatic/regulatory fibroblasts","1"
"N387690_CELL16881_N1","Harmony_sample",0.903522552750029,2.03624595693339,"N387690","Normal","ECM-producing fibroblasts","2"
"N387690_CELL17065_N1","Harmony_sample",-1.68451613018759,5.15518535665263,"N387690","Normal","Homeostatic/regulatory fibroblasts","1"
"N387690_CELL17160_N1","Harmony_sample",-2.36248808930167,4.75404991201151,"N387690","Normal","Homeostatic/regulatory fibroblasts","1"
"N387690_CELL17338_N1","Harmony_sample",-1.53693121502646,3.70454181722391,"N387690","Normal","Homeostatic/regulatory fibroblasts","1"
"N387690_CELL17356_N1","Harmony_sample",-2.85650557110556,4.71066440633524,"N387690","Normal","Homeostatic/regulatory fibroblasts","1"
"N387690_CELL17497_N1","Harmony_sample",2.2065082209324,-5.07253395029318,"N387690","Normal","Homeostatic/regulatory fibroblasts","0"
"N387690_CELL17766_N1","Harmony_sample",-1.38382309506186,4.49455417684305,"N387690","Normal","Homeostatic/regulatory fibroblasts","1"
"N387690_CELL17784_N1","Harmony_sample",-4.69244199822196,4.78685630849589,"N387690","Normal","Homeostatic/regulatory fibroblasts","1"
"N387690_CELL17808_N1","Harmony_sample",-0.516007362105928,-0.579043731176965,"N387690","Normal","ECM-producing fibroblasts","2"
"N387690_CELL17887_N1","Harmony_sample",-3.28777074644812,2.56747688344706,"N387690","Normal","Homeostatic/regulatory fibroblasts","1"
"N387690_CELL18077_N1","Harmony_sample",-2.52591281960257,5.37917579702128,"N387690","Normal","Homeostatic/regulatory fibroblasts","1"
"N387690_CELL18532_N1","Harmony_sample",-4.02020375261553,5.44202484182108,"N387690","Normal","Homeostatic/regulatory fibroblasts","1"
"N387690_CELL18587_N1","Harmony_sample",0.460689129135528,1.03761352590311,"N387690","Normal","Homeostatic/regulatory fibroblasts","2"
"N387690_CELL18607_N1","Harmony_sample",-2.11154335568198,5.28451694539774,"N387690","Normal","Homeostatic/regulatory fibroblasts","1"
"N387690_CELL18650_N1","Harmony_sample",-2.27461904118308,5.16077293447245,"N387690","Normal","Homeostatic/regulatory fibroblasts","1"
"N387690_CELL18876_N1","Harmony_sample",-3.66616675088652,2.22452129415263,"N387690","Normal","Homeostatic/regulatory fibroblasts","3"
"N387690_CELL18900_N1","Harmony_sample",-2.04953497479208,5.50677837423075,"N387690","Normal","Homeostatic/regulatory fibroblasts","1"
"N387690_CELL18905_N1","Harmony_sample",-1.57893103192099,4.52940048269022,"N387690","Normal","Homeostatic/regulatory fibroblasts","1"
"N387690_CELL18953_N1","Harmony_sample",-2.06952875683554,3.69742836049784,"N387690","Normal","Homeostatic/regulatory fibroblasts","1"
"N387690_CELL19154_N1","Harmony_sample",-4.92642181942709,3.56429351857889,"N387690","Normal","Homeostatic/regulatory fibroblasts","1"
"N387690_CELL19367_N1","Harmony_sample",-2.56605177948721,4.86958278707255,"N387690","Normal","Homeostatic/regulatory fibroblasts","1"
"N387690_CELL19370_N1","Harmony_sample",-2.73447435925253,-0.17274986215841,"N387690","Normal","Homeostatic/regulatory fibroblasts","3"
"N387690_CELL19514_N1","Harmony_sample",-3.00424271652945,5.32395900777567,"N387690","Normal","Homeostatic/regulatory fibroblasts","1"
"N387690_CELL19986_N1","Harmony_sample",-0.0148476941371776,-5.26511476942312,"N387690","Normal","Homeostatic/regulatory fibroblasts","0"
"N387690_CELL20338_N1","Harmony_sample",-4.5907702727104,4.66757835439432,"N387690","Normal","Homeostatic/regulatory fibroblasts","1"
"N387690_CELL20382_N1","Harmony_sample",0.649140419266143,-3.3640957922579,"N387690","Normal","Homeostatic/regulatory fibroblasts","0"
"N387690_CELL20593_N1","Harmony_sample",0.639483036301055,2.20430816701639,"N387690","Normal","ECM-producing fibroblasts","2"
"N387690_CELL20615_N1","Harmony_sample",-4.54084682295569,4.64413227132548,"N387690","Normal","Homeostatic/regulatory fibroblasts","1"
"N387690_CELL20716_N1","Harmony_sample",-1.97294896672019,4.56111301473368,"N387690","Normal","Homeostatic/regulatory fibroblasts","1"
"N387690_CELL20809_N1","Harmony_sample",-3.9046908451105,4.16030754140604,"N387690","Normal","Homeostatic/regulatory fibroblasts","1"
"N387690_CELL20890_N1","Harmony_sample",-1.27702683041342,3.81951107076395,"N387690","Normal","Homeostatic/regulatory fibroblasts","1"
"N387690_CELL20940_N1","Harmony_sample",0.32630497386209,1.05419887593973,"N387690","Normal","Homeostatic/regulatory fibroblasts","2"
"N387690_CELL20959_N1","Harmony_sample",-2.49891346524008,4.68467201284159,"N387690","Normal","Homeostatic/regulatory fibroblasts","1"
"N387690_CELL21237_N1","Harmony_sample",-1.34579962322958,4.09720672658671,"N387690","Normal","Homeostatic/regulatory fibroblasts","1"
"N387690_CELL21242_N1","Harmony_sample",-4.8027588708187,3.82666172078837,"N387690","Normal","Homeostatic/regulatory fibroblasts","1"
"N387690_CELL21451_N1","Harmony_sample",-4.53359079191931,4.72755302480448,"N387690","Normal","Homeostatic/regulatory fibroblasts","1"
"N387690_CELL21567_N1","Harmony_sample",-3.44481015036353,4.16810955098856,"N387690","Normal","Homeostatic/regulatory fibroblasts","1"
"N387690_CELL21636_N1","Harmony_sample",-4.94100326130637,4.86340965322245,"N387690","Normal","Homeostatic/regulatory fibroblasts","1"
"N387690_CELL21668_N1","Harmony_sample",1.31795126368753,1.72728504232157,"N387690","Normal","ECM-producing fibroblasts","2"
"N387690_CELL21788_N1","Harmony_sample",-3.80358269641646,5.52163280538309,"N387690","Normal","Homeostatic/regulatory fibroblasts","1"
"N387690_CELL22185_N1","Harmony_sample",-1.72554510662802,3.96920837453593,"N387690","Normal","Homeostatic/regulatory fibroblasts","1"
"N387690_CELL22358_N1","Harmony_sample",-3.44736379215964,2.78883804372538,"N387690","Normal","Homeostatic/regulatory fibroblasts","1"
"N387690_CELL22399_N1","Harmony_sample",-2.69257622788199,5.14376224569071,"N387690","Normal","Homeostatic/regulatory fibroblasts","1"
"N387690_CELL22433_N1","Harmony_sample",-1.0685674531246,4.55015052846659,"N387690","Normal","ECM-producing fibroblasts","1"
"N387690_CELL22642_N1","Harmony_sample",-0.821851669051728,3.4224888234495,"N387690","Normal","Homeostatic/regulatory fibroblasts","1"
"N387690_CELL22657_N1","Harmony_sample",-3.35693150589713,2.40458740285624,"N387690","Normal","Homeostatic/regulatory fibroblasts","1"
"N387690_CELL22759_N1","Harmony_sample",-1.99472993443259,4.35605968526591,"N387690","Normal","Homeostatic/regulatory fibroblasts","1"
"N387690_CELL22827_N1","Harmony_sample",2.41701466014139,0.706407681023963,"N387690","Normal","ECM-producing fibroblasts","2"
"N387690_CELL22936_N1","Harmony_sample",-3.1567890031124,3.58592666677225,"N387690","Normal","Homeostatic/regulatory fibroblasts","1"
"N387690_CELL22944_N1","Harmony_sample",-2.78824919293173,4.52433170369852,"N387690","Normal","Homeostatic/regulatory fibroblasts","1"
"N387690_CELL23098_N1","Harmony_sample",-3.86557057330855,5.48924507192362,"N387690","Normal","Homeostatic/regulatory fibroblasts","1"
"N387690_CELL23353_N1","Harmony_sample",1.0822315829014,-3.57915793367635,"N387690","Normal","Homeostatic/regulatory fibroblasts","0"
"N387690_CELL23365_N1","Harmony_sample",-4.28533661196478,3.96969665578593,"N387690","Normal","Homeostatic/regulatory fibroblasts","1"
"N387690_CELL23371_N1","Harmony_sample",-3.56147908995398,5.15356697133768,"N387690","Normal","Homeostatic/regulatory fibroblasts","1"
"N387690_CELL23678_N1","Harmony_sample",-2.42735737393149,5.079912796533,"N387690","Normal","Homeostatic/regulatory fibroblasts","1"
"N387690_CELL23683_N1","Harmony_sample",-1.83714908192404,3.64224971822489,"N387690","Normal","Homeostatic/regulatory fibroblasts","1"
"N387690_CELL23687_N1","Harmony_sample",-4.78489035198935,3.80000652364481,"N387690","Normal","Homeostatic/regulatory fibroblasts","1"
"N387690_CELL23969_N1","Harmony_sample",1.07364612986795,1.78628887227763,"N387690","Normal","ECM-producing fibroblasts","2"
"N387690_CELL24223_N1","Harmony_sample",-1.28780048916586,4.75236095479716,"N387690","Normal","ECM-producing fibroblasts","1"
"N387690_CELL24463_N1","Harmony_sample",1.57668644358865,-6.78497691460859,"N387690","Normal","Homeostatic/regulatory fibroblasts","0"
"N387690_CELL24542_N1","Harmony_sample",-3.25782471726187,5.56404270223368,"N387690","Normal","Homeostatic/regulatory fibroblasts","1"
"N387690_CELL24571_N1","Harmony_sample",-3.38752573559531,3.36102069905985,"N387690","Normal","Homeostatic/regulatory fibroblasts","1"
"N387690_CELL24707_N1","Harmony_sample",-4.9052020890499,4.40600456289042,"N387690","Normal","Homeostatic/regulatory fibroblasts","1"
"N387690_CELL24811_N1","Harmony_sample",-2.54117637703665,4.94391788533915,"N387690","Normal","Homeostatic/regulatory fibroblasts","1"
"N387690_CELL24914_N1","Harmony_sample",-2.11816948483237,5.59122337392557,"N387690","Normal","Homeostatic/regulatory fibroblasts","1"
"N387690_CELL25178_N1","Harmony_sample",-3.33063101599463,2.9636150746702,"N387690","Normal","Homeostatic/regulatory fibroblasts","1"
"N387690_CELL25306_N1","Harmony_sample",-2.82857709954031,0.104726925408729,"N387690","Normal","Homeostatic/regulatory fibroblasts","3"
"N387690_CELL25358_N1","Harmony_sample",-2.43612772057303,5.0261436848997,"N387690","Normal","Homeostatic/regulatory fibroblasts","1"
"N387690_CELL25461_N1","Harmony_sample",-2.93267792294272,5.54946960500468,"N387690","Normal","Homeostatic/regulatory fibroblasts","1"
"N387690_CELL25723_N1","Harmony_sample",-5.08514010737189,3.80689872792948,"N387690","Normal","Homeostatic/regulatory fibroblasts","1"
"N387690_CELL25737_N1","Harmony_sample",0.448623241684356,0.67057813695658,"N387690","Normal","Homeostatic/regulatory fibroblasts","2"
"N387690_CELL26286_N1","Harmony_sample",1.4366164820408,-3.36472164102804,"N387690","Normal","Homeostatic/regulatory fibroblasts","0"
"N387690_CELL26358_N1","Harmony_sample",-1.48658007214316,3.46042026571024,"N387690","Normal","Homeostatic/regulatory fibroblasts","1"
"N387690_CELL26373_N1","Harmony_sample",-4.73084944317587,3.72019352010477,"N387690","Normal","Homeostatic/regulatory fibroblasts","1"
"N387690_CELL26375_N1","Harmony_sample",-3.73371249268301,5.29557861379374,"N387690","Normal","Homeostatic/regulatory fibroblasts","1"
"N387690_CELL26376_N1","Harmony_sample",0.656461300156035,-3.77128158518087,"N387690","Normal","Homeostatic/regulatory fibroblasts","0"
"N387690_CELL27004_N1","Harmony_sample",-1.75485318730124,3.8988596349119,"N387690","Normal","Homeostatic/regulatory fibroblasts","1"
"N387690_CELL27171_N1","Harmony_sample",-1.96281403134116,5.35468639425028,"N387690","Normal","Homeostatic/regulatory fibroblasts","1"
"N387690_CELL27178_N1","Harmony_sample",-2.61665791104086,4.55266918233622,"N387690","Normal","Homeostatic/regulatory fibroblasts","1"
"N387690_CELL27194_N1","Harmony_sample",-0.869624315002046,-3.06241928049337,"N387690","Normal","ECM-producing fibroblasts","0"
"N387690_CELL27266_N1","Harmony_sample",0.422792495987334,3.11319507650126,"N387690","Normal","ECM-producing fibroblasts","1"
"N387690_CELL27307_N1","Harmony_sample",-4.260370595553,5.00880588582743,"N387690","Normal","ECM-producing fibroblasts","1"
"N387690_CELL27560_N1","Harmony_sample",1.03495460917703,0.307623997247108,"N387690","Normal","ECM-producing fibroblasts","2"
"N387690_CELL27569_N1","Harmony_sample",0.23405701091043,-5.263593062842,"N387690","Normal","Homeostatic/regulatory fibroblasts","0"
"N387690_CELL27976_N1","Harmony_sample",-2.50447207520255,5.62679924062479,"N387690","Normal","Homeostatic/regulatory fibroblasts","1"
"N387690_CELL28594_N1","Harmony_sample",0.438376964828887,1.05658878377665,"N387690","Normal","Homeostatic/regulatory fibroblasts","2"
