"program","database","ID","Description","GeneRatio","BgRatio","RichFactor","FoldEnrichment","zScore","pvalue","p.adjust","qvalue","geneID","Count"
"ECM-producing fibroblasts","MSigDB_Hallmark","HALLMARK_EPITHELIAL_MESENCHYMAL_TRANSITION","HALLMARK_EPITHELIAL_MESENCHYMAL_TRANSITION","52/134","101/472",0.514851485148515,1.81350672380671,5.80015208803524,2.04842574915652e-08,6.3501198223852e-07,6.2530891290041e-07,"COL1A1/SPARC/COMP/COL1A2/COL5A1/CTHRC1/FN1/COL3A1/COL16A1/COL12A1/LRRC15/COL5A2/POSTN/ADAM12/COL11A1/SERPINH1/SFRP4/MMP2/LGALS1/HTRA1/TAGLN/THBS2/BGN/COL6A2/BMP1/ELN/P3H1/BASP1/TNFRSF12A/LOX/MYL9/THBS1/FBN1/FAP/ACTA2/PLOD1/MXRA5/PPIB/FLNA/FBLN1/EDIL3/CADM1/TPM2/PCOLCE/EFEMP2/ECM1/PLAUR/SDC1/QSOX1/ITGB5/CAPG/TPM4",52
"ECM-producing fibroblasts","MSigDB_Hallmark","HALLMARK_APICAL_JUNCTION","HALLMARK_APICAL_JUNCTION","16/134","35/472",0.457142857142857,1.61023454157783,2.35990539439947,0.0177086872302893,0.274484652069484,0.270290489304416,"CERCAM/COL16A1/MDK/MMP2/BMP1/FLNC/ACTB/MYL9/FBN1/ITGA10/EVL/THBS3/ACTN1/CD99/INPPL1/FSCN1",16
"ECM-producing fibroblasts","MSigDB_Hallmark","HALLMARK_MYOGENESIS","HALLMARK_MYOGENESIS","14/134","34/472",0.411764705882353,1.4503950834065,1.71474895518309,0.0674995989254214,0.697495855562688,0.68683802415341,"COL1A1/SPARC/COL3A1/AEBP1/ADAM12/PDLIM7/TAGLN/COL6A2/EPHB3/AK1/TPM2/SMTN/ITGB5/FST",14
"ECM-producing fibroblasts","MSigDB_Hallmark","HALLMARK_PEROXISOME","HALLMARK_PEROXISOME","5/134","11/472",0.454545454545455,1.6010854816825,1.26878086676761,0.173739678939418,0.999997628762626,0.984717529172025,"CRABP2/CADM1/IDH2/SEMA3C/DHRS3",5
"ECM-producing fibroblasts","MSigDB_Hallmark","HALLMARK_IL2_STAT5_SIGNALING","HALLMARK_IL2_STAT5_SIGNALING","9/134","24/472",0.375,1.32089552238806,1.01492692411011,0.213299633390043,0.999997628762626,0.984717529172025,"CKAP4/TNFRSF9/COL6A1/GLIPR2/ECM1/NCS1/DHRS3/CAPG/XBP1",9
"ECM-producing fibroblasts","MSigDB_Hallmark","HALLMARK_UNFOLDED_PROTEIN_RESPONSE","HALLMARK_UNFOLDED_PROTEIN_RESPONSE","8/134","21/472",0.380952380952381,1.34186211798152,1.00803789314051,0.219223419819673,0.999997628762626,0.984717529172025,"KDELR3/ARFGAP1/YIF1A/FKBP14/ALDH18A1/XPOT/TUBB2A/XBP1",8
"ECM-producing fibroblasts","MSigDB_Hallmark","HALLMARK_GLYCOLYSIS","HALLMARK_GLYCOLYSIS","11/134","31/472",0.354838709677419,1.24987963408763,0.905309163087238,0.237953917758482,0.999997628762626,0.984717529172025,"COL5A1/CHPF/HDLBP/B4GALT2/P4HA2/KDELR3/CHST6/GMPPA/PLOD1/SDC1/QSOX1",11
"ECM-producing fibroblasts","MSigDB_Hallmark","HALLMARK_ESTROGEN_RESPONSE_EARLY","HALLMARK_ESTROGEN_RESPONSE_EARLY","6/134","16/472",0.375,1.32089552238806,0.82138303728537,0.285752583491297,0.999997628762626,0.984717529172025,"NBL1/SEMA3B/OLFML3/TUBB2B/DHRS3/XBP1",6
"ECM-producing fibroblasts","MSigDB_Hallmark","HALLMARK_KRAS_SIGNALING_DN","HALLMARK_KRAS_SIGNALING_DN","4/134","10/472",0.4,1.4089552238806,0.822165549489124,0.306755798384231,0.999997628762626,0.984717529172025,"COPZ2/RYR2/FGGY/CAMK1D",4
"ECM-producing fibroblasts","MSigDB_Hallmark","HALLMARK_UV_RESPONSE_DN","HALLMARK_UV_RESPONSE_DN","6/134","17/472",0.352941176470588,1.243195785777,0.642361213627177,0.344622630594339,0.999997628762626,0.984717529172025,"COL1A1/COL1A2/COL3A1/COL5A2/COL11A1/KCNMA1",6
"ECM-producing fibroblasts","MSigDB_Hallmark","HALLMARK_HYPOXIA","HALLMARK_HYPOXIA","11/134","34/472",0.323529411764706,1.13959613696225,0.531471898390081,0.361002105093063,0.999997628762626,0.984717529172025,"COL5A1/HDLBP/BGN/CSRP2/TGFB3/P4HA2/LOX/KDELR3/NAGK/PLAUR/PGM1",11
"ECM-producing fibroblasts","MSigDB_Hallmark","HALLMARK_MITOTIC_SPINDLE","HALLMARK_MITOTIC_SPINDLE","5/134","15/472",0.333333333333333,1.17412935323383,0.431086099407003,0.428820488660317,0.999997628762626,0.984717529172025,"MARCKS/PALLD/FLNA/CAPZB/FSCN1",5
"ECM-producing fibroblasts","MSigDB_Hallmark","HALLMARK_ESTROGEN_RESPONSE_LATE","HALLMARK_ESTROGEN_RESPONSE_LATE","7/134","22/472",0.318181818181818,1.12075983717775,0.364864915683894,0.438622995350659,0.999997628762626,0.984717529172025,"NBL1/MDK/SEMA3B/TSPAN13/IDH2/S100A9/XBP1",7
"ECM-producing fibroblasts","MSigDB_Hallmark","HALLMARK_COAGULATION","HALLMARK_COAGULATION","9/134","31/472",0.290322580645161,1.02262879152624,0.0819836814356456,0.538912072683545,0.999997628762626,0.984717529172025,"SPARC/COMP/FN1/MMP2/HTRA1/BMP1/THBS1/FBN1/DPP4",9
"ECM-producing fibroblasts","MSigDB_Hallmark","HALLMARK_DNA_REPAIR","HALLMARK_DNA_REPAIR","3/134","14/472",0.214285714285714,0.754797441364605,-0.585815392974862,0.80960198460067,0.999997628762626,0.984717529172025,"AK1/NME4/SEC61A1",3
"ECM-producing fibroblasts","MSigDB_Hallmark","HALLMARK_HEME_METABOLISM","HALLMARK_HEME_METABOLISM","2/134","10/472",0.2,0.704477611940299,-0.594119630652725,0.826889441022439,0.999997628762626,0.984717529172025,"P4HA2/ACKR1",2
"ECM-producing fibroblasts","MSigDB_Hallmark","HALLMARK_P53_PATHWAY","HALLMARK_P53_PATHWAY","5/134","23/472",0.217391304347826,0.765736534717716,-0.724519057186932,0.831512314357323,0.999997628762626,0.984717529172025,"CDKN2A/AK1/ZMAT3/SDC1/SEC61A1",5
"ECM-producing fibroblasts","MSigDB_Hallmark","HALLMARK_TNFA_SIGNALING_VIA_NFKB","HALLMARK_TNFA_SIGNALING_VIA_NFKB","5/134","24/472",0.208333333333333,0.733830845771144,-0.841838611471176,0.860298124356231,0.999997628762626,0.984717529172025,"TNFRSF9/MARCKS/TNFAIP6/PLAUR/TUBB2A",5
"ECM-producing fibroblasts","MSigDB_Hallmark","HALLMARK_MTORC1_SIGNALING","HALLMARK_MTORC1_SIGNALING","3/134","16/472",0.1875,0.66044776119403,-0.86913786503452,0.878958391606217,0.999997628762626,0.984717529172025,"SERPINH1/PGM1/XBP1",3
"ECM-producing fibroblasts","MSigDB_Hallmark","HALLMARK_APOPTOSIS","HALLMARK_APOPTOSIS","5/134","25/472",0.2,0.704477611940299,-0.955017067129788,0.884894570935655,0.999997628762626,0.984717529172025,"MMP2/BGN/TNFRSF12A/IGFBP6/DAP",5
"ECM-producing fibroblasts","MSigDB_Hallmark","HALLMARK_XENOBIOTIC_METABOLISM","HALLMARK_XENOBIOTIC_METABOLISM","4/134","23/472",0.173913043478261,0.612589227774173,-1.1981658646554,0.930934073507398,0.999997628762626,0.984717529172025,"PYCR1/FBLN1/RBP4/SSR3",4
"ECM-producing fibroblasts","MSigDB_Hallmark","HALLMARK_KRAS_SIGNALING_UP","HALLMARK_KRAS_SIGNALING_UP","6/134","33/472",0.181818181818182,0.640434192672999,-1.34712407762361,0.944705492099287,0.999997628762626,0.984717529172025,"IGF2/SEMA3B/TSPAN13/ITGBL1/RBP4/PLAUR",6
"ECM-producing fibroblasts","MSigDB_Hallmark","HALLMARK_ALLOGRAFT_REJECTION","HALLMARK_ALLOGRAFT_REJECTION","4/134","24/472",0.166666666666667,0.587064676616915,-1.3060299953665,0.945061263337632,0.999997628762626,0.984717529172025,"CDKN2A/FLNA/CAPG/HLA-DRA",4
"ECM-producing fibroblasts","MSigDB_Hallmark","HALLMARK_COMPLEMENT","HALLMARK_COMPLEMENT","5/134","29/472",0.172413793103448,0.60730828615543,-1.37294574606254,0.949883431422898,0.999997628762626,0.984717529172025,"FN1/ATOX1/DPP4/PLAUR/S100A9",5
"ECM-producing fibroblasts","MSigDB_Hallmark","HALLMARK_INFLAMMATORY_RESPONSE","HALLMARK_INFLAMMATORY_RESPONSE","3/134","20/472",0.15,0.528358208955224,-1.35569677506702,0.954611643721579,0.999997628762626,0.984717529172025,"TNFRSF9/TNFAIP6/PLAUR",3
"ECM-producing fibroblasts","MSigDB_Hallmark","HALLMARK_UV_RESPONSE_UP","HALLMARK_UV_RESPONSE_UP","2/134","17/472",0.117647058823529,0.414398595258999,-1.54676869851743,0.975416335575521,0.999997628762626,0.984717529172025,"NPTX2/PTPRD",2
"ECM-producing fibroblasts","MSigDB_Hallmark","HALLMARK_FATTY_ACID_METABOLISM","HALLMARK_FATTY_ACID_METABOLISM","1/134","11/472",0.0909090909090909,0.320217096336499,-1.43489664616382,0.975773259462225,0.999997628762626,0.984717529172025,"LGALS1",1
"ECM-producing fibroblasts","MSigDB_Hallmark","HALLMARK_MYC_TARGETS_V1","HALLMARK_MYC_TARGETS_V1","2/134","20/472",0.1,0.352238805970149,-1.86193797588319,0.989977059142891,0.999997628762626,0.984717529172025,"PRDX4/XPOT",2
"ECM-producing fibroblasts","MSigDB_Hallmark","HALLMARK_OXIDATIVE_PHOSPHORYLATION","HALLMARK_OXIDATIVE_PHOSPHORYLATION","1/134","17/472",0.0588235294117647,0.2071992976295,-2.09405117655358,0.996955407713584,0.999997628762626,0.984717529172025,"IDH2",1
"ECM-producing fibroblasts","MSigDB_Hallmark","HALLMARK_ADIPOGENESIS","HALLMARK_ADIPOGENESIS","1/134","24/472",0.0416666666666667,0.146766169154229,-2.69860414705246,0.999740271521065,0.999997628762626,0.984717529172025,"PGM1",1
"ECM-producing fibroblasts","MSigDB_Hallmark","HALLMARK_INTERFERON_GAMMA_RESPONSE","HALLMARK_INTERFERON_GAMMA_RESPONSE","1/134","37/472",0.027027027027027,0.0951996772892295,-3.60589837614409,0.999997628762626,0.999997628762626,0.984717529172025,"TNFAIP6",1
"ECM-producing fibroblasts","MSigDB_KEGG_Legacy","KEGG_ECM_RECEPTOR_INTERACTION","KEGG_ECM_RECEPTOR_INTERACTION","18/88","31/432",0.580645161290323,2.85043988269795,5.40237081724738,1.67808596844696e-06,5.03425790534087e-05,4.23937507818179e-05,"COL1A1/COMP/COL1A2/COL5A1/FN1/COL3A1/COL5A2/COL11A1/THBS2/COL6A2/ITGA11/HSPG2/COL6A1/THBS1/ITGA10/THBS3/SDC1/ITGB5",18
"ECM-producing fibroblasts","MSigDB_KEGG_Legacy","KEGG_FOCAL_ADHESION","KEGG_FOCAL_ADHESION","22/88","49/432",0.448979591836735,2.20408163265306,4.52225798749784,2.9429320522214e-05,0.000441439807833211,0.000371738785543756,"COL1A1/COMP/COL1A2/COL5A1/FN1/COL3A1/COL5A2/COL11A1/THBS2/COL6A2/ITGA11/FLNC/ACTB/MYL9/COL6A1/THBS1/ITGA10/FLNA/THBS3/RAC3/ITGB5/ACTN1",22
"ECM-producing fibroblasts","MSigDB_KEGG_Legacy","KEGG_DILATED_CARDIOMYOPATHY","KEGG_DILATED_CARDIOMYOPATHY","8/88","16/432",0.5,2.45454545454545,2.99530722029617,0.00678259076568038,0.0678259076568038,0.0571165538162559,"ITGA11/TGFB3/ACTB/ITGA10/RYR2/TPM2/ITGB5/TPM4",8
"ECM-producing fibroblasts","MSigDB_KEGG_Legacy","KEGG_HYPERTROPHIC_CARDIOMYOPATHY_HCM","KEGG_HYPERTROPHIC_CARDIOMYOPATHY_HCM","8/88","17/432",0.470588235294118,2.31016042780749,2.78436162815509,0.010677276572491,0.0800795742936828,0.067435430984154,"ITGA11/TGFB3/ACTB/ITGA10/RYR2/TPM2/ITGB5/TPM4",8
"ECM-producing fibroblasts","MSigDB_KEGG_Legacy","KEGG_REGULATION_OF_ACTIN_CYTOSKELETON","KEGG_REGULATION_OF_ACTIN_CYTOSKELETON","9/88","24/432",0.375,1.84090909090909,2.14153578953713,0.0358385763786196,0.215031458271717,0.18107912275513,"FN1/ITGA11/ENAH/ACTB/MYL9/ITGA10/RAC3/ITGB5/ACTN1",9
"ECM-producing fibroblasts","MSigDB_KEGG_Legacy","KEGG_ARRHYTHMOGENIC_RIGHT_VENTRICULAR_CARDIOMYOPATHY_ARVC","KEGG_ARRHYTHMOGENIC_RIGHT_VENTRICULAR_CARDIOMYOPATHY_ARVC","6/88","14/432",0.428571428571429,2.1038961038961,2.1213133610289,0.0447351957091215,0.223675978545608,0.188358718775249,"ITGA11/ACTB/ITGA10/RYR2/ITGB5/ACTN1",6
"ECM-producing fibroblasts","MSigDB_KEGG_Legacy","KEGG_LEUKOCYTE_TRANSENDOTHELIAL_MIGRATION","KEGG_LEUKOCYTE_TRANSENDOTHELIAL_MIGRATION","5/88","12/432",0.416666666666667,2.04545454545455,1.85554667367052,0.0747247809945514,0.314950248381643,0.265221261795068,"MMP2/ACTB/MYL9/ACTN1/CD99",5
"ECM-producing fibroblasts","MSigDB_KEGG_Legacy","KEGG_TGF_BETA_SIGNALING_PATHWAY","KEGG_TGF_BETA_SIGNALING_PATHWAY","6/88","16/432",0.375,1.84090909090909,1.73166198673372,0.0839867329017716,0.314950248381643,0.265221261795068,"COMP/THBS2/TGFB3/THBS1/THBS3/FST",6
"ECM-producing fibroblasts","MSigDB_KEGG_Legacy","KEGG_GAP_JUNCTION","KEGG_GAP_JUNCTION","4/88","10/432",0.4,1.96363636363636,1.55760633372396,0.125006150004921,0.375018450014762,0.315805010538747,"TUBA1C/TUBB2B/TUBA1A/TUBB2A",4
"ECM-producing fibroblasts","MSigDB_KEGG_Legacy","KEGG_VASCULAR_SMOOTH_MUSCLE_CONTRACTION","KEGG_VASCULAR_SMOOTH_MUSCLE_CONTRACTION","4/88","10/432",0.4,1.96363636363636,1.55760633372396,0.125006150004921,0.375018450014762,0.315805010538747,"KCNMA1/MYL9/ACTA2/MYL6",4
"ECM-producing fibroblasts","MSigDB_KEGG_Legacy","KEGG_P53_SIGNALING_PATHWAY","KEGG_P53_SIGNALING_PATHWAY","4/88","13/432",0.307692307692308,1.51048951048951,0.944174435311918,0.262069897656404,0.714736084517464,0.601883018541023,"CDKN2A/THBS1/ZMAT3/TP53I3",4
"ECM-producing fibroblasts","MSigDB_KEGG_Legacy","KEGG_AXON_GUIDANCE","KEGG_AXON_GUIDANCE","5/88","18/432",0.277777777777778,1.36363636363636,0.796166936393213,0.295229439534439,0.738073598836098,0.621535662177766,"SEMA3B/EPHB3/RAC3/SEMA3C/PLXNA3",5
"ECM-producing fibroblasts","MSigDB_KEGG_Legacy","KEGG_VIRAL_MYOCARDITIS","KEGG_VIRAL_MYOCARDITIS","3/88","11/432",0.272727272727273,1.33884297520661,0.5751147828665,0.395036152104931,0.911621889472917,0.767681591135088,"ACTB/RAC3/HLA-DRA",3
"ECM-producing fibroblasts","MSigDB_KEGG_Legacy","KEGG_CARDIAC_MUSCLE_CONTRACTION","KEGG_CARDIAC_MUSCLE_CONTRACTION","3/88","12/432",0.25,1.22727272727273,0.403379711667505,0.455738137831433,0.935722320108383,0.787976690617586,"RYR2/TPM2/TPM4",3
"ECM-producing fibroblasts","MSigDB_KEGG_Legacy","KEGG_CELL_ADHESION_MOLECULES_CAMS","KEGG_CELL_ADHESION_MOLECULES_CAMS","4/88","17/432",0.235294117647059,1.15508021390374,0.329577498842848,0.467861160054191,0.935722320108383,0.787976690617586,"CADM1/SDC1/CD99/HLA-DRA",4
"ECM-producing fibroblasts","MSigDB_KEGG_Legacy","KEGG_WNT_SIGNALING_PATHWAY","KEGG_WNT_SIGNALING_PATHWAY","3/88","13/432",0.230769230769231,1.13286713286713,0.245744031108581,0.513838609883942,0.963447393532391,0.811324120869382,"SFRP2/SFRP4/RAC3",3
"ECM-producing fibroblasts","MSigDB_KEGG_Legacy","KEGG_PURINE_METABOLISM","KEGG_PURINE_METABOLISM","4/88","19/432",0.210526315789474,1.03349282296651,0.075431766509374,0.564363364071444,0.994220173029481,0.837238040445879,"AK1/NME1-NME2/IMPDH1/NME4",4
"ECM-producing fibroblasts","MSigDB_KEGG_Legacy","KEGG_MAPK_SIGNALING_PATHWAY","KEGG_MAPK_SIGNALING_PATHWAY","4/88","21/432",0.19047619047619,0.935064935064935,-0.154123465430623,0.650794159061298,0.994220173029481,0.837238040445879,"TGFB3/FLNC/FLNA/RAC3",4
"ECM-producing fibroblasts","MSigDB_KEGG_Legacy","KEGG_PYRIMIDINE_METABOLISM","KEGG_PYRIMIDINE_METABOLISM","2/88","12/432",0.166666666666667,0.818181818181818,-0.322703769334004,0.739484629250662,0.994220173029481,0.837238040445879,"NME1-NME2/NME4",2
"ECM-producing fibroblasts","MSigDB_KEGG_Legacy","KEGG_PATHWAYS_IN_CANCER","KEGG_PATHWAYS_IN_CANCER","6/88","35/432",0.171428571428571,0.841558441558442,-0.493979156448198,0.756154413982032,0.994220173029481,0.837238040445879,"FN1/MMP2/TGFB3/CDKN2A/DAPK3/RAC3",6
"ECM-producing fibroblasts","MSigDB_KEGG_Legacy","KEGG_ENDOCYTOSIS","KEGG_ENDOCYTOSIS","3/88","19/432",0.157894736842105,0.77511961722488,-0.506470432277225,0.781212646765246,0.994220173029481,0.837238040445879,"ARFGAP1/EHD2/SNF8",3
"ECM-producing fibroblasts","MSigDB_KEGG_Legacy","KEGG_CYTOKINE_CYTOKINE_RECEPTOR_INTERACTION","KEGG_CYTOKINE_CYTOKINE_RECEPTOR_INTERACTION","3/88","24/432",0.125,0.613636363636364,-0.983948876273817,0.900165992109113,0.994220173029481,0.837238040445879,"TGFB3/TNFRSF9/TNFRSF12A",3
"ECM-producing fibroblasts","MSigDB_KEGG_Legacy","KEGG_GLYCOLYSIS_GLUCONEOGENESIS","KEGG_GLYCOLYSIS_GLUCONEOGENESIS","1/88","10/432",0.1,0.490909090909091,-0.822886364986242,0.900234774946718,0.994220173029481,0.837238040445879,"PGM1",1
"ECM-producing fibroblasts","MSigDB_KEGG_Legacy","KEGG_PROSTATE_CANCER","KEGG_PROSTATE_CANCER","1/88","10/432",0.1,0.490909090909091,-0.822886364986242,0.900234774946718,0.994220173029481,0.837238040445879,"CREB3L1",1
"ECM-producing fibroblasts","MSigDB_KEGG_Legacy","KEGG_ANTIGEN_PROCESSING_AND_PRESENTATION","KEGG_ANTIGEN_PROCESSING_AND_PRESENTATION","1/88","14/432",0.0714285714285714,0.350649350649351,-1.24783138884053,0.960998787922041,0.994220173029481,0.837238040445879,"HLA-DRA",1
"ECM-producing fibroblasts","MSigDB_KEGG_Legacy","KEGG_COMPLEMENT_AND_COAGULATION_CASCADES","KEGG_COMPLEMENT_AND_COAGULATION_CASCADES","1/88","15/432",0.0666666666666667,0.327272727272727,-1.3397303209251,0.969209569412138,0.994220173029481,0.837238040445879,"PLAUR",1
"ECM-producing fibroblasts","MSigDB_KEGG_Legacy","KEGG_NEUROTROPHIN_SIGNALING_PATHWAY","KEGG_NEUROTROPHIN_SIGNALING_PATHWAY","1/88","15/432",0.0666666666666667,0.327272727272727,-1.3397303209251,0.969209569412138,0.994220173029481,0.837238040445879,"MAGED1",1
"ECM-producing fibroblasts","MSigDB_KEGG_Legacy","KEGG_PARKINSONS_DISEASE","KEGG_PARKINSONS_DISEASE","1/88","16/432",0.0625,0.306818181818182,-1.42745109717239,0.975707310159696,0.994220173029481,0.837238040445879,"UCHL1",1
"ECM-producing fibroblasts","MSigDB_KEGG_Legacy","KEGG_ALZHEIMERS_DISEASE","KEGG_ALZHEIMERS_DISEASE","1/88","19/432",0.0526315789473684,0.258373205741627,-1.67027482985042,0.988115715681388,0.994220173029481,0.837238040445879,"GRIN2D",1
"ECM-producing fibroblasts","MSigDB_KEGG_Legacy","KEGG_HUNTINGTONS_DISEASE","KEGG_HUNTINGTONS_DISEASE","1/88","22/432",0.0454545454545455,0.223140495867769,-1.88956852074795,0.994220173029481,0.994220173029481,0.837238040445879,"CREB3L1",1
"ECM-producing fibroblasts","MSigDB_Reactome","REACTOME_EXTRACELLULAR_MATRIX_ORGANIZATION","REACTOME_EXTRACELLULAR_MATRIX_ORGANIZATION","54/189","96/765",0.5625,2.27678571428571,7.65785100238283,9.97865294792232e-13,1.68639234819887e-10,1.38650756750079e-10,"COL1A1/ASPN/SPARC/COMP/COL1A2/COL5A1/FN1/COL3A1/COL8A1/COL16A1/COL12A1/COL5A2/ADAM12/ACAN/COL11A1/SERPINH1/MMP2/COL14A1/HTRA1/P4HA3/BGN/ADAMTS2/COL6A2/MFAP2/P3H3/BMP1/ELN/P3H1/ITGA11/TGFB3/P4HA2/ACTB/LOX/HSPG2/P4HB/COL10A1/COL6A1/THBS1/FBN1/ACTA2/PLOD1/ITGA10/ADAMTS14/PPIB/FBLN1/ADAMTS16/PCOLCE/EFEMP2/SDC1/ADAMTS4/ITGB5/EMILIN1/ACTN1/SH3PXD2A",54
"ECM-producing fibroblasts","MSigDB_Reactome","REACTOME_COLLAGEN_BIOSYNTHESIS_AND_MODIFYING_ENZYMES","REACTOME_COLLAGEN_BIOSYNTHESIS_AND_MODIFYING_ENZYMES","25/189","36/765",0.694444444444444,2.81084656084656,6.37140891003997,7.92881866136981e-09,6.69985176885749e-07,5.50844243842534e-07,"COL1A1/COL1A2/COL5A1/COL3A1/COL8A1/COL16A1/COL12A1/COL5A2/COL11A1/SERPINH1/COL14A1/P4HA3/ADAMTS2/COL6A2/P3H3/BMP1/P3H1/P4HA2/P4HB/COL10A1/COL6A1/PLOD1/ADAMTS14/PPIB/PCOLCE",25
"ECM-producing fibroblasts","MSigDB_Reactome","REACTOME_COLLAGEN_FORMATION","REACTOME_COLLAGEN_FORMATION","26/189","41/765",0.634146341463415,2.56678281068525,5.90333981270464,7.1201039316285e-08,4.01099188148405e-06,3.29773234728057e-06,"COL1A1/COL1A2/COL5A1/COL3A1/COL8A1/COL16A1/COL12A1/COL5A2/COL11A1/SERPINH1/COL14A1/P4HA3/ADAMTS2/COL6A2/P3H3/BMP1/P3H1/P4HA2/LOX/P4HB/COL10A1/COL6A1/PLOD1/ADAMTS14/PPIB/PCOLCE",26
"ECM-producing fibroblasts","MSigDB_Reactome","REACTOME_SYNDECAN_INTERACTIONS","REACTOME_SYNDECAN_INTERACTIONS","10/189","11/765",0.909090909090909,3.67965367965368,5.12454933397149,6.08756446284643e-06,0.000257199598555262,0.000211462765551508,"COL1A1/COL1A2/COL5A1/FN1/COL3A1/COL5A2/THBS1/SDC1/ITGB5/ACTN1",10
"ECM-producing fibroblasts","MSigDB_Reactome","REACTOME_DEGRADATION_OF_THE_EXTRACELLULAR_MATRIX","REACTOME_DEGRADATION_OF_THE_EXTRACELLULAR_MATRIX","23/189","43/765",0.534883720930233,2.16500553709856,4.50152802408446,2.77755863537963e-05,0.000938814818758314,0.000771868926042339,"COL1A1/COL1A2/COL5A1/FN1/COL3A1/COL8A1/COL16A1/COL12A1/COL5A2/ACAN/COL11A1/MMP2/COL14A1/HTRA1/COL6A2/BMP1/ELN/HSPG2/COL10A1/COL6A1/FBN1/ADAMTS16/ADAMTS4",23
"ECM-producing fibroblasts","MSigDB_Reactome","REACTOME_NON_INTEGRIN_MEMBRANE_ECM_INTERACTIONS","REACTOME_NON_INTEGRIN_MEMBRANE_ECM_INTERACTIONS","15/189","23/765",0.652173913043478,2.63975155279503,4.57094879118308,3.48682962679817e-05,0.000982123678214817,0.000807476334626944,"COL1A1/COL1A2/COL5A1/FN1/COL3A1/COL5A2/COL11A1/ACTB/HSPG2/COL10A1/THBS1/ACTA2/SDC1/ITGB5/ACTN1",15
"ECM-producing fibroblasts","MSigDB_Reactome","REACTOME_INTEGRIN_CELL_SURFACE_INTERACTIONS","REACTOME_INTEGRIN_CELL_SURFACE_INTERACTIONS","18/189","32/765",0.5625,2.27678571428571,4.2238390043896,9.50374041557714e-05,0.00229447447176077,0.00188645674414464,"COL1A1/COMP/COL1A2/COL5A1/FN1/COL3A1/COL8A1/COL16A1/COL5A2/COL6A2/ITGA11/HSPG2/COL10A1/COL6A1/THBS1/FBN1/ITGA10/ITGB5",18
"ECM-producing fibroblasts","MSigDB_Reactome","REACTOME_GOLGI_TO_ER_RETROGRADE_TRANSPORT","REACTOME_GOLGI_TO_ER_RETROGRADE_TRANSPORT","12/189","18/765",0.666666666666667,2.6984126984127,4.17431789376937,0.000169319425911976,0.00357687287239049,0.00294081108162905,"COPZ2/KDELR3/ARFGAP1/CAPZB/KDELR2/TUBA1C/TMED3/TUBB2B/TUBA1A/TUBB2A/COPE/COPG1",12
"ECM-producing fibroblasts","MSigDB_Reactome","REACTOME_COPI_DEPENDENT_GOLGI_TO_ER_RETROGRADE_TRAFFIC","REACTOME_COPI_DEPENDENT_GOLGI_TO_ER_RETROGRADE_TRAFFIC","11/189","16/765",0.6875,2.7827380952381,4.12546557167617,0.000216328439347132,0.00406216736107392,0.00333980748465747,"COPZ2/KDELR3/ARFGAP1/KDELR2/TUBA1C/TMED3/TUBB2B/TUBA1A/TUBB2A/COPE/COPG1",11
"ECM-producing fibroblasts","MSigDB_Reactome","REACTOME_O_GLYCOSYLATION_OF_TSR_DOMAIN_CONTAINING_PROTEINS","REACTOME_O_GLYCOSYLATION_OF_TSR_DOMAIN_CONTAINING_PROTEINS","8/189","10/765",0.8,3.23809523809524,4.07822729558905,0.000346001854492608,0.00584743134092508,0.00480760471505519,"THBS2/ADAMTS2/SPON2/THBS1/ADAMTS6/ADAMTS14/ADAMTS16/ADAMTS4",8
"ECM-producing fibroblasts","MSigDB_Reactome","REACTOME_DISEASES_OF_GLYCOSYLATION","REACTOME_DISEASES_OF_GLYCOSYLATION","15/189","27/765",0.555555555555556,2.24867724867725,3.78155341829661,0.000463665529486004,0.00712358858937588,0.00585682774087584,"OGN/ACAN/THBS2/BGN/ADAMTS2/SPON2/HSPG2/CHST6/THBS1/ADAMTS6/ADAMTS14/ADAMTS16/PGM1/SDC1/ADAMTS4",15
"ECM-producing fibroblasts","MSigDB_Reactome","REACTOME_COPI_MEDIATED_ANTEROGRADE_TRANSPORT","REACTOME_COPI_MEDIATED_ANTEROGRADE_TRANSPORT","12/189","20/765",0.6,2.42857142857143,3.70599783357649,0.000706065240331423,0.00994375213466755,0.00817549225646911,"COPZ2/KDELR3/ARFGAP1/CAPZB/KDELR2/TUBA1C/TMED3/TUBB2B/TUBA1A/TUBB2A/COPE/COPG1",12
"ECM-producing fibroblasts","MSigDB_Reactome","REACTOME_ASSEMBLY_OF_COLLAGEN_FIBRILS_AND_OTHER_MULTIMERIC_STRUCTURES","REACTOME_ASSEMBLY_OF_COLLAGEN_FIBRILS_AND_OTHER_MULTIMERIC_STRUCTURES","15/189","28/765",0.535714285714286,2.16836734693878,3.60571189319418,0.000781697593452087,0.0101620687148771,0.00835498642394133,"COL1A1/COL1A2/COL5A1/COL3A1/COL8A1/COL12A1/COL5A2/COL11A1/COL14A1/COL6A2/BMP1/LOX/COL10A1/COL6A1/PCOLCE",15
"ECM-producing fibroblasts","MSigDB_Reactome","REACTOME_COLLAGEN_CHAIN_TRIMERIZATION","REACTOME_COLLAGEN_CHAIN_TRIMERIZATION","13/189","23/765",0.565217391304348,2.28778467908903,3.5898107930756,0.000920103921634715,0.0105654435859741,0.00868663066551588,"COL1A1/COL1A2/COL5A1/COL3A1/COL8A1/COL16A1/COL12A1/COL5A2/COL11A1/COL14A1/COL6A2/COL10A1/COL6A1",13
"ECM-producing fibroblasts","MSigDB_Reactome","REACTOME_DISEASES_ASSOCIATED_WITH_O_GLYCOSYLATION_OF_PROTEINS","REACTOME_DISEASES_ASSOCIATED_WITH_O_GLYCOSYLATION_OF_PROTEINS","8/189","11/765",0.727272727272727,2.94372294372294,3.71716098700032,0.00100027868269577,0.0105654435859741,0.00868663066551588,"THBS2/ADAMTS2/SPON2/THBS1/ADAMTS6/ADAMTS14/ADAMTS16/ADAMTS4",8
"ECM-producing fibroblasts","MSigDB_Reactome","REACTOME_FACTORS_INVOLVED_IN_MEGAKARYOCYTE_DEVELOPMENT_AND_PLATELET_PRODUCTION","REACTOME_FACTORS_INVOLVED_IN_MEGAKARYOCYTE_DEVELOPMENT_AND_PLATELET_PRODUCTION","8/189","11/765",0.727272727272727,2.94372294372294,3.71716098700032,0.00100027868269577,0.0105654435859741,0.00868663066551588,"ACTB/EHD2/CAPZB/TUBA1C/TUBB2B/TUBA1A/RAD51B/TUBB2A",8
"ECM-producing fibroblasts","MSigDB_Reactome","REACTOME_INTRA_GOLGI_AND_RETROGRADE_GOLGI_TO_ER_TRAFFIC","REACTOME_INTRA_GOLGI_AND_RETROGRADE_GOLGI_TO_ER_TRAFFIC","12/189","21/765",0.571428571428571,2.31292517006803,3.49244434112576,0.00129199830860085,0.0128439831855025,0.0105599861755611,"COPZ2/KDELR3/ARFGAP1/CAPZB/KDELR2/TUBA1C/TMED3/TUBB2B/TUBA1A/TUBB2A/COPE/COPG1",12
"ECM-producing fibroblasts","MSigDB_Reactome","REACTOME_ECM_PROTEOGLYCANS","REACTOME_ECM_PROTEOGLYCANS","16/189","33/765",0.484848484848485,1.96248196248196,3.23564128678402,0.00211609288285628,0.0198677609557062,0.0163347520781888,"COL1A1/ASPN/SPARC/COMP/COL1A2/COL5A1/FN1/COL3A1/COL5A2/ACAN/BGN/COL6A2/TGFB3/HSPG2/COL6A1/ITGB5",16
"ECM-producing fibroblasts","MSigDB_Reactome","REACTOME_COLLAGEN_DEGRADATION","REACTOME_COLLAGEN_DEGRADATION","14/189","28/765",0.5,2.02380952380952,3.15959033435647,0.00282800675931387,0.0251543759117918,0.0206812682675585,"COL1A1/COL1A2/COL5A1/COL3A1/COL8A1/COL16A1/COL12A1/COL5A2/COL11A1/MMP2/COL14A1/COL6A2/COL10A1/COL6A1",14
"ECM-producing fibroblasts","MSigDB_Reactome","REACTOME_O_LINKED_GLYCOSYLATION","REACTOME_O_LINKED_GLYCOSYLATION","9/189","15/765",0.6,2.42857142857143,3.19877208583901,0.00351433590243834,0.0296961383756039,0.0244153862695716,"THBS2/ADAMTS2/GALNT15/SPON2/THBS1/ADAMTS6/ADAMTS14/ADAMTS16/ADAMTS4",9
"ECM-producing fibroblasts","MSigDB_Reactome","REACTOME_TRANSPORT_TO_THE_GOLGI_AND_SUBSEQUENT_MODIFICATION","REACTOME_TRANSPORT_TO_THE_GOLGI_AND_SUBSEQUENT_MODIFICATION","14/189","29/765",0.482758620689655,1.95402298850575,2.99837032640322,0.00428439396121351,0.0344791704497659,0.0283478698185556,"COPZ2/B4GALT2/KDELR3/ARFGAP1/CAPZB/KDELR2/TUBA1C/SEC24D/TMED3/TUBB2B/TUBA1A/TUBB2A/COPE/COPG1",14
"ECM-producing fibroblasts","MSigDB_Reactome","REACTOME_HEMOSTASIS","REACTOME_HEMOSTASIS","25/189","64/765",0.390625,1.58110119047619,2.78002744146462,0.00562353741558433,0.0431989919651705,0.0355170784142168,"COL1A1/SPARC/COL1A2/FN1/IGF2/KCNMA1/TGFB3/ACTB/THBS1/ISLR/EHD2/ITGA10/FLNA/CAPZB/TUBA1C/ECM1/PLAUR/TUBB2B/TUBA1A/RAD51B/SDC1/QSOX1/TUBB2A/ACTN1/CD99",25
"ECM-producing fibroblasts","MSigDB_Reactome","REACTOME_ER_TO_GOLGI_ANTEROGRADE_TRANSPORT","REACTOME_ER_TO_GOLGI_ANTEROGRADE_TRANSPORT","13/189","27/765",0.481481481481481,1.94885361552028,2.87355330373387,0.00609512537071818,0.0447859212022336,0.0368218100198993,"COPZ2/KDELR3/ARFGAP1/CAPZB/KDELR2/TUBA1C/SEC24D/TMED3/TUBB2B/TUBA1A/TUBB2A/COPE/COPG1",13
"ECM-producing fibroblasts","MSigDB_Reactome","REACTOME_ELASTIC_FIBRE_FORMATION","REACTOME_ELASTIC_FIBRE_FORMATION","10/189","19/765",0.526315789473684,2.13032581453634,2.85612606485705,0.00743087563161994,0.0523257492393238,0.0430208589199049,"FN1/MFAP2/ELN/TGFB3/LOX/FBN1/FBLN1/EFEMP2/ITGB5/EMILIN1",10
"ECM-producing fibroblasts","MSigDB_Reactome","REACTOME_DISEASES_OF_METABOLISM","REACTOME_DISEASES_OF_METABOLISM","15/189","34/765",0.441176470588235,1.78571428571429,2.68294493450661,0.00893960691710374,0.0604317427596213,0.0496853942340081,"OGN/ACAN/THBS2/BGN/ADAMTS2/SPON2/HSPG2/CHST6/THBS1/ADAMTS6/ADAMTS14/ADAMTS16/PGM1/SDC1/ADAMTS4",15
"ECM-producing fibroblasts","MSigDB_Reactome","REACTOME_MOLECULES_ASSOCIATED_WITH_ELASTIC_FIBRES","REACTOME_MOLECULES_ASSOCIATED_WITH_ELASTIC_FIBRES","9/189","17/765",0.529411764705882,2.14285714285714,2.72792200063683,0.010611318720474,0.0689735716830808,0.056708261987958,"FN1/MFAP2/ELN/TGFB3/FBN1/FBLN1/EFEMP2/ITGB5/EMILIN1",9
"ECM-producing fibroblasts","MSigDB_Reactome","REACTOME_BINDING_AND_UPTAKE_OF_LIGANDS_BY_SCAVENGER_RECEPTORS","REACTOME_BINDING_AND_UPTAKE_OF_LIGANDS_BY_SCAVENGER_RECEPTORS","7/189","12/765",0.583333333333333,2.36111111111111,2.72052708399058,0.0126812956171519,0.073245721489037,0.0602207115325623,"COL1A1/SPARC/COL1A2/COL3A1/SSC5D/FTL/S100A9",7
"ECM-producing fibroblasts","MSigDB_Reactome","REACTOME_MET_ACTIVATES_PTK2_SIGNALING","REACTOME_MET_ACTIVATES_PTK2_SIGNALING","7/189","12/765",0.583333333333333,2.36111111111111,2.72052708399058,0.0126812956171519,0.073245721489037,0.0602207115325623,"COL1A1/COL1A2/COL5A1/FN1/COL3A1/COL5A2/COL11A1",7
"ECM-producing fibroblasts","MSigDB_Reactome","REACTOME_MET_PROMOTES_CELL_MOTILITY","REACTOME_MET_PROMOTES_CELL_MOTILITY","7/189","12/765",0.583333333333333,2.36111111111111,2.72052708399058,0.0126812956171519,0.073245721489037,0.0602207115325623,"COL1A1/COL1A2/COL5A1/FN1/COL3A1/COL5A2/COL11A1",7
"ECM-producing fibroblasts","MSigDB_Reactome","REACTOME_VESICLE_MEDIATED_TRANSPORT","REACTOME_VESICLE_MEDIATED_TRANSPORT","23/189","61/765",0.377049180327869,1.52615144418423,2.45219890625086,0.0130021990808941,0.073245721489037,0.0602207115325623,"COL1A1/SPARC/COL1A2/COL3A1/SSC5D/COPZ2/FTL/ACTB/KDELR3/ARFGAP1/CAPZB/KDELR2/TBC1D1/TUBA1C/SEC24D/SNF8/TMED3/TUBB2B/TUBA1A/S100A9/TUBB2A/COPE/COPG1",23
"ECM-producing fibroblasts","MSigDB_Reactome","REACTOME_RHO_GTPASE_EFFECTORS","REACTOME_RHO_GTPASE_EFFECTORS","11/189","24/765",0.458333333333333,1.85515873015873,2.43674223186845,0.0179405082209422,0.097804706107717,0.0804124646914895,"ACTB/MYL9/FLNA/EVL/TUBA1C/TUBB2B/MYL6/TUBA1A/S100A9/TUBB2A/S100A8",11
"ECM-producing fibroblasts","MSigDB_Reactome","REACTOME_ASPARAGINE_N_LINKED_GLYCOSYLATION","REACTOME_ASPARAGINE_N_LINKED_GLYCOSYLATION","17/189","43/765",0.395348837209302,1.60022148394241,2.31922831659104,0.0194383956819289,0.102659027195187,0.0844035601978491,"COPZ2/B4GALT2/KDELR3/ARFGAP1/GMPPA/OST4/CAPZB/NAGK/KDELR2/TUBA1C/SEC24D/TMED3/TUBB2B/TUBA1A/TUBB2A/COPE/COPG1",17
"ECM-producing fibroblasts","MSigDB_Reactome","REACTOME_DEVELOPMENTAL_CELL_LINEAGES_OF_THE_EXOCRINE_PANCREAS","REACTOME_DEVELOPMENTAL_CELL_LINEAGES_OF_THE_EXOCRINE_PANCREAS","7/189","13/765",0.538461538461538,2.17948717948718,2.45540038823764,0.02180563254471,0.108386820589882,0.0891128017307034,"COL1A1/COL1A2/COL5A1/FN1/COL3A1/COL5A2/COL11A1",7
"ECM-producing fibroblasts","MSigDB_Reactome","REACTOME_DEVELOPMENTAL_LINEAGE_OF_PANCREATIC_DUCTAL_CELLS","REACTOME_DEVELOPMENTAL_LINEAGE_OF_PANCREATIC_DUCTAL_CELLS","7/189","13/765",0.538461538461538,2.17948717948718,2.45540038823764,0.02180563254471,0.108386820589882,0.0891128017307034,"COL1A1/COL1A2/COL5A1/FN1/COL3A1/COL5A2/COL11A1",7
"ECM-producing fibroblasts","MSigDB_Reactome","REACTOME_MUSCLE_CONTRACTION","REACTOME_MUSCLE_CONTRACTION","9/189","19/765",0.473684210526316,1.91729323308271,2.31783179542723,0.0251378076193328,0.121379699647636,0.0997952061880281,"MYL9/ACTA2/RYR2/KCNK6/TPM2/MYL6/ITGB5/KCNJ12/TPM4",9
"ECM-producing fibroblasts","MSigDB_Reactome","REACTOME_POST_TRANSLATIONAL_PROTEIN_MODIFICATION","REACTOME_POST_TRANSLATIONAL_PROTEIN_MODIFICATION","41/189","129/765",0.317829457364341,1.28645256552233,2.042609527142,0.0285327126846417,0.133945234547346,0.110126259484582,"FN1/LGALS1/COPZ2/THBS2/ADAMTS2/CKAP4/GALNT15/UCHL1/CDKN2A/B4GALT2/SPON2/ACTB/GOLM1/P4HB/KDELR3/ARFGAP1/THBS1/FBN1/RCN1/ADAMTS6/GMPPA/OPCML/ADAMTS14/OST4/CAPZB/NAGK/ADAMTS16/KDELR2/TUBA1C/SEC24D/TMED3/PLAUR/TUBB2B/TUBA1A/ADAMTS4/QSOX1/TUBB2A/COPE/COPG1/JOSD2/RAB15",41
"ECM-producing fibroblasts","MSigDB_Reactome","REACTOME_SMOOTH_MUSCLE_CONTRACTION","REACTOME_SMOOTH_MUSCLE_CONTRACTION","6/189","11/765",0.545454545454545,2.20779220779221,2.30977264002915,0.0314534970008985,0.143665972787888,0.118118395565252,"MYL9/ACTA2/TPM2/MYL6/ITGB5/TPM4",6
"ECM-producing fibroblasts","MSigDB_Reactome","REACTOME_DISEASES_ASSOCIATED_WITH_GLYCOSAMINOGLYCAN_METABOLISM","REACTOME_DISEASES_ASSOCIATED_WITH_GLYCOSAMINOGLYCAN_METABOLISM","6/189","12/765",0.5,2.02380952380952,2.04634398737484,0.0502256983846451,0.211728575374732,0.174077682650045,"OGN/ACAN/BGN/HSPG2/CHST6/SDC1",6
"ECM-producing fibroblasts","MSigDB_Reactome","REACTOME_DEVELOPMENTAL_CELL_LINEAGES","REACTOME_DEVELOPMENTAL_CELL_LINEAGES","8/189","18/765",0.444444444444444,1.7989417989418,1.96361994379805,0.0513661040849943,0.211728575374732,0.174077682650045,"COL1A1/COL1A2/COL5A1/FN1/COL3A1/COL5A2/COL11A1/ACTA2",8
"ECM-producing fibroblasts","MSigDB_Reactome","REACTOME_SENSORY_PERCEPTION","REACTOME_SENSORY_PERCEPTION","8/189","18/765",0.444444444444444,1.7989417989418,1.96361994379805,0.0513661040849943,0.211728575374732,0.174077682650045,"KCNMA1/ACTB/HSPG2/CAPZB/RBP4/SDC1/FNTB/DHRS3",8
"ECM-producing fibroblasts","MSigDB_Reactome","REACTOME_SIGNALING_BY_PDGF","REACTOME_SIGNALING_BY_PDGF","8/189","18/765",0.444444444444444,1.7989417989418,1.96361994379805,0.0513661040849943,0.211728575374732,0.174077682650045,"COL5A1/COL3A1/COL5A2/THBS2/COL6A2/COL6A1/THBS1/THBS3",8
"ECM-producing fibroblasts","MSigDB_Reactome","REACTOME_GLYCOSAMINOGLYCAN_METABOLISM","REACTOME_GLYCOSAMINOGLYCAN_METABOLISM","8/189","19/765",0.421052631578947,1.70426065162907,1.77953752599741,0.0704412287872933,0.268191331157232,0.220499879867671,"OGN/ACAN/CHPF/BGN/B4GALT2/HSPG2/CHST6/SDC1",8
"ECM-producing fibroblasts","MSigDB_Reactome","REACTOME_UNFOLDED_PROTEIN_RESPONSE_UPR","REACTOME_UNFOLDED_PROTEIN_RESPONSE_UPR","7/189","16/765",0.4375,1.77083333333333,1.78379897005697,0.0731753201186864,0.268191331157232,0.220499879867671,"CREB3L1/KDELR3/ARFGAP1/YIF1A/FKBP14/MYDGF/XBP1",7
"ECM-producing fibroblasts","MSigDB_Reactome","REACTOME_CELL_SURFACE_INTERACTIONS_AT_THE_VASCULAR_WALL","REACTOME_CELL_SURFACE_INTERACTIONS_AT_THE_VASCULAR_WALL","5/189","10/765",0.5,2.02380952380952,1.86557206074818,0.073412706022672,0.268191331157232,0.220499879867671,"COL1A1/COL1A2/FN1/SDC1/CD99",5
"ECM-producing fibroblasts","MSigDB_Reactome","REACTOME_METABOLISM_OF_VITAMINS_AND_COFACTORS","REACTOME_METABOLISM_OF_VITAMINS_AND_COFACTORS","5/189","10/765",0.5,2.02380952380952,1.86557206074818,0.073412706022672,0.268191331157232,0.220499879867671,"HSPG2/VKORC1/RBP4/ALDH1L2/SDC1",5
"ECM-producing fibroblasts","MSigDB_Reactome","REACTOME_L1CAM_INTERACTIONS","REACTOME_L1CAM_INTERACTIONS","6/189","13/765",0.461538461538462,1.86813186813187,1.80723568947926,0.0745857548188751,0.268191331157232,0.220499879867671,"ACTB/ITGA10/TUBA1C/TUBB2B/TUBA1A/TUBB2A",6
"ECM-producing fibroblasts","MSigDB_Reactome","REACTOME_NEUROTRANSMITTER_RECEPTORS_AND_POSTSYNAPTIC_SIGNAL_TRANSMISSION","REACTOME_NEUROTRANSMITTER_RECEPTORS_AND_POSTSYNAPTIC_SIGNAL_TRANSMISSION","6/189","13/765",0.461538461538462,1.86813186813187,1.80723568947926,0.0745857548188751,0.268191331157232,0.220499879867671,"GRIN2D/TUBA1C/TUBB2B/TUBA1A/KCNJ12/TUBB2A",6
"ECM-producing fibroblasts","MSigDB_Reactome","REACTOME_MEMBRANE_TRAFFICKING","REACTOME_MEMBRANE_TRAFFICKING","17/189","50/765",0.34,1.37619047619048,1.57509269557922,0.0827088737650104,0.291204159714307,0.239420424056609,"COPZ2/FTL/ACTB/KDELR3/ARFGAP1/CAPZB/KDELR2/TBC1D1/TUBA1C/SEC24D/SNF8/TMED3/TUBB2B/TUBA1A/TUBB2A/COPE/COPG1",17
"ECM-producing fibroblasts","MSigDB_Reactome","REACTOME_SIGNALING_BY_RHO_GTPASES_MIRO_GTPASES_AND_RHOBTB3","REACTOME_SIGNALING_BY_RHO_GTPASES_MIRO_GTPASES_AND_RHOBTB3","20/189","61/765",0.327868852459016,1.32708821233411,1.52443819246159,0.0877140875515095,0.302524097881737,0.248727380382369,"CKAP4/BASP1/ACTB/MYL9/FLNA/ARHGAP1/CAPZB/DBN1/EVL/TUBA1C/TUBB2B/MYL6/TUBA1A/RAC3/S100A9/TUBB2A/S100A8/ACTN1/SH3PXD2A/TPM4",20
"ECM-producing fibroblasts","MSigDB_Reactome","REACTOME_ANTIMICROBIAL_MECHANISM_OF_IFN_STIMULATED_GENES","REACTOME_ANTIMICROBIAL_MECHANISM_OF_IFN_STIMULATED_GENES","7/189","17/765",0.411764705882353,1.66666666666667,1.59128783370482,0.0992111284069699,0.321216064118127,0.264095424874449,"ACTB/FLNA/TUBA1C/TUBB2B/TUBA1A/FNTB/TUBB2A",7
"ECM-producing fibroblasts","MSigDB_Reactome","REACTOME_MHC_CLASS_II_ANTIGEN_PRESENTATION","REACTOME_MHC_CLASS_II_ANTIGEN_PRESENTATION","7/189","17/765",0.411764705882353,1.66666666666667,1.59128783370482,0.0992111284069699,0.321216064118127,0.264095424874449,"CAPZB/TUBA1C/SEC24D/TUBB2B/TUBA1A/TUBB2A/HLA-DRA",7
"ECM-producing fibroblasts","MSigDB_Reactome","REACTOME_SIGNALING_BY_MET","REACTOME_SIGNALING_BY_MET","7/189","17/765",0.411764705882353,1.66666666666667,1.59128783370482,0.0992111284069699,0.321216064118127,0.264095424874449,"COL1A1/COL1A2/COL5A1/FN1/COL3A1/COL5A2/COL11A1",7
"ECM-producing fibroblasts","MSigDB_Reactome","REACTOME_IRE1ALPHA_ACTIVATES_CHAPERONES","REACTOME_IRE1ALPHA_ACTIVATES_CHAPERONES","6/189","14/765",0.428571428571429,1.73469387755102,1.58824248739146,0.104537772346136,0.321216064118127,0.264095424874449,"KDELR3/ARFGAP1/YIF1A/FKBP14/MYDGF/XBP1",6
"ECM-producing fibroblasts","MSigDB_Reactome","REACTOME_RHO_GTPASES_ACTIVATE_FORMINS","REACTOME_RHO_GTPASES_ACTIVATE_FORMINS","6/189","14/765",0.428571428571429,1.73469387755102,1.58824248739146,0.104537772346136,0.321216064118127,0.264095424874449,"ACTB/EVL/TUBA1C/TUBB2B/TUBA1A/TUBB2A",6
"ECM-producing fibroblasts","MSigDB_Reactome","REACTOME_TRANSMISSION_ACROSS_CHEMICAL_SYNAPSES","REACTOME_TRANSMISSION_ACROSS_CHEMICAL_SYNAPSES","6/189","14/765",0.428571428571429,1.73469387755102,1.58824248739146,0.104537772346136,0.321216064118127,0.264095424874449,"GRIN2D/TUBA1C/TUBB2B/TUBA1A/KCNJ12/TUBB2A",6
"ECM-producing fibroblasts","MSigDB_Reactome","REACTOME_NEURONAL_SYSTEM","REACTOME_NEURONAL_SYSTEM","9/189","24/765",0.375,1.51785714285714,1.47561420537742,0.110822760764587,0.334447260164558,0.27497376731063,"KCNMA1/GRIN2D/KCNK6/TUBA1C/TUBB2B/TUBA1A/PTPRD/KCNJ12/TUBB2A",9
"ECM-producing fibroblasts","MSigDB_Reactome","REACTOME_EPH_EPHRIN_SIGNALING","REACTOME_EPH_EPHRIN_SIGNALING","5/189","12/765",0.416666666666667,1.68650793650794,1.3721608907591,0.149916581509511,0.436825901294953,0.359146801438392,"MMP2/EPHB3/ACTB/MYL9/MYL6",5
"ECM-producing fibroblasts","MSigDB_Reactome","REACTOME_SIGNALING_BY_HEDGEHOG","REACTOME_SIGNALING_BY_HEDGEHOG","5/189","12/765",0.416666666666667,1.68650793650794,1.3721608907591,0.149916581509511,0.436825901294953,0.359146801438392,"P4HB/TUBA1C/TUBB2B/TUBA1A/TUBB2A",5
"ECM-producing fibroblasts","MSigDB_Reactome","REACTOME_REGULATION_OF_INSULIN_LIKE_GROWTH_FACTOR_IGF_TRANSPORT_AND_UPTAKE_BY_INSULIN_LIKE_GROWTH_FACTOR_BINDING_PROTEINS_IGFBPS","REACTOME_REGULATION_OF_INSULIN_LIKE_GROWTH_FACTOR_IGF_TRANSPORT_AND_UPTAKE_BY_INSULIN_LIKE_GROWTH_FACTOR_BINDING_PROTEINS_IGFBPS","11/189","34/765",0.323529411764706,1.30952380952381,1.0569177014723,0.194052673624525,0.554878680738428,0.45620670107426,"FN1/IGF2/MMP2/LGALS1/CKAP4/GOLM1/P4HB/FBN1/RCN1/IGFBP6/QSOX1",11
"ECM-producing fibroblasts","MSigDB_Reactome","REACTOME_NCAM1_INTERACTIONS","REACTOME_NCAM1_INTERACTIONS","5/189","13/765",0.384615384615385,1.55677655677656,1.15907099072087,0.196998348191158,0.554878680738428,0.45620670107426,"COL5A1/COL3A1/COL5A2/COL6A2/COL6A1",5
"ECM-producing fibroblasts","MSigDB_Reactome","REACTOME_MATURATION_OF_DENV_PROTEINS","REACTOME_MATURATION_OF_DENV_PROTEINS","4/189","10/765",0.4,1.61904761904762,1.12802031580123,0.216111817785911,0.598736019767524,0.492265055181022,"P4HA3/P4HA2/P4HB/OST4",4
"ECM-producing fibroblasts","MSigDB_Reactome","REACTOME_PLATELET_ACTIVATION_SIGNALING_AND_AGGREGATION","REACTOME_PLATELET_ACTIVATION_SIGNALING_AND_AGGREGATION","12/189","40/765",0.3,1.21428571428571,0.796930688433748,0.265463792497826,0.711012681624278,0.584575982400528,"COL1A1/SPARC/COL1A2/FN1/IGF2/TGFB3/THBS1/ISLR/FLNA/ECM1/QSOX1/ACTN1",12
"ECM-producing fibroblasts","MSigDB_Reactome","REACTOME_HEDGEHOG_OFF_STATE","REACTOME_HEDGEHOG_OFF_STATE","4/189","11/765",0.363636363636364,1.47186147186147,0.902384293057984,0.277673591640251,0.711012681624278,0.584575982400528,"TUBA1C/TUBB2B/TUBA1A/TUBB2A",4
"ECM-producing fibroblasts","MSigDB_Reactome","REACTOME_MITF_M_DEPENDENT_GENE_EXPRESSION","REACTOME_MITF_M_DEPENDENT_GENE_EXPRESSION","4/189","11/765",0.363636363636364,1.47186147186147,0.902384293057984,0.277673591640251,0.711012681624278,0.584575982400528,"GXYLT2/CDKN2A/ACTB/EDIL3",4
"ECM-producing fibroblasts","MSigDB_Reactome","REACTOME_MITOTIC_G2_G2_M_PHASES","REACTOME_MITOTIC_G2_G2_M_PHASES","4/189","11/765",0.363636363636364,1.47186147186147,0.902384293057984,0.277673591640251,0.711012681624278,0.584575982400528,"TUBA1C/TUBB2B/TUBA1A/TUBB2A",4
"ECM-producing fibroblasts","MSigDB_Reactome","REACTOME_RESOLUTION_OF_SISTER_CHROMATID_COHESION","REACTOME_RESOLUTION_OF_SISTER_CHROMATID_COHESION","4/189","11/765",0.363636363636364,1.47186147186147,0.902384293057984,0.277673591640251,0.711012681624278,0.584575982400528,"TUBA1C/TUBB2B/TUBA1A/TUBB2A",4
"ECM-producing fibroblasts","MSigDB_Reactome","REACTOME_RESPONSE_TO_ELEVATED_PLATELET_CYTOSOLIC_CA2","REACTOME_RESPONSE_TO_ELEVATED_PLATELET_CYTOSOLIC_CA2","10/189","33/765",0.303030303030303,1.22655122655123,0.761612716679297,0.281907112491015,0.711079134492261,0.584630618206032,"SPARC/FN1/IGF2/TGFB3/THBS1/ISLR/FLNA/ECM1/QSOX1/ACTN1",10
"ECM-producing fibroblasts","MSigDB_Reactome","REACTOME_NCAM_SIGNALING_FOR_NEURITE_OUT_GROWTH","REACTOME_NCAM_SIGNALING_FOR_NEURITE_OUT_GROWTH","5/189","15/765",0.333333333333333,1.34920634920635,0.781922065427314,0.30265976080056,0.752198523166098,0.618437901326222,"COL5A1/COL3A1/COL5A2/COL6A2/COL6A1",5
"ECM-producing fibroblasts","MSigDB_Reactome","REACTOME_DENGUE_VIRUS_GENOME_TRANSLATION_AND_REPLICATION","REACTOME_DENGUE_VIRUS_GENOME_TRANSLATION_AND_REPLICATION","6/189","19/765",0.315789473684211,1.2781954887218,0.702948987137766,0.319797441400517,0.78327199415489,0.643985694353444,"HDLBP/P4HA3/P4HA2/P4HB/RRBP1/OST4",6
"ECM-producing fibroblasts","MSigDB_Reactome","REACTOME_ADAPTIVE_IMMUNE_SYSTEM","REACTOME_ADAPTIVE_IMMUNE_SYSTEM","19/189","69/765",0.27536231884058,1.11456176673568,0.571118157410138,0.329453596670841,0.795395111962458,0.65395300391806,"COL1A1/COL1A2/COL3A1/MRC2/ENAH/OST4/CAPZB/EVL/TUBA1C/SEC24D/TUBB2B/TUBA1A/ITGB5/S100A9/TUBB2A/S100A8/CD99/SEC61A1/HLA-DRA",19
"ECM-producing fibroblasts","MSigDB_Reactome","REACTOME_MITF_M_REGULATED_MELANOCYTE_DEVELOPMENT","REACTOME_MITF_M_REGULATED_MELANOCYTE_DEVELOPMENT","4/189","12/765",0.333333333333333,1.34920634920635,0.697977794143355,0.341552096705621,0.801698671434026,0.659135625221373,"GXYLT2/CDKN2A/ACTB/EDIL3",4
"ECM-producing fibroblasts","MSigDB_Reactome","REACTOME_MITOTIC_PROMETAPHASE","REACTOME_MITOTIC_PROMETAPHASE","4/189","12/765",0.333333333333333,1.34920634920635,0.697977794143355,0.341552096705621,0.801698671434026,0.659135625221373,"TUBA1C/TUBB2B/TUBA1A/TUBB2A",4
"ECM-producing fibroblasts","MSigDB_Reactome","REACTOME_SIGNALING_BY_TGF_BETA_RECEPTOR_COMPLEX","REACTOME_SIGNALING_BY_TGF_BETA_RECEPTOR_COMPLEX","4/189","13/765",0.307692307692308,1.24542124542125,0.51090629196249,0.405798207156492,0.93945064396503,0.772391684854463,"COL1A2/TGFB3/FBN1/ITGB5",4
"ECM-producing fibroblasts","MSigDB_Reactome","REACTOME_METABOLISM_OF_CARBOHYDRATES_AND_CARBOHYDRATE_DERIVATIVES","REACTOME_METABOLISM_OF_CARBOHYDRATES_AND_CARBOHYDRATE_DERIVATIVES","9/189","33/765",0.272727272727273,1.1038961038961,0.349274621661843,0.430771578348123,0.971043633117611,0.798366612092959,"OGN/ACAN/CHPF/BGN/B4GALT2/HSPG2/CHST6/PGM1/SDC1",9
"ECM-producing fibroblasts","MSigDB_Reactome","REACTOME_ATTACHMENT_OF_BACTERIA_TO_EPITHELIAL_CELLS","REACTOME_ATTACHMENT_OF_BACTERIA_TO_EPITHELIAL_CELLS","3/189","10/765",0.3,1.21428571428571,0.39046857085427,0.465999663269923,0.971043633117611,0.798366612092959,"COL5A1/FN1/COL5A2",3
"ECM-producing fibroblasts","MSigDB_Reactome","REACTOME_DETOXIFICATION_OF_REACTIVE_OXYGEN_SPECIES","REACTOME_DETOXIFICATION_OF_REACTIVE_OXYGEN_SPECIES","3/189","10/765",0.3,1.21428571428571,0.39046857085427,0.465999663269923,0.971043633117611,0.798366612092959,"ATOX1/P4HB/GPX8",3
"ECM-producing fibroblasts","MSigDB_Reactome","REACTOME_RESPIRATORY_SYNCYTIAL_VIRUS_INFECTION_PATHWAY","REACTOME_RESPIRATORY_SYNCYTIAL_VIRUS_INFECTION_PATHWAY","3/189","10/765",0.3,1.21428571428571,0.39046857085427,0.465999663269923,0.971043633117611,0.798366612092959,"HSPG2/SDC1/MED8",3
"ECM-producing fibroblasts","MSigDB_Reactome","REACTOME_SIGNALING_BY_RECEPTOR_TYROSINE_KINASES","REACTOME_SIGNALING_BY_RECEPTOR_TYROSINE_KINASES","18/189","70/765",0.257142857142857,1.04081632653061,0.205095850122531,0.468156301719339,0.971043633117611,0.798366612092959,"COL1A1/SPARC/COL1A2/COL5A1/FN1/COL3A1/IGF2/COL5A2/ADAM12/COL11A1/MDK/THBS2/COL6A2/ACTB/COL6A1/THBS1/PTN/THBS3",18
"ECM-producing fibroblasts","MSigDB_Reactome","REACTOME_AUTOPHAGY","REACTOME_AUTOPHAGY","4/189","14/765",0.285714285714286,1.15646258503401,0.338236826018551,0.468771356110399,0.971043633117611,0.798366612092959,"TUBA1C/TUBB2B/TUBA1A/TUBB2A",4
"ECM-producing fibroblasts","MSigDB_Reactome","REACTOME_IMMUNOREGULATORY_INTERACTIONS_BETWEEN_A_LYMPHOID_AND_A_NON_LYMPHOID_CELL","REACTOME_IMMUNOREGULATORY_INTERACTIONS_BETWEEN_A_LYMPHOID_AND_A_NON_LYMPHOID_CELL","4/189","14/765",0.285714285714286,1.15646258503401,0.338236826018551,0.468771356110399,0.971043633117611,0.798366612092959,"COL1A1/COL1A2/COL3A1/CD99",4
"ECM-producing fibroblasts","MSigDB_Reactome","REACTOME_INTERLEUKIN_4_AND_INTERLEUKIN_13_SIGNALING","REACTOME_INTERLEUKIN_4_AND_INTERLEUKIN_13_SIGNALING","4/189","14/765",0.285714285714286,1.15646258503401,0.338236826018551,0.468771356110399,0.971043633117611,0.798366612092959,"COL1A2/FN1/MMP2/FSCN1",4
"ECM-producing fibroblasts","MSigDB_Reactome","REACTOME_CELL_JUNCTION_ORGANIZATION","REACTOME_CELL_JUNCTION_ORGANIZATION","7/189","26/765",0.269230769230769,1.08974358974359,0.266522716906814,0.471157265773042,0.971043633117611,0.798366612092959,"FLNC/ACTB/ACTA2/FLNA/OST4/CADM1/ACTN1",7
"ECM-producing fibroblasts","MSigDB_Reactome","REACTOME_DEUBIQUITINATION","REACTOME_DEUBIQUITINATION","3/189","11/765",0.272727272727273,1.1038961038961,0.1986901195724,0.536621940131051,0.999999971648974,0.822173754329895,"UCHL1/ACTB/JOSD2",3
"ECM-producing fibroblasts","MSigDB_Reactome","REACTOME_TGF_BETA_RECEPTOR_SIGNALING_ACTIVATES_SMADS","REACTOME_TGF_BETA_RECEPTOR_SIGNALING_ACTIVATES_SMADS","3/189","11/765",0.272727272727273,1.1038961038961,0.1986901195724,0.536621940131051,0.999999971648974,0.822173754329895,"TGFB3/FBN1/ITGB5",3
"ECM-producing fibroblasts","MSigDB_Reactome","REACTOME_RHO_GTPASE_CYCLE","REACTOME_RHO_GTPASE_CYCLE","10/189","40/765",0.25,1.01190476190476,0.0442739271352081,0.545884559065005,0.999999971648974,0.822173754329895,"CKAP4/BASP1/ACTB/ARHGAP1/CAPZB/DBN1/RAC3/ACTN1/SH3PXD2A/TPM4",10
"ECM-producing fibroblasts","MSigDB_Reactome","REACTOME_INFECTION_WITH_ENTEROBACTERIA","REACTOME_INFECTION_WITH_ENTEROBACTERIA","3/189","12/765",0.25,1.01190476190476,0.0237946975276143,0.601645221272861,0.999999971648974,0.822173754329895,"COL5A1/FN1/COL5A2",3
"ECM-producing fibroblasts","MSigDB_Reactome","REACTOME_SEMAPHORIN_INTERACTIONS","REACTOME_SEMAPHORIN_INTERACTIONS","3/189","12/765",0.25,1.01190476190476,0.0237946975276143,0.601645221272861,0.999999971648974,0.822173754329895,"MYL9/MYL6/PLXNA3",3
"ECM-producing fibroblasts","MSigDB_Reactome","REACTOME_SIGNALING_BY_ALK_IN_CANCER","REACTOME_SIGNALING_BY_ALK_IN_CANCER","3/189","12/765",0.25,1.01190476190476,0.0237946975276143,0.601645221272861,0.999999971648974,0.822173754329895,"FN1/RRBP1/TPM4",3
"ECM-producing fibroblasts","MSigDB_Reactome","REACTOME_CELL_CELL_COMMUNICATION","REACTOME_CELL_CELL_COMMUNICATION","7/189","29/765",0.241379310344828,0.977011494252874,-0.0722498873832103,0.602022228813209,0.999999971648974,0.822173754329895,"FLNC/ACTB/ACTA2/FLNA/OST4/CADM1/ACTN1",7
"ECM-producing fibroblasts","MSigDB_Reactome","REACTOME_CELLULAR_RESPONSE_TO_CHEMICAL_STRESS","REACTOME_CELLULAR_RESPONSE_TO_CHEMICAL_STRESS","5/189","21/765",0.238095238095238,0.963718820861678,-0.0965096881830953,0.623302940459244,0.999999971648974,0.822173754329895,"CDKN2A/ATOX1/P4HB/GPX8/HM13",5
"ECM-producing fibroblasts","MSigDB_Reactome","REACTOME_INTERFERON_SIGNALING","REACTOME_INTERFERON_SIGNALING","8/189","34/765",0.235294117647059,0.952380952380952,-0.162602723303431,0.632063907637124,0.999999971648974,0.822173754329895,"ACTB/FLNA/TUBA1C/TUBB2B/TUBA1A/FNTB/TUBB2A/HLA-DRA",8
"ECM-producing fibroblasts","MSigDB_Reactome","REACTOME_SEPARATION_OF_SISTER_CHROMATIDS","REACTOME_SEPARATION_OF_SISTER_CHROMATIDS","4/189","17/765",0.235294117647059,0.952380952380952,-0.113663416693201,0.63877171453687,0.999999971648974,0.822173754329895,"TUBA1C/TUBB2B/TUBA1A/TUBB2A",4
"ECM-producing fibroblasts","MSigDB_Reactome","REACTOME_PLASMA_LIPOPROTEIN_ASSEMBLY_REMODELING_AND_CLEARANCE","REACTOME_PLASMA_LIPOPROTEIN_ASSEMBLY_REMODELING_AND_CLEARANCE","3/189","13/765",0.230769230769231,0.934065934065934,-0.137258406795893,0.660399325507772,0.999999971648974,0.822173754329895,"HDLBP/BMP1/P4HB",3
"ECM-producing fibroblasts","MSigDB_Reactome","REACTOME_ANTIGEN_PROCESSING_CROSS_PRESENTATION","REACTOME_ANTIGEN_PROCESSING_CROSS_PRESENTATION","5/189","23/765",0.217391304347826,0.87991718426501,-0.334741199354317,0.709380505657955,0.999999971648974,0.822173754329895,"MRC2/ITGB5/S100A9/S100A8/SEC61A1",5
"ECM-producing fibroblasts","MSigDB_Reactome","REACTOME_SIGNALING_BY_TGFB_FAMILY_MEMBERS","REACTOME_SIGNALING_BY_TGFB_FAMILY_MEMBERS","5/189","23/765",0.217391304347826,0.87991718426501,-0.334741199354317,0.709380505657955,0.999999971648974,0.822173754329895,"COL1A2/TGFB3/FBN1/ITGB5/FST",5
"ECM-producing fibroblasts","MSigDB_Reactome","REACTOME_METABOLISM_OF_NUCLEOTIDES","REACTOME_METABOLISM_OF_NUCLEOTIDES","3/189","14/765",0.214285714285714,0.86734693877551,-0.286766004667902,0.712661498979782,0.999999971648974,0.822173754329895,"AK1/IMPDH1/NME4",3
"ECM-producing fibroblasts","MSigDB_Reactome","REACTOME_CLATHRIN_MEDIATED_ENDOCYTOSIS","REACTOME_CLATHRIN_MEDIATED_ENDOCYTOSIS","2/189","10/765",0.2,0.80952380952381,-0.347083174092685,0.751132385356293,0.999999971648974,0.822173754329895,"ACTB/ARFGAP1",2
"ECM-producing fibroblasts","MSigDB_Reactome","REACTOME_CO_INHIBITION_BY_PD_1","REACTOME_CO_INHIBITION_BY_PD_1","2/189","10/765",0.2,0.80952380952381,-0.347083174092685,0.751132385356293,0.999999971648974,0.822173754329895,"OST4/HLA-DRA",2
"ECM-producing fibroblasts","MSigDB_Reactome","REACTOME_ION_CHANNEL_TRANSPORT","REACTOME_ION_CHANNEL_TRANSPORT","2/189","10/765",0.2,0.80952380952381,-0.347083174092685,0.751132385356293,0.999999971648974,0.822173754329895,"TTYH3/RYR2",2
"ECM-producing fibroblasts","MSigDB_Reactome","REACTOME_POTENTIAL_THERAPEUTICS_FOR_SARS","REACTOME_POTENTIAL_THERAPEUTICS_FOR_SARS","2/189","10/765",0.2,0.80952380952381,-0.347083174092685,0.751132385356293,0.999999971648974,0.822173754329895,"IMPDH1/FNTB",2
"ECM-producing fibroblasts","MSigDB_Reactome","REACTOME_CYTOKINE_SIGNALING_IN_IMMUNE_SYSTEM","REACTOME_CYTOKINE_SIGNALING_IN_IMMUNE_SYSTEM","17/189","77/765",0.220779220779221,0.893630179344465,-0.563424736339169,0.755878564487773,0.999999971648974,0.822173754329895,"COL1A2/FN1/MMP2/TNFRSF9/TNFRSF12A/ACTB/P4HB/FLNA/TUBA1C/TUBB2B/TUBA1A/SDC1/FNTB/TUBB2A/INPPL1/HLA-DRA/FSCN1",17
"ECM-producing fibroblasts","MSigDB_Reactome","REACTOME_BACTERIAL_INFECTION_PATHWAYS","REACTOME_BACTERIAL_INFECTION_PATHWAYS","3/189","15/765",0.2,0.80952380952381,-0.426502944778535,0.758532980578052,0.999999971648974,0.822173754329895,"COL5A1/FN1/COL5A2",3
"ECM-producing fibroblasts","MSigDB_Reactome","REACTOME_DENGUE_VIRUS_INFECTION","REACTOME_DENGUE_VIRUS_INFECTION","8/189","38/765",0.210526315789474,0.852130325814536,-0.535266481345115,0.762262580009263,0.999999971648974,0.822173754329895,"HDLBP/P4HA3/P4HA2/HSPG2/P4HB/RRBP1/OST4/SDC1",8
"ECM-producing fibroblasts","MSigDB_Reactome","REACTOME_ADHERENS_JUNCTIONS_INTERACTIONS","REACTOME_ADHERENS_JUNCTIONS_INTERACTIONS","4/189","20/765",0.2,0.80952380952381,-0.494133044476865,0.769292709851051,0.999999971648974,0.822173754329895,"ACTB/ACTA2/OST4/CADM1",4
"ECM-producing fibroblasts","MSigDB_Reactome","REACTOME_MITOTIC_METAPHASE_AND_ANAPHASE","REACTOME_MITOTIC_METAPHASE_AND_ANAPHASE","4/189","20/765",0.2,0.80952380952381,-0.494133044476865,0.769292709851051,0.999999971648974,0.822173754329895,"TUBA1C/TUBB2B/TUBA1A/TUBB2A",4
"ECM-producing fibroblasts","MSigDB_Reactome","REACTOME_DNA_REPAIR","REACTOME_DNA_REPAIR","3/189","16/765",0.1875,0.758928571428571,-0.55786763156222,0.798335312303319,0.999999971648974,0.822173754329895,"ACTB/RAD51B/EYA4",3
"ECM-producing fibroblasts","MSigDB_Reactome","REACTOME_REGULATION_OF_T_CELL_ACTIVATION_BY_CD28_FAMILY","REACTOME_REGULATION_OF_T_CELL_ACTIVATION_BY_CD28_FAMILY","2/189","11/765",0.181818181818182,0.735930735930736,-0.505004053913184,0.798801373184125,0.999999971648974,0.822173754329895,"OST4/HLA-DRA",2
"ECM-producing fibroblasts","MSigDB_Reactome","REACTOME_TRANSCRIPTIONAL_REGULATION_BY_RUNX2","REACTOME_TRANSCRIPTIONAL_REGULATION_BY_RUNX2","2/189","11/765",0.181818181818182,0.735930735930736,-0.505004053913184,0.798801373184125,0.999999971648974,0.822173754329895,"COL1A1/ITGBL1",2
"ECM-producing fibroblasts","MSigDB_Reactome","REACTOME_MAPK1_MAPK3_SIGNALING","REACTOME_MAPK1_MAPK3_SIGNALING","4/189","22/765",0.181818181818182,0.735930735930736,-0.719450847159811,0.833753826137957,0.999999971648974,0.822173754329895,"FN1/ACTB/GRIN2D/FNTB",4
"ECM-producing fibroblasts","MSigDB_Reactome","REACTOME_M_PHASE","REACTOME_M_PHASE","4/189","22/765",0.181818181818182,0.735930735930736,-0.719450847159811,0.833753826137957,0.999999971648974,0.822173754329895,"TUBA1C/TUBB2B/TUBA1A/TUBB2A",4
"ECM-producing fibroblasts","MSigDB_Reactome","REACTOME_PEPTIDE_HORMONE_METABOLISM","REACTOME_PEPTIDE_HORMONE_METABOLISM","2/189","12/765",0.166666666666667,0.674603174603175,-0.650388399088127,0.838232603566378,0.999999971648974,0.822173754329895,"P4HB/DPP4",2
"ECM-producing fibroblasts","MSigDB_Reactome","REACTOME_CLASS_I_MHC_MEDIATED_ANTIGEN_PROCESSING_PRESENTATION","REACTOME_CLASS_I_MHC_MEDIATED_ANTIGEN_PROCESSING_PRESENTATION","6/189","32/765",0.1875,0.758928571428571,-0.797508063765869,0.843519122720843,0.999999971648974,0.822173754329895,"MRC2/SEC24D/ITGB5/S100A9/S100A8/SEC61A1",6
"ECM-producing fibroblasts","MSigDB_Reactome","REACTOME_NEUTROPHIL_DEGRANULATION","REACTOME_NEUTROPHIL_DEGRANULATION","12/189","60/765",0.2,0.80952380952381,-0.879808397673044,0.850538333967612,0.999999971648974,0.822173754329895,"FTL/CKAP4/PRDX4/COTL1/TNFAIP6/PLAUR/PGM1/IMPDH1/VAT1/QSOX1/S100A9/S100A8",12
"ECM-producing fibroblasts","MSigDB_Reactome","REACTOME_CELL_CYCLE_MITOTIC","REACTOME_CELL_CYCLE_MITOTIC","5/189","28/765",0.178571428571429,0.722789115646258,-0.855503695182899,0.861634985602505,0.999999971648974,0.822173754329895,"CDKN2A/TUBA1C/TUBB2B/TUBA1A/TUBB2A",5
"ECM-producing fibroblasts","MSigDB_Reactome","REACTOME_MAPK_FAMILY_SIGNALING_CASCADES","REACTOME_MAPK_FAMILY_SIGNALING_CASCADES","5/189","28/765",0.178571428571429,0.722789115646258,-0.855503695182899,0.861634985602505,0.999999971648974,0.822173754329895,"FN1/MMP2/ACTB/GRIN2D/FNTB",5
"ECM-producing fibroblasts","MSigDB_Reactome","REACTOME_REGULATION_OF_HOMOTYPIC_CELL_CELL_ADHESION","REACTOME_REGULATION_OF_HOMOTYPIC_CELL_CELL_ADHESION","3/189","18/765",0.166666666666667,0.674603174603175,-0.799752493666094,0.861642687780787,0.999999971648974,0.822173754329895,"ACTB/ACTA2/OST4",3
"ECM-producing fibroblasts","MSigDB_Reactome","REACTOME_TRANSCRIPTIONAL_REGULATION_BY_RUNX1","REACTOME_TRANSCRIPTIONAL_REGULATION_BY_RUNX1","2/189","13/765",0.153846153846154,0.622710622710623,-0.785423105554277,0.870565926849761,0.999999971648974,0.822173754329895,"MYL9/THBS1",2
"ECM-producing fibroblasts","MSigDB_Reactome","REACTOME_SIGNALING_BY_NUCLEAR_RECEPTORS","REACTOME_SIGNALING_BY_NUCLEAR_RECEPTORS","4/189","24/765",0.166666666666667,0.674603174603175,-0.927205860850178,0.882541550419309,0.999999971648974,0.822173754329895,"ARL4C/MMP2/CRABP2/DHRS3",4
"ECM-producing fibroblasts","MSigDB_Reactome","REACTOME_APOPTOSIS","REACTOME_APOPTOSIS","3/189","19/765",0.157894736842105,0.639097744360902,-0.911933821151696,0.886241503611155,0.999999971648974,0.822173754329895,"CDKN2A/MAGED1/DAPK3",3
"ECM-producing fibroblasts","MSigDB_Reactome","REACTOME_CDC42_GTPASE_CYCLE","REACTOME_CDC42_GTPASE_CYCLE","2/189","14/765",0.142857142857143,0.578231292517007,-0.911768835354355,0.896883331494757,0.999999971648974,0.822173754329895,"ARHGAP1/SH3PXD2A",2
"ECM-producing fibroblasts","MSigDB_Reactome","REACTOME_CLASS_A_1_RHODOPSIN_LIKE_RECEPTORS","REACTOME_CLASS_A_1_RHODOPSIN_LIKE_RECEPTORS","2/189","14/765",0.142857142857143,0.578231292517007,-0.911768835354355,0.896883331494757,0.999999971648974,0.822173754329895,"DRD4/ACKR1",2
"ECM-producing fibroblasts","MSigDB_Reactome","REACTOME_SIGNALING_BY_NOTCH","REACTOME_SIGNALING_BY_NOTCH","2/189","14/765",0.142857142857143,0.578231292517007,-0.911768835354355,0.896883331494757,0.999999971648974,0.822173754329895,"MDK/ACTA2",2
"ECM-producing fibroblasts","MSigDB_Reactome","REACTOME_PROGRAMMED_CELL_DEATH","REACTOME_PROGRAMMED_CELL_DEATH","3/189","20/765",0.15,0.607142857142857,-1.01914940423353,0.906879526039408,0.999999971648974,0.822173754329895,"CDKN2A/MAGED1/DAPK3",3
"ECM-producing fibroblasts","MSigDB_Reactome","REACTOME_SIGNALING_BY_INTERLEUKINS","REACTOME_SIGNALING_BY_INTERLEUKINS","7/189","41/765",0.170731707317073,0.691056910569106,-1.16403883630796,0.916352604277981,0.999999971648974,0.822173754329895,"COL1A2/FN1/MMP2/P4HB/SDC1/INPPL1/FSCN1",7
"ECM-producing fibroblasts","MSigDB_Reactome","REACTOME_DENGUE_VIRUS_HOST_INTERACTIONS","REACTOME_DENGUE_VIRUS_HOST_INTERACTIONS","2/189","15/765",0.133333333333333,0.53968253968254,-1.03071544988146,0.918168000866558,0.999999971648974,0.822173754329895,"HSPG2/SDC1",2
"ECM-producing fibroblasts","MSigDB_Reactome","REACTOME_GPCR_LIGAND_BINDING","REACTOME_GPCR_LIGAND_BINDING","2/189","16/765",0.125,0.505952380952381,-1.14328428196702,0.935286956375593,0.999999971648974,0.822173754329895,"DRD4/ACKR1",2
"ECM-producing fibroblasts","MSigDB_Reactome","REACTOME_TRANSPORT_OF_SMALL_MOLECULES","REACTOME_TRANSPORT_OF_SMALL_MOLECULES","6/189","38/765",0.157894736842105,0.639097744360902,-1.30641310701181,0.939329971246948,0.999999971648974,0.822173754329895,"HDLBP/FTL/TTYH3/BMP1/P4HB/RYR2",6
"ECM-producing fibroblasts","MSigDB_Reactome","REACTOME_AMYLOID_FIBER_FORMATION","REACTOME_AMYLOID_FIBER_FORMATION","1/189","10/765",0.1,0.404761904761905,-1.08463491903964,0.942569012005299,0.999999971648974,0.822173754329895,"HSPG2",1
"ECM-producing fibroblasts","MSigDB_Reactome","REACTOME_CELLULAR_SENESCENCE","REACTOME_CELLULAR_SENESCENCE","1/189","10/765",0.1,0.404761904761905,-1.08463491903964,0.942569012005299,0.999999971648974,0.822173754329895,"CDKN2A",1
"ECM-producing fibroblasts","MSigDB_Reactome","REACTOME_COPII_MEDIATED_VESICLE_TRANSPORT","REACTOME_COPII_MEDIATED_VESICLE_TRANSPORT","1/189","10/765",0.1,0.404761904761905,-1.08463491903964,0.942569012005299,0.999999971648974,0.822173754329895,"SEC24D",1
"ECM-producing fibroblasts","MSigDB_Reactome","REACTOME_MAPK6_MAPK4_SIGNALING","REACTOME_MAPK6_MAPK4_SIGNALING","1/189","10/765",0.1,0.404761904761905,-1.08463491903964,0.942569012005299,0.999999971648974,0.822173754329895,"MMP2",1
"ECM-producing fibroblasts","MSigDB_Reactome","REACTOME_P75_NTR_RECEPTOR_MEDIATED_SIGNALLING","REACTOME_P75_NTR_RECEPTOR_MEDIATED_SIGNALLING","1/189","10/765",0.1,0.404761904761905,-1.08463491903964,0.942569012005299,0.999999971648974,0.822173754329895,"MAGED1",1
"ECM-producing fibroblasts","MSigDB_Reactome","REACTOME_PCP_CE_PATHWAY","REACTOME_PCP_CE_PATHWAY","1/189","10/765",0.1,0.404761904761905,-1.08463491903964,0.942569012005299,0.999999971648974,0.822173754329895,"RAC3",1
"ECM-producing fibroblasts","MSigDB_Reactome","REACTOME_PEPTIDE_LIGAND_BINDING_RECEPTORS","REACTOME_PEPTIDE_LIGAND_BINDING_RECEPTORS","1/189","10/765",0.1,0.404761904761905,-1.08463491903964,0.942569012005299,0.999999971648974,0.822173754329895,"ACKR1",1
"ECM-producing fibroblasts","MSigDB_Reactome","REACTOME_CELL_CYCLE","REACTOME_CELL_CYCLE","5/189","34/765",0.147058823529412,0.595238095238095,-1.38212314807916,0.950726465773778,0.999999971648974,0.822173754329895,"CDKN2A/TUBA1C/TUBB2B/TUBA1A/TUBB2A",5
"ECM-producing fibroblasts","MSigDB_Reactome","REACTOME_CELLULAR_RESPONSE_TO_HEAT_STRESS","REACTOME_CELLULAR_RESPONSE_TO_HEAT_STRESS","1/189","11/765",0.0909090909090909,0.367965367965368,-1.20869822739877,0.956945775887416,0.999999971648974,0.822173754329895,"SERPINH1",1
"ECM-producing fibroblasts","MSigDB_Reactome","REACTOME_METABOLISM_OF_LIPIDS","REACTOME_METABOLISM_OF_LIPIDS","4/189","30/765",0.133333333333333,0.53968253968254,-1.4724506426878,0.962412974826415,0.999999971648974,0.822173754329895,"B4GALNT1/SEC24D/MED8/INPPL1",4
"ECM-producing fibroblasts","MSigDB_Reactome","REACTOME_CELL_CYCLE_CHECKPOINTS","REACTOME_CELL_CYCLE_CHECKPOINTS","1/189","12/765",0.0833333333333333,0.337301587301587,-1.32457149570387,0.967737882462056,0.999999971648974,0.822173754329895,"CDKN2A",1
"ECM-producing fibroblasts","MSigDB_Reactome","REACTOME_DEATH_RECEPTOR_SIGNALING","REACTOME_DEATH_RECEPTOR_SIGNALING","1/189","12/765",0.0833333333333333,0.337301587301587,-1.32457149570387,0.967737882462056,0.999999971648974,0.822173754329895,"MAGED1",1
"ECM-producing fibroblasts","MSigDB_Reactome","REACTOME_LEISHMANIA_INFECTION","REACTOME_LEISHMANIA_INFECTION","1/189","12/765",0.0833333333333333,0.337301587301587,-1.32457149570387,0.967737882462056,0.999999971648974,0.822173754329895,"ACTB",1
"ECM-producing fibroblasts","MSigDB_Reactome","REACTOME_SARS_COV_2_ACTIVATES_MODULATES_INNATE_AND_ADAPTIVE_IMMUNE_RESPONSES","REACTOME_SARS_COV_2_ACTIVATES_MODULATES_INNATE_AND_ADAPTIVE_IMMUNE_RESPONSES","1/189","12/765",0.0833333333333333,0.337301587301587,-1.32457149570387,0.967737882462056,0.999999971648974,0.822173754329895,"SEC24D",1
"ECM-producing fibroblasts","MSigDB_Reactome","REACTOME_BETA_CATENIN_INDEPENDENT_WNT_SIGNALING","REACTOME_BETA_CATENIN_INDEPENDENT_WNT_SIGNALING","1/189","13/765",0.0769230769230769,0.311355311355311,-1.43358780431266,0.975835545429747,0.999999971648974,0.822173754329895,"RAC3",1
"ECM-producing fibroblasts","MSigDB_Reactome","REACTOME_RAC1_GTPASE_CYCLE","REACTOME_RAC1_GTPASE_CYCLE","1/189","13/765",0.0769230769230769,0.311355311355311,-1.43358780431266,0.975835545429747,0.999999971648974,0.822173754329895,"ARHGAP1",1
"ECM-producing fibroblasts","MSigDB_Reactome","REACTOME_RNA_POLYMERASE_II_TRANSCRIPTION","REACTOME_RNA_POLYMERASE_II_TRANSCRIPTION","9/189","60/765",0.15,0.607142857142857,-1.81460482020065,0.980136536805984,0.999999971648974,0.822173754329895,"COL1A1/COL1A2/CDKN2A/MYL9/THBS1/ITGBL1/MAGED1/TP53I3/MED8",9
"ECM-producing fibroblasts","MSigDB_Reactome","REACTOME_CELLULAR_RESPONSES_TO_STIMULI","REACTOME_CELLULAR_RESPONSES_TO_STIMULI","21/189","118/765",0.177966101694915,0.720338983050847,-1.89098087087693,0.980206772534069,0.999999971648974,0.822173754329895,"FN1/CREB3L1/SERPINH1/CDKN2A/ATOX1/HSPG2/P4HB/KDELR3/ARFGAP1/CAPZB/TUBA1C/YIF1A/FKBP14/TUBB2B/TUBA1A/MYDGF/GPX8/TUBB2A/HM13/XBP1/GCN1",21
"ECM-producing fibroblasts","MSigDB_Reactome","REACTOME_SIGNALING_BY_WNT","REACTOME_SIGNALING_BY_WNT","2/189","21/765",0.0952380952380952,0.385487528344671,-1.63463284360117,0.980832113790941,0.999999971648974,0.822173754329895,"SFRP2/RAC3",2
"ECM-producing fibroblasts","MSigDB_Reactome","REACTOME_INNATE_IMMUNE_SYSTEM","REACTOME_INNATE_IMMUNE_SYSTEM","15/189","90/765",0.166666666666667,0.674603174603175,-1.88126085810175,0.981086244097813,0.999999971648974,0.822173754329895,"PLPP4/FTL/CKAP4/ACTB/ATOX1/PRDX4/COTL1/TNFAIP6/PLAUR/PGM1/IMPDH1/VAT1/QSOX1/S100A9/S100A8",15
"ECM-producing fibroblasts","MSigDB_Reactome","REACTOME_RHOA_GTPASE_CYCLE","REACTOME_RHOA_GTPASE_CYCLE","1/189","14/765",0.0714285714285714,0.289115646258503,-1.53677166604081,0.981908792655515,0.999999971648974,0.822173754329895,"ARHGAP1",1
"ECM-producing fibroblasts","MSigDB_Reactome","REACTOME_TCF_DEPENDENT_SIGNALING_IN_RESPONSE_TO_WNT","REACTOME_TCF_DEPENDENT_SIGNALING_IN_RESPONSE_TO_WNT","1/189","14/765",0.0714285714285714,0.289115646258503,-1.53677166604081,0.981908792655515,0.999999971648974,0.822173754329895,"SFRP2",1
"ECM-producing fibroblasts","MSigDB_Reactome","REACTOME_SIGNALING_BY_GPCR","REACTOME_SIGNALING_BY_GPCR","3/189","28/765",0.107142857142857,0.433673469387755,-1.74774681285831,0.98347349292719,0.999999971648974,0.822173754329895,"FN1/DRD4/ACKR1",3
"ECM-producing fibroblasts","MSigDB_Reactome","REACTOME_ESR_MEDIATED_SIGNALING","REACTOME_ESR_MEDIATED_SIGNALING","1/189","15/765",0.0666666666666667,0.26984126984127,-1.63492795498438,0.986461706354727,0.999999971648974,0.822173754329895,"MMP2",1
"ECM-producing fibroblasts","MSigDB_Reactome","REACTOME_SARS_COV_INFECTIONS","REACTOME_SARS_COV_INFECTIONS","7/189","52/765",0.134615384615385,0.544871794871795,-1.94606345401651,0.987162794169985,0.999999971648974,0.822173754329895,"HSPG2/PPIB/OST4/SEC24D/IMPDH1/SDC1/FNTB",7
"ECM-producing fibroblasts","MSigDB_Reactome","REACTOME_NERVOUS_SYSTEM_DEVELOPMENT","REACTOME_NERVOUS_SYSTEM_DEVELOPMENT","19/189","114/765",0.166666666666667,0.674603174603175,-2.15596438654651,0.990555911339047,0.999999971648974,0.822173754329895,"COL5A1/COL3A1/COL5A2/MMP2/PDLIM7/COL6A2/EPHB3/ENAH/ACTB/MYL9/COL6A1/ITGA10/EVL/TUBA1C/TUBB2B/MYL6/TUBA1A/PLXNA3/TUBB2A",19
"ECM-producing fibroblasts","MSigDB_Reactome","REACTOME_TRANSCRIPTIONAL_REGULATION_BY_TP53","REACTOME_TRANSCRIPTIONAL_REGULATION_BY_TP53","2/189","25/765",0.08,0.323809523809524,-1.96783886548538,0.993047171112498,0.999999971648974,0.822173754329895,"CDKN2A/TP53I3",2
"ECM-producing fibroblasts","MSigDB_Reactome","REACTOME_DISEASES_OF_SIGNAL_TRANSDUCTION_BY_GROWTH_FACTOR_RECEPTORS_AND_SECOND_MESSENGERS","REACTOME_DISEASES_OF_SIGNAL_TRANSDUCTION_BY_GROWTH_FACTOR_RECEPTORS_AND_SECOND_MESSENGERS","4/189","39/765",0.102564102564103,0.415140415140415,-2.14625808653978,0.994465151403033,0.999999971648974,0.822173754329895,"FN1/ACTB/RRBP1/TPM4",4
"ECM-producing fibroblasts","MSigDB_Reactome","REACTOME_SARS_COV_2_INFECTION","REACTOME_SARS_COV_2_INFECTION","4/189","39/765",0.102564102564103,0.415140415140415,-2.14625808653978,0.994465151403033,0.999999971648974,0.822173754329895,"HSPG2/OST4/SEC24D/SDC1",4
"ECM-producing fibroblasts","MSigDB_Reactome","REACTOME_AEROBIC_RESPIRATION_AND_RESPIRATORY_ELECTRON_TRANSPORT","REACTOME_AEROBIC_RESPIRATION_AND_RESPIRATORY_ELECTRON_TRANSPORT","1/189","22/765",0.0454545454545455,0.183982683982684,-2.22322106048565,0.998243086102777,0.999999971648974,0.822173754329895,"IDH2",1
"ECM-producing fibroblasts","MSigDB_Reactome","REACTOME_VIRAL_INFECTION_PATHWAYS","REACTOME_VIRAL_INFECTION_PATHWAYS","18/189","123/765",0.146341463414634,0.592334494773519,-2.82523999972431,0.998941297293584,0.999999971648974,0.822173754329895,"HDLBP/P4HA3/P4HA2/HSPG2/P4HB/RRBP1/PPIB/OST4/TUBA1C/SEC24D/SNF8/TUBB2B/TUBA1A/IMPDH1/SDC1/MED8/FNTB/TUBB2A",18
"ECM-producing fibroblasts","MSigDB_Reactome","REACTOME_SARS_COV_1_HOST_INTERACTIONS","REACTOME_SARS_COV_1_HOST_INTERACTIONS","1/189","24/765",0.0416666666666667,0.168650793650794,-2.36889790058673,0.999023678945302,0.999999971648974,0.822173754329895,"PPIB",1
"ECM-producing fibroblasts","MSigDB_Reactome","REACTOME_INFECTIOUS_DISEASE","REACTOME_INFECTIOUS_DISEASE","22/189","145/765",0.151724137931034,0.614121510673235,-2.95464335164147,0.999278954744821,0.999999971648974,0.822173754329895,"COL5A1/FN1/COL5A2/HDLBP/P4HA3/P4HA2/ACTB/HSPG2/P4HB/RRBP1/PPIB/OST4/TUBA1C/SEC24D/SNF8/TUBB2B/TUBA1A/IMPDH1/SDC1/MED8/FNTB/TUBB2A",22
"ECM-producing fibroblasts","MSigDB_Reactome","REACTOME_SARS_COV_1_INFECTION","REACTOME_SARS_COV_1_INFECTION","1/189","26/765",0.0384615384615385,0.155677655677656,-2.50748923457227,0.999458456429536,0.999999971648974,0.822173754329895,"PPIB",1
"ECM-producing fibroblasts","MSigDB_Reactome","REACTOME_SARS_COV_2_HOST_INTERACTIONS","REACTOME_SARS_COV_2_HOST_INTERACTIONS","1/189","29/765",0.0344827586206897,0.139573070607553,-2.70421007062872,0.999777063741409,0.999999971648974,0.822173754329895,"SEC24D",1
"ECM-producing fibroblasts","MSigDB_Reactome","REACTOME_SRP_DEPENDENT_COTRANSLATIONAL_PROTEIN_TARGETING_TO_MEMBRANE","REACTOME_SRP_DEPENDENT_COTRANSLATIONAL_PROTEIN_TARGETING_TO_MEMBRANE","3/189","60/765",0.05,0.202380952380952,-3.68419766525587,0.999995367441038,0.999999971648974,0.822173754329895,"SSR4/SEC61A1/SSR3",3
"ECM-producing fibroblasts","MSigDB_Reactome","REACTOME_TRANSLATION","REACTOME_TRANSLATION","3/189","71/765",0.0422535211267606,0.17102615694165,-4.19813699089611,0.999999790451883,0.999999971648974,0.822173754329895,"SSR4/SEC61A1/SSR3",3
"ECM-producing fibroblasts","MSigDB_Reactome","REACTOME_SIGNALING_BY_ROBO_RECEPTORS","REACTOME_SIGNALING_BY_ROBO_RECEPTORS","2/189","63/765",0.0317460317460317,0.128495842781557,-4.13368635639955,0.999999829988875,0.999999971648974,0.822173754329895,"ENAH/EVL",2
"ECM-producing fibroblasts","MSigDB_Reactome","REACTOME_RESPONSE_OF_EIF2AK4_GCN2_TO_AMINO_ACID_DEFICIENCY","REACTOME_RESPONSE_OF_EIF2AK4_GCN2_TO_AMINO_ACID_DEFICIENCY","1/189","54/765",0.0185185185185185,0.0749559082892416,-4.03636891437448,0.999999884358617,0.999999971648974,0.822173754329895,"GCN1",1
"ECM-producing fibroblasts","MSigDB_Reactome","REACTOME_CELLULAR_RESPONSE_TO_STARVATION","REACTOME_CELLULAR_RESPONSE_TO_STARVATION","1/189","57/765",0.0175438596491228,0.0710108604845447,-4.17347460758279,0.999999954306896,0.999999971648974,0.822173754329895,"GCN1",1
"ECM-producing fibroblasts","MSigDB_Reactome","REACTOME_METABOLISM_OF_AMINO_ACIDS_AND_DERIVATIVES","REACTOME_METABOLISM_OF_AMINO_ACIDS_AND_DERIVATIVES","2/189","68/765",0.0294117647058824,0.119047619047619,-4.35669182372614,0.99999996171616,0.999999971648974,0.822173754329895,"PYCR1/ALDH18A1",2
"ECM-producing fibroblasts","MSigDB_Reactome","REACTOME_METABOLISM_OF_RNA","REACTOME_METABOLISM_OF_RNA","2/189","69/765",0.0289855072463768,0.117322291235335,-4.40036218872028,0.999999971648974,0.999999971648974,0.822173754329895,"XPOT/FASTK",2
"Homeostatic/regulatory fibroblasts","MSigDB_Hallmark","HALLMARK_TNFA_SIGNALING_VIA_NFKB","HALLMARK_TNFA_SIGNALING_VIA_NFKB","13/89","24/472",0.541666666666667,2.87265917602996,4.53452109620675,7.06052227036842e-05,0.00197694623570316,0.00178371088935623,"JUNB/EIF1/INHBA/PHLDA1/IER2/JUN/TSC22D1/IRS2/BTG1/IER3/RHOB/PER1/NR4A1",13
"Homeostatic/regulatory fibroblasts","MSigDB_Hallmark","HALLMARK_MYC_TARGETS_V1","HALLMARK_MYC_TARGETS_V1","11/89","20/472",0.55,2.91685393258427,4.21833309770271,0.00023230887033993,0.00325232418475903,0.0029344278358728,"RPL34/RPL22/RPL6/RPS6/HNRNPA1/HSP90AB1/RPL14/RPL18/RPS5/NAP1L1/RPS3",11
"Homeostatic/regulatory fibroblasts","MSigDB_Hallmark","HALLMARK_P53_PATHWAY","HALLMARK_P53_PATHWAY","10/89","23/472",0.434782608695652,2.30581338544211,3.0919177573873,0.00469413074254946,0.0438118869304617,0.0395295220425218,"INHBB/CEBPA/CD81/JUN/TSC22D1/FOXO3/BTG1/RPL18/IER3/F2R",10
"Homeostatic/regulatory fibroblasts","MSigDB_Hallmark","HALLMARK_KRAS_SIGNALING_DN","HALLMARK_KRAS_SIGNALING_DN","5/89","10/472",0.5,2.65168539325843,2.54221578052229,0.0244491007482813,0.171143705237969,0.15441537314704,"IGFBP2/EFHD1/DCC/TGFB2/PTGFR",5
"Homeostatic/regulatory fibroblasts","MSigDB_Hallmark","HALLMARK_ALLOGRAFT_REJECTION","HALLMARK_ALLOGRAFT_REJECTION","8/89","24/472",0.333333333333333,1.76779026217228,1.85915364944477,0.0619227777006544,0.280206128434251,0.25281755948955,"INHBB/INHBA/RPL9/RPS3A/TGFB2/RPS9/HDAC9/F2R",8
"Homeostatic/regulatory fibroblasts","MSigDB_Hallmark","HALLMARK_KRAS_SIGNALING_UP","HALLMARK_KRAS_SIGNALING_UP","10/89","33/472",0.303030303030303,1.60708205652026,1.74131834894257,0.0703770403786737,0.280206128434251,0.25281755948955,"IGFBP3/GADD45G/PRDM1/INHBA/PCSK1N/CPE/PRRX1/APOD/HDAC9/RABGAP1L",10
"Homeostatic/regulatory fibroblasts","MSigDB_Hallmark","HALLMARK_APOPTOSIS","HALLMARK_APOPTOSIS","8/89","25/472",0.32,1.69707865168539,1.7246623996599,0.0771976356146742,0.280206128434251,0.25281755948955,"TIMP3/AVPR1A/JUN/TGFB2/IER3/GSN/RHOB/F2R",8
"Homeostatic/regulatory fibroblasts","MSigDB_Hallmark","HALLMARK_UV_RESPONSE_UP","HALLMARK_UV_RESPONSE_UP","6/89","17/472",0.352941176470588,1.87177792465301,1.76291226710474,0.0800588938383575,0.280206128434251,0.25281755948955,"NTRK3/JUNB/IGFBP2/BTG1/RHOB/NR4A1",6
"Homeostatic/regulatory fibroblasts","MSigDB_Hallmark","HALLMARK_MITOTIC_SPINDLE","HALLMARK_MITOTIC_SPINDLE","5/89","15/472",0.333333333333333,1.76779026217228,1.45524527911322,0.132566609364901,0.412429451357471,0.372116798217267,"ARHGAP10/GSN/OPHN1/FGD4/AKAP13",5
"Homeostatic/regulatory fibroblasts","MSigDB_Hallmark","HALLMARK_IL2_STAT5_SIGNALING","HALLMARK_IL2_STAT5_SIGNALING","6/89","24/472",0.25,1.32584269662921,0.789006670739974,0.288485622717064,0.807759743607779,0.728805783706267,"BCL2/PTCH1/CD81/PHLDA1/RHOB/RABGAP1L",6
"Homeostatic/regulatory fibroblasts","MSigDB_Hallmark","HALLMARK_HYPOXIA","HALLMARK_HYPOXIA","7/89","34/472",0.205882352941176,1.09187045604759,0.267783827904717,0.467482880380333,0.995145475297715,0.897875616809969,"BCL2/IGFBP3/JUN/FOXO3/IRS2/BTG1/IER3",7
"Homeostatic/regulatory fibroblasts","MSigDB_Hallmark","HALLMARK_HEME_METABOLISM","HALLMARK_HEME_METABOLISM","2/89","10/472",0.2,1.06067415730337,0.0933875184681658,0.591045421661243,0.995145475297715,0.897875616809969,"FOXO3/TNRC6B",2
"Homeostatic/regulatory fibroblasts","MSigDB_Hallmark","HALLMARK_ESTROGEN_RESPONSE_EARLY","HALLMARK_ESTROGEN_RESPONSE_EARLY","3/89","16/472",0.1875,0.99438202247191,-0.0110093996587072,0.607944893849917,0.995145475297715,0.897875616809969,"BCL2/INHBB/KAZN",3
"Homeostatic/regulatory fibroblasts","MSigDB_Hallmark","HALLMARK_ESTROGEN_RESPONSE_LATE","HALLMARK_ESTROGEN_RESPONSE_LATE","4/89","22/472",0.181818181818182,0.964249233912155,-0.0826982855220874,0.622469870833263,0.995145475297715,0.897875616809969,"BCL2/PRLR/CXCL14/CPE",4
"Homeostatic/regulatory fibroblasts","MSigDB_Hallmark","HALLMARK_FATTY_ACID_METABOLISM","HALLMARK_FATTY_ACID_METABOLISM","2/89","11/472",0.181818181818182,0.964249233912155,-0.0577746472249289,0.645893157454115,0.995145475297715,0.897875616809969,"PTPRG/XIST",2
"Homeostatic/regulatory fibroblasts","MSigDB_Hallmark","HALLMARK_MYOGENESIS","HALLMARK_MYOGENESIS","6/89","34/472",0.176470588235294,0.935888962326504,-0.186870728825594,0.64753518203106,0.995145475297715,0.897875616809969,"IGFBP3/LAMA2/SORBS1/GSN/NCAM1/APOD",6
"Homeostatic/regulatory fibroblasts","MSigDB_Hallmark","HALLMARK_UV_RESPONSE_DN","HALLMARK_UV_RESPONSE_DN","3/89","17/472",0.176470588235294,0.935888962326504,-0.129645557171463,0.65185254921811,0.995145475297715,0.897875616809969,"RND3/PTGFR/SYNE1",3
"Homeostatic/regulatory fibroblasts","MSigDB_Hallmark","HALLMARK_GLYCOLYSIS","HALLMARK_GLYCOLYSIS","4/89","31/472",0.129032258064516,0.684305907937659,-0.875657106543106,0.87061822799734,0.995145475297715,0.897875616809969,"IGFBP3/IRS2/IER3/TPST1",4
"Homeostatic/regulatory fibroblasts","MSigDB_Hallmark","HALLMARK_PEROXISOME","HALLMARK_PEROXISOME","1/89","11/472",0.0909090909090909,0.482124616956078,-0.836907032658254,0.902306322285787,0.995145475297715,0.897875616809969,"CRABP1",1
"Homeostatic/regulatory fibroblasts","MSigDB_Hallmark","HALLMARK_XENOBIOTIC_METABOLISM","HALLMARK_XENOBIOTIC_METABOLISM","2/89","23/472",0.0869565217391304,0.461162677088422,-1.27586430467572,0.952030920127243,0.995145475297715,0.897875616809969,"TGFB2/TPST1",2
"Homeostatic/regulatory fibroblasts","MSigDB_Hallmark","HALLMARK_INTERFERON_GAMMA_RESPONSE","HALLMARK_INTERFERON_GAMMA_RESPONSE","3/89","37/472",0.0810810810810811,0.43000303674461,-1.73914120714133,0.983358552474637,0.995145475297715,0.897875616809969,"ARID5B/BTG1/AUTS2",3
"Homeostatic/regulatory fibroblasts","MSigDB_Hallmark","HALLMARK_COMPLEMENT","HALLMARK_COMPLEMENT","2/89","29/472",0.0689655172413793,0.365749709414955,-1.6977114613348,0.984330446167497,0.995145475297715,0.897875616809969,"CBLB/HSPA1A",2
"Homeostatic/regulatory fibroblasts","MSigDB_Hallmark","HALLMARK_INFLAMMATORY_RESPONSE","HALLMARK_INFLAMMATORY_RESPONSE","1/89","20/472",0.05,0.265168539325843,-1.61711010896692,0.986093520486052,0.995145475297715,0.897875616809969,"INHBA",1
"Homeostatic/regulatory fibroblasts","MSigDB_Hallmark","HALLMARK_EPITHELIAL_MESENCHYMAL_TRANSITION","HALLMARK_EPITHELIAL_MESENCHYMAL_TRANSITION","12/89","101/472",0.118811881188119,0.630103459784181,-2.01911042533323,0.987648734493684,0.995145475297715,0.897875616809969,"TIMP3/IGFBP3/SERPINE2/IGFBP2/VIM/INHBA/LAMA3/JUN/WNT5A/LAMA2/RHOB/PRRX1",12
"Homeostatic/regulatory fibroblasts","MSigDB_Hallmark","HALLMARK_UNFOLDED_PROTEIN_RESPONSE","HALLMARK_UNFOLDED_PROTEIN_RESPONSE","1/89","21/472",0.0476190476190476,0.252541466024612,-1.68738642567475,0.988831743222206,0.995145475297715,0.897875616809969,"RPS14",1
"Homeostatic/regulatory fibroblasts","MSigDB_Hallmark","HALLMARK_COAGULATION","HALLMARK_COAGULATION","2/89","31/472",0.0645161290322581,0.342152953968829,-1.8247045331524,0.989340280241782,0.995145475297715,0.897875616809969,"TIMP3/GSN",2
"Homeostatic/regulatory fibroblasts","MSigDB_Hallmark","HALLMARK_ADIPOGENESIS","HALLMARK_ADIPOGENESIS","1/89","24/472",0.0416666666666667,0.220973782771536,-1.88636077602201,0.994234084584178,0.995145475297715,0.897875616809969,"SORBS1",1
"Homeostatic/regulatory fibroblasts","MSigDB_Hallmark","HALLMARK_APICAL_JUNCTION","HALLMARK_APICAL_JUNCTION","2/89","35/472",0.0571428571428571,0.303049759229535,-2.06348419143664,0.995145475297715,0.995145475297715,0.897875616809969,"LAMA3/CADM3",2
"Homeostatic/regulatory fibroblasts","MSigDB_KEGG_Legacy","KEGG_RIBOSOME","KEGG_RIBOSOME","42/115","52/432",0.807692307692308,3.03411371237458,9.40899039391746,2.14800098684613e-18,6.65880305922299e-17,6.10484490998373e-17,"RPL34/RPL35A/RPS27A/RPL5/RPS13/RPL11/RPL22/RPL6/RPL26/RPL13/RPL12/FAU/RPL19/RPL4/RPS23/RPL9/RPS4X/RPS6/RPL24/RPL38/RPL30/RPL7/RPS3A/RPL14/RPL13A/RPL3/RPL37A/RPL10A/RPL18/RPL32/RPL23/RPS5/RPS8/RPL21/RPS27/RPS20/RPS9/RPS21/RPL37/RPS16/RPS3/RPL36A",42
"Homeostatic/regulatory fibroblasts","MSigDB_KEGG_Legacy","KEGG_PATHWAYS_IN_CANCER","KEGG_PATHWAYS_IN_CANCER","19/115","35/432",0.542857142857143,2.03925465838509,3.85850149466737,0.000264870585198994,0.0041054940705844,0.00376395042124886,"LAMC3/BCL2/PTCH1/BMP4/FGFR1/RUNX1T1/CBLB/CEBPA/DCC/TCF7L2/LAMA3/JUN/HSP90AB1/WNT5A/TGFB2/GLI2/LAMA2/PIK3R1/DAPK1",19
"Homeostatic/regulatory fibroblasts","MSigDB_KEGG_Legacy","KEGG_MAPK_SIGNALING_PATHWAY","KEGG_MAPK_SIGNALING_PATHWAY","10/115","21/432",0.476190476190476,1.7888198757764,2.22958742107147,0.0282070049025827,0.245904621314332,0.22544736079752,"GADD45G/FGFR1/JUN/HSPA1B/TGFB2/CACNA1D/HSPA1A/NTRK2/CACNA2D3/NR4A1",10
"Homeostatic/regulatory fibroblasts","MSigDB_KEGG_Legacy","KEGG_WNT_SIGNALING_PATHWAY","KEGG_WNT_SIGNALING_PATHWAY","7/115","13/432",0.538461538461538,2.02274247491639,2.25262490609378,0.0317296285566881,0.245904621314332,0.22544736079752,"DAAM2/WIF1/DKK2/NKD1/TCF7L2/JUN/WNT5A",7
"Homeostatic/regulatory fibroblasts","MSigDB_KEGG_Legacy","KEGG_NEUROTROPHIN_SIGNALING_PATHWAY","KEGG_NEUROTROPHIN_SIGNALING_PATHWAY","7/115","15/432",0.466666666666667,1.75304347826087,1.78589358739179,0.0728450300858141,0.451639186532047,0.414066486803575,"BCL2/NTRK3/JUN/FOXO3/IRS2/PIK3R1/NTRK2",7
"Homeostatic/regulatory fibroblasts","MSigDB_KEGG_Legacy","KEGG_PROSTATE_CANCER","KEGG_PROSTATE_CANCER","5/115","10/432",0.5,1.87826086956522,1.69053914750729,0.0959648983679647,0.495818641567818,0.454570571216675,"BCL2/FGFR1/TCF7L2/HSP90AB1/PIK3R1",5
"Homeostatic/regulatory fibroblasts","MSigDB_KEGG_Legacy","KEGG_INSULIN_SIGNALING_PATHWAY","KEGG_INSULIN_SIGNALING_PATHWAY","5/115","11/432",0.454545454545455,1.70750988142292,1.43003191036884,0.13947111287158,0.617657785574141,0.566273691358295,"CBLB/RPS6/IRS2/SORBS1/PIK3R1",5
"Homeostatic/regulatory fibroblasts","MSigDB_KEGG_Legacy","KEGG_VASCULAR_SMOOTH_MUSCLE_CONTRACTION","KEGG_VASCULAR_SMOOTH_MUSCLE_CONTRACTION","4/115","10/432",0.4,1.50260869565217,0.96745705669229,0.261366903057386,0.99759351385965,0.914601863300868,"PRKG1/AVPR1A/CACNA1D/EDNRA",4
"Homeostatic/regulatory fibroblasts","MSigDB_KEGG_Legacy","KEGG_ARRHYTHMOGENIC_RIGHT_VENTRICULAR_CARDIOMYOPATHY_ARVC","KEGG_ARRHYTHMOGENIC_RIGHT_VENTRICULAR_CARDIOMYOPATHY_ARVC","5/115","14/432",0.357142857142857,1.3416149068323,0.781754904505614,0.305452416326769,0.99759351385965,0.914601863300868,"TCF7L2/ITGA8/CACNA1D/LAMA2/CACNA2D3",5
"Homeostatic/regulatory fibroblasts","MSigDB_KEGG_Legacy","KEGG_DILATED_CARDIOMYOPATHY","KEGG_DILATED_CARDIOMYOPATHY","5/115","16/432",0.3125,1.17391304347826,0.426484650765231,0.428580449696613,0.99759351385965,0.914601863300868,"ITGA8/TGFB2/CACNA1D/LAMA2/CACNA2D3",5
"Homeostatic/regulatory fibroblasts","MSigDB_KEGG_Legacy","KEGG_TGF_BETA_SIGNALING_PATHWAY","KEGG_TGF_BETA_SIGNALING_PATHWAY","5/115","16/432",0.3125,1.17391304347826,0.426484650765231,0.428580449696613,0.99759351385965,0.914601863300868,"BMP4/BMP7/INHBB/INHBA/TGFB2",5
"Homeostatic/regulatory fibroblasts","MSigDB_KEGG_Legacy","KEGG_CELL_ADHESION_MOLECULES_CAMS","KEGG_CELL_ADHESION_MOLECULES_CAMS","5/115","17/432",0.294117647058824,1.10485933503836,0.265378317177787,0.489078780764336,0.99759351385965,0.914601863300868,"NLGN1/ITGA8/CADM3/NCAM1/NRXN3",5
"Homeostatic/regulatory fibroblasts","MSigDB_KEGG_Legacy","KEGG_HYPERTROPHIC_CARDIOMYOPATHY_HCM","KEGG_HYPERTROPHIC_CARDIOMYOPATHY_HCM","5/115","17/432",0.294117647058824,1.10485933503836,0.265378317177787,0.489078780764336,0.99759351385965,0.914601863300868,"ITGA8/TGFB2/CACNA1D/LAMA2/CACNA2D3",5
"Homeostatic/regulatory fibroblasts","MSigDB_KEGG_Legacy","KEGG_CHEMOKINE_SIGNALING_PATHWAY","KEGG_CHEMOKINE_SIGNALING_PATHWAY","3/115","11/432",0.272727272727273,1.02450592885375,0.0495318315323285,0.596113888095703,0.99759351385965,0.914601863300868,"CXCL14/FOXO3/PIK3R1",3
"Homeostatic/regulatory fibroblasts","MSigDB_KEGG_Legacy","KEGG_CYTOKINE_CYTOKINE_RECEPTOR_INTERACTION","KEGG_CYTOKINE_CYTOKINE_RECEPTOR_INTERACTION","6/115","24/432",0.25,0.939130434782609,-0.1846008358471,0.652800126589317,0.99759351385965,0.914601863300868,"PRLR/BMP7/INHBB/CXCL14/INHBA/TGFB2",6
"Homeostatic/regulatory fibroblasts","MSigDB_KEGG_Legacy","KEGG_AXON_GUIDANCE","KEGG_AXON_GUIDANCE","4/115","18/432",0.222222222222222,0.834782608695652,-0.430774281505139,0.751958956783442,0.99759351385965,0.914601863300868,"SEMA3G/ROBO2/DCC/NTNG1",4
"Homeostatic/regulatory fibroblasts","MSigDB_KEGG_Legacy","KEGG_ANTIGEN_PROCESSING_AND_PRESENTATION","KEGG_ANTIGEN_PROCESSING_AND_PRESENTATION","3/115","14/432",0.214285714285714,0.804968944099379,-0.446310981845023,0.767464537391798,0.99759351385965,0.914601863300868,"HSPA1B/HSP90AB1/HSPA1A",3
"Homeostatic/regulatory fibroblasts","MSigDB_KEGG_Legacy","KEGG_ENDOCYTOSIS","KEGG_ENDOCYTOSIS","4/115","19/432",0.210526315789474,0.790846681922197,-0.560950394209568,0.79191723807153,0.99759351385965,0.914601863300868,"CBLB/HSPA1B/HSPA1A/F2R",4
"Homeostatic/regulatory fibroblasts","MSigDB_KEGG_Legacy","KEGG_REGULATION_OF_ACTIN_CYTOSKELETON","KEGG_REGULATION_OF_ACTIN_CYTOSKELETON","5/115","24/432",0.208333333333333,0.782608695652174,-0.65928869945393,0.813434709521562,0.99759351385965,0.914601863300868,"FGFR1/ITGA8/GSN/PIK3R1/F2R",5
"Homeostatic/regulatory fibroblasts","MSigDB_KEGG_Legacy","KEGG_CARDIAC_MUSCLE_CONTRACTION","KEGG_CARDIAC_MUSCLE_CONTRACTION","2/115","12/432",0.166666666666667,0.626086956521739,-0.790304613509582,0.873101936666534,0.99759351385965,0.914601863300868,"CACNA1D/CACNA2D3",2
"Homeostatic/regulatory fibroblasts","MSigDB_KEGG_Legacy","KEGG_P53_SIGNALING_PATHWAY","KEGG_P53_SIGNALING_PATHWAY","2/115","13/432",0.153846153846154,0.577926421404682,-0.929631337962834,0.901294338129028,0.99759351385965,0.914601863300868,"IGFBP3/GADD45G",2
"Homeostatic/regulatory fibroblasts","MSigDB_KEGG_Legacy","KEGG_ECM_RECEPTOR_INTERACTION","KEGG_ECM_RECEPTOR_INTERACTION","5/115","31/432",0.161290322580645,0.605890603085554,-1.3701981436775,0.949622484081344,0.99759351385965,0.914601863300868,"LAMC3/LAMA3/ITGA8/LAMA2/TNN",5
"Homeostatic/regulatory fibroblasts","MSigDB_KEGG_Legacy","KEGG_GAP_JUNCTION","KEGG_GAP_JUNCTION","1/115","10/432",0.1,0.375652173913044,-1.20178921575271,0.956443437761156,0.99759351385965,0.914601863300868,"PRKG1",1
"Homeostatic/regulatory fibroblasts","MSigDB_KEGG_Legacy","KEGG_GLYCOLYSIS_GLUCONEOGENESIS","KEGG_GLYCOLYSIS_GLUCONEOGENESIS","1/115","10/432",0.1,0.375652173913044,-1.20178921575271,0.956443437761156,0.99759351385965,0.914601863300868,"ADH1B",1
"Homeostatic/regulatory fibroblasts","MSigDB_KEGG_Legacy","KEGG_VIRAL_MYOCARDITIS","KEGG_VIRAL_MYOCARDITIS","1/115","11/432",0.0909090909090909,0.341501976284585,-1.33096824730419,0.968313117044253,0.99759351385965,0.914601863300868,"LAMA2",1
"Homeostatic/regulatory fibroblasts","MSigDB_KEGG_Legacy","KEGG_FOCAL_ADHESION","KEGG_FOCAL_ADHESION","8/115","49/432",0.163265306122449,0.613309671694765,-1.72949729477962,0.975913766768497,0.99759351385965,0.914601863300868,"LAMC3/BCL2/LAMA3/JUN/ITGA8/LAMA2/PIK3R1/TNN",8
"Homeostatic/regulatory fibroblasts","MSigDB_KEGG_Legacy","KEGG_LEUKOCYTE_TRANSENDOTHELIAL_MIGRATION","KEGG_LEUKOCYTE_TRANSENDOTHELIAL_MIGRATION","1/115","12/432",0.0833333333333333,0.31304347826087,-1.45195498761063,0.976968678896773,0.99759351385965,0.914601863300868,"PIK3R1",1
"Homeostatic/regulatory fibroblasts","MSigDB_KEGG_Legacy","KEGG_PYRIMIDINE_METABOLISM","KEGG_PYRIMIDINE_METABOLISM","1/115","12/432",0.0833333333333333,0.31304347826087,-1.45195498761063,0.976968678896773,0.99759351385965,0.914601863300868,"ENTPD1",1
"Homeostatic/regulatory fibroblasts","MSigDB_KEGG_Legacy","KEGG_COMPLEMENT_AND_COAGULATION_CASCADES","KEGG_COMPLEMENT_AND_COAGULATION_CASCADES","1/115","15/432",0.0666666666666667,0.250434782608696,-1.77764465627219,0.991203795721602,0.99759351385965,0.914601863300868,"F2R",1
"Homeostatic/regulatory fibroblasts","MSigDB_KEGG_Legacy","KEGG_ALZHEIMERS_DISEASE","KEGG_ALZHEIMERS_DISEASE","1/115","19/432",0.0526315789473684,0.197711670480549,-2.1517418841343,0.99759351385965,0.99759351385965,0.914601863300868,"CACNA1D",1
"Homeostatic/regulatory fibroblasts","MSigDB_KEGG_Legacy","KEGG_PURINE_METABOLISM","KEGG_PURINE_METABOLISM","1/115","19/432",0.0526315789473684,0.197711670480549,-2.1517418841343,0.99759351385965,0.99759351385965,0.914601863300868,"ENTPD1",1
"Homeostatic/regulatory fibroblasts","MSigDB_Reactome","REACTOME_EUKARYOTIC_TRANSLATION_ELONGATION","REACTOME_EUKARYOTIC_TRANSLATION_ELONGATION","44/172","54/765",0.814814814814815,3.62403100775194,10.765013984239,9.02308408267725e-22,1.63317821896458e-19,1.32971765428928e-19,"RPL34/RPL35A/RPS27A/RPL5/RPS13/RPL11/RPL22/RPL6/RPL26/RPL13/RPL12/FAU/RPL19/RPL4/RPS23/RPL9/RPS4X/RPS6/RPL24/RPL38/RPL30/RPL7/RPS3A/RPL14/RPL13A/RPL3/RPL37A/EEF1A1/RPL10A/RPS14/RPL18/RPL32/RPL23/RPS5/RPS8/RPL21/RPS27/RPS20/RPS9/RPS21/RPL37/RPS16/RPS3/RPL36A",44
"Homeostatic/regulatory fibroblasts","MSigDB_Reactome","REACTOME_NONSENSE_MEDIATED_DECAY_NMD","REACTOME_NONSENSE_MEDIATED_DECAY_NMD","43/172","54/765",0.796296296296296,3.54166666666667,10.42711657336,1.64244558609217e-20,7.43206627706705e-19,6.05111531718166e-19,"RPL34/RPL35A/RPS27A/RPL5/RPS13/RPL11/RPL22/RPL6/RPL26/RPL13/RPL12/FAU/RPL19/RPL4/RPS23/RPL9/RPS4X/RPS6/RPL24/RPL38/RPL30/RPL7/RPS3A/RPL14/RPL13A/RPL3/RPL37A/RPL10A/RPS14/RPL18/RPL32/RPL23/RPS5/RPS8/RPL21/RPS27/RPS20/RPS9/RPS21/RPL37/RPS16/RPS3/RPL36A",43
"Homeostatic/regulatory fibroblasts","MSigDB_Reactome","REACTOME_RESPONSE_OF_EIF2AK4_GCN2_TO_AMINO_ACID_DEFICIENCY","REACTOME_RESPONSE_OF_EIF2AK4_GCN2_TO_AMINO_ACID_DEFICIENCY","43/172","54/765",0.796296296296296,3.54166666666667,10.42711657336,1.64244558609217e-20,7.43206627706705e-19,6.05111531718166e-19,"RPL34/RPL35A/RPS27A/RPL5/RPS13/RPL11/RPL22/RPL6/RPL26/RPL13/RPL12/FAU/RPL19/RPL4/RPS23/RPL9/RPS4X/RPS6/RPL24/RPL38/RPL30/RPL7/RPS3A/RPL14/RPL13A/RPL3/RPL37A/RPL10A/RPS14/RPL18/RPL32/RPL23/RPS5/RPS8/RPL21/RPS27/RPS20/RPS9/RPS21/RPL37/RPS16/RPS3/RPL36A",43
"Homeostatic/regulatory fibroblasts","MSigDB_Reactome","REACTOME_RRNA_PROCESSING","REACTOME_RRNA_PROCESSING","43/172","54/765",0.796296296296296,3.54166666666667,10.42711657336,1.64244558609217e-20,7.43206627706705e-19,6.05111531718166e-19,"RPL34/RPL35A/RPS27A/RPL5/RPS13/RPL11/RPL22/RPL6/RPL26/RPL13/RPL12/FAU/RPL19/RPL4/RPS23/RPL9/RPS4X/RPS6/RPL24/RPL38/RPL30/RPL7/RPS3A/RPL14/RPL13A/RPL3/RPL37A/RPL10A/RPS14/RPL18/RPL32/RPL23/RPS5/RPS8/RPL21/RPS27/RPS20/RPS9/RPS21/RPL37/RPS16/RPS3/RPL36A",43
"Homeostatic/regulatory fibroblasts","MSigDB_Reactome","REACTOME_REGULATION_OF_EXPRESSION_OF_SLITS_AND_ROBOS","REACTOME_REGULATION_OF_EXPRESSION_OF_SLITS_AND_ROBOS","44/172","57/765",0.771929824561403,3.43329253365973,10.2777648867381,5.16495190545006e-20,1.6019509784935e-18,1.30429274201273e-18,"RPL34/RPL35A/RPS27A/RPL5/RPS13/RPL11/RPL22/RPL6/RPL26/RPL13/ROBO2/RPL12/FAU/RPL19/RPL4/RPS23/RPL9/RPS4X/RPS6/RPL24/RPL38/RPL30/RPL7/RPS3A/RPL14/RPL13A/RPL3/RPL37A/RPL10A/RPS14/RPL18/RPL32/RPL23/RPS5/RPS8/RPL21/RPS27/RPS20/RPS9/RPS21/RPL37/RPS16/RPS3/RPL36A",44
"Homeostatic/regulatory fibroblasts","MSigDB_Reactome","REACTOME_EUKARYOTIC_TRANSLATION_INITIATION","REACTOME_EUKARYOTIC_TRANSLATION_INITIATION","43/172","55/765",0.781818181818182,3.47727272727273,10.2638323090332,6.19539052456049e-20,1.6019509784935e-18,1.30429274201273e-18,"RPL34/RPL35A/RPS27A/RPL5/RPS13/RPL11/RPL22/RPL6/RPL26/RPL13/RPL12/FAU/RPL19/RPL4/RPS23/RPL9/RPS4X/RPS6/RPL24/RPL38/RPL30/RPL7/RPS3A/RPL14/RPL13A/RPL3/RPL37A/RPL10A/RPS14/RPL18/RPL32/RPL23/RPS5/RPS8/RPL21/RPS27/RPS20/RPS9/RPS21/RPL37/RPS16/RPS3/RPL36A",43
"Homeostatic/regulatory fibroblasts","MSigDB_Reactome","REACTOME_RIBOSOME_ASSOCIATED_QUALITY_CONTROL","REACTOME_RIBOSOME_ASSOCIATED_QUALITY_CONTROL","43/172","55/765",0.781818181818182,3.47727272727273,10.2638323090332,6.19539052456049e-20,1.6019509784935e-18,1.30429274201273e-18,"RPL34/RPL35A/RPS27A/RPL5/RPS13/RPL11/RPL22/RPL6/RPL26/RPL13/RPL12/FAU/RPL19/RPL4/RPS23/RPL9/RPS4X/RPS6/RPL24/RPL38/RPL30/RPL7/RPS3A/RPL14/RPL13A/RPL3/RPL37A/RPL10A/RPS14/RPL18/RPL32/RPL23/RPS5/RPS8/RPL21/RPS27/RPS20/RPS9/RPS21/RPL37/RPS16/RPS3/RPL36A",43
"Homeostatic/regulatory fibroblasts","MSigDB_Reactome","REACTOME_SELENOAMINO_ACID_METABOLISM","REACTOME_SELENOAMINO_ACID_METABOLISM","43/172","56/765",0.767857142857143,3.41517857142857,10.1042410594181,2.1958050926376e-19,4.96800902209256e-18,4.04490411801663e-18,"RPL34/RPL35A/RPS27A/RPL5/RPS13/RPL11/RPL22/RPL6/RPL26/RPL13/RPL12/FAU/RPL19/RPL4/RPS23/RPL9/RPS4X/RPS6/RPL24/RPL38/RPL30/RPL7/RPS3A/RPL14/RPL13A/RPL3/RPL37A/RPL10A/RPS14/RPL18/RPL32/RPL23/RPS5/RPS8/RPL21/RPS27/RPS20/RPS9/RPS21/RPL37/RPS16/RPS3/RPL36A",43
"Homeostatic/regulatory fibroblasts","MSigDB_Reactome","REACTOME_INFLUENZA_INFECTION","REACTOME_INFLUENZA_INFECTION","44/172","59/765",0.745762711864407,3.31690973590855,9.97048595067142,5.7071000078131e-19,1.14776122379352e-17,9.34495907712087e-18,"RPL34/RPL35A/RPS27A/RPL5/RPS13/RPL11/RPL22/RPL6/RPL26/RPL13/RPL12/FAU/RPL19/RPL4/RPS23/RPL9/RPS4X/RPS6/RPL24/RPL38/RPL30/RPL7/RPS3A/RPL14/RPL13A/RPL3/RPL37A/RPL10A/RPS14/RPL18/RPL32/RPL23/RPS5/RPS8/RPL21/RPS27/HSPA1A/RPS20/RPS9/RPS21/RPL37/RPS16/RPS3/RPL36A",44
"Homeostatic/regulatory fibroblasts","MSigDB_Reactome","REACTOME_CELLULAR_RESPONSE_TO_STARVATION","REACTOME_CELLULAR_RESPONSE_TO_STARVATION","43/172","57/765",0.754385964912281,3.35526315789474,9.948183643514,7.35368550620767e-19,1.21001552420326e-17,9.85182747243133e-18,"RPL34/RPL35A/RPS27A/RPL5/RPS13/RPL11/RPL22/RPL6/RPL26/RPL13/RPL12/FAU/RPL19/RPL4/RPS23/RPL9/RPS4X/RPS6/RPL24/RPL38/RPL30/RPL7/RPS3A/RPL14/RPL13A/RPL3/RPL37A/RPL10A/RPS14/RPL18/RPL32/RPL23/RPS5/RPS8/RPL21/RPS27/RPS20/RPS9/RPS21/RPL37/RPS16/RPS3/RPL36A",43
"Homeostatic/regulatory fibroblasts","MSigDB_Reactome","REACTOME_INFLUENZA_VIRAL_RNA_TRANSCRIPTION_AND_REPLICATION","REACTOME_INFLUENZA_VIRAL_RNA_TRANSCRIPTION_AND_REPLICATION","43/172","57/765",0.754385964912281,3.35526315789474,9.948183643514,7.35368550620767e-19,1.21001552420326e-17,9.85182747243133e-18,"RPL34/RPL35A/RPS27A/RPL5/RPS13/RPL11/RPL22/RPL6/RPL26/RPL13/RPL12/FAU/RPL19/RPL4/RPS23/RPL9/RPS4X/RPS6/RPL24/RPL38/RPL30/RPL7/RPS3A/RPL14/RPL13A/RPL3/RPL37A/RPL10A/RPS14/RPL18/RPL32/RPL23/RPS5/RPS8/RPL21/RPS27/RPS20/RPS9/RPS21/RPL37/RPS16/RPS3/RPL36A",43
"Homeostatic/regulatory fibroblasts","MSigDB_Reactome","REACTOME_SIGNALING_BY_ROBO_RECEPTORS","REACTOME_SIGNALING_BY_ROBO_RECEPTORS","45/172","63/765",0.714285714285714,3.17691029900332,9.70791150484088,3.74686810148136e-18,5.65152605306772e-17,4.6014169667315e-17,"RPL34/RPL35A/RPS27A/RPL5/RPS13/RPL11/RPL22/RPL6/RPL26/RPL13/ROBO2/RPL12/FAU/RPL19/RPL4/RPS23/DCC/RPL9/RPS4X/RPS6/RPL24/RPL38/RPL30/RPL7/RPS3A/RPL14/RPL13A/RPL3/RPL37A/RPL10A/RPS14/RPL18/RPL32/RPL23/RPS5/RPS8/RPL21/RPS27/RPS20/RPS9/RPS21/RPL37/RPS16/RPS3/RPL36A",45
"Homeostatic/regulatory fibroblasts","MSigDB_Reactome","REACTOME_SRP_DEPENDENT_COTRANSLATIONAL_PROTEIN_TARGETING_TO_MEMBRANE","REACTOME_SRP_DEPENDENT_COTRANSLATIONAL_PROTEIN_TARGETING_TO_MEMBRANE","43/172","60/765",0.716666666666667,3.1875,9.49976111447572,2.05623191013084e-17,2.86290750564371e-16,2.33095115318476e-16,"RPL34/RPL35A/RPS27A/RPL5/RPS13/RPL11/RPL22/RPL6/RPL26/RPL13/RPL12/FAU/RPL19/RPL4/RPS23/RPL9/RPS4X/RPS6/RPL24/RPL38/RPL30/RPL7/RPS3A/RPL14/RPL13A/RPL3/RPL37A/RPL10A/RPS14/RPL18/RPL32/RPL23/RPS5/RPS8/RPL21/RPS27/RPS20/RPS9/RPS21/RPL37/RPS16/RPS3/RPL36A",43
"Homeostatic/regulatory fibroblasts","MSigDB_Reactome","REACTOME_METABOLISM_OF_AMINO_ACIDS_AND_DERIVATIVES","REACTOME_METABOLISM_OF_AMINO_ACIDS_AND_DERIVATIVES","45/172","68/765",0.661764705882353,2.94331395348837,9.03575803056108,4.38398574700634e-16,5.66786728720105e-15,4.61472183895404e-15,"RPL34/RPL35A/RPS27A/RPL5/RPS13/RPL11/RPL22/RPL6/RPL26/RPL13/RPL12/FAU/DIO2/RPL19/RPL4/RPS23/RPL9/RPS4X/RPS6/RPL24/RPL38/RPL30/RPL7/RPS3A/RPL14/RPL13A/RPL3/RPL37A/RPL10A/RPS14/RPL18/RPL32/RPL23/RPS5/RPS8/RPL21/RPS27/RPS20/DIO3/RPS9/RPS21/RPL37/RPS16/RPS3/RPL36A",45
"Homeostatic/regulatory fibroblasts","MSigDB_Reactome","REACTOME_METABOLISM_OF_RNA","REACTOME_METABOLISM_OF_RNA","45/172","69/765",0.652173913043478,2.90065722952477,8.90855536753366,1.03652734889436e-15,1.2507430009992e-14,1.01834265856288e-14,"RPL34/RPL35A/RPS27A/RPL5/RPS13/RPL11/RPL22/RPL6/RPL26/RPL13/RPL12/FAU/RPL19/RPL4/RPS23/RPL9/RPS4X/RPS6/RPL24/RPL38/RPL30/RPL7/HNRNPA1/RPS3A/RPL14/RPL13A/RPL3/RPL37A/RPL10A/RPS14/RPL18/RPL32/RPL23/RPS5/RPS8/RPL21/RPS27/HSPA1A/RPS20/RPS9/RPS21/RPL37/RPS16/RPS3/RPL36A",45
"Homeostatic/regulatory fibroblasts","MSigDB_Reactome","REACTOME_TRANSLATION","REACTOME_TRANSLATION","45/172","71/765",0.633802816901408,2.81894857517196,8.66070839434247,5.35571272588731e-15,6.05865002116002e-14,4.93289330015936e-14,"RPL34/RPL35A/RPS27A/RPL5/RPS13/RPL11/RPL22/RPL6/RPL26/RPL13/RPL12/FAU/RPL19/RPL4/RPS23/RPL9/RPS4X/RPS6/RPL24/RPL38/RPL30/RPL7/MRPS6/RPS3A/RPL14/RPL13A/RPL3/RPL37A/EEF1A1/RPL10A/RPS14/RPL18/RPL32/RPL23/RPS5/RPS8/RPL21/RPS27/RPS20/RPS9/RPS21/RPL37/RPS16/RPS3/RPL36A",45
"Homeostatic/regulatory fibroblasts","MSigDB_Reactome","REACTOME_RIBOSOME_QUALITY_CONTROL_RQC_COMPLEX_EXTRACTS_AND_DEGRADES_NASCENT_PEPTIDE","REACTOME_RIBOSOME_QUALITY_CONTROL_RQC_COMPLEX_EXTRACTS_AND_DEGRADES_NASCENT_PEPTIDE","28/172","38/765",0.736842105263158,3.27723378212974,7.75025098121845,6.63377286345154e-12,7.06301698991017e-11,5.75063901475676e-11,"RPL34/RPL35A/RPS27A/RPL5/RPL11/RPL22/RPL6/RPL26/RPL13/RPL12/RPL19/RPL4/RPL9/RPL24/RPL38/RPL30/RPL7/RPL14/RPL13A/RPL3/RPL37A/RPL10A/RPL18/RPL32/RPL23/RPL21/RPL37/RPL36A",28
"Homeostatic/regulatory fibroblasts","MSigDB_Reactome","REACTOME_NERVOUS_SYSTEM_DEVELOPMENT","REACTOME_NERVOUS_SYSTEM_DEVELOPMENT","54/172","114/765",0.473684210526316,2.10679314565483,6.89464561514706,1.13402757076035e-10,1.14032772393124e-09,9.28443625183912e-10,"RPL34/RPL35A/FGFR1/RPS27A/RPL5/RPS13/RPL11/RPL22/RPL6/RPL26/RPL13/ROBO2/RPL12/FAU/ARHGEF28/RPL19/RPL4/RPS23/DCC/RPL9/RPS4X/RPS6/RPL24/RPL38/RPL30/RPL7/HSP90AB1/RPS3A/IRS2/RPL14/RPL13A/RPL3/RPL37A/RPL10A/RPS14/RPL18/CACNA1D/RPL32/RPL23/RPS5/RPS8/RPL21/LAMA2/RHOB/NCAM1/PIK3R1/RPS27/RPS20/RPS9/RPS21/RPL37/RPS16/RPS3/RPL36A",54
"Homeostatic/regulatory fibroblasts","MSigDB_Reactome","REACTOME_SARS_COV_1_MODULATES_HOST_TRANSLATION_MACHINERY","REACTOME_SARS_COV_1_MODULATES_HOST_TRANSLATION_MACHINERY","18/172","20/765",0.9,4.00290697674419,7.32423544117843,1.29108731038167e-10,1.2299305430478e-09,1.00139735985282e-09,"RPS27A/RPS13/FAU/RPS23/RPS4X/RPS6/HNRNPA1/RPS3A/EEF1A1/RPS14/RPS5/RPS8/RPS27/RPS20/RPS9/RPS21/RPS16/RPS3",18
"Homeostatic/regulatory fibroblasts","MSigDB_Reactome","REACTOME_SARS_COV_2_MODULATES_HOST_TRANSLATION_MACHINERY","REACTOME_SARS_COV_2_MODULATES_HOST_TRANSLATION_MACHINERY","16/172","18/765",0.888888888888889,3.95348837209302,6.82487612441763,2.40471701440603e-09,2.17626889803746e-08,1.77189674745708e-08,"RPS27A/RPS13/FAU/RPS23/RPS4X/RPS6/RPS3A/RPS14/RPS5/RPS8/RPS27/RPS20/RPS9/RPS21/RPS16/RPS3",16
"Homeostatic/regulatory fibroblasts","MSigDB_Reactome","REACTOME_VIRAL_INFECTION_PATHWAYS","REACTOME_VIRAL_INFECTION_PATHWAYS","54/172","123/765",0.439024390243902,1.95263754963131,6.20720792901547,4.53623265213041e-09,3.90980052397907e-08,3.18332115938976e-08,"RPL34/RPL35A/RPS27A/RPL5/RPS13/RPL11/RPL22/RPL6/RPL26/RPL13/RPL12/VIM/BTF3/FAU/ANO2/PRKG1/RPL19/RPL4/RPS23/RPL9/RPS4X/RPS6/NACA/RPL24/RPL38/RPL30/RPL7/HNRNPA1/HSPA1B/HSP90AB1/RPS3A/RPL14/RPL13A/RPL3/RPL37A/EEF1A1/RPL10A/RPS14/RPL18/RPL32/RPL23/RPS5/RPS8/RPL21/PIK3R1/RPS27/HSPA1A/RPS20/RPS9/RPS21/RPL37/RPS16/RPS3/RPL36A",54
"Homeostatic/regulatory fibroblasts","MSigDB_Reactome","REACTOME_INFECTIOUS_DISEASE","REACTOME_INFECTIOUS_DISEASE","60/172","145/765",0.413793103448276,1.84041700080192,6.05015556468226,7.86458920654802e-09,6.4704120290236e-08,5.26814587998432e-08,"LAMC3/RPL34/RPL35A/RPS27A/RPL5/RPS13/RPL11/RPL22/RPL6/RPL26/RPL13/RPL12/VIM/BTF3/FAU/ANO2/PRKG1/RPL19/RPL4/RPS23/RPL9/RPS4X/RPS6/LAMA3/NACA/RPL24/RPL38/RPL30/JUN/RPL7/HNRNPA1/HSPA1B/HSP90AB1/RPS3A/RPL14/RPL13A/RPL3/RPL37A/EEF1A1/WNT5A/RPL10A/RPS14/RPL18/RPL32/RPL23/RPS5/RPS8/RPL21/LAMA2/PIK3R1/RPS27/HSPA1A/RPS20/RPS9/RPS21/RPL37/RPS16/RPS3/RPL36A/ENTPD1",60
"Homeostatic/regulatory fibroblasts","MSigDB_Reactome","REACTOME_CELLULAR_RESPONSES_TO_STIMULI","REACTOME_CELLULAR_RESPONSES_TO_STIMULI","52/172","118/765",0.440677966101695,1.95999211667324,6.10295385269677,8.46576824956007e-09,6.66219153552336e-08,5.42429086928334e-08,"BCL2/RPL34/RPL35A/RPS27A/RPL5/RPS13/RPL11/RPL22/RPL6/RPL26/RPL13/RPL12/FAU/RPL19/RPL4/RPS23/RPL9/RPS4X/RPS6/RPL24/RPL38/RPL30/JUN/RPL7/FOXO3/HSPA1B/HSP90AB1/RPS3A/RPL14/RPL13A/RPL3/RPL37A/EEF1A1/RPL10A/RPS14/RPL18/RPL32/RPL23/RPS5/RPS8/RPL21/RPS27/HSPA1A/RPS20/RPS9/RPS21/RPL37/ST13/RPS16/TNRC6B/RPS3/RPL36A",52
"Homeostatic/regulatory fibroblasts","MSigDB_Reactome","REACTOME_SARS_COV_1_HOST_INTERACTIONS","REACTOME_SARS_COV_1_HOST_INTERACTIONS","18/172","24/765",0.75,3.33575581395349,6.25759586248945,3.82764546782626e-08,2.88668262365231e-07,2.35030862059507e-07,"RPS27A/RPS13/FAU/RPS23/RPS4X/RPS6/HNRNPA1/RPS3A/EEF1A1/RPS14/RPS5/RPS8/RPS27/RPS20/RPS9/RPS21/RPS16/RPS3",18
"Homeostatic/regulatory fibroblasts","MSigDB_Reactome","REACTOME_ACTIVATION_OF_THE_MRNA_UPON_BINDING_OF_THE_CAP_BINDING_COMPLEX_AND_EIFS_AND_SUBSEQUENT_BINDING_TO_43S","REACTOME_ACTIVATION_OF_THE_MRNA_UPON_BINDING_OF_THE_CAP_BINDING_COMPLEX_AND_EIFS_AND_SUBSEQUENT_BINDING_TO_43S","16/172","20/765",0.8,3.55813953488372,6.23942612607649,4.91983364749793e-08,3.5619595607885e-07,2.90011246589352e-07,"RPS27A/RPS13/FAU/RPS23/RPS4X/RPS6/RPS3A/RPS14/RPS5/RPS8/RPS27/RPS20/RPS9/RPS21/RPS16/RPS3",16
"Homeostatic/regulatory fibroblasts","MSigDB_Reactome","REACTOME_SARS_COV_1_INFECTION","REACTOME_SARS_COV_1_INFECTION","18/172","26/765",0.692307692307692,3.07915921288014,5.80544824627908,2.87202173038288e-07,1.99936897384347e-06,1.62786656782835e-06,"RPS27A/RPS13/FAU/RPS23/RPS4X/RPS6/HNRNPA1/RPS3A/EEF1A1/RPS14/RPS5/RPS8/RPS27/RPS20/RPS9/RPS21/RPS16/RPS3",18
"Homeostatic/regulatory fibroblasts","MSigDB_Reactome","REACTOME_SARS_COV_2_HOST_INTERACTIONS","REACTOME_SARS_COV_2_HOST_INTERACTIONS","17/172","29/765",0.586206896551724,2.60725741780273,4.74929434642355,1.91305074546723e-05,0.000128245253677618,0.000104416025093728,"RPS27A/RPS13/FAU/RPS23/RPS4X/RPS6/HSP90AB1/RPS3A/RPS14/RPS5/RPS8/RPS27/RPS20/RPS9/RPS21/RPS16/RPS3",17
"Homeostatic/regulatory fibroblasts","MSigDB_Reactome","REACTOME_SARS_COV_2_INFECTION","REACTOME_SARS_COV_2_INFECTION","18/172","39/765",0.461538461538462,2.05277280858676,3.63230416349688,0.000666994447269022,0.00431164267698903,0.00351049709088959,"RPS27A/RPS13/FAU/ANO2/RPS23/RPS4X/RPS6/HSP90AB1/RPS3A/RPS14/RPS5/RPS8/RPS27/RPS20/RPS9/RPS21/RPS16/RPS3",18
"Homeostatic/regulatory fibroblasts","MSigDB_Reactome","REACTOME_INTRACELLULAR_SIGNALING_BY_SECOND_MESSENGERS","REACTOME_INTRACELLULAR_SIGNALING_BY_SECOND_MESSENGERS","12/172","22/765",0.545454545454545,2.42600422832981,3.65276138343769,0.000899301659574377,0.00561288277182628,0.00456995398694783,"FGFR1/NTRK3/RPS27A/PREX2/JUN/FOXO3/IRS2/IER3/PIK3R1/NTRK2/TNRC6B/NR4A1",12
"Homeostatic/regulatory fibroblasts","MSigDB_Reactome","REACTOME_PI3K_AKT_SIGNALING_IN_CANCER","REACTOME_PI3K_AKT_SIGNALING_IN_CANCER","7/172","11/765",0.636363636363636,2.83033826638478,3.29098259301149,0.00375345533319384,0.0226458471769362,0.0184380261981452,"FGFR1/NTRK3/FOXO3/IRS2/PIK3R1/NTRK2/NR4A1",7
"Homeostatic/regulatory fibroblasts","MSigDB_Reactome","REACTOME_TCF_DEPENDENT_SIGNALING_IN_RESPONSE_TO_WNT","REACTOME_TCF_DEPENDENT_SIGNALING_IN_RESPONSE_TO_WNT","8/172","14/765",0.571428571428571,2.54152823920266,3.13313487204889,0.00481303211839123,0.028101897207381,0.0228802885084812,"TCF4/RPS27A/WIF1/DKK2/TCF7L2/RUNX3/WNT5A/RSPO3",8
"Homeostatic/regulatory fibroblasts","MSigDB_Reactome","REACTOME_SARS_COV_INFECTIONS","REACTOME_SARS_COV_INFECTIONS","20/172","52/765",0.384615384615385,1.71064400715564,2.85688369843353,0.00520141448053175,0.0294205006555077,0.0239538824761331,"RPS27A/RPS13/FAU/ANO2/RPS23/RPS4X/RPS6/HNRNPA1/HSP90AB1/RPS3A/EEF1A1/RPS14/RPS5/RPS8/RPS27/RPS20/RPS9/RPS21/RPS16/RPS3",20
"Homeostatic/regulatory fibroblasts","MSigDB_Reactome","REACTOME_DISEASES_OF_SIGNAL_TRANSDUCTION_BY_GROWTH_FACTOR_RECEPTORS_AND_SECOND_MESSENGERS","REACTOME_DISEASES_OF_SIGNAL_TRANSDUCTION_BY_GROWTH_FACTOR_RECEPTORS_AND_SECOND_MESSENGERS","16/172","39/765",0.41025641025641,1.82468694096601,2.84535636256935,0.00599656226228471,0.0328902354385919,0.0267789064344453,"FGFR1/NTRK3/RPS27A/JUNB/TWIST1/DKK2/TCF7L2/RPS6/JUN/FOXO3/IRS2/PIK3R1/NTRK2/DLL1/HDAC9/NR4A1",16
"Homeostatic/regulatory fibroblasts","MSigDB_Reactome","REACTOME_SIGNALING_BY_WNT","REACTOME_SIGNALING_BY_WNT","10/172","21/765",0.476190476190476,2.11794019933555,2.79592365598446,0.00882392631856614,0.0469744312841315,0.0382461202662309,"TCF4/RPS27A/WIF1/DKK2/PRKG1/TCF7L2/RUNX3/WNT5A/RSPO3/TNRC6B",10
"Homeostatic/regulatory fibroblasts","MSigDB_Reactome","REACTOME_RHOA_GTPASE_CYCLE","REACTOME_RHOA_GTPASE_CYCLE","7/172","14/765",0.5,2.22383720930233,2.48743223812717,0.0209267440429147,0.108221162050502,0.0881126064964831,"ARHGEF28/PREX2/ARHGAP10/ARHGAP44/PIK3R1/OPHN1/AKAP13",7
"Homeostatic/regulatory fibroblasts","MSigDB_Reactome","REACTOME_SIGNALING_BY_NUCLEAR_RECEPTORS","REACTOME_SIGNALING_BY_NUCLEAR_RECEPTORS","10/172","24/765",0.416666666666667,1.8531976744186,2.28575530260193,0.0258890910311928,0.130164596573497,0.105978735215409,"BCL2/MYLIP/JUN/FOXO3/HSP90AB1/CRABP1/PIK3R1/STAG1/APOD/TNRC6B",10
"Homeostatic/regulatory fibroblasts","MSigDB_Reactome","REACTOME_SIGNALING_BY_GPCR","REACTOME_SIGNALING_BY_GPCR","11/172","28/765",0.392857142857143,1.74730066445183,2.16832409685596,0.0313568445083182,0.150939806512138,0.122893706959577,"PTCH1/AVPR1A/WNT5A/RHOB/PIK3R1/ECE1/EDNRA/PTGFR/FGD4/AKAP13/F2R",11
"Homeostatic/regulatory fibroblasts","MSigDB_Reactome","REACTOME_ESR_MEDIATED_SIGNALING","REACTOME_ESR_MEDIATED_SIGNALING","7/172","15/765",0.466666666666667,2.07558139534884,2.26434102642087,0.0319284827770019,0.150939806512138,0.122893706959577,"BCL2/JUN/FOXO3/HSP90AB1/PIK3R1/STAG1/TNRC6B",7
"Homeostatic/regulatory fibroblasts","MSigDB_Reactome","REACTOME_SIGNALING_BY_ALK_IN_CANCER","REACTOME_SIGNALING_BY_ALK_IN_CANCER","6/172","12/765",0.5,2.22383720930233,2.29985440968397,0.0325229417346595,0.150939806512138,0.122893706959577,"RPS27A/JUNB/TWIST1/RPS6/JUN/PIK3R1",6
"Homeostatic/regulatory fibroblasts","MSigDB_Reactome","REACTOME_APOPTOSIS","REACTOME_APOPTOSIS","8/172","19/765",0.421052631578947,1.87270501835985,2.073282185751,0.0425071578366314,0.192344889210757,0.156605318345484,"BCL2/RPS27A/VIM/HMGB1/DCC/ARHGAP10/GSN/DAPK1",8
"Homeostatic/regulatory fibroblasts","MSigDB_Reactome","REACTOME_GPCR_LIGAND_BINDING","REACTOME_GPCR_LIGAND_BINDING","7/172","16/765",0.4375,1.94585755813953,2.05791947487933,0.0462307431313152,0.204091817238245,0.166169551691505,"PTCH1/AVPR1A/WNT5A/ECE1/EDNRA/PTGFR/F2R",7
"Homeostatic/regulatory fibroblasts","MSigDB_Reactome","REACTOME_ESTROGEN_DEPENDENT_GENE_EXPRESSION","REACTOME_ESTROGEN_DEPENDENT_GENE_EXPRESSION","5/172","10/765",0.5,2.22383720930233,2.09668763265899,0.0509610104516817,0.216766347598282,0.176489029739805,"BCL2/JUN/HSP90AB1/STAG1/TNRC6B",5
"Homeostatic/regulatory fibroblasts","MSigDB_Reactome","REACTOME_SIGNALING_BY_TGFB_FAMILY_MEMBERS","REACTOME_SIGNALING_BY_TGFB_FAMILY_MEMBERS","9/172","23/765",0.391304347826087,1.74039433771486,1.94047749446439,0.0514969776062217,0.216766347598282,0.176489029739805,"TCF4/RPS27A/INHBB/JUNB/INHBA/ITGA8/TGFB2/LTBP4/TNRC6B",9
"Homeostatic/regulatory fibroblasts","MSigDB_Reactome","REACTOME_PROGRAMMED_CELL_DEATH","REACTOME_PROGRAMMED_CELL_DEATH","8/172","20/765",0.4,1.77906976744186,1.90018886566875,0.0575861808597412,0.236888607627572,0.192872376085258,"BCL2/RPS27A/VIM/HMGB1/DCC/ARHGAP10/GSN/DAPK1",8
"Homeostatic/regulatory fibroblasts","MSigDB_Reactome","REACTOME_CDC42_GTPASE_CYCLE","REACTOME_CDC42_GTPASE_CYCLE","6/172","14/765",0.428571428571429,1.90614617940199,1.84172960420546,0.0706996704844778,0.272268943780648,0.221678698047635,"PREX2/ARHGAP10/ARHGAP44/PIK3R1/OPHN1/FGD4",6
"Homeostatic/regulatory fibroblasts","MSigDB_Reactome","REACTOME_INTERLEUKIN_4_AND_INTERLEUKIN_13_SIGNALING","REACTOME_INTERLEUKIN_4_AND_INTERLEUKIN_13_SIGNALING","6/172","14/765",0.428571428571429,1.90614617940199,1.84172960420546,0.0706996704844778,0.272268943780648,0.221678698047635,"BCL2/JUNB/TWIST1/VIM/FOXO3/PIK3R1",6
"Homeostatic/regulatory fibroblasts","MSigDB_Reactome","REACTOME_SIGNALING_BY_NOTCH","REACTOME_SIGNALING_BY_NOTCH","6/172","14/765",0.428571428571429,1.90614617940199,1.84172960420546,0.0706996704844778,0.272268943780648,0.221678698047635,"RPS27A/JUN/DTX1/DLL1/HDAC9/TNRC6B",6
"Homeostatic/regulatory fibroblasts","MSigDB_Reactome","REACTOME_CELLULAR_RESPONSE_TO_HEAT_STRESS","REACTOME_CELLULAR_RESPONSE_TO_HEAT_STRESS","5/172","11/765",0.454545454545455,2.02167019027484,1.83698219817823,0.076830574673183,0.283802735017268,0.231069397513332,"HSPA1B/HSP90AB1/EEF1A1/HSPA1A/ST13",5
"Homeostatic/regulatory fibroblasts","MSigDB_Reactome","REACTOME_REGULATION_OF_T_CELL_ACTIVATION_BY_CD28_FAMILY","REACTOME_REGULATION_OF_T_CELL_ACTIVATION_BY_CD28_FAMILY","5/172","11/765",0.454545454545455,2.02167019027484,1.83698219817823,0.076830574673183,0.283802735017268,0.231069397513332,"RPS27A/TCF7L2/JUN/PIK3R1/TNRC6B",5
"Homeostatic/regulatory fibroblasts","MSigDB_Reactome","REACTOME_RHO_GTPASE_CYCLE","REACTOME_RHO_GTPASE_CYCLE","13/172","40/765",0.325,1.44549418604651,1.55770993225905,0.0896314382912967,0.324465806614494,0.264176870753296,"VIM/ARHGEF28/RND3/PREX2/HSP90AB1/ARHGAP10/ARHGAP44/PKP4/RHOB/PIK3R1/OPHN1/FGD4/AKAP13",13
"Homeostatic/regulatory fibroblasts","MSigDB_Reactome","REACTOME_RNA_POLYMERASE_II_TRANSCRIPTION","REACTOME_RNA_POLYMERASE_II_TRANSCRIPTION","18/172","60/765",0.3,1.3343023255814,1.4517907351026,0.100567145371732,0.356914770829088,0.290596498494169,"TFAP2A/IGFBP3/PRDM1/RPS27A/JUNB/TWIST1/TCF7L2/JUN/RUNX3/FOXO3/BTG1/RSPO3/GLI2/AUTS2/DLL1/HDAC9/TNRC6B/NR4A1",18
"Homeostatic/regulatory fibroblasts","MSigDB_Reactome","REACTOME_DENGUE_VIRUS_GENOME_TRANSLATION_AND_REPLICATION","REACTOME_DENGUE_VIRUS_GENOME_TRANSLATION_AND_REPLICATION","7/172","19/765",0.368421052631579,1.63861689106487,1.51715986033041,0.110682619504752,0.38526065635308,0.313675439892011,"RPS27A/VIM/BTF3/PRKG1/NACA/HSPA1B/HSPA1A",7
"Homeostatic/regulatory fibroblasts","MSigDB_Reactome","REACTOME_ADHERENS_JUNCTIONS_INTERACTIONS","REACTOME_ADHERENS_JUNCTIONS_INTERACTIONS","7/172","20/765",0.35,1.55668604651163,1.35778420811778,0.139273009544373,0.470027672108866,0.382691910992971,"TFAP2A/RPS27A/TWIST1/ZEB2/CADM3/FOXP2/TNRC6B",7
"Homeostatic/regulatory fibroblasts","MSigDB_Reactome","REACTOME_BETA_CATENIN_INDEPENDENT_WNT_SIGNALING","REACTOME_BETA_CATENIN_INDEPENDENT_WNT_SIGNALING","5/172","13/765",0.384615384615385,1.71064400715564,1.39090801560976,0.145422926177329,0.470027672108866,0.382691910992971,"RPS27A/PRKG1/TCF7L2/WNT5A/TNRC6B",5
"Homeostatic/regulatory fibroblasts","MSigDB_Reactome","REACTOME_RAC1_GTPASE_CYCLE","REACTOME_RAC1_GTPASE_CYCLE","5/172","13/765",0.384615384615385,1.71064400715564,1.39090801560976,0.145422926177329,0.470027672108866,0.382691910992971,"PREX2/ARHGAP10/ARHGAP44/PIK3R1/OPHN1",5
"Homeostatic/regulatory fibroblasts","MSigDB_Reactome","REACTOME_SIGNALING_BY_TGF_BETA_RECEPTOR_COMPLEX","REACTOME_SIGNALING_BY_TGF_BETA_RECEPTOR_COMPLEX","5/172","13/765",0.384615384615385,1.71064400715564,1.39090801560976,0.145422926177329,0.470027672108866,0.382691910992971,"RPS27A/JUNB/ITGA8/TGFB2/LTBP4",5
"Homeostatic/regulatory fibroblasts","MSigDB_Reactome","REACTOME_CO_INHIBITION_BY_PD_1","REACTOME_CO_INHIBITION_BY_PD_1","4/172","10/765",0.4,1.77906976744186,1.33470851675204,0.167220063947119,0.512997145329298,0.417677233766221,"RPS27A/TCF7L2/JUN/TNRC6B",4
"Homeostatic/regulatory fibroblasts","MSigDB_Reactome","REACTOME_MAPK6_MAPK4_SIGNALING","REACTOME_MAPK6_MAPK4_SIGNALING","4/172","10/765",0.4,1.77906976744186,1.33470851675204,0.167220063947119,0.512997145329298,0.417677233766221,"RPS27A/JUN/FOXO3/TNRC6B",4
"Homeostatic/regulatory fibroblasts","MSigDB_Reactome","REACTOME_PEPTIDE_LIGAND_BINDING_RECEPTORS","REACTOME_PEPTIDE_LIGAND_BINDING_RECEPTORS","4/172","10/765",0.4,1.77906976744186,1.33470851675204,0.167220063947119,0.512997145329298,0.417677233766221,"AVPR1A/ECE1/EDNRA/F2R",4
"Homeostatic/regulatory fibroblasts","MSigDB_Reactome","REACTOME_CELL_CELL_COMMUNICATION","REACTOME_CELL_CELL_COMMUNICATION","9/172","29/765",0.310344827586207,1.38031275060144,1.12378837160602,0.182374697036676,0.545732066567918,0.444329684905546,"TFAP2A/RPS27A/TWIST1/LAMA3/ZEB2/CADM3/PIK3R1/FOXP2/TNRC6B",9
"Homeostatic/regulatory fibroblasts","MSigDB_Reactome","REACTOME_CLASS_A_1_RHODOPSIN_LIKE_RECEPTORS","REACTOME_CLASS_A_1_RHODOPSIN_LIKE_RECEPTORS","5/172","14/765",0.357142857142857,1.58845514950166,1.19602697028375,0.18693584600669,0.545732066567918,0.444329684905546,"AVPR1A/ECE1/EDNRA/PTGFR/F2R",5
"Homeostatic/regulatory fibroblasts","MSigDB_Reactome","REACTOME_SIGNALING_BY_NTRKS","REACTOME_SIGNALING_BY_NTRKS","5/172","14/765",0.357142857142857,1.58845514950166,1.19602697028375,0.18693584600669,0.545732066567918,0.444329684905546,"NTRK3/JUNB/IRS2/PIK3R1/NTRK2",5
"Homeostatic/regulatory fibroblasts","MSigDB_Reactome","REACTOME_DEVELOPMENTAL_CELL_LINEAGES","REACTOME_DEVELOPMENTAL_CELL_LINEAGES","6/172","18/765",0.333333333333333,1.48255813953488,1.11508802820209,0.198593083234697,0.561646063523128,0.457286704816737,"LAMC3/TFAP2A/VIM/LAMA3/LAMA2/DLL1",6
"Homeostatic/regulatory fibroblasts","MSigDB_Reactome","REACTOME_REGULATION_OF_HOMOTYPIC_CELL_CELL_ADHESION","REACTOME_REGULATION_OF_HOMOTYPIC_CELL_CELL_ADHESION","6/172","18/765",0.333333333333333,1.48255813953488,1.11508802820209,0.198593083234697,0.561646063523128,0.457286704816737,"TFAP2A/RPS27A/TWIST1/ZEB2/FOXP2/TNRC6B",6
"Homeostatic/regulatory fibroblasts","MSigDB_Reactome","REACTOME_CELL_JUNCTION_ORGANIZATION","REACTOME_CELL_JUNCTION_ORGANIZATION","8/172","26/765",0.307692307692308,1.36851520572451,1.02897168314346,0.210031059607847,0.574140395973768,0.46745946749827,"TFAP2A/RPS27A/TWIST1/LAMA3/ZEB2/CADM3/FOXP2/TNRC6B",8
"Homeostatic/regulatory fibroblasts","MSigDB_Reactome","REACTOME_DENGUE_VIRUS_INFECTION","REACTOME_DENGUE_VIRUS_INFECTION","11/172","38/765",0.289473684210526,1.2874847001224,0.978414511805258,0.213953312798775,0.574140395973768,0.46745946749827,"RPS27A/VIM/BTF3/PRKG1/NACA/HNRNPA1/HSPA1B/HSP90AB1/RPL18/PIK3R1/HSPA1A",11
"Homeostatic/regulatory fibroblasts","MSigDB_Reactome","REACTOME_MITF_M_DEPENDENT_GENE_EXPRESSION","REACTOME_MITF_M_DEPENDENT_GENE_EXPRESSION","4/172","11/765",0.363636363636364,1.61733615221987,1.1099820007616,0.218871200675083,0.574140395973768,0.46745946749827,"TFAP2A/BCL2/TCF7L2/TNRC6B",4
"Homeostatic/regulatory fibroblasts","MSigDB_Reactome","REACTOME_SIGNALING_BY_FGFR","REACTOME_SIGNALING_BY_FGFR","4/172","11/765",0.363636363636364,1.61733615221987,1.1099820007616,0.218871200675083,0.574140395973768,0.46745946749827,"FGFR1/RPS27A/HNRNPA1/PIK3R1",4
"Homeostatic/regulatory fibroblasts","MSigDB_Reactome","REACTOME_TGF_BETA_RECEPTOR_SIGNALING_ACTIVATES_SMADS","REACTOME_TGF_BETA_RECEPTOR_SIGNALING_ACTIVATES_SMADS","4/172","11/765",0.363636363636364,1.61733615221987,1.1099820007616,0.218871200675083,0.574140395973768,0.46745946749827,"RPS27A/ITGA8/TGFB2/LTBP4",4
"Homeostatic/regulatory fibroblasts","MSigDB_Reactome","REACTOME_BACTERIAL_INFECTION_PATHWAYS","REACTOME_BACTERIAL_INFECTION_PATHWAYS","5/172","15/765",0.333333333333333,1.48255813953488,1.01589354158342,0.232130204531972,0.600222386004098,0.48869516743573,"LAMC3/RPS27A/LAMA3/HSP90AB1/LAMA2",5
"Homeostatic/regulatory fibroblasts","MSigDB_Reactome","REACTOME_INFECTION_WITH_ENTEROBACTERIA","REACTOME_INFECTION_WITH_ENTEROBACTERIA","4/172","12/765",0.333333333333333,1.48255813953488,0.906830954887265,0.274067359055131,0.67035394579701,0.545795594135396,"LAMC3/RPS27A/LAMA3/LAMA2",4
"Homeostatic/regulatory fibroblasts","MSigDB_Reactome","REACTOME_LEISHMANIA_INFECTION","REACTOME_LEISHMANIA_INFECTION","4/172","12/765",0.333333333333333,1.48255813953488,0.906830954887265,0.274067359055131,0.67035394579701,0.545795594135396,"JUN/HSP90AB1/WNT5A/ENTPD1",4
"Homeostatic/regulatory fibroblasts","MSigDB_Reactome","REACTOME_MITF_M_REGULATED_MELANOCYTE_DEVELOPMENT","REACTOME_MITF_M_REGULATED_MELANOCYTE_DEVELOPMENT","4/172","12/765",0.333333333333333,1.48255813953488,0.906830954887265,0.274067359055131,0.67035394579701,0.545795594135396,"TFAP2A/BCL2/TCF7L2/TNRC6B",4
"Homeostatic/regulatory fibroblasts","MSigDB_Reactome","REACTOME_PEPTIDE_HORMONE_METABOLISM","REACTOME_PEPTIDE_HORMONE_METABOLISM","4/172","12/765",0.333333333333333,1.48255813953488,0.906830954887265,0.274067359055131,0.67035394579701,0.545795594135396,"INHBB/INHBA/TCF7L2/CPE",4
"Homeostatic/regulatory fibroblasts","MSigDB_Reactome","REACTOME_MAPK_FAMILY_SIGNALING_CASCADES","REACTOME_MAPK_FAMILY_SIGNALING_CASCADES","8/172","28/765",0.285714285714286,1.27076411960133,0.785633404362371,0.280266157125441,0.676375659196065,0.550698414000867,"FGFR1/RPS27A/JUN/FOXO3/IRS2/NCAM1/PIK3R1/TNRC6B",8
"Homeostatic/regulatory fibroblasts","MSigDB_Reactome","REACTOME_MOLECULES_ASSOCIATED_WITH_ELASTIC_FIBRES","REACTOME_MOLECULES_ASSOCIATED_WITH_ELASTIC_FIBRES","5/172","17/765",0.294117647058824,1.30813953488372,0.691519833298252,0.329669163885933,0.768652845162874,0.625829591874396,"BMP4/BMP7/ITGA8/TGFB2/LTBP4",5
"Homeostatic/regulatory fibroblasts","MSigDB_Reactome","REACTOME_SIGNALING_BY_MET","REACTOME_SIGNALING_BY_MET","5/172","17/765",0.294117647058824,1.30813953488372,0.691519833298252,0.329669163885933,0.768652845162874,0.625829591874396,"LAMC3/RPS27A/LAMA3/LAMA2/PIK3R1",5
"Homeostatic/regulatory fibroblasts","MSigDB_Reactome","REACTOME_TRANSCRIPTIONAL_REGULATION_BY_RUNX1","REACTOME_TRANSCRIPTIONAL_REGULATION_BY_RUNX1","4/172","13/765",0.307692307692308,1.36851520572451,0.721276403311795,0.331242662556377,0.768652845162874,0.625829591874396,"RPS27A/RSPO3/AUTS2/TNRC6B",4
"Homeostatic/regulatory fibroblasts","MSigDB_Reactome","REACTOME_AUTOPHAGY","REACTOME_AUTOPHAGY","4/172","14/765",0.285714285714286,1.27076411960133,0.550324336362035,0.388965389176251,0.847440349852995,0.689977603834948,"RPS27A/VIM/HSP90AB1/EEF1A1",4
"Homeostatic/regulatory fibroblasts","MSigDB_Reactome","REACTOME_ANTIGEN_PROCESSING_UBIQUITINATION_PROTEASOME_DEGRADATION","REACTOME_ANTIGEN_PROCESSING_UBIQUITINATION_PROTEASOME_DEGRADATION","3/172","10/765",0.3,1.3343023255814,0.572729400845093,0.397969225069086,0.847440349852995,0.689977603834948,"RPS27A/CBLB/MYLIP",3
"Homeostatic/regulatory fibroblasts","MSigDB_Reactome","REACTOME_ATTACHMENT_OF_BACTERIA_TO_EPITHELIAL_CELLS","REACTOME_ATTACHMENT_OF_BACTERIA_TO_EPITHELIAL_CELLS","3/172","10/765",0.3,1.3343023255814,0.572729400845093,0.397969225069086,0.847440349852995,0.689977603834948,"LAMC3/LAMA3/LAMA2",3
"Homeostatic/regulatory fibroblasts","MSigDB_Reactome","REACTOME_CELLULAR_SENESCENCE","REACTOME_CELLULAR_SENESCENCE","3/172","10/765",0.3,1.3343023255814,0.572729400845093,0.397969225069086,0.847440349852995,0.689977603834948,"RPS27A/JUN/TNRC6B",3
"Homeostatic/regulatory fibroblasts","MSigDB_Reactome","REACTOME_ION_CHANNEL_TRANSPORT","REACTOME_ION_CHANNEL_TRANSPORT","3/172","10/765",0.3,1.3343023255814,0.572729400845093,0.397969225069086,0.847440349852995,0.689977603834948,"RPS27A/ANO2/TSC22D3",3
"Homeostatic/regulatory fibroblasts","MSigDB_Reactome","REACTOME_P75_NTR_RECEPTOR_MEDIATED_SIGNALLING","REACTOME_P75_NTR_RECEPTOR_MEDIATED_SIGNALLING","3/172","10/765",0.3,1.3343023255814,0.572729400845093,0.397969225069086,0.847440349852995,0.689977603834948,"RPS27A/FGD4/AKAP13",3
"Homeostatic/regulatory fibroblasts","MSigDB_Reactome","REACTOME_S_PHASE","REACTOME_S_PHASE","3/172","10/765",0.3,1.3343023255814,0.572729400845093,0.397969225069086,0.847440349852995,0.689977603834948,"RPS27A/PDS5B/STAG1",3
"Homeostatic/regulatory fibroblasts","MSigDB_Reactome","REACTOME_ELASTIC_FIBRE_FORMATION","REACTOME_ELASTIC_FIBRE_FORMATION","5/172","19/765",0.263157894736842,1.17044063647491,0.404915209489238,0.430410147360105,0.90525492627148,0.73704966372787,"BMP4/BMP7/ITGA8/TGFB2/LTBP4",5
"Homeostatic/regulatory fibroblasts","MSigDB_Reactome","REACTOME_SIGNALING_BY_INTERLEUKINS","REACTOME_SIGNALING_BY_INTERLEUKINS","10/172","41/765",0.24390243902439,1.08479863868406,0.300396647607411,0.444481948973767,0.90525492627148,0.73704966372787,"BCL2/RPS27A/JUNB/TWIST1/VIM/HMGB1/JUN/FOXO3/IRS2/PIK3R1",10
"Homeostatic/regulatory fibroblasts","MSigDB_Reactome","REACTOME_DENGUE_VIRUS_HOST_INTERACTIONS","REACTOME_DENGUE_VIRUS_HOST_INTERACTIONS","4/172","15/765",0.266666666666667,1.18604651162791,0.39166979916469,0.445996365410534,0.90525492627148,0.73704966372787,"VIM/HNRNPA1/HSP90AB1/RPL18",4
"Homeostatic/regulatory fibroblasts","MSigDB_Reactome","REACTOME_BIOLOGICAL_OXIDATIONS","REACTOME_BIOLOGICAL_OXIDATIONS","3/172","11/765",0.272727272727273,1.2130021141649,0.38298180334497,0.465130984216838,0.90525492627148,0.73704966372787,"ADH1B/HSP90AB1/TPST1",3
"Homeostatic/regulatory fibroblasts","MSigDB_Reactome","REACTOME_HEDGEHOG_OFF_STATE","REACTOME_HEDGEHOG_OFF_STATE","3/172","11/765",0.272727272727273,1.2130021141649,0.38298180334497,0.465130984216838,0.90525492627148,0.73704966372787,"PTCH1/RPS27A/GLI2",3
"Homeostatic/regulatory fibroblasts","MSigDB_Reactome","REACTOME_MITOTIC_G2_G2_M_PHASES","REACTOME_MITOTIC_G2_G2_M_PHASES","3/172","11/765",0.272727272727273,1.2130021141649,0.38298180334497,0.465130984216838,0.90525492627148,0.73704966372787,"RPS27A/PHLDA1/HSP90AB1",3
"Homeostatic/regulatory fibroblasts","MSigDB_Reactome","REACTOME_RESOLUTION_OF_SISTER_CHROMATID_COHESION","REACTOME_RESOLUTION_OF_SISTER_CHROMATID_COHESION","3/172","11/765",0.272727272727273,1.2130021141649,0.38298180334497,0.465130984216838,0.90525492627148,0.73704966372787,"RPS27/PDS5B/STAG1",3
"Homeostatic/regulatory fibroblasts","MSigDB_Reactome","REACTOME_TRANSCRIPTIONAL_REGULATION_BY_RUNX2","REACTOME_TRANSCRIPTIONAL_REGULATION_BY_RUNX2","3/172","11/765",0.272727272727273,1.2130021141649,0.38298180334497,0.465130984216838,0.90525492627148,0.73704966372787,"RPS27A/TWIST1/GLI2",3
"Homeostatic/regulatory fibroblasts","MSigDB_Reactome","REACTOME_CELL_CYCLE","REACTOME_CELL_CYCLE","8/172","34/765",0.235294117647059,1.04651162790698,0.149322711037684,0.509888456398226,0.957162135280038,0.779312003135826,"RPS27A/CENPW/PHLDA1/HSP90AB1/RPS27/PDS5B/SYNE1/STAG1",8
"Homeostatic/regulatory fibroblasts","MSigDB_Reactome","REACTOME_SIGNALING_BY_RHO_GTPASES_MIRO_GTPASES_AND_RHOBTB3","REACTOME_SIGNALING_BY_RHO_GTPASES_MIRO_GTPASES_AND_RHOBTB3","14/172","61/765",0.229508196721311,1.02077773541746,0.09104589210875,0.517467135022323,0.957162135280038,0.779312003135826,"VIM/ARHGEF28/RND3/PREX2/HSP90AB1/ARHGAP10/ARHGAP44/PKP4/RHOB/PIK3R1/RPS27/OPHN1/FGD4/AKAP13",14
"Homeostatic/regulatory fibroblasts","MSigDB_Reactome","REACTOME_DEATH_RECEPTOR_SIGNALING","REACTOME_DEATH_RECEPTOR_SIGNALING","3/172","12/765",0.25,1.11191860465116,0.210319227488914,0.528818859270739,0.957162135280038,0.779312003135826,"RPS27A/FGD4/AKAP13",3
"Homeostatic/regulatory fibroblasts","MSigDB_Reactome","REACTOME_MET_ACTIVATES_PTK2_SIGNALING","REACTOME_MET_ACTIVATES_PTK2_SIGNALING","3/172","12/765",0.25,1.11191860465116,0.210319227488914,0.528818859270739,0.957162135280038,0.779312003135826,"LAMC3/LAMA3/LAMA2",3
"Homeostatic/regulatory fibroblasts","MSigDB_Reactome","REACTOME_MET_PROMOTES_CELL_MOTILITY","REACTOME_MET_PROMOTES_CELL_MOTILITY","3/172","12/765",0.25,1.11191860465116,0.210319227488914,0.528818859270739,0.957162135280038,0.779312003135826,"LAMC3/LAMA3/LAMA2",3
"Homeostatic/regulatory fibroblasts","MSigDB_Reactome","REACTOME_MITOTIC_PROMETAPHASE","REACTOME_MITOTIC_PROMETAPHASE","3/172","12/765",0.25,1.11191860465116,0.210319227488914,0.528818859270739,0.957162135280038,0.779312003135826,"RPS27/PDS5B/STAG1",3
"Homeostatic/regulatory fibroblasts","MSigDB_Reactome","REACTOME_SIGNALING_BY_HEDGEHOG","REACTOME_SIGNALING_BY_HEDGEHOG","3/172","12/765",0.25,1.11191860465116,0.210319227488914,0.528818859270739,0.957162135280038,0.779312003135826,"PTCH1/RPS27A/GLI2",3
"Homeostatic/regulatory fibroblasts","MSigDB_Reactome","REACTOME_SEPARATION_OF_SISTER_CHROMATIDS","REACTOME_SEPARATION_OF_SISTER_CHROMATIDS","4/172","17/765",0.235294117647059,1.04651162790698,0.104380352195962,0.554130950349129,0.993046554586064,0.808528744646984,"RPS27A/RPS27/PDS5B/STAG1",4
"Homeostatic/regulatory fibroblasts","MSigDB_Reactome","REACTOME_MAPK1_MAPK3_SIGNALING","REACTOME_MAPK1_MAPK3_SIGNALING","5/172","22/765",0.227272727272727,1.01083509513742,0.0277544879023249,0.573838373044488,0.999998422787932,0.814188887410936,"FGFR1/RPS27A/IRS2/NCAM1/PIK3R1",5
"Homeostatic/regulatory fibroblasts","MSigDB_Reactome","REACTOME_DEVELOPMENTAL_CELL_LINEAGES_OF_THE_EXOCRINE_PANCREAS","REACTOME_DEVELOPMENTAL_CELL_LINEAGES_OF_THE_EXOCRINE_PANCREAS","3/172","13/765",0.230769230769231,1.02638640429338,0.0516447910138301,0.588091718285048,0.999998422787932,0.814188887410936,"LAMC3/LAMA3/LAMA2",3
"Homeostatic/regulatory fibroblasts","MSigDB_Reactome","REACTOME_DEVELOPMENTAL_LINEAGE_OF_PANCREATIC_DUCTAL_CELLS","REACTOME_DEVELOPMENTAL_LINEAGE_OF_PANCREATIC_DUCTAL_CELLS","3/172","13/765",0.230769230769231,1.02638640429338,0.0516447910138301,0.588091718285048,0.999998422787932,0.814188887410936,"LAMC3/LAMA3/LAMA2",3
"Homeostatic/regulatory fibroblasts","MSigDB_Reactome","REACTOME_SENSORY_PERCEPTION","REACTOME_SENSORY_PERCEPTION","4/172","18/765",0.222222222222222,0.988372093023256,-0.0268695910410142,0.603858924431885,0.999998422787932,0.814188887410936,"ANO2/EBF1/CACNA1D/GSN",4
"Homeostatic/regulatory fibroblasts","MSigDB_Reactome","REACTOME_CELL_CYCLE_MITOTIC","REACTOME_CELL_CYCLE_MITOTIC","6/172","28/765",0.214285714285714,0.953073089700997,-0.136160390633356,0.629462911140304,0.999998422787932,0.814188887410936,"RPS27A/PHLDA1/HSP90AB1/RPS27/PDS5B/STAG1",6
"Homeostatic/regulatory fibroblasts","MSigDB_Reactome","REACTOME_TRANSPORT_OF_SMALL_MOLECULES","REACTOME_TRANSPORT_OF_SMALL_MOLECULES","8/172","38/765",0.210526315789474,0.936352509179927,-0.216615453385305,0.65065313632371,0.999998422787932,0.814188887410936,"SLC5A3/RPS27A/ANO2/MYLIP/ABCA10/TSC22D3/ABCA8/APOD",8
"Homeostatic/regulatory fibroblasts","MSigDB_Reactome","REACTOME_NEURONAL_SYSTEM","REACTOME_NEURONAL_SYSTEM","5/172","24/765",0.208333333333333,0.926598837209302,-0.196645047327764,0.658252199894418,0.999998422787932,0.814188887410936,"NTRK3/GRIK1/NLGN1/NRXN3/CACNA2D3",5
"Homeostatic/regulatory fibroblasts","MSigDB_Reactome","REACTOME_NCAM_SIGNALING_FOR_NEURITE_OUT_GROWTH","REACTOME_NCAM_SIGNALING_FOR_NEURITE_OUT_GROWTH","3/172","15/765",0.2,0.88953488372093,-0.232553943254035,0.691499532336221,0.999998422787932,0.814188887410936,"FGFR1/CACNA1D/NCAM1",3
"Homeostatic/regulatory fibroblasts","MSigDB_Reactome","REACTOME_MITOTIC_METAPHASE_AND_ANAPHASE","REACTOME_MITOTIC_METAPHASE_AND_ANAPHASE","4/172","20/765",0.2,0.88953488372093,-0.269429764535121,0.692668108366895,0.999998422787932,0.814188887410936,"RPS27A/RPS27/PDS5B/STAG1",4
"Homeostatic/regulatory fibroblasts","MSigDB_Reactome","REACTOME_TRANSCRIPTIONAL_REGULATION_BY_TP53","REACTOME_TRANSCRIPTIONAL_REGULATION_BY_TP53","5/172","25/765",0.2,0.88953488372093,-0.302247595509965,0.69623227491489,0.999998422787932,0.814188887410936,"IGFBP3/PRDM1/RPS27A/JUN/TNRC6B",5
"Homeostatic/regulatory fibroblasts","MSigDB_Reactome","REACTOME_AMYLOID_FIBER_FORMATION","REACTOME_AMYLOID_FIBER_FORMATION","2/172","10/765",0.2,0.88953488372093,-0.189249715061857,0.696246449519393,0.999998422787932,0.814188887410936,"RPS27A/GSN",2
"Homeostatic/regulatory fibroblasts","MSigDB_Reactome","REACTOME_CLATHRIN_MEDIATED_ENDOCYTOSIS","REACTOME_CLATHRIN_MEDIATED_ENDOCYTOSIS","2/172","10/765",0.2,0.88953488372093,-0.189249715061857,0.696246449519393,0.999998422787932,0.814188887410936,"RPS27A/WNT5A",2
"Homeostatic/regulatory fibroblasts","MSigDB_Reactome","REACTOME_MATURATION_OF_DENV_PROTEINS","REACTOME_MATURATION_OF_DENV_PROTEINS","2/172","10/765",0.2,0.88953488372093,-0.189249715061857,0.696246449519393,0.999998422787932,0.814188887410936,"RPS27A/PRKG1",2
"Homeostatic/regulatory fibroblasts","MSigDB_Reactome","REACTOME_PCP_CE_PATHWAY","REACTOME_PCP_CE_PATHWAY","2/172","10/765",0.2,0.88953488372093,-0.189249715061857,0.696246449519393,0.999998422787932,0.814188887410936,"RPS27A/WNT5A",2
"Homeostatic/regulatory fibroblasts","MSigDB_Reactome","REACTOME_PROCESSING_OF_CAPPED_INTRON_CONTAINING_PRE_MRNA","REACTOME_PROCESSING_OF_CAPPED_INTRON_CONTAINING_PRE_MRNA","2/172","10/765",0.2,0.88953488372093,-0.189249715061857,0.696246449519393,0.999998422787932,0.814188887410936,"RPS27A/HNRNPA1",2
"Homeostatic/regulatory fibroblasts","MSigDB_Reactome","REACTOME_RESPIRATORY_SYNCYTIAL_VIRUS_INFECTION_PATHWAY","REACTOME_RESPIRATORY_SYNCYTIAL_VIRUS_INFECTION_PATHWAY","2/172","10/765",0.2,0.88953488372093,-0.189249715061857,0.696246449519393,0.999998422787932,0.814188887410936,"RPS27A/HSP90AB1",2
"Homeostatic/regulatory fibroblasts","MSigDB_Reactome","REACTOME_DEUBIQUITINATION","REACTOME_DEUBIQUITINATION","2/172","11/765",0.181818181818182,0.808668076109937,-0.344018394071661,0.74760544180885,0.999998422787932,0.814188887410936,"RPS27A/OTUD7A",2
"Homeostatic/regulatory fibroblasts","MSigDB_Reactome","REACTOME_FACTORS_INVOLVED_IN_MEGAKARYOCYTE_DEVELOPMENT_AND_PLATELET_PRODUCTION","REACTOME_FACTORS_INVOLVED_IN_MEGAKARYOCYTE_DEVELOPMENT_AND_PLATELET_PRODUCTION","2/172","11/765",0.181818181818182,0.808668076109937,-0.344018394071661,0.74760544180885,0.999998422787932,0.814188887410936,"JMJD1C/KIF26A",2
"Homeostatic/regulatory fibroblasts","MSigDB_Reactome","REACTOME_M_PHASE","REACTOME_M_PHASE","4/172","22/765",0.181818181818182,0.808668076109937,-0.490103640031299,0.766467628198706,0.999998422787932,0.814188887410936,"RPS27A/RPS27/PDS5B/STAG1",4
"Homeostatic/regulatory fibroblasts","MSigDB_Reactome","REACTOME_ANTIMICROBIAL_MECHANISM_OF_IFN_STIMULATED_GENES","REACTOME_ANTIMICROBIAL_MECHANISM_OF_IFN_STIMULATED_GENES","3/172","17/765",0.176470588235294,0.784883720930233,-0.482759128906327,0.774228729129609,0.999998422787932,0.814188887410936,"RPS27A/HSPA1B/HSPA1A",3
"Homeostatic/regulatory fibroblasts","MSigDB_Reactome","REACTOME_ECM_PROTEOGLYCANS","REACTOME_ECM_PROTEOGLYCANS","6/172","33/765",0.181818181818182,0.808668076109937,-0.604745191621421,0.789752057791849,0.999998422787932,0.814188887410936,"LAMA3/ITGA8/TGFB2/LAMA2/NCAM1/TNN",6
"Homeostatic/regulatory fibroblasts","MSigDB_Reactome","REACTOME_CELL_CYCLE_CHECKPOINTS","REACTOME_CELL_CYCLE_CHECKPOINTS","2/172","12/765",0.166666666666667,0.741279069767442,-0.486192499909437,0.791362758316472,0.999998422787932,0.814188887410936,"RPS27A/RPS27",2
"Homeostatic/regulatory fibroblasts","MSigDB_Reactome","REACTOME_SARS_COV_2_ACTIVATES_MODULATES_INNATE_AND_ADAPTIVE_IMMUNE_RESPONSES","REACTOME_SARS_COV_2_ACTIVATES_MODULATES_INNATE_AND_ADAPTIVE_IMMUNE_RESPONSES","2/172","12/765",0.166666666666667,0.741279069767442,-0.486192499909437,0.791362758316472,0.999998422787932,0.814188887410936,"RPS27A/HSP90AB1",2
"Homeostatic/regulatory fibroblasts","MSigDB_Reactome","REACTOME_SEMAPHORIN_INTERACTIONS","REACTOME_SEMAPHORIN_INTERACTIONS","2/172","12/765",0.166666666666667,0.741279069767442,-0.486192499909437,0.791362758316472,0.999998422787932,0.814188887410936,"HSP90AB1/RHOB",2
"Homeostatic/regulatory fibroblasts","MSigDB_Reactome","REACTOME_L1CAM_INTERACTIONS","REACTOME_L1CAM_INTERACTIONS","2/172","13/765",0.153846153846154,0.684257602862254,-0.617986821284135,0.828321129231277,0.999998422787932,0.814188887410936,"FGFR1/NCAM1",2
"Homeostatic/regulatory fibroblasts","MSigDB_Reactome","REACTOME_NCAM1_INTERACTIONS","REACTOME_NCAM1_INTERACTIONS","2/172","13/765",0.153846153846154,0.684257602862254,-0.617986821284135,0.828321129231277,0.999998422787932,0.814188887410936,"CACNA1D/NCAM1",2
"Homeostatic/regulatory fibroblasts","MSigDB_Reactome","REACTOME_PLASMA_LIPOPROTEIN_ASSEMBLY_REMODELING_AND_CLEARANCE","REACTOME_PLASMA_LIPOPROTEIN_ASSEMBLY_REMODELING_AND_CLEARANCE","2/172","13/765",0.153846153846154,0.684257602862254,-0.617986821284135,0.828321129231277,0.999998422787932,0.814188887410936,"RPS27A/MYLIP",2
"Homeostatic/regulatory fibroblasts","MSigDB_Reactome","REACTOME_SIGNALING_BY_RECEPTOR_TYROSINE_KINASES","REACTOME_SIGNALING_BY_RECEPTOR_TYROSINE_KINASES","13/172","70/765",0.185714285714286,0.825996677740864,-0.822049016624989,0.83447416534827,0.999998422787932,0.814188887410936,"LAMC3/FGFR1/PRDM1/NTRK3/RPS27A/JUNB/LAMA3/HNRNPA1/IRS2/PTPRK/LAMA2/PIK3R1/NTRK2",13
"Homeostatic/regulatory fibroblasts","MSigDB_Reactome","REACTOME_RHO_GTPASES_ACTIVATE_FORMINS","REACTOME_RHO_GTPASES_ACTIVATE_FORMINS","2/172","14/765",0.142857142857143,0.635382059800664,-0.741080931481391,0.859308167611309,0.999998422787932,0.814188887410936,"RHOB/RPS27",2
"Homeostatic/regulatory fibroblasts","MSigDB_Reactome","REACTOME_TRANSMISSION_ACROSS_CHEMICAL_SYNAPSES","REACTOME_TRANSMISSION_ACROSS_CHEMICAL_SYNAPSES","2/172","14/765",0.142857142857143,0.635382059800664,-0.741080931481391,0.859308167611309,0.999998422787932,0.814188887410936,"GRIK1/CACNA2D3",2
"Homeostatic/regulatory fibroblasts","MSigDB_Reactome","REACTOME_CYTOKINE_SIGNALING_IN_IMMUNE_SYSTEM","REACTOME_CYTOKINE_SIGNALING_IN_IMMUNE_SYSTEM","14/172","77/765",0.181818181818182,0.808668076109937,-0.952844733682155,0.864959034308769,0.999998422787932,0.814188887410936,"BCL2/PRLR/RPS27A/JUNB/TWIST1/VIM/HMGB1/JUN/FOXO3/HSPA1B/IRS2/NCAM1/PIK3R1/HSPA1A",14
"Homeostatic/regulatory fibroblasts","MSigDB_Reactome","REACTOME_ADAPTIVE_IMMUNE_SYSTEM","REACTOME_ADAPTIVE_IMMUNE_SYSTEM","12/172","69/765",0.173913043478261,0.773508594539939,-1.06158606321454,0.890029005485192,0.999998422787932,0.814188887410936,"RPS27A/HMGB1/CBLB/MYLIP/CD81/PRKG1/TCF7L2/JUN/RAP1GAP2/PIK3R1/KIF26A/TNRC6B",12
"Homeostatic/regulatory fibroblasts","MSigDB_Reactome","REACTOME_NON_INTEGRIN_MEMBRANE_ECM_INTERACTIONS","REACTOME_NON_INTEGRIN_MEMBRANE_ECM_INTERACTIONS","3/172","23/765",0.130434782608696,0.580131445904954,-1.10042100317697,0.920434709530934,0.999998422787932,0.814188887410936,"LAMC3/LAMA3/LAMA2",3
"Homeostatic/regulatory fibroblasts","MSigDB_Reactome","REACTOME_CELL_SURFACE_INTERACTIONS_AT_THE_VASCULAR_WALL","REACTOME_CELL_SURFACE_INTERACTIONS_AT_THE_VASCULAR_WALL","1/172","10/765",0.1,0.444767441860465,-0.951228830968806,0.923006912551791,0.999998422787932,0.814188887410936,"PIK3R1",1
"Homeostatic/regulatory fibroblasts","MSigDB_Reactome","REACTOME_NEDDYLATION","REACTOME_NEDDYLATION","1/172","10/765",0.1,0.444767441860465,-0.951228830968806,0.923006912551791,0.999998422787932,0.814188887410936,"RPS27A",1
"Homeostatic/regulatory fibroblasts","MSigDB_Reactome","REACTOME_POTENTIAL_THERAPEUTICS_FOR_SARS","REACTOME_POTENTIAL_THERAPEUTICS_FOR_SARS","1/172","10/765",0.1,0.444767441860465,-0.951228830968806,0.923006912551791,0.999998422787932,0.814188887410936,"HSP90AB1",1
"Homeostatic/regulatory fibroblasts","MSigDB_Reactome","REACTOME_HOST_INTERACTIONS_OF_HIV_FACTORS","REACTOME_HOST_INTERACTIONS_OF_HIV_FACTORS","1/172","11/765",0.0909090909090909,0.404334038054968,-1.07101859148829,0.940547059626085,0.999998422787932,0.814188887410936,"RPS27A",1
"Homeostatic/regulatory fibroblasts","MSigDB_Reactome","REACTOME_SMOOTH_MUSCLE_CONTRACTION","REACTOME_SMOOTH_MUSCLE_CONTRACTION","1/172","11/765",0.0909090909090909,0.404334038054968,-1.07101859148829,0.940547059626085,0.999998422787932,0.814188887410936,"SORBS1",1
"Homeostatic/regulatory fibroblasts","MSigDB_Reactome","REACTOME_MUSCLE_CONTRACTION","REACTOME_MUSCLE_CONTRACTION","2/172","19/765",0.105263157894737,0.468176254589963,-1.26345176677252,0.95047937106178,0.999998422787932,0.814188887410936,"VIM/SORBS1",2
"Homeostatic/regulatory fibroblasts","MSigDB_Reactome","REACTOME_CLASS_I_MHC_MEDIATED_ANTIGEN_PROCESSING_PRESENTATION","REACTOME_CLASS_I_MHC_MEDIATED_ANTIGEN_PROCESSING_PRESENTATION","4/172","32/765",0.125,0.555959302325581,-1.38111338502896,0.953417309446329,0.999998422787932,0.814188887410936,"RPS27A/HMGB1/CBLB/MYLIP",4
"Homeostatic/regulatory fibroblasts","MSigDB_Reactome","REACTOME_BINDING_AND_UPTAKE_OF_LIGANDS_BY_SCAVENGER_RECEPTORS","REACTOME_BINDING_AND_UPTAKE_OF_LIGANDS_BY_SCAVENGER_RECEPTORS","1/172","12/765",0.0833333333333333,0.370639534883721,-1.18270422730779,0.95410926883605,0.999998422787932,0.814188887410936,"HMGB1",1
"Homeostatic/regulatory fibroblasts","MSigDB_Reactome","REACTOME_EPH_EPHRIN_SIGNALING","REACTOME_EPH_EPHRIN_SIGNALING","1/172","12/765",0.0833333333333333,0.370639534883721,-1.18270422730779,0.95410926883605,0.999998422787932,0.814188887410936,"ARHGEF28",1
"Homeostatic/regulatory fibroblasts","MSigDB_Reactome","REACTOME_NEUROTRANSMITTER_RECEPTORS_AND_POSTSYNAPTIC_SIGNAL_TRANSMISSION","REACTOME_NEUROTRANSMITTER_RECEPTORS_AND_POSTSYNAPTIC_SIGNAL_TRANSMISSION","1/172","13/765",0.0769230769230769,0.342128801431127,-1.2876184335821,0.964591613803114,0.999998422787932,0.814188887410936,"GRIK1",1
"Homeostatic/regulatory fibroblasts","MSigDB_Reactome","REACTOME_PLATELET_ACTIVATION_SIGNALING_AND_AGGREGATION","REACTOME_PLATELET_ACTIVATION_SIGNALING_AND_AGGREGATION","5/172","40/765",0.125,0.555959302325581,-1.55262768125657,0.967128878216364,0.999998422787932,0.814188887410936,"TIMP3/TGFB2/RHOB/PIK3R1/F2R",5
"Homeostatic/regulatory fibroblasts","MSigDB_Reactome","REACTOME_INTERFERON_SIGNALING","REACTOME_INTERFERON_SIGNALING","4/172","34/765",0.117647058823529,0.523255813953488,-1.53055778813626,0.967495843685044,0.999998422787932,0.814188887410936,"RPS27A/HSPA1B/NCAM1/HSPA1A",4
"Homeostatic/regulatory fibroblasts","MSigDB_Reactome","REACTOME_CELLULAR_RESPONSE_TO_CHEMICAL_STRESS","REACTOME_CELLULAR_RESPONSE_TO_CHEMICAL_STRESS","2/172","21/765",0.0952380952380952,0.42358803986711,-1.4415832223278,0.967974503861774,0.999998422787932,0.814188887410936,"BCL2/RPS27A",2
"Homeostatic/regulatory fibroblasts","MSigDB_Reactome","REACTOME_HEMOSTASIS","REACTOME_HEMOSTASIS","9/172","64/765",0.140625,0.625454215116279,-1.68468786645931,0.972364550696749,0.999998422787932,0.814188887410936,"TIMP3/SERPINE2/PRKG1/JMJD1C/TGFB2/RHOB/PIK3R1/KIF26A/F2R",9
"Homeostatic/regulatory fibroblasts","MSigDB_Reactome","REACTOME_IMMUNOREGULATORY_INTERACTIONS_BETWEEN_A_LYMPHOID_AND_A_NON_LYMPHOID_CELL","REACTOME_IMMUNOREGULATORY_INTERACTIONS_BETWEEN_A_LYMPHOID_AND_A_NON_LYMPHOID_CELL","1/172","14/765",0.0714285714285714,0.317691029900332,-1.3867835654031,0.972690340433253,0.999998422787932,0.814188887410936,"CD81",1
"Homeostatic/regulatory fibroblasts","MSigDB_Reactome","REACTOME_METABOLISM_OF_NUCLEOTIDES","REACTOME_METABOLISM_OF_NUCLEOTIDES","1/172","14/765",0.0714285714285714,0.317691029900332,-1.3867835654031,0.972690340433253,0.999998422787932,0.814188887410936,"ENTPD1",1
"Homeostatic/regulatory fibroblasts","MSigDB_Reactome","REACTOME_AEROBIC_RESPIRATION_AND_RESPIRATORY_ELECTRON_TRANSPORT","REACTOME_AEROBIC_RESPIRATION_AND_RESPIRATORY_ELECTRON_TRANSPORT","2/172","22/765",0.0909090909090909,0.404334038054968,-1.52581989589855,0.974327393643755,0.999998422787932,0.814188887410936,"RPS27A/MKLN1",2
"Homeostatic/regulatory fibroblasts","MSigDB_Reactome","REACTOME_HIV_INFECTION","REACTOME_HIV_INFECTION","1/172","15/765",0.0666666666666667,0.296511627906977,-1.48100142809149,0.978945016126303,0.999998422787932,0.814188887410936,"RPS27A",1
"Homeostatic/regulatory fibroblasts","MSigDB_Reactome","REACTOME_ANTIGEN_PROCESSING_CROSS_PRESENTATION","REACTOME_ANTIGEN_PROCESSING_CROSS_PRESENTATION","2/172","23/765",0.0869565217391304,0.38675429726997,-1.60723741945053,0.979460030225929,0.999998422787932,0.814188887410936,"RPS27A/HMGB1",2
"Homeostatic/regulatory fibroblasts","MSigDB_Reactome","REACTOME_METABOLISM_OF_LIPIDS","REACTOME_METABOLISM_OF_LIPIDS","3/172","30/765",0.1,0.444767441860465,-1.66984222411732,0.979603889933611,0.999998422787932,0.814188887410936,"PIK3R1/PRKD1/PLA2R1",3
"Homeostatic/regulatory fibroblasts","MSigDB_Reactome","REACTOME_RHO_GTPASE_EFFECTORS","REACTOME_RHO_GTPASE_EFFECTORS","2/172","24/765",0.0833333333333333,0.370639534883721,-1.68608525728558,0.983596575611562,0.999998422787932,0.814188887410936,"RHOB/RPS27",2
"Homeostatic/regulatory fibroblasts","MSigDB_Reactome","REACTOME_COPI_DEPENDENT_GOLGI_TO_ER_RETROGRADE_TRAFFIC","REACTOME_COPI_DEPENDENT_GOLGI_TO_ER_RETROGRADE_TRAFFIC","1/172","16/765",0.0625,0.277979651162791,-1.57091279161938,0.983773625761337,0.999998422787932,0.814188887410936,"KIF26A",1
"Homeostatic/regulatory fibroblasts","MSigDB_Reactome","REACTOME_DNA_REPAIR","REACTOME_DNA_REPAIR","1/172","16/765",0.0625,0.277979651162791,-1.57091279161938,0.983773625761337,0.999998422787932,0.814188887410936,"RPS27A",1
"Homeostatic/regulatory fibroblasts","MSigDB_Reactome","REACTOME_INTERFERON_ALPHA_BETA_SIGNALING","REACTOME_INTERFERON_ALPHA_BETA_SIGNALING","1/172","16/765",0.0625,0.277979651162791,-1.57091279161938,0.983773625761337,0.999998422787932,0.814188887410936,"RPS27A",1
"Homeostatic/regulatory fibroblasts","MSigDB_Reactome","REACTOME_MHC_CLASS_II_ANTIGEN_PRESENTATION","REACTOME_MHC_CLASS_II_ANTIGEN_PRESENTATION","1/172","17/765",0.0588235294117647,0.261627906976744,-1.65703809111091,0.987499842542445,0.999998422787932,0.814188887410936,"KIF26A",1
"Homeostatic/regulatory fibroblasts","MSigDB_Reactome","REACTOME_METABOLISM_OF_CARBOHYDRATES_AND_CARBOHYDRATE_DERIVATIVES","REACTOME_METABOLISM_OF_CARBOHYDRATES_AND_CARBOHYDRATE_DERIVATIVES","3/172","33/765",0.0909090909090909,0.404334038054968,-1.88272881479928,0.989011062070752,0.999998422787932,0.814188887410936,"RPS27A/PGM2L1/XYLT1",3
"Homeostatic/regulatory fibroblasts","MSigDB_Reactome","REACTOME_GOLGI_TO_ER_RETROGRADE_TRANSPORT","REACTOME_GOLGI_TO_ER_RETROGRADE_TRANSPORT","1/172","18/765",0.0555555555555556,0.247093023255814,-1.73980601990568,0.990374210300065,0.999998422787932,0.814188887410936,"KIF26A",1
"Homeostatic/regulatory fibroblasts","MSigDB_Reactome","REACTOME_SIGNALING_BY_PDGF","REACTOME_SIGNALING_BY_PDGF","1/172","18/765",0.0555555555555556,0.247093023255814,-1.73980601990568,0.990374210300065,0.999998422787932,0.814188887410936,"PIK3R1",1
"Homeostatic/regulatory fibroblasts","MSigDB_Reactome","REACTOME_REGULATION_OF_INSULIN_LIKE_GROWTH_FACTOR_IGF_TRANSPORT_AND_UPTAKE_BY_INSULIN_LIKE_GROWTH_FACTOR_BINDING_PROTEINS_IGFBPS","REACTOME_REGULATION_OF_INSULIN_LIKE_GROWTH_FACTOR_IGF_TRANSPORT_AND_UPTAKE_BY_INSULIN_LIKE_GROWTH_FACTOR_BINDING_PROTEINS_IGFBPS","3/172","34/765",0.0882352941176471,0.392441860465116,-1.95052791292975,0.991093179979046,0.999998422787932,0.814188887410936,"IGFBP3/BMP4/IGFBP2",3
"Homeostatic/regulatory fibroblasts","MSigDB_Reactome","REACTOME_GLYCOSAMINOGLYCAN_METABOLISM","REACTOME_GLYCOSAMINOGLYCAN_METABOLISM","1/172","19/765",0.0526315789473684,0.234088127294982,-1.81957409219311,0.992590590257747,0.999998422787932,0.814188887410936,"XYLT1",1
"Homeostatic/regulatory fibroblasts","MSigDB_Reactome","REACTOME_INTRA_GOLGI_AND_RETROGRADE_GOLGI_TO_ER_TRAFFIC","REACTOME_INTRA_GOLGI_AND_RETROGRADE_GOLGI_TO_ER_TRAFFIC","1/172","21/765",0.0476190476190476,0.211794019933555,-1.97127158211683,0.995615147123727,0.999998422787932,0.814188887410936,"KIF26A",1
"Homeostatic/regulatory fibroblasts","MSigDB_Reactome","REACTOME_INNATE_IMMUNE_SYSTEM","REACTOME_INNATE_IMMUNE_SYSTEM","11/172","90/765",0.122222222222222,0.543604651162791,-2.48081360075238,0.997171676769401,0.999998422787932,0.814188887410936,"BCL2/RPS27A/HMGB1/CD81/JUN/HSPA1B/HSP90AB1/EEF1A1/GSN/PIK3R1/HSPA1A",11
"Homeostatic/regulatory fibroblasts","MSigDB_Reactome","REACTOME_EXTRACELLULAR_MATRIX_ORGANIZATION","REACTOME_EXTRACELLULAR_MATRIX_ORGANIZATION","12/172","96/765",0.125,0.555959302325581,-2.50396866664591,0.997286131062338,0.999998422787932,0.814188887410936,"LAMC3/COL23A1/BMP4/BMP7/LAMA3/ITGA8/SCUBE3/TGFB2/LAMA2/NCAM1/LTBP4/TNN",12
"Homeostatic/regulatory fibroblasts","MSigDB_Reactome","REACTOME_NEUTROPHIL_DEGRANULATION","REACTOME_NEUTROPHIL_DEGRANULATION","6/172","60/765",0.1,0.444767441860465,-2.4112350469965,0.997301103851862,0.999998422787932,0.814188887410936,"HMGB1/HSPA1B/HSP90AB1/EEF1A1/GSN/HSPA1A",6
"Homeostatic/regulatory fibroblasts","MSigDB_Reactome","REACTOME_COLLAGEN_CHAIN_TRIMERIZATION","REACTOME_COLLAGEN_CHAIN_TRIMERIZATION","1/172","23/765",0.0434782608695652,0.193377148634985,-2.11405383572409,0.997409250554231,0.999998422787932,0.814188887410936,"COL23A1",1
"Homeostatic/regulatory fibroblasts","MSigDB_Reactome","REACTOME_INTEGRIN_CELL_SURFACE_INTERACTIONS","REACTOME_INTEGRIN_CELL_SURFACE_INTERACTIONS","2/172","32/765",0.0625,0.277979651162791,-2.24572200986297,0.997433061994997,0.999998422787932,0.814188887410936,"COL23A1/ITGA8",2
"Homeostatic/regulatory fibroblasts","MSigDB_Reactome","REACTOME_RESPONSE_TO_ELEVATED_PLATELET_CYTOSOLIC_CA2","REACTOME_RESPONSE_TO_ELEVATED_PLATELET_CYTOSOLIC_CA2","2/172","33/765",0.0606060606060606,0.269556025369979,-2.30872335585857,0.997976416828819,0.999998422787932,0.814188887410936,"TIMP3/TGFB2",2
"Homeostatic/regulatory fibroblasts","MSigDB_Reactome","REACTOME_DEGRADATION_OF_THE_EXTRACELLULAR_MATRIX","REACTOME_DEGRADATION_OF_THE_EXTRACELLULAR_MATRIX","3/172","43/765",0.0697674418604651,0.310302866414278,-2.50557614803693,0.99875231376932,0.999998422787932,0.814188887410936,"COL23A1/LAMA3/SCUBE3",3
"Homeostatic/regulatory fibroblasts","MSigDB_Reactome","REACTOME_ASSEMBLY_OF_COLLAGEN_FIBRILS_AND_OTHER_MULTIMERIC_STRUCTURES","REACTOME_ASSEMBLY_OF_COLLAGEN_FIBRILS_AND_OTHER_MULTIMERIC_STRUCTURES","1/172","28/765",0.0357142857142857,0.158845514950166,-2.44064487812267,0.999309751091475,0.999998422787932,0.814188887410936,"LAMA3",1
"Homeostatic/regulatory fibroblasts","MSigDB_Reactome","REACTOME_COLLAGEN_DEGRADATION","REACTOME_COLLAGEN_DEGRADATION","1/172","28/765",0.0357142857142857,0.158845514950166,-2.44064487812267,0.999309751091475,0.999998422787932,0.814188887410936,"COL23A1",1
"Homeostatic/regulatory fibroblasts","MSigDB_Reactome","REACTOME_COLLAGEN_FORMATION","REACTOME_COLLAGEN_FORMATION","2/172","41/765",0.0487804878048781,0.216959727736812,-2.77389680282295,0.999709761581358,0.999998422787932,0.814188887410936,"COL23A1/LAMA3",2
"Homeostatic/regulatory fibroblasts","MSigDB_Reactome","REACTOME_MEMBRANE_TRAFFICKING","REACTOME_MEMBRANE_TRAFFICKING","3/172","50/765",0.06,0.266860465116279,-2.88603887659796,0.999749779343411,0.999998422787932,0.814188887410936,"RPS27A/WNT5A/KIF26A",3
"Homeostatic/regulatory fibroblasts","MSigDB_Reactome","REACTOME_DISEASES_OF_METABOLISM","REACTOME_DISEASES_OF_METABOLISM","1/172","34/765",0.0294117647058824,0.130813953488372,-2.79046816251672,0.999860753232503,0.999998422787932,0.814188887410936,"RPS27A",1
"Homeostatic/regulatory fibroblasts","MSigDB_Reactome","REACTOME_VESICLE_MEDIATED_TRANSPORT","REACTOME_VESICLE_MEDIATED_TRANSPORT","4/172","61/765",0.0655737704918033,0.291650781547846,-3.10391316583591,0.999880978419815,0.999998422787932,0.814188887410936,"RPS27A/HMGB1/WNT5A/KIF26A",4
"Homeostatic/regulatory fibroblasts","MSigDB_Reactome","REACTOME_COLLAGEN_BIOSYNTHESIS_AND_MODIFYING_ENZYMES","REACTOME_COLLAGEN_BIOSYNTHESIS_AND_MODIFYING_ENZYMES","1/172","36/765",0.0277777777777778,0.123546511627907,-2.89934513364794,0.99991860628111,0.999998422787932,0.814188887410936,"COL23A1",1
"Homeostatic/regulatory fibroblasts","MSigDB_Reactome","REACTOME_ASPARAGINE_N_LINKED_GLYCOSYLATION","REACTOME_ASPARAGINE_N_LINKED_GLYCOSYLATION","1/172","43/765",0.0232558139534884,0.103434288804759,-3.25710163450949,0.999987737059385,0.999998422787932,0.814188887410936,"RPS27A",1
"Homeostatic/regulatory fibroblasts","MSigDB_Reactome","REACTOME_POST_TRANSLATIONAL_PROTEIN_MODIFICATION","REACTOME_POST_TRANSLATIONAL_PROTEIN_MODIFICATION","11/172","129/765",0.0852713178294574,0.379259058950784,-4.16159912619666,0.999998422787932,0.999998422787932,0.814188887410936,"TFAP2A/IGFBP3/BMP4/RPS27A/RPS23/RPS6/OTUD7A/NTNG1/EEF1A1/STAG1/TPST1",11
"Matrix-remodeling fibroblasts","MSigDB_Hallmark","HALLMARK_INTERFERON_GAMMA_RESPONSE","HALLMARK_INTERFERON_GAMMA_RESPONSE","31/142","37/472",0.837837837837838,2.78492577084126,7.41095283499845,2.31055615052516e-12,7.39377968168051e-11,6.32362735933201e-11,"IFITM3/IFITM2/C1R/C1S/LGALS3BP/B2M/HLA-A/BST2/SERPING1/LY6E/HLA-B/CCL2/PSME2/CFH/TNFSF10/PSMB8/CMKLR1/PSME1/VAMP5/TAPBP/CFB/PSMB9/ISG15/SAMHD1/FGL2/MVP/UBE2L6/IL18BP/CD74/MT2A/IFI27",31
"Matrix-remodeling fibroblasts","MSigDB_Hallmark","HALLMARK_INTERFERON_ALPHA_RESPONSE","HALLMARK_INTERFERON_ALPHA_RESPONSE","17/142","19/472",0.894736842105263,2.97405485544848,5.75552006171355,6.27178901434618e-08,1.00348624229539e-06,8.58244812489477e-07,"IFITM3/IFITM2/C1S/LGALS3BP/B2M/BST2/LY6E/IFITM1/PSME2/PSMB8/PSME1/PSMB9/ISG15/UBE2L6/CD74/HLA-C/IFI27",17
"Matrix-remodeling fibroblasts","MSigDB_Hallmark","HALLMARK_COMPLEMENT","HALLMARK_COMPLEMENT","16/142","29/472",0.551724137931034,1.83389995143273,3.03744722010606,0.0032223456626388,0.0343716870681472,0.0293968376240733,"CTSC/TIMP1/C1R/C1S/SERPING1/COL4A2/LGALS3/CFH/C3/CTSB/S100A13/CFB/APOC1/PSMB9/CD59/CTSD",16
"Matrix-remodeling fibroblasts","MSigDB_Hallmark","HALLMARK_INFLAMMATORY_RESPONSE","HALLMARK_INFLAMMATORY_RESPONSE","12/142","20/472",0.6,1.9943661971831,2.9777606636946,0.0044206361296808,0.0353650890374464,0.030246457729395,"TIMP1/HAS2/BST2/LY6E/IFITM1/AHR/CCL2/APLNR/TNFSF10/CMKLR1/TAPBP/IL1R1",12
"Matrix-remodeling fibroblasts","MSigDB_Hallmark","HALLMARK_ADIPOGENESIS","HALLMARK_ADIPOGENESIS","12/142","24/472",0.5,1.66197183098592,2.18124163545713,0.0285867174042166,0.182954991386986,0.156474663686238,"APOE/COL15A1/COL4A1/C3/UQCR11/ECHS1/LAMA4/UQCRQ/GADD45A/CHCHD10/UQCR10/NDUFS3",12
"Matrix-remodeling fibroblasts","MSigDB_Hallmark","HALLMARK_OXIDATIVE_PHOSPHORYLATION","HALLMARK_OXIDATIVE_PHOSPHORYLATION","9/142","17/472",0.529411764705882,1.75973487986744,2.09063628513156,0.0381457924837604,0.203444226580056,0.173998351680311,"COX7C/UQCR11/ECHS1/UQCRQ/NDUFB1/NDUFA1/UQCR10/NDUFS3/NDUFB2",9
"Matrix-remodeling fibroblasts","MSigDB_Hallmark","HALLMARK_COAGULATION","HALLMARK_COAGULATION","13/142","31/472",0.419354838709677,1.39391185824625,1.48681954992918,0.101283076983401,0.463008351924121,0.395993985198261,"TIMP1/C1R/C1S/SERPING1/CFH/C3/CTSB/S100A13/CTSK/CFB/APOC1/PRSS23/CFI",13
"Matrix-remodeling fibroblasts","MSigDB_Hallmark","HALLMARK_XENOBIOTIC_METABOLISM","HALLMARK_XENOBIOTIC_METABOLISM","10/142","23/472",0.434782608695652,1.44519289650949,1.43445401180875,0.116218314474503,0.464873257898013,0.397588970570669,"APOE/IGFBP4/PTGDS/FMO1/TMEM176B/TNFRSF1A/IL1R1/CFB/FMO3/MT2A",10
"Matrix-remodeling fibroblasts","MSigDB_Hallmark","HALLMARK_FATTY_ACID_METABOLISM","HALLMARK_FATTY_ACID_METABOLISM","5/142","11/472",0.454545454545455,1.51088348271447,1.12348013432097,0.209813508346445,0.746003585231803,0.638029382106147,"FMO1/UROD/PSME1/ECHS1/UBE2L6",5
"Matrix-remodeling fibroblasts","MSigDB_Hallmark","HALLMARK_ALLOGRAFT_REJECTION","HALLMARK_ALLOGRAFT_REJECTION","9/142","24/472",0.375,1.24647887323944,0.812164438734037,0.273694124816532,0.796201090375366,0.680961458873668,"TIMP1/CCL19/THY1/B2M/HLA-A/CCL2/TAPBP/BCL3/CD74",9
"Matrix-remodeling fibroblasts","MSigDB_Hallmark","HALLMARK_IL2_STAT5_SIGNALING","HALLMARK_IL2_STAT5_SIGNALING","9/142","24/472",0.375,1.24647887323944,0.812164438734037,0.273694124816532,0.796201090375366,0.680961458873668,"IFITM3/COL6A1/AHR/TNFSF10/FGL2/CD81/CTSZ/ECM1/PRAF2",9
"Matrix-remodeling fibroblasts","MSigDB_Hallmark","HALLMARK_APOPTOSIS","HALLMARK_APOPTOSIS","9/142","25/472",0.36,1.19661971830986,0.661974054771521,0.32300549492197,0.861347986458586,0.736679198944843,"IFITM3/TIMP1/DCN/LGALS3/TNFSF10/GPX1/BGN/GADD45A/LUM",9
"Matrix-remodeling fibroblasts","MSigDB_Hallmark","HALLMARK_HEME_METABOLISM","HALLMARK_HEME_METABOLISM","4/142","10/472",0.4,1.32957746478873,0.690294124280992,0.351807783926046,0.865008094346918,0.739809554375654,"UROD/C3/CTSB/BSG",4
"Matrix-remodeling fibroblasts","MSigDB_Hallmark","HALLMARK_KRAS_SIGNALING_UP","HALLMARK_KRAS_SIGNALING_UP","11/142","33/472",0.333333333333333,1.10798122065728,0.421473814929546,0.402755969721481,0.865008094346918,0.739809554375654,"TMEM176A/ALDH1A3/TMEM176B/SERPINA3/CFH/PSMB8/F13A1/CMKLR1/CFB/TFPI/ADGRA2",11
"Matrix-remodeling fibroblasts","MSigDB_Hallmark","HALLMARK_UV_RESPONSE_DN","HALLMARK_UV_RESPONSE_DN","6/142","17/472",0.352941176470588,1.17315658657829,0.476491803263355,0.405472544225118,0.865008094346918,0.739809554375654,"HAS2/DAB2/EFEMP1/COL3A1/TFPI/PMP22",6
"Matrix-remodeling fibroblasts","MSigDB_Hallmark","HALLMARK_EPITHELIAL_MESENCHYMAL_TRANSITION","HALLMARK_EPITHELIAL_MESENCHYMAL_TRANSITION","31/142","101/472",0.306930693069307,1.02022033189234,0.150196449897571,0.485114563505061,0.970229127010121,0.82980122704813,"TIMP1/IGFBP4/THY1/NNMT/PCOLCE/COL6A2/COL6A3/COL4A1/DAB2/COL4A2/VCAN/DCN/PPIB/COL3A1/COL5A3/FBLN2/BGN/FSTL1/CXCL12/ANPEP/GADD45A/MYL9/IL32/TGFBI/CD59/SERPINH1/LUM/ECM1/FMOD/PMP22/ABI3BP",31
"Matrix-remodeling fibroblasts","MSigDB_Hallmark","HALLMARK_UV_RESPONSE_UP","HALLMARK_UV_RESPONSE_UP","5/142","17/472",0.294117647058824,0.977630488815245,-0.0615563573593811,0.617292589999155,0.9995535033879,0.854881285792283,"FMO1/UROD/AP2S1/BSG/IL6ST",5
"Matrix-remodeling fibroblasts","MSigDB_Hallmark","HALLMARK_ESTROGEN_RESPONSE_LATE","HALLMARK_ESTROGEN_RESPONSE_LATE","6/142","22/472",0.272727272727273,0.906530089628681,-0.294221608606445,0.694806663393097,0.9995535033879,0.854881285792283,"IGFBP4/SERPINA3/MDK/PRSS23/CXCL12/IL6ST",6
"Matrix-remodeling fibroblasts","MSigDB_Hallmark","HALLMARK_MYOGENESIS","HALLMARK_MYOGENESIS","9/142","34/472",0.264705882352941,0.87986743993372,-0.476497680836953,0.744623042954855,0.9995535033879,0.854881285792283,"IGFBP7/COL6A2/COL15A1/SOD3/COL6A3/COL4A2/COL3A1/APLNR/FXYD1",9
"Matrix-remodeling fibroblasts","MSigDB_Hallmark","HALLMARK_ESTROGEN_RESPONSE_EARLY","HALLMARK_ESTROGEN_RESPONSE_EARLY","4/142","16/472",0.25,0.830985915492958,-0.450710964300317,0.760853490587697,0.9995535033879,0.854881285792283,"IGFBP4/PRSS23/CXCL12/IL6ST",4
"Matrix-remodeling fibroblasts","MSigDB_Hallmark","HALLMARK_MTORC1_SIGNALING","HALLMARK_MTORC1_SIGNALING","4/142","16/472",0.25,0.830985915492958,-0.450710964300317,0.760853490587697,0.9995535033879,0.854881285792283,"CTSC/GAPDH/FGL2/SERPINH1",4
"Matrix-remodeling fibroblasts","MSigDB_Hallmark","HALLMARK_TNFA_SIGNALING_VIA_NFKB","HALLMARK_TNFA_SIGNALING_VIA_NFKB","6/142","24/472",0.25,0.830985915492958,-0.556912757989054,0.780511988213706,0.9995535033879,0.854881285792283,"CCL2/BCL3/MSC/GADD45A/MARCKS/IL6ST",6
"Matrix-remodeling fibroblasts","MSigDB_Hallmark","HALLMARK_DNA_REPAIR","HALLMARK_DNA_REPAIR","3/142","14/472",0.214285714285714,0.712273641851107,-0.716157564194321,0.844752920666957,0.9995535033879,0.854881285792283,"APRT/NME3/POLR2G",3
"Matrix-remodeling fibroblasts","MSigDB_Hallmark","HALLMARK_PEROXISOME","HALLMARK_PEROXISOME","2/142","11/472",0.181818181818182,0.604353393085788,-0.870063562669622,0.890960388815643,0.9995535033879,0.854881285792283,"MVP/HSD11B2",2
"Matrix-remodeling fibroblasts","MSigDB_Hallmark","HALLMARK_APICAL_JUNCTION","HALLMARK_APICAL_JUNCTION","7/142","35/472",0.2,0.664788732394366,-1.35054658111634,0.943328479529037,0.9995535033879,0.854881285792283,"THY1/VCAN/NRXN2/MDK/MYL9/TGFBI/TSPAN4",7
"Matrix-remodeling fibroblasts","MSigDB_Hallmark","HALLMARK_MITOTIC_SPINDLE","HALLMARK_MITOTIC_SPINDLE","2/142","15/472",0.133333333333333,0.443192488262911,-1.43611848050332,0.967287687167253,0.9995535033879,0.854881285792283,"MARCKS/SPTBN1",2
"Matrix-remodeling fibroblasts","MSigDB_Hallmark","HALLMARK_MYC_TARGETS_V1","HALLMARK_MYC_TARGETS_V1","3/142","20/472",0.15,0.498591549295775,-1.50153370577235,0.967880421027447,0.9995535033879,0.854881285792283,"PSMB3/HNRNPC/RPLP0",3
"Matrix-remodeling fibroblasts","MSigDB_Hallmark","HALLMARK_HYPOXIA","HALLMARK_HYPOXIA","6/142","34/472",0.176470588235294,0.586578293289147,-1.63980926025958,0.971891012987129,0.9995535033879,0.854881285792283,"DCN/GAPDH/BGN/TGFBI/MT2A/SRPX",6
"Matrix-remodeling fibroblasts","MSigDB_Hallmark","HALLMARK_KRAS_SIGNALING_DN","HALLMARK_KRAS_SIGNALING_DN","1/142","10/472",0.1,0.332394366197183,-1.39828809790252,0.973232571537103,0.9995535033879,0.854881285792283,"HSD11B2",1
"Matrix-remodeling fibroblasts","MSigDB_Hallmark","HALLMARK_P53_PATHWAY","HALLMARK_P53_PATHWAY","3/142","23/472",0.130434782608696,0.433557868952847,-1.82513062025184,0.986425948583953,0.9995535033879,0.854881285792283,"GADD45A/CD81/CTSD",3
"Matrix-remodeling fibroblasts","MSigDB_Hallmark","HALLMARK_GLYCOLYSIS","HALLMARK_GLYCOLYSIS","4/142","31/472",0.129032258064516,0.428895956383462,-2.15563111218106,0.994358365060568,0.9995535033879,0.854881285792283,"CHST1/VCAN/DCN/TGFBI",4
"Matrix-remodeling fibroblasts","MSigDB_Hallmark","HALLMARK_UNFOLDED_PROTEIN_RESPONSE","HALLMARK_UNFOLDED_PROTEIN_RESPONSE","1/142","21/472",0.0476190476190476,0.158283031522468,-2.58574155292272,0.9995535033879,0.9995535033879,0.854881285792283,"CCL2",1
"Matrix-remodeling fibroblasts","MSigDB_KEGG_Legacy","KEGG_ALZHEIMERS_DISEASE","KEGG_ALZHEIMERS_DISEASE","13/128","19/432",0.684210526315789,2.30921052631579,3.78284103274693,0.000401934353616561,0.0116560962548803,0.009307953452173,"APOE/GAPDH/COX7C/TNFRSF1A/UQCR11/UQCRQ/NDUFB1/NDUFA1/NDUFB10/UQCR10/PSENEN/NDUFS3/NDUFB2",13
"Matrix-remodeling fibroblasts","MSigDB_KEGG_Legacy","KEGG_PARKINSONS_DISEASE","KEGG_PARKINSONS_DISEASE","11/128","16/432",0.6875,2.3203125,3.48816394771681,0.0011354717418099,0.0164643402562436,0.0131475675367462,"COX7C/UQCR11/UQCRQ/UBE2L6/NDUFB1/PARK7/NDUFA1/NDUFB10/UQCR10/NDUFS3/NDUFB2",11
"Matrix-remodeling fibroblasts","MSigDB_KEGG_Legacy","KEGG_COMPLEMENT_AND_COAGULATION_CASCADES","KEGG_COMPLEMENT_AND_COAGULATION_CASCADES","10/128","15/432",0.666666666666667,2.25,3.19370238890273,0.00280694149047309,0.0220820458732921,0.0176335756519937,"C1R/C1S/SERPING1/CFH/C3/F13A1/CFB/TFPI/CD59/CFI",10
"Matrix-remodeling fibroblasts","MSigDB_KEGG_Legacy","KEGG_HUNTINGTONS_DISEASE","KEGG_HUNTINGTONS_DISEASE","13/128","22/432",0.590909090909091,1.99431818181818,3.10278455550807,0.0030457994307989,0.0220820458732921,0.0176335756519937,"COX7C/AP2S1/GPX1/UQCR11/POLR2L/UQCRQ/NDUFB1/NDUFA1/NDUFB10/UQCR10/NDUFS3/POLR2G/NDUFB2",13
"Matrix-remodeling fibroblasts","MSigDB_KEGG_Legacy","KEGG_ANTIGEN_PROCESSING_AND_PRESENTATION","KEGG_ANTIGEN_PROCESSING_AND_PRESENTATION","9/128","14/432",0.642857142857143,2.16964285714286,2.88360638202401,0.0067117195587787,0.0324399778674304,0.0259048825075669,"B2M/HLA-A/HLA-B/PSME2/CTSB/PSME1/TAPBP/CD74/HLA-C",9
"Matrix-remodeling fibroblasts","MSigDB_KEGG_Legacy","KEGG_OXIDATIVE_PHOSPHORYLATION","KEGG_OXIDATIVE_PHOSPHORYLATION","9/128","14/432",0.642857142857143,2.16964285714286,2.88360638202401,0.0067117195587787,0.0324399778674304,0.0259048825075669,"COX7C/UQCR11/UQCRQ/NDUFB1/NDUFA1/NDUFB10/UQCR10/NDUFS3/NDUFB2",9
"Matrix-remodeling fibroblasts","MSigDB_KEGG_Legacy","KEGG_LYSOSOME","KEGG_LYSOSOME","7/128","12/432",0.583333333333333,1.96875,2.2058934007537,0.0340885632956692,0.141224047939201,0.112774194361612,"CTSC/CD63/NPC2/CTSB/CTSK/CTSZ/CTSD",7
"Matrix-remodeling fibroblasts","MSigDB_KEGG_Legacy","KEGG_CYTOKINE_CYTOKINE_RECEPTOR_INTERACTION","KEGG_CYTOKINE_CYTOKINE_RECEPTOR_INTERACTION","11/128","24/432",0.458333333333333,1.546875,1.78677734694021,0.0630138470310401,0.228425195487521,0.182408504563537,"CCL19/NGFR/CCL2/TNFRSF1A/TNFSF10/IL1R1/CXCL12/ACVRL1/IL11RA/LTBR/IL6ST",11
"Matrix-remodeling fibroblasts","MSigDB_KEGG_Legacy","KEGG_PYRIMIDINE_METABOLISM","KEGG_PYRIMIDINE_METABOLISM","5/128","12/432",0.416666666666667,1.40625,0.92505207128381,0.264336744572859,0.851751732512545,0.680164722877531,"TYMP/POLR2L/NME1-NME2/NME3/POLR2G",5
"Matrix-remodeling fibroblasts","MSigDB_KEGG_Legacy","KEGG_ECM_RECEPTOR_INTERACTION","KEGG_ECM_RECEPTOR_INTERACTION","10/128","31/432",0.32258064516129,1.08870967741935,0.332266447938334,0.439634467972117,0.997982294391386,0.796936859405099,"COL6A1/COL6A2/COL6A3/COL4A1/THBS4/COL4A2/COL3A1/COL6A6/COL5A3/LAMA4",10
"Matrix-remodeling fibroblasts","MSigDB_KEGG_Legacy","KEGG_CARDIAC_MUSCLE_CONTRACTION","KEGG_CARDIAC_MUSCLE_CONTRACTION","4/128","12/432",0.333333333333333,1.125,0.284631406548865,0.496983256785154,0.997982294391386,0.796936859405099,"COX7C/UQCR11/UQCRQ/UQCR10",4
"Matrix-remodeling fibroblasts","MSigDB_KEGG_Legacy","KEGG_LEUKOCYTE_TRANSENDOTHELIAL_MIGRATION","KEGG_LEUKOCYTE_TRANSENDOTHELIAL_MIGRATION","4/128","12/432",0.333333333333333,1.125,0.284631406548865,0.496983256785154,0.997982294391386,0.796936859405099,"THY1/CYBA/CXCL12/MYL9",4
"Matrix-remodeling fibroblasts","MSigDB_KEGG_Legacy","KEGG_ENDOCYTOSIS","KEGG_ENDOCYTOSIS","6/128","19/432",0.315789473684211,1.06578947368421,0.190092514208389,0.513419479190835,0.997982294391386,0.796936859405099,"HLA-A/DAB2/HLA-B/NTRK1/AP2S1/HLA-C",6
"Matrix-remodeling fibroblasts","MSigDB_KEGG_Legacy","KEGG_CELL_ADHESION_MOLECULES_CAMS","KEGG_CELL_ADHESION_MOLECULES_CAMS","5/128","17/432",0.294117647058824,0.992647058823529,-0.0200478743658669,0.601463378533935,0.997982294391386,0.796936859405099,"HLA-A/VCAN/NRXN2/HLA-B/HLA-C",5
"Matrix-remodeling fibroblasts","MSigDB_KEGG_Legacy","KEGG_CHEMOKINE_SIGNALING_PATHWAY","KEGG_CHEMOKINE_SIGNALING_PATHWAY","3/128","11/432",0.272727272727273,0.920454545454545,-0.173211806285496,0.680618903758059,0.997982294391386,0.796936859405099,"CCL19/CCL2/CXCL12",3
"Matrix-remodeling fibroblasts","MSigDB_KEGG_Legacy","KEGG_VIRAL_MYOCARDITIS","KEGG_VIRAL_MYOCARDITIS","3/128","11/432",0.272727272727273,0.920454545454545,-0.173211806285496,0.680618903758059,0.997982294391386,0.796936859405099,"HLA-A/HLA-B/HLA-C",3
"Matrix-remodeling fibroblasts","MSigDB_KEGG_Legacy","KEGG_PURINE_METABOLISM","KEGG_PURINE_METABOLISM","5/128","19/432",0.263157894736842,0.888157894736842,-0.323157274154261,0.710982271182719,0.997982294391386,0.796936859405099,"APRT/POLR2L/NME1-NME2/NME3/POLR2G",5
"Matrix-remodeling fibroblasts","MSigDB_KEGG_Legacy","KEGG_MAPK_SIGNALING_PATHWAY","KEGG_MAPK_SIGNALING_PATHWAY","5/128","21/432",0.238095238095238,0.803571428571428,-0.598136386470638,0.797769247806602,0.997982294391386,0.796936859405099,"NTRK1/TNFRSF1A/IL1R1/GADD45A/MAP4K4",5
"Matrix-remodeling fibroblasts","MSigDB_KEGG_Legacy","KEGG_GLYCOLYSIS_GLUCONEOGENESIS","KEGG_GLYCOLYSIS_GLUCONEOGENESIS","2/128","10/432",0.2,0.675,-0.673959754777772,0.847957880761508,0.997982294391386,0.796936859405099,"ALDH1A3/GAPDH",2
"Matrix-remodeling fibroblasts","MSigDB_KEGG_Legacy","KEGG_TGF_BETA_SIGNALING_PATHWAY","KEGG_TGF_BETA_SIGNALING_PATHWAY","3/128","16/432",0.1875,0.6328125,-0.97008109788574,0.899463054470532,0.997982294391386,0.796936859405099,"THBS4/DCN/ACVRL1",3
"Matrix-remodeling fibroblasts","MSigDB_KEGG_Legacy","KEGG_FOCAL_ADHESION","KEGG_FOCAL_ADHESION","11/128","49/432",0.224489795918367,0.75765306122449,-1.16773156392289,0.911828665604217,0.997982294391386,0.796936859405099,"COL6A1/COL6A2/COL6A3/COL4A1/THBS4/COL4A2/COL3A1/COL6A6/COL5A3/LAMA4/MYL9",11
"Matrix-remodeling fibroblasts","MSigDB_KEGG_Legacy","KEGG_P53_SIGNALING_PATHWAY","KEGG_P53_SIGNALING_PATHWAY","2/128","13/432",0.153846153846154,0.519230769230769,-1.14079644149345,0.935694912093007,0.997982294391386,0.796936859405099,"SHISA5/GADD45A",2
"Matrix-remodeling fibroblasts","MSigDB_KEGG_Legacy","KEGG_WNT_SIGNALING_PATHWAY","KEGG_WNT_SIGNALING_PATHWAY","2/128","13/432",0.153846153846154,0.519230769230769,-1.14079644149345,0.935694912093007,0.997982294391386,0.796936859405099,"SFRP2/NKD2",2
"Matrix-remodeling fibroblasts","MSigDB_KEGG_Legacy","KEGG_AXON_GUIDANCE","KEGG_AXON_GUIDANCE","3/128","18/432",0.166666666666667,0.5625,-1.22891251622727,0.939960565887608,0.997982294391386,0.796936859405099,"SEMA6B/CXCL12/CFL1",3
"Matrix-remodeling fibroblasts","MSigDB_KEGG_Legacy","KEGG_REGULATION_OF_ACTIN_CYTOSKELETON","KEGG_REGULATION_OF_ACTIN_CYTOSKELETON","4/128","24/432",0.166666666666667,0.5625,-1.42942187755217,0.958412407226302,0.997982294391386,0.796936859405099,"ARPC1B/TMSB4X/MYL9/CFL1",4
"Matrix-remodeling fibroblasts","MSigDB_KEGG_Legacy","KEGG_NEUROTROPHIN_SIGNALING_PATHWAY","KEGG_NEUROTROPHIN_SIGNALING_PATHWAY","2/128","15/432",0.133333333333333,0.45,-1.4052290511172,0.964750391716947,0.997982294391386,0.796936859405099,"NGFR/NTRK1",2
"Matrix-remodeling fibroblasts","MSigDB_KEGG_Legacy","KEGG_VASCULAR_SMOOTH_MUSCLE_CONTRACTION","KEGG_VASCULAR_SMOOTH_MUSCLE_CONTRACTION","1/128","10/432",0.1,0.3375,-1.37384103858546,0.971522269729933,0.997982294391386,0.796936859405099,"MYL9",1
"Matrix-remodeling fibroblasts","MSigDB_KEGG_Legacy","KEGG_RIBOSOME","KEGG_RIBOSOME","8/128","52/432",0.153846153846154,0.519230769230769,-2.39581547981872,0.996492735362647,0.997982294391386,0.796936859405099,"RPS26/RPL28/RPL29/RPLP0/UBA52/RPL37/RPL35/RPL22L1",8
"Matrix-remodeling fibroblasts","MSigDB_KEGG_Legacy","KEGG_PATHWAYS_IN_CANCER","KEGG_PATHWAYS_IN_CANCER","4/128","35/432",0.114285714285714,0.385714285714286,-2.4570614179417,0.997982294391386,0.997982294391386,0.796936859405099,"COL4A1/COL4A2/NTRK1/LAMA4",4
"Matrix-remodeling fibroblasts","MSigDB_Reactome","REACTOME_INNATE_IMMUNE_SYSTEM","REACTOME_INNATE_IMMUNE_SYSTEM","45/209","90/765",0.5,1.83014354066986,5.13694585171401,8.56739668597331e-07,0.000158496838690506,0.000147900321736802,"CTSC/C1R/C1S/CST3/B2M/BST2/SERPING1/S100A11/CD63/HLA-B/LGALS3/NPC2/SERPINA3/CFH/C3/CTSB/ARPC1B/CTSK/IFI16/APRT/CFB/CYBA/ISG15/POLR2L/GRN/DYNLT1/FGL2/MVP/ANPEP/S100A8/LAMTOR2/CYSTM1/UBE2L6/CD59/CFL1/PSMB3/CD81/CFI/CTSZ/CSTB/CTSD/HLA-C/UBA52/PSMB1/TRAPPC1",45
"Matrix-remodeling fibroblasts","MSigDB_Reactome","REACTOME_INTERFERON_ALPHA_BETA_SIGNALING","REACTOME_INTERFERON_ALPHA_BETA_SIGNALING","13/209","16/765",0.8125,2.97398325358852,4.88928071825299,8.72489559417472e-06,0.000807052842461161,0.00075309625128666,"IFITM3/IFITM2/HLA-A/BST2/IFITM1/HLA-B/PSMB8/ISG15/SAMHD1/IFI6/HLA-C/UBA52/IFI27",13
"Matrix-remodeling fibroblasts","MSigDB_Reactome","REACTOME_NEUTROPHIL_DEGRANULATION","REACTOME_NEUTROPHIL_DEGRANULATION","29/209","60/765",0.483333333333333,1.76913875598086,3.80249094681686,0.000239378998112911,0.0147617048836295,0.013774791470357,"CTSC/CST3/B2M/BST2/S100A11/CD63/HLA-B/LGALS3/NPC2/SERPINA3/C3/CTSB/APRT/CYBA/GRN/DYNLT1/FGL2/MVP/ANPEP/S100A8/LAMTOR2/CYSTM1/CD59/CTSZ/CSTB/CTSD/HLA-C/PSMB1/TRAPPC1",29
"Matrix-remodeling fibroblasts","MSigDB_Reactome","REACTOME_ANTIGEN_PROCESSING_CROSS_PRESENTATION","REACTOME_ANTIGEN_PROCESSING_CROSS_PRESENTATION","14/209","23/765",0.608695652173913,2.22800083211983,3.66389528568112,0.000629197005426853,0.0277631369072909,0.025906995463987,"B2M/HLA-A/HLA-B/PSME2/PSMB8/PSME1/TAPBP/CYBA/PSMB9/S100A8/PSMB3/HLA-C/UBA52/PSMB1",14
"Matrix-remodeling fibroblasts","MSigDB_Reactome","REACTOME_ADAPTIVE_IMMUNE_SYSTEM","REACTOME_ADAPTIVE_IMMUNE_SYSTEM","31/209","69/765",0.449275362318841,1.64447680465987,3.43882157969485,0.000750355051548403,0.0277631369072909,0.025906995463987,"CTSC/B2M/HLA-A/IFITM1/HLA-B/COL3A1/PSME2/C3/AP2S1/CTSB/PSMB8/CTSK/PSME1/TAPBP/TMEM258/CYBA/PSMB9/BTN3A2/ANAPC11/FKBP1A/S100A8/CLEC2B/UBE2L6/PSMB3/CD74/CD81/CTSD/HLA-C/OST4/UBA52/PSMB1",31
"Matrix-remodeling fibroblasts","MSigDB_Reactome","REACTOME_CYTOKINE_SIGNALING_IN_IMMUNE_SYSTEM","REACTOME_CYTOKINE_SIGNALING_IN_IMMUNE_SYSTEM","33/209","77/765",0.428571428571429,1.56869446343131,3.22413018954511,0.00140578287906849,0.0400407858678552,0.037363805873845,"IFITM3/TIMP1/IFITM2/CCL19/B2M/HLA-A/BST2/IFITM1/HLA-B/CCL2/PSME2/TNFRSF1A/PSMB8/F13A1/IL1R1/ISG15/SAMHD1/IFI6/UBE2L6/IL32/CFL1/PSMB3/IL18BP/MT2A/HLA-C/RPLP0/IL11RA/LTBR/LGALS9/UBA52/IFI27/PSMB1/IL6ST",33
"Matrix-remodeling fibroblasts","MSigDB_Reactome","REACTOME_NCAM_SIGNALING_FOR_NEURITE_OUT_GROWTH","REACTOME_NCAM_SIGNALING_FOR_NEURITE_OUT_GROWTH","10/209","15/765",0.666666666666667,2.44019138755981,3.45157753657138,0.00151505676256749,0.0400407858678552,0.037363805873845,"COL6A1/COL6A2/COL6A3/COL4A1/COL4A2/COL3A1/COL6A5/COL6A6/COL5A3/SPTBN1",10
"Matrix-remodeling fibroblasts","MSigDB_Reactome","REACTOME_NCAM1_INTERACTIONS","REACTOME_NCAM1_INTERACTIONS","9/209","13/765",0.692307692307692,2.53404490246596,3.41808811549987,0.00180574240244612,0.0417577930565666,0.0389660202633111,"COL6A1/COL6A2/COL6A3/COL4A1/COL4A2/COL3A1/COL6A5/COL6A6/COL5A3",9
"Matrix-remodeling fibroblasts","MSigDB_Reactome","REACTOME_RESPIRATORY_ELECTRON_TRANSPORT","REACTOME_RESPIRATORY_ELECTRON_TRANSPORT","10/209","16/765",0.625,2.28767942583732,3.18940202587447,0.00308039639679,0.06331925926735,0.0590859659735158,"COX7C/UQCR11/NDUFA12/UQCRQ/NDUFB1/NDUFA1/NDUFB10/UQCR10/NDUFS3/NDUFB2",10
"Matrix-remodeling fibroblasts","MSigDB_Reactome","REACTOME_IMMUNOREGULATORY_INTERACTIONS_BETWEEN_A_LYMPHOID_AND_A_NON_LYMPHOID_CELL","REACTOME_IMMUNOREGULATORY_INTERACTIONS_BETWEEN_A_LYMPHOID_AND_A_NON_LYMPHOID_CELL","9/209","14/765",0.642857142857143,2.35304169514696,3.13067262581609,0.00386306621390126,0.0714667249571733,0.0666887220084007,"B2M/HLA-A/IFITM1/HLA-B/COL3A1/C3/CLEC2B/CD81/HLA-C",9
"Matrix-remodeling fibroblasts","MSigDB_Reactome","REACTOME_CLASS_I_MHC_MEDIATED_ANTIGEN_PROCESSING_PRESENTATION","REACTOME_CLASS_I_MHC_MEDIATED_ANTIGEN_PROCESSING_PRESENTATION","16/209","32/765",0.5,1.83014354066986,2.93939953683457,0.00443732247114217,0.0746276961055728,0.0696383622265374,"B2M/HLA-A/HLA-B/PSME2/PSMB8/PSME1/TAPBP/CYBA/PSMB9/ANAPC11/S100A8/UBE2L6/PSMB3/HLA-C/UBA52/PSMB1",16
"Matrix-remodeling fibroblasts","MSigDB_Reactome","REACTOME_AMYLOID_FIBER_FORMATION","REACTOME_AMYLOID_FIBER_FORMATION","7/209","10/765",0.7,2.5622009569378,3.0468133527767,0.00572818500703235,0.0883095188584154,0.0824054685222198,"APOE/CST3/B2M/UBE2L6/TGFBI/UBA52/PSENEN",7
"Matrix-remodeling fibroblasts","MSigDB_Reactome","REACTOME_COLLAGEN_DEGRADATION","REACTOME_COLLAGEN_DEGRADATION","14/209","28/765",0.5,1.83014354066986,2.74208486269051,0.00778688993135385,0.110813433638497,0.103404854149152,"COL6A1/COL6A2/COL15A1/COL18A1/COL6A3/COL4A1/COL4A2/COL3A1/COL6A5/CTSB/CTSK/COL6A6/COL5A3/CTSD",14
"Matrix-remodeling fibroblasts","MSigDB_Reactome","REACTOME_INTERFERON_SIGNALING","REACTOME_INTERFERON_SIGNALING","16/209","34/765",0.470588235294118,1.72248803827751,2.6405467308176,0.00936312958136716,0.120933458074994,0.112848290892171,"IFITM3/IFITM2/B2M/HLA-A/BST2/IFITM1/HLA-B/PSMB8/ISG15/SAMHD1/IFI6/UBE2L6/MT2A/HLA-C/UBA52/IFI27",16
"Matrix-remodeling fibroblasts","MSigDB_Reactome","REACTOME_SIGNALING_BY_PDGF","REACTOME_SIGNALING_BY_PDGF","10/209","18/765",0.555555555555556,2.03349282296651,2.71872852110764,0.00980541551959413,0.120933458074994,0.112848290892171,"COL6A1/COL6A2/COL6A3/COL4A1/THBS4/COL4A2/COL3A1/COL6A5/COL6A6/COL5A3",10
"Matrix-remodeling fibroblasts","MSigDB_Reactome","REACTOME_ECM_PROTEOGLYCANS","REACTOME_ECM_PROTEOGLYCANS","15/209","33/765",0.454545454545455,1.66376685515441,2.38835796114675,0.0172103819413388,0.197900209518102,0.184669327800676,"COL6A1/COL6A2/COL6A3/COL4A1/COL4A2/VCAN/DCN/COL3A1/COL6A5/COL6A6/COL5A3/BGN/LAMA4/LUM/FMOD",15
"Matrix-remodeling fibroblasts","MSigDB_Reactome","REACTOME_AEROBIC_RESPIRATION_AND_RESPIRATORY_ELECTRON_TRANSPORT","REACTOME_AEROBIC_RESPIRATION_AND_RESPIRATORY_ELECTRON_TRANSPORT","11/209","22/765",0.5,1.83014354066986,2.42076456248483,0.0181854246584202,0.197900209518102,0.184669327800676,"COX7C/UQCR11/NDUFA12/UQCRQ/NDUFB1/NDUFA1/NDUFB10/UBA52/UQCR10/NDUFS3/NDUFB2",11
"Matrix-remodeling fibroblasts","MSigDB_Reactome","REACTOME_ASSEMBLY_OF_COLLAGEN_FIBRILS_AND_OTHER_MULTIMERIC_STRUCTURES","REACTOME_ASSEMBLY_OF_COLLAGEN_FIBRILS_AND_OTHER_MULTIMERIC_STRUCTURES","13/209","28/765",0.464285714285714,1.69941900205058,2.3102826971989,0.0215249201375041,0.221228345857681,0.206437830558519,"COL6A1/PCOLCE/COL6A2/COL15A1/COL18A1/COL6A3/COL4A1/COL4A2/COL3A1/COL6A5/CTSB/COL6A6/COL5A3",13
"Matrix-remodeling fibroblasts","MSigDB_Reactome","REACTOME_COLLAGEN_CHAIN_TRIMERIZATION","REACTOME_COLLAGEN_CHAIN_TRIMERIZATION","11/209","23/765",0.478260869565217,1.75057208237986,2.23942642567127,0.0266159641782697,0.259155440683152,0.241829259015858,"COL6A1/COL6A2/COL15A1/COL18A1/COL6A3/COL4A1/COL4A2/COL3A1/COL6A5/COL6A6/COL5A3",11
"Matrix-remodeling fibroblasts","MSigDB_Reactome","REACTOME_HIV_INFECTION","REACTOME_HIV_INFECTION","8/209","15/765",0.533333333333333,1.95215311004785,2.28193996603889,0.0280365494458097,0.25933808237374,0.241999689953305,"B2M/HLA-A/AP2S1/POLR2L/PSMB3/UBA52/PSMB1/POLR2G",8
"Matrix-remodeling fibroblasts","MSigDB_Reactome","REACTOME_SIGNALING_BY_INTERLEUKINS","REACTOME_SIGNALING_BY_INTERLEUKINS","17/209","41/765",0.414634146341463,1.51768000933598,2.08769218964505,0.0314484849200659,0.277046176676771,0.25852388605969,"TIMP1/CCL19/CCL2/PSME2/TNFRSF1A/F13A1/IL1R1/IL32/CFL1/PSMB3/IL18BP/RPLP0/IL11RA/LGALS9/UBA52/PSMB1/IL6ST",17
"Matrix-remodeling fibroblasts","MSigDB_Reactome","REACTOME_BIOLOGICAL_OXIDATIONS","REACTOME_BIOLOGICAL_OXIDATIONS","6/209","11/765",0.545454545454545,1.9965202261853,2.03976067240608,0.050379828546332,0.387823970427174,0.361895483072868,"NNMT/GGT5/FMO1/AHR/CYP1B1/FMO3",6
"Matrix-remodeling fibroblasts","MSigDB_Reactome","REACTOME_HOST_INTERACTIONS_OF_HIV_FACTORS","REACTOME_HOST_INTERACTIONS_OF_HIV_FACTORS","6/209","11/765",0.545454545454545,1.9965202261853,2.03976067240608,0.050379828546332,0.387823970427174,0.361895483072868,"B2M/HLA-A/AP2S1/PSMB3/UBA52/PSMB1",6
"Matrix-remodeling fibroblasts","MSigDB_Reactome","REACTOME_DEGRADATION_OF_THE_EXTRACELLULAR_MATRIX","REACTOME_DEGRADATION_OF_THE_EXTRACELLULAR_MATRIX","17/209","43/765",0.395348837209302,1.44709024145989,1.84902697184125,0.0504221678278498,0.387823970427174,0.361895483072868,"TIMP1/COL6A1/COL6A2/COL15A1/COL18A1/COL6A3/COL4A1/COL4A2/DCN/COL3A1/COL6A5/CTSB/CTSK/COL6A6/COL5A3/CTSD/BSG",17
"Matrix-remodeling fibroblasts","MSigDB_Reactome","REACTOME_REGULATION_OF_INSULIN_LIKE_GROWTH_FACTOR_IGF_TRANSPORT_AND_UPTAKE_BY_INSULIN_LIKE_GROWTH_FACTOR_BINDING_PROTEINS_IGFBPS","REACTOME_REGULATION_OF_INSULIN_LIKE_GROWTH_FACTOR_IGF_TRANSPORT_AND_UPTAKE_BY_INSULIN_LIKE_GROWTH_FACTOR_BINDING_PROTEINS_IGFBPS","14/209","34/765",0.411764705882353,1.50717703349282,1.85362883090507,0.0524086446523208,0.387823970427174,0.361895483072868,"TIMP1/IGFBP7/APOE/IGFBP4/CST3/FAM20C/APOL1/VCAN/FAM20A/C3/SHISA5/FSTL1/PRSS23/NUCB1",14
"Matrix-remodeling fibroblasts","MSigDB_Reactome","REACTOME_SIGNALING_BY_NOTCH","REACTOME_SIGNALING_BY_NOTCH","7/209","14/765",0.5,1.83014354066986,1.92078903968358,0.057970956075894,0.412485649001553,0.384908372325774,"HEYL/NOTCH3/MDK/PSMB3/UBA52/PSMB1/PSENEN",7
"Matrix-remodeling fibroblasts","MSigDB_Reactome","REACTOME_SARS_COV_2_ACTIVATES_MODULATES_INNATE_AND_ADAPTIVE_IMMUNE_RESPONSES","REACTOME_SARS_COV_2_ACTIVATES_MODULATES_INNATE_AND_ADAPTIVE_IMMUNE_RESPONSES","6/209","12/765",0.5,1.83014354066986,1.77594190317117,0.0783366010324764,0.536750784852153,0.500865597244684,"B2M/HLA-A/HLA-B/ISG15/HLA-C/UBA52",6
"Matrix-remodeling fibroblasts","MSigDB_Reactome","REACTOME_COLLAGEN_BIOSYNTHESIS_AND_MODIFYING_ENZYMES","REACTOME_COLLAGEN_BIOSYNTHESIS_AND_MODIFYING_ENZYMES","14/209","36/765",0.388888888888889,1.42344497607656,1.59465558175134,0.0831162884026805,0.549161191231996,0.512446289399985,"COL6A1/PCOLCE/COL6A2/COL15A1/COL18A1/COL6A3/COL4A1/COL4A2/PPIB/COL3A1/COL6A5/COL6A6/COL5A3/SERPINH1",14
"Matrix-remodeling fibroblasts","MSigDB_Reactome","REACTOME_ANTIGEN_PROCESSING_UBIQUITINATION_PROTEASOME_DEGRADATION","REACTOME_ANTIGEN_PROCESSING_UBIQUITINATION_PROTEASOME_DEGRADATION","5/209","10/765",0.5,1.83014354066986,1.61905701900998,0.106741877890056,0.598401436656376,0.558394512726291,"ANAPC11/UBE2L6/PSMB3/UBA52/PSMB1",5
"Matrix-remodeling fibroblasts","MSigDB_Reactome","REACTOME_COPII_MEDIATED_VESICLE_TRANSPORT","REACTOME_COPII_MEDIATED_VESICLE_TRANSPORT","5/209","10/765",0.5,1.83014354066986,1.61905701900998,0.106741877890056,0.598401436656376,0.558394512726291,"CTSC/TRAPPC2L/CD59/CTSZ/TRAPPC1",5
"Matrix-remodeling fibroblasts","MSigDB_Reactome","REACTOME_CO_INHIBITION_BY_PD_1","REACTOME_CO_INHIBITION_BY_PD_1","5/209","10/765",0.5,1.83014354066986,1.61905701900998,0.106741877890056,0.598401436656376,0.558394512726291,"TMEM258/PSMB3/OST4/UBA52/PSMB1",5
"Matrix-remodeling fibroblasts","MSigDB_Reactome","REACTOME_PEPTIDE_LIGAND_BINDING_RECEPTORS","REACTOME_PEPTIDE_LIGAND_BINDING_RECEPTORS","5/209","10/765",0.5,1.83014354066986,1.61905701900998,0.106741877890056,0.598401436656376,0.558394512726291,"CCL19/CCL2/APLNR/C3/CXCL12",5
"Matrix-remodeling fibroblasts","MSigDB_Reactome","REACTOME_PROCESSING_OF_CAPPED_INTRON_CONTAINING_PRE_MRNA","REACTOME_PROCESSING_OF_CAPPED_INTRON_CONTAINING_PRE_MRNA","5/209","10/765",0.5,1.83014354066986,1.61905701900998,0.106741877890056,0.598401436656376,0.558394512726291,"POLR2L/HNRNPC/UBA52/THOC7/POLR2G",5
"Matrix-remodeling fibroblasts","MSigDB_Reactome","REACTOME_TRANSCRIPTIONAL_REGULATION_BY_RUNX1","REACTOME_TRANSCRIPTIONAL_REGULATION_BY_RUNX1","6/209","13/765",0.461538461538462,1.68936326831064,1.53600744729636,0.113342235334991,0.616715104028626,0.575483795508932,"LGALS3/CTSK/MYL9/PSMB3/UBA52/PSMB1",6
"Matrix-remodeling fibroblasts","MSigDB_Reactome","REACTOME_COLLAGEN_FORMATION","REACTOME_COLLAGEN_FORMATION","15/209","41/765",0.365853658536585,1.33912942000233,1.36763604668812,0.118835379293424,0.628129861979525,0.586135404635233,"COL6A1/PCOLCE/COL6A2/COL15A1/COL18A1/COL6A3/COL4A1/COL4A2/PPIB/COL3A1/COL6A5/CTSB/COL6A6/COL5A3/SERPINH1",15
"Matrix-remodeling fibroblasts","MSigDB_Reactome","REACTOME_INTEGRIN_CELL_SURFACE_INTERACTIONS","REACTOME_INTEGRIN_CELL_SURFACE_INTERACTIONS","12/209","32/765",0.375,1.37260765550239,1.31934143476076,0.132872848709478,0.682818805868152,0.637168046443112,"COL6A1/COL6A2/COL18A1/COL6A3/COL4A1/COL4A2/COL3A1/COL6A5/COL6A6/COL5A3/LUM/BSG",12
"Matrix-remodeling fibroblasts","MSigDB_Reactome","REACTOME_REGULATION_OF_T_CELL_ACTIVATION_BY_CD28_FAMILY","REACTOME_REGULATION_OF_T_CELL_ACTIVATION_BY_CD28_FAMILY","5/209","11/765",0.454545454545455,1.66376685515441,1.35865333308236,0.15371025234316,0.753975750899289,0.703567699274443,"TMEM258/PSMB3/OST4/UBA52/PSMB1",5
"Matrix-remodeling fibroblasts","MSigDB_Reactome","REACTOME_CLASS_A_1_RHODOPSIN_LIKE_RECEPTORS","REACTOME_CLASS_A_1_RHODOPSIN_LIKE_RECEPTORS","6/209","14/765",0.428571428571429,1.56869446343131,1.31584724661732,0.154870694779313,0.753975750899289,0.703567699274443,"CCL19/CCL2/APLNR/C3/CMKLR1/CXCL12",6
"Matrix-remodeling fibroblasts","MSigDB_Reactome","REACTOME_SIGNALING_BY_RECEPTOR_TYROSINE_KINASES","REACTOME_SIGNALING_BY_RECEPTOR_TYROSINE_KINASES","23/209","70/765",0.328571428571429,1.20266575529733,1.08998222536152,0.170549590588367,0.783601761652402,0.731213023675641,"APOE/COL6A1/COL6A2/SPRY1/COL6A3/COL4A1/THBS4/COL4A2/NTRK1/COL3A1/COL6A5/AP2S1/MDK/COL6A6/COL5A3/CYBA/LAMA4/POLR2L/CXCL12/CTSD/UBA52/PSENEN/POLR2G",23
"Matrix-remodeling fibroblasts","MSigDB_Reactome","REACTOME_POST_TRANSLATIONAL_PROTEIN_MODIFICATION","REACTOME_POST_TRANSLATIONAL_PROTEIN_MODIFICATION","40/209","129/765",0.310077519379845,1.13497273839991,1.03013651803151,0.177703163952166,0.783601761652402,0.731213023675641,"CTSC/TIMP1/IGFBP7/APOE/IGFBP4/THY1/CST3/HLA-A/LY6E/FAM20C/APOL1/VCAN/FAM20A/RAB13/PSME2/C3/PSMB8/PSME1/ST6GALNAC6/DPM3/SHISA5/TMEM258/PSMB9/FSTL1/PRSS23/TRAPPC2L/PARK7/ARF5/CD59/PSMB3/MAN1C1/CTSZ/HIC1/HNRNPC/OST4/UBA52/NUCB1/PSMB1/SPTBN1/TRAPPC1",40
"Matrix-remodeling fibroblasts","MSigDB_Reactome","REACTOME_CELLULAR_RESPONSE_TO_CHEMICAL_STRESS","REACTOME_CELLULAR_RESPONSE_TO_CHEMICAL_STRESS","8/209","21/765",0.380952380952381,1.3943950786056,1.12288968708353,0.188306221683177,0.783601761652402,0.731213023675641,"SOD3/COX7C/CCL2/GPX1/CYBA/PSMB3/UBA52/PSMB1",8
"Matrix-remodeling fibroblasts","MSigDB_Reactome","REACTOME_DISEASES_OF_METABOLISM","REACTOME_DISEASES_OF_METABOLISM","12/209","34/765",0.352941176470588,1.29186602870813,1.06671093099254,0.190138438828342,0.783601761652402,0.731213023675641,"VCAN/DCN/NOTCH3/CYP1B1/APRT/DPM3/BGN/ECHS1/FMO3/LUM/FMOD/UBA52",12
"Matrix-remodeling fibroblasts","MSigDB_Reactome","REACTOME_REGULATION_OF_HOMOTYPIC_CELL_CELL_ADHESION","REACTOME_REGULATION_OF_HOMOTYPIC_CELL_CELL_ADHESION","7/209","18/765",0.388888888888889,1.42344497607656,1.11392349128716,0.195376938183496,0.783601761652402,0.731213023675641,"HEYL/CTSB/TMEM258/PSMB3/OST4/UBA52/PSMB1",7
"Matrix-remodeling fibroblasts","MSigDB_Reactome","REACTOME_BACTERIAL_INFECTION_PATHWAYS","REACTOME_BACTERIAL_INFECTION_PATHWAYS","6/209","15/765",0.4,1.46411483253589,1.11230239550639,0.20200878338071,0.783601761652402,0.731213023675641,"B2M/COL4A1/COL4A2/COL5A3/LAMA4/UBA52",6
"Matrix-remodeling fibroblasts","MSigDB_Reactome","REACTOME_BINDING_AND_UPTAKE_OF_LIGANDS_BY_SCAVENGER_RECEPTORS","REACTOME_BINDING_AND_UPTAKE_OF_LIGANDS_BY_SCAVENGER_RECEPTORS","5/209","12/765",0.416666666666667,1.52511961722488,1.12339840849012,0.207548574707933,0.783601761652402,0.731213023675641,"APOE/APOL1/COL4A1/COL4A2/COL3A1",5
"Matrix-remodeling fibroblasts","MSigDB_Reactome","REACTOME_DEATH_RECEPTOR_SIGNALING","REACTOME_DEATH_RECEPTOR_SIGNALING","5/209","12/765",0.416666666666667,1.52511961722488,1.12339840849012,0.207548574707933,0.783601761652402,0.731213023675641,"NGFR/TNFRSF1A/TNFSF10/UBA52/PSENEN",5
"Matrix-remodeling fibroblasts","MSigDB_Reactome","REACTOME_DISEASES_ASSOCIATED_WITH_GLYCOSAMINOGLYCAN_METABOLISM","REACTOME_DISEASES_ASSOCIATED_WITH_GLYCOSAMINOGLYCAN_METABOLISM","5/209","12/765",0.416666666666667,1.52511961722488,1.12339840849012,0.207548574707933,0.783601761652402,0.731213023675641,"VCAN/DCN/BGN/LUM/FMOD",5
"Matrix-remodeling fibroblasts","MSigDB_Reactome","REACTOME_EPH_EPHRIN_SIGNALING","REACTOME_EPH_EPHRIN_SIGNALING","5/209","12/765",0.416666666666667,1.52511961722488,1.12339840849012,0.207548574707933,0.783601761652402,0.731213023675641,"AP2S1/ARPC1B/MYL9/CFL1/PSENEN",5
"Matrix-remodeling fibroblasts","MSigDB_Reactome","REACTOME_INFECTION_WITH_ENTEROBACTERIA","REACTOME_INFECTION_WITH_ENTEROBACTERIA","5/209","12/765",0.416666666666667,1.52511961722488,1.12339840849012,0.207548574707933,0.783601761652402,0.731213023675641,"COL4A1/COL4A2/COL5A3/LAMA4/UBA52",5
"Matrix-remodeling fibroblasts","MSigDB_Reactome","REACTOME_GLYCOSAMINOGLYCAN_METABOLISM","REACTOME_GLYCOSAMINOGLYCAN_METABOLISM","7/209","19/765",0.368421052631579,1.34852681944095,0.942596920022379,0.241390588045981,0.86247913989574,0.804816949888486,"HAS2/CHST1/VCAN/DCN/BGN/LUM/FMOD",7
"Matrix-remodeling fibroblasts","MSigDB_Reactome","REACTOME_GPCR_LIGAND_BINDING","REACTOME_GPCR_LIGAND_BINDING","6/209","16/765",0.375,1.37260765550239,0.92289710270311,0.253577852310639,0.86247913989574,0.804816949888486,"CCL19/CCL2/APLNR/C3/CMKLR1/CXCL12",6
"Matrix-remodeling fibroblasts","MSigDB_Reactome","REACTOME_PLASMA_LIPOPROTEIN_ASSEMBLY_REMODELING_AND_CLEARANCE","REACTOME_PLASMA_LIPOPROTEIN_ASSEMBLY_REMODELING_AND_CLEARANCE","5/209","13/765",0.384615384615385,1.4078027235922,0.908647224561865,0.266427536816023,0.86247913989574,0.804816949888486,"APOE/NPC2/AP2S1/APOC1/UBA52",5
"Matrix-remodeling fibroblasts","MSigDB_Reactome","REACTOME_RESPONSE_TO_ELEVATED_PLATELET_CYTOSOLIC_CA2","REACTOME_RESPONSE_TO_ELEVATED_PLATELET_CYTOSOLIC_CA2","11/209","33/765",0.333333333333333,1.2200956937799,0.791945693538832,0.270908043185984,0.86247913989574,0.804816949888486,"TIMP1/LGALS3BP/SERPING1/RARRES2/CD63/SERPINA3/F13A1/TMSB4X/CFL1/VTI1B/ECM1",11
"Matrix-remodeling fibroblasts","MSigDB_Reactome","REACTOME_ATTACHMENT_OF_BACTERIA_TO_EPITHELIAL_CELLS","REACTOME_ATTACHMENT_OF_BACTERIA_TO_EPITHELIAL_CELLS","4/209","10/765",0.4,1.46411483253589,0.905178852126615,0.27972296429051,0.86247913989574,0.804816949888486,"COL4A1/COL4A2/COL5A3/LAMA4",4
"Matrix-remodeling fibroblasts","MSigDB_Reactome","REACTOME_CELLULAR_SENESCENCE","REACTOME_CELLULAR_SENESCENCE","4/209","10/765",0.4,1.46411483253589,0.905178852126615,0.27972296429051,0.86247913989574,0.804816949888486,"IGFBP7/ANAPC11/MAP4K4/UBA52",4
"Matrix-remodeling fibroblasts","MSigDB_Reactome","REACTOME_ESTROGEN_DEPENDENT_GENE_EXPRESSION","REACTOME_ESTROGEN_DEPENDENT_GENE_EXPRESSION","4/209","10/765",0.4,1.46411483253589,0.905178852126615,0.27972296429051,0.86247913989574,0.804816949888486,"POLR2L/CXCL12/CTSD/POLR2G",4
"Matrix-remodeling fibroblasts","MSigDB_Reactome","REACTOME_MATURATION_OF_DENV_PROTEINS","REACTOME_MATURATION_OF_DENV_PROTEINS","4/209","10/765",0.4,1.46411483253589,0.905178852126615,0.27972296429051,0.86247913989574,0.804816949888486,"DPM3/TMEM258/OST4/UBA52",4
"Matrix-remodeling fibroblasts","MSigDB_Reactome","REACTOME_PCP_CE_PATHWAY","REACTOME_PCP_CE_PATHWAY","4/209","10/765",0.4,1.46411483253589,0.905178852126615,0.27972296429051,0.86247913989574,0.804816949888486,"AP2S1/PSMB3/UBA52/PSMB1",4
"Matrix-remodeling fibroblasts","MSigDB_Reactome","REACTOME_POTENTIAL_THERAPEUTICS_FOR_SARS","REACTOME_POTENTIAL_THERAPEUTICS_FOR_SARS","4/209","10/765",0.4,1.46411483253589,0.905178852126615,0.27972296429051,0.86247913989574,0.804816949888486,"AP2S1/IL1R1/FXYD1/FKBP1A",4
"Matrix-remodeling fibroblasts","MSigDB_Reactome","REACTOME_S_PHASE","REACTOME_S_PHASE","4/209","10/765",0.4,1.46411483253589,0.905178852126615,0.27972296429051,0.86247913989574,0.804816949888486,"ANAPC11/PSMB3/UBA52/PSMB1",4
"Matrix-remodeling fibroblasts","MSigDB_Reactome","REACTOME_ADHERENS_JUNCTIONS_INTERACTIONS","REACTOME_ADHERENS_JUNCTIONS_INTERACTIONS","7/209","20/765",0.35,1.2811004784689,0.780514315370521,0.290431326855905,0.880816319153154,0.821928172637936,"HEYL/CTSB/TMEM258/PSMB3/OST4/UBA52/PSMB1",7
"Matrix-remodeling fibroblasts","MSigDB_Reactome","REACTOME_MHC_CLASS_II_ANTIGEN_PRESENTATION","REACTOME_MHC_CLASS_II_ANTIGEN_PRESENTATION","6/209","17/765",0.352941176470588,1.29186602870813,0.745657923664303,0.308257714693434,0.919801245456216,0.8583067098425,"CTSC/AP2S1/CTSB/CTSK/CD74/CTSD",6
"Matrix-remodeling fibroblasts","MSigDB_Reactome","REACTOME_TRANSCRIPTIONAL_REGULATION_BY_RUNX2","REACTOME_TRANSCRIPTIONAL_REGULATION_BY_RUNX2","4/209","11/765",0.363636363636364,1.33101348412353,0.677545993758633,0.351730228260425,0.998462258233999,0.931708735990759,"LGALS3/PSMB3/UBA52/PSMB1",4
"Matrix-remodeling fibroblasts","MSigDB_Reactome","REACTOME_EXTRACELLULAR_MATRIX_ORGANIZATION","REACTOME_EXTRACELLULAR_MATRIX_ORGANIZATION","28/209","96/765",0.291666666666667,1.06758373205742,0.433857545116472,0.372960520774505,0.998462258233999,0.931708735990759,"TIMP1/COL6A1/PCOLCE/COL6A2/COL15A1/COL18A1/COL6A3/EMILIN1/COL4A1/COL4A2/VCAN/DCN/EFEMP1/PPIB/COL3A1/COL6A5/CTSB/CTSK/COL6A6/COL5A3/FBLN2/BGN/LAMA4/SERPINH1/LUM/CTSD/FMOD/BSG",28
"Matrix-remodeling fibroblasts","MSigDB_Reactome","REACTOME_ASPARAGINE_N_LINKED_GLYCOSYLATION","REACTOME_ASPARAGINE_N_LINKED_GLYCOSYLATION","13/209","43/765",0.302325581395349,1.10659841993991,0.440858098313569,0.387167369464994,0.998462258233999,0.931708735990759,"CTSC/ST6GALNAC6/DPM3/TMEM258/TRAPPC2L/ARF5/CD59/MAN1C1/CTSZ/OST4/UBA52/SPTBN1/TRAPPC1",13
"Matrix-remodeling fibroblasts","MSigDB_Reactome","REACTOME_DENGUE_VIRUS_HOST_INTERACTIONS","REACTOME_DENGUE_VIRUS_HOST_INTERACTIONS","5/209","15/765",0.333333333333333,1.2200956937799,0.527483610240145,0.39160094856427,0.998462258233999,0.931708735990759,"C1S/POLR2L/DYNLT1/HNRNPC/POLR2G",5
"Matrix-remodeling fibroblasts","MSigDB_Reactome","REACTOME_CELL_CELL_COMMUNICATION","REACTOME_CELL_CELL_COMMUNICATION","9/209","29/765",0.310344827586207,1.13595116317439,0.457325529643085,0.392502487633745,0.998462258233999,0.931708735990759,"HEYL/CTSB/TMEM258/FBLIM1/PSMB3/OST4/UBA52/PSMB1/SPTBN1",9
"Matrix-remodeling fibroblasts","MSigDB_Reactome","REACTOME_METABOLISM_OF_CARBOHYDRATES_AND_CARBOHYDRATE_DERIVATIVES","REACTOME_METABOLISM_OF_CARBOHYDRATES_AND_CARBOHYDRATE_DERIVATIVES","10/209","33/765",0.303030303030303,1.10917790343628,0.392842626636852,0.413000429965041,0.998462258233999,0.931708735990759,"HAS2/CHST1/VCAN/DCN/GAPDH/ST6GALNAC6/BGN/LUM/FMOD/UBA52",10
"Matrix-remodeling fibroblasts","MSigDB_Reactome","REACTOME_CELL_JUNCTION_ORGANIZATION","REACTOME_CELL_JUNCTION_ORGANIZATION","8/209","26/765",0.307692307692308,1.12624217887376,0.401283555635139,0.417557869863342,0.998462258233999,0.931708735990759,"HEYL/CTSB/TMEM258/FBLIM1/PSMB3/OST4/UBA52/PSMB1",8
"Matrix-remodeling fibroblasts","MSigDB_Reactome","REACTOME_CELL_CYCLE_CHECKPOINTS","REACTOME_CELL_CYCLE_CHECKPOINTS","4/209","12/765",0.333333333333333,1.2200956937799,0.470854913809072,0.423821055036671,0.998462258233999,0.931708735990759,"ANAPC11/PSMB3/UBA52/PSMB1",4
"Matrix-remodeling fibroblasts","MSigDB_Reactome","REACTOME_LEISHMANIA_INFECTION","REACTOME_LEISHMANIA_INFECTION","4/209","12/765",0.333333333333333,1.2200956937799,0.470854913809072,0.423821055036671,0.998462258233999,0.931708735990759,"GGT5/C3/ARPC1B/CYBA",4
"Matrix-remodeling fibroblasts","MSigDB_Reactome","REACTOME_METABOLISM_OF_LIPIDS","REACTOME_METABOLISM_OF_LIPIDS","9/209","30/765",0.3,1.09808612440191,0.335820310867173,0.438104006465506,0.998462258233999,0.931708735990759,"PTGDS/GGT5/AHR/CYP1B1/PLEKHA4/GPX1/ST6GALNAC6/ECHS1/HSD11B2",9
"Matrix-remodeling fibroblasts","MSigDB_Reactome","REACTOME_SARS_COV_INFECTIONS","REACTOME_SARS_COV_INFECTIONS","15/209","52/765",0.288461538461538,1.05585204269415,0.255610326324867,0.454017243192827,0.998462258233999,0.931708735990759,"B2M/HLA-A/BST2/RPS26/PPIB/HLA-B/AP2S1/IL1R1/TMEM258/FXYD1/ISG15/FKBP1A/HLA-C/OST4/UBA52",15
"Matrix-remodeling fibroblasts","MSigDB_Reactome","REACTOME_DNA_REPAIR","REACTOME_DNA_REPAIR","5/209","16/765",0.3125,1.14383971291866,0.35627087191027,0.454338719588648,0.998462258233999,0.931708735990759,"ISG15/POLR2L/UBE2L6/UBA52/POLR2G",5
"Matrix-remodeling fibroblasts","MSigDB_Reactome","REACTOME_DENGUE_VIRUS_INFECTION","REACTOME_DENGUE_VIRUS_INFECTION","11/209","38/765",0.289473684210526,1.0595567867036,0.230748176375354,0.472170096552414,0.998462258233999,0.931708735990759,"C1S/LY6E/AP2S1/DPM3/TMEM258/POLR2L/DYNLT1/HNRNPC/OST4/UBA52/POLR2G",11
"Matrix-remodeling fibroblasts","MSigDB_Reactome","REACTOME_TRANSPORT_OF_SMALL_MOLECULES","REACTOME_TRANSPORT_OF_SMALL_MOLECULES","11/209","38/765",0.289473684210526,1.0595567867036,0.230748176375354,0.472170096552414,0.998462258233999,0.931708735990759,"APOE/CYGB/NPC2/AP2S1/APOC1/FXYD1/PSMB3/SLC27A4/BSG/UBA52/PSMB1",11
"Matrix-remodeling fibroblasts","MSigDB_Reactome","REACTOME_BETA_CATENIN_INDEPENDENT_WNT_SIGNALING","REACTOME_BETA_CATENIN_INDEPENDENT_WNT_SIGNALING","4/209","13/765",0.307692307692308,1.12624217887376,0.281287001827364,0.493773729801404,0.998462258233999,0.931708735990759,"AP2S1/PSMB3/UBA52/PSMB1",4
"Matrix-remodeling fibroblasts","MSigDB_Reactome","REACTOME_DEVELOPMENTAL_CELL_LINEAGES_OF_THE_EXOCRINE_PANCREAS","REACTOME_DEVELOPMENTAL_CELL_LINEAGES_OF_THE_EXOCRINE_PANCREAS","4/209","13/765",0.307692307692308,1.12624217887376,0.281287001827364,0.493773729801404,0.998462258233999,0.931708735990759,"COL3A1/COL5A3/LAMA4/CD74",4
"Matrix-remodeling fibroblasts","MSigDB_Reactome","REACTOME_DEVELOPMENTAL_LINEAGE_OF_PANCREATIC_DUCTAL_CELLS","REACTOME_DEVELOPMENTAL_LINEAGE_OF_PANCREATIC_DUCTAL_CELLS","4/209","13/765",0.307692307692308,1.12624217887376,0.281287001827364,0.493773729801404,0.998462258233999,0.931708735990759,"COL3A1/COL5A3/LAMA4/CD74",4
"Matrix-remodeling fibroblasts","MSigDB_Reactome","REACTOME_SIGNALING_BY_NUCLEAR_RECEPTORS","REACTOME_SIGNALING_BY_NUCLEAR_RECEPTORS","7/209","24/765",0.291666666666667,1.06758373205742,0.206120465121871,0.497049585470455,0.998462258233999,0.931708735990759,"APOE/ALDH1A3/APOC1/POLR2L/CXCL12/CTSD/POLR2G",7
"Matrix-remodeling fibroblasts","MSigDB_Reactome","REACTOME_VESICLE_MEDIATED_TRANSPORT","REACTOME_VESICLE_MEDIATED_TRANSPORT","17/209","61/765",0.278688524590164,1.020080006275,0.100167044242065,0.512074809987161,0.998462258233999,0.931708735990759,"CTSC/APOE/APOL1/COL4A1/DAB2/COL4A2/RAB13/COL3A1/AP2S1/TRAPPC2L/ARF5/CD59/MAN1C1/CTSZ/UBA52/SPTBN1/TRAPPC1",17
"Matrix-remodeling fibroblasts","MSigDB_Reactome","REACTOME_CLATHRIN_MEDIATED_ENDOCYTOSIS","REACTOME_CLATHRIN_MEDIATED_ENDOCYTOSIS","3/209","10/765",0.3,1.09808612440191,0.191300685243254,0.543633082238499,0.998462258233999,0.931708735990759,"DAB2/AP2S1/UBA52",3
"Matrix-remodeling fibroblasts","MSigDB_Reactome","REACTOME_DETOXIFICATION_OF_REACTIVE_OXYGEN_SPECIES","REACTOME_DETOXIFICATION_OF_REACTIVE_OXYGEN_SPECIES","3/209","10/765",0.3,1.09808612440191,0.191300685243254,0.543633082238499,0.998462258233999,0.931708735990759,"SOD3/GPX1/CYBA",3
"Matrix-remodeling fibroblasts","MSigDB_Reactome","REACTOME_MAPK6_MAPK4_SIGNALING","REACTOME_MAPK6_MAPK4_SIGNALING","3/209","10/765",0.3,1.09808612440191,0.191300685243254,0.543633082238499,0.998462258233999,0.931708735990759,"PSMB3/UBA52/PSMB1",3
"Matrix-remodeling fibroblasts","MSigDB_Reactome","REACTOME_NEDDYLATION","REACTOME_NEDDYLATION","3/209","10/765",0.3,1.09808612440191,0.191300685243254,0.543633082238499,0.998462258233999,0.931708735990759,"PSMB3/UBA52/PSMB1",3
"Matrix-remodeling fibroblasts","MSigDB_Reactome","REACTOME_P75_NTR_RECEPTOR_MEDIATED_SIGNALLING","REACTOME_P75_NTR_RECEPTOR_MEDIATED_SIGNALLING","3/209","10/765",0.3,1.09808612440191,0.191300685243254,0.543633082238499,0.998462258233999,0.931708735990759,"NGFR/UBA52/PSENEN",3
"Matrix-remodeling fibroblasts","MSigDB_Reactome","REACTOME_RESPIRATORY_SYNCYTIAL_VIRUS_INFECTION_PATHWAY","REACTOME_RESPIRATORY_SYNCYTIAL_VIRUS_INFECTION_PATHWAY","3/209","10/765",0.3,1.09808612440191,0.191300685243254,0.543633082238499,0.998462258233999,0.931708735990759,"ISG15/UBE2L6/UBA52",3
"Matrix-remodeling fibroblasts","MSigDB_Reactome","REACTOME_TRANSCRIPTIONAL_REGULATION_BY_TP53","REACTOME_TRANSCRIPTIONAL_REGULATION_BY_TP53","7/209","25/765",0.28,1.02488038277512,0.077498559212503,0.546840043371887,0.998462258233999,0.931708735990759,"COX7C/POLR2L/LAMTOR2/GADD45A/TMEM219/UBA52/POLR2G",7
"Matrix-remodeling fibroblasts","MSigDB_Reactome","REACTOME_PLATELET_ACTIVATION_SIGNALING_AND_AGGREGATION","REACTOME_PLATELET_ACTIVATION_SIGNALING_AND_AGGREGATION","11/209","40/765",0.275,1.00657894736842,0.0261878491739747,0.552185061315837,0.998462258233999,0.931708735990759,"TIMP1/LGALS3BP/SERPING1/RARRES2/CD63/SERPINA3/F13A1/TMSB4X/CFL1/VTI1B/ECM1",11
"Matrix-remodeling fibroblasts","MSigDB_Reactome","REACTOME_TRANSPORT_TO_THE_GOLGI_AND_SUBSEQUENT_MODIFICATION","REACTOME_TRANSPORT_TO_THE_GOLGI_AND_SUBSEQUENT_MODIFICATION","8/209","29/765",0.275862068965517,1.00973436726613,0.032745395933182,0.559481183455516,0.998462258233999,0.931708735990759,"CTSC/TRAPPC2L/ARF5/CD59/MAN1C1/CTSZ/SPTBN1/TRAPPC1",8
"Matrix-remodeling fibroblasts","MSigDB_Reactome","REACTOME_METABOLISM_OF_NUCLEOTIDES","REACTOME_METABOLISM_OF_NUCLEOTIDES","4/209","14/765",0.285714285714286,1.0457963089542,0.105963660484808,0.559921797654065,0.998462258233999,0.931708735990759,"APRT/TYMP/SAMHD1/NME3",4
"Matrix-remodeling fibroblasts","MSigDB_Reactome","REACTOME_TCF_DEPENDENT_SIGNALING_IN_RESPONSE_TO_WNT","REACTOME_TCF_DEPENDENT_SIGNALING_IN_RESPONSE_TO_WNT","4/209","14/765",0.285714285714286,1.0457963089542,0.105963660484808,0.559921797654065,0.998462258233999,0.931708735990759,"SFRP2/PSMB3/UBA52/PSMB1",4
"Matrix-remodeling fibroblasts","MSigDB_Reactome","REACTOME_DEVELOPMENTAL_CELL_LINEAGES","REACTOME_DEVELOPMENTAL_CELL_LINEAGES","5/209","18/765",0.277777777777778,1.01674641148325,0.0440534714068366,0.573093382659058,0.998462258233999,0.931708735990759,"ALDH1A3/COL3A1/COL5A3/LAMA4/CD74",5
"Matrix-remodeling fibroblasts","MSigDB_Reactome","REACTOME_MAPK1_MAPK3_SIGNALING","REACTOME_MAPK1_MAPK3_SIGNALING","6/209","22/765",0.272727272727273,0.998260113092649,-0.0050736485459467,0.584408424569035,0.998462258233999,0.931708735990759,"LAMTOR2/PSMB3/UBA52/PSMB1/SPTBN1/IL6ST",6
"Matrix-remodeling fibroblasts","MSigDB_Reactome","REACTOME_INFECTIOUS_DISEASE","REACTOME_INFECTIOUS_DISEASE","39/209","145/765",0.268965517241379,0.984491008084474,-0.127102517461145,0.587577193889766,0.998462258233999,0.931708735990759,"C1S/B2M/HLA-A/BST2/LY6E/GGT5/COL4A1/COL4A2/RPS26/PPIB/HLA-B/RPL28/C3/AP2S1/ARPC1B/DPM3/COL5A3/IL1R1/RPL29/TMEM258/CYBA/FXYD1/ISG15/LAMA4/POLR2L/DYNLT1/FKBP1A/UBE2L6/PSMB3/HNRNPC/HLA-C/OST4/RPLP0/UBA52/PSMB1/POLR2G/RPL37/RPL35/RPL22L1",39
"Matrix-remodeling fibroblasts","MSigDB_Reactome","REACTOME_RNA_POLYMERASE_II_TRANSCRIPTION","REACTOME_RNA_POLYMERASE_II_TRANSCRIPTION","16/209","60/765",0.266666666666667,0.976076555023923,-0.118273435359777,0.59900856102756,0.998462258233999,0.931708735990759,"APOE/NOTCH3/COX7C/LGALS3/CTSK/POLR2L/ANAPC11/LAMTOR2/GADD45A/MYL9/PSMB3/TMEM219/UBA52/PSMB1/THOC7/POLR2G",16
"Matrix-remodeling fibroblasts","MSigDB_Reactome","REACTOME_DEUBIQUITINATION","REACTOME_DEUBIQUITINATION","3/209","11/765",0.272727272727273,0.998260113092649,-0.00356134556509136,0.615596652480276,0.998462258233999,0.931708735990759,"PSMB3/UBA52/PSMB1",3
"Matrix-remodeling fibroblasts","MSigDB_Reactome","REACTOME_HEDGEHOG_OFF_STATE","REACTOME_HEDGEHOG_OFF_STATE","3/209","11/765",0.272727272727273,0.998260113092649,-0.00356134556509136,0.615596652480276,0.998462258233999,0.931708735990759,"PSMB3/UBA52/PSMB1",3
"Matrix-remodeling fibroblasts","MSigDB_Reactome","REACTOME_MITOTIC_G2_G2_M_PHASES","REACTOME_MITOTIC_G2_G2_M_PHASES","3/209","11/765",0.272727272727273,0.998260113092649,-0.00356134556509136,0.615596652480276,0.998462258233999,0.931708735990759,"PSMB3/UBA52/PSMB1",3
"Matrix-remodeling fibroblasts","MSigDB_Reactome","REACTOME_SIGNALING_BY_FGFR","REACTOME_SIGNALING_BY_FGFR","3/209","11/765",0.272727272727273,0.998260113092649,-0.00356134556509136,0.615596652480276,0.998462258233999,0.931708735990759,"POLR2L/UBA52/POLR2G",3
"Matrix-remodeling fibroblasts","MSigDB_Reactome","REACTOME_ESR_MEDIATED_SIGNALING","REACTOME_ESR_MEDIATED_SIGNALING","4/209","15/765",0.266666666666667,0.976076555023923,-0.0573351750261025,0.621129379141263,0.998462258233999,0.931708735990759,"POLR2L/CXCL12/CTSD/POLR2G",4
"Matrix-remodeling fibroblasts","MSigDB_Reactome","REACTOME_SIGNALING_BY_TGFB_FAMILY_MEMBERS","REACTOME_SIGNALING_BY_TGFB_FAMILY_MEMBERS","6/209","23/765",0.260869565217391,0.954857499479925,-0.134688341011825,0.633360161720311,0.998462258233999,0.931708735990759,"TIMP1/FSTL1/FKBP1A/ACVRL1/UBA52/PSENEN",6
"Matrix-remodeling fibroblasts","MSigDB_Reactome","REACTOME_DISEASES_OF_GLYCOSYLATION","REACTOME_DISEASES_OF_GLYCOSYLATION","7/209","27/765",0.259259259259259,0.94896331738437,-0.165431636222014,0.6394644918331,0.998462258233999,0.931708735990759,"VCAN/DCN/NOTCH3/DPM3/BGN/LUM/FMOD",7
"Matrix-remodeling fibroblasts","MSigDB_Reactome","REACTOME_ER_TO_GOLGI_ANTEROGRADE_TRANSPORT","REACTOME_ER_TO_GOLGI_ANTEROGRADE_TRANSPORT","7/209","27/765",0.259259259259259,0.94896331738437,-0.165431636222014,0.6394644918331,0.998462258233999,0.931708735990759,"CTSC/TRAPPC2L/ARF5/CD59/CTSZ/SPTBN1/TRAPPC1",7
"Matrix-remodeling fibroblasts","MSigDB_Reactome","REACTOME_RHO_GTPASE_EFFECTORS","REACTOME_RHO_GTPASE_EFFECTORS","6/209","24/765",0.25,0.915071770334928,-0.259018637586775,0.678797020470263,0.998462258233999,0.931708735990759,"ARPC1B/CYBA/S100A8/MYL9/CFL1/RHOC",6
"Matrix-remodeling fibroblasts","MSigDB_Reactome","REACTOME_MET_ACTIVATES_PTK2_SIGNALING","REACTOME_MET_ACTIVATES_PTK2_SIGNALING","3/209","12/765",0.25,0.915071770334928,-0.181688580871979,0.679521851628145,0.998462258233999,0.931708735990759,"COL3A1/COL5A3/LAMA4",3
"Matrix-remodeling fibroblasts","MSigDB_Reactome","REACTOME_MET_PROMOTES_CELL_MOTILITY","REACTOME_MET_PROMOTES_CELL_MOTILITY","3/209","12/765",0.25,0.915071770334928,-0.181688580871979,0.679521851628145,0.998462258233999,0.931708735990759,"COL3A1/COL5A3/LAMA4",3
"Matrix-remodeling fibroblasts","MSigDB_Reactome","REACTOME_PEPTIDE_HORMONE_METABOLISM","REACTOME_PEPTIDE_HORMONE_METABOLISM","3/209","12/765",0.25,0.915071770334928,-0.181688580871979,0.679521851628145,0.998462258233999,0.931708735990759,"ANPEP/CTSZ/CTSD",3
"Matrix-remodeling fibroblasts","MSigDB_Reactome","REACTOME_SEMAPHORIN_INTERACTIONS","REACTOME_SEMAPHORIN_INTERACTIONS","3/209","12/765",0.25,0.915071770334928,-0.181688580871979,0.679521851628145,0.998462258233999,0.931708735990759,"MYL9/CFL1/RHOC",3
"Matrix-remodeling fibroblasts","MSigDB_Reactome","REACTOME_SIGNALING_BY_HEDGEHOG","REACTOME_SIGNALING_BY_HEDGEHOG","3/209","12/765",0.25,0.915071770334928,-0.181688580871979,0.679521851628145,0.998462258233999,0.931708735990759,"PSMB3/UBA52/PSMB1",3
"Matrix-remodeling fibroblasts","MSigDB_Reactome","REACTOME_SIGNALING_BY_GPCR","REACTOME_SIGNALING_BY_GPCR","7/209","28/765",0.25,0.915071770334928,-0.280530295750758,0.681479957459814,0.998462258233999,0.931708735990759,"CCL19/CCL2/APLNR/C3/CMKLR1/CXCL12/RHOC",7
"Matrix-remodeling fibroblasts","MSigDB_Reactome","REACTOME_SARS_COV_2_HOST_INTERACTIONS","REACTOME_SARS_COV_2_HOST_INTERACTIONS","7/209","29/765",0.241379310344828,0.883517571357862,-0.391834737776721,0.720297749188455,0.998462258233999,0.931708735990759,"B2M/HLA-A/RPS26/HLA-B/ISG15/HLA-C/UBA52",7
"Matrix-remodeling fibroblasts","MSigDB_Reactome","REACTOME_SIGNALING_BY_WNT","REACTOME_SIGNALING_BY_WNT","5/209","21/765",0.238095238095238,0.871496924128503,-0.365863537559279,0.72217789693039,0.998462258233999,0.931708735990759,"SFRP2/AP2S1/PSMB3/UBA52/PSMB1",5
"Matrix-remodeling fibroblasts","MSigDB_Reactome","REACTOME_SEPARATION_OF_SISTER_CHROMATIDS","REACTOME_SEPARATION_OF_SISTER_CHROMATIDS","4/209","17/765",0.235294117647059,0.861244019138756,-0.354493111250243,0.726424868950232,0.998462258233999,0.931708735990759,"ANAPC11/PSMB3/UBA52/PSMB1",4
"Matrix-remodeling fibroblasts","MSigDB_Reactome","REACTOME_SIGNALING_BY_MET","REACTOME_SIGNALING_BY_MET","4/209","17/765",0.235294117647059,0.861244019138756,-0.354493111250243,0.726424868950232,0.998462258233999,0.931708735990759,"COL3A1/COL5A3/LAMA4/UBA52",4
"Matrix-remodeling fibroblasts","MSigDB_Reactome","REACTOME_VIRAL_INFECTION_PATHWAYS","REACTOME_VIRAL_INFECTION_PATHWAYS","31/209","123/765",0.252032520325203,0.92251137822383,-0.574784971973538,0.751533667835084,0.998462258233999,0.931708735990759,"C1S/B2M/HLA-A/BST2/LY6E/RPS26/PPIB/HLA-B/RPL28/AP2S1/DPM3/IL1R1/RPL29/TMEM258/FXYD1/ISG15/POLR2L/DYNLT1/FKBP1A/UBE2L6/PSMB3/HNRNPC/HLA-C/OST4/RPLP0/UBA52/PSMB1/POLR2G/RPL37/RPL35/RPL22L1",31
"Matrix-remodeling fibroblasts","MSigDB_Reactome","REACTOME_RIBOSOME_QUALITY_CONTROL_RQC_COMPLEX_EXTRACTS_AND_DEGRADES_NASCENT_PEPTIDE","REACTOME_RIBOSOME_QUALITY_CONTROL_RQC_COMPLEX_EXTRACTS_AND_DEGRADES_NASCENT_PEPTIDE","9/209","38/765",0.236842105263158,0.866910098212037,-0.515646559045982,0.754479694430915,0.998462258233999,0.931708735990759,"RPL28/RPL29/PSMB3/RPLP0/UBA52/PSMB1/RPL37/RPL35/RPL22L1",9
"Matrix-remodeling fibroblasts","MSigDB_Reactome","REACTOME_MEMBRANE_TRAFFICKING","REACTOME_MEMBRANE_TRAFFICKING","12/209","50/765",0.24,0.878468899521531,-0.54463034901259,0.757283980721884,0.998462258233999,0.931708735990759,"CTSC/DAB2/RAB13/AP2S1/TRAPPC2L/ARF5/CD59/MAN1C1/CTSZ/UBA52/SPTBN1/TRAPPC1",12
"Matrix-remodeling fibroblasts","MSigDB_Reactome","REACTOME_AUTOPHAGY","REACTOME_AUTOPHAGY","3/209","14/765",0.214285714285714,0.784347231715653,-0.498978132581448,0.783062058318559,0.998462258233999,0.931708735990759,"LAMTOR2/PARK7/UBA52",3
"Matrix-remodeling fibroblasts","MSigDB_Reactome","REACTOME_INTERLEUKIN_4_AND_INTERLEUKIN_13_SIGNALING","REACTOME_INTERLEUKIN_4_AND_INTERLEUKIN_13_SIGNALING","3/209","14/765",0.214285714285714,0.784347231715653,-0.498978132581448,0.783062058318559,0.998462258233999,0.931708735990759,"TIMP1/CCL2/F13A1",3
"Matrix-remodeling fibroblasts","MSigDB_Reactome","REACTOME_DISEASES_OF_SIGNAL_TRANSDUCTION_BY_GROWTH_FACTOR_RECEPTORS_AND_SECOND_MESSENGERS","REACTOME_DISEASES_OF_SIGNAL_TRANSDUCTION_BY_GROWTH_FACTOR_RECEPTORS_AND_SECOND_MESSENGERS","9/209","39/765",0.230769230769231,0.844681634155318,-0.610055338975532,0.783735850534808,0.998462258233999,0.931708735990759,"HEYL/POLR2L/FKBP1A/PSMB3/UBA52/PSMB1/PSENEN/POLR2G/SPTBN1",9
"Matrix-remodeling fibroblasts","MSigDB_Reactome","REACTOME_SARS_COV_2_INFECTION","REACTOME_SARS_COV_2_INFECTION","9/209","39/765",0.230769230769231,0.844681634155318,-0.610055338975532,0.783735850534808,0.998462258233999,0.931708735990759,"B2M/HLA-A/RPS26/HLA-B/TMEM258/ISG15/HLA-C/OST4/UBA52",9
"Matrix-remodeling fibroblasts","MSigDB_Reactome","REACTOME_NERVOUS_SYSTEM_DEVELOPMENT","REACTOME_NERVOUS_SYSTEM_DEVELOPMENT","28/209","114/765",0.245614035087719,0.899017879627298,-0.716125013579199,0.795770501148798,0.998462258233999,0.931708735990759,"COL6A1/COL6A2/COL6A3/COL4A1/COL4A2/RPS26/COL3A1/RPL28/COL6A5/AP2S1/ARPC1B/COL6A6/COL5A3/RPL29/CXCL12/MYL9/CFL1/PSMB3/RPLP0/UBA52/PSMB1/PSENEN/PMP22/SPTBN1/RHOC/RPL37/RPL35/RPL22L1",28
"Matrix-remodeling fibroblasts","MSigDB_Reactome","REACTOME_NON_INTEGRIN_MEMBRANE_ECM_INTERACTIONS","REACTOME_NON_INTEGRIN_MEMBRANE_ECM_INTERACTIONS","5/209","23/765",0.217391304347826,0.795714582899937,-0.609511294348443,0.798625598938274,0.998462258233999,0.931708735990759,"COL4A1/COL4A2/COL3A1/COL5A3/LAMA4",5
"Matrix-remodeling fibroblasts","MSigDB_Reactome","REACTOME_CELL_SURFACE_INTERACTIONS_AT_THE_VASCULAR_WALL","REACTOME_CELL_SURFACE_INTERACTIONS_AT_THE_VASCULAR_WALL","2/209","10/765",0.2,0.732057416267943,-0.522577481640108,0.806108906067205,0.998462258233999,0.931708735990759,"CD74/BSG",2
"Matrix-remodeling fibroblasts","MSigDB_Reactome","REACTOME_ION_CHANNEL_TRANSPORT","REACTOME_ION_CHANNEL_TRANSPORT","2/209","10/765",0.2,0.732057416267943,-0.522577481640108,0.806108906067205,0.998462258233999,0.931708735990759,"FXYD1/UBA52",2
"Matrix-remodeling fibroblasts","MSigDB_Reactome","REACTOME_METABOLISM_OF_VITAMINS_AND_COFACTORS","REACTOME_METABOLISM_OF_VITAMINS_AND_COFACTORS","2/209","10/765",0.2,0.732057416267943,-0.522577481640108,0.806108906067205,0.998462258233999,0.931708735990759,"APOE/NNMT",2
"Matrix-remodeling fibroblasts","MSigDB_Reactome","REACTOME_APOPTOSIS","REACTOME_APOPTOSIS","4/209","19/765",0.210526315789474,0.770586753966255,-0.620452163396233,0.808377601382163,0.998462258233999,0.931708735990759,"TNFSF10/PSMB3/UBA52/PSMB1",4
"Matrix-remodeling fibroblasts","MSigDB_Reactome","REACTOME_DENGUE_VIRUS_GENOME_TRANSLATION_AND_REPLICATION","REACTOME_DENGUE_VIRUS_GENOME_TRANSLATION_AND_REPLICATION","4/209","19/765",0.210526315789474,0.770586753966255,-0.620452163396233,0.808377601382163,0.998462258233999,0.931708735990759,"DPM3/TMEM258/OST4/UBA52",4
"Matrix-remodeling fibroblasts","MSigDB_Reactome","REACTOME_MAPK_FAMILY_SIGNALING_CASCADES","REACTOME_MAPK_FAMILY_SIGNALING_CASCADES","6/209","28/765",0.214285714285714,0.784347231715653,-0.712332461242368,0.822409575706159,0.998462258233999,0.931708735990759,"LAMTOR2/PSMB3/UBA52/PSMB1/SPTBN1/IL6ST",6
"Matrix-remodeling fibroblasts","MSigDB_Reactome","REACTOME_METABOLISM_OF_RNA","REACTOME_METABOLISM_OF_RNA","16/209","69/765",0.231884057971014,0.848762221759933,-0.806979757404182,0.828309208115055,0.998462258233999,0.931708735990759,"RPS26/RPL28/RPL29/POLR2L/APOBEC3C/PSMB3/HNRNPC/RPLP0/NOP10/UBA52/PSMB1/THOC7/POLR2G/RPL37/RPL35/RPL22L1",16
"Matrix-remodeling fibroblasts","MSigDB_Reactome","REACTOME_SARS_COV_1_HOST_INTERACTIONS","REACTOME_SARS_COV_1_HOST_INTERACTIONS","5/209","24/765",0.208333333333333,0.76255980861244,-0.724157740295421,0.830159435377224,0.998462258233999,0.931708735990759,"BST2/RPS26/PPIB/FKBP1A/UBA52",5
"Matrix-remodeling fibroblasts","MSigDB_Reactome","REACTOME_MITOTIC_METAPHASE_AND_ANAPHASE","REACTOME_MITOTIC_METAPHASE_AND_ANAPHASE","4/209","20/765",0.2,0.732057416267943,-0.743979602736156,0.841226082106752,0.998462258233999,0.931708735990759,"ANAPC11/PSMB3/UBA52/PSMB1",4
"Matrix-remodeling fibroblasts","MSigDB_Reactome","REACTOME_PROGRAMMED_CELL_DEATH","REACTOME_PROGRAMMED_CELL_DEATH","4/209","20/765",0.2,0.732057416267943,-0.743979602736156,0.841226082106752,0.998462258233999,0.931708735990759,"TNFSF10/PSMB3/UBA52/PSMB1",4
"Matrix-remodeling fibroblasts","MSigDB_Reactome","REACTOME_SMOOTH_MUSCLE_CONTRACTION","REACTOME_SMOOTH_MUSCLE_CONTRACTION","2/209","11/765",0.181818181818182,0.665506742061766,-0.684668684888816,0.848444962419856,0.998462258233999,0.931708735990759,"MYL9/ANXA6",2
"Matrix-remodeling fibroblasts","MSigDB_Reactome","REACTOME_SYNDECAN_INTERACTIONS","REACTOME_SYNDECAN_INTERACTIONS","2/209","11/765",0.181818181818182,0.665506742061766,-0.684668684888816,0.848444962419856,0.998462258233999,0.931708735990759,"COL3A1/COL5A3",2
"Matrix-remodeling fibroblasts","MSigDB_Reactome","REACTOME_TGF_BETA_RECEPTOR_SIGNALING_ACTIVATES_SMADS","REACTOME_TGF_BETA_RECEPTOR_SIGNALING_ACTIVATES_SMADS","2/209","11/765",0.181818181818182,0.665506742061766,-0.684668684888816,0.848444962419856,0.998462258233999,0.931708735990759,"FKBP1A/UBA52",2
"Matrix-remodeling fibroblasts","MSigDB_Reactome","REACTOME_CELL_CYCLE","REACTOME_CELL_CYCLE","7/209","34/765",0.205882352941176,0.753588516746411,-0.900583818788783,0.86554879717166,0.998462258233999,0.931708735990759,"POLR2L/ANAPC11/PSMB3/NOP10/UBA52/PSMB1/POLR2G",7
"Matrix-remodeling fibroblasts","MSigDB_Reactome","REACTOME_HEMOSTASIS","REACTOME_HEMOSTASIS","14/209","64/765",0.21875,0.800687799043062,-1.0205805550704,0.880195733169783,0.998462258233999,0.931708735990759,"TIMP1/LGALS3BP/SERPING1/RARRES2/CD63/SERPINA3/F13A1/TMSB4X/TFPI/CFL1/CD74/VTI1B/ECM1/BSG",14
"Matrix-remodeling fibroblasts","MSigDB_Reactome","REACTOME_SARS_COV_1_INFECTION","REACTOME_SARS_COV_1_INFECTION","5/209","26/765",0.192307692307692,0.703901361796099,-0.941202975243349,0.881228940184326,0.998462258233999,0.931708735990759,"BST2/RPS26/PPIB/FKBP1A/UBA52",5
"Matrix-remodeling fibroblasts","MSigDB_Reactome","REACTOME_ANTIMICROBIAL_MECHANISM_OF_IFN_STIMULATED_GENES","REACTOME_ANTIMICROBIAL_MECHANISM_OF_IFN_STIMULATED_GENES","3/209","17/765",0.176470588235294,0.645933014354067,-0.904568628707516,0.885498311038716,0.998462258233999,0.931708735990759,"ISG15/UBE2L6/UBA52",3
"Matrix-remodeling fibroblasts","MSigDB_Reactome","REACTOME_MOLECULES_ASSOCIATED_WITH_ELASTIC_FIBRES","REACTOME_MOLECULES_ASSOCIATED_WITH_ELASTIC_FIBRES","3/209","17/765",0.176470588235294,0.645933014354067,-0.904568628707516,0.885498311038716,0.998462258233999,0.931708735990759,"EMILIN1/EFEMP1/FBLN2",3
"Matrix-remodeling fibroblasts","MSigDB_Reactome","REACTOME_INTRACELLULAR_SIGNALING_BY_SECOND_MESSENGERS","REACTOME_INTRACELLULAR_SIGNALING_BY_SECOND_MESSENGERS","4/209","22/765",0.181818181818182,0.665506742061766,-0.975408932958256,0.892912773088077,0.998462258233999,0.931708735990759,"LAMTOR2/PSMB3/UBA52/PSMB1",4
"Matrix-remodeling fibroblasts","MSigDB_Reactome","REACTOME_M_PHASE","REACTOME_M_PHASE","4/209","22/765",0.181818181818182,0.665506742061766,-0.975408932958256,0.892912773088077,0.998462258233999,0.931708735990759,"ANAPC11/PSMB3/UBA52/PSMB1",4
"Matrix-remodeling fibroblasts","MSigDB_Reactome","REACTOME_L1CAM_INTERACTIONS","REACTOME_L1CAM_INTERACTIONS","2/209","13/765",0.153846153846154,0.563121089436879,-0.973433443641636,0.908953820287658,0.998462258233999,0.931708735990759,"AP2S1/SPTBN1",2
"Matrix-remodeling fibroblasts","MSigDB_Reactome","REACTOME_SIGNALING_BY_TGF_BETA_RECEPTOR_COMPLEX","REACTOME_SIGNALING_BY_TGF_BETA_RECEPTOR_COMPLEX","2/209","13/765",0.153846153846154,0.563121089436879,-0.973433443641636,0.908953820287658,0.998462258233999,0.931708735990759,"FKBP1A/UBA52",2
"Matrix-remodeling fibroblasts","MSigDB_Reactome","REACTOME_ELASTIC_FIBRE_FORMATION","REACTOME_ELASTIC_FIBRE_FORMATION","3/209","19/765",0.157894736842105,0.577940065474691,-1.14146852453577,0.927333750025576,0.998462258233999,0.931708735990759,"EMILIN1/EFEMP1/FBLN2",3
"Matrix-remodeling fibroblasts","MSigDB_Reactome","REACTOME_MUSCLE_CONTRACTION","REACTOME_MUSCLE_CONTRACTION","3/209","19/765",0.157894736842105,0.577940065474691,-1.14146852453577,0.927333750025576,0.998462258233999,0.931708735990759,"FXYD1/MYL9/ANXA6",3
"Matrix-remodeling fibroblasts","MSigDB_Reactome","REACTOME_SIGNALING_BY_NTRKS","REACTOME_SIGNALING_BY_NTRKS","2/209","14/765",0.142857142857143,0.522898154477102,-1.1039199256477,0.929935780615841,0.998462258233999,0.931708735990759,"NTRK1/AP2S1",2
"Matrix-remodeling fibroblasts","MSigDB_Reactome","REACTOME_COPI_MEDIATED_ANTEROGRADE_TRANSPORT","REACTOME_COPI_MEDIATED_ANTEROGRADE_TRANSPORT","3/209","20/765",0.15,0.549043062200957,-1.25214424210505,0.942529220834781,0.998462258233999,0.931708735990759,"ARF5/CD59/SPTBN1",3
"Matrix-remodeling fibroblasts","MSigDB_Reactome","REACTOME_RHO_GTPASE_CYCLE","REACTOME_RHO_GTPASE_CYCLE","7/209","40/765",0.175,0.64055023923445,-1.43080885032353,0.952219158392001,0.998462258233999,0.931708735990759,"STMN2/CYBA/IL32/HNRNPC/NDUFS3/SPTBN1/RHOC",7
"Matrix-remodeling fibroblasts","MSigDB_Reactome","REACTOME_INFLUENZA_INFECTION","REACTOME_INFLUENZA_INFECTION","11/209","59/765",0.186440677966102,0.68242640499554,-1.55578817851012,0.96048888479733,0.998462258233999,0.931708735990759,"RPS26/RPL28/RPL29/ISG15/POLR2L/RPLP0/UBA52/POLR2G/RPL37/RPL35/RPL22L1",11
"Matrix-remodeling fibroblasts","MSigDB_Reactome","REACTOME_METABOLISM_OF_AMINO_ACIDS_AND_DERIVATIVES","REACTOME_METABOLISM_OF_AMINO_ACIDS_AND_DERIVATIVES","13/209","68/765",0.191176470588235,0.699760765550239,-1.58923432985114,0.96223773786502,0.998462258233999,0.931708735990759,"NNMT/FMO1/RPS26/RPL28/RPL29/ECHS1/PSMB3/RPLP0/UBA52/PSMB1/RPL37/RPL35/RPL22L1",13
"Matrix-remodeling fibroblasts","MSigDB_Reactome","REACTOME_RIBOSOME_ASSOCIATED_QUALITY_CONTROL","REACTOME_RIBOSOME_ASSOCIATED_QUALITY_CONTROL","10/209","55/765",0.181818181818182,0.665506742061766,-1.57769106314385,0.963157645013215,0.998462258233999,0.931708735990759,"RPS26/RPL28/RPL29/PSMB3/RPLP0/UBA52/PSMB1/RPL37/RPL35/RPL22L1",10
"Matrix-remodeling fibroblasts","MSigDB_Reactome","REACTOME_CELL_CYCLE_MITOTIC","REACTOME_CELL_CYCLE_MITOTIC","4/209","28/765",0.142857142857143,0.522898154477102,-1.57593679222559,0.970773141206547,0.998462258233999,0.931708735990759,"ANAPC11/PSMB3/UBA52/PSMB1",4
"Matrix-remodeling fibroblasts","MSigDB_Reactome","REACTOME_CELLULAR_RESPONSE_TO_HEAT_STRESS","REACTOME_CELLULAR_RESPONSE_TO_HEAT_STRESS","1/209","11/765",0.0909090909090909,0.332753371030883,-1.36577602421254,0.970914217743846,0.998462258233999,0.931708735990759,"SERPINH1",1
"Matrix-remodeling fibroblasts","MSigDB_Reactome","REACTOME_DISEASES_ASSOCIATED_WITH_O_GLYCOSYLATION_OF_PROTEINS","REACTOME_DISEASES_ASSOCIATED_WITH_O_GLYCOSYLATION_OF_PROTEINS","1/209","11/765",0.0909090909090909,0.332753371030883,-1.36577602421254,0.970914217743846,0.998462258233999,0.931708735990759,"NOTCH3",1
"Matrix-remodeling fibroblasts","MSigDB_Reactome","REACTOME_SIGNALING_BY_RHO_GTPASES_MIRO_GTPASES_AND_RHOBTB3","REACTOME_SIGNALING_BY_RHO_GTPASES_MIRO_GTPASES_AND_RHOBTB3","11/209","61/765",0.180327868852459,0.660051768766178,-1.69579675681685,0.971660962884468,0.998462258233999,0.931708735990759,"STMN2/ARPC1B/CYBA/S100A8/MYL9/IL32/CFL1/HNRNPC/NDUFS3/SPTBN1/RHOC",11
"Matrix-remodeling fibroblasts","MSigDB_Reactome","REACTOME_INFLUENZA_VIRAL_RNA_TRANSCRIPTION_AND_REPLICATION","REACTOME_INFLUENZA_VIRAL_RNA_TRANSCRIPTION_AND_REPLICATION","10/209","57/765",0.175438596491228,0.642155628305213,-1.72066932483774,0.973918443089039,0.998462258233999,0.931708735990759,"RPS26/RPL28/RPL29/POLR2L/RPLP0/UBA52/POLR2G/RPL37/RPL35/RPL22L1",10
"Matrix-remodeling fibroblasts","MSigDB_Reactome","REACTOME_REGULATION_OF_EXPRESSION_OF_SLITS_AND_ROBOS","REACTOME_REGULATION_OF_EXPRESSION_OF_SLITS_AND_ROBOS","10/209","57/765",0.175438596491228,0.642155628305213,-1.72066932483774,0.973918443089039,0.998462258233999,0.931708735990759,"RPS26/RPL28/RPL29/PSMB3/RPLP0/UBA52/PSMB1/RPL37/RPL35/RPL22L1",10
"Matrix-remodeling fibroblasts","MSigDB_Reactome","REACTOME_SENSORY_PERCEPTION","REACTOME_SENSORY_PERCEPTION","2/209","18/765",0.111111111111111,0.406698564593301,-1.56075155841364,0.976331705988539,0.998462258233999,0.931708735990759,"APOE/SPTBN1",2
"Matrix-remodeling fibroblasts","MSigDB_Reactome","REACTOME_TRANSLATION","REACTOME_TRANSLATION","13/209","71/765",0.183098591549296,0.670193409259384,-1.78768582228164,0.976610456259779,0.998462258233999,0.931708735990759,"RPS26/RPL28/RPL29/MRPS21/PSMB3/RPLP0/UBA52/PSMB1/GADD45GIP1/MRPL36/RPL37/RPL35/RPL22L1",13
"Matrix-remodeling fibroblasts","MSigDB_Reactome","REACTOME_NEURONAL_SYSTEM","REACTOME_NEURONAL_SYSTEM","3/209","24/765",0.125,0.457535885167464,-1.65443594571271,0.978409962741148,0.998462258233999,0.931708735990759,"NRXN2/AP2S1/SYT7",3
"Matrix-remodeling fibroblasts","MSigDB_Reactome","REACTOME_SIGNALING_BY_ALK_IN_CANCER","REACTOME_SIGNALING_BY_ALK_IN_CANCER","1/209","12/765",0.0833333333333333,0.305023923444976,-1.48677557023408,0.978976457122541,0.998462258233999,0.931708735990759,"UBA52",1
"Matrix-remodeling fibroblasts","MSigDB_Reactome","REACTOME_SIGNALING_BY_ROBO_RECEPTORS","REACTOME_SIGNALING_BY_ROBO_RECEPTORS","11/209","63/765",0.174603174603175,0.639097744360902,-1.83220364005441,0.979920529432843,0.998462258233999,0.931708735990759,"RPS26/RPL28/RPL29/CXCL12/PSMB3/RPLP0/UBA52/PSMB1/RPL37/RPL35/RPL22L1",11
"Matrix-remodeling fibroblasts","MSigDB_Reactome","REACTOME_RRNA_PROCESSING","REACTOME_RRNA_PROCESSING","9/209","54/765",0.166666666666667,0.610047846889952,-1.82119239764304,0.980362091741876,0.998462258233999,0.931708735990759,"RPS26/RPL28/RPL29/RPLP0/NOP10/UBA52/RPL37/RPL35/RPL22L1",9
"Matrix-remodeling fibroblasts","MSigDB_Reactome","REACTOME_NEUROTRANSMITTER_RECEPTORS_AND_POSTSYNAPTIC_SIGNAL_TRANSMISSION","REACTOME_NEUROTRANSMITTER_RECEPTORS_AND_POSTSYNAPTIC_SIGNAL_TRANSMISSION","1/209","13/765",0.0769230769230769,0.281560544718439,-1.60079366637614,0.984811676858781,0.998462258233999,0.931708735990759,"AP2S1",1
"Matrix-remodeling fibroblasts","MSigDB_Reactome","REACTOME_RAC1_GTPASE_CYCLE","REACTOME_RAC1_GTPASE_CYCLE","1/209","13/765",0.0769230769230769,0.281560544718439,-1.60079366637614,0.984811676858781,0.998462258233999,0.931708735990759,"CYBA",1
"Matrix-remodeling fibroblasts","MSigDB_Reactome","REACTOME_SELENOAMINO_ACID_METABOLISM","REACTOME_SELENOAMINO_ACID_METABOLISM","9/209","56/765",0.160714285714286,0.58826042378674,-1.96099251344193,0.986557629300129,0.998462258233999,0.931708735990759,"NNMT/RPS26/RPL28/RPL29/RPLP0/UBA52/RPL37/RPL35/RPL22L1",9
"Matrix-remodeling fibroblasts","MSigDB_Reactome","REACTOME_CELLULAR_RESPONSE_TO_STARVATION","REACTOME_CELLULAR_RESPONSE_TO_STARVATION","9/209","57/765",0.157894736842105,0.577940065474691,-2.02944531205352,0.988927476714709,0.998462258233999,0.931708735990759,"RPS26/RPL28/RPL29/LAMTOR2/RPLP0/UBA52/RPL37/RPL35/RPL22L1",9
"Matrix-remodeling fibroblasts","MSigDB_Reactome","REACTOME_RHO_GTPASES_ACTIVATE_FORMINS","REACTOME_RHO_GTPASES_ACTIVATE_FORMINS","1/209","14/765",0.0714285714285714,0.261449077238551,-1.70886171871396,0.9890328996467,0.998462258233999,0.931708735990759,"RHOC",1
"Matrix-remodeling fibroblasts","MSigDB_Reactome","REACTOME_TRANSMISSION_ACROSS_CHEMICAL_SYNAPSES","REACTOME_TRANSMISSION_ACROSS_CHEMICAL_SYNAPSES","1/209","14/765",0.0714285714285714,0.261449077238551,-1.70886171871396,0.9890328996467,0.998462258233999,0.931708735990759,"AP2S1",1
"Matrix-remodeling fibroblasts","MSigDB_Reactome","REACTOME_INTRA_GOLGI_AND_RETROGRADE_GOLGI_TO_ER_TRAFFIC","REACTOME_INTRA_GOLGI_AND_RETROGRADE_GOLGI_TO_ER_TRAFFIC","2/209","21/765",0.0952380952380952,0.348598769651401,-1.85461676220209,0.989834391681133,0.998462258233999,0.931708735990759,"ARF5/MAN1C1",2
"Matrix-remodeling fibroblasts","MSigDB_Reactome","REACTOME_EUKARYOTIC_TRANSLATION_ELONGATION","REACTOME_EUKARYOTIC_TRANSLATION_ELONGATION","8/209","54/765",0.148148148148148,0.542264752791069,-2.13775958332741,0.992268997930142,0.998462258233999,0.931708735990759,"RPS26/RPL28/RPL29/RPLP0/UBA52/RPL37/RPL35/RPL22L1",8
"Matrix-remodeling fibroblasts","MSigDB_Reactome","REACTOME_NONSENSE_MEDIATED_DECAY_NMD","REACTOME_NONSENSE_MEDIATED_DECAY_NMD","8/209","54/765",0.148148148148148,0.542264752791069,-2.13775958332741,0.992268997930142,0.998462258233999,0.931708735990759,"RPS26/RPL28/RPL29/RPLP0/UBA52/RPL37/RPL35/RPL22L1",8
"Matrix-remodeling fibroblasts","MSigDB_Reactome","REACTOME_RESPONSE_OF_EIF2AK4_GCN2_TO_AMINO_ACID_DEFICIENCY","REACTOME_RESPONSE_OF_EIF2AK4_GCN2_TO_AMINO_ACID_DEFICIENCY","8/209","54/765",0.148148148148148,0.542264752791069,-2.13775958332741,0.992268997930142,0.998462258233999,0.931708735990759,"RPS26/RPL28/RPL29/RPLP0/UBA52/RPL37/RPL35/RPL22L1",8
"Matrix-remodeling fibroblasts","MSigDB_Reactome","REACTOME_EUKARYOTIC_TRANSLATION_INITIATION","REACTOME_EUKARYOTIC_TRANSLATION_INITIATION","8/209","55/765",0.145454545454545,0.532405393649413,-2.2054849062154,0.99372275431905,0.998462258233999,0.931708735990759,"RPS26/RPL28/RPL29/RPLP0/UBA52/RPL37/RPL35/RPL22L1",8
"Matrix-remodeling fibroblasts","MSigDB_Reactome","REACTOME_COPI_DEPENDENT_GOLGI_TO_ER_RETROGRADE_TRAFFIC","REACTOME_COPI_DEPENDENT_GOLGI_TO_ER_RETROGRADE_TRAFFIC","1/209","16/765",0.0625,0.228767942583732,-1.91023405126109,0.994290643409152,0.998462258233999,0.931708735990759,"ARF5",1
"Matrix-remodeling fibroblasts","MSigDB_Reactome","REACTOME_UNFOLDED_PROTEIN_RESPONSE_UPR","REACTOME_UNFOLDED_PROTEIN_RESPONSE_UPR","1/209","16/765",0.0625,0.228767942583732,-1.91023405126109,0.994290643409152,0.998462258233999,0.931708735990759,"CCL2",1
"Matrix-remodeling fibroblasts","MSigDB_Reactome","REACTOME_CELLULAR_RESPONSES_TO_STIMULI","REACTOME_CELLULAR_RESPONSES_TO_STIMULI","21/209","118/765",0.177966101694915,0.651407022950288,-2.52284124902383,0.996797622147733,0.998462258233999,0.931708735990759,"IGFBP7/SOD3/RPS26/COX7C/CCL2/RPL28/GPX1/RPL29/CYBA/ANAPC11/LAMTOR2/PSMB3/MAP4K4/SERPINH1/MT2A/RPLP0/UBA52/PSMB1/RPL37/RPL35/RPL22L1",21
"Matrix-remodeling fibroblasts","MSigDB_Reactome","REACTOME_GOLGI_TO_ER_RETROGRADE_TRANSPORT","REACTOME_GOLGI_TO_ER_RETROGRADE_TRANSPORT","1/209","18/765",0.0555555555555556,0.203349282296651,-2.09568656835381,0.99703389665841,0.998462258233999,0.931708735990759,"ARF5",1
"Matrix-remodeling fibroblasts","MSigDB_Reactome","REACTOME_SARS_COV_2_MODULATES_HOST_TRANSLATION_MACHINERY","REACTOME_SARS_COV_2_MODULATES_HOST_TRANSLATION_MACHINERY","1/209","18/765",0.0555555555555556,0.203349282296651,-2.09568656835381,0.99703389665841,0.998462258233999,0.931708735990759,"RPS26",1
"Matrix-remodeling fibroblasts","MSigDB_Reactome","REACTOME_SRP_DEPENDENT_COTRANSLATIONAL_PROTEIN_TARGETING_TO_MEMBRANE","REACTOME_SRP_DEPENDENT_COTRANSLATIONAL_PROTEIN_TARGETING_TO_MEMBRANE","8/209","60/765",0.133333333333333,0.488038277511962,-2.53105151669924,0.997870195336214,0.998462258233999,0.931708735990759,"RPS26/RPL28/RPL29/RPLP0/UBA52/RPL37/RPL35/RPL22L1",8
"Matrix-remodeling fibroblasts","MSigDB_Reactome","REACTOME_ACTIVATION_OF_THE_MRNA_UPON_BINDING_OF_THE_CAP_BINDING_COMPLEX_AND_EIFS_AND_SUBSEQUENT_BINDING_TO_43S","REACTOME_ACTIVATION_OF_THE_MRNA_UPON_BINDING_OF_THE_CAP_BINDING_COMPLEX_AND_EIFS_AND_SUBSEQUENT_BINDING_TO_43S","1/209","20/765",0.05,0.183014354066986,-2.26847352084283,0.998462258233999,0.998462258233999,0.931708735990759,"RPS26",1
"Matrix-remodeling fibroblasts","MSigDB_Reactome","REACTOME_SARS_COV_1_MODULATES_HOST_TRANSLATION_MACHINERY","REACTOME_SARS_COV_1_MODULATES_HOST_TRANSLATION_MACHINERY","1/209","20/765",0.05,0.183014354066986,-2.26847352084283,0.998462258233999,0.998462258233999,0.931708735990759,"RPS26",1
