"ordering_set","rank","gene"
"program_DE_top500",1,"COL1A1"
"program_DE_top500",2,"SPARC"
"program_DE_top500",3,"COL1A2"
"program_DE_top500",4,"COL3A1"
"program_DE_top500",5,"COL5A1"
"program_DE_top500",6,"COL6A2"
"program_DE_top500",7,"COL6A1"
"program_DE_top500",8,"SFRP2"
"program_DE_top500",9,"ASPN"
"program_DE_top500",10,"MDK"
"program_DE_top500",11,"COMP"
"program_DE_top500",12,"RCN3"
"program_DE_top500",13,"POSTN"
"program_DE_top500",14,"SERPINH1"
"program_DE_top500",15,"COL5A2"
"program_DE_top500",16,"CERCAM"
"program_DE_top500",17,"SERF2"
"program_DE_top500",18,"AEBP1"
"program_DE_top500",19,"IFITM3"
"program_DE_top500",20,"PCOLCE"
"program_DE_top500",21,"LGALS1"
"program_DE_top500",22,"CREB3L1"
"program_DE_top500",23,"BGN"
"program_DE_top500",24,"CTHRC1"
"program_DE_top500",25,"CILP2"
"program_DE_top500",26,"CTSC"
"program_DE_top500",27,"FN1"
"program_DE_top500",28,"TMSB10"
"program_DE_top500",29,"TIMP1"
"program_DE_top500",30,"SERPINF1"
"program_DE_top500",31,"COPZ2"
"program_DE_top500",32,"PTMA"
"program_DE_top500",33,"GXYLT2"
"program_DE_top500",34,"COL8A1"
"program_DE_top500",35,"NBL1"
"program_DE_top500",36,"COL14A1"
"program_DE_top500",37,"H3F3B"
"program_DE_top500",38,"TAGLN"
"program_DE_top500",39,"ADAM12"
"program_DE_top500",40,"IGFBP7"
"program_DE_top500",41,"MMP2"
"program_DE_top500",42,"PPIB"
"program_DE_top500",43,"HMCN2"
"program_DE_top500",44,"IFITM2"
"program_DE_top500",45,"THY1"
"program_DE_top500",46,"C1R"
"program_DE_top500",47,"COL16A1"
"program_DE_top500",48,"THBS2"
"program_DE_top500",49,"APOE"
"program_DE_top500",50,"IGFBP4"
"program_DE_top500",51,"TCF4"
"program_DE_top500",52,"IGF2"
"program_DE_top500",53,"FTL"
"program_DE_top500",54,"COL12A1"
"program_DE_top500",55,"LRRC15"
"program_DE_top500",56,"ARL4C"
"program_DE_top500",57,"EMILIN1"
"program_DE_top500",58,"C1S"
"program_DE_top500",59,"APOD"
"program_DE_top500",60,"MRC2"
"program_DE_top500",61,"MYL9"
"program_DE_top500",62,"MARCKS"
"program_DE_top500",63,"HCFC1R1"
"program_DE_top500",64,"OGN"
"program_DE_top500",65,"COL6A3"
"program_DE_top500",66,"GPR78"
"program_DE_top500",67,"HDLBP"
"program_DE_top500",68,"CCL19"
"program_DE_top500",69,"SSC5D"
"program_DE_top500",70,"ACAN"
"program_DE_top500",71,"CST3"
"program_DE_top500",72,"PPIC"
"program_DE_top500",73,"NNMT"
"program_DE_top500",74,"TIMP3"
"program_DE_top500",75,"RARRES2"
"program_DE_top500",76,"LGALS3BP"
"program_DE_top500",77,"DPT"
"program_DE_top500",78,"COL11A1"
"program_DE_top500",79,"ZNF469"
"program_DE_top500",80,"SERPING1"
"program_DE_top500",81,"LAMC3"
"program_DE_top500",82,"NT5DC2"
"program_DE_top500",83,"CPXM1"
"program_DE_top500",84,"CD81"
"program_DE_top500",85,"SFRP4"
"program_DE_top500",86,"C1QTNF3"
"program_DE_top500",87,"ALX4"
"program_DE_top500",88,"NREP"
"program_DE_top500",89,"SEMA3G"
"program_DE_top500",90,"CHPF"
"program_DE_top500",91,"P4HB"
"program_DE_top500",92,"BMP1"
"program_DE_top500",93,"FNDC1"
"program_DE_top500",94,"P3H1"
"program_DE_top500",95,"ZFP36L2"
"program_DE_top500",96,"BASP1"
"program_DE_top500",97,"OST4"
"program_DE_top500",98,"C1QTNF6"
"program_DE_top500",99,"NME1-NME2"
"program_DE_top500",100,"PYCR1"
"program_DE_top500",101,"WISP2"
"program_DE_top500",102,"HTRA1"
"program_DE_top500",103,"KCNMA1"
"program_DE_top500",104,"RARRES3"
"program_DE_top500",105,"PTGDS"
"program_DE_top500",106,"NGFR"
"program_DE_top500",107,"SPRY1"
"program_DE_top500",108,"P3H4"
"program_DE_top500",109,"B2M"
"program_DE_top500",110,"COL23A1"
"program_DE_top500",111,"TFAP2A"
"program_DE_top500",112,"RPL11"
"program_DE_top500",113,"S100A11"
"program_DE_top500",114,"CKAP4"
"program_DE_top500",115,"HLA-A"
"program_DE_top500",116,"RPS26"
"program_DE_top500",117,"ADAMTS2"
"program_DE_top500",118,"RPL12"
"program_DE_top500",119,"FOXP1"
"program_DE_top500",120,"OLFML2B"
"program_DE_top500",121,"ARMC9"
"program_DE_top500",122,"CXCL14"
"program_DE_top500",123,"BCL2"
"program_DE_top500",124,"P3H3"
"program_DE_top500",125,"C1orf122"
"program_DE_top500",126,"HSPG2"
"program_DE_top500",127,"SEPT11"
"program_DE_top500",128,"PDLIM7"
"program_DE_top500",129,"PDLIM2"
"program_DE_top500",130,"PLPP4"
"program_DE_top500",131,"VKORC1"
"program_DE_top500",132,"ANGPTL2"
"program_DE_top500",133,"PIEZO2"
"program_DE_top500",134,"SLC35F1"
"program_DE_top500",135,"P4HA3"
"program_DE_top500",136,"HLA-B"
"program_DE_top500",137,"IGFBP3"
"program_DE_top500",138,"TRPS1"
"program_DE_top500",139,"RP11-25H12.1"
"program_DE_top500",140,"PHPT1"
"program_DE_top500",141,"HAS2"
"program_DE_top500",142,"FBN1"
"program_DE_top500",143,"RPL5"
"program_DE_top500",144,"THBS4"
"program_DE_top500",145,"ECM1"
"program_DE_top500",146,"RPS23"
"program_DE_top500",147,"CRABP2"
"program_DE_top500",148,"RPL34"
"program_DE_top500",149,"S100A8"
"program_DE_top500",150,"SEMA3B"
"program_DE_top500",151,"BST2"
"program_DE_top500",152,"SERPINE2"
"program_DE_top500",153,"UQCR11"
"program_DE_top500",154,"COL15A1"
"program_DE_top500",155,"RPL26"
"program_DE_top500",156,"FKBP10"
"program_DE_top500",157,"C9orf16"
"program_DE_top500",158,"SCX"
"program_DE_top500",159,"MXRA5"
"program_DE_top500",160,"APCDD1"
"program_DE_top500",161,"RPL35A"
"program_DE_top500",162,"PTCH1"
"program_DE_top500",163,"NUCKS1"
"program_DE_top500",164,"TTYH3"
"program_DE_top500",165,"CLEC11A"
"program_DE_top500",166,"COL18A1"
"program_DE_top500",167,"COL5A3"
"program_DE_top500",168,"RPL6"
"program_DE_top500",169,"ZMAT3"
"program_DE_top500",170,"C1QTNF5"
"program_DE_top500",171,"LRRC32"
"program_DE_top500",172,"CYGB"
"program_DE_top500",173,"SOD3"
"program_DE_top500",174,"AK1"
"program_DE_top500",175,"FKBP11"
"program_DE_top500",176,"SSR4"
"program_DE_top500",177,"RPS13"
"program_DE_top500",178,"TMEM119"
"program_DE_top500",179,"DAAM2"
"program_DE_top500",180,"EFEMP2"
"program_DE_top500",181,"MFAP2"
"program_DE_top500",182,"VCAN"
"program_DE_top500",183,"ELN"
"program_DE_top500",184,"BMP4"
"program_DE_top500",185,"P4HA2"
"program_DE_top500",186,"KDELR2"
"program_DE_top500",187,"RCN1"
"program_DE_top500",188,"FBLN1"
"program_DE_top500",189,"PODN"
"program_DE_top500",190,"PRLR"
"program_DE_top500",191,"OLFML3"
"program_DE_top500",192,"CTSK"
"program_DE_top500",193,"INAFM1"
"program_DE_top500",194,"TPT1"
"program_DE_top500",195,"RPL32"
"program_DE_top500",196,"LY6E"
"program_DE_top500",197,"CSRP2"
"program_DE_top500",198,"C4orf48"
"program_DE_top500",199,"GADD45G"
"program_DE_top500",200,"ISOC2"
"program_DE_top500",201,"NME4"
"program_DE_top500",202,"ITGA11"
"program_DE_top500",203,"FGFR1"
"program_DE_top500",204,"SNED1"
"program_DE_top500",205,"TGFB3"
"program_DE_top500",206,"METRN"
"program_DE_top500",207,"GOLM1"
"program_DE_top500",208,"TMSB4X"
"program_DE_top500",209,"NACA"
"program_DE_top500",210,"TCEB2"
"program_DE_top500",211,"SULF2"
"program_DE_top500",212,"EHD2"
"program_DE_top500",213,"MALAT1"
"program_DE_top500",214,"FLNA"
"program_DE_top500",215,"B4GALT2"
"program_DE_top500",216,"GALNT15"
"program_DE_top500",217,"UCHL1"
"program_DE_top500",218,"CD99"
"program_DE_top500",219,"RPL24"
"program_DE_top500",220,"ARPC1B"
"program_DE_top500",221,"SULF1"
"program_DE_top500",222,"DRD4"
"program_DE_top500",223,"CDKN2A"
"program_DE_top500",224,"GNB2L1"
"program_DE_top500",225,"TNFRSF9"
"program_DE_top500",226,"SLC5A3"
"program_DE_top500",227,"BMP7"
"program_DE_top500",228,"PRDM1"
"program_DE_top500",229,"PLOD1"
"program_DE_top500",230,"KDELR3"
"program_DE_top500",231,"ATOX1"
"program_DE_top500",232,"RPS8"
"program_DE_top500",233,"PRDX4"
"program_DE_top500",234,"PRAF2"
"program_DE_top500",235,"ACTB"
"program_DE_top500",236,"SPON2"
"program_DE_top500",237,"ACTA2"
"program_DE_top500",238,"RTEL1-TNFRSF6B"
"program_DE_top500",239,"PFN1"
"program_DE_top500",240,"RPS27A"
"program_DE_top500",241,"NTRK3"
"program_DE_top500",242,"FMOD"
"program_DE_top500",243,"FLNC"
"program_DE_top500",244,"UQCRQ"
"program_DE_top500",245,"RPS4X"
"program_DE_top500",246,"A1BG"
"program_DE_top500",247,"S100A9"
"program_DE_top500",248,"ISG15"
"program_DE_top500",249,"EPHB3"
"program_DE_top500",250,"FAP"
"program_DE_top500",251,"RPL19"
"program_DE_top500",252,"CD63"
"program_DE_top500",253,"GLIPR2"
"program_DE_top500",254,"CUEDC1"
"program_DE_top500",255,"TGFBI"
"program_DE_top500",256,"ZDHHC14"
"program_DE_top500",257,"BTF3"
"program_DE_top500",258,"HIST1H2BD"
"program_DE_top500",259,"NUCB1"
"program_DE_top500",260,"RPL37"
"program_DE_top500",261,"COL4A2"
"program_DE_top500",262,"PTPRG"
"program_DE_top500",263,"SEC13"
"program_DE_top500",264,"ENAH"
"program_DE_top500",265,"STMN2"
"program_DE_top500",266,"MYL6"
"program_DE_top500",267,"TNFRSF12A"
"program_DE_top500",268,"PLEKHH2"
"program_DE_top500",269,"FSTL1"
"program_DE_top500",270,"FAU"
"program_DE_top500",271,"ATP5E"
"program_DE_top500",272,"GRIK1"
"program_DE_top500",273,"GGT5"
"program_DE_top500",274,"CKLF"
"program_DE_top500",275,"GUCY1A3"
"program_DE_top500",276,"MAGED1"
"program_DE_top500",277,"SDF4"
"program_DE_top500",278,"FAM20C"
"program_DE_top500",279,"INHBB"
"program_DE_top500",280,"FIBIN"
"program_DE_top500",281,"AP2S1"
"program_DE_top500",282,"PLIN3"
"program_DE_top500",283,"C11orf96"
"program_DE_top500",284,"AC005943.2"
"program_DE_top500",285,"YIF1A"
"program_DE_top500",286,"MIR4435-2HG"
"program_DE_top500",287,"LOX"
"program_DE_top500",288,"LINC00152"
"program_DE_top500",289,"TMED3"
"program_DE_top500",290,"RPL13"
"program_DE_top500",291,"FMO1"
"program_DE_top500",292,"C11orf24"
"program_DE_top500",293,"IFI27"
"program_DE_top500",294,"APOL1"
"program_DE_top500",295,"RUNX1T1"
"program_DE_top500",296,"PCDH11X"
"program_DE_top500",297,"ISLR"
"program_DE_top500",298,"TYMP"
"program_DE_top500",299,"RPL22"
"program_DE_top500",300,"CHST1"
"program_DE_top500",301,"TMEM219"
"program_DE_top500",302,"COL4A1"
"program_DE_top500",303,"RPL38"
"program_DE_top500",304,"COL10A1"
"program_DE_top500",305,"DIO2"
"program_DE_top500",306,"SORCS2"
"program_DE_top500",307,"LMO4"
"program_DE_top500",308,"SLC38A10"
"program_DE_top500",309,"CENPW"
"program_DE_top500",310,"GAS6"
"program_DE_top500",311,"TSPAN13"
"program_DE_top500",312,"MYDGF"
"program_DE_top500",313,"FAM114A1"
"program_DE_top500",314,"DAB2"
"program_DE_top500",315,"CTSB"
"program_DE_top500",316,"ARHGAP1"
"program_DE_top500",317,"CD74"
"program_DE_top500",318,"ZNHIT1"
"program_DE_top500",319,"GRIN2D"
"program_DE_top500",320,"SMOC2"
"program_DE_top500",321,"TMEM176A"
"program_DE_top500",322,"DCHS1"
"program_DE_top500",323,"POLD4"
"program_DE_top500",324,"CYBA"
"program_DE_top500",325,"IFT20"
"program_DE_top500",326,"CHST6"
"program_DE_top500",327,"RHOC"
"program_DE_top500",328,"PALLD"
"program_DE_top500",329,"SSR3"
"program_DE_top500",330,"HLA-DRA"
"program_DE_top500",331,"CRIP1"
"program_DE_top500",332,"ARFGAP1"
"program_DE_top500",333,"TPM2"
"program_DE_top500",334,"TMEM214"
"program_DE_top500",335,"SMTN"
"program_DE_top500",336,"RP11-145A3.1"
"program_DE_top500",337,"THBS1"
"program_DE_top500",338,"RRBP1"
"program_DE_top500",339,"TXNDC5"
"program_DE_top500",340,"VIM"
"program_DE_top500",341,"CCDC80"
"program_DE_top500",342,"SEMA6B"
"program_DE_top500",343,"CGREF1"
"program_DE_top500",344,"MVP"
"program_DE_top500",345,"CADM1"
"program_DE_top500",346,"RPL3"
"program_DE_top500",347,"RPL14"
"program_DE_top500",348,"JUNB"
"program_DE_top500",349,"IGFBP2"
"program_DE_top500",350,"IFITM1"
"program_DE_top500",351,"SH3BGRL3"
"program_DE_top500",352,"GPX8"
"program_DE_top500",353,"EEF1A1"
"program_DE_top500",354,"HEYL"
"program_DE_top500",355,"DCN"
"program_DE_top500",356,"S100A7"
"program_DE_top500",357,"PTN"
"program_DE_top500",358,"DAP"
"program_DE_top500",359,"HMCN1"
"program_DE_top500",360,"MEGF6"
"program_DE_top500",361,"DPP4"
"program_DE_top500",362,"SCARF2"
"program_DE_top500",363,"ADAMTS14"
"program_DE_top500",364,"CTSD"
"program_DE_top500",365,"NOTCH3"
"program_DE_top500",366,"SLC27A4"
"program_DE_top500",367,"PRDX5"
"program_DE_top500",368,"EFHD1"
"program_DE_top500",369,"LUM"
"program_DE_top500",370,"NRXN2"
"program_DE_top500",371,"GRN"
"program_DE_top500",372,"RPL22L1"
"program_DE_top500",373,"RPL4"
"program_DE_top500",374,"PHLDA3"
"program_DE_top500",375,"ADAMTS6"
"program_DE_top500",376,"NAGK"
"program_DE_top500",377,"RP11-417E7.2"
"program_DE_top500",378,"GMPPA"
"program_DE_top500",379,"FKBP9"
"program_DE_top500",380,"TWIST1"
"program_DE_top500",381,"EFEMP1"
"program_DE_top500",382,"CAPZB"
"program_DE_top500",383,"NDUFS8"
"program_DE_top500",384,"ITGBL1"
"program_DE_top500",385,"RPL30"
"program_DE_top500",386,"NPTX2"
"program_DE_top500",387,"OPCML"
"program_DE_top500",388,"SNX8"
"program_DE_top500",389,"ROBO2"
"program_DE_top500",390,"CISD1"
"program_DE_top500",391,"NLGN1"
"program_DE_top500",392,"OLFM2"
"program_DE_top500",393,"SEC61B"
"program_DE_top500",394,"IDH2"
"program_DE_top500",395,"SRA1"
"program_DE_top500",396,"ALDH1A3"
"program_DE_top500",397,"CD151"
"program_DE_top500",398,"HNRNPA1"
"program_DE_top500",399,"AHR"
"program_DE_top500",400,"C7orf50"
"program_DE_top500",401,"MLEC"
"program_DE_top500",402,"NME1"
"program_DE_top500",403,"ITGA10"
"program_DE_top500",404,"GAPDH"
"program_DE_top500",405,"TPM4"
"program_DE_top500",406,"PDXK"
"program_DE_top500",407,"ANXA6"
"program_DE_top500",408,"NTRK1"
"program_DE_top500",409,"FOXD1"
"program_DE_top500",410,"FKBP7"
"program_DE_top500",411,"PPP1R14B"
"program_DE_top500",412,"COX7C"
"program_DE_top500",413,"RPL36A"
"program_DE_top500",414,"LAMTOR2"
"program_DE_top500",415,"TUBB2A"
"program_DE_top500",416,"HMGB1"
"program_DE_top500",417,"WIF1"
"program_DE_top500",418,"CBLB"
"program_DE_top500",419,"HTRA3"
"program_DE_top500",420,"RPL28"
"program_DE_top500",421,"SEC61A1"
"program_DE_top500",422,"FAM89B"
"program_DE_top500",423,"LRP1"
"program_DE_top500",424,"ANO2"
"program_DE_top500",425,"FAM20A"
"program_DE_top500",426,"FOXS1"
"program_DE_top500",427,"RPL18"
"program_DE_top500",428,"ZBTB20"
"program_DE_top500",429,"RYR2"
"program_DE_top500",430,"EIF1"
"program_DE_top500",431,"RPL23"
"program_DE_top500",432,"MXRA7"
"program_DE_top500",433,"RPS6"
"program_DE_top500",434,"TSHZ2"
"program_DE_top500",435,"YIF1B"
"program_DE_top500",436,"LRRN1"
"program_DE_top500",437,"RPL23A"
"program_DE_top500",438,"S100A13"
"program_DE_top500",439,"COPE"
"program_DE_top500",440,"INHBA"
"program_DE_top500",441,"LGALS3"
"program_DE_top500",442,"ABCA8"
"program_DE_top500",443,"BRI3"
"program_DE_top500",444,"CEBPA"
"program_DE_top500",445,"AKR1A1"
"program_DE_top500",446,"SMCO4"
"program_DE_top500",447,"HM13"
"program_DE_top500",448,"CAMK2N1"
"program_DE_top500",449,"FGGY"
"program_DE_top500",450,"RPL7"
"program_DE_top500",451,"ZYX"
"program_DE_top500",452,"MYLIP"
"program_DE_top500",453,"RABAC1"
"program_DE_top500",454,"UROD"
"program_DE_top500",455,"NDUFB2"
"program_DE_top500",456,"IFI27L2"
"program_DE_top500",457,"FAM195B"
"program_DE_top500",458,"EDIL3"
"program_DE_top500",459,"TNC"
"program_DE_top500",460,"JOSD2"
"program_DE_top500",461,"DBN1"
"program_DE_top500",462,"CALR"
"program_DE_top500",463,"GPAA1"
"program_DE_top500",464,"TENM3"
"program_DE_top500",465,"FAM50A"
"program_DE_top500",466,"PPDPF"
"program_DE_top500",467,"RPS3"
"program_DE_top500",468,"RAB13"
"program_DE_top500",469,"MAP4K4"
"program_DE_top500",470,"NDUFA3"
"program_DE_top500",471,"TUBA1C"
"program_DE_top500",472,"FKBP14"
"program_DE_top500",473,"SAR1A"
"program_DE_top500",474,"CCL2"
"program_DE_top500",475,"PLTP"
"program_DE_top500",476,"DKK2"
"program_DE_top500",477,"KRT16"
"program_DE_top500",478,"C17orf89"
"program_DE_top500",479,"CYB561"
"program_DE_top500",480,"TAF10"
"program_DE_top500",481,"MZT2A"
"program_DE_top500",482,"SPATS2L"
"program_DE_top500",483,"PCSK1N"
"program_DE_top500",484,"PHLDA1"
"program_DE_top500",485,"ARID5B"
"program_DE_top500",486,"NPC2"
"program_DE_top500",487,"LINC01615"
"program_DE_top500",488,"RPS9"
"program_DE_top500",489,"MICAL2"
"program_DE_top500",490,"TP53I3"
"program_DE_top500",491,"RP5-1172A22.1"
"program_DE_top500",492,"GPX7"
"program_DE_top500",493,"TMEM176B"
"program_DE_top500",494,"EVL"
"program_DE_top500",495,"GLMP"
"program_DE_top500",496,"SLC39A7"
"program_DE_top500",497,"PRKG1"
"program_DE_top500",498,"CDC42EP5"
"program_DE_top500",499,"RPL9"
"program_DE_top500",500,"PDZRN4"
"program_DE_top1000",1,"COL1A1"
"program_DE_top1000",2,"SPARC"
"program_DE_top1000",3,"COL1A2"
"program_DE_top1000",4,"COL3A1"
"program_DE_top1000",5,"COL5A1"
"program_DE_top1000",6,"COL6A2"
"program_DE_top1000",7,"COL6A1"
"program_DE_top1000",8,"SFRP2"
"program_DE_top1000",9,"ASPN"
"program_DE_top1000",10,"MDK"
"program_DE_top1000",11,"COMP"
"program_DE_top1000",12,"RCN3"
"program_DE_top1000",13,"POSTN"
"program_DE_top1000",14,"SERPINH1"
"program_DE_top1000",15,"COL5A2"
"program_DE_top1000",16,"CERCAM"
"program_DE_top1000",17,"SERF2"
"program_DE_top1000",18,"AEBP1"
"program_DE_top1000",19,"IFITM3"
"program_DE_top1000",20,"PCOLCE"
"program_DE_top1000",21,"LGALS1"
"program_DE_top1000",22,"CREB3L1"
"program_DE_top1000",23,"BGN"
"program_DE_top1000",24,"CTHRC1"
"program_DE_top1000",25,"CILP2"
"program_DE_top1000",26,"CTSC"
"program_DE_top1000",27,"FN1"
"program_DE_top1000",28,"TMSB10"
"program_DE_top1000",29,"TIMP1"
"program_DE_top1000",30,"SERPINF1"
"program_DE_top1000",31,"COPZ2"
"program_DE_top1000",32,"PTMA"
"program_DE_top1000",33,"GXYLT2"
"program_DE_top1000",34,"COL8A1"
"program_DE_top1000",35,"NBL1"
"program_DE_top1000",36,"COL14A1"
"program_DE_top1000",37,"H3F3B"
"program_DE_top1000",38,"TAGLN"
"program_DE_top1000",39,"ADAM12"
"program_DE_top1000",40,"IGFBP7"
"program_DE_top1000",41,"MMP2"
"program_DE_top1000",42,"PPIB"
"program_DE_top1000",43,"HMCN2"
"program_DE_top1000",44,"IFITM2"
"program_DE_top1000",45,"THY1"
"program_DE_top1000",46,"C1R"
"program_DE_top1000",47,"COL16A1"
"program_DE_top1000",48,"THBS2"
"program_DE_top1000",49,"APOE"
"program_DE_top1000",50,"IGFBP4"
"program_DE_top1000",51,"TCF4"
"program_DE_top1000",52,"IGF2"
"program_DE_top1000",53,"FTL"
"program_DE_top1000",54,"COL12A1"
"program_DE_top1000",55,"LRRC15"
"program_DE_top1000",56,"ARL4C"
"program_DE_top1000",57,"EMILIN1"
"program_DE_top1000",58,"C1S"
"program_DE_top1000",59,"APOD"
"program_DE_top1000",60,"MRC2"
"program_DE_top1000",61,"MYL9"
"program_DE_top1000",62,"MARCKS"
"program_DE_top1000",63,"HCFC1R1"
"program_DE_top1000",64,"OGN"
"program_DE_top1000",65,"COL6A3"
"program_DE_top1000",66,"GPR78"
"program_DE_top1000",67,"HDLBP"
"program_DE_top1000",68,"CCL19"
"program_DE_top1000",69,"SSC5D"
"program_DE_top1000",70,"ACAN"
"program_DE_top1000",71,"CST3"
"program_DE_top1000",72,"PPIC"
"program_DE_top1000",73,"NNMT"
"program_DE_top1000",74,"TIMP3"
"program_DE_top1000",75,"RARRES2"
"program_DE_top1000",76,"LGALS3BP"
"program_DE_top1000",77,"DPT"
"program_DE_top1000",78,"COL11A1"
"program_DE_top1000",79,"ZNF469"
"program_DE_top1000",80,"SERPING1"
"program_DE_top1000",81,"LAMC3"
"program_DE_top1000",82,"NT5DC2"
"program_DE_top1000",83,"CPXM1"
"program_DE_top1000",84,"CD81"
"program_DE_top1000",85,"SFRP4"
"program_DE_top1000",86,"C1QTNF3"
"program_DE_top1000",87,"ALX4"
"program_DE_top1000",88,"NREP"
"program_DE_top1000",89,"SEMA3G"
"program_DE_top1000",90,"CHPF"
"program_DE_top1000",91,"P4HB"
"program_DE_top1000",92,"BMP1"
"program_DE_top1000",93,"FNDC1"
"program_DE_top1000",94,"P3H1"
"program_DE_top1000",95,"ZFP36L2"
"program_DE_top1000",96,"BASP1"
"program_DE_top1000",97,"OST4"
"program_DE_top1000",98,"C1QTNF6"
"program_DE_top1000",99,"NME1-NME2"
"program_DE_top1000",100,"PYCR1"
"program_DE_top1000",101,"WISP2"
"program_DE_top1000",102,"HTRA1"
"program_DE_top1000",103,"KCNMA1"
"program_DE_top1000",104,"RARRES3"
"program_DE_top1000",105,"PTGDS"
"program_DE_top1000",106,"NGFR"
"program_DE_top1000",107,"SPRY1"
"program_DE_top1000",108,"P3H4"
"program_DE_top1000",109,"B2M"
"program_DE_top1000",110,"COL23A1"
"program_DE_top1000",111,"TFAP2A"
"program_DE_top1000",112,"RPL11"
"program_DE_top1000",113,"S100A11"
"program_DE_top1000",114,"CKAP4"
"program_DE_top1000",115,"HLA-A"
"program_DE_top1000",116,"RPS26"
"program_DE_top1000",117,"ADAMTS2"
"program_DE_top1000",118,"RPL12"
"program_DE_top1000",119,"FOXP1"
"program_DE_top1000",120,"OLFML2B"
"program_DE_top1000",121,"ARMC9"
"program_DE_top1000",122,"CXCL14"
"program_DE_top1000",123,"BCL2"
"program_DE_top1000",124,"P3H3"
"program_DE_top1000",125,"C1orf122"
"program_DE_top1000",126,"HSPG2"
"program_DE_top1000",127,"SEPT11"
"program_DE_top1000",128,"PDLIM7"
"program_DE_top1000",129,"PDLIM2"
"program_DE_top1000",130,"PLPP4"
"program_DE_top1000",131,"VKORC1"
"program_DE_top1000",132,"ANGPTL2"
"program_DE_top1000",133,"PIEZO2"
"program_DE_top1000",134,"SLC35F1"
"program_DE_top1000",135,"P4HA3"
"program_DE_top1000",136,"HLA-B"
"program_DE_top1000",137,"IGFBP3"
"program_DE_top1000",138,"TRPS1"
"program_DE_top1000",139,"RP11-25H12.1"
"program_DE_top1000",140,"PHPT1"
"program_DE_top1000",141,"HAS2"
"program_DE_top1000",142,"FBN1"
"program_DE_top1000",143,"RPL5"
"program_DE_top1000",144,"THBS4"
"program_DE_top1000",145,"ECM1"
"program_DE_top1000",146,"RPS23"
"program_DE_top1000",147,"CRABP2"
"program_DE_top1000",148,"RPL34"
"program_DE_top1000",149,"S100A8"
"program_DE_top1000",150,"SEMA3B"
"program_DE_top1000",151,"BST2"
"program_DE_top1000",152,"SERPINE2"
"program_DE_top1000",153,"UQCR11"
"program_DE_top1000",154,"COL15A1"
"program_DE_top1000",155,"RPL26"
"program_DE_top1000",156,"FKBP10"
"program_DE_top1000",157,"C9orf16"
"program_DE_top1000",158,"SCX"
"program_DE_top1000",159,"MXRA5"
"program_DE_top1000",160,"APCDD1"
"program_DE_top1000",161,"RPL35A"
"program_DE_top1000",162,"PTCH1"
"program_DE_top1000",163,"NUCKS1"
"program_DE_top1000",164,"TTYH3"
"program_DE_top1000",165,"CLEC11A"
"program_DE_top1000",166,"COL18A1"
"program_DE_top1000",167,"COL5A3"
"program_DE_top1000",168,"RPL6"
"program_DE_top1000",169,"ZMAT3"
"program_DE_top1000",170,"C1QTNF5"
"program_DE_top1000",171,"LRRC32"
"program_DE_top1000",172,"CYGB"
"program_DE_top1000",173,"SOD3"
"program_DE_top1000",174,"AK1"
"program_DE_top1000",175,"FKBP11"
"program_DE_top1000",176,"SSR4"
"program_DE_top1000",177,"RPS13"
"program_DE_top1000",178,"TMEM119"
"program_DE_top1000",179,"DAAM2"
"program_DE_top1000",180,"EFEMP2"
"program_DE_top1000",181,"MFAP2"
"program_DE_top1000",182,"VCAN"
"program_DE_top1000",183,"ELN"
"program_DE_top1000",184,"BMP4"
"program_DE_top1000",185,"P4HA2"
"program_DE_top1000",186,"KDELR2"
"program_DE_top1000",187,"RCN1"
"program_DE_top1000",188,"FBLN1"
"program_DE_top1000",189,"PODN"
"program_DE_top1000",190,"PRLR"
"program_DE_top1000",191,"OLFML3"
"program_DE_top1000",192,"CTSK"
"program_DE_top1000",193,"INAFM1"
"program_DE_top1000",194,"TPT1"
"program_DE_top1000",195,"RPL32"
"program_DE_top1000",196,"LY6E"
"program_DE_top1000",197,"CSRP2"
"program_DE_top1000",198,"C4orf48"
"program_DE_top1000",199,"GADD45G"
"program_DE_top1000",200,"ISOC2"
"program_DE_top1000",201,"NME4"
"program_DE_top1000",202,"ITGA11"
"program_DE_top1000",203,"FGFR1"
"program_DE_top1000",204,"SNED1"
"program_DE_top1000",205,"TGFB3"
"program_DE_top1000",206,"METRN"
"program_DE_top1000",207,"GOLM1"
"program_DE_top1000",208,"TMSB4X"
"program_DE_top1000",209,"NACA"
"program_DE_top1000",210,"TCEB2"
"program_DE_top1000",211,"SULF2"
"program_DE_top1000",212,"EHD2"
"program_DE_top1000",213,"MALAT1"
"program_DE_top1000",214,"FLNA"
"program_DE_top1000",215,"B4GALT2"
"program_DE_top1000",216,"GALNT15"
"program_DE_top1000",217,"UCHL1"
"program_DE_top1000",218,"CD99"
"program_DE_top1000",219,"RPL24"
"program_DE_top1000",220,"ARPC1B"
"program_DE_top1000",221,"SULF1"
"program_DE_top1000",222,"DRD4"
"program_DE_top1000",223,"CDKN2A"
"program_DE_top1000",224,"GNB2L1"
"program_DE_top1000",225,"TNFRSF9"
"program_DE_top1000",226,"SLC5A3"
"program_DE_top1000",227,"BMP7"
"program_DE_top1000",228,"PRDM1"
"program_DE_top1000",229,"PLOD1"
"program_DE_top1000",230,"KDELR3"
"program_DE_top1000",231,"ATOX1"
"program_DE_top1000",232,"RPS8"
"program_DE_top1000",233,"PRDX4"
"program_DE_top1000",234,"PRAF2"
"program_DE_top1000",235,"ACTB"
"program_DE_top1000",236,"SPON2"
"program_DE_top1000",237,"ACTA2"
"program_DE_top1000",238,"RTEL1-TNFRSF6B"
"program_DE_top1000",239,"PFN1"
"program_DE_top1000",240,"RPS27A"
"program_DE_top1000",241,"NTRK3"
"program_DE_top1000",242,"FMOD"
"program_DE_top1000",243,"FLNC"
"program_DE_top1000",244,"UQCRQ"
"program_DE_top1000",245,"RPS4X"
"program_DE_top1000",246,"A1BG"
"program_DE_top1000",247,"S100A9"
"program_DE_top1000",248,"ISG15"
"program_DE_top1000",249,"EPHB3"
"program_DE_top1000",250,"FAP"
"program_DE_top1000",251,"RPL19"
"program_DE_top1000",252,"CD63"
"program_DE_top1000",253,"GLIPR2"
"program_DE_top1000",254,"CUEDC1"
"program_DE_top1000",255,"TGFBI"
"program_DE_top1000",256,"ZDHHC14"
"program_DE_top1000",257,"BTF3"
"program_DE_top1000",258,"HIST1H2BD"
"program_DE_top1000",259,"NUCB1"
"program_DE_top1000",260,"RPL37"
"program_DE_top1000",261,"COL4A2"
"program_DE_top1000",262,"PTPRG"
"program_DE_top1000",263,"SEC13"
"program_DE_top1000",264,"ENAH"
"program_DE_top1000",265,"STMN2"
"program_DE_top1000",266,"MYL6"
"program_DE_top1000",267,"TNFRSF12A"
"program_DE_top1000",268,"PLEKHH2"
"program_DE_top1000",269,"FSTL1"
"program_DE_top1000",270,"FAU"
"program_DE_top1000",271,"ATP5E"
"program_DE_top1000",272,"GRIK1"
"program_DE_top1000",273,"GGT5"
"program_DE_top1000",274,"CKLF"
"program_DE_top1000",275,"GUCY1A3"
"program_DE_top1000",276,"MAGED1"
"program_DE_top1000",277,"SDF4"
"program_DE_top1000",278,"FAM20C"
"program_DE_top1000",279,"INHBB"
"program_DE_top1000",280,"FIBIN"
"program_DE_top1000",281,"AP2S1"
"program_DE_top1000",282,"PLIN3"
"program_DE_top1000",283,"C11orf96"
"program_DE_top1000",284,"AC005943.2"
"program_DE_top1000",285,"YIF1A"
"program_DE_top1000",286,"MIR4435-2HG"
"program_DE_top1000",287,"LOX"
"program_DE_top1000",288,"LINC00152"
"program_DE_top1000",289,"TMED3"
"program_DE_top1000",290,"RPL13"
"program_DE_top1000",291,"FMO1"
"program_DE_top1000",292,"C11orf24"
"program_DE_top1000",293,"IFI27"
"program_DE_top1000",294,"APOL1"
"program_DE_top1000",295,"RUNX1T1"
"program_DE_top1000",296,"PCDH11X"
"program_DE_top1000",297,"ISLR"
"program_DE_top1000",298,"TYMP"
"program_DE_top1000",299,"RPL22"
"program_DE_top1000",300,"CHST1"
"program_DE_top1000",301,"TMEM219"
"program_DE_top1000",302,"COL4A1"
"program_DE_top1000",303,"RPL38"
"program_DE_top1000",304,"COL10A1"
"program_DE_top1000",305,"DIO2"
"program_DE_top1000",306,"SORCS2"
"program_DE_top1000",307,"LMO4"
"program_DE_top1000",308,"SLC38A10"
"program_DE_top1000",309,"CENPW"
"program_DE_top1000",310,"GAS6"
"program_DE_top1000",311,"TSPAN13"
"program_DE_top1000",312,"MYDGF"
"program_DE_top1000",313,"FAM114A1"
"program_DE_top1000",314,"DAB2"
"program_DE_top1000",315,"CTSB"
"program_DE_top1000",316,"ARHGAP1"
"program_DE_top1000",317,"CD74"
"program_DE_top1000",318,"ZNHIT1"
"program_DE_top1000",319,"GRIN2D"
"program_DE_top1000",320,"SMOC2"
"program_DE_top1000",321,"TMEM176A"
"program_DE_top1000",322,"DCHS1"
"program_DE_top1000",323,"POLD4"
"program_DE_top1000",324,"CYBA"
"program_DE_top1000",325,"IFT20"
"program_DE_top1000",326,"CHST6"
"program_DE_top1000",327,"RHOC"
"program_DE_top1000",328,"PALLD"
"program_DE_top1000",329,"SSR3"
"program_DE_top1000",330,"HLA-DRA"
"program_DE_top1000",331,"CRIP1"
"program_DE_top1000",332,"ARFGAP1"
"program_DE_top1000",333,"TPM2"
"program_DE_top1000",334,"TMEM214"
"program_DE_top1000",335,"SMTN"
"program_DE_top1000",336,"RP11-145A3.1"
"program_DE_top1000",337,"THBS1"
"program_DE_top1000",338,"RRBP1"
"program_DE_top1000",339,"TXNDC5"
"program_DE_top1000",340,"VIM"
"program_DE_top1000",341,"CCDC80"
"program_DE_top1000",342,"SEMA6B"
"program_DE_top1000",343,"CGREF1"
"program_DE_top1000",344,"MVP"
"program_DE_top1000",345,"CADM1"
"program_DE_top1000",346,"RPL3"
"program_DE_top1000",347,"RPL14"
"program_DE_top1000",348,"JUNB"
"program_DE_top1000",349,"IGFBP2"
"program_DE_top1000",350,"IFITM1"
"program_DE_top1000",351,"SH3BGRL3"
"program_DE_top1000",352,"GPX8"
"program_DE_top1000",353,"EEF1A1"
"program_DE_top1000",354,"HEYL"
"program_DE_top1000",355,"DCN"
"program_DE_top1000",356,"S100A7"
"program_DE_top1000",357,"PTN"
"program_DE_top1000",358,"DAP"
"program_DE_top1000",359,"HMCN1"
"program_DE_top1000",360,"MEGF6"
"program_DE_top1000",361,"DPP4"
"program_DE_top1000",362,"SCARF2"
"program_DE_top1000",363,"ADAMTS14"
"program_DE_top1000",364,"CTSD"
"program_DE_top1000",365,"NOTCH3"
"program_DE_top1000",366,"SLC27A4"
"program_DE_top1000",367,"PRDX5"
"program_DE_top1000",368,"EFHD1"
"program_DE_top1000",369,"LUM"
"program_DE_top1000",370,"NRXN2"
"program_DE_top1000",371,"GRN"
"program_DE_top1000",372,"RPL22L1"
"program_DE_top1000",373,"RPL4"
"program_DE_top1000",374,"PHLDA3"
"program_DE_top1000",375,"ADAMTS6"
"program_DE_top1000",376,"NAGK"
"program_DE_top1000",377,"RP11-417E7.2"
"program_DE_top1000",378,"GMPPA"
"program_DE_top1000",379,"FKBP9"
"program_DE_top1000",380,"TWIST1"
"program_DE_top1000",381,"EFEMP1"
"program_DE_top1000",382,"CAPZB"
"program_DE_top1000",383,"NDUFS8"
"program_DE_top1000",384,"ITGBL1"
"program_DE_top1000",385,"RPL30"
"program_DE_top1000",386,"NPTX2"
"program_DE_top1000",387,"OPCML"
"program_DE_top1000",388,"SNX8"
"program_DE_top1000",389,"ROBO2"
"program_DE_top1000",390,"CISD1"
"program_DE_top1000",391,"NLGN1"
"program_DE_top1000",392,"OLFM2"
"program_DE_top1000",393,"SEC61B"
"program_DE_top1000",394,"IDH2"
"program_DE_top1000",395,"SRA1"
"program_DE_top1000",396,"ALDH1A3"
"program_DE_top1000",397,"CD151"
"program_DE_top1000",398,"HNRNPA1"
"program_DE_top1000",399,"AHR"
"program_DE_top1000",400,"C7orf50"
"program_DE_top1000",401,"MLEC"
"program_DE_top1000",402,"NME1"
"program_DE_top1000",403,"ITGA10"
"program_DE_top1000",404,"GAPDH"
"program_DE_top1000",405,"TPM4"
"program_DE_top1000",406,"PDXK"
"program_DE_top1000",407,"ANXA6"
"program_DE_top1000",408,"NTRK1"
"program_DE_top1000",409,"FOXD1"
"program_DE_top1000",410,"FKBP7"
"program_DE_top1000",411,"PPP1R14B"
"program_DE_top1000",412,"COX7C"
"program_DE_top1000",413,"RPL36A"
"program_DE_top1000",414,"LAMTOR2"
"program_DE_top1000",415,"TUBB2A"
"program_DE_top1000",416,"HMGB1"
"program_DE_top1000",417,"WIF1"
"program_DE_top1000",418,"CBLB"
"program_DE_top1000",419,"HTRA3"
"program_DE_top1000",420,"RPL28"
"program_DE_top1000",421,"SEC61A1"
"program_DE_top1000",422,"FAM89B"
"program_DE_top1000",423,"LRP1"
"program_DE_top1000",424,"ANO2"
"program_DE_top1000",425,"FAM20A"
"program_DE_top1000",426,"FOXS1"
"program_DE_top1000",427,"RPL18"
"program_DE_top1000",428,"ZBTB20"
"program_DE_top1000",429,"RYR2"
"program_DE_top1000",430,"EIF1"
"program_DE_top1000",431,"RPL23"
"program_DE_top1000",432,"MXRA7"
"program_DE_top1000",433,"RPS6"
"program_DE_top1000",434,"TSHZ2"
"program_DE_top1000",435,"YIF1B"
"program_DE_top1000",436,"LRRN1"
"program_DE_top1000",437,"RPL23A"
"program_DE_top1000",438,"S100A13"
"program_DE_top1000",439,"COPE"
"program_DE_top1000",440,"INHBA"
"program_DE_top1000",441,"LGALS3"
"program_DE_top1000",442,"ABCA8"
"program_DE_top1000",443,"BRI3"
"program_DE_top1000",444,"CEBPA"
"program_DE_top1000",445,"AKR1A1"
"program_DE_top1000",446,"SMCO4"
"program_DE_top1000",447,"HM13"
"program_DE_top1000",448,"CAMK2N1"
"program_DE_top1000",449,"FGGY"
"program_DE_top1000",450,"RPL7"
"program_DE_top1000",451,"ZYX"
"program_DE_top1000",452,"MYLIP"
"program_DE_top1000",453,"RABAC1"
"program_DE_top1000",454,"UROD"
"program_DE_top1000",455,"NDUFB2"
"program_DE_top1000",456,"IFI27L2"
"program_DE_top1000",457,"FAM195B"
"program_DE_top1000",458,"EDIL3"
"program_DE_top1000",459,"TNC"
"program_DE_top1000",460,"JOSD2"
"program_DE_top1000",461,"DBN1"
"program_DE_top1000",462,"CALR"
"program_DE_top1000",463,"GPAA1"
"program_DE_top1000",464,"TENM3"
"program_DE_top1000",465,"FAM50A"
"program_DE_top1000",466,"PPDPF"
"program_DE_top1000",467,"RPS3"
"program_DE_top1000",468,"RAB13"
"program_DE_top1000",469,"MAP4K4"
"program_DE_top1000",470,"NDUFA3"
"program_DE_top1000",471,"TUBA1C"
"program_DE_top1000",472,"FKBP14"
"program_DE_top1000",473,"SAR1A"
"program_DE_top1000",474,"CCL2"
"program_DE_top1000",475,"PLTP"
"program_DE_top1000",476,"DKK2"
"program_DE_top1000",477,"KRT16"
"program_DE_top1000",478,"C17orf89"
"program_DE_top1000",479,"CYB561"
"program_DE_top1000",480,"TAF10"
"program_DE_top1000",481,"MZT2A"
"program_DE_top1000",482,"SPATS2L"
"program_DE_top1000",483,"PCSK1N"
"program_DE_top1000",484,"PHLDA1"
"program_DE_top1000",485,"ARID5B"
"program_DE_top1000",486,"NPC2"
"program_DE_top1000",487,"LINC01615"
"program_DE_top1000",488,"RPS9"
"program_DE_top1000",489,"MICAL2"
"program_DE_top1000",490,"TP53I3"
"program_DE_top1000",491,"RP5-1172A22.1"
"program_DE_top1000",492,"GPX7"
"program_DE_top1000",493,"TMEM176B"
"program_DE_top1000",494,"EVL"
"program_DE_top1000",495,"GLMP"
"program_DE_top1000",496,"SLC39A7"
"program_DE_top1000",497,"PRKG1"
"program_DE_top1000",498,"CDC42EP5"
"program_DE_top1000",499,"RPL9"
"program_DE_top1000",500,"PDZRN4"
"program_DE_top1000",501,"OSTC"
"program_DE_top1000",502,"ARHGEF28"
"program_DE_top1000",503,"VTI1B"
"program_DE_top1000",504,"CYP1B1"
"program_DE_top1000",505,"RBP4"
"program_DE_top1000",506,"ADAMTS16"
"program_DE_top1000",507,"RPS20"
"program_DE_top1000",508,"RPS3A"
"program_DE_top1000",509,"VAMP5"
"program_DE_top1000",510,"FAAP20"
"program_DE_top1000",511,"APLNR"
"program_DE_top1000",512,"ANPEP"
"program_DE_top1000",513,"SERPINA3"
"program_DE_top1000",514,"PSME2"
"program_DE_top1000",515,"TMEM208"
"program_DE_top1000",516,"TGFB1I1"
"program_DE_top1000",517,"SEC61G"
"program_DE_top1000",518,"NKAIN3"
"program_DE_top1000",519,"XXbac-BPG116M5.17"
"program_DE_top1000",520,"MIR99AHG"
"program_DE_top1000",521,"COL6A5"
"program_DE_top1000",522,"TIMM8B"
"program_DE_top1000",523,"DAPK3"
"program_DE_top1000",524,"ITGB5"
"program_DE_top1000",525,"COTL1"
"program_DE_top1000",526,"PDGFRL"
"program_DE_top1000",527,"SPARCL1"
"program_DE_top1000",528,"SURF4"
"program_DE_top1000",529,"SCO2"
"program_DE_top1000",530,"CFH"
"program_DE_top1000",531,"SEPW1"
"program_DE_top1000",532,"PRKCSH"
"program_DE_top1000",533,"SERP1"
"program_DE_top1000",534,"LTBP3"
"program_DE_top1000",535,"RPL10A"
"program_DE_top1000",536,"DCC"
"program_DE_top1000",537,"TNFAIP6"
"program_DE_top1000",538,"C3"
"program_DE_top1000",539,"VEGFB"
"program_DE_top1000",540,"KCNK6"
"program_DE_top1000",541,"RPL17-C18orf32"
"program_DE_top1000",542,"TBC1D1"
"program_DE_top1000",543,"B4GALNT1"
"program_DE_top1000",544,"MPG"
"program_DE_top1000",545,"GNG5"
"program_DE_top1000",546,"THBS3"
"program_DE_top1000",547,"ADH1B"
"program_DE_top1000",548,"FBLN7"
"program_DE_top1000",549,"SYNDIG1"
"program_DE_top1000",550,"NKD1"
"program_DE_top1000",551,"JMJD1C"
"program_DE_top1000",552,"CLTB"
"program_DE_top1000",553,"FUT11"
"program_DE_top1000",554,"GAA"
"program_DE_top1000",555,"RND3"
"program_DE_top1000",556,"ALDH18A1"
"program_DE_top1000",557,"NRBP1"
"program_DE_top1000",558,"PLXDC2"
"program_DE_top1000",559,"C19orf70"
"program_DE_top1000",560,"S100A16"
"program_DE_top1000",561,"IER2"
"program_DE_top1000",562,"CIRBP"
"program_DE_top1000",563,"SRM"
"program_DE_top1000",564,"TNFRSF1A"
"program_DE_top1000",565,"TPM1"
"program_DE_top1000",566,"IGFBP6"
"program_DE_top1000",567,"CTSA"
"program_DE_top1000",568,"LAMA4"
"program_DE_top1000",569,"PRKCDBP"
"program_DE_top1000",570,"MYLK"
"program_DE_top1000",571,"JTB"
"program_DE_top1000",572,"MAP7D1"
"program_DE_top1000",573,"TNFSF10"
"program_DE_top1000",574,"SSR2"
"program_DE_top1000",575,"ANAPC11"
"program_DE_top1000",576,"ZFAS1"
"program_DE_top1000",577,"FAM102A"
"program_DE_top1000",578,"CLEC2B"
"program_DE_top1000",579,"ADGRB3"
"program_DE_top1000",580,"IFI6"
"program_DE_top1000",581,"GARS"
"program_DE_top1000",582,"SEC24D"
"program_DE_top1000",583,"ATP5J2"
"program_DE_top1000",584,"GLTSCR2"
"program_DE_top1000",585,"AC007192.4"
"program_DE_top1000",586,"NAA10"
"program_DE_top1000",587,"FAM229B"
"program_DE_top1000",588,"MGAT1"
"program_DE_top1000",589,"PFDN5"
"program_DE_top1000",590,"ORAI2"
"program_DE_top1000",591,"PSMB8"
"program_DE_top1000",592,"SNF8"
"program_DE_top1000",593,"EBF1"
"program_DE_top1000",594,"HOMER3"
"program_DE_top1000",595,"ALDH1L2"
"program_DE_top1000",596,"FGL2"
"program_DE_top1000",597,"MRPL52"
"program_DE_top1000",598,"LAMB2"
"program_DE_top1000",599,"CCDC107"
"program_DE_top1000",600,"LSP1"
"program_DE_top1000",601,"NEK10"
"program_DE_top1000",602,"ARF4"
"program_DE_top1000",603,"NR2F2"
"program_DE_top1000",604,"PLPP3"
"program_DE_top1000",605,"TRIOBP"
"program_DE_top1000",606,"SEPP1"
"program_DE_top1000",607,"PGLS"
"program_DE_top1000",608,"TCF7L2"
"program_DE_top1000",609,"PLEKHA4"
"program_DE_top1000",610,"LUZP2"
"program_DE_top1000",611,"ZEB2"
"program_DE_top1000",612,"VAT1"
"program_DE_top1000",613,"BCL7C"
"program_DE_top1000",614,"ZCCHC24"
"program_DE_top1000",615,"F13A1"
"program_DE_top1000",616,"BACE2"
"program_DE_top1000",617,"PREX2"
"program_DE_top1000",618,"GPX1"
"program_DE_top1000",619,"SUSD2"
"program_DE_top1000",620,"ALKBH7"
"program_DE_top1000",621,"CFD"
"program_DE_top1000",622,"COPA"
"program_DE_top1000",623,"LAMA3"
"program_DE_top1000",624,"PLAUR"
"program_DE_top1000",625,"NCS1"
"program_DE_top1000",626,"SPTBN1"
"program_DE_top1000",627,"NDUFA6"
"program_DE_top1000",628,"CNN2"
"program_DE_top1000",629,"EIF5A"
"program_DE_top1000",630,"AP2M1"
"program_DE_top1000",631,"LMCD1"
"program_DE_top1000",632,"PEBP1"
"program_DE_top1000",633,"GUK1"
"program_DE_top1000",634,"MMP24-AS1"
"program_DE_top1000",635,"KIAA2013"
"program_DE_top1000",636,"IFI16"
"program_DE_top1000",637,"RASD1"
"program_DE_top1000",638,"HEG1"
"program_DE_top1000",639,"TUBB2B"
"program_DE_top1000",640,"CMKLR1"
"program_DE_top1000",641,"EIF4E2"
"program_DE_top1000",642,"SH3GL1"
"program_DE_top1000",643,"TRAPPC2L"
"program_DE_top1000",644,"AQP1"
"program_DE_top1000",645,"AVPR1A"
"program_DE_top1000",646,"TUBA1A"
"program_DE_top1000",647,"MRPL17"
"program_DE_top1000",648,"CHPF2"
"program_DE_top1000",649,"ARAP1"
"program_DE_top1000",650,"HIST2H2BE"
"program_DE_top1000",651,"EPHB2"
"program_DE_top1000",652,"C12orf75"
"program_DE_top1000",653,"RAC3"
"program_DE_top1000",654,"LRRC59"
"program_DE_top1000",655,"HSPA12B"
"program_DE_top1000",656,"FHL3"
"program_DE_top1000",657,"MYH9"
"program_DE_top1000",658,"ADIRF"
"program_DE_top1000",659,"RPS5"
"program_DE_top1000",660,"RPL7A"
"program_DE_top1000",661,"LINC-PINT"
"program_DE_top1000",662,"COL6A6"
"program_DE_top1000",663,"SLC39A13"
"program_DE_top1000",664,"APRT"
"program_DE_top1000",665,"GALNS"
"program_DE_top1000",666,"PSME1"
"program_DE_top1000",667,"RPS16"
"program_DE_top1000",668,"ACE"
"program_DE_top1000",669,"MINOS1-NBL1"
"program_DE_top1000",670,"HEXA"
"program_DE_top1000",671,"METRNL"
"program_DE_top1000",672,"RPS14"
"program_DE_top1000",673,"CCL14"
"program_DE_top1000",674,"RPL13A"
"program_DE_top1000",675,"EIF4G1"
"program_DE_top1000",676,"ARHGDIA"
"program_DE_top1000",677,"TP53I13"
"program_DE_top1000",678,"ST6GALNAC6"
"program_DE_top1000",679,"NAP1L1"
"program_DE_top1000",680,"JUN"
"program_DE_top1000",681,"PGM1"
"program_DE_top1000",682,"TSC22D1"
"program_DE_top1000",683,"RAD51B"
"program_DE_top1000",684,"TMED9"
"program_DE_top1000",685,"COX7A1"
"program_DE_top1000",686,"ARPC4"
"program_DE_top1000",687,"TMED2"
"program_DE_top1000",688,"PLAC9"
"program_DE_top1000",689,"RUNX3"
"program_DE_top1000",690,"KIAA1462"
"program_DE_top1000",691,"IMPDH1"
"program_DE_top1000",692,"PGM2L1"
"program_DE_top1000",693,"FOXO3"
"program_DE_top1000",694,"HIC1"
"program_DE_top1000",695,"VSNL1"
"program_DE_top1000",696,"SDC1"
"program_DE_top1000",697,"EIF4EBP1"
"program_DE_top1000",698,"KHDRBS3"
"program_DE_top1000",699,"CCDC28B"
"program_DE_top1000",700,"PTPRD"
"program_DE_top1000",701,"DPM3"
"program_DE_top1000",702,"NAA38"
"program_DE_top1000",703,"RPS25"
"program_DE_top1000",704,"ALDOA"
"program_DE_top1000",705,"ADAMTS4"
"program_DE_top1000",706,"CFL1"
"program_DE_top1000",707,"MED8"
"program_DE_top1000",708,"MRPS6"
"program_DE_top1000",709,"CALU"
"program_DE_top1000",710,"TAPBP"
"program_DE_top1000",711,"SYT7"
"program_DE_top1000",712,"SEMA3C"
"program_DE_top1000",713,"SH3PXD2A"
"program_DE_top1000",714,"IL1R1"
"program_DE_top1000",715,"QSOX1"
"program_DE_top1000",716,"HSPA1B"
"program_DE_top1000",717,"DUSP23"
"program_DE_top1000",718,"ACKR1"
"program_DE_top1000",719,"RPS27"
"program_DE_top1000",720,"MIF"
"program_DE_top1000",721,"BBOX1-AS1"
"program_DE_top1000",722,"ITGA8"
"program_DE_top1000",723,"HSP90AB1"
"program_DE_top1000",724,"DYNLT1"
"program_DE_top1000",725,"KCNJ12"
"program_DE_top1000",726,"UQCC2"
"program_DE_top1000",727,"TRAPPC1"
"program_DE_top1000",728,"TMEM261"
"program_DE_top1000",729,"PKM"
"program_DE_top1000",730,"HIST1H2BG"
"program_DE_top1000",731,"APOL2"
"program_DE_top1000",732,"NDUFA13"
"program_DE_top1000",733,"KLHDC3"
"program_DE_top1000",734,"MKLN1"
"program_DE_top1000",735,"CPE"
"program_DE_top1000",736,"MEIS3"
"program_DE_top1000",737,"FBLN2"
"program_DE_top1000",738,"FAM129A"
"program_DE_top1000",739,"TXNIP"
"program_DE_top1000",740,"NANS"
"program_DE_top1000",741,"ADAMTS9-AS2"
"program_DE_top1000",742,"RPL31"
"program_DE_top1000",743,"RAB31"
"program_DE_top1000",744,"ILK"
"program_DE_top1000",745,"HN1"
"program_DE_top1000",746,"F10"
"program_DE_top1000",747,"RPL29"
"program_DE_top1000",748,"NRN1"
"program_DE_top1000",749,"CA8"
"program_DE_top1000",750,"DPM2"
"program_DE_top1000",751,"CFB"
"program_DE_top1000",752,"CCDC167"
"program_DE_top1000",753,"FNTB"
"program_DE_top1000",754,"C6orf48"
"program_DE_top1000",755,"XBP1"
"program_DE_top1000",756,"TXNL4A"
"program_DE_top1000",757,"NDUFA2"
"program_DE_top1000",758,"FIBP"
"program_DE_top1000",759,"CCDC124"
"program_DE_top1000",760,"ARHGAP10"
"program_DE_top1000",761,"RPS15"
"program_DE_top1000",762,"AC024592.12"
"program_DE_top1000",763,"KRTCAP2"
"program_DE_top1000",764,"MYCBP2"
"program_DE_top1000",765,"OTUD7A"
"program_DE_top1000",766,"TMEM205"
"program_DE_top1000",767,"NSMCE1"
"program_DE_top1000",768,"ANKRD35"
"program_DE_top1000",769,"FIS1"
"program_DE_top1000",770,"RPS7"
"program_DE_top1000",771,"NDUFS6"
"program_DE_top1000",772,"RP11-863P13.3"
"program_DE_top1000",773,"IRS2"
"program_DE_top1000",774,"SHISA5"
"program_DE_top1000",775,"TANC2"
"program_DE_top1000",776,"NTNG1"
"program_DE_top1000",777,"NID2"
"program_DE_top1000",778,"CEBPD"
"program_DE_top1000",779,"NTM"
"program_DE_top1000",780,"CTSZ"
"program_DE_top1000",781,"SHC1"
"program_DE_top1000",782,"KRT6A"
"program_DE_top1000",783,"PLXNA3"
"program_DE_top1000",784,"DDT"
"program_DE_top1000",785,"RPS24"
"program_DE_top1000",786,"CD276"
"program_DE_top1000",787,"XPOT"
"program_DE_top1000",788,"PLEKHO1"
"program_DE_top1000",789,"SRPX2"
"program_DE_top1000",790,"CAMK1D"
"program_DE_top1000",791,"TWF2"
"program_DE_top1000",792,"ATP6V0D1"
"program_DE_top1000",793,"LRRC17"
"program_DE_top1000",794,"WBP5"
"program_DE_top1000",795,"PGAM1"
"program_DE_top1000",796,"DHRS3"
"program_DE_top1000",797,"RAP1GAP2"
"program_DE_top1000",798,"FASTK"
"program_DE_top1000",799,"PXDN"
"program_DE_top1000",800,"RP11-492E3.51"
"program_DE_top1000",801,"SRPRB"
"program_DE_top1000",802,"ATP6V1F"
"program_DE_top1000",803,"ACTN1"
"program_DE_top1000",804,"APOC1"
"program_DE_top1000",805,"SHISA4"
"program_DE_top1000",806,"TUBA1B"
"program_DE_top1000",807,"CNN3"
"program_DE_top1000",808,"VOPP1"
"program_DE_top1000",809,"GPC1"
"program_DE_top1000",810,"TMEM258"
"program_DE_top1000",811,"RPL35"
"program_DE_top1000",812,"TMA7"
"program_DE_top1000",813,"AKT1S1"
"program_DE_top1000",814,"HIST1H2BJ"
"program_DE_top1000",815,"EYA4"
"program_DE_top1000",816,"CAPG"
"program_DE_top1000",817,"AP000350.10"
"program_DE_top1000",818,"MGP"
"program_DE_top1000",819,"ARSA"
"program_DE_top1000",820,"DGCR6L"
"program_DE_top1000",821,"RUNX1"
"program_DE_top1000",822,"SEMA5A"
"program_DE_top1000",823,"CUTA"
"program_DE_top1000",824,"CRABP1"
"program_DE_top1000",825,"FSCN1"
"program_DE_top1000",826,"MYO1C"
"program_DE_top1000",827,"PACS1"
"program_DE_top1000",828,"XG"
"program_DE_top1000",829,"RNF181"
"program_DE_top1000",830,"COMMD5"
"program_DE_top1000",831,"FAM109B"
"program_DE_top1000",832,"PSMB9"
"program_DE_top1000",833,"SAE1"
"program_DE_top1000",834,"ARHGAP44"
"program_DE_top1000",835,"AHNAK2"
"program_DE_top1000",836,"PRELID1"
"program_DE_top1000",837,"FXYD1"
"program_DE_top1000",838,"TADA3"
"program_DE_top1000",839,"TMEM45A"
"program_DE_top1000",840,"COPG1"
"program_DE_top1000",841,"LASP1"
"program_DE_top1000",842,"TCEAL2"
"program_DE_top1000",843,"SCAND1"
"program_DE_top1000",844,"CHD3"
"program_DE_top1000",845,"RP11-69E11.4"
"program_DE_top1000",846,"ECHS1"
"program_DE_top1000",847,"TNFRSF19"
"program_DE_top1000",848,"SLC2A4RG"
"program_DE_top1000",849,"LINC01116"
"program_DE_top1000",850,"SWI5"
"program_DE_top1000",851,"SCARA5"
"program_DE_top1000",852,"NUTF2"
"program_DE_top1000",853,"SUMO2"
"program_DE_top1000",854,"FST"
"program_DE_top1000",855,"CCDC85B"
"program_DE_top1000",856,"APOBEC3C"
"program_DE_top1000",857,"RP11-282O18.3"
"program_DE_top1000",858,"BTN3A2"
"program_DE_top1000",859,"C7orf73"
"program_DE_top1000",860,"POLR2L"
"program_DE_top1000",861,"INPPL1"
"program_DE_top1000",862,"BBC3"
"program_DE_top1000",863,"VGLL3"
"program_DE_top1000",864,"BCL3"
"program_DE_top1000",865,"C19orf24"
"program_DE_top1000",866,"RPL37A"
"program_DE_top1000",867,"PARVB"
"program_DE_top1000",868,"ARF5"
"program_DE_top1000",869,"SNHG18"
"program_DE_top1000",870,"MRPL12"
"program_DE_top1000",871,"BTG1"
"program_DE_top1000",872,"HSPB6"
"program_DE_top1000",873,"GCN1"
"program_DE_top1000",874,"RAB15"
"program_DE_top1000",875,"CTGF"
"program_DE_top1000",876,"HLA-E"
"program_DE_top1000",877,"LMF2"
"program_DE_top1000",878,"SCUBE3"
"program_DE_top1000",879,"PRSS23"
"program_DE_top1000",880,"MED16"
"program_DE_top1000",881,"MRPL36"
"program_DE_top1000",882,"MSRB3"
"program_DE_top1000",883,"CPNE1"
"program_DE_top1000",884,"CXCL12"
"program_DE_top1000",885,"CYR61"
"program_DE_top1000",886,"PLXNA2"
"program_DE_top1000",887,"SAMHD1"
"program_DE_top1000",888,"FGFRL1"
"program_DE_top1000",889,"RPS2"
"program_DE_top1000",890,"RNASEH2C"
"program_DE_top1000",891,"NDUFA12"
"program_DE_top1000",892,"NDST1"
"program_DE_top1000",893,"C4orf3"
"program_DE_top1000",894,"CDK2AP1"
"program_DE_top1000",895,"MSC"
"program_DE_top1000",896,"FBLIM1"
"program_DE_top1000",897,"HIGD2A"
"program_DE_top1000",898,"LTBP4"
"program_DE_top1000",899,"ATP5G1"
"program_DE_top1000",900,"MRPS21"
"program_DE_top1000",901,"CLDN4"
"program_DE_top1000",902,"MDFI"
"program_DE_top1000",903,"MYO18A"
"program_DE_top1000",904,"NPM1"
"program_DE_top1000",905,"DNM3OS"
"program_DE_top1000",906,"LTBP2"
"program_DE_top1000",907,"RP11-196G11.1"
"program_DE_top1000",908,"SNRNP25"
"program_DE_top1000",909,"GFRA1"
"program_DE_top1000",910,"NTRK2"
"program_DE_top1000",911,"TIMM13"
"program_DE_top1000",912,"CASC15"
"program_DE_top1000",913,"BUD31"
"program_DE_top1000",914,"AURKAIP1"
"program_DE_top1000",915,"TFPI"
"program_DE_top1000",916,"LGMN"
"program_DE_top1000",917,"FBXW5"
"program_DE_top1000",918,"PTGIS"
"program_DE_top1000",919,"RP11-14N7.2"
"program_DE_top1000",920,"CCL27"
"program_DE_top1000",921,"WIPI1"
"program_DE_top1000",922,"DLG1"
"program_DE_top1000",923,"LIMA1"
"program_DE_top1000",924,"THOC6"
"program_DE_top1000",925,"GSR"
"program_DE_top1000",926,"FARP1"
"program_DE_top1000",927,"HLA-DRB1"
"program_DE_top1000",928,"AC090498.1"
"program_DE_top1000",929,"TNIK"
"program_DE_top1000",930,"AGTRAP"
"program_DE_top1000",931,"GOLGA3"
"program_DE_top1000",932,"FKBP1A"
"program_DE_top1000",933,"EGFLAM"
"program_DE_top1000",934,"SNHG8"
"program_DE_top1000",935,"WNT5A"
"program_DE_top1000",936,"POLR2G"
"program_DE_top1000",937,"SMPD1"
"program_DE_top1000",938,"SRPX"
"program_DE_top1000",939,"OS9"
"program_DE_top1000",940,"NDUFA1"
"program_DE_top1000",941,"CPXM2"
"program_DE_top1000",942,"GTF3C6"
"program_DE_top1000",943,"ANO1"
"program_DE_top1000",944,"KLF7"
"program_DE_top1000",945,"COPS7A"
"program_DE_top1000",946,"GTF3A"
"program_DE_top1000",947,"MRPL41"
"program_DE_top1000",948,"TP53TG1"
"program_DE_top1000",949,"XYLT1"
"program_DE_top1000",950,"GUCY1A2"
"program_DE_top1000",951,"FMO3"
"program_DE_top1000",952,"CILP"
"program_DE_top1000",953,"CENPP"
"program_DE_top1000",954,"GLUL"
"program_DE_top1000",955,"CYSTM1"
"program_DE_top1000",956,"UBE2L6"
"program_DE_top1000",957,"BCL6B"
"program_DE_top1000",958,"LRP1B"
"program_DE_top1000",959,"NDUFB1"
"program_DE_top1000",960,"ST3GAL2"
"program_DE_top1000",961,"LZTS1"
"program_DE_top1000",962,"GALNT10"
"program_DE_top1000",963,"ARHGAP28"
"program_DE_top1000",964,"GADD45A"
"program_DE_top1000",965,"GOLGA2"
"program_DE_top1000",966,"GALNT5"
"program_DE_top1000",967,"DUOX1"
"program_DE_top1000",968,"NUCB2"
"program_DE_top1000",969,"POMP"
"program_DE_top1000",970,"POLR3D"
"program_DE_top1000",971,"HOXD9"
"program_DE_top1000",972,"TOMM5"
"program_DE_top1000",973,"PARK7"
"program_DE_top1000",974,"NKD2"
"program_DE_top1000",975,"CTD-3214H19.16"
"program_DE_top1000",976,"TGFB2"
"program_DE_top1000",977,"PDIA4"
"program_DE_top1000",978,"PDGFRA"
"program_DE_top1000",979,"RSPO3"
"program_DE_top1000",980,"MMP14"
"program_DE_top1000",981,"NDUFB11"
"program_DE_top1000",982,"GLI2"
"program_DE_top1000",983,"NDUFB7"
"program_DE_top1000",984,"IL32"
"program_DE_top1000",985,"MAP2K2"
"program_DE_top1000",986,"NRG1"
"program_DE_top1000",987,"EPN1"
"program_DE_top1000",988,"NOP10"
"program_DE_top1000",989,"TNFSF13B"
"program_DE_top1000",990,"ECSCR"
"program_DE_top1000",991,"IFNGR2"
"program_DE_top1000",992,"SLC35C1"
"program_DE_top1000",993,"MRPL14"
"program_DE_top1000",994,"ICAM3"
"program_DE_top1000",995,"PLXNB2"
"program_DE_top1000",996,"PLAU"
"program_DE_top1000",997,"PSMD8"
"program_DE_top1000",998,"DNAJC1"
"program_DE_top1000",999,"ABCA6"
"program_DE_top1000",1000,"EYA2"
"program_DE_all1586",1,"COL1A1"
"program_DE_all1586",2,"SPARC"
"program_DE_all1586",3,"COL1A2"
"program_DE_all1586",4,"COL3A1"
"program_DE_all1586",5,"COL5A1"
"program_DE_all1586",6,"COL6A2"
"program_DE_all1586",7,"COL6A1"
"program_DE_all1586",8,"SFRP2"
"program_DE_all1586",9,"ASPN"
"program_DE_all1586",10,"MDK"
"program_DE_all1586",11,"COMP"
"program_DE_all1586",12,"RCN3"
"program_DE_all1586",13,"POSTN"
"program_DE_all1586",14,"SERPINH1"
"program_DE_all1586",15,"COL5A2"
"program_DE_all1586",16,"CERCAM"
"program_DE_all1586",17,"SERF2"
"program_DE_all1586",18,"AEBP1"
"program_DE_all1586",19,"IFITM3"
"program_DE_all1586",20,"PCOLCE"
"program_DE_all1586",21,"LGALS1"
"program_DE_all1586",22,"CREB3L1"
"program_DE_all1586",23,"BGN"
"program_DE_all1586",24,"CTHRC1"
"program_DE_all1586",25,"CILP2"
"program_DE_all1586",26,"CTSC"
"program_DE_all1586",27,"FN1"
"program_DE_all1586",28,"TMSB10"
"program_DE_all1586",29,"TIMP1"
"program_DE_all1586",30,"SERPINF1"
"program_DE_all1586",31,"COPZ2"
"program_DE_all1586",32,"PTMA"
"program_DE_all1586",33,"GXYLT2"
"program_DE_all1586",34,"COL8A1"
"program_DE_all1586",35,"NBL1"
"program_DE_all1586",36,"COL14A1"
"program_DE_all1586",37,"H3F3B"
"program_DE_all1586",38,"TAGLN"
"program_DE_all1586",39,"ADAM12"
"program_DE_all1586",40,"IGFBP7"
"program_DE_all1586",41,"MMP2"
"program_DE_all1586",42,"PPIB"
"program_DE_all1586",43,"HMCN2"
"program_DE_all1586",44,"IFITM2"
"program_DE_all1586",45,"THY1"
"program_DE_all1586",46,"C1R"
"program_DE_all1586",47,"COL16A1"
"program_DE_all1586",48,"THBS2"
"program_DE_all1586",49,"APOE"
"program_DE_all1586",50,"IGFBP4"
"program_DE_all1586",51,"TCF4"
"program_DE_all1586",52,"IGF2"
"program_DE_all1586",53,"FTL"
"program_DE_all1586",54,"COL12A1"
"program_DE_all1586",55,"LRRC15"
"program_DE_all1586",56,"ARL4C"
"program_DE_all1586",57,"EMILIN1"
"program_DE_all1586",58,"C1S"
"program_DE_all1586",59,"APOD"
"program_DE_all1586",60,"MRC2"
"program_DE_all1586",61,"MYL9"
"program_DE_all1586",62,"MARCKS"
"program_DE_all1586",63,"HCFC1R1"
"program_DE_all1586",64,"OGN"
"program_DE_all1586",65,"COL6A3"
"program_DE_all1586",66,"GPR78"
"program_DE_all1586",67,"HDLBP"
"program_DE_all1586",68,"CCL19"
"program_DE_all1586",69,"SSC5D"
"program_DE_all1586",70,"ACAN"
"program_DE_all1586",71,"CST3"
"program_DE_all1586",72,"PPIC"
"program_DE_all1586",73,"NNMT"
"program_DE_all1586",74,"TIMP3"
"program_DE_all1586",75,"RARRES2"
"program_DE_all1586",76,"LGALS3BP"
"program_DE_all1586",77,"DPT"
"program_DE_all1586",78,"COL11A1"
"program_DE_all1586",79,"ZNF469"
"program_DE_all1586",80,"SERPING1"
"program_DE_all1586",81,"LAMC3"
"program_DE_all1586",82,"NT5DC2"
"program_DE_all1586",83,"CPXM1"
"program_DE_all1586",84,"CD81"
"program_DE_all1586",85,"SFRP4"
"program_DE_all1586",86,"C1QTNF3"
"program_DE_all1586",87,"ALX4"
"program_DE_all1586",88,"NREP"
"program_DE_all1586",89,"SEMA3G"
"program_DE_all1586",90,"CHPF"
"program_DE_all1586",91,"P4HB"
"program_DE_all1586",92,"BMP1"
"program_DE_all1586",93,"FNDC1"
"program_DE_all1586",94,"P3H1"
"program_DE_all1586",95,"ZFP36L2"
"program_DE_all1586",96,"BASP1"
"program_DE_all1586",97,"OST4"
"program_DE_all1586",98,"C1QTNF6"
"program_DE_all1586",99,"NME1-NME2"
"program_DE_all1586",100,"PYCR1"
"program_DE_all1586",101,"WISP2"
"program_DE_all1586",102,"HTRA1"
"program_DE_all1586",103,"KCNMA1"
"program_DE_all1586",104,"RARRES3"
"program_DE_all1586",105,"PTGDS"
"program_DE_all1586",106,"NGFR"
"program_DE_all1586",107,"SPRY1"
"program_DE_all1586",108,"P3H4"
"program_DE_all1586",109,"B2M"
"program_DE_all1586",110,"COL23A1"
"program_DE_all1586",111,"TFAP2A"
"program_DE_all1586",112,"RPL11"
"program_DE_all1586",113,"S100A11"
"program_DE_all1586",114,"CKAP4"
"program_DE_all1586",115,"HLA-A"
"program_DE_all1586",116,"RPS26"
"program_DE_all1586",117,"ADAMTS2"
"program_DE_all1586",118,"RPL12"
"program_DE_all1586",119,"FOXP1"
"program_DE_all1586",120,"OLFML2B"
"program_DE_all1586",121,"ARMC9"
"program_DE_all1586",122,"CXCL14"
"program_DE_all1586",123,"BCL2"
"program_DE_all1586",124,"P3H3"
"program_DE_all1586",125,"C1orf122"
"program_DE_all1586",126,"HSPG2"
"program_DE_all1586",127,"SEPT11"
"program_DE_all1586",128,"PDLIM7"
"program_DE_all1586",129,"PDLIM2"
"program_DE_all1586",130,"PLPP4"
"program_DE_all1586",131,"VKORC1"
"program_DE_all1586",132,"ANGPTL2"
"program_DE_all1586",133,"PIEZO2"
"program_DE_all1586",134,"SLC35F1"
"program_DE_all1586",135,"P4HA3"
"program_DE_all1586",136,"HLA-B"
"program_DE_all1586",137,"IGFBP3"
"program_DE_all1586",138,"TRPS1"
"program_DE_all1586",139,"RP11-25H12.1"
"program_DE_all1586",140,"PHPT1"
"program_DE_all1586",141,"HAS2"
"program_DE_all1586",142,"FBN1"
"program_DE_all1586",143,"RPL5"
"program_DE_all1586",144,"THBS4"
"program_DE_all1586",145,"ECM1"
"program_DE_all1586",146,"RPS23"
"program_DE_all1586",147,"CRABP2"
"program_DE_all1586",148,"RPL34"
"program_DE_all1586",149,"S100A8"
"program_DE_all1586",150,"SEMA3B"
"program_DE_all1586",151,"BST2"
"program_DE_all1586",152,"SERPINE2"
"program_DE_all1586",153,"UQCR11"
"program_DE_all1586",154,"COL15A1"
"program_DE_all1586",155,"RPL26"
"program_DE_all1586",156,"FKBP10"
"program_DE_all1586",157,"C9orf16"
"program_DE_all1586",158,"SCX"
"program_DE_all1586",159,"MXRA5"
"program_DE_all1586",160,"APCDD1"
"program_DE_all1586",161,"RPL35A"
"program_DE_all1586",162,"PTCH1"
"program_DE_all1586",163,"NUCKS1"
"program_DE_all1586",164,"TTYH3"
"program_DE_all1586",165,"CLEC11A"
"program_DE_all1586",166,"COL18A1"
"program_DE_all1586",167,"COL5A3"
"program_DE_all1586",168,"RPL6"
"program_DE_all1586",169,"ZMAT3"
"program_DE_all1586",170,"C1QTNF5"
"program_DE_all1586",171,"LRRC32"
"program_DE_all1586",172,"CYGB"
"program_DE_all1586",173,"SOD3"
"program_DE_all1586",174,"AK1"
"program_DE_all1586",175,"FKBP11"
"program_DE_all1586",176,"SSR4"
"program_DE_all1586",177,"RPS13"
"program_DE_all1586",178,"TMEM119"
"program_DE_all1586",179,"DAAM2"
"program_DE_all1586",180,"EFEMP2"
"program_DE_all1586",181,"MFAP2"
"program_DE_all1586",182,"VCAN"
"program_DE_all1586",183,"ELN"
"program_DE_all1586",184,"BMP4"
"program_DE_all1586",185,"P4HA2"
"program_DE_all1586",186,"KDELR2"
"program_DE_all1586",187,"RCN1"
"program_DE_all1586",188,"FBLN1"
"program_DE_all1586",189,"PODN"
"program_DE_all1586",190,"PRLR"
"program_DE_all1586",191,"OLFML3"
"program_DE_all1586",192,"CTSK"
"program_DE_all1586",193,"INAFM1"
"program_DE_all1586",194,"TPT1"
"program_DE_all1586",195,"RPL32"
"program_DE_all1586",196,"LY6E"
"program_DE_all1586",197,"CSRP2"
"program_DE_all1586",198,"C4orf48"
"program_DE_all1586",199,"GADD45G"
"program_DE_all1586",200,"ISOC2"
"program_DE_all1586",201,"NME4"
"program_DE_all1586",202,"ITGA11"
"program_DE_all1586",203,"FGFR1"
"program_DE_all1586",204,"SNED1"
"program_DE_all1586",205,"TGFB3"
"program_DE_all1586",206,"METRN"
"program_DE_all1586",207,"GOLM1"
"program_DE_all1586",208,"TMSB4X"
"program_DE_all1586",209,"NACA"
"program_DE_all1586",210,"TCEB2"
"program_DE_all1586",211,"SULF2"
"program_DE_all1586",212,"EHD2"
"program_DE_all1586",213,"MALAT1"
"program_DE_all1586",214,"FLNA"
"program_DE_all1586",215,"B4GALT2"
"program_DE_all1586",216,"GALNT15"
"program_DE_all1586",217,"UCHL1"
"program_DE_all1586",218,"CD99"
"program_DE_all1586",219,"RPL24"
"program_DE_all1586",220,"ARPC1B"
"program_DE_all1586",221,"SULF1"
"program_DE_all1586",222,"DRD4"
"program_DE_all1586",223,"CDKN2A"
"program_DE_all1586",224,"GNB2L1"
"program_DE_all1586",225,"TNFRSF9"
"program_DE_all1586",226,"SLC5A3"
"program_DE_all1586",227,"BMP7"
"program_DE_all1586",228,"PRDM1"
"program_DE_all1586",229,"PLOD1"
"program_DE_all1586",230,"KDELR3"
"program_DE_all1586",231,"ATOX1"
"program_DE_all1586",232,"RPS8"
"program_DE_all1586",233,"PRDX4"
"program_DE_all1586",234,"PRAF2"
"program_DE_all1586",235,"ACTB"
"program_DE_all1586",236,"SPON2"
"program_DE_all1586",237,"ACTA2"
"program_DE_all1586",238,"RTEL1-TNFRSF6B"
"program_DE_all1586",239,"PFN1"
"program_DE_all1586",240,"RPS27A"
"program_DE_all1586",241,"NTRK3"
"program_DE_all1586",242,"FMOD"
"program_DE_all1586",243,"FLNC"
"program_DE_all1586",244,"UQCRQ"
"program_DE_all1586",245,"RPS4X"
"program_DE_all1586",246,"A1BG"
"program_DE_all1586",247,"S100A9"
"program_DE_all1586",248,"ISG15"
"program_DE_all1586",249,"EPHB3"
"program_DE_all1586",250,"FAP"
"program_DE_all1586",251,"RPL19"
"program_DE_all1586",252,"CD63"
"program_DE_all1586",253,"GLIPR2"
"program_DE_all1586",254,"CUEDC1"
"program_DE_all1586",255,"TGFBI"
"program_DE_all1586",256,"ZDHHC14"
"program_DE_all1586",257,"BTF3"
"program_DE_all1586",258,"HIST1H2BD"
"program_DE_all1586",259,"NUCB1"
"program_DE_all1586",260,"RPL37"
"program_DE_all1586",261,"COL4A2"
"program_DE_all1586",262,"PTPRG"
"program_DE_all1586",263,"SEC13"
"program_DE_all1586",264,"ENAH"
"program_DE_all1586",265,"STMN2"
"program_DE_all1586",266,"MYL6"
"program_DE_all1586",267,"TNFRSF12A"
"program_DE_all1586",268,"PLEKHH2"
"program_DE_all1586",269,"FSTL1"
"program_DE_all1586",270,"FAU"
"program_DE_all1586",271,"ATP5E"
"program_DE_all1586",272,"GRIK1"
"program_DE_all1586",273,"GGT5"
"program_DE_all1586",274,"CKLF"
"program_DE_all1586",275,"GUCY1A3"
"program_DE_all1586",276,"MAGED1"
"program_DE_all1586",277,"SDF4"
"program_DE_all1586",278,"FAM20C"
"program_DE_all1586",279,"INHBB"
"program_DE_all1586",280,"FIBIN"
"program_DE_all1586",281,"AP2S1"
"program_DE_all1586",282,"PLIN3"
"program_DE_all1586",283,"C11orf96"
"program_DE_all1586",284,"AC005943.2"
"program_DE_all1586",285,"YIF1A"
"program_DE_all1586",286,"MIR4435-2HG"
"program_DE_all1586",287,"LOX"
"program_DE_all1586",288,"LINC00152"
"program_DE_all1586",289,"TMED3"
"program_DE_all1586",290,"RPL13"
"program_DE_all1586",291,"FMO1"
"program_DE_all1586",292,"C11orf24"
"program_DE_all1586",293,"IFI27"
"program_DE_all1586",294,"APOL1"
"program_DE_all1586",295,"RUNX1T1"
"program_DE_all1586",296,"PCDH11X"
"program_DE_all1586",297,"ISLR"
"program_DE_all1586",298,"TYMP"
"program_DE_all1586",299,"RPL22"
"program_DE_all1586",300,"CHST1"
"program_DE_all1586",301,"TMEM219"
"program_DE_all1586",302,"COL4A1"
"program_DE_all1586",303,"RPL38"
"program_DE_all1586",304,"COL10A1"
"program_DE_all1586",305,"DIO2"
"program_DE_all1586",306,"SORCS2"
"program_DE_all1586",307,"LMO4"
"program_DE_all1586",308,"SLC38A10"
"program_DE_all1586",309,"CENPW"
"program_DE_all1586",310,"GAS6"
"program_DE_all1586",311,"TSPAN13"
"program_DE_all1586",312,"MYDGF"
"program_DE_all1586",313,"FAM114A1"
"program_DE_all1586",314,"DAB2"
"program_DE_all1586",315,"CTSB"
"program_DE_all1586",316,"ARHGAP1"
"program_DE_all1586",317,"CD74"
"program_DE_all1586",318,"ZNHIT1"
"program_DE_all1586",319,"GRIN2D"
"program_DE_all1586",320,"SMOC2"
"program_DE_all1586",321,"TMEM176A"
"program_DE_all1586",322,"DCHS1"
"program_DE_all1586",323,"POLD4"
"program_DE_all1586",324,"CYBA"
"program_DE_all1586",325,"IFT20"
"program_DE_all1586",326,"CHST6"
"program_DE_all1586",327,"RHOC"
"program_DE_all1586",328,"PALLD"
"program_DE_all1586",329,"SSR3"
"program_DE_all1586",330,"HLA-DRA"
"program_DE_all1586",331,"CRIP1"
"program_DE_all1586",332,"ARFGAP1"
"program_DE_all1586",333,"TPM2"
"program_DE_all1586",334,"TMEM214"
"program_DE_all1586",335,"SMTN"
"program_DE_all1586",336,"RP11-145A3.1"
"program_DE_all1586",337,"THBS1"
"program_DE_all1586",338,"RRBP1"
"program_DE_all1586",339,"TXNDC5"
"program_DE_all1586",340,"VIM"
"program_DE_all1586",341,"CCDC80"
"program_DE_all1586",342,"SEMA6B"
"program_DE_all1586",343,"CGREF1"
"program_DE_all1586",344,"MVP"
"program_DE_all1586",345,"CADM1"
"program_DE_all1586",346,"RPL3"
"program_DE_all1586",347,"RPL14"
"program_DE_all1586",348,"JUNB"
"program_DE_all1586",349,"IGFBP2"
"program_DE_all1586",350,"IFITM1"
"program_DE_all1586",351,"SH3BGRL3"
"program_DE_all1586",352,"GPX8"
"program_DE_all1586",353,"EEF1A1"
"program_DE_all1586",354,"HEYL"
"program_DE_all1586",355,"DCN"
"program_DE_all1586",356,"S100A7"
"program_DE_all1586",357,"PTN"
"program_DE_all1586",358,"DAP"
"program_DE_all1586",359,"HMCN1"
"program_DE_all1586",360,"MEGF6"
"program_DE_all1586",361,"DPP4"
"program_DE_all1586",362,"SCARF2"
"program_DE_all1586",363,"ADAMTS14"
"program_DE_all1586",364,"CTSD"
"program_DE_all1586",365,"NOTCH3"
"program_DE_all1586",366,"SLC27A4"
"program_DE_all1586",367,"PRDX5"
"program_DE_all1586",368,"EFHD1"
"program_DE_all1586",369,"LUM"
"program_DE_all1586",370,"NRXN2"
"program_DE_all1586",371,"GRN"
"program_DE_all1586",372,"RPL22L1"
"program_DE_all1586",373,"RPL4"
"program_DE_all1586",374,"PHLDA3"
"program_DE_all1586",375,"ADAMTS6"
"program_DE_all1586",376,"NAGK"
"program_DE_all1586",377,"RP11-417E7.2"
"program_DE_all1586",378,"GMPPA"
"program_DE_all1586",379,"FKBP9"
"program_DE_all1586",380,"TWIST1"
"program_DE_all1586",381,"EFEMP1"
"program_DE_all1586",382,"CAPZB"
"program_DE_all1586",383,"NDUFS8"
"program_DE_all1586",384,"ITGBL1"
"program_DE_all1586",385,"RPL30"
"program_DE_all1586",386,"NPTX2"
"program_DE_all1586",387,"OPCML"
"program_DE_all1586",388,"SNX8"
"program_DE_all1586",389,"ROBO2"
"program_DE_all1586",390,"CISD1"
"program_DE_all1586",391,"NLGN1"
"program_DE_all1586",392,"OLFM2"
"program_DE_all1586",393,"SEC61B"
"program_DE_all1586",394,"IDH2"
"program_DE_all1586",395,"SRA1"
"program_DE_all1586",396,"ALDH1A3"
"program_DE_all1586",397,"CD151"
"program_DE_all1586",398,"HNRNPA1"
"program_DE_all1586",399,"AHR"
"program_DE_all1586",400,"C7orf50"
"program_DE_all1586",401,"MLEC"
"program_DE_all1586",402,"NME1"
"program_DE_all1586",403,"ITGA10"
"program_DE_all1586",404,"GAPDH"
"program_DE_all1586",405,"TPM4"
"program_DE_all1586",406,"PDXK"
"program_DE_all1586",407,"ANXA6"
"program_DE_all1586",408,"NTRK1"
"program_DE_all1586",409,"FOXD1"
"program_DE_all1586",410,"FKBP7"
"program_DE_all1586",411,"PPP1R14B"
"program_DE_all1586",412,"COX7C"
"program_DE_all1586",413,"RPL36A"
"program_DE_all1586",414,"LAMTOR2"
"program_DE_all1586",415,"TUBB2A"
"program_DE_all1586",416,"HMGB1"
"program_DE_all1586",417,"WIF1"
"program_DE_all1586",418,"CBLB"
"program_DE_all1586",419,"HTRA3"
"program_DE_all1586",420,"RPL28"
"program_DE_all1586",421,"SEC61A1"
"program_DE_all1586",422,"FAM89B"
"program_DE_all1586",423,"LRP1"
"program_DE_all1586",424,"ANO2"
"program_DE_all1586",425,"FAM20A"
"program_DE_all1586",426,"FOXS1"
"program_DE_all1586",427,"RPL18"
"program_DE_all1586",428,"ZBTB20"
"program_DE_all1586",429,"RYR2"
"program_DE_all1586",430,"EIF1"
"program_DE_all1586",431,"RPL23"
"program_DE_all1586",432,"MXRA7"
"program_DE_all1586",433,"RPS6"
"program_DE_all1586",434,"TSHZ2"
"program_DE_all1586",435,"YIF1B"
"program_DE_all1586",436,"LRRN1"
"program_DE_all1586",437,"RPL23A"
"program_DE_all1586",438,"S100A13"
"program_DE_all1586",439,"COPE"
"program_DE_all1586",440,"INHBA"
"program_DE_all1586",441,"LGALS3"
"program_DE_all1586",442,"ABCA8"
"program_DE_all1586",443,"BRI3"
"program_DE_all1586",444,"CEBPA"
"program_DE_all1586",445,"AKR1A1"
"program_DE_all1586",446,"SMCO4"
"program_DE_all1586",447,"HM13"
"program_DE_all1586",448,"CAMK2N1"
"program_DE_all1586",449,"FGGY"
"program_DE_all1586",450,"RPL7"
"program_DE_all1586",451,"ZYX"
"program_DE_all1586",452,"MYLIP"
"program_DE_all1586",453,"RABAC1"
"program_DE_all1586",454,"UROD"
"program_DE_all1586",455,"NDUFB2"
"program_DE_all1586",456,"IFI27L2"
"program_DE_all1586",457,"FAM195B"
"program_DE_all1586",458,"EDIL3"
"program_DE_all1586",459,"TNC"
"program_DE_all1586",460,"JOSD2"
"program_DE_all1586",461,"DBN1"
"program_DE_all1586",462,"CALR"
"program_DE_all1586",463,"GPAA1"
"program_DE_all1586",464,"TENM3"
"program_DE_all1586",465,"FAM50A"
"program_DE_all1586",466,"PPDPF"
"program_DE_all1586",467,"RPS3"
"program_DE_all1586",468,"RAB13"
"program_DE_all1586",469,"MAP4K4"
"program_DE_all1586",470,"NDUFA3"
"program_DE_all1586",471,"TUBA1C"
"program_DE_all1586",472,"FKBP14"
"program_DE_all1586",473,"SAR1A"
"program_DE_all1586",474,"CCL2"
"program_DE_all1586",475,"PLTP"
"program_DE_all1586",476,"DKK2"
"program_DE_all1586",477,"KRT16"
"program_DE_all1586",478,"C17orf89"
"program_DE_all1586",479,"CYB561"
"program_DE_all1586",480,"TAF10"
"program_DE_all1586",481,"MZT2A"
"program_DE_all1586",482,"SPATS2L"
"program_DE_all1586",483,"PCSK1N"
"program_DE_all1586",484,"PHLDA1"
"program_DE_all1586",485,"ARID5B"
"program_DE_all1586",486,"NPC2"
"program_DE_all1586",487,"LINC01615"
"program_DE_all1586",488,"RPS9"
"program_DE_all1586",489,"MICAL2"
"program_DE_all1586",490,"TP53I3"
"program_DE_all1586",491,"RP5-1172A22.1"
"program_DE_all1586",492,"GPX7"
"program_DE_all1586",493,"TMEM176B"
"program_DE_all1586",494,"EVL"
"program_DE_all1586",495,"GLMP"
"program_DE_all1586",496,"SLC39A7"
"program_DE_all1586",497,"PRKG1"
"program_DE_all1586",498,"CDC42EP5"
"program_DE_all1586",499,"RPL9"
"program_DE_all1586",500,"PDZRN4"
"program_DE_all1586",501,"OSTC"
"program_DE_all1586",502,"ARHGEF28"
"program_DE_all1586",503,"VTI1B"
"program_DE_all1586",504,"CYP1B1"
"program_DE_all1586",505,"RBP4"
"program_DE_all1586",506,"ADAMTS16"
"program_DE_all1586",507,"RPS20"
"program_DE_all1586",508,"RPS3A"
"program_DE_all1586",509,"VAMP5"
"program_DE_all1586",510,"FAAP20"
"program_DE_all1586",511,"APLNR"
"program_DE_all1586",512,"ANPEP"
"program_DE_all1586",513,"SERPINA3"
"program_DE_all1586",514,"PSME2"
"program_DE_all1586",515,"TMEM208"
"program_DE_all1586",516,"TGFB1I1"
"program_DE_all1586",517,"SEC61G"
"program_DE_all1586",518,"NKAIN3"
"program_DE_all1586",519,"XXbac-BPG116M5.17"
"program_DE_all1586",520,"MIR99AHG"
"program_DE_all1586",521,"COL6A5"
"program_DE_all1586",522,"TIMM8B"
"program_DE_all1586",523,"DAPK3"
"program_DE_all1586",524,"ITGB5"
"program_DE_all1586",525,"COTL1"
"program_DE_all1586",526,"PDGFRL"
"program_DE_all1586",527,"SPARCL1"
"program_DE_all1586",528,"SURF4"
"program_DE_all1586",529,"SCO2"
"program_DE_all1586",530,"CFH"
"program_DE_all1586",531,"SEPW1"
"program_DE_all1586",532,"PRKCSH"
"program_DE_all1586",533,"SERP1"
"program_DE_all1586",534,"LTBP3"
"program_DE_all1586",535,"RPL10A"
"program_DE_all1586",536,"DCC"
"program_DE_all1586",537,"TNFAIP6"
"program_DE_all1586",538,"C3"
"program_DE_all1586",539,"VEGFB"
"program_DE_all1586",540,"KCNK6"
"program_DE_all1586",541,"RPL17-C18orf32"
"program_DE_all1586",542,"TBC1D1"
"program_DE_all1586",543,"B4GALNT1"
"program_DE_all1586",544,"MPG"
"program_DE_all1586",545,"GNG5"
"program_DE_all1586",546,"THBS3"
"program_DE_all1586",547,"ADH1B"
"program_DE_all1586",548,"FBLN7"
"program_DE_all1586",549,"SYNDIG1"
"program_DE_all1586",550,"NKD1"
"program_DE_all1586",551,"JMJD1C"
"program_DE_all1586",552,"CLTB"
"program_DE_all1586",553,"FUT11"
"program_DE_all1586",554,"GAA"
"program_DE_all1586",555,"RND3"
"program_DE_all1586",556,"ALDH18A1"
"program_DE_all1586",557,"NRBP1"
"program_DE_all1586",558,"PLXDC2"
"program_DE_all1586",559,"C19orf70"
"program_DE_all1586",560,"S100A16"
"program_DE_all1586",561,"IER2"
"program_DE_all1586",562,"CIRBP"
"program_DE_all1586",563,"SRM"
"program_DE_all1586",564,"TNFRSF1A"
"program_DE_all1586",565,"TPM1"
"program_DE_all1586",566,"IGFBP6"
"program_DE_all1586",567,"CTSA"
"program_DE_all1586",568,"LAMA4"
"program_DE_all1586",569,"PRKCDBP"
"program_DE_all1586",570,"MYLK"
"program_DE_all1586",571,"JTB"
"program_DE_all1586",572,"MAP7D1"
"program_DE_all1586",573,"TNFSF10"
"program_DE_all1586",574,"SSR2"
"program_DE_all1586",575,"ANAPC11"
"program_DE_all1586",576,"ZFAS1"
"program_DE_all1586",577,"FAM102A"
"program_DE_all1586",578,"CLEC2B"
"program_DE_all1586",579,"ADGRB3"
"program_DE_all1586",580,"IFI6"
"program_DE_all1586",581,"GARS"
"program_DE_all1586",582,"SEC24D"
"program_DE_all1586",583,"ATP5J2"
"program_DE_all1586",584,"GLTSCR2"
"program_DE_all1586",585,"AC007192.4"
"program_DE_all1586",586,"NAA10"
"program_DE_all1586",587,"FAM229B"
"program_DE_all1586",588,"MGAT1"
"program_DE_all1586",589,"PFDN5"
"program_DE_all1586",590,"ORAI2"
"program_DE_all1586",591,"PSMB8"
"program_DE_all1586",592,"SNF8"
"program_DE_all1586",593,"EBF1"
"program_DE_all1586",594,"HOMER3"
"program_DE_all1586",595,"ALDH1L2"
"program_DE_all1586",596,"FGL2"
"program_DE_all1586",597,"MRPL52"
"program_DE_all1586",598,"LAMB2"
"program_DE_all1586",599,"CCDC107"
"program_DE_all1586",600,"LSP1"
"program_DE_all1586",601,"NEK10"
"program_DE_all1586",602,"ARF4"
"program_DE_all1586",603,"NR2F2"
"program_DE_all1586",604,"PLPP3"
"program_DE_all1586",605,"TRIOBP"
"program_DE_all1586",606,"SEPP1"
"program_DE_all1586",607,"PGLS"
"program_DE_all1586",608,"TCF7L2"
"program_DE_all1586",609,"PLEKHA4"
"program_DE_all1586",610,"LUZP2"
"program_DE_all1586",611,"ZEB2"
"program_DE_all1586",612,"VAT1"
"program_DE_all1586",613,"BCL7C"
"program_DE_all1586",614,"ZCCHC24"
"program_DE_all1586",615,"F13A1"
"program_DE_all1586",616,"BACE2"
"program_DE_all1586",617,"PREX2"
"program_DE_all1586",618,"GPX1"
"program_DE_all1586",619,"SUSD2"
"program_DE_all1586",620,"ALKBH7"
"program_DE_all1586",621,"CFD"
"program_DE_all1586",622,"COPA"
"program_DE_all1586",623,"LAMA3"
"program_DE_all1586",624,"PLAUR"
"program_DE_all1586",625,"NCS1"
"program_DE_all1586",626,"SPTBN1"
"program_DE_all1586",627,"NDUFA6"
"program_DE_all1586",628,"CNN2"
"program_DE_all1586",629,"EIF5A"
"program_DE_all1586",630,"AP2M1"
"program_DE_all1586",631,"LMCD1"
"program_DE_all1586",632,"PEBP1"
"program_DE_all1586",633,"GUK1"
"program_DE_all1586",634,"MMP24-AS1"
"program_DE_all1586",635,"KIAA2013"
"program_DE_all1586",636,"IFI16"
"program_DE_all1586",637,"RASD1"
"program_DE_all1586",638,"HEG1"
"program_DE_all1586",639,"TUBB2B"
"program_DE_all1586",640,"CMKLR1"
"program_DE_all1586",641,"EIF4E2"
"program_DE_all1586",642,"SH3GL1"
"program_DE_all1586",643,"TRAPPC2L"
"program_DE_all1586",644,"AQP1"
"program_DE_all1586",645,"AVPR1A"
"program_DE_all1586",646,"TUBA1A"
"program_DE_all1586",647,"MRPL17"
"program_DE_all1586",648,"CHPF2"
"program_DE_all1586",649,"ARAP1"
"program_DE_all1586",650,"HIST2H2BE"
"program_DE_all1586",651,"EPHB2"
"program_DE_all1586",652,"C12orf75"
"program_DE_all1586",653,"RAC3"
"program_DE_all1586",654,"LRRC59"
"program_DE_all1586",655,"HSPA12B"
"program_DE_all1586",656,"FHL3"
"program_DE_all1586",657,"MYH9"
"program_DE_all1586",658,"ADIRF"
"program_DE_all1586",659,"RPS5"
"program_DE_all1586",660,"RPL7A"
"program_DE_all1586",661,"LINC-PINT"
"program_DE_all1586",662,"COL6A6"
"program_DE_all1586",663,"SLC39A13"
"program_DE_all1586",664,"APRT"
"program_DE_all1586",665,"GALNS"
"program_DE_all1586",666,"PSME1"
"program_DE_all1586",667,"RPS16"
"program_DE_all1586",668,"ACE"
"program_DE_all1586",669,"MINOS1-NBL1"
"program_DE_all1586",670,"HEXA"
"program_DE_all1586",671,"METRNL"
"program_DE_all1586",672,"RPS14"
"program_DE_all1586",673,"CCL14"
"program_DE_all1586",674,"RPL13A"
"program_DE_all1586",675,"EIF4G1"
"program_DE_all1586",676,"ARHGDIA"
"program_DE_all1586",677,"TP53I13"
"program_DE_all1586",678,"ST6GALNAC6"
"program_DE_all1586",679,"NAP1L1"
"program_DE_all1586",680,"JUN"
"program_DE_all1586",681,"PGM1"
"program_DE_all1586",682,"TSC22D1"
"program_DE_all1586",683,"RAD51B"
"program_DE_all1586",684,"TMED9"
"program_DE_all1586",685,"COX7A1"
"program_DE_all1586",686,"ARPC4"
"program_DE_all1586",687,"TMED2"
"program_DE_all1586",688,"PLAC9"
"program_DE_all1586",689,"RUNX3"
"program_DE_all1586",690,"KIAA1462"
"program_DE_all1586",691,"IMPDH1"
"program_DE_all1586",692,"PGM2L1"
"program_DE_all1586",693,"FOXO3"
"program_DE_all1586",694,"HIC1"
"program_DE_all1586",695,"VSNL1"
"program_DE_all1586",696,"SDC1"
"program_DE_all1586",697,"EIF4EBP1"
"program_DE_all1586",698,"KHDRBS3"
"program_DE_all1586",699,"CCDC28B"
"program_DE_all1586",700,"PTPRD"
"program_DE_all1586",701,"DPM3"
"program_DE_all1586",702,"NAA38"
"program_DE_all1586",703,"RPS25"
"program_DE_all1586",704,"ALDOA"
"program_DE_all1586",705,"ADAMTS4"
"program_DE_all1586",706,"CFL1"
"program_DE_all1586",707,"MED8"
"program_DE_all1586",708,"MRPS6"
"program_DE_all1586",709,"CALU"
"program_DE_all1586",710,"TAPBP"
"program_DE_all1586",711,"SYT7"
"program_DE_all1586",712,"SEMA3C"
"program_DE_all1586",713,"SH3PXD2A"
"program_DE_all1586",714,"IL1R1"
"program_DE_all1586",715,"QSOX1"
"program_DE_all1586",716,"HSPA1B"
"program_DE_all1586",717,"DUSP23"
"program_DE_all1586",718,"ACKR1"
"program_DE_all1586",719,"RPS27"
"program_DE_all1586",720,"MIF"
"program_DE_all1586",721,"BBOX1-AS1"
"program_DE_all1586",722,"ITGA8"
"program_DE_all1586",723,"HSP90AB1"
"program_DE_all1586",724,"DYNLT1"
"program_DE_all1586",725,"KCNJ12"
"program_DE_all1586",726,"UQCC2"
"program_DE_all1586",727,"TRAPPC1"
"program_DE_all1586",728,"TMEM261"
"program_DE_all1586",729,"PKM"
"program_DE_all1586",730,"HIST1H2BG"
"program_DE_all1586",731,"APOL2"
"program_DE_all1586",732,"NDUFA13"
"program_DE_all1586",733,"KLHDC3"
"program_DE_all1586",734,"MKLN1"
"program_DE_all1586",735,"CPE"
"program_DE_all1586",736,"MEIS3"
"program_DE_all1586",737,"FBLN2"
"program_DE_all1586",738,"FAM129A"
"program_DE_all1586",739,"TXNIP"
"program_DE_all1586",740,"NANS"
"program_DE_all1586",741,"ADAMTS9-AS2"
"program_DE_all1586",742,"RPL31"
"program_DE_all1586",743,"RAB31"
"program_DE_all1586",744,"ILK"
"program_DE_all1586",745,"HN1"
"program_DE_all1586",746,"F10"
"program_DE_all1586",747,"RPL29"
"program_DE_all1586",748,"NRN1"
"program_DE_all1586",749,"CA8"
"program_DE_all1586",750,"DPM2"
"program_DE_all1586",751,"CFB"
"program_DE_all1586",752,"CCDC167"
"program_DE_all1586",753,"FNTB"
"program_DE_all1586",754,"C6orf48"
"program_DE_all1586",755,"XBP1"
"program_DE_all1586",756,"TXNL4A"
"program_DE_all1586",757,"NDUFA2"
"program_DE_all1586",758,"FIBP"
"program_DE_all1586",759,"CCDC124"
"program_DE_all1586",760,"ARHGAP10"
"program_DE_all1586",761,"RPS15"
"program_DE_all1586",762,"AC024592.12"
"program_DE_all1586",763,"KRTCAP2"
"program_DE_all1586",764,"MYCBP2"
"program_DE_all1586",765,"OTUD7A"
"program_DE_all1586",766,"TMEM205"
"program_DE_all1586",767,"NSMCE1"
"program_DE_all1586",768,"ANKRD35"
"program_DE_all1586",769,"FIS1"
"program_DE_all1586",770,"RPS7"
"program_DE_all1586",771,"NDUFS6"
"program_DE_all1586",772,"RP11-863P13.3"
"program_DE_all1586",773,"IRS2"
"program_DE_all1586",774,"SHISA5"
"program_DE_all1586",775,"TANC2"
"program_DE_all1586",776,"NTNG1"
"program_DE_all1586",777,"NID2"
"program_DE_all1586",778,"CEBPD"
"program_DE_all1586",779,"NTM"
"program_DE_all1586",780,"CTSZ"
"program_DE_all1586",781,"SHC1"
"program_DE_all1586",782,"KRT6A"
"program_DE_all1586",783,"PLXNA3"
"program_DE_all1586",784,"DDT"
"program_DE_all1586",785,"RPS24"
"program_DE_all1586",786,"CD276"
"program_DE_all1586",787,"XPOT"
"program_DE_all1586",788,"PLEKHO1"
"program_DE_all1586",789,"SRPX2"
"program_DE_all1586",790,"CAMK1D"
"program_DE_all1586",791,"TWF2"
"program_DE_all1586",792,"ATP6V0D1"
"program_DE_all1586",793,"LRRC17"
"program_DE_all1586",794,"WBP5"
"program_DE_all1586",795,"PGAM1"
"program_DE_all1586",796,"DHRS3"
"program_DE_all1586",797,"RAP1GAP2"
"program_DE_all1586",798,"FASTK"
"program_DE_all1586",799,"PXDN"
"program_DE_all1586",800,"RP11-492E3.51"
"program_DE_all1586",801,"SRPRB"
"program_DE_all1586",802,"ATP6V1F"
"program_DE_all1586",803,"ACTN1"
"program_DE_all1586",804,"APOC1"
"program_DE_all1586",805,"SHISA4"
"program_DE_all1586",806,"TUBA1B"
"program_DE_all1586",807,"CNN3"
"program_DE_all1586",808,"VOPP1"
"program_DE_all1586",809,"GPC1"
"program_DE_all1586",810,"TMEM258"
"program_DE_all1586",811,"RPL35"
"program_DE_all1586",812,"TMA7"
"program_DE_all1586",813,"AKT1S1"
"program_DE_all1586",814,"HIST1H2BJ"
"program_DE_all1586",815,"EYA4"
"program_DE_all1586",816,"CAPG"
"program_DE_all1586",817,"AP000350.10"
"program_DE_all1586",818,"MGP"
"program_DE_all1586",819,"ARSA"
"program_DE_all1586",820,"DGCR6L"
"program_DE_all1586",821,"RUNX1"
"program_DE_all1586",822,"SEMA5A"
"program_DE_all1586",823,"CUTA"
"program_DE_all1586",824,"CRABP1"
"program_DE_all1586",825,"FSCN1"
"program_DE_all1586",826,"MYO1C"
"program_DE_all1586",827,"PACS1"
"program_DE_all1586",828,"XG"
"program_DE_all1586",829,"RNF181"
"program_DE_all1586",830,"COMMD5"
"program_DE_all1586",831,"FAM109B"
"program_DE_all1586",832,"PSMB9"
"program_DE_all1586",833,"SAE1"
"program_DE_all1586",834,"ARHGAP44"
"program_DE_all1586",835,"AHNAK2"
"program_DE_all1586",836,"PRELID1"
"program_DE_all1586",837,"FXYD1"
"program_DE_all1586",838,"TADA3"
"program_DE_all1586",839,"TMEM45A"
"program_DE_all1586",840,"COPG1"
"program_DE_all1586",841,"LASP1"
"program_DE_all1586",842,"TCEAL2"
"program_DE_all1586",843,"SCAND1"
"program_DE_all1586",844,"CHD3"
"program_DE_all1586",845,"RP11-69E11.4"
"program_DE_all1586",846,"ECHS1"
"program_DE_all1586",847,"TNFRSF19"
"program_DE_all1586",848,"SLC2A4RG"
"program_DE_all1586",849,"LINC01116"
"program_DE_all1586",850,"SWI5"
"program_DE_all1586",851,"SCARA5"
"program_DE_all1586",852,"NUTF2"
"program_DE_all1586",853,"SUMO2"
"program_DE_all1586",854,"FST"
"program_DE_all1586",855,"CCDC85B"
"program_DE_all1586",856,"APOBEC3C"
"program_DE_all1586",857,"RP11-282O18.3"
"program_DE_all1586",858,"BTN3A2"
"program_DE_all1586",859,"C7orf73"
"program_DE_all1586",860,"POLR2L"
"program_DE_all1586",861,"INPPL1"
"program_DE_all1586",862,"BBC3"
"program_DE_all1586",863,"VGLL3"
"program_DE_all1586",864,"BCL3"
"program_DE_all1586",865,"C19orf24"
"program_DE_all1586",866,"RPL37A"
"program_DE_all1586",867,"PARVB"
"program_DE_all1586",868,"ARF5"
"program_DE_all1586",869,"SNHG18"
"program_DE_all1586",870,"MRPL12"
"program_DE_all1586",871,"BTG1"
"program_DE_all1586",872,"HSPB6"
"program_DE_all1586",873,"GCN1"
"program_DE_all1586",874,"RAB15"
"program_DE_all1586",875,"CTGF"
"program_DE_all1586",876,"HLA-E"
"program_DE_all1586",877,"LMF2"
"program_DE_all1586",878,"SCUBE3"
"program_DE_all1586",879,"PRSS23"
"program_DE_all1586",880,"MED16"
"program_DE_all1586",881,"MRPL36"
"program_DE_all1586",882,"MSRB3"
"program_DE_all1586",883,"CPNE1"
"program_DE_all1586",884,"CXCL12"
"program_DE_all1586",885,"CYR61"
"program_DE_all1586",886,"PLXNA2"
"program_DE_all1586",887,"SAMHD1"
"program_DE_all1586",888,"FGFRL1"
"program_DE_all1586",889,"RPS2"
"program_DE_all1586",890,"RNASEH2C"
"program_DE_all1586",891,"NDUFA12"
"program_DE_all1586",892,"NDST1"
"program_DE_all1586",893,"C4orf3"
"program_DE_all1586",894,"CDK2AP1"
"program_DE_all1586",895,"MSC"
"program_DE_all1586",896,"FBLIM1"
"program_DE_all1586",897,"HIGD2A"
"program_DE_all1586",898,"LTBP4"
"program_DE_all1586",899,"ATP5G1"
"program_DE_all1586",900,"MRPS21"
"program_DE_all1586",901,"CLDN4"
"program_DE_all1586",902,"MDFI"
"program_DE_all1586",903,"MYO18A"
"program_DE_all1586",904,"NPM1"
"program_DE_all1586",905,"DNM3OS"
"program_DE_all1586",906,"LTBP2"
"program_DE_all1586",907,"RP11-196G11.1"
"program_DE_all1586",908,"SNRNP25"
"program_DE_all1586",909,"GFRA1"
"program_DE_all1586",910,"NTRK2"
"program_DE_all1586",911,"TIMM13"
"program_DE_all1586",912,"CASC15"
"program_DE_all1586",913,"BUD31"
"program_DE_all1586",914,"AURKAIP1"
"program_DE_all1586",915,"TFPI"
"program_DE_all1586",916,"LGMN"
"program_DE_all1586",917,"FBXW5"
"program_DE_all1586",918,"PTGIS"
"program_DE_all1586",919,"RP11-14N7.2"
"program_DE_all1586",920,"CCL27"
"program_DE_all1586",921,"WIPI1"
"program_DE_all1586",922,"DLG1"
"program_DE_all1586",923,"LIMA1"
"program_DE_all1586",924,"THOC6"
"program_DE_all1586",925,"GSR"
"program_DE_all1586",926,"FARP1"
"program_DE_all1586",927,"HLA-DRB1"
"program_DE_all1586",928,"AC090498.1"
"program_DE_all1586",929,"TNIK"
"program_DE_all1586",930,"AGTRAP"
"program_DE_all1586",931,"GOLGA3"
"program_DE_all1586",932,"FKBP1A"
"program_DE_all1586",933,"EGFLAM"
"program_DE_all1586",934,"SNHG8"
"program_DE_all1586",935,"WNT5A"
"program_DE_all1586",936,"POLR2G"
"program_DE_all1586",937,"SMPD1"
"program_DE_all1586",938,"SRPX"
"program_DE_all1586",939,"OS9"
"program_DE_all1586",940,"NDUFA1"
"program_DE_all1586",941,"CPXM2"
"program_DE_all1586",942,"GTF3C6"
"program_DE_all1586",943,"ANO1"
"program_DE_all1586",944,"KLF7"
"program_DE_all1586",945,"COPS7A"
"program_DE_all1586",946,"GTF3A"
"program_DE_all1586",947,"MRPL41"
"program_DE_all1586",948,"TP53TG1"
"program_DE_all1586",949,"XYLT1"
"program_DE_all1586",950,"GUCY1A2"
"program_DE_all1586",951,"FMO3"
"program_DE_all1586",952,"CILP"
"program_DE_all1586",953,"CENPP"
"program_DE_all1586",954,"GLUL"
"program_DE_all1586",955,"CYSTM1"
"program_DE_all1586",956,"UBE2L6"
"program_DE_all1586",957,"BCL6B"
"program_DE_all1586",958,"LRP1B"
"program_DE_all1586",959,"NDUFB1"
"program_DE_all1586",960,"ST3GAL2"
"program_DE_all1586",961,"LZTS1"
"program_DE_all1586",962,"GALNT10"
"program_DE_all1586",963,"ARHGAP28"
"program_DE_all1586",964,"GADD45A"
"program_DE_all1586",965,"GOLGA2"
"program_DE_all1586",966,"GALNT5"
"program_DE_all1586",967,"DUOX1"
"program_DE_all1586",968,"NUCB2"
"program_DE_all1586",969,"POMP"
"program_DE_all1586",970,"POLR3D"
"program_DE_all1586",971,"HOXD9"
"program_DE_all1586",972,"TOMM5"
"program_DE_all1586",973,"PARK7"
"program_DE_all1586",974,"NKD2"
"program_DE_all1586",975,"CTD-3214H19.16"
"program_DE_all1586",976,"TGFB2"
"program_DE_all1586",977,"PDIA4"
"program_DE_all1586",978,"PDGFRA"
"program_DE_all1586",979,"RSPO3"
"program_DE_all1586",980,"MMP14"
"program_DE_all1586",981,"NDUFB11"
"program_DE_all1586",982,"GLI2"
"program_DE_all1586",983,"NDUFB7"
"program_DE_all1586",984,"IL32"
"program_DE_all1586",985,"MAP2K2"
"program_DE_all1586",986,"NRG1"
"program_DE_all1586",987,"EPN1"
"program_DE_all1586",988,"NOP10"
"program_DE_all1586",989,"TNFSF13B"
"program_DE_all1586",990,"ECSCR"
"program_DE_all1586",991,"IFNGR2"
"program_DE_all1586",992,"SLC35C1"
"program_DE_all1586",993,"MRPL14"
"program_DE_all1586",994,"ICAM3"
"program_DE_all1586",995,"PLXNB2"
"program_DE_all1586",996,"PLAU"
"program_DE_all1586",997,"PSMD8"
"program_DE_all1586",998,"DNAJC1"
"program_DE_all1586",999,"ABCA6"
"program_DE_all1586",1000,"EYA2"
"program_DE_all1586",1001,"ERCC1"
"program_DE_all1586",1002,"CD59"
"program_DE_all1586",1003,"CIB1"
"program_DE_all1586",1004,"MAPK12"
"program_DE_all1586",1005,"GAL3ST4"
"program_DE_all1586",1006,"ZNF827"
"program_DE_all1586",1007,"ERLEC1"
"program_DE_all1586",1008,"PI16"
"program_DE_all1586",1009,"ACVRL1"
"program_DE_all1586",1010,"HES4"
"program_DE_all1586",1011,"PLOD2"
"program_DE_all1586",1012,"COX7B"
"program_DE_all1586",1013,"HAPLN3"
"program_DE_all1586",1014,"PRADC1"
"program_DE_all1586",1015,"FTX"
"program_DE_all1586",1016,"GABARAP"
"program_DE_all1586",1017,"HIST1H4C"
"program_DE_all1586",1018,"CDC42EP4"
"program_DE_all1586",1019,"CHCHD10"
"program_DE_all1586",1020,"ARHGAP22"
"program_DE_all1586",1021,"CMTM3"
"program_DE_all1586",1022,"DCTN1"
"program_DE_all1586",1023,"CCBE1"
"program_DE_all1586",1024,"RPS15A"
"program_DE_all1586",1025,"PSMB3"
"program_DE_all1586",1026,"CACNA1D"
"program_DE_all1586",1027,"PPP1CA"
"program_DE_all1586",1028,"TXN2"
"program_DE_all1586",1029,"UQCR10"
"program_DE_all1586",1030,"H6PD"
"program_DE_all1586",1031,"IER3"
"program_DE_all1586",1032,"STARD10"
"program_DE_all1586",1033,"TMEM120B"
"program_DE_all1586",1034,"RPLP1"
"program_DE_all1586",1035,"DCTD"
"program_DE_all1586",1036,"TMEM173"
"program_DE_all1586",1037,"FAM234A"
"program_DE_all1586",1038,"SLC12A4"
"program_DE_all1586",1039,"IL18BP"
"program_DE_all1586",1040,"GLRX"
"program_DE_all1586",1041,"PTGES2"
"program_DE_all1586",1042,"UBXN6"
"program_DE_all1586",1043,"GPC6"
"program_DE_all1586",1044,"LGR4"
"program_DE_all1586",1045,"C1orf54"
"program_DE_all1586",1046,"OLFML2A"
"program_DE_all1586",1047,"CALM3"
"program_DE_all1586",1048,"GPI"
"program_DE_all1586",1049,"LSM7"
"program_DE_all1586",1050,"CLEC2A"
"program_DE_all1586",1051,"AUTS2"
"program_DE_all1586",1052,"FAM96B"
"program_DE_all1586",1053,"CYC1"
"program_DE_all1586",1054,"WISP1"
"program_DE_all1586",1055,"PSENEN"
"program_DE_all1586",1056,"R3HDM4"
"program_DE_all1586",1057,"PTPRK"
"program_DE_all1586",1058,"SOBP"
"program_DE_all1586",1059,"CTDNEP1"
"program_DE_all1586",1060,"KAZN"
"program_DE_all1586",1061,"PPP1R9B"
"program_DE_all1586",1062,"CLIP1"
"program_DE_all1586",1063,"CCDC8"
"program_DE_all1586",1064,"CADM3"
"program_DE_all1586",1065,"FAM173A"
"program_DE_all1586",1066,"NDUFA11"
"program_DE_all1586",1067,"MT2A"
"program_DE_all1586",1068,"NME3"
"program_DE_all1586",1069,"CAPNS1"
"program_DE_all1586",1070,"MAZ"
"program_DE_all1586",1071,"MRPL55"
"program_DE_all1586",1072,"H2AFJ"
"program_DE_all1586",1073,"ARPC2"
"program_DE_all1586",1074,"CD248"
"program_DE_all1586",1075,"BAD"
"program_DE_all1586",1076,"PRRX1"
"program_DE_all1586",1077,"PKP4"
"program_DE_all1586",1078,"RPL21"
"program_DE_all1586",1079,"CRELD2"
"program_DE_all1586",1080,"LAMA2"
"program_DE_all1586",1081,"MARVELD1"
"program_DE_all1586",1082,"ATP6V0E1"
"program_DE_all1586",1083,"CXXC5"
"program_DE_all1586",1084,"SORBS1"
"program_DE_all1586",1085,"SYNE3"
"program_DE_all1586",1086,"MYEOV2"
"program_DE_all1586",1087,"LRRN3"
"program_DE_all1586",1088,"PTPN14"
"program_DE_all1586",1089,"BEST1"
"program_DE_all1586",1090,"GSN"
"program_DE_all1586",1091,"RPS27L"
"program_DE_all1586",1092,"GIPC1"
"program_DE_all1586",1093,"SH3GLB1"
"program_DE_all1586",1094,"MXD4"
"program_DE_all1586",1095,"SIGMAR1"
"program_DE_all1586",1096,"COL8A2"
"program_DE_all1586",1097,"RHOB"
"program_DE_all1586",1098,"NCAM1"
"program_DE_all1586",1099,"NDUFB3"
"program_DE_all1586",1100,"TMUB1"
"program_DE_all1586",1101,"CFI"
"program_DE_all1586",1102,"RPS19"
"program_DE_all1586",1103,"TCEAL8"
"program_DE_all1586",1104,"SUB1"
"program_DE_all1586",1105,"RERE"
"program_DE_all1586",1106,"PIK3R1"
"program_DE_all1586",1107,"SGCD"
"program_DE_all1586",1108,"MINOS1"
"program_DE_all1586",1109,"HSPA1A"
"program_DE_all1586",1110,"MAN1C1"
"program_DE_all1586",1111,"BAX"
"program_DE_all1586",1112,"ATP5D"
"program_DE_all1586",1113,"CTTN"
"program_DE_all1586",1114,"CHID1"
"program_DE_all1586",1115,"NUDT18"
"program_DE_all1586",1116,"ECE1"
"program_DE_all1586",1117,"DPYSL3"
"program_DE_all1586",1118,"SPNS1"
"program_DE_all1586",1119,"HSD11B2"
"program_DE_all1586",1120,"DACT3"
"program_DE_all1586",1121,"IKBIP"
"program_DE_all1586",1122,"PRKD1"
"program_DE_all1586",1123,"CSTB"
"program_DE_all1586",1124,"FREM1"
"program_DE_all1586",1125,"TSPAN4"
"program_DE_all1586",1126,"RNF11"
"program_DE_all1586",1127,"ATPIF1"
"program_DE_all1586",1128,"RPS18"
"program_DE_all1586",1129,"NEGR1"
"program_DE_all1586",1130,"SLC52A2"
"program_DE_all1586",1131,"UBL5"
"program_DE_all1586",1132,"DNLZ"
"program_DE_all1586",1133,"NEK6"
"program_DE_all1586",1134,"WDR86"
"program_DE_all1586",1135,"ELOVL1"
"program_DE_all1586",1136,"RASL12"
"program_DE_all1586",1137,"MAPK6"
"program_DE_all1586",1138,"SLC25A5"
"program_DE_all1586",1139,"ABHD14A"
"program_DE_all1586",1140,"HNRNPC"
"program_DE_all1586",1141,"RSPO4"
"program_DE_all1586",1142,"PTPRT"
"program_DE_all1586",1143,"HLA-C"
"program_DE_all1586",1144,"METTL7A"
"program_DE_all1586",1145,"A2M"
"program_DE_all1586",1146,"CORO1C"
"program_DE_all1586",1147,"PRELP"
"program_DE_all1586",1148,"TRIM47"
"program_DE_all1586",1149,"COLGALT1"
"program_DE_all1586",1150,"RPLP0"
"program_DE_all1586",1151,"AKR1C3"
"program_DE_all1586",1152,"TNN"
"program_DE_all1586",1153,"KIF26A"
"program_DE_all1586",1154,"SIX1"
"program_DE_all1586",1155,"IL11RA"
"program_DE_all1586",1156,"ASIP"
"program_DE_all1586",1157,"FAM210B"
"program_DE_all1586",1158,"PUF60"
"program_DE_all1586",1159,"PIGP"
"program_DE_all1586",1160,"ILVBL"
"program_DE_all1586",1161,"ABCA10"
"program_DE_all1586",1162,"UNC5C"
"program_DE_all1586",1163,"SSBP2"
"program_DE_all1586",1164,"CCDC92"
"program_DE_all1586",1165,"SSBP3"
"program_DE_all1586",1166,"NXN"
"program_DE_all1586",1167,"YIPF5"
"program_DE_all1586",1168,"JDP2"
"program_DE_all1586",1169,"TMEM147"
"program_DE_all1586",1170,"CREB3"
"program_DE_all1586",1171,"AP3D1"
"program_DE_all1586",1172,"KIF1C"
"program_DE_all1586",1173,"ITGB1BP1"
"program_DE_all1586",1174,"EID1"
"program_DE_all1586",1175,"LTBR"
"program_DE_all1586",1176,"TUBB"
"program_DE_all1586",1177,"GSTP1"
"program_DE_all1586",1178,"DAPK1"
"program_DE_all1586",1179,"LGALS9"
"program_DE_all1586",1180,"NDUFB10"
"program_DE_all1586",1181,"CDC42EP1"
"program_DE_all1586",1182,"SAC3D1"
"program_DE_all1586",1183,"NPM3"
"program_DE_all1586",1184,"MMP23B"
"program_DE_all1586",1185,"CLN8"
"program_DE_all1586",1186,"BAG2"
"program_DE_all1586",1187,"UNC119"
"program_DE_all1586",1188,"ZNF106"
"program_DE_all1586",1189,"BSG"
"program_DE_all1586",1190,"EFHD2"
"program_DE_all1586",1191,"TSC22D3"
"program_DE_all1586",1192,"FOXO1"
"program_DE_all1586",1193,"DSG2"
"program_DE_all1586",1194,"UBA52"
"program_DE_all1586",1195,"NDEL1"
"program_DE_all1586",1196,"COX14"
"program_DE_all1586",1197,"EDNRA"
"program_DE_all1586",1198,"SCP2"
"program_DE_all1586",1199,"SLC35A4"
"program_DE_all1586",1200,"AMPD2"
"program_DE_all1586",1201,"ALG1"
"program_DE_all1586",1202,"LINC00578"
"program_DE_all1586",1203,"CTC-479C5.12"
"program_DE_all1586",1204,"COX5A"
"program_DE_all1586",1205,"UBTD1"
"program_DE_all1586",1206,"PAPSS2"
"program_DE_all1586",1207,"PDGFRB"
"program_DE_all1586",1208,"PTGFR"
"program_DE_all1586",1209,"MAGOHB"
"program_DE_all1586",1210,"BRE"
"program_DE_all1586",1211,"IGF1"
"program_DE_all1586",1212,"RTN4RL2"
"program_DE_all1586",1213,"ECM2"
"program_DE_all1586",1214,"ST6GALNAC4"
"program_DE_all1586",1215,"ANOS1"
"program_DE_all1586",1216,"TMEM98"
"program_DE_all1586",1217,"LDLRAD3"
"program_DE_all1586",1218,"ENPP2"
"program_DE_all1586",1219,"XXYLT1"
"program_DE_all1586",1220,"TACSTD2"
"program_DE_all1586",1221,"ADGRA2"
"program_DE_all1586",1222,"GBP2"
"program_DE_all1586",1223,"ADCY3"
"program_DE_all1586",1224,"TMEM130"
"program_DE_all1586",1225,"PRICKLE1"
"program_DE_all1586",1226,"PSMB1"
"program_DE_all1586",1227,"PLA2R1"
"program_DE_all1586",1228,"YIPF3"
"program_DE_all1586",1229,"CACHD1"
"program_DE_all1586",1230,"SPOP"
"program_DE_all1586",1231,"SELENBP1"
"program_DE_all1586",1232,"FAM127A"
"program_DE_all1586",1233,"CMBL"
"program_DE_all1586",1234,"WDFY2"
"program_DE_all1586",1235,"NUDT22"
"program_DE_all1586",1236,"ZNF593"
"program_DE_all1586",1237,"VWF"
"program_DE_all1586",1238,"MN1"
"program_DE_all1586",1239,"ANAPC15"
"program_DE_all1586",1240,"ASS1"
"program_DE_all1586",1241,"COPZ1"
"program_DE_all1586",1242,"COLEC12"
"program_DE_all1586",1243,"FDXR"
"program_DE_all1586",1244,"DTX1"
"program_DE_all1586",1245,"SIL1"
"program_DE_all1586",1246,"THOC7"
"program_DE_all1586",1247,"PMP22"
"program_DE_all1586",1248,"PER1"
"program_DE_all1586",1249,"KLHL22"
"program_DE_all1586",1250,"MAN1B1"
"program_DE_all1586",1251,"NRXN3"
"program_DE_all1586",1252,"PKN1"
"program_DE_all1586",1253,"PEA15"
"program_DE_all1586",1254,"COX6A1"
"program_DE_all1586",1255,"MEA1"
"program_DE_all1586",1256,"APBB2"
"program_DE_all1586",1257,"NDUFA4"
"program_DE_all1586",1258,"RIC8A"
"program_DE_all1586",1259,"GSDMD"
"program_DE_all1586",1260,"NCLN"
"program_DE_all1586",1261,"GDI2"
"program_DE_all1586",1262,"ACTN4"
"program_DE_all1586",1263,"LAMTOR1"
"program_DE_all1586",1264,"RPS17"
"program_DE_all1586",1265,"MYC"
"program_DE_all1586",1266,"NDUFS3"
"program_DE_all1586",1267,"SERPINB6"
"program_DE_all1586",1268,"TSPAN9"
"program_DE_all1586",1269,"EVA1B"
"program_DE_all1586",1270,"AMOTL1"
"program_DE_all1586",1271,"PLSCR4"
"program_DE_all1586",1272,"ITGA5"
"program_DE_all1586",1273,"B4GALT1"
"program_DE_all1586",1274,"ANXA5"
"program_DE_all1586",1275,"NFE2L1"
"program_DE_all1586",1276,"KLF9"
"program_DE_all1586",1277,"GFPT1"
"program_DE_all1586",1278,"H3F3A"
"program_DE_all1586",1279,"MIEN1"
"program_DE_all1586",1280,"MSRB1"
"program_DE_all1586",1281,"ADAMTS12"
"program_DE_all1586",1282,"GORASP2"
"program_DE_all1586",1283,"TAX1BP3"
"program_DE_all1586",1284,"STXBP6"
"program_DE_all1586",1285,"FAAP100"
"program_DE_all1586",1286,"LOXL2"
"program_DE_all1586",1287,"SSNA1"
"program_DE_all1586",1288,"PCNXL3"
"program_DE_all1586",1289,"RNPEPL1"
"program_DE_all1586",1290,"ATP8B2"
"program_DE_all1586",1291,"PDIA5"
"program_DE_all1586",1292,"BNC2"
"program_DE_all1586",1293,"KXD1"
"program_DE_all1586",1294,"CACNA2D3"
"program_DE_all1586",1295,"PREB"
"program_DE_all1586",1296,"RPS10"
"program_DE_all1586",1297,"TNKS1BP1"
"program_DE_all1586",1298,"SLIRP"
"program_DE_all1586",1299,"CLPP"
"program_DE_all1586",1300,"GRINA"
"program_DE_all1586",1301,"LAPTM4A"
"program_DE_all1586",1302,"SLC3A2"
"program_DE_all1586",1303,"USP11"
"program_DE_all1586",1304,"ARSI"
"program_DE_all1586",1305,"KCND2"
"program_DE_all1586",1306,"LPCAT2"
"program_DE_all1586",1307,"TTC3"
"program_DE_all1586",1308,"WDR45"
"program_DE_all1586",1309,"GADD45GIP1"
"program_DE_all1586",1310,"RBCK1"
"program_DE_all1586",1311,"PCED1A"
"program_DE_all1586",1312,"RAB7B"
"program_DE_all1586",1313,"HOXC10"
"program_DE_all1586",1314,"RPS19BP1"
"program_DE_all1586",1315,"CD82"
"program_DE_all1586",1316,"MFAP4"
"program_DE_all1586",1317,"ADGRE5"
"program_DE_all1586",1318,"ANXA1"
"program_DE_all1586",1319,"DDB2"
"program_DE_all1586",1320,"TENM4"
"program_DE_all1586",1321,"SAT2"
"program_DE_all1586",1322,"RAB11FIP5"
"program_DE_all1586",1323,"MBOAT7"
"program_DE_all1586",1324,"FUCA2"
"program_DE_all1586",1325,"SHC3"
"program_DE_all1586",1326,"WDR46"
"program_DE_all1586",1327,"ELFN1"
"program_DE_all1586",1328,"KDELR1"
"program_DE_all1586",1329,"DIO3"
"program_DE_all1586",1330,"KCTD12"
"program_DE_all1586",1331,"RAB1B"
"program_DE_all1586",1332,"LRPAP1"
"program_DE_all1586",1333,"CHMP1A"
"program_DE_all1586",1334,"CCND2"
"program_DE_all1586",1335,"ID3"
"program_DE_all1586",1336,"SEC31A"
"program_DE_all1586",1337,"RGS3"
"program_DE_all1586",1338,"TMEM160"
"program_DE_all1586",1339,"ZFHX4"
"program_DE_all1586",1340,"MRPS11"
"program_DE_all1586",1341,"PPP2R1A"
"program_DE_all1586",1342,"SEPN1"
"program_DE_all1586",1343,"DDRGK1"
"program_DE_all1586",1344,"ABI3BP"
"program_DE_all1586",1345,"SELM"
"program_DE_all1586",1346,"GJA1"
"program_DE_all1586",1347,"FAM57A"
"program_DE_all1586",1348,"TSR3"
"program_DE_all1586",1349,"TMEM223"
"program_DE_all1586",1350,"SNRPC"
"program_DE_all1586",1351,"GMPPB"
"program_DE_all1586",1352,"MAP1A"
"program_DE_all1586",1353,"IL6ST"
"program_DE_all1586",1354,"TBC1D10A"
"program_DE_all1586",1355,"OPHN1"
"program_DE_all1586",1356,"NEAT1"
"program_DE_all1586",1357,"MYO1D"
"program_DE_all1586",1358,"FOXP2"
"program_DE_all1586",1359,"GALNT2"
"program_DE_all1586",1360,"POP7"
"program_DE_all1586",1361,"SOX18"
"program_DE_all1586",1362,"TWIST2"
"program_DE_all1586",1363,"NFATC2"
"program_DE_all1586",1364,"LTBP1"
"program_DE_all1586",1365,"POLDIP2"
"program_DE_all1586",1366,"MAFG-AS1"
"program_DE_all1586",1367,"MYOF"
"program_DE_all1586",1368,"PDS5B"
"program_DE_all1586",1369,"FASN"
"program_DE_all1586",1370,"MFSD5"
"program_DE_all1586",1371,"FRZB"
"program_DE_all1586",1372,"SNHG23"
"program_DE_all1586",1373,"ECH1"
"program_DE_all1586",1374,"SPINT2"
"program_DE_all1586",1375,"UBA1"
"program_DE_all1586",1376,"HOXB7"
"program_DE_all1586",1377,"CA12"
"program_DE_all1586",1378,"TNNT3"
"program_DE_all1586",1379,"TXLNA"
"program_DE_all1586",1380,"RPS21"
"program_DE_all1586",1381,"ETHE1"
"program_DE_all1586",1382,"MYL6B"
"program_DE_all1586",1383,"BANF1"
"program_DE_all1586",1384,"CHMP7"
"program_DE_all1586",1385,"CDIPT"
"program_DE_all1586",1386,"GSTK1"
"program_DE_all1586",1387,"SLC31A1"
"program_DE_all1586",1388,"SPHK1"
"program_DE_all1586",1389,"MAPKAPK2"
"program_DE_all1586",1390,"OXLD1"
"program_DE_all1586",1391,"DLL1"
"program_DE_all1586",1392,"SYNE1"
"program_DE_all1586",1393,"PACS2"
"program_DE_all1586",1394,"TCF7L1"
"program_DE_all1586",1395,"PDZD11"
"program_DE_all1586",1396,"NRP2"
"program_DE_all1586",1397,"SON"
"program_DE_all1586",1398,"PLA2G2A"
"program_DE_all1586",1399,"NAA60"
"program_DE_all1586",1400,"RGS16"
"program_DE_all1586",1401,"YKT6"
"program_DE_all1586",1402,"DEF8"
"program_DE_all1586",1403,"NEXN"
"program_DE_all1586",1404,"NEDD8"
"program_DE_all1586",1405,"UNC5B"
"program_DE_all1586",1406,"TMEM9"
"program_DE_all1586",1407,"ARHGEF19"
"program_DE_all1586",1408,"TEN1"
"program_DE_all1586",1409,"UFC1"
"program_DE_all1586",1410,"ITM2C"
"program_DE_all1586",1411,"GNAI2"
"program_DE_all1586",1412,"ERI3"
"program_DE_all1586",1413,"CTD-2015H6.3"
"program_DE_all1586",1414,"STAG1"
"program_DE_all1586",1415,"MAGED2"
"program_DE_all1586",1416,"C1orf216"
"program_DE_all1586",1417,"PKIG"
"program_DE_all1586",1418,"B4GALT7"
"program_DE_all1586",1419,"MRGPRF"
"program_DE_all1586",1420,"FAM162A"
"program_DE_all1586",1421,"APOL6"
"program_DE_all1586",1422,"HMOX2"
"program_DE_all1586",1423,"LAMC1"
"program_DE_all1586",1424,"AP1S1"
"program_DE_all1586",1425,"XIST"
"program_DE_all1586",1426,"CAP1"
"program_DE_all1586",1427,"ASNA1"
"program_DE_all1586",1428,"PLXNC1"
"program_DE_all1586",1429,"DGKZ"
"program_DE_all1586",1430,"C1orf198"
"program_DE_all1586",1431,"ZNF428"
"program_DE_all1586",1432,"DPH3"
"program_DE_all1586",1433,"CSMD2"
"program_DE_all1586",1434,"STK32C"
"program_DE_all1586",1435,"SIRT2"
"program_DE_all1586",1436,"AKR1B1"
"program_DE_all1586",1437,"C19orf53"
"program_DE_all1586",1438,"LRRC75A"
"program_DE_all1586",1439,"DAD1"
"program_DE_all1586",1440,"HNRNPD"
"program_DE_all1586",1441,"SMARCD2"
"program_DE_all1586",1442,"DNPH1"
"program_DE_all1586",1443,"CSF1"
"program_DE_all1586",1444,"TPPP3"
"program_DE_all1586",1445,"SIK2"
"program_DE_all1586",1446,"MRPL27"
"program_DE_all1586",1447,"ZDHHC5"
"program_DE_all1586",1448,"NAGLU"
"program_DE_all1586",1449,"LEO1"
"program_DE_all1586",1450,"ZNF668"
"program_DE_all1586",1451,"RP11-407N17.3"
"program_DE_all1586",1452,"MRPS24"
"program_DE_all1586",1453,"G6PC3"
"program_DE_all1586",1454,"SRP14"
"program_DE_all1586",1455,"LIMK1"
"program_DE_all1586",1456,"NDUFB8"
"program_DE_all1586",1457,"PDGFD"
"program_DE_all1586",1458,"PLEKHA7"
"program_DE_all1586",1459,"ADGRB2"
"program_DE_all1586",1460,"RPN1"
"program_DE_all1586",1461,"FAM177A1"
"program_DE_all1586",1462,"PAG1"
"program_DE_all1586",1463,"FGD4"
"program_DE_all1586",1464,"RP1-34H18.1"
"program_DE_all1586",1465,"AKAP13"
"program_DE_all1586",1466,"PODNL1"
"program_DE_all1586",1467,"CD302"
"program_DE_all1586",1468,"NES"
"program_DE_all1586",1469,"COBLL1"
"program_DE_all1586",1470,"PLEKHG4"
"program_DE_all1586",1471,"PLGRKT"
"program_DE_all1586",1472,"REXO2"
"program_DE_all1586",1473,"TMEM263"
"program_DE_all1586",1474,"RAB24"
"program_DE_all1586",1475,"EXOSC7"
"program_DE_all1586",1476,"AGPAT1"
"program_DE_all1586",1477,"CUEDC2"
"program_DE_all1586",1478,"SLC35E1"
"program_DE_all1586",1479,"ILF2"
"program_DE_all1586",1480,"MOCS1"
"program_DE_all1586",1481,"ANXA2"
"program_DE_all1586",1482,"BLOC1S1"
"program_DE_all1586",1483,"HLA-F"
"program_DE_all1586",1484,"PTPMT1"
"program_DE_all1586",1485,"H1FX"
"program_DE_all1586",1486,"MPC2"
"program_DE_all1586",1487,"HDAC9"
"program_DE_all1586",1488,"UFD1L"
"program_DE_all1586",1489,"TSPAN11"
"program_DE_all1586",1490,"ORMDL3"
"program_DE_all1586",1491,"PALM"
"program_DE_all1586",1492,"GTF2H5"
"program_DE_all1586",1493,"CHRD"
"program_DE_all1586",1494,"PDIA6"
"program_DE_all1586",1495,"TMEM104"
"program_DE_all1586",1496,"GPR68"
"program_DE_all1586",1497,"LDHA"
"program_DE_all1586",1498,"PLP2"
"program_DE_all1586",1499,"COX6C"
"program_DE_all1586",1500,"NTMT1"
"program_DE_all1586",1501,"NENF"
"program_DE_all1586",1502,"POLE4"
"program_DE_all1586",1503,"ERH"
"program_DE_all1586",1504,"MRPS12"
"program_DE_all1586",1505,"ST13"
"program_DE_all1586",1506,"ABHD17A"
"program_DE_all1586",1507,"CCDC3"
"program_DE_all1586",1508,"TMEM54"
"program_DE_all1586",1509,"SEC23A"
"program_DE_all1586",1510,"PPP4C"
"program_DE_all1586",1511,"FHOD1"
"program_DE_all1586",1512,"RPS10-NUDT3"
"program_DE_all1586",1513,"MUSTN1"
"program_DE_all1586",1514,"RPN2"
"program_DE_all1586",1515,"ARFGAP3"
"program_DE_all1586",1516,"PSMC4"
"program_DE_all1586",1517,"CNTN4"
"program_DE_all1586",1518,"ROR2"
"program_DE_all1586",1519,"TMEM141"
"program_DE_all1586",1520,"SNX3"
"program_DE_all1586",1521,"MAP4"
"program_DE_all1586",1522,"UROS"
"program_DE_all1586",1523,"MAST2"
"program_DE_all1586",1524,"CD9"
"program_DE_all1586",1525,"NUDT2"
"program_DE_all1586",1526,"GJB2"
"program_DE_all1586",1527,"GLIPR1"
"program_DE_all1586",1528,"TNRC6B"
"program_DE_all1586",1529,"MFSD12"
"program_DE_all1586",1530,"TES"
"program_DE_all1586",1531,"ARPC1A"
"program_DE_all1586",1532,"PRMT2"
"program_DE_all1586",1533,"FHOD3"
"program_DE_all1586",1534,"RPL36AL"
"program_DE_all1586",1535,"GTF3C1"
"program_DE_all1586",1536,"PCDHGA1"
"program_DE_all1586",1537,"ATP5G3"
"program_DE_all1586",1538,"GLT8D2"
"program_DE_all1586",1539,"SLC43A2"
"program_DE_all1586",1540,"ZEB1"
"program_DE_all1586",1541,"PIN4"
"program_DE_all1586",1542,"NR4A1"
"program_DE_all1586",1543,"F2R"
"program_DE_all1586",1544,"MRPL11"
"program_DE_all1586",1545,"TPI1"
"program_DE_all1586",1546,"TLCD1"
"program_DE_all1586",1547,"HSD3B7"
"program_DE_all1586",1548,"PRDM4"
"program_DE_all1586",1549,"TPST1"
"program_DE_all1586",1550,"CD68"
"program_DE_all1586",1551,"C11orf68"
"program_DE_all1586",1552,"NDUFS7"
"program_DE_all1586",1553,"SEC11A"
"program_DE_all1586",1554,"IMP4"
"program_DE_all1586",1555,"MTA2"
"program_DE_all1586",1556,"RALA"
"program_DE_all1586",1557,"C6orf1"
"program_DE_all1586",1558,"MGST3"
"program_DE_all1586",1559,"TPST2"
"program_DE_all1586",1560,"ENTPD1"
"program_DE_all1586",1561,"C19orf60"
"program_DE_all1586",1562,"TXNDC15"
"program_DE_all1586",1563,"COMMD7"
"program_DE_all1586",1564,"TECR"
"program_DE_all1586",1565,"SLC38A5"
"program_DE_all1586",1566,"SMIM10"
"program_DE_all1586",1567,"IGDCC4"
"program_DE_all1586",1568,"TIAM2"
"program_DE_all1586",1569,"EPB41L4A-AS1"
"program_DE_all1586",1570,"CARM1"
"program_DE_all1586",1571,"MRPL3"
"program_DE_all1586",1572,"RABGAP1L"
"program_DE_all1586",1573,"COMMD3"
"program_DE_all1586",1574,"GSTO1"
"program_DE_all1586",1575,"NKIRAS2"
"program_DE_all1586",1576,"CBR1"
"program_DE_all1586",1577,"IFI35"
"program_DE_all1586",1578,"ATP5O"
"program_DE_all1586",1579,"PDE4DIP"
"program_DE_all1586",1580,"ATP5I"
"program_DE_all1586",1581,"PYGB"
"program_DE_all1586",1582,"C11orf98"
"program_DE_all1586",1583,"POLR2I"
"program_DE_all1586",1584,"DIO3OS"
"program_DE_all1586",1585,"PRKAR2A"
"program_DE_all1586",1586,"PRDX2"
"variance_top1000",1,"COL1A1"
"variance_top1000",2,"COL3A1"
"variance_top1000",3,"COL1A2"
"variance_top1000",4,"SPARC"
"variance_top1000",5,"CXCL14"
"variance_top1000",6,"PTGDS"
"variance_top1000",7,"IGFBP3"
"variance_top1000",8,"CST3"
"variance_top1000",9,"APOE"
"variance_top1000",10,"CFD"
"variance_top1000",11,"MALAT1"
"variance_top1000",12,"MGP"
"variance_top1000",13,"TIMP1"
"variance_top1000",14,"SFRP2"
"variance_top1000",15,"APOD"
"variance_top1000",16,"IGFBP7"
"variance_top1000",17,"CCDC80"
"variance_top1000",18,"LGALS1"
"variance_top1000",19,"IFITM3"
"variance_top1000",20,"DCN"
"variance_top1000",21,"C1R"
"variance_top1000",22,"COL6A2"
"variance_top1000",23,"COL6A1"
"variance_top1000",24,"COMP"
"variance_top1000",25,"IGF2"
"variance_top1000",26,"MDK"
"variance_top1000",27,"S100A4"
"variance_top1000",28,"IFITM2"
"variance_top1000",29,"FTL"
"variance_top1000",30,"PCOLCE"
"variance_top1000",31,"NEAT1"
"variance_top1000",32,"BGN"
"variance_top1000",33,"COL6A3"
"variance_top1000",34,"SERPINF1"
"variance_top1000",35,"TMSB10"
"variance_top1000",36,"THY1"
"variance_top1000",37,"JUN"
"variance_top1000",38,"CCL19"
"variance_top1000",39,"FBLN1"
"variance_top1000",40,"TMSB4X"
"variance_top1000",41,"SERF2"
"variance_top1000",42,"COL5A1"
"variance_top1000",43,"WISP2"
"variance_top1000",44,"FN1"
"variance_top1000",45,"RPS26"
"variance_top1000",46,"TCF4"
"variance_top1000",47,"COL5A2"
"variance_top1000",48,"HSPA1A"
"variance_top1000",49,"AEBP1"
"variance_top1000",50,"POSTN"
"variance_top1000",51,"RARRES2"
"variance_top1000",52,"PPIB"
"variance_top1000",53,"MT-CO3"
"variance_top1000",54,"MMP2"
"variance_top1000",55,"IGFBP4"
"variance_top1000",56,"TAGLN"
"variance_top1000",57,"JUNB"
"variance_top1000",58,"TIMP3"
"variance_top1000",59,"LUM"
"variance_top1000",60,"CD63"
"variance_top1000",61,"S100A11"
"variance_top1000",62,"ACTB"
"variance_top1000",63,"GSN"
"variance_top1000",64,"PTMA"
"variance_top1000",65,"VIM"
"variance_top1000",66,"HSPA1B"
"variance_top1000",67,"CRIP1"
"variance_top1000",68,"SERPINH1"
"variance_top1000",69,"PLAC9"
"variance_top1000",70,"CTSK"
"variance_top1000",71,"HLA-B"
"variance_top1000",72,"FTH1"
"variance_top1000",73,"ZFP36L2"
"variance_top1000",74,"PRKG1"
"variance_top1000",75,"IER2"
"variance_top1000",76,"B2M"
"variance_top1000",77,"C3"
"variance_top1000",78,"RPL34"
"variance_top1000",79,"C1S"
"variance_top1000",80,"IGFBP5"
"variance_top1000",81,"HLA-A"
"variance_top1000",82,"RPS27"
"variance_top1000",83,"RPS27A"
"variance_top1000",84,"ADIRF"
"variance_top1000",85,"S100A6"
"variance_top1000",86,"RPL21"
"variance_top1000",87,"PTN"
"variance_top1000",88,"SOX4"
"variance_top1000",89,"NNMT"
"variance_top1000",90,"MT2A"
"variance_top1000",91,"S100A10"
"variance_top1000",92,"VCAN"
"variance_top1000",93,"SLC35F1"
"variance_top1000",94,"MT-CO2"
"variance_top1000",95,"SPON2"
"variance_top1000",96,"CTHRC1"
"variance_top1000",97,"CD99"
"variance_top1000",98,"SERPING1"
"variance_top1000",99,"MT-ATP6"
"variance_top1000",100,"RPL26"
"variance_top1000",101,"FOS"
"variance_top1000",102,"NME1-NME2"
"variance_top1000",103,"RPS3A"
"variance_top1000",104,"RPL39"
"variance_top1000",105,"RPL7"
"variance_top1000",106,"OOEP"
"variance_top1000",107,"H3F3B"
"variance_top1000",108,"RPL17-C18orf32"
"variance_top1000",109,"PMEPA1"
"variance_top1000",110,"RPL35A"
"variance_top1000",111,"HTRA1"
"variance_top1000",112,"ATP5E"
"variance_top1000",113,"TRPS1"
"variance_top1000",114,"LGALS3"
"variance_top1000",115,"MT-ND1"
"variance_top1000",116,"JUND"
"variance_top1000",117,"PFN1"
"variance_top1000",118,"MYL6"
"variance_top1000",119,"KRT14"
"variance_top1000",120,"GAPDH"
"variance_top1000",121,"S100A13"
"variance_top1000",122,"MT-ND4"
"variance_top1000",123,"MRC2"
"variance_top1000",124,"SLC27A4"
"variance_top1000",125,"RPL9"
"variance_top1000",126,"MARCKS"
"variance_top1000",127,"CD81"
"variance_top1000",128,"RORA"
"variance_top1000",129,"APCDD1"
"variance_top1000",130,"ZFP36"
"variance_top1000",131,"C12orf57"
"variance_top1000",132,"RPS15A"
"variance_top1000",133,"MT1X"
"variance_top1000",134,"LMO4"
"variance_top1000",135,"SH3BGRL3"
"variance_top1000",136,"RPS24"
"variance_top1000",137,"KRTDAP"
"variance_top1000",138,"RPL36A"
"variance_top1000",139,"MT-ND3"
"variance_top1000",140,"GGT5"
"variance_top1000",141,"OST4"
"variance_top1000",142,"RPL6"
"variance_top1000",143,"PLPP3"
"variance_top1000",144,"CFL1"
"variance_top1000",145,"ZBTB20"
"variance_top1000",146,"ACTG1"
"variance_top1000",147,"AP000350.10"
"variance_top1000",148,"HNRNPA1"
"variance_top1000",149,"NUCKS1"
"variance_top1000",150,"RPLP0"
"variance_top1000",151,"RPS10-NUDT3"
"variance_top1000",152,"MT-CYB"
"variance_top1000",153,"RPS25"
"variance_top1000",154,"SELM"
"variance_top1000",155,"ANXA2"
"variance_top1000",156,"MT-CO1"
"variance_top1000",157,"EBF1"
"variance_top1000",158,"DPT"
"variance_top1000",159,"RPL10A"
"variance_top1000",160,"GABARAP"
"variance_top1000",161,"RCN3"
"variance_top1000",162,"LMNA"
"variance_top1000",163,"RPL31"
"variance_top1000",164,"TCEB2"
"variance_top1000",165,"SSR4"
"variance_top1000",166,"STEAP1B"
"variance_top1000",167,"FGFR1"
"variance_top1000",168,"RPS23"
"variance_top1000",169,"TOMM7"
"variance_top1000",170,"NACA"
"variance_top1000",171,"SERPINE2"
"variance_top1000",172,"COL14A1"
"variance_top1000",173,"GSTP1"
"variance_top1000",174,"TUBB"
"variance_top1000",175,"HMGB1"
"variance_top1000",176,"MT-ND2"
"variance_top1000",177,"CRABP2"
"variance_top1000",178,"RPL22"
"variance_top1000",179,"RPS9"
"variance_top1000",180,"CDH11"
"variance_top1000",181,"AUTS2"
"variance_top1000",182,"CALD1"
"variance_top1000",183,"UBC"
"variance_top1000",184,"PFDN5"
"variance_top1000",185,"RRBP1"
"variance_top1000",186,"GLTSCR2"
"variance_top1000",187,"SLIT3"
"variance_top1000",188,"HLA-C"
"variance_top1000",189,"EMILIN1"
"variance_top1000",190,"BTF3"
"variance_top1000",191,"RPS10"
"variance_top1000",192,"RPSA"
"variance_top1000",193,"PTMS"
"variance_top1000",194,"SPRY1"
"variance_top1000",195,"INHBA"
"variance_top1000",196,"RPL24"
"variance_top1000",197,"DIO2"
"variance_top1000",198,"TUBA1A"
"variance_top1000",199,"ISLR"
"variance_top1000",200,"PSAP"
"variance_top1000",201,"POLR2L"
"variance_top1000",202,"PPIA"
"variance_top1000",203,"RPL23"
"variance_top1000",204,"LRP1"
"variance_top1000",205,"LAMA2"
"variance_top1000",206,"JMJD1C"
"variance_top1000",207,"HSPB1"
"variance_top1000",208,"RPL15"
"variance_top1000",209,"RPL29"
"variance_top1000",210,"SLC25A6"
"variance_top1000",211,"TXNIP"
"variance_top1000",212,"FBN1"
"variance_top1000",213,"HSP90AB1"
"variance_top1000",214,"TPT1"
"variance_top1000",215,"DMKN"
"variance_top1000",216,"DYNLL1"
"variance_top1000",217,"GNAS"
"variance_top1000",218,"UBB"
"variance_top1000",219,"RPL23A"
"variance_top1000",220,"RPS7"
"variance_top1000",221,"RPL30"
"variance_top1000",222,"EIF1"
"variance_top1000",223,"FAU"
"variance_top1000",224,"TFAP2A"
"variance_top1000",225,"RPL38"
"variance_top1000",226,"RPL18A"
"variance_top1000",227,"PLEKHA7"
"variance_top1000",228,"COX4I1"
"variance_top1000",229,"EEF1B2"
"variance_top1000",230,"COX7C"
"variance_top1000",231,"AHNAK"
"variance_top1000",232,"CLU"
"variance_top1000",233,"TUBA1B"
"variance_top1000",234,"CTSC"
"variance_top1000",235,"NBL1"
"variance_top1000",236,"BTG1"
"variance_top1000",237,"EEF1D"
"variance_top1000",238,"RPL4"
"variance_top1000",239,"PTPRG"
"variance_top1000",240,"MYL9"
"variance_top1000",241,"RPL19"
"variance_top1000",242,"UQCR11"
"variance_top1000",243,"CEBPD"
"variance_top1000",244,"FBLN2"
"variance_top1000",245,"H3F3A"
"variance_top1000",246,"P4HB"
"variance_top1000",247,"FOSB"
"variance_top1000",248,"EMP3"
"variance_top1000",249,"RPS17"
"variance_top1000",250,"KRT5"
"variance_top1000",251,"ITM2B"
"variance_top1000",252,"EEF1G"
"variance_top1000",253,"CIRBP"
"variance_top1000",254,"ELN"
"variance_top1000",255,"RUNX1T1"
"variance_top1000",256,"RPL36AL"
"variance_top1000",257,"ZFP36L1"
"variance_top1000",258,"SNED1"
"variance_top1000",259,"IGFBP6"
"variance_top1000",260,"COL23A1"
"variance_top1000",261,"RPL14"
"variance_top1000",262,"TXNRD1"
"variance_top1000",263,"RPL27"
"variance_top1000",264,"NDUFA13"
"variance_top1000",265,"UQCRQ"
"variance_top1000",266,"FTX"
"variance_top1000",267,"MRPS6"
"variance_top1000",268,"PDGFRB"
"variance_top1000",269,"UBA52"
"variance_top1000",270,"KIZ-AS1"
"variance_top1000",271,"RPL10"
"variance_top1000",272,"RPL5"
"variance_top1000",273,"GNB2L1"
"variance_top1000",274,"RPS21"
"variance_top1000",275,"RPS29"
"variance_top1000",276,"SEMA3G"
"variance_top1000",277,"DUSP1"
"variance_top1000",278,"RPS13"
"variance_top1000",279,"TMA7"
"variance_top1000",280,"RPS6"
"variance_top1000",281,"SRP14"
"variance_top1000",282,"HCFC1R1"
"variance_top1000",283,"LAPTM4A"
"variance_top1000",284,"EGR1"
"variance_top1000",285,"PRRX1"
"variance_top1000",286,"RPS5"
"variance_top1000",287,"RBFOX2"
"variance_top1000",288,"BNC2"
"variance_top1000",289,"RPL41"
"variance_top1000",290,"CERCAM"
"variance_top1000",291,"KIF26B"
"variance_top1000",292,"EID1"
"variance_top1000",293,"CALM1"
"variance_top1000",294,"PRSS23"
"variance_top1000",295,"KRTCAP2"
"variance_top1000",296,"VKORC1"
"variance_top1000",297,"NFIC"
"variance_top1000",298,"ADAM12"
"variance_top1000",299,"RPL12"
"variance_top1000",300,"RPS16"
"variance_top1000",301,"MT1E"
"variance_top1000",302,"EXOSC7"
"variance_top1000",303,"NFKBIA"
"variance_top1000",304,"NUPR1"
"variance_top1000",305,"HLA-E"
"variance_top1000",306,"CD248"
"variance_top1000",307,"SNRPD2"
"variance_top1000",308,"EEF2"
"variance_top1000",309,"HSP90AA1"
"variance_top1000",310,"H1FX"
"variance_top1000",311,"MXRA5"
"variance_top1000",312,"RPS2"
"variance_top1000",313,"RPS15"
"variance_top1000",314,"ATP5I"
"variance_top1000",315,"TIMP2"
"variance_top1000",316,"COL12A1"
"variance_top1000",317,"RPL32"
"variance_top1000",318,"SEPW1"
"variance_top1000",319,"RPS11"
"variance_top1000",320,"COX6C"
"variance_top1000",321,"RPL27A"
"variance_top1000",322,"RPL3"
"variance_top1000",323,"RABAC1"
"variance_top1000",324,"RPL37"
"variance_top1000",325,"SEC62"
"variance_top1000",326,"RPS3"
"variance_top1000",327,"COX5B"
"variance_top1000",328,"RPS20"
"variance_top1000",329,"GADD45B"
"variance_top1000",330,"PHPT1"
"variance_top1000",331,"ATP5G2"
"variance_top1000",332,"EDF1"
"variance_top1000",333,"PPP1R14B"
"variance_top1000",334,"CLEC11A"
"variance_top1000",335,"OAZ1"
"variance_top1000",336,"RHOB"
"variance_top1000",337,"RP11-849F2.7"
"variance_top1000",338,"RNASEK"
"variance_top1000",339,"RPS4X"
"variance_top1000",340,"RPL28"
"variance_top1000",341,"RPL35"
"variance_top1000",342,"SUMO2"
"variance_top1000",343,"ATP5L"
"variance_top1000",344,"PEBP1"
"variance_top1000",345,"CHCHD2"
"variance_top1000",346,"MZT2B"
"variance_top1000",347,"RPL37A"
"variance_top1000",348,"RPL11"
"variance_top1000",349,"COPZ2"
"variance_top1000",350,"PTRF"
"variance_top1000",351,"FLNA"
"variance_top1000",352,"WWOX"
"variance_top1000",353,"RPS19"
"variance_top1000",354,"RAC1"
"variance_top1000",355,"PERP"
"variance_top1000",356,"SFN"
"variance_top1000",357,"LSP1"
"variance_top1000",358,"RAB13"
"variance_top1000",359,"RPL36"
"variance_top1000",360,"LY6E"
"variance_top1000",361,"MXRA8"
"variance_top1000",362,"FOXO3"
"variance_top1000",363,"TWIST1"
"variance_top1000",364,"ZFAS1"
"variance_top1000",365,"PHLDB1"
"variance_top1000",366,"YWHAB"
"variance_top1000",367,"SON"
"variance_top1000",368,"CFH"
"variance_top1000",369,"TMEM258"
"variance_top1000",370,"SOD3"
"variance_top1000",371,"FNDC3B"
"variance_top1000",372,"GPX1"
"variance_top1000",373,"RPL7A"
"variance_top1000",374,"RBM3"
"variance_top1000",375,"FUS"
"variance_top1000",376,"AC004448.5"
"variance_top1000",377,"FSTL1"
"variance_top1000",378,"TXN"
"variance_top1000",379,"ROBO2"
"variance_top1000",380,"RHOC"
"variance_top1000",381,"MAP4K4"
"variance_top1000",382,"CALR"
"variance_top1000",383,"C19orf43"
"variance_top1000",384,"MFAP5"
"variance_top1000",385,"BMP4"
"variance_top1000",386,"RPL13A"
"variance_top1000",387,"PRDX5"
"variance_top1000",388,"TAGLN2"
"variance_top1000",389,"AKAP13"
"variance_top1000",390,"SENP3-EIF4A1"
"variance_top1000",391,"NAP1L1"
"variance_top1000",392,"CTSB"
"variance_top1000",393,"COX8A"
"variance_top1000",394,"PABPC1"
"variance_top1000",395,"NENF"
"variance_top1000",396,"GAS7"
"variance_top1000",397,"UQCRB"
"variance_top1000",398,"COX7A2"
"variance_top1000",399,"RPL8"
"variance_top1000",400,"GXYLT2"
"variance_top1000",401,"ALDOA"
"variance_top1000",402,"CCNI"
"variance_top1000",403,"THBS4"
"variance_top1000",404,"COL16A1"
"variance_top1000",405,"SNHG8"
"variance_top1000",406,"LTBP4"
"variance_top1000",407,"LY6D"
"variance_top1000",408,"COX6B1"
"variance_top1000",409,"NBEAL1"
"variance_top1000",410,"TSPO"
"variance_top1000",411,"NPM1"
"variance_top1000",412,"TPM2"
"variance_top1000",413,"HDLBP"
"variance_top1000",414,"SSR2"
"variance_top1000",415,"HMGN2"
"variance_top1000",416,"HSPG2"
"variance_top1000",417,"TPI1"
"variance_top1000",418,"GPX4"
"variance_top1000",419,"COMMD6"
"variance_top1000",420,"TCF7L2"
"variance_top1000",421,"NFIX"
"variance_top1000",422,"RPS12"
"variance_top1000",423,"MIR99AHG"
"variance_top1000",424,"S100A8"
"variance_top1000",425,"PLXDC2"
"variance_top1000",426,"IGF1"
"variance_top1000",427,"GLG1"
"variance_top1000",428,"SFRP4"
"variance_top1000",429,"DSTN"
"variance_top1000",430,"HSP90B1"
"variance_top1000",431,"RPL13"
"variance_top1000",432,"RPS18"
"variance_top1000",433,"RPL18"
"variance_top1000",434,"PSMA7"
"variance_top1000",435,"IFI27"
"variance_top1000",436,"HIST1H4C"
"variance_top1000",437,"UBL5"
"variance_top1000",438,"LOXL1"
"variance_top1000",439,"ARL6IP4"
"variance_top1000",440,"CKAP4"
"variance_top1000",441,"CALM2"
"variance_top1000",442,"SPATS2L"
"variance_top1000",443,"F2R"
"variance_top1000",444,"RPS28"
"variance_top1000",445,"PKM"
"variance_top1000",446,"RPS27L"
"variance_top1000",447,"MFAP4"
"variance_top1000",448,"STAG1"
"variance_top1000",449,"RBMS3"
"variance_top1000",450,"DBI"
"variance_top1000",451,"ATP5D"
"variance_top1000",452,"PALLD"
"variance_top1000",453,"IER3"
"variance_top1000",454,"SEC61B"
"variance_top1000",455,"ITGB1"
"variance_top1000",456,"AMBRA1"
"variance_top1000",457,"ITGB5"
"variance_top1000",458,"ENO1"
"variance_top1000",459,"NPC2"
"variance_top1000",460,"BRI3"
"variance_top1000",461,"CPE"
"variance_top1000",462,"MYCBP2"
"variance_top1000",463,"UQCRH"
"variance_top1000",464,"COX6A1"
"variance_top1000",465,"CAPZB"
"variance_top1000",466,"DKK2"
"variance_top1000",467,"PPIC"
"variance_top1000",468,"YBX3"
"variance_top1000",469,"SEC61G"
"variance_top1000",470,"TSHZ2"
"variance_top1000",471,"ARPC2"
"variance_top1000",472,"FBXL7"
"variance_top1000",473,"RUNX1"
"variance_top1000",474,"ROMO1"
"variance_top1000",475,"MGST3"
"variance_top1000",476,"COL5A3"
"variance_top1000",477,"KLF6"
"variance_top1000",478,"GNAI2"
"variance_top1000",479,"NDUFA11"
"variance_top1000",480,"CENPW"
"variance_top1000",481,"MORF4L1"
"variance_top1000",482,"NDUFB2"
"variance_top1000",483,"SQSTM1"
"variance_top1000",484,"C19orf53"
"variance_top1000",485,"PLPP1"
"variance_top1000",486,"SH3PXD2B"
"variance_top1000",487,"BICC1"
"variance_top1000",488,"KDELR2"
"variance_top1000",489,"GADD45G"
"variance_top1000",490,"CREB3L1"
"variance_top1000",491,"COL8A1"
"variance_top1000",492,"PCBP2"
"variance_top1000",493,"IFI27L2"
"variance_top1000",494,"TNN"
"variance_top1000",495,"C6orf48"
"variance_top1000",496,"TRMT112"
"variance_top1000",497,"HSPA8"
"variance_top1000",498,"SHFM1"
"variance_top1000",499,"LAMC3"
"variance_top1000",500,"CSTB"
"variance_top1000",501,"WASF2"
"variance_top1000",502,"NDUFA1"
"variance_top1000",503,"AES"
"variance_top1000",504,"ARID5B"
"variance_top1000",505,"MYL12B"
"variance_top1000",506,"GAS6"
"variance_top1000",507,"LAMB1"
"variance_top1000",508,"RPS14"
"variance_top1000",509,"ATP5J"
"variance_top1000",510,"OLFML3"
"variance_top1000",511,"SPTBN1"
"variance_top1000",512,"FBL"
"variance_top1000",513,"MED13L"
"variance_top1000",514,"ASPN"
"variance_top1000",515,"NDUFS5"
"variance_top1000",516,"NEGR1"
"variance_top1000",517,"COX7A1"
"variance_top1000",518,"ALX4"
"variance_top1000",519,"CHCHD3"
"variance_top1000",520,"CRTAP"
"variance_top1000",521,"EIF3K"
"variance_top1000",522,"ATP6V1G1"
"variance_top1000",523,"RPLP2"
"variance_top1000",524,"YBX1"
"variance_top1000",525,"RPL17"
"variance_top1000",526,"KRT1"
"variance_top1000",527,"TUBB4B"
"variance_top1000",528,"PARK7"
"variance_top1000",529,"KRT15"
"variance_top1000",530,"SKP1"
"variance_top1000",531,"RERE"
"variance_top1000",532,"CYBA"
"variance_top1000",533,"ZFAND3"
"variance_top1000",534,"MBNL1"
"variance_top1000",535,"RP11-20I23.1"
"variance_top1000",536,"PRKCDBP"
"variance_top1000",537,"RPS8"
"variance_top1000",538,"FOXN3"
"variance_top1000",539,"RHOA"
"variance_top1000",540,"NCL"
"variance_top1000",541,"DSP"
"variance_top1000",542,"WDR83OS"
"variance_top1000",543,"SEPT11"
"variance_top1000",544,"AC090498.1"
"variance_top1000",545,"APLP2"
"variance_top1000",546,"NDUFB7"
"variance_top1000",547,"EMP1"
"variance_top1000",548,"CD9"
"variance_top1000",549,"BSG"
"variance_top1000",550,"ACTN4"
"variance_top1000",551,"HNRNPA2B1"
"variance_top1000",552,"LGALS3BP"
"variance_top1000",553,"APOO"
"variance_top1000",554,"APBB2"
"variance_top1000",555,"TSC22D1"
"variance_top1000",556,"CPXM1"
"variance_top1000",557,"COL18A1"
"variance_top1000",558,"NDUFA4"
"variance_top1000",559,"NEDD8"
"variance_top1000",560,"ST13"
"variance_top1000",561,"NR2F2"
"variance_top1000",562,"FOXP1"
"variance_top1000",563,"RAB31"
"variance_top1000",564,"DAD1"
"variance_top1000",565,"THBS2"
"variance_top1000",566,"ANP32B"
"variance_top1000",567,"UQCR10"
"variance_top1000",568,"ANXA5"
"variance_top1000",569,"BANF1"
"variance_top1000",570,"SPON1"
"variance_top1000",571,"EIF1AX"
"variance_top1000",572,"NDUFB11"
"variance_top1000",573,"ID1"
"variance_top1000",574,"SOD1"
"variance_top1000",575,"MTDH"
"variance_top1000",576,"LAMTOR4"
"variance_top1000",577,"RP11-25H12.1"
"variance_top1000",578,"GUK1"
"variance_top1000",579,"EMP2"
"variance_top1000",580,"ATP6V0E1"
"variance_top1000",581,"DCLK1"
"variance_top1000",582,"HNRNPA3"
"variance_top1000",583,"TMEM176B"
"variance_top1000",584,"MYLIP"
"variance_top1000",585,"GNB2"
"variance_top1000",586,"DLC1"
"variance_top1000",587,"COL15A1"
"variance_top1000",588,"PPDPF"
"variance_top1000",589,"CLIC4"
"variance_top1000",590,"GNB1"
"variance_top1000",591,"TCF25"
"variance_top1000",592,"MAFB"
"variance_top1000",593,"CDC42"
"variance_top1000",594,"TNC"
"variance_top1000",595,"FABP5"
"variance_top1000",596,"COL4A2"
"variance_top1000",597,"SLC5A3"
"variance_top1000",598,"ROR2"
"variance_top1000",599,"LPP"
"variance_top1000",600,"ANXA1"
"variance_top1000",601,"PDZRN3"
"variance_top1000",602,"RPLP1"
"variance_top1000",603,"CD74"
"variance_top1000",604,"FKBP2"
"variance_top1000",605,"MYEOV2"
"variance_top1000",606,"VAMP2"
"variance_top1000",607,"KRT10"
"variance_top1000",608,"PLEKHH2"
"variance_top1000",609,"TNRC6B"
"variance_top1000",610,"SRRM2"
"variance_top1000",611,"TTC28"
"variance_top1000",612,"VGLL4"
"variance_top1000",613,"OAF"
"variance_top1000",614,"STAT3"
"variance_top1000",615,"NDUFB4"
"variance_top1000",616,"PODN"
"variance_top1000",617,"CTSF"
"variance_top1000",618,"RND3"
"variance_top1000",619,"LINC00657"
"variance_top1000",620,"GRN"
"variance_top1000",621,"EIF3E"
"variance_top1000",622,"SERBP1"
"variance_top1000",623,"PNRC1"
"variance_top1000",624,"ID3"
"variance_top1000",625,"ATP5O"
"variance_top1000",626,"ATP5H"
"variance_top1000",627,"LAMP1"
"variance_top1000",628,"EIF3F"
"variance_top1000",629,"PLD3"
"variance_top1000",630,"NXN"
"variance_top1000",631,"CD59"
"variance_top1000",632,"CLTA"
"variance_top1000",633,"TPM4"
"variance_top1000",634,"RBM39"
"variance_top1000",635,"NDUFB10"
"variance_top1000",636,"FXYD1"
"variance_top1000",637,"MINOS1"
"variance_top1000",638,"PLA2G2A"
"variance_top1000",639,"CEBPB"
"variance_top1000",640,"FCGRT"
"variance_top1000",641,"CAPNS1"
"variance_top1000",642,"ANGPTL2"
"variance_top1000",643,"ATP5J2"
"variance_top1000",644,"NDRG1"
"variance_top1000",645,"HNRNPK"
"variance_top1000",646,"PRDX1"
"variance_top1000",647,"IER5L"
"variance_top1000",648,"EFEMP2"
"variance_top1000",649,"ATOX1"
"variance_top1000",650,"EXT1"
"variance_top1000",651,"SAP18"
"variance_top1000",652,"PCDHGA1"
"variance_top1000",653,"ATP5G3"
"variance_top1000",654,"APRT"
"variance_top1000",655,"C9orf3"
"variance_top1000",656,"FIS1"
"variance_top1000",657,"LUZP2"
"variance_top1000",658,"MRPS21"
"variance_top1000",659,"PRDX4"
"variance_top1000",660,"MACF1"
"variance_top1000",661,"ATXN1"
"variance_top1000",662,"PSMB1"
"variance_top1000",663,"PLEC"
"variance_top1000",664,"TNS1"
"variance_top1000",665,"VSTM4"
"variance_top1000",666,"LHFP"
"variance_top1000",667,"RBX1"
"variance_top1000",668,"PDIA3"
"variance_top1000",669,"CLIC1"
"variance_top1000",670,"MAML2"
"variance_top1000",671,"RWDD1"
"variance_top1000",672,"NDUFS6"
"variance_top1000",673,"KDELR1"
"variance_top1000",674,"SET"
"variance_top1000",675,"SASH1"
"variance_top1000",676,"NAA38"
"variance_top1000",677,"NOTCH3"
"variance_top1000",678,"EIF3L"
"variance_top1000",679,"PARD3"
"variance_top1000",680,"TMBIM6"
"variance_top1000",681,"HNRNPD"
"variance_top1000",682,"ARID1B"
"variance_top1000",683,"DAAM2"
"variance_top1000",684,"HNRNPM"
"variance_top1000",685,"SETBP1"
"variance_top1000",686,"CUTA"
"variance_top1000",687,"ASTN2"
"variance_top1000",688,"ERH"
"variance_top1000",689,"NAV1"
"variance_top1000",690,"TMEM176A"
"variance_top1000",691,"PDLIM2"
"variance_top1000",692,"ECM1"
"variance_top1000",693,"NDUFB1"
"variance_top1000",694,"ERGIC3"
"variance_top1000",695,"PET100"
"variance_top1000",696,"FKBP10"
"variance_top1000",697,"USMG5"
"variance_top1000",698,"NDUFB9"
"variance_top1000",699,"MYL12A"
"variance_top1000",700,"ZEB2"
"variance_top1000",701,"COLEC12"
"variance_top1000",702,"CXCL12"
"variance_top1000",703,"ATPIF1"
"variance_top1000",704,"HINT1"
"variance_top1000",705,"KANK2"
"variance_top1000",706,"APP"
"variance_top1000",707,"ID2"
"variance_top1000",708,"CTGF"
"variance_top1000",709,"BRK1"
"variance_top1000",710,"SNRPF"
"variance_top1000",711,"PCBP1"
"variance_top1000",712,"SLC25A3"
"variance_top1000",713,"ZNHIT1"
"variance_top1000",714,"TMEM59"
"variance_top1000",715,"MAP4"
"variance_top1000",716,"FAM127A"
"variance_top1000",717,"ANAPC11"
"variance_top1000",718,"EIF5B"
"variance_top1000",719,"AGAP1"
"variance_top1000",720,"LTBP3"
"variance_top1000",721,"EIF3H"
"variance_top1000",722,"NGFR"
"variance_top1000",723,"MYO1D"
"variance_top1000",724,"EEF1A1"
"variance_top1000",725,"RAB34"
"variance_top1000",726,"SOX18"
"variance_top1000",727,"NCOA1"
"variance_top1000",728,"SEPP1"
"variance_top1000",729,"LDB2"
"variance_top1000",730,"SOCS3"
"variance_top1000",731,"BCL2"
"variance_top1000",732,"TBCA"
"variance_top1000",733,"NGFRAP1"
"variance_top1000",734,"TPST1"
"variance_top1000",735,"CASC15"
"variance_top1000",736,"BMP7"
"variance_top1000",737,"TSC22D3"
"variance_top1000",738,"PRRC2C"
"variance_top1000",739,"EIF4A1"
"variance_top1000",740,"PDZD2"
"variance_top1000",741,"DYNLRB1"
"variance_top1000",742,"KAZN"
"variance_top1000",743,"ARPC3"
"variance_top1000",744,"MPHOSPH8"
"variance_top1000",745,"PARD3B"
"variance_top1000",746,"CAMK1D"
"variance_top1000",747,"LIMS1"
"variance_top1000",748,"LRRC15"
"variance_top1000",749,"SEC61A1"
"variance_top1000",750,"ANTXR1"
"variance_top1000",751,"KHDRBS1"
"variance_top1000",752,"ARF5"
"variance_top1000",753,"TMEM99"
"variance_top1000",754,"CLMP"
"variance_top1000",755,"TMED9"
"variance_top1000",756,"HM13"
"variance_top1000",757,"KCTD7"
"variance_top1000",758,"COL4A1"
"variance_top1000",759,"LINC-PINT"
"variance_top1000",760,"CNTN4"
"variance_top1000",761,"C9orf16"
"variance_top1000",762,"TMTC2"
"variance_top1000",763,"EDNRA"
"variance_top1000",764,"ATP1A1"
"variance_top1000",765,"MRFAP1"
"variance_top1000",766,"MKLN1"
"variance_top1000",767,"MAP1B"
"variance_top1000",768,"SLIT2"
"variance_top1000",769,"RNF24"
"variance_top1000",770,"HNRNPDL"
"variance_top1000",771,"SH3D19"
"variance_top1000",772,"PSME1"
"variance_top1000",773,"RTN4"
"variance_top1000",774,"MRPL51"
"variance_top1000",775,"LDHA"
"variance_top1000",776,"CYB5R3"
"variance_top1000",777,"MRPL41"
"variance_top1000",778,"PSMB3"
"variance_top1000",779,"BASP1"
"variance_top1000",780,"EVA1B"
"variance_top1000",781,"CALML5"
"variance_top1000",782,"CNBP"
"variance_top1000",783,"SNX9"
"variance_top1000",784,"CDKN1A"
"variance_top1000",785,"GNG5"
"variance_top1000",786,"TTC3"
"variance_top1000",787,"PRRX2"
"variance_top1000",788,"PTCH1"
"variance_top1000",789,"AP2M1"
"variance_top1000",790,"RTF1"
"variance_top1000",791,"BCL7C"
"variance_top1000",792,"ARF1"
"variance_top1000",793,"PRDX6"
"variance_top1000",794,"C4orf3"
"variance_top1000",795,"CLTB"
"variance_top1000",796,"LSM7"
"variance_top1000",797,"TACC1"
"variance_top1000",798,"MRPL20"
"variance_top1000",799,"FSCN1"
"variance_top1000",800,"ADAMTS2"
"variance_top1000",801,"EIF4B"
"variance_top1000",802,"TCF12"
"variance_top1000",803,"IGFBP2"
"variance_top1000",804,"KREMEN1"
"variance_top1000",805,"RBM6"
"variance_top1000",806,"C11orf96"
"variance_top1000",807,"ZNF652"
"variance_top1000",808,"CACNA1C"
"variance_top1000",809,"HNRNPC"
"variance_top1000",810,"SEC11A"
"variance_top1000",811,"CD44"
"variance_top1000",812,"EIF3G"
"variance_top1000",813,"CHD4"
"variance_top1000",814,"KRT2"
"variance_top1000",815,"ACTN1"
"variance_top1000",816,"PHLDA3"
"variance_top1000",817,"ROBO1"
"variance_top1000",818,"DNAJB1"
"variance_top1000",819,"NDUFC2"
"variance_top1000",820,"IFI6"
"variance_top1000",821,"SH3PXD2A"
"variance_top1000",822,"MYH9"
"variance_top1000",823,"C14orf2"
"variance_top1000",824,"JUP"
"variance_top1000",825,"RABGAP1L"
"variance_top1000",826,"TRIO"
"variance_top1000",827,"DAB2"
"variance_top1000",828,"NCOR2"
"variance_top1000",829,"DST"
"variance_top1000",830,"CHPF"
"variance_top1000",831,"PMP22"
"variance_top1000",832,"NUCB1"
"variance_top1000",833,"SPARCL1"
"variance_top1000",834,"CTSD"
"variance_top1000",835,"LGALS7B"
"variance_top1000",836,"RBM8A"
"variance_top1000",837,"ALKBH7"
"variance_top1000",838,"CSNK1E"
"variance_top1000",839,"ANXA11"
"variance_top1000",840,"C19orf70"
"variance_top1000",841,"OLFML2B"
"variance_top1000",842,"HOOK3"
"variance_top1000",843,"HTRA3"
"variance_top1000",844,"DRAP1"
"variance_top1000",845,"SFRP1"
"variance_top1000",846,"TPM1"
"variance_top1000",847,"C1orf122"
"variance_top1000",848,"DDX17"
"variance_top1000",849,"SF3B5"
"variance_top1000",850,"PRICKLE4"
"variance_top1000",851,"CSDE1"
"variance_top1000",852,"GLI3"
"variance_top1000",853,"BOC"
"variance_top1000",854,"BMPR2"
"variance_top1000",855,"FXYD5"
"variance_top1000",856,"PRRC2B"
"variance_top1000",857,"ATP5B"
"variance_top1000",858,"ATF4"
"variance_top1000",859,"XIST"
"variance_top1000",860,"HNRNPUL1"
"variance_top1000",861,"STMN2"
"variance_top1000",862,"ABI3BP"
"variance_top1000",863,"ARPC1B"
"variance_top1000",864,"EGFR"
"variance_top1000",865,"FNBP1"
"variance_top1000",866,"PPP1R15A"
"variance_top1000",867,"HIST1H2BD"
"variance_top1000",868,"GNAQ"
"variance_top1000",869,"LAMB2"
"variance_top1000",870,"MYDGF"
"variance_top1000",871,"NDUFB8"
"variance_top1000",872,"UXT"
"variance_top1000",873,"ELF2"
"variance_top1000",874,"C1QTNF5"
"variance_top1000",875,"SF3B2"
"variance_top1000",876,"EIF2S2"
"variance_top1000",877,"TRIM56"
"variance_top1000",878,"ARL15"
"variance_top1000",879,"EIF4G2"
"variance_top1000",880,"SEMA5A"
"variance_top1000",881,"VAMP5"
"variance_top1000",882,"DPYSL3"
"variance_top1000",883,"CBLB"
"variance_top1000",884,"PPP3CA"
"variance_top1000",885,"SEC31A"
"variance_top1000",886,"LEPROT"
"variance_top1000",887,"ARHGDIA"
"variance_top1000",888,"CSNK2B"
"variance_top1000",889,"RBMS1"
"variance_top1000",890,"GLUL"
"variance_top1000",891,"JTB"
"variance_top1000",892,"NME4"
"variance_top1000",893,"INHBB"
"variance_top1000",894,"SNRPD3"
"variance_top1000",895,"EPB42"
"variance_top1000",896,"SSBP3"
"variance_top1000",897,"SYNE1"
"variance_top1000",898,"DKK3"
"variance_top1000",899,"CRIP2"
"variance_top1000",900,"PIN4"
"variance_top1000",901,"PIK3R1"
"variance_top1000",902,"SIK3"
"variance_top1000",903,"DDIT4"
"variance_top1000",904,"YWHAZ"
"variance_top1000",905,"MCC"
"variance_top1000",906,"PRKD1"
"variance_top1000",907,"ASH1L"
"variance_top1000",908,"RASD1"
"variance_top1000",909,"SPIDR"
"variance_top1000",910,"NFATC4"
"variance_top1000",911,"ATP6V1F"
"variance_top1000",912,"OS9"
"variance_top1000",913,"CALM3"
"variance_top1000",914,"MUSTN1"
"variance_top1000",915,"NAALADL2"
"variance_top1000",916,"TUBA1C"
"variance_top1000",917,"VCP"
"variance_top1000",918,"MXD4"
"variance_top1000",919,"XYLT1"
"variance_top1000",920,"CTD-3214H19.16"
"variance_top1000",921,"FAM101B"
"variance_top1000",922,"DDX5"
"variance_top1000",923,"H1F0"
"variance_top1000",924,"DDAH2"
"variance_top1000",925,"RNF115"
"variance_top1000",926,"CCDC85B"
"variance_top1000",927,"PAM"
"variance_top1000",928,"RNH1"
"variance_top1000",929,"MAGED2"
"variance_top1000",930,"ANAPC16"
"variance_top1000",931,"VPS28"
"variance_top1000",932,"BCAP31"
"variance_top1000",933,"TCEAL4"
"variance_top1000",934,"PRDX2"
"variance_top1000",935,"IGF1R"
"variance_top1000",936,"OLFM2"
"variance_top1000",937,"SNU13"
"variance_top1000",938,"LAMA4"
"variance_top1000",939,"DDR2"
"variance_top1000",940,"EIF5A"
"variance_top1000",941,"SF3B6"
"variance_top1000",942,"NTRK2"
"variance_top1000",943,"SNRPB"
"variance_top1000",944,"SETD5"
"variance_top1000",945,"C17orf89"
"variance_top1000",946,"CTNNA1"
"variance_top1000",947,"GPR78"
"variance_top1000",948,"SNRNP70"
"variance_top1000",949,"COX7B"
"variance_top1000",950,"DPYSL2"
"variance_top1000",951,"PRELP"
"variance_top1000",952,"UBE2E2"
"variance_top1000",953,"LTBP1"
"variance_top1000",954,"ECE1"
"variance_top1000",955,"KIAA1217"
"variance_top1000",956,"MYO1C"
"variance_top1000",957,"TMEM219"
"variance_top1000",958,"PTK7"
"variance_top1000",959,"CUX1"
"variance_top1000",960,"ARL6IP5"
"variance_top1000",961,"PDCD5"
"variance_top1000",962,"CYP20A1"
"variance_top1000",963,"GOLGA2"
"variance_top1000",964,"CDKN1C"
"variance_top1000",965,"MARVELD1"
"variance_top1000",966,"TNRC6A"
"variance_top1000",967,"AURKAIP1"
"variance_top1000",968,"P3H3"
"variance_top1000",969,"TYMP"
"variance_top1000",970,"PLP2"
"variance_top1000",971,"GTF2I"
"variance_top1000",972,"DEK"
"variance_top1000",973,"HIGD2A"
"variance_top1000",974,"NDUFA6"
"variance_top1000",975,"SDF4"
"variance_top1000",976,"SNRPE"
"variance_top1000",977,"TGFBI"
"variance_top1000",978,"RPN1"
"variance_top1000",979,"SNX29"
"variance_top1000",980,"KPNB1"
"variance_top1000",981,"PTPRA"
"variance_top1000",982,"S100A7"
"variance_top1000",983,"SOD2"
"variance_top1000",984,"DCD"
"variance_top1000",985,"INAFM1"
"variance_top1000",986,"GRIK1"
"variance_top1000",987,"KTN1"
"variance_top1000",988,"SORBS3"
"variance_top1000",989,"NDUFC1"
"variance_top1000",990,"FOSL2"
"variance_top1000",991,"A1BG"
"variance_top1000",992,"KIF13A"
"variance_top1000",993,"COL11A1"
"variance_top1000",994,"SNX6"
"variance_top1000",995,"NSA2"
"variance_top1000",996,"SMG6"
"variance_top1000",997,"FXYD3"
"variance_top1000",998,"HSPE1"
"variance_top1000",999,"ENSA"
"variance_top1000",1000,"ITPRIPL2"
"variance_top2000",1,"COL1A1"
"variance_top2000",2,"COL3A1"
"variance_top2000",3,"COL1A2"
"variance_top2000",4,"SPARC"
"variance_top2000",5,"CXCL14"
"variance_top2000",6,"PTGDS"
"variance_top2000",7,"IGFBP3"
"variance_top2000",8,"CST3"
"variance_top2000",9,"APOE"
"variance_top2000",10,"CFD"
"variance_top2000",11,"MALAT1"
"variance_top2000",12,"MGP"
"variance_top2000",13,"TIMP1"
"variance_top2000",14,"SFRP2"
"variance_top2000",15,"APOD"
"variance_top2000",16,"IGFBP7"
"variance_top2000",17,"CCDC80"
"variance_top2000",18,"LGALS1"
"variance_top2000",19,"IFITM3"
"variance_top2000",20,"DCN"
"variance_top2000",21,"C1R"
"variance_top2000",22,"COL6A2"
"variance_top2000",23,"COL6A1"
"variance_top2000",24,"COMP"
"variance_top2000",25,"IGF2"
"variance_top2000",26,"MDK"
"variance_top2000",27,"S100A4"
"variance_top2000",28,"IFITM2"
"variance_top2000",29,"FTL"
"variance_top2000",30,"PCOLCE"
"variance_top2000",31,"NEAT1"
"variance_top2000",32,"BGN"
"variance_top2000",33,"COL6A3"
"variance_top2000",34,"SERPINF1"
"variance_top2000",35,"TMSB10"
"variance_top2000",36,"THY1"
"variance_top2000",37,"JUN"
"variance_top2000",38,"CCL19"
"variance_top2000",39,"FBLN1"
"variance_top2000",40,"TMSB4X"
"variance_top2000",41,"SERF2"
"variance_top2000",42,"COL5A1"
"variance_top2000",43,"WISP2"
"variance_top2000",44,"FN1"
"variance_top2000",45,"RPS26"
"variance_top2000",46,"TCF4"
"variance_top2000",47,"COL5A2"
"variance_top2000",48,"HSPA1A"
"variance_top2000",49,"AEBP1"
"variance_top2000",50,"POSTN"
"variance_top2000",51,"RARRES2"
"variance_top2000",52,"PPIB"
"variance_top2000",53,"MT-CO3"
"variance_top2000",54,"MMP2"
"variance_top2000",55,"IGFBP4"
"variance_top2000",56,"TAGLN"
"variance_top2000",57,"JUNB"
"variance_top2000",58,"TIMP3"
"variance_top2000",59,"LUM"
"variance_top2000",60,"CD63"
"variance_top2000",61,"S100A11"
"variance_top2000",62,"ACTB"
"variance_top2000",63,"GSN"
"variance_top2000",64,"PTMA"
"variance_top2000",65,"VIM"
"variance_top2000",66,"HSPA1B"
"variance_top2000",67,"CRIP1"
"variance_top2000",68,"SERPINH1"
"variance_top2000",69,"PLAC9"
"variance_top2000",70,"CTSK"
"variance_top2000",71,"HLA-B"
"variance_top2000",72,"FTH1"
"variance_top2000",73,"ZFP36L2"
"variance_top2000",74,"PRKG1"
"variance_top2000",75,"IER2"
"variance_top2000",76,"B2M"
"variance_top2000",77,"C3"
"variance_top2000",78,"RPL34"
"variance_top2000",79,"C1S"
"variance_top2000",80,"IGFBP5"
"variance_top2000",81,"HLA-A"
"variance_top2000",82,"RPS27"
"variance_top2000",83,"RPS27A"
"variance_top2000",84,"ADIRF"
"variance_top2000",85,"S100A6"
"variance_top2000",86,"RPL21"
"variance_top2000",87,"PTN"
"variance_top2000",88,"SOX4"
"variance_top2000",89,"NNMT"
"variance_top2000",90,"MT2A"
"variance_top2000",91,"S100A10"
"variance_top2000",92,"VCAN"
"variance_top2000",93,"SLC35F1"
"variance_top2000",94,"MT-CO2"
"variance_top2000",95,"SPON2"
"variance_top2000",96,"CTHRC1"
"variance_top2000",97,"CD99"
"variance_top2000",98,"SERPING1"
"variance_top2000",99,"MT-ATP6"
"variance_top2000",100,"RPL26"
"variance_top2000",101,"FOS"
"variance_top2000",102,"NME1-NME2"
"variance_top2000",103,"RPS3A"
"variance_top2000",104,"RPL39"
"variance_top2000",105,"RPL7"
"variance_top2000",106,"OOEP"
"variance_top2000",107,"H3F3B"
"variance_top2000",108,"RPL17-C18orf32"
"variance_top2000",109,"PMEPA1"
"variance_top2000",110,"RPL35A"
"variance_top2000",111,"HTRA1"
"variance_top2000",112,"ATP5E"
"variance_top2000",113,"TRPS1"
"variance_top2000",114,"LGALS3"
"variance_top2000",115,"MT-ND1"
"variance_top2000",116,"JUND"
"variance_top2000",117,"PFN1"
"variance_top2000",118,"MYL6"
"variance_top2000",119,"KRT14"
"variance_top2000",120,"GAPDH"
"variance_top2000",121,"S100A13"
"variance_top2000",122,"MT-ND4"
"variance_top2000",123,"MRC2"
"variance_top2000",124,"SLC27A4"
"variance_top2000",125,"RPL9"
"variance_top2000",126,"MARCKS"
"variance_top2000",127,"CD81"
"variance_top2000",128,"RORA"
"variance_top2000",129,"APCDD1"
"variance_top2000",130,"ZFP36"
"variance_top2000",131,"C12orf57"
"variance_top2000",132,"RPS15A"
"variance_top2000",133,"MT1X"
"variance_top2000",134,"LMO4"
"variance_top2000",135,"SH3BGRL3"
"variance_top2000",136,"RPS24"
"variance_top2000",137,"KRTDAP"
"variance_top2000",138,"RPL36A"
"variance_top2000",139,"MT-ND3"
"variance_top2000",140,"GGT5"
"variance_top2000",141,"OST4"
"variance_top2000",142,"RPL6"
"variance_top2000",143,"PLPP3"
"variance_top2000",144,"CFL1"
"variance_top2000",145,"ZBTB20"
"variance_top2000",146,"ACTG1"
"variance_top2000",147,"AP000350.10"
"variance_top2000",148,"HNRNPA1"
"variance_top2000",149,"NUCKS1"
"variance_top2000",150,"RPLP0"
"variance_top2000",151,"RPS10-NUDT3"
"variance_top2000",152,"MT-CYB"
"variance_top2000",153,"RPS25"
"variance_top2000",154,"SELM"
"variance_top2000",155,"ANXA2"
"variance_top2000",156,"MT-CO1"
"variance_top2000",157,"EBF1"
"variance_top2000",158,"DPT"
"variance_top2000",159,"RPL10A"
"variance_top2000",160,"GABARAP"
"variance_top2000",161,"RCN3"
"variance_top2000",162,"LMNA"
"variance_top2000",163,"RPL31"
"variance_top2000",164,"TCEB2"
"variance_top2000",165,"SSR4"
"variance_top2000",166,"STEAP1B"
"variance_top2000",167,"FGFR1"
"variance_top2000",168,"RPS23"
"variance_top2000",169,"TOMM7"
"variance_top2000",170,"NACA"
"variance_top2000",171,"SERPINE2"
"variance_top2000",172,"COL14A1"
"variance_top2000",173,"GSTP1"
"variance_top2000",174,"TUBB"
"variance_top2000",175,"HMGB1"
"variance_top2000",176,"MT-ND2"
"variance_top2000",177,"CRABP2"
"variance_top2000",178,"RPL22"
"variance_top2000",179,"RPS9"
"variance_top2000",180,"CDH11"
"variance_top2000",181,"AUTS2"
"variance_top2000",182,"CALD1"
"variance_top2000",183,"UBC"
"variance_top2000",184,"PFDN5"
"variance_top2000",185,"RRBP1"
"variance_top2000",186,"GLTSCR2"
"variance_top2000",187,"SLIT3"
"variance_top2000",188,"HLA-C"
"variance_top2000",189,"EMILIN1"
"variance_top2000",190,"BTF3"
"variance_top2000",191,"RPS10"
"variance_top2000",192,"RPSA"
"variance_top2000",193,"PTMS"
"variance_top2000",194,"SPRY1"
"variance_top2000",195,"INHBA"
"variance_top2000",196,"RPL24"
"variance_top2000",197,"DIO2"
"variance_top2000",198,"TUBA1A"
"variance_top2000",199,"ISLR"
"variance_top2000",200,"PSAP"
"variance_top2000",201,"POLR2L"
"variance_top2000",202,"PPIA"
"variance_top2000",203,"RPL23"
"variance_top2000",204,"LRP1"
"variance_top2000",205,"LAMA2"
"variance_top2000",206,"JMJD1C"
"variance_top2000",207,"HSPB1"
"variance_top2000",208,"RPL15"
"variance_top2000",209,"RPL29"
"variance_top2000",210,"SLC25A6"
"variance_top2000",211,"TXNIP"
"variance_top2000",212,"FBN1"
"variance_top2000",213,"HSP90AB1"
"variance_top2000",214,"TPT1"
"variance_top2000",215,"DMKN"
"variance_top2000",216,"DYNLL1"
"variance_top2000",217,"GNAS"
"variance_top2000",218,"UBB"
"variance_top2000",219,"RPL23A"
"variance_top2000",220,"RPS7"
"variance_top2000",221,"RPL30"
"variance_top2000",222,"EIF1"
"variance_top2000",223,"FAU"
"variance_top2000",224,"TFAP2A"
"variance_top2000",225,"RPL38"
"variance_top2000",226,"RPL18A"
"variance_top2000",227,"PLEKHA7"
"variance_top2000",228,"COX4I1"
"variance_top2000",229,"EEF1B2"
"variance_top2000",230,"COX7C"
"variance_top2000",231,"AHNAK"
"variance_top2000",232,"CLU"
"variance_top2000",233,"TUBA1B"
"variance_top2000",234,"CTSC"
"variance_top2000",235,"NBL1"
"variance_top2000",236,"BTG1"
"variance_top2000",237,"EEF1D"
"variance_top2000",238,"RPL4"
"variance_top2000",239,"PTPRG"
"variance_top2000",240,"MYL9"
"variance_top2000",241,"RPL19"
"variance_top2000",242,"UQCR11"
"variance_top2000",243,"CEBPD"
"variance_top2000",244,"FBLN2"
"variance_top2000",245,"H3F3A"
"variance_top2000",246,"P4HB"
"variance_top2000",247,"FOSB"
"variance_top2000",248,"EMP3"
"variance_top2000",249,"RPS17"
"variance_top2000",250,"KRT5"
"variance_top2000",251,"ITM2B"
"variance_top2000",252,"EEF1G"
"variance_top2000",253,"CIRBP"
"variance_top2000",254,"ELN"
"variance_top2000",255,"RUNX1T1"
"variance_top2000",256,"RPL36AL"
"variance_top2000",257,"ZFP36L1"
"variance_top2000",258,"SNED1"
"variance_top2000",259,"IGFBP6"
"variance_top2000",260,"COL23A1"
"variance_top2000",261,"RPL14"
"variance_top2000",262,"TXNRD1"
"variance_top2000",263,"RPL27"
"variance_top2000",264,"NDUFA13"
"variance_top2000",265,"UQCRQ"
"variance_top2000",266,"FTX"
"variance_top2000",267,"MRPS6"
"variance_top2000",268,"PDGFRB"
"variance_top2000",269,"UBA52"
"variance_top2000",270,"KIZ-AS1"
"variance_top2000",271,"RPL10"
"variance_top2000",272,"RPL5"
"variance_top2000",273,"GNB2L1"
"variance_top2000",274,"RPS21"
"variance_top2000",275,"RPS29"
"variance_top2000",276,"SEMA3G"
"variance_top2000",277,"DUSP1"
"variance_top2000",278,"RPS13"
"variance_top2000",279,"TMA7"
"variance_top2000",280,"RPS6"
"variance_top2000",281,"SRP14"
"variance_top2000",282,"HCFC1R1"
"variance_top2000",283,"LAPTM4A"
"variance_top2000",284,"EGR1"
"variance_top2000",285,"PRRX1"
"variance_top2000",286,"RPS5"
"variance_top2000",287,"RBFOX2"
"variance_top2000",288,"BNC2"
"variance_top2000",289,"RPL41"
"variance_top2000",290,"CERCAM"
"variance_top2000",291,"KIF26B"
"variance_top2000",292,"EID1"
"variance_top2000",293,"CALM1"
"variance_top2000",294,"PRSS23"
"variance_top2000",295,"KRTCAP2"
"variance_top2000",296,"VKORC1"
"variance_top2000",297,"NFIC"
"variance_top2000",298,"ADAM12"
"variance_top2000",299,"RPL12"
"variance_top2000",300,"RPS16"
"variance_top2000",301,"MT1E"
"variance_top2000",302,"EXOSC7"
"variance_top2000",303,"NFKBIA"
"variance_top2000",304,"NUPR1"
"variance_top2000",305,"HLA-E"
"variance_top2000",306,"CD248"
"variance_top2000",307,"SNRPD2"
"variance_top2000",308,"EEF2"
"variance_top2000",309,"HSP90AA1"
"variance_top2000",310,"H1FX"
"variance_top2000",311,"MXRA5"
"variance_top2000",312,"RPS2"
"variance_top2000",313,"RPS15"
"variance_top2000",314,"ATP5I"
"variance_top2000",315,"TIMP2"
"variance_top2000",316,"COL12A1"
"variance_top2000",317,"RPL32"
"variance_top2000",318,"SEPW1"
"variance_top2000",319,"RPS11"
"variance_top2000",320,"COX6C"
"variance_top2000",321,"RPL27A"
"variance_top2000",322,"RPL3"
"variance_top2000",323,"RABAC1"
"variance_top2000",324,"RPL37"
"variance_top2000",325,"SEC62"
"variance_top2000",326,"RPS3"
"variance_top2000",327,"COX5B"
"variance_top2000",328,"RPS20"
"variance_top2000",329,"GADD45B"
"variance_top2000",330,"PHPT1"
"variance_top2000",331,"ATP5G2"
"variance_top2000",332,"EDF1"
"variance_top2000",333,"PPP1R14B"
"variance_top2000",334,"CLEC11A"
"variance_top2000",335,"OAZ1"
"variance_top2000",336,"RHOB"
"variance_top2000",337,"RP11-849F2.7"
"variance_top2000",338,"RNASEK"
"variance_top2000",339,"RPS4X"
"variance_top2000",340,"RPL28"
"variance_top2000",341,"RPL35"
"variance_top2000",342,"SUMO2"
"variance_top2000",343,"ATP5L"
"variance_top2000",344,"PEBP1"
"variance_top2000",345,"CHCHD2"
"variance_top2000",346,"MZT2B"
"variance_top2000",347,"RPL37A"
"variance_top2000",348,"RPL11"
"variance_top2000",349,"COPZ2"
"variance_top2000",350,"PTRF"
"variance_top2000",351,"FLNA"
"variance_top2000",352,"WWOX"
"variance_top2000",353,"RPS19"
"variance_top2000",354,"RAC1"
"variance_top2000",355,"PERP"
"variance_top2000",356,"SFN"
"variance_top2000",357,"LSP1"
"variance_top2000",358,"RAB13"
"variance_top2000",359,"RPL36"
"variance_top2000",360,"LY6E"
"variance_top2000",361,"MXRA8"
"variance_top2000",362,"FOXO3"
"variance_top2000",363,"TWIST1"
"variance_top2000",364,"ZFAS1"
"variance_top2000",365,"PHLDB1"
"variance_top2000",366,"YWHAB"
"variance_top2000",367,"SON"
"variance_top2000",368,"CFH"
"variance_top2000",369,"TMEM258"
"variance_top2000",370,"SOD3"
"variance_top2000",371,"FNDC3B"
"variance_top2000",372,"GPX1"
"variance_top2000",373,"RPL7A"
"variance_top2000",374,"RBM3"
"variance_top2000",375,"FUS"
"variance_top2000",376,"AC004448.5"
"variance_top2000",377,"FSTL1"
"variance_top2000",378,"TXN"
"variance_top2000",379,"ROBO2"
"variance_top2000",380,"RHOC"
"variance_top2000",381,"MAP4K4"
"variance_top2000",382,"CALR"
"variance_top2000",383,"C19orf43"
"variance_top2000",384,"MFAP5"
"variance_top2000",385,"BMP4"
"variance_top2000",386,"RPL13A"
"variance_top2000",387,"PRDX5"
"variance_top2000",388,"TAGLN2"
"variance_top2000",389,"AKAP13"
"variance_top2000",390,"SENP3-EIF4A1"
"variance_top2000",391,"NAP1L1"
"variance_top2000",392,"CTSB"
"variance_top2000",393,"COX8A"
"variance_top2000",394,"PABPC1"
"variance_top2000",395,"NENF"
"variance_top2000",396,"GAS7"
"variance_top2000",397,"UQCRB"
"variance_top2000",398,"COX7A2"
"variance_top2000",399,"RPL8"
"variance_top2000",400,"GXYLT2"
"variance_top2000",401,"ALDOA"
"variance_top2000",402,"CCNI"
"variance_top2000",403,"THBS4"
"variance_top2000",404,"COL16A1"
"variance_top2000",405,"SNHG8"
"variance_top2000",406,"LTBP4"
"variance_top2000",407,"LY6D"
"variance_top2000",408,"COX6B1"
"variance_top2000",409,"NBEAL1"
"variance_top2000",410,"TSPO"
"variance_top2000",411,"NPM1"
"variance_top2000",412,"TPM2"
"variance_top2000",413,"HDLBP"
"variance_top2000",414,"SSR2"
"variance_top2000",415,"HMGN2"
"variance_top2000",416,"HSPG2"
"variance_top2000",417,"TPI1"
"variance_top2000",418,"GPX4"
"variance_top2000",419,"COMMD6"
"variance_top2000",420,"TCF7L2"
"variance_top2000",421,"NFIX"
"variance_top2000",422,"RPS12"
"variance_top2000",423,"MIR99AHG"
"variance_top2000",424,"S100A8"
"variance_top2000",425,"PLXDC2"
"variance_top2000",426,"IGF1"
"variance_top2000",427,"GLG1"
"variance_top2000",428,"SFRP4"
"variance_top2000",429,"DSTN"
"variance_top2000",430,"HSP90B1"
"variance_top2000",431,"RPL13"
"variance_top2000",432,"RPS18"
"variance_top2000",433,"RPL18"
"variance_top2000",434,"PSMA7"
"variance_top2000",435,"IFI27"
"variance_top2000",436,"HIST1H4C"
"variance_top2000",437,"UBL5"
"variance_top2000",438,"LOXL1"
"variance_top2000",439,"ARL6IP4"
"variance_top2000",440,"CKAP4"
"variance_top2000",441,"CALM2"
"variance_top2000",442,"SPATS2L"
"variance_top2000",443,"F2R"
"variance_top2000",444,"RPS28"
"variance_top2000",445,"PKM"
"variance_top2000",446,"RPS27L"
"variance_top2000",447,"MFAP4"
"variance_top2000",448,"STAG1"
"variance_top2000",449,"RBMS3"
"variance_top2000",450,"DBI"
"variance_top2000",451,"ATP5D"
"variance_top2000",452,"PALLD"
"variance_top2000",453,"IER3"
"variance_top2000",454,"SEC61B"
"variance_top2000",455,"ITGB1"
"variance_top2000",456,"AMBRA1"
"variance_top2000",457,"ITGB5"
"variance_top2000",458,"ENO1"
"variance_top2000",459,"NPC2"
"variance_top2000",460,"BRI3"
"variance_top2000",461,"CPE"
"variance_top2000",462,"MYCBP2"
"variance_top2000",463,"UQCRH"
"variance_top2000",464,"COX6A1"
"variance_top2000",465,"CAPZB"
"variance_top2000",466,"DKK2"
"variance_top2000",467,"PPIC"
"variance_top2000",468,"YBX3"
"variance_top2000",469,"SEC61G"
"variance_top2000",470,"TSHZ2"
"variance_top2000",471,"ARPC2"
"variance_top2000",472,"FBXL7"
"variance_top2000",473,"RUNX1"
"variance_top2000",474,"ROMO1"
"variance_top2000",475,"MGST3"
"variance_top2000",476,"COL5A3"
"variance_top2000",477,"KLF6"
"variance_top2000",478,"GNAI2"
"variance_top2000",479,"NDUFA11"
"variance_top2000",480,"CENPW"
"variance_top2000",481,"MORF4L1"
"variance_top2000",482,"NDUFB2"
"variance_top2000",483,"SQSTM1"
"variance_top2000",484,"C19orf53"
"variance_top2000",485,"PLPP1"
"variance_top2000",486,"SH3PXD2B"
"variance_top2000",487,"BICC1"
"variance_top2000",488,"KDELR2"
"variance_top2000",489,"GADD45G"
"variance_top2000",490,"CREB3L1"
"variance_top2000",491,"COL8A1"
"variance_top2000",492,"PCBP2"
"variance_top2000",493,"IFI27L2"
"variance_top2000",494,"TNN"
"variance_top2000",495,"C6orf48"
"variance_top2000",496,"TRMT112"
"variance_top2000",497,"HSPA8"
"variance_top2000",498,"SHFM1"
"variance_top2000",499,"LAMC3"
"variance_top2000",500,"CSTB"
"variance_top2000",501,"WASF2"
"variance_top2000",502,"NDUFA1"
"variance_top2000",503,"AES"
"variance_top2000",504,"ARID5B"
"variance_top2000",505,"MYL12B"
"variance_top2000",506,"GAS6"
"variance_top2000",507,"LAMB1"
"variance_top2000",508,"RPS14"
"variance_top2000",509,"ATP5J"
"variance_top2000",510,"OLFML3"
"variance_top2000",511,"SPTBN1"
"variance_top2000",512,"FBL"
"variance_top2000",513,"MED13L"
"variance_top2000",514,"ASPN"
"variance_top2000",515,"NDUFS5"
"variance_top2000",516,"NEGR1"
"variance_top2000",517,"COX7A1"
"variance_top2000",518,"ALX4"
"variance_top2000",519,"CHCHD3"
"variance_top2000",520,"CRTAP"
"variance_top2000",521,"EIF3K"
"variance_top2000",522,"ATP6V1G1"
"variance_top2000",523,"RPLP2"
"variance_top2000",524,"YBX1"
"variance_top2000",525,"RPL17"
"variance_top2000",526,"KRT1"
"variance_top2000",527,"TUBB4B"
"variance_top2000",528,"PARK7"
"variance_top2000",529,"KRT15"
"variance_top2000",530,"SKP1"
"variance_top2000",531,"RERE"
"variance_top2000",532,"CYBA"
"variance_top2000",533,"ZFAND3"
"variance_top2000",534,"MBNL1"
"variance_top2000",535,"RP11-20I23.1"
"variance_top2000",536,"PRKCDBP"
"variance_top2000",537,"RPS8"
"variance_top2000",538,"FOXN3"
"variance_top2000",539,"RHOA"
"variance_top2000",540,"NCL"
"variance_top2000",541,"DSP"
"variance_top2000",542,"WDR83OS"
"variance_top2000",543,"SEPT11"
"variance_top2000",544,"AC090498.1"
"variance_top2000",545,"APLP2"
"variance_top2000",546,"NDUFB7"
"variance_top2000",547,"EMP1"
"variance_top2000",548,"CD9"
"variance_top2000",549,"BSG"
"variance_top2000",550,"ACTN4"
"variance_top2000",551,"HNRNPA2B1"
"variance_top2000",552,"LGALS3BP"
"variance_top2000",553,"APOO"
"variance_top2000",554,"APBB2"
"variance_top2000",555,"TSC22D1"
"variance_top2000",556,"CPXM1"
"variance_top2000",557,"COL18A1"
"variance_top2000",558,"NDUFA4"
"variance_top2000",559,"NEDD8"
"variance_top2000",560,"ST13"
"variance_top2000",561,"NR2F2"
"variance_top2000",562,"FOXP1"
"variance_top2000",563,"RAB31"
"variance_top2000",564,"DAD1"
"variance_top2000",565,"THBS2"
"variance_top2000",566,"ANP32B"
"variance_top2000",567,"UQCR10"
"variance_top2000",568,"ANXA5"
"variance_top2000",569,"BANF1"
"variance_top2000",570,"SPON1"
"variance_top2000",571,"EIF1AX"
"variance_top2000",572,"NDUFB11"
"variance_top2000",573,"ID1"
"variance_top2000",574,"SOD1"
"variance_top2000",575,"MTDH"
"variance_top2000",576,"LAMTOR4"
"variance_top2000",577,"RP11-25H12.1"
"variance_top2000",578,"GUK1"
"variance_top2000",579,"EMP2"
"variance_top2000",580,"ATP6V0E1"
"variance_top2000",581,"DCLK1"
"variance_top2000",582,"HNRNPA3"
"variance_top2000",583,"TMEM176B"
"variance_top2000",584,"MYLIP"
"variance_top2000",585,"GNB2"
"variance_top2000",586,"DLC1"
"variance_top2000",587,"COL15A1"
"variance_top2000",588,"PPDPF"
"variance_top2000",589,"CLIC4"
"variance_top2000",590,"GNB1"
"variance_top2000",591,"TCF25"
"variance_top2000",592,"MAFB"
"variance_top2000",593,"CDC42"
"variance_top2000",594,"TNC"
"variance_top2000",595,"FABP5"
"variance_top2000",596,"COL4A2"
"variance_top2000",597,"SLC5A3"
"variance_top2000",598,"ROR2"
"variance_top2000",599,"LPP"
"variance_top2000",600,"ANXA1"
"variance_top2000",601,"PDZRN3"
"variance_top2000",602,"RPLP1"
"variance_top2000",603,"CD74"
"variance_top2000",604,"FKBP2"
"variance_top2000",605,"MYEOV2"
"variance_top2000",606,"VAMP2"
"variance_top2000",607,"KRT10"
"variance_top2000",608,"PLEKHH2"
"variance_top2000",609,"TNRC6B"
"variance_top2000",610,"SRRM2"
"variance_top2000",611,"TTC28"
"variance_top2000",612,"VGLL4"
"variance_top2000",613,"OAF"
"variance_top2000",614,"STAT3"
"variance_top2000",615,"NDUFB4"
"variance_top2000",616,"PODN"
"variance_top2000",617,"CTSF"
"variance_top2000",618,"RND3"
"variance_top2000",619,"LINC00657"
"variance_top2000",620,"GRN"
"variance_top2000",621,"EIF3E"
"variance_top2000",622,"SERBP1"
"variance_top2000",623,"PNRC1"
"variance_top2000",624,"ID3"
"variance_top2000",625,"ATP5O"
"variance_top2000",626,"ATP5H"
"variance_top2000",627,"LAMP1"
"variance_top2000",628,"EIF3F"
"variance_top2000",629,"PLD3"
"variance_top2000",630,"NXN"
"variance_top2000",631,"CD59"
"variance_top2000",632,"CLTA"
"variance_top2000",633,"TPM4"
"variance_top2000",634,"RBM39"
"variance_top2000",635,"NDUFB10"
"variance_top2000",636,"FXYD1"
"variance_top2000",637,"MINOS1"
"variance_top2000",638,"PLA2G2A"
"variance_top2000",639,"CEBPB"
"variance_top2000",640,"FCGRT"
"variance_top2000",641,"CAPNS1"
"variance_top2000",642,"ANGPTL2"
"variance_top2000",643,"ATP5J2"
"variance_top2000",644,"NDRG1"
"variance_top2000",645,"HNRNPK"
"variance_top2000",646,"PRDX1"
"variance_top2000",647,"IER5L"
"variance_top2000",648,"EFEMP2"
"variance_top2000",649,"ATOX1"
"variance_top2000",650,"EXT1"
"variance_top2000",651,"SAP18"
"variance_top2000",652,"PCDHGA1"
"variance_top2000",653,"ATP5G3"
"variance_top2000",654,"APRT"
"variance_top2000",655,"C9orf3"
"variance_top2000",656,"FIS1"
"variance_top2000",657,"LUZP2"
"variance_top2000",658,"MRPS21"
"variance_top2000",659,"PRDX4"
"variance_top2000",660,"MACF1"
"variance_top2000",661,"ATXN1"
"variance_top2000",662,"PSMB1"
"variance_top2000",663,"PLEC"
"variance_top2000",664,"TNS1"
"variance_top2000",665,"VSTM4"
"variance_top2000",666,"LHFP"
"variance_top2000",667,"RBX1"
"variance_top2000",668,"PDIA3"
"variance_top2000",669,"CLIC1"
"variance_top2000",670,"MAML2"
"variance_top2000",671,"RWDD1"
"variance_top2000",672,"NDUFS6"
"variance_top2000",673,"KDELR1"
"variance_top2000",674,"SET"
"variance_top2000",675,"SASH1"
"variance_top2000",676,"NAA38"
"variance_top2000",677,"NOTCH3"
"variance_top2000",678,"EIF3L"
"variance_top2000",679,"PARD3"
"variance_top2000",680,"TMBIM6"
"variance_top2000",681,"HNRNPD"
"variance_top2000",682,"ARID1B"
"variance_top2000",683,"DAAM2"
"variance_top2000",684,"HNRNPM"
"variance_top2000",685,"SETBP1"
"variance_top2000",686,"CUTA"
"variance_top2000",687,"ASTN2"
"variance_top2000",688,"ERH"
"variance_top2000",689,"NAV1"
"variance_top2000",690,"TMEM176A"
"variance_top2000",691,"PDLIM2"
"variance_top2000",692,"ECM1"
"variance_top2000",693,"NDUFB1"
"variance_top2000",694,"ERGIC3"
"variance_top2000",695,"PET100"
"variance_top2000",696,"FKBP10"
"variance_top2000",697,"USMG5"
"variance_top2000",698,"NDUFB9"
"variance_top2000",699,"MYL12A"
"variance_top2000",700,"ZEB2"
"variance_top2000",701,"COLEC12"
"variance_top2000",702,"CXCL12"
"variance_top2000",703,"ATPIF1"
"variance_top2000",704,"HINT1"
"variance_top2000",705,"KANK2"
"variance_top2000",706,"APP"
"variance_top2000",707,"ID2"
"variance_top2000",708,"CTGF"
"variance_top2000",709,"BRK1"
"variance_top2000",710,"SNRPF"
"variance_top2000",711,"PCBP1"
"variance_top2000",712,"SLC25A3"
"variance_top2000",713,"ZNHIT1"
"variance_top2000",714,"TMEM59"
"variance_top2000",715,"MAP4"
"variance_top2000",716,"FAM127A"
"variance_top2000",717,"ANAPC11"
"variance_top2000",718,"EIF5B"
"variance_top2000",719,"AGAP1"
"variance_top2000",720,"LTBP3"
"variance_top2000",721,"EIF3H"
"variance_top2000",722,"NGFR"
"variance_top2000",723,"MYO1D"
"variance_top2000",724,"EEF1A1"
"variance_top2000",725,"RAB34"
"variance_top2000",726,"SOX18"
"variance_top2000",727,"NCOA1"
"variance_top2000",728,"SEPP1"
"variance_top2000",729,"LDB2"
"variance_top2000",730,"SOCS3"
"variance_top2000",731,"BCL2"
"variance_top2000",732,"TBCA"
"variance_top2000",733,"NGFRAP1"
"variance_top2000",734,"TPST1"
"variance_top2000",735,"CASC15"
"variance_top2000",736,"BMP7"
"variance_top2000",737,"TSC22D3"
"variance_top2000",738,"PRRC2C"
"variance_top2000",739,"EIF4A1"
"variance_top2000",740,"PDZD2"
"variance_top2000",741,"DYNLRB1"
"variance_top2000",742,"KAZN"
"variance_top2000",743,"ARPC3"
"variance_top2000",744,"MPHOSPH8"
"variance_top2000",745,"PARD3B"
"variance_top2000",746,"CAMK1D"
"variance_top2000",747,"LIMS1"
"variance_top2000",748,"LRRC15"
"variance_top2000",749,"SEC61A1"
"variance_top2000",750,"ANTXR1"
"variance_top2000",751,"KHDRBS1"
"variance_top2000",752,"ARF5"
"variance_top2000",753,"TMEM99"
"variance_top2000",754,"CLMP"
"variance_top2000",755,"TMED9"
"variance_top2000",756,"HM13"
"variance_top2000",757,"KCTD7"
"variance_top2000",758,"COL4A1"
"variance_top2000",759,"LINC-PINT"
"variance_top2000",760,"CNTN4"
"variance_top2000",761,"C9orf16"
"variance_top2000",762,"TMTC2"
"variance_top2000",763,"EDNRA"
"variance_top2000",764,"ATP1A1"
"variance_top2000",765,"MRFAP1"
"variance_top2000",766,"MKLN1"
"variance_top2000",767,"MAP1B"
"variance_top2000",768,"SLIT2"
"variance_top2000",769,"RNF24"
"variance_top2000",770,"HNRNPDL"
"variance_top2000",771,"SH3D19"
"variance_top2000",772,"PSME1"
"variance_top2000",773,"RTN4"
"variance_top2000",774,"MRPL51"
"variance_top2000",775,"LDHA"
"variance_top2000",776,"CYB5R3"
"variance_top2000",777,"MRPL41"
"variance_top2000",778,"PSMB3"
"variance_top2000",779,"BASP1"
"variance_top2000",780,"EVA1B"
"variance_top2000",781,"CALML5"
"variance_top2000",782,"CNBP"
"variance_top2000",783,"SNX9"
"variance_top2000",784,"CDKN1A"
"variance_top2000",785,"GNG5"
"variance_top2000",786,"TTC3"
"variance_top2000",787,"PRRX2"
"variance_top2000",788,"PTCH1"
"variance_top2000",789,"AP2M1"
"variance_top2000",790,"RTF1"
"variance_top2000",791,"BCL7C"
"variance_top2000",792,"ARF1"
"variance_top2000",793,"PRDX6"
"variance_top2000",794,"C4orf3"
"variance_top2000",795,"CLTB"
"variance_top2000",796,"LSM7"
"variance_top2000",797,"TACC1"
"variance_top2000",798,"MRPL20"
"variance_top2000",799,"FSCN1"
"variance_top2000",800,"ADAMTS2"
"variance_top2000",801,"EIF4B"
"variance_top2000",802,"TCF12"
"variance_top2000",803,"IGFBP2"
"variance_top2000",804,"KREMEN1"
"variance_top2000",805,"RBM6"
"variance_top2000",806,"C11orf96"
"variance_top2000",807,"ZNF652"
"variance_top2000",808,"CACNA1C"
"variance_top2000",809,"HNRNPC"
"variance_top2000",810,"SEC11A"
"variance_top2000",811,"CD44"
"variance_top2000",812,"EIF3G"
"variance_top2000",813,"CHD4"
"variance_top2000",814,"KRT2"
"variance_top2000",815,"ACTN1"
"variance_top2000",816,"PHLDA3"
"variance_top2000",817,"ROBO1"
"variance_top2000",818,"DNAJB1"
"variance_top2000",819,"NDUFC2"
"variance_top2000",820,"IFI6"
"variance_top2000",821,"SH3PXD2A"
"variance_top2000",822,"MYH9"
"variance_top2000",823,"C14orf2"
"variance_top2000",824,"JUP"
"variance_top2000",825,"RABGAP1L"
"variance_top2000",826,"TRIO"
"variance_top2000",827,"DAB2"
"variance_top2000",828,"NCOR2"
"variance_top2000",829,"DST"
"variance_top2000",830,"CHPF"
"variance_top2000",831,"PMP22"
"variance_top2000",832,"NUCB1"
"variance_top2000",833,"SPARCL1"
"variance_top2000",834,"CTSD"
"variance_top2000",835,"LGALS7B"
"variance_top2000",836,"RBM8A"
"variance_top2000",837,"ALKBH7"
"variance_top2000",838,"CSNK1E"
"variance_top2000",839,"ANXA11"
"variance_top2000",840,"C19orf70"
"variance_top2000",841,"OLFML2B"
"variance_top2000",842,"HOOK3"
"variance_top2000",843,"HTRA3"
"variance_top2000",844,"DRAP1"
"variance_top2000",845,"SFRP1"
"variance_top2000",846,"TPM1"
"variance_top2000",847,"C1orf122"
"variance_top2000",848,"DDX17"
"variance_top2000",849,"SF3B5"
"variance_top2000",850,"PRICKLE4"
"variance_top2000",851,"CSDE1"
"variance_top2000",852,"GLI3"
"variance_top2000",853,"BOC"
"variance_top2000",854,"BMPR2"
"variance_top2000",855,"FXYD5"
"variance_top2000",856,"PRRC2B"
"variance_top2000",857,"ATP5B"
"variance_top2000",858,"ATF4"
"variance_top2000",859,"XIST"
"variance_top2000",860,"HNRNPUL1"
"variance_top2000",861,"STMN2"
"variance_top2000",862,"ABI3BP"
"variance_top2000",863,"ARPC1B"
"variance_top2000",864,"EGFR"
"variance_top2000",865,"FNBP1"
"variance_top2000",866,"PPP1R15A"
"variance_top2000",867,"HIST1H2BD"
"variance_top2000",868,"GNAQ"
"variance_top2000",869,"LAMB2"
"variance_top2000",870,"MYDGF"
"variance_top2000",871,"NDUFB8"
"variance_top2000",872,"UXT"
"variance_top2000",873,"ELF2"
"variance_top2000",874,"C1QTNF5"
"variance_top2000",875,"SF3B2"
"variance_top2000",876,"EIF2S2"
"variance_top2000",877,"TRIM56"
"variance_top2000",878,"ARL15"
"variance_top2000",879,"EIF4G2"
"variance_top2000",880,"SEMA5A"
"variance_top2000",881,"VAMP5"
"variance_top2000",882,"DPYSL3"
"variance_top2000",883,"CBLB"
"variance_top2000",884,"PPP3CA"
"variance_top2000",885,"SEC31A"
"variance_top2000",886,"LEPROT"
"variance_top2000",887,"ARHGDIA"
"variance_top2000",888,"CSNK2B"
"variance_top2000",889,"RBMS1"
"variance_top2000",890,"GLUL"
"variance_top2000",891,"JTB"
"variance_top2000",892,"NME4"
"variance_top2000",893,"INHBB"
"variance_top2000",894,"SNRPD3"
"variance_top2000",895,"EPB42"
"variance_top2000",896,"SSBP3"
"variance_top2000",897,"SYNE1"
"variance_top2000",898,"DKK3"
"variance_top2000",899,"CRIP2"
"variance_top2000",900,"PIN4"
"variance_top2000",901,"PIK3R1"
"variance_top2000",902,"SIK3"
"variance_top2000",903,"DDIT4"
"variance_top2000",904,"YWHAZ"
"variance_top2000",905,"MCC"
"variance_top2000",906,"PRKD1"
"variance_top2000",907,"ASH1L"
"variance_top2000",908,"RASD1"
"variance_top2000",909,"SPIDR"
"variance_top2000",910,"NFATC4"
"variance_top2000",911,"ATP6V1F"
"variance_top2000",912,"OS9"
"variance_top2000",913,"CALM3"
"variance_top2000",914,"MUSTN1"
"variance_top2000",915,"NAALADL2"
"variance_top2000",916,"TUBA1C"
"variance_top2000",917,"VCP"
"variance_top2000",918,"MXD4"
"variance_top2000",919,"XYLT1"
"variance_top2000",920,"CTD-3214H19.16"
"variance_top2000",921,"FAM101B"
"variance_top2000",922,"DDX5"
"variance_top2000",923,"H1F0"
"variance_top2000",924,"DDAH2"
"variance_top2000",925,"RNF115"
"variance_top2000",926,"CCDC85B"
"variance_top2000",927,"PAM"
"variance_top2000",928,"RNH1"
"variance_top2000",929,"MAGED2"
"variance_top2000",930,"ANAPC16"
"variance_top2000",931,"VPS28"
"variance_top2000",932,"BCAP31"
"variance_top2000",933,"TCEAL4"
"variance_top2000",934,"PRDX2"
"variance_top2000",935,"IGF1R"
"variance_top2000",936,"OLFM2"
"variance_top2000",937,"SNU13"
"variance_top2000",938,"LAMA4"
"variance_top2000",939,"DDR2"
"variance_top2000",940,"EIF5A"
"variance_top2000",941,"SF3B6"
"variance_top2000",942,"NTRK2"
"variance_top2000",943,"SNRPB"
"variance_top2000",944,"SETD5"
"variance_top2000",945,"C17orf89"
"variance_top2000",946,"CTNNA1"
"variance_top2000",947,"GPR78"
"variance_top2000",948,"SNRNP70"
"variance_top2000",949,"COX7B"
"variance_top2000",950,"DPYSL2"
"variance_top2000",951,"PRELP"
"variance_top2000",952,"UBE2E2"
"variance_top2000",953,"LTBP1"
"variance_top2000",954,"ECE1"
"variance_top2000",955,"KIAA1217"
"variance_top2000",956,"MYO1C"
"variance_top2000",957,"TMEM219"
"variance_top2000",958,"PTK7"
"variance_top2000",959,"CUX1"
"variance_top2000",960,"ARL6IP5"
"variance_top2000",961,"PDCD5"
"variance_top2000",962,"CYP20A1"
"variance_top2000",963,"GOLGA2"
"variance_top2000",964,"CDKN1C"
"variance_top2000",965,"MARVELD1"
"variance_top2000",966,"TNRC6A"
"variance_top2000",967,"AURKAIP1"
"variance_top2000",968,"P3H3"
"variance_top2000",969,"TYMP"
"variance_top2000",970,"PLP2"
"variance_top2000",971,"GTF2I"
"variance_top2000",972,"DEK"
"variance_top2000",973,"HIGD2A"
"variance_top2000",974,"NDUFA6"
"variance_top2000",975,"SDF4"
"variance_top2000",976,"SNRPE"
"variance_top2000",977,"TGFBI"
"variance_top2000",978,"RPN1"
"variance_top2000",979,"SNX29"
"variance_top2000",980,"KPNB1"
"variance_top2000",981,"PTPRA"
"variance_top2000",982,"S100A7"
"variance_top2000",983,"SOD2"
"variance_top2000",984,"DCD"
"variance_top2000",985,"INAFM1"
"variance_top2000",986,"GRIK1"
"variance_top2000",987,"KTN1"
"variance_top2000",988,"SORBS3"
"variance_top2000",989,"NDUFC1"
"variance_top2000",990,"FOSL2"
"variance_top2000",991,"A1BG"
"variance_top2000",992,"KIF13A"
"variance_top2000",993,"COL11A1"
"variance_top2000",994,"SNX6"
"variance_top2000",995,"NSA2"
"variance_top2000",996,"SMG6"
"variance_top2000",997,"FXYD3"
"variance_top2000",998,"HSPE1"
"variance_top2000",999,"ENSA"
"variance_top2000",1000,"ITPRIPL2"
"variance_top2000",1001,"LSAMP"
"variance_top2000",1002,"GPNMB"
"variance_top2000",1003,"PUM1"
"variance_top2000",1004,"PSMB7"
"variance_top2000",1005,"SMYD3"
"variance_top2000",1006,"NUDT3"
"variance_top2000",1007,"BCL2L2-PABPN1"
"variance_top2000",1008,"PGM2L1"
"variance_top2000",1009,"C11orf31"
"variance_top2000",1010,"ARL4C"
"variance_top2000",1011,"AQP3"
"variance_top2000",1012,"VEGFB"
"variance_top2000",1013,"SMOC2"
"variance_top2000",1014,"CCDC3"
"variance_top2000",1015,"ARMC9"
"variance_top2000",1016,"PPIG"
"variance_top2000",1017,"ATRAID"
"variance_top2000",1018,"AP2S1"
"variance_top2000",1019,"PRICKLE1"
"variance_top2000",1020,"PTPRK"
"variance_top2000",1021,"ANKRD11"
"variance_top2000",1022,"NFIB"
"variance_top2000",1023,"SERINC3"
"variance_top2000",1024,"SURF4"
"variance_top2000",1025,"USP34"
"variance_top2000",1026,"ZDHHC14"
"variance_top2000",1027,"HSBP1"
"variance_top2000",1028,"TLN1"
"variance_top2000",1029,"TWIST2"
"variance_top2000",1030,"ARHGAP10"
"variance_top2000",1031,"CALU"
"variance_top2000",1032,"TNRC18"
"variance_top2000",1033,"RALY"
"variance_top2000",1034,"WWTR1"
"variance_top2000",1035,"SPTAN1"
"variance_top2000",1036,"SEPT9"
"variance_top2000",1037,"LGR4"
"variance_top2000",1038,"ITGA8"
"variance_top2000",1039,"SBSN"
"variance_top2000",1040,"WSB1"
"variance_top2000",1041,"MYADM"
"variance_top2000",1042,"SDC1"
"variance_top2000",1043,"DPM3"
"variance_top2000",1044,"CYB5A"
"variance_top2000",1045,"TENM3"
"variance_top2000",1046,"ERP29"
"variance_top2000",1047,"SLC39A7"
"variance_top2000",1048,"MAGED1"
"variance_top2000",1049,"EFEMP1"
"variance_top2000",1050,"ZCCHC24"
"variance_top2000",1051,"FYN"
"variance_top2000",1052,"MEG3"
"variance_top2000",1053,"LAMTOR1"
"variance_top2000",1054,"SPCS2"
"variance_top2000",1055,"NRP1"
"variance_top2000",1056,"FTO"
"variance_top2000",1057,"ACTA2"
"variance_top2000",1058,"SPCS1"
"variance_top2000",1059,"EPB41L2"
"variance_top2000",1060,"MYO9A"
"variance_top2000",1061,"SDC2"
"variance_top2000",1062,"ZNF395"
"variance_top2000",1063,"RCN1"
"variance_top2000",1064,"BLOC1S1"
"variance_top2000",1065,"GJA1"
"variance_top2000",1066,"EMID1"
"variance_top2000",1067,"ETFB"
"variance_top2000",1068,"GADD45GIP1"
"variance_top2000",1069,"PSMB6"
"variance_top2000",1070,"PSMB4"
"variance_top2000",1071,"UBE2K"
"variance_top2000",1072,"H2AFJ"
"variance_top2000",1073,"HNRNPU"
"variance_top2000",1074,"TIMM13"
"variance_top2000",1075,"BRD4"
"variance_top2000",1076,"RALBP1"
"variance_top2000",1077,"SCAND1"
"variance_top2000",1078,"FKBP8"
"variance_top2000",1079,"TNFRSF1A"
"variance_top2000",1080,"SVIL"
"variance_top2000",1081,"ATP5G1"
"variance_top2000",1082,"AKT3"
"variance_top2000",1083,"YPEL3"
"variance_top2000",1084,"TMEM119"
"variance_top2000",1085,"CAST"
"variance_top2000",1086,"MSN"
"variance_top2000",1087,"SERP1"
"variance_top2000",1088,"FMOD"
"variance_top2000",1089,"PCNXL2"
"variance_top2000",1090,"BRE"
"variance_top2000",1091,"OGN"
"variance_top2000",1092,"CAV1"
"variance_top2000",1093,"TAX1BP3"
"variance_top2000",1094,"UTRN"
"variance_top2000",1095,"SULF2"
"variance_top2000",1096,"HNRNPAB"
"variance_top2000",1097,"DUT"
"variance_top2000",1098,"EDIL3"
"variance_top2000",1099,"PBX1"
"variance_top2000",1100,"SRSF3"
"variance_top2000",1101,"S100A16"
"variance_top2000",1102,"CANX"
"variance_top2000",1103,"METRNL"
"variance_top2000",1104,"PLTP"
"variance_top2000",1105,"TOMM20"
"variance_top2000",1106,"PSMB5"
"variance_top2000",1107,"TBCB"
"variance_top2000",1108,"NME3"
"variance_top2000",1109,"UBE2D3"
"variance_top2000",1110,"DDT"
"variance_top2000",1111,"TMEM14B"
"variance_top2000",1112,"MFAP2"
"variance_top2000",1113,"ASAP1"
"variance_top2000",1114,"RASAL2"
"variance_top2000",1115,"BCAS3"
"variance_top2000",1116,"GLI2"
"variance_top2000",1117,"UNC5B"
"variance_top2000",1118,"CHD9"
"variance_top2000",1119,"PURA"
"variance_top2000",1120,"AMOTL1"
"variance_top2000",1121,"UBXN1"
"variance_top2000",1122,"IFI16"
"variance_top2000",1123,"PDE4D"
"variance_top2000",1124,"TFDP2"
"variance_top2000",1125,"PTCH2"
"variance_top2000",1126,"CASK"
"variance_top2000",1127,"SLIRP"
"variance_top2000",1128,"CHMP2A"
"variance_top2000",1129,"PPP2R1A"
"variance_top2000",1130,"DLG2"
"variance_top2000",1131,"TMEM256"
"variance_top2000",1132,"KAT6B"
"variance_top2000",1133,"KMT2E"
"variance_top2000",1134,"SBF2"
"variance_top2000",1135,"C11orf58"
"variance_top2000",1136,"CHCHD10"
"variance_top2000",1137,"DYNC1H1"
"variance_top2000",1138,"SRSF11"
"variance_top2000",1139,"RAB2A"
"variance_top2000",1140,"DCXR"
"variance_top2000",1141,"TMED10"
"variance_top2000",1142,"HES1"
"variance_top2000",1143,"PLIN3"
"variance_top2000",1144,"H6PD"
"variance_top2000",1145,"HNRNPL"
"variance_top2000",1146,"ENAH"
"variance_top2000",1147,"MT-ND5"
"variance_top2000",1148,"RNF181"
"variance_top2000",1149,"PSMD8"
"variance_top2000",1150,"CRISPLD2"
"variance_top2000",1151,"ATP5A1"
"variance_top2000",1152,"ZNF609"
"variance_top2000",1153,"SGCD"
"variance_top2000",1154,"NDUFB6"
"variance_top2000",1155,"SF1"
"variance_top2000",1156,"FAM46A"
"variance_top2000",1157,"NDUFA3"
"variance_top2000",1158,"IMPDH2"
"variance_top2000",1159,"ERC1"
"variance_top2000",1160,"NR3C1"
"variance_top2000",1161,"SDK1"
"variance_top2000",1162,"KMT2A"
"variance_top2000",1163,"OSTC"
"variance_top2000",1164,"BRD2"
"variance_top2000",1165,"CEBPA"
"variance_top2000",1166,"PFDN2"
"variance_top2000",1167,"TSPAN4"
"variance_top2000",1168,"CRABP1"
"variance_top2000",1169,"YY1"
"variance_top2000",1170,"RAB7A"
"variance_top2000",1171,"CHMP3"
"variance_top2000",1172,"AAK1"
"variance_top2000",1173,"BAIAP2"
"variance_top2000",1174,"ZKSCAN1"
"variance_top2000",1175,"COPE"
"variance_top2000",1176,"AHNAK2"
"variance_top2000",1177,"CTBP2"
"variance_top2000",1178,"CACHD1"
"variance_top2000",1179,"SSBP2"
"variance_top2000",1180,"SRPK2"
"variance_top2000",1181,"DYNLL2"
"variance_top2000",1182,"SEPT2"
"variance_top2000",1183,"SIVA1"
"variance_top2000",1184,"NDUFA2"
"variance_top2000",1185,"NREP"
"variance_top2000",1186,"ETV6"
"variance_top2000",1187,"C19orf60"
"variance_top2000",1188,"KLF2"
"variance_top2000",1189,"EIF4G1"
"variance_top2000",1190,"POLR2I"
"variance_top2000",1191,"ARF4"
"variance_top2000",1192,"SUB1"
"variance_top2000",1193,"CAMLG"
"variance_top2000",1194,"TMED3"
"variance_top2000",1195,"REV3L"
"variance_top2000",1196,"KMT2C"
"variance_top2000",1197,"TXNL4A"
"variance_top2000",1198,"CELF1"
"variance_top2000",1199,"FERMT2"
"variance_top2000",1200,"YWHAE"
"variance_top2000",1201,"PXDN"
"variance_top2000",1202,"KLF5"
"variance_top2000",1203,"EPHX1"
"variance_top2000",1204,"ANKRD12"
"variance_top2000",1205,"RPL7L1"
"variance_top2000",1206,"SEPT7"
"variance_top2000",1207,"AC018890.6"
"variance_top2000",1208,"SMDT1"
"variance_top2000",1209,"TAOK3"
"variance_top2000",1210,"TIMM8B"
"variance_top2000",1211,"ENY2"
"variance_top2000",1212,"HAS2"
"variance_top2000",1213,"NUMA1"
"variance_top2000",1214,"ARIH1"
"variance_top2000",1215,"XRCC6"
"variance_top2000",1216,"UBE2L3"
"variance_top2000",1217,"NDUFS4"
"variance_top2000",1218,"SLC2A3"
"variance_top2000",1219,"VMP1"
"variance_top2000",1220,"UBE2B"
"variance_top2000",1221,"RAN"
"variance_top2000",1222,"POLR2F"
"variance_top2000",1223,"FKBP1A"
"variance_top2000",1224,"UBTF"
"variance_top2000",1225,"XRCC5"
"variance_top2000",1226,"RSBN1L"
"variance_top2000",1227,"ANXA6"
"variance_top2000",1228,"CHST11"
"variance_top2000",1229,"SSR3"
"variance_top2000",1230,"VPS13B"
"variance_top2000",1231,"POLR2A"
"variance_top2000",1232,"PTK2"
"variance_top2000",1233,"LAMC1"
"variance_top2000",1234,"LINC00493"
"variance_top2000",1235,"PLOD1"
"variance_top2000",1236,"TRIM28"
"variance_top2000",1237,"PRKCSH"
"variance_top2000",1238,"PA2G4"
"variance_top2000",1239,"SND1"
"variance_top2000",1240,"MLXIP"
"variance_top2000",1241,"SSC5D"
"variance_top2000",1242,"UBE2I"
"variance_top2000",1243,"ADGRA2"
"variance_top2000",1244,"CAMK2D"
"variance_top2000",1245,"LOXL2"
"variance_top2000",1246,"NHP2"
"variance_top2000",1247,"BMP1"
"variance_top2000",1248,"DCTN3"
"variance_top2000",1249,"MZT2A"
"variance_top2000",1250,"NFIA"
"variance_top2000",1251,"YWHAQ"
"variance_top2000",1252,"IRF2BP2"
"variance_top2000",1253,"CTNNB1"
"variance_top2000",1254,"PHB2"
"variance_top2000",1255,"DDX39B"
"variance_top2000",1256,"MYH10"
"variance_top2000",1257,"ADK"
"variance_top2000",1258,"FKBP9"
"variance_top2000",1259,"PTGES3"
"variance_top2000",1260,"S100A9"
"variance_top2000",1261,"IQGAP1"
"variance_top2000",1262,"MAGI2"
"variance_top2000",1263,"HNRNPR"
"variance_top2000",1264,"FARP1"
"variance_top2000",1265,"VCL"
"variance_top2000",1266,"NCOR1"
"variance_top2000",1267,"TAF15"
"variance_top2000",1268,"SRPX"
"variance_top2000",1269,"HSPA5"
"variance_top2000",1270,"MFGE8"
"variance_top2000",1271,"WAC"
"variance_top2000",1272,"MDH2"
"variance_top2000",1273,"WBP5"
"variance_top2000",1274,"AFF4"
"variance_top2000",1275,"PTPRS"
"variance_top2000",1276,"ATP2B4"
"variance_top2000",1277,"ST5"
"variance_top2000",1278,"CTDNEP1"
"variance_top2000",1279,"ABL1"
"variance_top2000",1280,"CHD3"
"variance_top2000",1281,"QKI"
"variance_top2000",1282,"RNF216"
"variance_top2000",1283,"TOM1L2"
"variance_top2000",1284,"PSD3"
"variance_top2000",1285,"CLSTN1"
"variance_top2000",1286,"CREBBP"
"variance_top2000",1287,"COX5A"
"variance_top2000",1288,"PSMC5"
"variance_top2000",1289,"AHR"
"variance_top2000",1290,"SH3BP5"
"variance_top2000",1291,"SCAF11"
"variance_top2000",1292,"KLC1"
"variance_top2000",1293,"CCL27"
"variance_top2000",1294,"SNRPN"
"variance_top2000",1295,"SERINC1"
"variance_top2000",1296,"TGOLN2"
"variance_top2000",1297,"SAT1"
"variance_top2000",1298,"MARK3"
"variance_top2000",1299,"RER1"
"variance_top2000",1300,"FAAP20"
"variance_top2000",1301,"CBX6"
"variance_top2000",1302,"HIST2H2BE"
"variance_top2000",1303,"EPB41L4A-AS1"
"variance_top2000",1304,"ATG7"
"variance_top2000",1305,"RNASEH2C"
"variance_top2000",1306,"GPC6"
"variance_top2000",1307,"SEC13"
"variance_top2000",1308,"SNX3"
"variance_top2000",1309,"TMBIM4"
"variance_top2000",1310,"RTEL1-TNFRSF6B"
"variance_top2000",1311,"CDC37"
"variance_top2000",1312,"TERF2IP"
"variance_top2000",1313,"DOCK1"
"variance_top2000",1314,"SRSF9"
"variance_top2000",1315,"PRLR"
"variance_top2000",1316,"CTDSP1"
"variance_top2000",1317,"DIP2C"
"variance_top2000",1318,"N4BP2L2"
"variance_top2000",1319,"LITAF"
"variance_top2000",1320,"EIF4G3"
"variance_top2000",1321,"MYO1E"
"variance_top2000",1322,"EHD2"
"variance_top2000",1323,"NOP10"
"variance_top2000",1324,"KDM2A"
"variance_top2000",1325,"NF1"
"variance_top2000",1326,"PRELID1"
"variance_top2000",1327,"SLC2A4RG"
"variance_top2000",1328,"AQP1"
"variance_top2000",1329,"RAB1A"
"variance_top2000",1330,"AKAP12"
"variance_top2000",1331,"CSNK1A1"
"variance_top2000",1332,"POMP"
"variance_top2000",1333,"LDHB"
"variance_top2000",1334,"PRKCE"
"variance_top2000",1335,"BIRC6"
"variance_top2000",1336,"ERCC1"
"variance_top2000",1337,"PLEKHA5"
"variance_top2000",1338,"EIF4A2"
"variance_top2000",1339,"COPA"
"variance_top2000",1340,"CYGB"
"variance_top2000",1341,"NTRK3"
"variance_top2000",1342,"WDR82"
"variance_top2000",1343,"KLF4"
"variance_top2000",1344,"ABI2"
"variance_top2000",1345,"MGAT1"
"variance_top2000",1346,"COL27A1"
"variance_top2000",1347,"UBE2R2"
"variance_top2000",1348,"C14orf166"
"variance_top2000",1349,"P3H4"
"variance_top2000",1350,"COX7A2L"
"variance_top2000",1351,"PDGFRL"
"variance_top2000",1352,"SRSF4"
"variance_top2000",1353,"PI16"
"variance_top2000",1354,"STK24"
"variance_top2000",1355,"ZBTB7A"
"variance_top2000",1356,"LINC00969"
"variance_top2000",1357,"TCF7L1"
"variance_top2000",1358,"RBM14-RBM4"
"variance_top2000",1359,"MAZ"
"variance_top2000",1360,"H2AFY"
"variance_top2000",1361,"EIF3A"
"variance_top2000",1362,"HNRNPA0"
"variance_top2000",1363,"SNRPG"
"variance_top2000",1364,"H2AFZ"
"variance_top2000",1365,"FOXO1"
"variance_top2000",1366,"TPBG"
"variance_top2000",1367,"GNA11"
"variance_top2000",1368,"NDUFS3"
"variance_top2000",1369,"ANK2"
"variance_top2000",1370,"TPCN1"
"variance_top2000",1371,"PAFAH1B1"
"variance_top2000",1372,"HMCN1"
"variance_top2000",1373,"EFNB1"
"variance_top2000",1374,"EXOC4"
"variance_top2000",1375,"TNPO1"
"variance_top2000",1376,"ZNF703"
"variance_top2000",1377,"CELF2"
"variance_top2000",1378,"LIMA1"
"variance_top2000",1379,"IER5"
"variance_top2000",1380,"TRIOBP"
"variance_top2000",1381,"RAB14"
"variance_top2000",1382,"MXRA7"
"variance_top2000",1383,"CCNY"
"variance_top2000",1384,"TBL1XR1"
"variance_top2000",1385,"TUBB6"
"variance_top2000",1386,"GPATCH8"
"variance_top2000",1387,"SYF2"
"variance_top2000",1388,"ADAMTS9-AS2"
"variance_top2000",1389,"GPI"
"variance_top2000",1390,"PEAK1"
"variance_top2000",1391,"FRMD6"
"variance_top2000",1392,"NUAK1"
"variance_top2000",1393,"YIF1A"
"variance_top2000",1394,"DNAJA1"
"variance_top2000",1395,"TENM4"
"variance_top2000",1396,"SRSF7"
"variance_top2000",1397,"FST"
"variance_top2000",1398,"PHLDA1"
"variance_top2000",1399,"SRRM1"
"variance_top2000",1400,"MMP24-AS1"
"variance_top2000",1401,"MRPL33"
"variance_top2000",1402,"GAB2"
"variance_top2000",1403,"AXL"
"variance_top2000",1404,"SREK1IP1"
"variance_top2000",1405,"MIF"
"variance_top2000",1406,"CD151"
"variance_top2000",1407,"ZFPM2"
"variance_top2000",1408,"S100A14"
"variance_top2000",1409,"ARL2"
"variance_top2000",1410,"SSBP4"
"variance_top2000",1411,"MCL1"
"variance_top2000",1412,"P3H1"
"variance_top2000",1413,"BPTF"
"variance_top2000",1414,"TOMM5"
"variance_top2000",1415,"RP11-282O18.3"
"variance_top2000",1416,"LSM3"
"variance_top2000",1417,"ASPH"
"variance_top2000",1418,"FLRT2"
"variance_top2000",1419,"WIPF1"
"variance_top2000",1420,"ZEB1"
"variance_top2000",1421,"ZMIZ1"
"variance_top2000",1422,"LYPD3"
"variance_top2000",1423,"ADD1"
"variance_top2000",1424,"EIF6"
"variance_top2000",1425,"ADD3"
"variance_top2000",1426,"ANXA4"
"variance_top2000",1427,"RHOBTB3"
"variance_top2000",1428,"ZYX"
"variance_top2000",1429,"C1QTNF6"
"variance_top2000",1430,"POLR2E"
"variance_top2000",1431,"FOXP2"
"variance_top2000",1432,"PHACTR4"
"variance_top2000",1433,"RXRA"
"variance_top2000",1434,"PREX2"
"variance_top2000",1435,"PRDM1"
"variance_top2000",1436,"ERGIC1"
"variance_top2000",1437,"C4orf48"
"variance_top2000",1438,"NR4A1"
"variance_top2000",1439,"ROR1"
"variance_top2000",1440,"RPS19BP1"
"variance_top2000",1441,"TCEAL3"
"variance_top2000",1442,"RPN2"
"variance_top2000",1443,"SSBP1"
"variance_top2000",1444,"PDGFRA"
"variance_top2000",1445,"MIDN"
"variance_top2000",1446,"TMEM248"
"variance_top2000",1447,"CYP7B1"
"variance_top2000",1448,"AKAP9"
"variance_top2000",1449,"CNN3"
"variance_top2000",1450,"RBPJ"
"variance_top2000",1451,"PRPF8"
"variance_top2000",1452,"GSTO1"
"variance_top2000",1453,"PDIA6"
"variance_top2000",1454,"WNK1"
"variance_top2000",1455,"INSR"
"variance_top2000",1456,"TGFB1"
"variance_top2000",1457,"PKD1"
"variance_top2000",1458,"SLC44A1"
"variance_top2000",1459,"IMMP2L"
"variance_top2000",1460,"S100A2"
"variance_top2000",1461,"ADCY9"
"variance_top2000",1462,"PTEN"
"variance_top2000",1463,"CYC1"
"variance_top2000",1464,"C16orf13"
"variance_top2000",1465,"TAF10"
"variance_top2000",1466,"WLS"
"variance_top2000",1467,"ATP1B3"
"variance_top2000",1468,"CNN2"
"variance_top2000",1469,"REEP5"
"variance_top2000",1470,"C7orf50"
"variance_top2000",1471,"PHC2"
"variance_top2000",1472,"YIPF4"
"variance_top2000",1473,"P4HA2"
"variance_top2000",1474,"NDUFS8"
"variance_top2000",1475,"EWSR1"
"variance_top2000",1476,"DNAJC1"
"variance_top2000",1477,"TMEM50A"
"variance_top2000",1478,"NOVA1"
"variance_top2000",1479,"STOM"
"variance_top2000",1480,"PER1"
"variance_top2000",1481,"ISOC2"
"variance_top2000",1482,"DNM1"
"variance_top2000",1483,"SLC25A5"
"variance_top2000",1484,"MLF2"
"variance_top2000",1485,"GINM1"
"variance_top2000",1486,"UBE2H"
"variance_top2000",1487,"WNT5A"
"variance_top2000",1488,"LARGE"
"variance_top2000",1489,"RSU1"
"variance_top2000",1490,"ST3GAL4"
"variance_top2000",1491,"GAS1"
"variance_top2000",1492,"SRM"
"variance_top2000",1493,"NUDC"
"variance_top2000",1494,"LMAN2"
"variance_top2000",1495,"GOLGA4"
"variance_top2000",1496,"LARP1"
"variance_top2000",1497,"CBFA2T2"
"variance_top2000",1498,"CYBRD1"
"variance_top2000",1499,"TMEM45A"
"variance_top2000",1500,"NDUFA12"
"variance_top2000",1501,"CREB3L2"
"variance_top2000",1502,"PSME2"
"variance_top2000",1503,"LRP10"
"variance_top2000",1504,"DDX46"
"variance_top2000",1505,"GPS2"
"variance_top2000",1506,"POLR1D"
"variance_top2000",1507,"DYNC1LI2"
"variance_top2000",1508,"ARID4B"
"variance_top2000",1509,"MPRIP"
"variance_top2000",1510,"LDLRAD4"
"variance_top2000",1511,"DAZAP2"
"variance_top2000",1512,"AUP1"
"variance_top2000",1513,"EIF5"
"variance_top2000",1514,"DDX18"
"variance_top2000",1515,"PTTG1IP"
"variance_top2000",1516,"PTPN14"
"variance_top2000",1517,"GARS"
"variance_top2000",1518,"NFAT5"
"variance_top2000",1519,"LAMA3"
"variance_top2000",1520,"PCDH7"
"variance_top2000",1521,"HADHA"
"variance_top2000",1522,"STUB1"
"variance_top2000",1523,"ITGBL1"
"variance_top2000",1524,"SLC38A2"
"variance_top2000",1525,"NDUFV2"
"variance_top2000",1526,"SLC44A2"
"variance_top2000",1527,"PCM1"
"variance_top2000",1528,"RARG"
"variance_top2000",1529,"CIR1"
"variance_top2000",1530,"EI24"
"variance_top2000",1531,"EIF4H"
"variance_top2000",1532,"MVP"
"variance_top2000",1533,"GOLM1"
"variance_top2000",1534,"ARPC4"
"variance_top2000",1535,"UBE2V1"
"variance_top2000",1536,"RAB10"
"variance_top2000",1537,"TUBB2A"
"variance_top2000",1538,"UBE2D2"
"variance_top2000",1539,"RP11-437B10.1"
"variance_top2000",1540,"CLEC2B"
"variance_top2000",1541,"CCL2"
"variance_top2000",1542,"BBX"
"variance_top2000",1543,"NDUFV1"
"variance_top2000",1544,"TMEM14C"
"variance_top2000",1545,"ESYT2"
"variance_top2000",1546,"ZNF706"
"variance_top2000",1547,"ATN1"
"variance_top2000",1548,"PTPRM"
"variance_top2000",1549,"EVL"
"variance_top2000",1550,"CADM1"
"variance_top2000",1551,"SNHG7"
"variance_top2000",1552,"DNAJC15"
"variance_top2000",1553,"ARL3"
"variance_top2000",1554,"STK3"
"variance_top2000",1555,"ZCCHC7"
"variance_top2000",1556,"STX8"
"variance_top2000",1557,"MRPS24"
"variance_top2000",1558,"MRPL52"
"variance_top2000",1559,"ENPP2"
"variance_top2000",1560,"PIGT"
"variance_top2000",1561,"ABCA8"
"variance_top2000",1562,"CYR61"
"variance_top2000",1563,"THBS3"
"variance_top2000",1564,"HP1BP3"
"variance_top2000",1565,"CTDSP2"
"variance_top2000",1566,"NOL7"
"variance_top2000",1567,"PARVA"
"variance_top2000",1568,"RSL1D1"
"variance_top2000",1569,"ANKRD17"
"variance_top2000",1570,"KPNA6"
"variance_top2000",1571,"PDLIM1"
"variance_top2000",1572,"MAP1A"
"variance_top2000",1573,"NLRP1"
"variance_top2000",1574,"SSU72"
"variance_top2000",1575,"ITM2C"
"variance_top2000",1576,"TMEM179B"
"variance_top2000",1577,"COMMD1"
"variance_top2000",1578,"RNASEK-C17orf49"
"variance_top2000",1579,"PDLIM7"
"variance_top2000",1580,"CHURC1"
"variance_top2000",1581,"SEC63"
"variance_top2000",1582,"PFKL"
"variance_top2000",1583,"ATP6V0B"
"variance_top2000",1584,"EIF3D"
"variance_top2000",1585,"UFC1"
"variance_top2000",1586,"TALDO1"
"variance_top2000",1587,"LRRFIP1"
"variance_top2000",1588,"TXNDC17"
"variance_top2000",1589,"AK1"
"variance_top2000",1590,"SVEP1"
"variance_top2000",1591,"MEGF6"
"variance_top2000",1592,"SERTAD1"
"variance_top2000",1593,"TAX1BP1"
"variance_top2000",1594,"UROD"
"variance_top2000",1595,"PDE3A"
"variance_top2000",1596,"SSH2"
"variance_top2000",1597,"CAMK2N1"
"variance_top2000",1598,"DHRS3"
"variance_top2000",1599,"UST"
"variance_top2000",1600,"FBLN5"
"variance_top2000",1601,"MTCH1"
"variance_top2000",1602,"NDUFAB1"
"variance_top2000",1603,"KDM4B"
"variance_top2000",1604,"ARID1A"
"variance_top2000",1605,"CENPB"
"variance_top2000",1606,"STAG2"
"variance_top2000",1607,"GATAD2B"
"variance_top2000",1608,"TOP1"
"variance_top2000",1609,"PCSK1N"
"variance_top2000",1610,"KANSL1"
"variance_top2000",1611,"IDS"
"variance_top2000",1612,"CTSA"
"variance_top2000",1613,"PLAGL1"
"variance_top2000",1614,"KHDRBS3"
"variance_top2000",1615,"MRPL57"
"variance_top2000",1616,"PLXND1"
"variance_top2000",1617,"FAF1"
"variance_top2000",1618,"ZBTB38"
"variance_top2000",1619,"ZFAND5"
"variance_top2000",1620,"PRPF6"
"variance_top2000",1621,"NUCB2"
"variance_top2000",1622,"RABL6"
"variance_top2000",1623,"RRAS"
"variance_top2000",1624,"ZHX2"
"variance_top2000",1625,"KLF9"
"variance_top2000",1626,"FAM114A1"
"variance_top2000",1627,"PNKD"
"variance_top2000",1628,"GEM"
"variance_top2000",1629,"PDIA4"
"variance_top2000",1630,"CIC"
"variance_top2000",1631,"ATP6AP1"
"variance_top2000",1632,"NONO"
"variance_top2000",1633,"PKP4"
"variance_top2000",1634,"BNIP3L"
"variance_top2000",1635,"RNF7"
"variance_top2000",1636,"NAPA"
"variance_top2000",1637,"IGF2R"
"variance_top2000",1638,"PTP4A2"
"variance_top2000",1639,"TBC1D5"
"variance_top2000",1640,"LRPAP1"
"variance_top2000",1641,"MMP14"
"variance_top2000",1642,"FAM168A"
"variance_top2000",1643,"CDK4"
"variance_top2000",1644,"DEGS1"
"variance_top2000",1645,"PGLS"
"variance_top2000",1646,"C7orf73"
"variance_top2000",1647,"CACNA2D1"
"variance_top2000",1648,"SENP6"
"variance_top2000",1649,"PRMT1"
"variance_top2000",1650,"SNAI2"
"variance_top2000",1651,"EIF3B"
"variance_top2000",1652,"SRSF5"
"variance_top2000",1653,"HOOK2"
"variance_top2000",1654,"SPPL3"
"variance_top2000",1655,"PDS5B"
"variance_top2000",1656,"EIF3I"
"variance_top2000",1657,"FAM195B"
"variance_top2000",1658,"ESD"
"variance_top2000",1659,"TMEM259"
"variance_top2000",1660,"JAK1"
"variance_top2000",1661,"R3HDM2"
"variance_top2000",1662,"COPS6"
"variance_top2000",1663,"DYNC1I2"
"variance_top2000",1664,"IP6K2"
"variance_top2000",1665,"BAD"
"variance_top2000",1666,"CNPY2"
"variance_top2000",1667,"SH3KBP1"
"variance_top2000",1668,"CAP1"
"variance_top2000",1669,"KDSR"
"variance_top2000",1670,"ATXN2"
"variance_top2000",1671,"PNISR"
"variance_top2000",1672,"B4GALT1"
"variance_top2000",1673,"NUFIP2"
"variance_top2000",1674,"RANBP1"
"variance_top2000",1675,"PLXDC1"
"variance_top2000",1676,"COA3"
"variance_top2000",1677,"ZFHX3"
"variance_top2000",1678,"HEBP2"
"variance_top2000",1679,"MATR3"
"variance_top2000",1680,"ARHGAP24"
"variance_top2000",1681,"MPZL1"
"variance_top2000",1682,"SHISA5"
"variance_top2000",1683,"EML4"
"variance_top2000",1684,"ISG15"
"variance_top2000",1685,"AGAP3"
"variance_top2000",1686,"COLGALT1"
"variance_top2000",1687,"NDRG2"
"variance_top2000",1688,"USP22"
"variance_top2000",1689,"AHDC1"
"variance_top2000",1690,"DNAJC8"
"variance_top2000",1691,"AC005943.2"
"variance_top2000",1692,"LPAR1"
"variance_top2000",1693,"SNRPD1"
"variance_top2000",1694,"SEMA3A"
"variance_top2000",1695,"CTDSPL"
"variance_top2000",1696,"ABCA6"
"variance_top2000",1697,"SNRPB2"
"variance_top2000",1698,"FAM96B"
"variance_top2000",1699,"PPFIBP1"
"variance_top2000",1700,"EAPP"
"variance_top2000",1701,"NDUFAF3"
"variance_top2000",1702,"CTTN"
"variance_top2000",1703,"KIAA0930"
"variance_top2000",1704,"ANKHD1"
"variance_top2000",1705,"MLEC"
"variance_top2000",1706,"ARAP1"
"variance_top2000",1707,"TMEM205"
"variance_top2000",1708,"RAD23A"
"variance_top2000",1709,"TAPBP"
"variance_top2000",1710,"MPG"
"variance_top2000",1711,"TXN2"
"variance_top2000",1712,"ELAVL1"
"variance_top2000",1713,"SAMD4B"
"variance_top2000",1714,"RNF145"
"variance_top2000",1715,"KHSRP"
"variance_top2000",1716,"RAB11A"
"variance_top2000",1717,"FAM162A"
"variance_top2000",1718,"TP53I13"
"variance_top2000",1719,"SHC1"
"variance_top2000",1720,"ZNF503"
"variance_top2000",1721,"NME1"
"variance_top2000",1722,"PRKCA"
"variance_top2000",1723,"ZBTB4"
"variance_top2000",1724,"FBXO11"
"variance_top2000",1725,"RGCC"
"variance_top2000",1726,"ANPEP"
"variance_top2000",1727,"ABCA10"
"variance_top2000",1728,"DIO3"
"variance_top2000",1729,"MTPN"
"variance_top2000",1730,"PTH1R"
"variance_top2000",1731,"ACAP2"
"variance_top2000",1732,"POLR2G"
"variance_top2000",1733,"RYR2"
"variance_top2000",1734,"HEXIM1"
"variance_top2000",1735,"SCARB2"
"variance_top2000",1736,"DNLZ"
"variance_top2000",1737,"BST2"
"variance_top2000",1738,"MUM1"
"variance_top2000",1739,"YIPF3"
"variance_top2000",1740,"LAMTOR5"
"variance_top2000",1741,"SRI"
"variance_top2000",1742,"ISCU"
"variance_top2000",1743,"MLLT10"
"variance_top2000",1744,"CAMTA1"
"variance_top2000",1745,"FAM20C"
"variance_top2000",1746,"CSTA"
"variance_top2000",1747,"LRCH3"
"variance_top2000",1748,"POLD4"
"variance_top2000",1749,"TPT1-AS1"
"variance_top2000",1750,"UBXN4"
"variance_top2000",1751,"TNKS1BP1"
"variance_top2000",1752,"PPM1G"
"variance_top2000",1753,"SNRNP200"
"variance_top2000",1754,"SELK"
"variance_top2000",1755,"SYNCRIP"
"variance_top2000",1756,"TNFSF10"
"variance_top2000",1757,"CXXC5"
"variance_top2000",1758,"CTSZ"
"variance_top2000",1759,"NKD1"
"variance_top2000",1760,"HIC1"
"variance_top2000",1761,"GNG11"
"variance_top2000",1762,"PPP6R3"
"variance_top2000",1763,"HMGN1"
"variance_top2000",1764,"FHL1"
"variance_top2000",1765,"VAT1"
"variance_top2000",1766,"BAZ2B"
"variance_top2000",1767,"NOP56"
"variance_top2000",1768,"PACS1"
"variance_top2000",1769,"MKL1"
"variance_top2000",1770,"APEX1"
"variance_top2000",1771,"CCT7"
"variance_top2000",1772,"EPC1"
"variance_top2000",1773,"GBF1"
"variance_top2000",1774,"MRPS34"
"variance_top2000",1775,"SUPT5H"
"variance_top2000",1776,"BICD1"
"variance_top2000",1777,"PRKDC"
"variance_top2000",1778,"WIPF2"
"variance_top2000",1779,"TPPP3"
"variance_top2000",1780,"CFDP1"
"variance_top2000",1781,"CYTH3"
"variance_top2000",1782,"TECR"
"variance_top2000",1783,"MYOF"
"variance_top2000",1784,"UNK"
"variance_top2000",1785,"RAB1B"
"variance_top2000",1786,"HNRNPH3"
"variance_top2000",1787,"FUT11"
"variance_top2000",1788,"MICU1"
"variance_top2000",1789,"SMURF2"
"variance_top2000",1790,"HDAC7"
"variance_top2000",1791,"ZMAT3"
"variance_top2000",1792,"DPYD"
"variance_top2000",1793,"DLEU2"
"variance_top2000",1794,"CPQ"
"variance_top2000",1795,"PDAP1"
"variance_top2000",1796,"HMGN3"
"variance_top2000",1797,"TM9SF3"
"variance_top2000",1798,"TNXB"
"variance_top2000",1799,"PSMF1"
"variance_top2000",1800,"DDB1"
"variance_top2000",1801,"NSRP1"
"variance_top2000",1802,"CILP2"
"variance_top2000",1803,"CDC42EP5"
"variance_top2000",1804,"GOLGA3"
"variance_top2000",1805,"SPG7"
"variance_top2000",1806,"SUMO3"
"variance_top2000",1807,"PTBP1"
"variance_top2000",1808,"HEG1"
"variance_top2000",1809,"NUTF2"
"variance_top2000",1810,"SIL1"
"variance_top2000",1811,"ZCRB1"
"variance_top2000",1812,"UBA1"
"variance_top2000",1813,"CRK"
"variance_top2000",1814,"LINC01420"
"variance_top2000",1815,"POLR2J"
"variance_top2000",1816,"PSMD4"
"variance_top2000",1817,"MEA1"
"variance_top2000",1818,"MIR4435-2HG"
"variance_top2000",1819,"ALKBH5"
"variance_top2000",1820,"TLN2"
"variance_top2000",1821,"PBRM1"
"variance_top2000",1822,"PRH1"
"variance_top2000",1823,"MAP2K2"
"variance_top2000",1824,"AFF1"
"variance_top2000",1825,"HEXA"
"variance_top2000",1826,"TRAPPC1"
"variance_top2000",1827,"FBXO18"
"variance_top2000",1828,"SPPL2A"
"variance_top2000",1829,"C1orf123"
"variance_top2000",1830,"TUFM"
"variance_top2000",1831,"KAT6A"
"variance_top2000",1832,"ST3GAL2"
"variance_top2000",1833,"SULF1"
"variance_top2000",1834,"PAN3"
"variance_top2000",1835,"ADRM1"
"variance_top2000",1836,"CDC42EP4"
"variance_top2000",1837,"MYO1B"
"variance_top2000",1838,"LMAN1"
"variance_top2000",1839,"AKR1A1"
"variance_top2000",1840,"C6orf89"
"variance_top2000",1841,"IL11RA"
"variance_top2000",1842,"HDGF"
"variance_top2000",1843,"ARHGEF3"
"variance_top2000",1844,"B4GALT2"
"variance_top2000",1845,"TRAPPC2L"
"variance_top2000",1846,"ZNF358"
"variance_top2000",1847,"HERC1"
"variance_top2000",1848,"RPL22L1"
"variance_top2000",1849,"PRNP"
"variance_top2000",1850,"JAG1"
"variance_top2000",1851,"SFPQ"
"variance_top2000",1852,"ARIH2"
"variance_top2000",1853,"ACTR2"
"variance_top2000",1854,"PPP1R12C"
"variance_top2000",1855,"PSMB2"
"variance_top2000",1856,"SUN2"
"variance_top2000",1857,"THRAP3"
"variance_top2000",1858,"PSMD9"
"variance_top2000",1859,"PSMC3"
"variance_top2000",1860,"MEIS2"
"variance_top2000",1861,"PHF21A"
"variance_top2000",1862,"APH1A"
"variance_top2000",1863,"PCDH11X"
"variance_top2000",1864,"ILF3"
"variance_top2000",1865,"PGAM1"
"variance_top2000",1866,"ACBD3"
"variance_top2000",1867,"SPAG9"
"variance_top2000",1868,"SSPN"
"variance_top2000",1869,"DIAPH2"
"variance_top2000",1870,"MRPL54"
"variance_top2000",1871,"PKP1"
"variance_top2000",1872,"RSRP1"
"variance_top2000",1873,"FAM213A"
"variance_top2000",1874,"MGLL"
"variance_top2000",1875,"PLEKHM2"
"variance_top2000",1876,"EIF3M"
"variance_top2000",1877,"CYP1B1"
"variance_top2000",1878,"SPOP"
"variance_top2000",1879,"EXOC6B"
"variance_top2000",1880,"SRSF2"
"variance_top2000",1881,"HSD17B10"
"variance_top2000",1882,"TBL1X"
"variance_top2000",1883,"VASN"
"variance_top2000",1884,"LSM2"
"variance_top2000",1885,"PLAU"
"variance_top2000",1886,"TSPAN18"
"variance_top2000",1887,"MAF"
"variance_top2000",1888,"TSPAN9"
"variance_top2000",1889,"FAM127B"
"variance_top2000",1890,"NDUFS7"
"variance_top2000",1891,"DOCK4"
"variance_top2000",1892,"TAOK1"
"variance_top2000",1893,"NDN"
"variance_top2000",1894,"PSMD13"
"variance_top2000",1895,"NDUFAF2"
"variance_top2000",1896,"SETD2"
"variance_top2000",1897,"GOPC"
"variance_top2000",1898,"YME1L1"
"variance_top2000",1899,"RAB11B"
"variance_top2000",1900,"METRN"
"variance_top2000",1901,"DHX36"
"variance_top2000",1902,"HDAC5"
"variance_top2000",1903,"METTL7A"
"variance_top2000",1904,"CDKAL1"
"variance_top2000",1905,"NFE2L1"
"variance_top2000",1906,"ATF3"
"variance_top2000",1907,"SMARCA2"
"variance_top2000",1908,"CRYAB"
"variance_top2000",1909,"MGMT"
"variance_top2000",1910,"DLGAP4"
"variance_top2000",1911,"MGAT5"
"variance_top2000",1912,"SDCCAG8"
"variance_top2000",1913,"BTBD9"
"variance_top2000",1914,"NFATC3"
"variance_top2000",1915,"TMOD3"
"variance_top2000",1916,"LAMTOR2"
"variance_top2000",1917,"TTYH3"
"variance_top2000",1918,"UPF3A"
"variance_top2000",1919,"MAVS"
"variance_top2000",1920,"TGFBR3"
"variance_top2000",1921,"CARHSP1"
"variance_top2000",1922,"TMEM109"
"variance_top2000",1923,"SCARA3"
"variance_top2000",1924,"CHD6"
"variance_top2000",1925,"EIF3J"
"variance_top2000",1926,"PPP2R4"
"variance_top2000",1927,"TMED2"
"variance_top2000",1928,"OSBPL8"
"variance_top2000",1929,"BAIAP2L1"
"variance_top2000",1930,"AC013461.1"
"variance_top2000",1931,"PHB"
"variance_top2000",1932,"MBD5"
"variance_top2000",1933,"TCEB1"
"variance_top2000",1934,"GAB1"
"variance_top2000",1935,"SARNP"
"variance_top2000",1936,"TGFB3"
"variance_top2000",1937,"WIF1"
"variance_top2000",1938,"NDFIP1"
"variance_top2000",1939,"BTBD7"
"variance_top2000",1940,"SMARCC1"
"variance_top2000",1941,"EFNA5"
"variance_top2000",1942,"ARHGEF12"
"variance_top2000",1943,"SPATS2"
"variance_top2000",1944,"MGEA5"
"variance_top2000",1945,"ATP5F1"
"variance_top2000",1946,"DLG5"
"variance_top2000",1947,"ACYP2"
"variance_top2000",1948,"PRKAR2A"
"variance_top2000",1949,"MYL6B"
"variance_top2000",1950,"AC072062.1"
"variance_top2000",1951,"ITCH"
"variance_top2000",1952,"MAGI1"
"variance_top2000",1953,"TPM3"
"variance_top2000",1954,"H2AFV"
"variance_top2000",1955,"LOX"
"variance_top2000",1956,"UBE2E1"
"variance_top2000",1957,"UBXN6"
"variance_top2000",1958,"SORBS1"
"variance_top2000",1959,"CDR2"
"variance_top2000",1960,"COMT"
"variance_top2000",1961,"MORF4L2"
"variance_top2000",1962,"EHBP1"
"variance_top2000",1963,"MLLT6"
"variance_top2000",1964,"PPP1CA"
"variance_top2000",1965,"SLC38A10"
"variance_top2000",1966,"SAT2"
"variance_top2000",1967,"SUMF2"
"variance_top2000",1968,"EXOC7"
"variance_top2000",1969,"SSR1"
"variance_top2000",1970,"RBMX"
"variance_top2000",1971,"PTOV1"
"variance_top2000",1972,"SDHC"
"variance_top2000",1973,"SLC24A3"
"variance_top2000",1974,"SHOX2"
"variance_top2000",1975,"SSB"
"variance_top2000",1976,"ILK"
"variance_top2000",1977,"LASP1"
"variance_top2000",1978,"MEF2A"
"variance_top2000",1979,"C1QBP"
"variance_top2000",1980,"AKT1"
"variance_top2000",1981,"SUPT4H1"
"variance_top2000",1982,"CDK19"
"variance_top2000",1983,"KLF13"
"variance_top2000",1984,"SF3B1"
"variance_top2000",1985,"COX14"
"variance_top2000",1986,"CD82"
"variance_top2000",1987,"C14orf37"
"variance_top2000",1988,"SMARCA4"
"variance_top2000",1989,"NRBP1"
"variance_top2000",1990,"NAGK"
"variance_top2000",1991,"IL32"
"variance_top2000",1992,"RNF149"
"variance_top2000",1993,"CTSL"
"variance_top2000",1994,"MRPL14"
"variance_top2000",1995,"MYO10"
"variance_top2000",1996,"SIPA1L1"
"variance_top2000",1997,"ZNF148"
"variance_top2000",1998,"GFRA1"
"variance_top2000",1999,"RAB6A"
"variance_top2000",2000,"ZNF106"
