"cell","ordering_set","pseudotime","program","sample","condition"
"K183156_CELL11_N5","program_DE_top500",10.4632225472363,"ECM-producing fibroblasts","K183156","Keloid"
"K183156_CELL43_N2","program_DE_top500",17.648391754656,"ECM-producing fibroblasts","K183156","Keloid"
"K183156_CELL63_N3","program_DE_top500",17.4674825331083,"ECM-producing fibroblasts","K183156","Keloid"
"K183156_CELL134_N2","program_DE_top500",13.5004345369208,"Matrix-remodeling fibroblasts","K183156","Keloid"
"K183156_CELL147_N3","program_DE_top500",17.5588478712749,"ECM-producing fibroblasts","K183156","Keloid"
"K183156_CELL197_N3","program_DE_top500",17.3917646006557,"ECM-producing fibroblasts","K183156","Keloid"
"K183156_CELL217_N3","program_DE_top500",0.150589645486992,"Homeostatic/regulatory fibroblasts","K183156","Keloid"
"K183156_CELL243_N4","program_DE_top500",17.6244948654257,"ECM-producing fibroblasts","K183156","Keloid"
"K183156_CELL256_N5","program_DE_top500",14.9439967721514,"ECM-producing fibroblasts","K183156","Keloid"
"K183156_CELL258_N5","program_DE_top500",16.4946569622156,"Matrix-remodeling fibroblasts","K183156","Keloid"
"K183156_CELL273_N2","program_DE_top500",17.5156581649282,"ECM-producing fibroblasts","K183156","Keloid"
"K183156_CELL281_N1","program_DE_top500",17.3155819823422,"ECM-producing fibroblasts","K183156","Keloid"
"K183156_CELL353_N3","program_DE_top500",17.5767757028156,"ECM-producing fibroblasts","K183156","Keloid"
"K183156_CELL373_N3","program_DE_top500",16.5504268414507,"Matrix-remodeling fibroblasts","K183156","Keloid"
"K183156_CELL433_N4","program_DE_top500",17.7427786354159,"ECM-producing fibroblasts","K183156","Keloid"
"K183156_CELL466_N2","program_DE_top500",15.8797458455861,"Homeostatic/regulatory fibroblasts","K183156","Keloid"
"K183156_CELL470_N2","program_DE_top500",17.2752912679601,"ECM-producing fibroblasts","K183156","Keloid"
"K183156_CELL473_N1","program_DE_top500",17.4267277865642,"Matrix-remodeling fibroblasts","K183156","Keloid"
"K183156_CELL484_N2","program_DE_top500",17.4067418036206,"ECM-producing fibroblasts","K183156","Keloid"
"K183156_CELL499_N3","program_DE_top500",17.3183105352336,"Matrix-remodeling fibroblasts","K183156","Keloid"
"K183156_CELL545_N2","program_DE_top500",17.7321960264307,"ECM-producing fibroblasts","K183156","Keloid"
"K183156_CELL561_N7","program_DE_top500",15.3075743264499,"Matrix-remodeling fibroblasts","K183156","Keloid"
"K183156_CELL638_N2","program_DE_top500",13.5694463263293,"Homeostatic/regulatory fibroblasts","K183156","Keloid"
"K183156_CELL644_N4","program_DE_top500",17.7400527973374,"ECM-producing fibroblasts","K183156","Keloid"
"K183156_CELL654_N3","program_DE_top500",17.4076929018593,"ECM-producing fibroblasts","K183156","Keloid"
"K183156_CELL673_N2","program_DE_top500",17.3969683855813,"ECM-producing fibroblasts","K183156","Keloid"
"K183156_CELL691_N4","program_DE_top500",17.2859532726634,"ECM-producing fibroblasts","K183156","Keloid"
"K183156_CELL708_N3","program_DE_top500",16.6846840243106,"ECM-producing fibroblasts","K183156","Keloid"
"K183156_CELL755_N3","program_DE_top500",17.6046867736806,"ECM-producing fibroblasts","K183156","Keloid"
"K183156_CELL762_N2","program_DE_top500",15.6396864263221,"Homeostatic/regulatory fibroblasts","K183156","Keloid"
"K183156_CELL765_N2","program_DE_top500",10.1459437355545,"ECM-producing fibroblasts","K183156","Keloid"
"K183156_CELL793_N2","program_DE_top500",17.7150257087383,"ECM-producing fibroblasts","K183156","Keloid"
"K183156_CELL820_N3","program_DE_top500",15.5835955314289,"Matrix-remodeling fibroblasts","K183156","Keloid"
"K183156_CELL890_N3","program_DE_top500",15.6299517320824,"Matrix-remodeling fibroblasts","K183156","Keloid"
"K183156_CELL928_N4","program_DE_top500",17.3411556177979,"ECM-producing fibroblasts","K183156","Keloid"
"K183156_CELL962_N3","program_DE_top500",17.4118222828127,"Matrix-remodeling fibroblasts","K183156","Keloid"
"K183156_CELL1019_N5","program_DE_top500",17.6690980907725,"ECM-producing fibroblasts","K183156","Keloid"
"K183156_CELL1056_N3","program_DE_top500",16.6039691086156,"ECM-producing fibroblasts","K183156","Keloid"
"K183156_CELL1080_N2","program_DE_top500",14.8379683739627,"Homeostatic/regulatory fibroblasts","K183156","Keloid"
"K183156_CELL1105_N3","program_DE_top500",17.6725492868491,"ECM-producing fibroblasts","K183156","Keloid"
"K183156_CELL1129_N3","program_DE_top500",17.1356930031058,"Matrix-remodeling fibroblasts","K183156","Keloid"
"K183156_CELL1265_N5","program_DE_top500",17.3116392759289,"ECM-producing fibroblasts","K183156","Keloid"
"K183156_CELL1278_N2","program_DE_top500",17.2927963500914,"Matrix-remodeling fibroblasts","K183156","Keloid"
"K183156_CELL1314_N3","program_DE_top500",16.3910537689435,"Matrix-remodeling fibroblasts","K183156","Keloid"
"K183156_CELL1374_N4","program_DE_top500",10.613543860332,"ECM-producing fibroblasts","K183156","Keloid"
"K183156_CELL1393_N6","program_DE_top500",17.676322459898,"ECM-producing fibroblasts","K183156","Keloid"
"K183156_CELL1402_N2","program_DE_top500",17.5175129323526,"ECM-producing fibroblasts","K183156","Keloid"
"K183156_CELL1420_N2","program_DE_top500",14.7698308138758,"Homeostatic/regulatory fibroblasts","K183156","Keloid"
"K183156_CELL1441_N5","program_DE_top500",17.281970327782,"ECM-producing fibroblasts","K183156","Keloid"
"K183156_CELL1444_N2","program_DE_top500",14.257058359614,"ECM-producing fibroblasts","K183156","Keloid"
"K183156_CELL1454_N2","program_DE_top500",0.461778542283474,"Homeostatic/regulatory fibroblasts","K183156","Keloid"
"K183156_CELL1489_N5","program_DE_top500",10.0138042513276,"ECM-producing fibroblasts","K183156","Keloid"
"K183156_CELL1614_N2","program_DE_top500",16.9230563050651,"Matrix-remodeling fibroblasts","K183156","Keloid"
"K183156_CELL1662_N2","program_DE_top500",17.347109026932,"ECM-producing fibroblasts","K183156","Keloid"
"K183156_CELL1675_N4","program_DE_top500",17.6727371654815,"ECM-producing fibroblasts","K183156","Keloid"
"K183156_CELL1694_N3","program_DE_top500",9.32499514009345,"Homeostatic/regulatory fibroblasts","K183156","Keloid"
"K183156_CELL1727_N2","program_DE_top500",17.4366868562778,"Matrix-remodeling fibroblasts","K183156","Keloid"
"K183156_CELL1729_N3","program_DE_top500",10.3480868663167,"ECM-producing fibroblasts","K183156","Keloid"
"K183156_CELL1811_N3","program_DE_top500",17.4720342520176,"ECM-producing fibroblasts","K183156","Keloid"
"K183156_CELL1827_N2","program_DE_top500",15.6347827910557,"ECM-producing fibroblasts","K183156","Keloid"
"K183156_CELL1828_N6","program_DE_top500",17.442127327279,"ECM-producing fibroblasts","K183156","Keloid"
"K183156_CELL1884_N3","program_DE_top500",17.4386244106942,"ECM-producing fibroblasts","K183156","Keloid"
"K183156_CELL1943_N4","program_DE_top500",17.6500204557237,"ECM-producing fibroblasts","K183156","Keloid"
"K183156_CELL1957_N2","program_DE_top500",17.4123972373295,"Matrix-remodeling fibroblasts","K183156","Keloid"
"K183156_CELL1963_N3","program_DE_top500",10.1557600845363,"ECM-producing fibroblasts","K183156","Keloid"
"K183156_CELL1973_N3","program_DE_top500",12.4499558103908,"Homeostatic/regulatory fibroblasts","K183156","Keloid"
"K183156_CELL1979_N4","program_DE_top500",17.4335090370386,"Matrix-remodeling fibroblasts","K183156","Keloid"
"K183156_CELL2019_N4","program_DE_top500",17.5150188691624,"ECM-producing fibroblasts","K183156","Keloid"
"K183156_CELL2048_N3","program_DE_top500",17.6727989943803,"ECM-producing fibroblasts","K183156","Keloid"
"K183156_CELL2078_N2","program_DE_top500",17.2260938440518,"ECM-producing fibroblasts","K183156","Keloid"
"K183156_CELL2081_N2","program_DE_top500",10.4286474563064,"ECM-producing fibroblasts","K183156","Keloid"
"K183156_CELL2091_N3","program_DE_top500",14.0483639133041,"ECM-producing fibroblasts","K183156","Keloid"
"K183156_CELL2113_N3","program_DE_top500",17.3231954589894,"Matrix-remodeling fibroblasts","K183156","Keloid"
"K183156_CELL2138_N3","program_DE_top500",13.5860873304885,"ECM-producing fibroblasts","K183156","Keloid"
"K183156_CELL2159_N5","program_DE_top500",17.5814863944643,"ECM-producing fibroblasts","K183156","Keloid"
"K183156_CELL2178_N3","program_DE_top500",17.3270980292502,"Matrix-remodeling fibroblasts","K183156","Keloid"
"K183156_CELL2231_N4","program_DE_top500",13.7451322915229,"Homeostatic/regulatory fibroblasts","K183156","Keloid"
"K183156_CELL2242_N2","program_DE_top500",17.6473311193134,"ECM-producing fibroblasts","K183156","Keloid"
"K183156_CELL2337_N3","program_DE_top500",16.0365035273029,"ECM-producing fibroblasts","K183156","Keloid"
"K183156_CELL2359_N3","program_DE_top500",17.0332886209075,"ECM-producing fibroblasts","K183156","Keloid"
"K183156_CELL2371_N2","program_DE_top500",17.3919438870856,"ECM-producing fibroblasts","K183156","Keloid"
"K183156_CELL2428_N2","program_DE_top500",17.3443450656019,"Matrix-remodeling fibroblasts","K183156","Keloid"
"K183156_CELL2433_N2","program_DE_top500",16.5358900513425,"Matrix-remodeling fibroblasts","K183156","Keloid"
"K183156_CELL2447_N3","program_DE_top500",10.5045305380194,"ECM-producing fibroblasts","K183156","Keloid"
"K183156_CELL2454_N4","program_DE_top500",13.9790286599154,"Matrix-remodeling fibroblasts","K183156","Keloid"
"K183156_CELL2473_N2","program_DE_top500",10.4425130988339,"ECM-producing fibroblasts","K183156","Keloid"
"K183156_CELL2499_N3","program_DE_top500",17.350338920084,"ECM-producing fibroblasts","K183156","Keloid"
"K183156_CELL2529_N3","program_DE_top500",17.3308484331204,"ECM-producing fibroblasts","K183156","Keloid"
"K183156_CELL2551_N2","program_DE_top500",0.314928927542812,"Homeostatic/regulatory fibroblasts","K183156","Keloid"
"K183156_CELL2555_N3","program_DE_top500",17.4058197559901,"ECM-producing fibroblasts","K183156","Keloid"
"K183156_CELL2620_N2","program_DE_top500",17.2961030957118,"ECM-producing fibroblasts","K183156","Keloid"
"K183156_CELL2649_N3","program_DE_top500",17.5421402039771,"ECM-producing fibroblasts","K183156","Keloid"
"K183156_CELL2658_N3","program_DE_top500",17.5556720723936,"ECM-producing fibroblasts","K183156","Keloid"
"K183156_CELL2748_N3","program_DE_top500",17.5219922840788,"ECM-producing fibroblasts","K183156","Keloid"
"K183156_CELL2769_N3","program_DE_top500",10.9632476725661,"ECM-producing fibroblasts","K183156","Keloid"
"K183156_CELL2775_N2","program_DE_top500",12.0208941086942,"Matrix-remodeling fibroblasts","K183156","Keloid"
"K183156_CELL2778_N4","program_DE_top500",16.2116413472511,"Matrix-remodeling fibroblasts","K183156","Keloid"
"K183156_CELL2827_N2","program_DE_top500",17.4256459821946,"ECM-producing fibroblasts","K183156","Keloid"
"K183156_CELL2846_N2","program_DE_top500",9.83044304727738,"ECM-producing fibroblasts","K183156","Keloid"
"K183156_CELL2938_N4","program_DE_top500",10.6726056819106,"ECM-producing fibroblasts","K183156","Keloid"
"K183156_CELL2945_N4","program_DE_top500",17.5498768150858,"Matrix-remodeling fibroblasts","K183156","Keloid"
"K183156_CELL2946_N3","program_DE_top500",10.5038063110307,"ECM-producing fibroblasts","K183156","Keloid"
"K183156_CELL2958_N2","program_DE_top500",11.3669518010541,"Matrix-remodeling fibroblasts","K183156","Keloid"
"K183156_CELL2981_N2","program_DE_top500",16.2845331237002,"ECM-producing fibroblasts","K183156","Keloid"
"K183156_CELL2982_N2","program_DE_top500",13.9252473213624,"Matrix-remodeling fibroblasts","K183156","Keloid"
"K183156_CELL3016_N5","program_DE_top500",17.2327963760505,"ECM-producing fibroblasts","K183156","Keloid"
"K183156_CELL3046_N3","program_DE_top500",16.7756254983949,"ECM-producing fibroblasts","K183156","Keloid"
"K183156_CELL3060_N2","program_DE_top500",17.3207202221891,"Matrix-remodeling fibroblasts","K183156","Keloid"
"K183156_CELL3087_N5","program_DE_top500",17.4015072292259,"ECM-producing fibroblasts","K183156","Keloid"
"K183156_CELL3120_N2","program_DE_top500",14.3267145433343,"Matrix-remodeling fibroblasts","K183156","Keloid"
"K183156_CELL3150_N3","program_DE_top500",16.4565656479642,"Matrix-remodeling fibroblasts","K183156","Keloid"
"K183156_CELL3175_N3","program_DE_top500",16.5862608261159,"Matrix-remodeling fibroblasts","K183156","Keloid"
"K183156_CELL3188_N3","program_DE_top500",17.2992375766813,"Matrix-remodeling fibroblasts","K183156","Keloid"
"K183156_CELL3213_N3","program_DE_top500",14.4843491219283,"Homeostatic/regulatory fibroblasts","K183156","Keloid"
"K183156_CELL3229_N6","program_DE_top500",12.7409796588167,"ECM-producing fibroblasts","K183156","Keloid"
"K183156_CELL3282_N3","program_DE_top500",14.1426452452953,"Homeostatic/regulatory fibroblasts","K183156","Keloid"
"K183156_CELL3331_N2","program_DE_top500",12.6225794847914,"ECM-producing fibroblasts","K183156","Keloid"
"K183156_CELL3334_N3","program_DE_top500",9.71131231341193,"ECM-producing fibroblasts","K183156","Keloid"
"K183156_CELL3366_N2","program_DE_top500",9.9269315526467,"Homeostatic/regulatory fibroblasts","K183156","Keloid"
"K183156_CELL3417_N2","program_DE_top500",9.99506594648539,"ECM-producing fibroblasts","K183156","Keloid"
"K183156_CELL3422_N3","program_DE_top500",16.310668899065,"Matrix-remodeling fibroblasts","K183156","Keloid"
"K183156_CELL3434_N3","program_DE_top500",17.7429620991294,"ECM-producing fibroblasts","K183156","Keloid"
"K183156_CELL3519_N5","program_DE_top500",13.041210589348,"Homeostatic/regulatory fibroblasts","K183156","Keloid"
"K183156_CELL3538_N3","program_DE_top500",15.0666396078769,"Homeostatic/regulatory fibroblasts","K183156","Keloid"
"K183156_CELL3547_N3","program_DE_top500",16.9675109550591,"Homeostatic/regulatory fibroblasts","K183156","Keloid"
"K183156_CELL3560_N3","program_DE_top500",17.5586787453893,"ECM-producing fibroblasts","K183156","Keloid"
"K183156_CELL3568_N2","program_DE_top500",9.58945766749326,"Homeostatic/regulatory fibroblasts","K183156","Keloid"
"K183156_CELL3584_N2","program_DE_top500",17.3613174371209,"Matrix-remodeling fibroblasts","K183156","Keloid"
"K183156_CELL3589_N9","program_DE_top500",17.3147102049314,"ECM-producing fibroblasts","K183156","Keloid"
"K183156_CELL3599_N2","program_DE_top500",17.3370479462396,"ECM-producing fibroblasts","K183156","Keloid"
"K183156_CELL3618_N2","program_DE_top500",9.50401556305586,"ECM-producing fibroblasts","K183156","Keloid"
"K183156_CELL3629_N3","program_DE_top500",14.5894139289857,"Matrix-remodeling fibroblasts","K183156","Keloid"
"K183156_CELL3682_N6","program_DE_top500",17.4334970549041,"ECM-producing fibroblasts","K183156","Keloid"
"K183156_CELL3787_N2","program_DE_top500",10.2028671363899,"ECM-producing fibroblasts","K183156","Keloid"
"K183156_CELL3796_N4","program_DE_top500",14.6506116364848,"Homeostatic/regulatory fibroblasts","K183156","Keloid"
"K183156_CELL3811_N2","program_DE_top500",16.8114159136663,"Matrix-remodeling fibroblasts","K183156","Keloid"
"K183156_CELL3836_N2","program_DE_top500",17.5020460576545,"Matrix-remodeling fibroblasts","K183156","Keloid"
"K183156_CELL3983_N2","program_DE_top500",10.2023425082742,"ECM-producing fibroblasts","K183156","Keloid"
"K183156_CELL4036_N2","program_DE_top500",16.0280383606403,"ECM-producing fibroblasts","K183156","Keloid"
"K183156_CELL4044_N2","program_DE_top500",17.1640578578365,"Matrix-remodeling fibroblasts","K183156","Keloid"
"K183156_CELL4087_N4","program_DE_top500",17.6437355061962,"ECM-producing fibroblasts","K183156","Keloid"
"K183156_CELL4095_N2","program_DE_top500",17.5712423507271,"Homeostatic/regulatory fibroblasts","K183156","Keloid"
"K183156_CELL4111_N2","program_DE_top500",9.37246713794207,"Matrix-remodeling fibroblasts","K183156","Keloid"
"K183156_CELL4181_N4","program_DE_top500",17.3619094227367,"ECM-producing fibroblasts","K183156","Keloid"
"K183156_CELL4245_N2","program_DE_top500",15.8080685826431,"ECM-producing fibroblasts","K183156","Keloid"
"K183156_CELL4250_N2","program_DE_top500",10.4802277079841,"ECM-producing fibroblasts","K183156","Keloid"
"K183156_CELL4256_N3","program_DE_top500",11.2037472945591,"Matrix-remodeling fibroblasts","K183156","Keloid"
"K183156_CELL4302_N4","program_DE_top500",9.68032902222452,"ECM-producing fibroblasts","K183156","Keloid"
"K183156_CELL4321_N3","program_DE_top500",16.4602197243933,"Matrix-remodeling fibroblasts","K183156","Keloid"
"K183156_CELL4352_N2","program_DE_top500",16.6740538779856,"Matrix-remodeling fibroblasts","K183156","Keloid"
"K183156_CELL4353_N3","program_DE_top500",17.4668081527308,"Matrix-remodeling fibroblasts","K183156","Keloid"
"K183156_CELL4414_N2","program_DE_top500",9.60008755043288,"Homeostatic/regulatory fibroblasts","K183156","Keloid"
"K183156_CELL4417_N4","program_DE_top500",12.1471470101657,"Matrix-remodeling fibroblasts","K183156","Keloid"
"K183156_CELL4525_N2","program_DE_top500",17.3281499923549,"ECM-producing fibroblasts","K183156","Keloid"
"K183156_CELL4527_N2","program_DE_top500",17.483736104685,"Matrix-remodeling fibroblasts","K183156","Keloid"
"K183156_CELL4530_N2","program_DE_top500",9.77693430041147,"ECM-producing fibroblasts","K183156","Keloid"
"K183156_CELL4548_N2","program_DE_top500",17.3755730131081,"ECM-producing fibroblasts","K183156","Keloid"
"K183156_CELL4592_N3","program_DE_top500",10.5678724060898,"ECM-producing fibroblasts","K183156","Keloid"
"K183156_CELL4602_N2","program_DE_top500",17.2742962445991,"ECM-producing fibroblasts","K183156","Keloid"
"K183156_CELL4661_N3","program_DE_top500",17.3133435760774,"ECM-producing fibroblasts","K183156","Keloid"
"K183156_CELL4664_N3","program_DE_top500",15.7603091629763,"Matrix-remodeling fibroblasts","K183156","Keloid"
"K183156_CELL4670_N2","program_DE_top500",17.2893090877657,"Matrix-remodeling fibroblasts","K183156","Keloid"
"K183156_CELL4716_N2","program_DE_top500",16.8428262463751,"ECM-producing fibroblasts","K183156","Keloid"
"K183156_CELL4735_N2","program_DE_top500",15.9806084408226,"Homeostatic/regulatory fibroblasts","K183156","Keloid"
"K183156_CELL4737_N2","program_DE_top500",13.1092452537307,"ECM-producing fibroblasts","K183156","Keloid"
"K183156_CELL4769_N2","program_DE_top500",11.9186829188717,"ECM-producing fibroblasts","K183156","Keloid"
"K183156_CELL4774_N4","program_DE_top500",8.42579076996498,"ECM-producing fibroblasts","K183156","Keloid"
"K183156_CELL4785_N3","program_DE_top500",17.4538427508511,"ECM-producing fibroblasts","K183156","Keloid"
"K183156_CELL4832_N2","program_DE_top500",13.6637601766058,"Matrix-remodeling fibroblasts","K183156","Keloid"
"K183156_CELL4864_N4","program_DE_top500",17.5462080418448,"ECM-producing fibroblasts","K183156","Keloid"
"K183156_CELL4890_N2","program_DE_top500",0.362050394278424,"Homeostatic/regulatory fibroblasts","K183156","Keloid"
"K183156_CELL4903_N1","program_DE_top500",17.2778884864246,"ECM-producing fibroblasts","K183156","Keloid"
"K183156_CELL4906_N2","program_DE_top500",13.0622920503077,"ECM-producing fibroblasts","K183156","Keloid"
"K183156_CELL4926_N5","program_DE_top500",17.2178079797852,"ECM-producing fibroblasts","K183156","Keloid"
"K183156_CELL4970_N3","program_DE_top500",17.7277574112046,"ECM-producing fibroblasts","K183156","Keloid"
"K183156_CELL5033_N2","program_DE_top500",16.3665773907991,"Homeostatic/regulatory fibroblasts","K183156","Keloid"
"K183156_CELL5062_N2","program_DE_top500",17.4427320930852,"ECM-producing fibroblasts","K183156","Keloid"
"K183156_CELL5063_N3","program_DE_top500",17.4248731024687,"Matrix-remodeling fibroblasts","K183156","Keloid"
"K183156_CELL5156_N2","program_DE_top500",17.3579977520387,"ECM-producing fibroblasts","K183156","Keloid"
"K183156_CELL5164_N2","program_DE_top500",15.0017270282192,"Matrix-remodeling fibroblasts","K183156","Keloid"
"K183156_CELL5178_N2","program_DE_top500",18.1493086557925,"ECM-producing fibroblasts","K183156","Keloid"
"K183156_CELL5230_N3","program_DE_top500",17.4370279845122,"ECM-producing fibroblasts","K183156","Keloid"
"K183156_CELL5234_N3","program_DE_top500",13.6816963013197,"Homeostatic/regulatory fibroblasts","K183156","Keloid"
"K183156_CELL5237_N4","program_DE_top500",17.4978413641307,"ECM-producing fibroblasts","K183156","Keloid"
"K183156_CELL5261_N4","program_DE_top500",17.3195544577179,"ECM-producing fibroblasts","K183156","Keloid"
"K183156_CELL5282_N4","program_DE_top500",17.522101421683,"ECM-producing fibroblasts","K183156","Keloid"
"K183156_CELL5296_N5","program_DE_top500",17.5573118535086,"ECM-producing fibroblasts","K183156","Keloid"
"K183156_CELL5331_N2","program_DE_top500",16.8269625853473,"ECM-producing fibroblasts","K183156","Keloid"
"K183156_CELL5391_N3","program_DE_top500",17.6417723655517,"ECM-producing fibroblasts","K183156","Keloid"
"K183156_CELL5395_N2","program_DE_top500",0.391822981369637,"Homeostatic/regulatory fibroblasts","K183156","Keloid"
"K183156_CELL5401_N4","program_DE_top500",12.7194352371915,"ECM-producing fibroblasts","K183156","Keloid"
"K183156_CELL5416_N2","program_DE_top500",17.5091076410075,"Matrix-remodeling fibroblasts","K183156","Keloid"
"K183156_CELL5429_N3","program_DE_top500",10.2423716604748,"ECM-producing fibroblasts","K183156","Keloid"
"K183156_CELL5448_N5","program_DE_top500",17.5122805574657,"Matrix-remodeling fibroblasts","K183156","Keloid"
"K183156_CELL5527_N1","program_DE_top500",9.83894828950724,"ECM-producing fibroblasts","K183156","Keloid"
"K183156_CELL5538_N3","program_DE_top500",17.2764602586232,"ECM-producing fibroblasts","K183156","Keloid"
"K183156_CELL5560_N2","program_DE_top500",17.4711750627526,"Matrix-remodeling fibroblasts","K183156","Keloid"
"K183156_CELL5595_N2","program_DE_top500",17.3500288256142,"Matrix-remodeling fibroblasts","K183156","Keloid"
"K183156_CELL5657_N3","program_DE_top500",16.9585101600216,"Matrix-remodeling fibroblasts","K183156","Keloid"
"K183156_CELL5696_N2","program_DE_top500",17.3580548828691,"ECM-producing fibroblasts","K183156","Keloid"
"K183156_CELL5725_N2","program_DE_top500",17.3122379593016,"ECM-producing fibroblasts","K183156","Keloid"
"K183156_CELL5765_N2","program_DE_top500",17.3952673284519,"ECM-producing fibroblasts","K183156","Keloid"
"K183156_CELL5796_N2","program_DE_top500",17.2275626815171,"ECM-producing fibroblasts","K183156","Keloid"
"K183156_CELL5802_N2","program_DE_top500",17.1540732988985,"ECM-producing fibroblasts","K183156","Keloid"
"K183156_CELL5859_N3","program_DE_top500",17.3747553226703,"Homeostatic/regulatory fibroblasts","K183156","Keloid"
"K183156_CELL5863_N2","program_DE_top500",10.1336481791424,"ECM-producing fibroblasts","K183156","Keloid"
"K183156_CELL5864_N4","program_DE_top500",17.2162675847019,"Matrix-remodeling fibroblasts","K183156","Keloid"
"K183156_CELL5889_N3","program_DE_top500",17.2013741616093,"ECM-producing fibroblasts","K183156","Keloid"
"K183156_CELL5901_N2","program_DE_top500",15.8912250162337,"Matrix-remodeling fibroblasts","K183156","Keloid"
"K183156_CELL5919_N2","program_DE_top500",14.6053001738934,"Homeostatic/regulatory fibroblasts","K183156","Keloid"
"K183156_CELL5921_N3","program_DE_top500",15.0897351195637,"Matrix-remodeling fibroblasts","K183156","Keloid"
"K183156_CELL5930_N3","program_DE_top500",10.3888074255734,"Homeostatic/regulatory fibroblasts","K183156","Keloid"
"K183156_CELL6004_N1","program_DE_top500",14.7878040764579,"ECM-producing fibroblasts","K183156","Keloid"
"K183156_CELL6040_N2","program_DE_top500",16.148653994424,"Matrix-remodeling fibroblasts","K183156","Keloid"
"K183156_CELL6049_N2","program_DE_top500",17.3181996147585,"ECM-producing fibroblasts","K183156","Keloid"
"K183156_CELL6069_N4","program_DE_top500",17.6406016680573,"ECM-producing fibroblasts","K183156","Keloid"
"K183156_CELL6103_N3","program_DE_top500",9.30952907034525,"ECM-producing fibroblasts","K183156","Keloid"
"K183156_CELL6123_N3","program_DE_top500",0.37588751349671,"Homeostatic/regulatory fibroblasts","K183156","Keloid"
"K183156_CELL6165_N3","program_DE_top500",0.358911786111925,"Homeostatic/regulatory fibroblasts","K183156","Keloid"
"K183156_CELL6200_N3","program_DE_top500",15.9600626212443,"Matrix-remodeling fibroblasts","K183156","Keloid"
"K183156_CELL6202_N6","program_DE_top500",17.3858371954913,"Matrix-remodeling fibroblasts","K183156","Keloid"
"K183156_CELL6203_N4","program_DE_top500",14.1597324117221,"Homeostatic/regulatory fibroblasts","K183156","Keloid"
"K183156_CELL6238_N2","program_DE_top500",7.19834484931904,"Matrix-remodeling fibroblasts","K183156","Keloid"
"K183156_CELL6255_N3","program_DE_top500",16.9048782071473,"Matrix-remodeling fibroblasts","K183156","Keloid"
"K183156_CELL6300_N4","program_DE_top500",16.7001340945893,"ECM-producing fibroblasts","K183156","Keloid"
"K183156_CELL6303_N2","program_DE_top500",0.327478082666248,"Homeostatic/regulatory fibroblasts","K183156","Keloid"
"K183156_CELL6336_N2","program_DE_top500",15.6329213375574,"ECM-producing fibroblasts","K183156","Keloid"
"K183156_CELL6421_N1","program_DE_top500",17.5258072394247,"ECM-producing fibroblasts","K183156","Keloid"
"K183156_CELL6484_N5","program_DE_top500",17.3221181020962,"ECM-producing fibroblasts","K183156","Keloid"
"K183156_CELL6512_N3","program_DE_top500",10.3189989210543,"ECM-producing fibroblasts","K183156","Keloid"
"K183156_CELL6587_N3","program_DE_top500",10.2491854550226,"ECM-producing fibroblasts","K183156","Keloid"
"K183156_CELL6598_N2","program_DE_top500",14.3007453902825,"Homeostatic/regulatory fibroblasts","K183156","Keloid"
"K183156_CELL6632_N3","program_DE_top500",17.537798232766,"ECM-producing fibroblasts","K183156","Keloid"
"K183156_CELL6661_N3","program_DE_top500",13.4671125484624,"ECM-producing fibroblasts","K183156","Keloid"
"K183156_CELL6708_N2","program_DE_top500",9.97541285446977,"Homeostatic/regulatory fibroblasts","K183156","Keloid"
"K183156_CELL6743_N3","program_DE_top500",8.12419338301452,"Homeostatic/regulatory fibroblasts","K183156","Keloid"
"K183156_CELL6793_N2","program_DE_top500",9.96331116182413,"ECM-producing fibroblasts","K183156","Keloid"
"K183156_CELL6846_N3","program_DE_top500",16.3600172350668,"Matrix-remodeling fibroblasts","K183156","Keloid"
"K183156_CELL6847_N2","program_DE_top500",17.4207925574675,"ECM-producing fibroblasts","K183156","Keloid"
"K183156_CELL6863_N2","program_DE_top500",17.3914048103788,"ECM-producing fibroblasts","K183156","Keloid"
"K183156_CELL6864_N2","program_DE_top500",10.477157602588,"ECM-producing fibroblasts","K183156","Keloid"
"K183156_CELL6877_N2","program_DE_top500",12.1303433505065,"Homeostatic/regulatory fibroblasts","K183156","Keloid"
"K183156_CELL6880_N3","program_DE_top500",17.6158667340746,"ECM-producing fibroblasts","K183156","Keloid"
"K183156_CELL6895_N3","program_DE_top500",16.4254908817679,"ECM-producing fibroblasts","K183156","Keloid"
"K183156_CELL6901_N2","program_DE_top500",17.79400083959,"ECM-producing fibroblasts","K183156","Keloid"
"K183156_CELL6934_N3","program_DE_top500",9.17648270740974,"ECM-producing fibroblasts","K183156","Keloid"
"K183156_CELL6963_N2","program_DE_top500",17.3441231444034,"Matrix-remodeling fibroblasts","K183156","Keloid"
"K183156_CELL7069_N2","program_DE_top500",16.6214402381034,"Homeostatic/regulatory fibroblasts","K183156","Keloid"
"K183156_CELL7158_N2","program_DE_top500",17.2241221060939,"ECM-producing fibroblasts","K183156","Keloid"
"K183156_CELL7161_N2","program_DE_top500",15.5914904377376,"Matrix-remodeling fibroblasts","K183156","Keloid"
"K183156_CELL7162_N1","program_DE_top500",11.068784705099,"Matrix-remodeling fibroblasts","K183156","Keloid"
"K183156_CELL7191_N2","program_DE_top500",16.8526114692595,"Matrix-remodeling fibroblasts","K183156","Keloid"
"K183156_CELL7217_N4","program_DE_top500",17.3295743816987,"ECM-producing fibroblasts","K183156","Keloid"
"K183156_CELL7304_N2","program_DE_top500",16.9375029875139,"Matrix-remodeling fibroblasts","K183156","Keloid"
"K183156_CELL7334_N1","program_DE_top500",12.9898576866869,"ECM-producing fibroblasts","K183156","Keloid"
"K183156_CELL7359_N4","program_DE_top500",13.2697090853079,"Matrix-remodeling fibroblasts","K183156","Keloid"
"K183156_CELL7363_N2","program_DE_top500",6.8445827745318,"Homeostatic/regulatory fibroblasts","K183156","Keloid"
"K183156_CELL7392_N2","program_DE_top500",17.1852397889418,"Homeostatic/regulatory fibroblasts","K183156","Keloid"
"K183156_CELL7395_N4","program_DE_top500",17.4026275913256,"ECM-producing fibroblasts","K183156","Keloid"
"K183156_CELL7397_N3","program_DE_top500",17.5033351077954,"Matrix-remodeling fibroblasts","K183156","Keloid"
"K183156_CELL7420_N2","program_DE_top500",16.0167754789958,"Homeostatic/regulatory fibroblasts","K183156","Keloid"
"K183156_CELL7439_N2","program_DE_top500",17.2681156986285,"Matrix-remodeling fibroblasts","K183156","Keloid"
"K183156_CELL7455_N5","program_DE_top500",15.838368850182,"Matrix-remodeling fibroblasts","K183156","Keloid"
"K183156_CELL7463_N3","program_DE_top500",13.0539646452127,"ECM-producing fibroblasts","K183156","Keloid"
"K183156_CELL7468_N3","program_DE_top500",15.0805550013399,"Homeostatic/regulatory fibroblasts","K183156","Keloid"
"K183156_CELL7483_N2","program_DE_top500",17.5665643728285,"ECM-producing fibroblasts","K183156","Keloid"
"K183156_CELL7486_N2","program_DE_top500",13.9172090751747,"Matrix-remodeling fibroblasts","K183156","Keloid"
"K183156_CELL7503_N3","program_DE_top500",9.73615357374879,"Homeostatic/regulatory fibroblasts","K183156","Keloid"
"K183156_CELL7515_N2","program_DE_top500",17.4437283938551,"ECM-producing fibroblasts","K183156","Keloid"
"K183156_CELL7536_N2","program_DE_top500",17.3220689078575,"ECM-producing fibroblasts","K183156","Keloid"
"K183156_CELL7554_N2","program_DE_top500",9.87673186426588,"ECM-producing fibroblasts","K183156","Keloid"
"K183156_CELL7586_N3","program_DE_top500",14.3177692219822,"Matrix-remodeling fibroblasts","K183156","Keloid"
"K183156_CELL7640_N2","program_DE_top500",16.6891605808039,"ECM-producing fibroblasts","K183156","Keloid"
"K183156_CELL7666_N2","program_DE_top500",17.3226538341609,"ECM-producing fibroblasts","K183156","Keloid"
"K183156_CELL7691_N4","program_DE_top500",9.41462128111317,"Homeostatic/regulatory fibroblasts","K183156","Keloid"
"K183156_CELL7755_N2","program_DE_top500",17.2812415799145,"Matrix-remodeling fibroblasts","K183156","Keloid"
"K183156_CELL7814_N3","program_DE_top500",17.6297313820798,"ECM-producing fibroblasts","K183156","Keloid"
"K183156_CELL7819_N2","program_DE_top500",17.4887866888411,"ECM-producing fibroblasts","K183156","Keloid"
"K183156_CELL7822_N2","program_DE_top500",7.07117447388401,"Matrix-remodeling fibroblasts","K183156","Keloid"
"K183156_CELL7832_N1","program_DE_top500",17.3397669601224,"Matrix-remodeling fibroblasts","K183156","Keloid"
"K183156_CELL7842_N2","program_DE_top500",17.2283100653007,"Matrix-remodeling fibroblasts","K183156","Keloid"
"K183156_CELL7844_N3","program_DE_top500",11.3508204727286,"Homeostatic/regulatory fibroblasts","K183156","Keloid"
"K183156_CELL7856_N2","program_DE_top500",17.4514403538548,"ECM-producing fibroblasts","K183156","Keloid"
"K183156_CELL7863_N2","program_DE_top500",17.3656732246127,"ECM-producing fibroblasts","K183156","Keloid"
"K183156_CELL7890_N3","program_DE_top500",17.5814880662922,"Matrix-remodeling fibroblasts","K183156","Keloid"
"K183156_CELL7899_N3","program_DE_top500",10.376759013244,"ECM-producing fibroblasts","K183156","Keloid"
"K183156_CELL7912_N2","program_DE_top500",9.37695304879485,"ECM-producing fibroblasts","K183156","Keloid"
"K183156_CELL7923_N4","program_DE_top500",7.75846026204902,"Homeostatic/regulatory fibroblasts","K183156","Keloid"
"K183156_CELL7942_N2","program_DE_top500",17.5756700530568,"ECM-producing fibroblasts","K183156","Keloid"
"K183156_CELL8057_N3","program_DE_top500",17.3371407011069,"Matrix-remodeling fibroblasts","K183156","Keloid"
"K183156_CELL8067_N2","program_DE_top500",17.3146386809995,"Matrix-remodeling fibroblasts","K183156","Keloid"
"K183156_CELL8069_N4","program_DE_top500",17.3336860808582,"ECM-producing fibroblasts","K183156","Keloid"
"K183156_CELL8077_N1","program_DE_top500",11.8738087225096,"Homeostatic/regulatory fibroblasts","K183156","Keloid"
"K183156_CELL8086_N3","program_DE_top500",10.3447978795008,"ECM-producing fibroblasts","K183156","Keloid"
"K183156_CELL8087_N1","program_DE_top500",17.2444840730847,"Matrix-remodeling fibroblasts","K183156","Keloid"
"K183156_CELL8097_N2","program_DE_top500",10.0932522364042,"ECM-producing fibroblasts","K183156","Keloid"
"K183156_CELL8111_N5","program_DE_top500",17.3660224390913,"Matrix-remodeling fibroblasts","K183156","Keloid"
"K183156_CELL8140_N3","program_DE_top500",8.5065290922122,"Homeostatic/regulatory fibroblasts","K183156","Keloid"
"K183156_CELL8146_N3","program_DE_top500",12.2356597065237,"Matrix-remodeling fibroblasts","K183156","Keloid"
"K183156_CELL8150_N3","program_DE_top500",12.9660312960525,"ECM-producing fibroblasts","K183156","Keloid"
"K183156_CELL8275_N2","program_DE_top500",9.58280207728176,"Homeostatic/regulatory fibroblasts","K183156","Keloid"
"K183156_CELL8347_N4","program_DE_top500",15.4868958674566,"Homeostatic/regulatory fibroblasts","K183156","Keloid"
"K183156_CELL8382_N2","program_DE_top500",17.6847886786574,"ECM-producing fibroblasts","K183156","Keloid"
"K183156_CELL8384_N4","program_DE_top500",14.8182989719287,"Matrix-remodeling fibroblasts","K183156","Keloid"
"K183156_CELL8387_N3","program_DE_top500",16.5523085411746,"Homeostatic/regulatory fibroblasts","K183156","Keloid"
"K183156_CELL8409_N4","program_DE_top500",10.8991902924697,"ECM-producing fibroblasts","K183156","Keloid"
"K183156_CELL8433_N2","program_DE_top500",17.0365101864613,"ECM-producing fibroblasts","K183156","Keloid"
"K183156_CELL8459_N3","program_DE_top500",16.7812290474001,"Homeostatic/regulatory fibroblasts","K183156","Keloid"
"K183156_CELL8460_N3","program_DE_top500",15.5712690082478,"Matrix-remodeling fibroblasts","K183156","Keloid"
"K183156_CELL8479_N4","program_DE_top500",10.4656861044514,"ECM-producing fibroblasts","K183156","Keloid"
"K183156_CELL8485_N3","program_DE_top500",17.3226355329124,"Matrix-remodeling fibroblasts","K183156","Keloid"
"K183156_CELL8500_N3","program_DE_top500",17.440949754482,"ECM-producing fibroblasts","K183156","Keloid"
"K183156_CELL8545_N2","program_DE_top500",10.5925426481669,"ECM-producing fibroblasts","K183156","Keloid"
"K183156_CELL8569_N6","program_DE_top500",17.5491464129708,"ECM-producing fibroblasts","K183156","Keloid"
"K183156_CELL8573_N2","program_DE_top500",10.2720218727782,"ECM-producing fibroblasts","K183156","Keloid"
"K183156_CELL8667_N2","program_DE_top500",17.4294939485737,"ECM-producing fibroblasts","K183156","Keloid"
"K183156_CELL8703_N2","program_DE_top500",8.16664647171923,"Homeostatic/regulatory fibroblasts","K183156","Keloid"
"K183156_CELL8708_N2","program_DE_top500",15.5651856356463,"Matrix-remodeling fibroblasts","K183156","Keloid"
"K183156_CELL8712_N2","program_DE_top500",10.5209785722851,"ECM-producing fibroblasts","K183156","Keloid"
"K183156_CELL8714_N5","program_DE_top500",16.343380562383,"Homeostatic/regulatory fibroblasts","K183156","Keloid"
"K183156_CELL8726_N2","program_DE_top500",17.6449668328539,"ECM-producing fibroblasts","K183156","Keloid"
"K183156_CELL8731_N2","program_DE_top500",16.4256200737584,"Matrix-remodeling fibroblasts","K183156","Keloid"
"K183156_CELL8769_N3","program_DE_top500",17.7151709116223,"ECM-producing fibroblasts","K183156","Keloid"
"K183156_CELL8823_N4","program_DE_top500",17.6219672018629,"ECM-producing fibroblasts","K183156","Keloid"
"K183156_CELL8887_N2","program_DE_top500",17.2250921027135,"Matrix-remodeling fibroblasts","K183156","Keloid"
"K183156_CELL8902_N2","program_DE_top500",17.2484063737359,"ECM-producing fibroblasts","K183156","Keloid"
"K183156_CELL8924_N5","program_DE_top500",14.1035347857827,"Matrix-remodeling fibroblasts","K183156","Keloid"
"K183156_CELL8949_N3","program_DE_top500",15.4177054986428,"Homeostatic/regulatory fibroblasts","K183156","Keloid"
"K183156_CELL8967_N3","program_DE_top500",16.1369037517935,"Matrix-remodeling fibroblasts","K183156","Keloid"
"K183156_CELL9021_N3","program_DE_top500",10.1198215408027,"ECM-producing fibroblasts","K183156","Keloid"
"K183156_CELL9044_N2","program_DE_top500",17.4925089577152,"ECM-producing fibroblasts","K183156","Keloid"
"K183156_CELL9071_N2","program_DE_top500",16.9633540788453,"Matrix-remodeling fibroblasts","K183156","Keloid"
"K183156_CELL9073_N3","program_DE_top500",10.455941066613,"ECM-producing fibroblasts","K183156","Keloid"
"K183156_CELL9090_N3","program_DE_top500",17.2291730521454,"ECM-producing fibroblasts","K183156","Keloid"
"K183156_CELL9091_N2","program_DE_top500",15.6218409873357,"ECM-producing fibroblasts","K183156","Keloid"
"K183156_CELL9118_N2","program_DE_top500",16.3176104281754,"Matrix-remodeling fibroblasts","K183156","Keloid"
"K183156_CELL9124_N2","program_DE_top500",10.4204500675373,"Homeostatic/regulatory fibroblasts","K183156","Keloid"
"K183156_CELL9134_N2","program_DE_top500",17.5365971135995,"ECM-producing fibroblasts","K183156","Keloid"
"K183156_CELL9175_N3","program_DE_top500",17.2637113575254,"ECM-producing fibroblasts","K183156","Keloid"
"K183156_CELL9198_N5","program_DE_top500",17.203694801712,"ECM-producing fibroblasts","K183156","Keloid"
"K183156_CELL9234_N2","program_DE_top500",9.34146950810688,"Homeostatic/regulatory fibroblasts","K183156","Keloid"
"K183156_CELL9292_N2","program_DE_top500",15.8467135897537,"Matrix-remodeling fibroblasts","K183156","Keloid"
"K183156_CELL9303_N3","program_DE_top500",12.7762437875929,"ECM-producing fibroblasts","K183156","Keloid"
"K183156_CELL9338_N2","program_DE_top500",17.5031250458986,"Matrix-remodeling fibroblasts","K183156","Keloid"
"K183156_CELL9361_N3","program_DE_top500",17.2554113400756,"Homeostatic/regulatory fibroblasts","K183156","Keloid"
"K183156_CELL9400_N1","program_DE_top500",14.1644882643768,"ECM-producing fibroblasts","K183156","Keloid"
"K183156_CELL9528_N2","program_DE_top500",17.3709742569489,"ECM-producing fibroblasts","K183156","Keloid"
"K183156_CELL9530_N2","program_DE_top500",0.266149160852537,"Homeostatic/regulatory fibroblasts","K183156","Keloid"
"K183156_CELL9631_N3","program_DE_top500",15.4923361643509,"Matrix-remodeling fibroblasts","K183156","Keloid"
"K183156_CELL9670_N3","program_DE_top500",15.5033244345497,"Homeostatic/regulatory fibroblasts","K183156","Keloid"
"K183156_CELL9676_N2","program_DE_top500",15.8869479703127,"ECM-producing fibroblasts","K183156","Keloid"
"K183156_CELL9705_N2","program_DE_top500",17.3969317858626,"ECM-producing fibroblasts","K183156","Keloid"
"K183156_CELL9749_N3","program_DE_top500",17.4930990051725,"ECM-producing fibroblasts","K183156","Keloid"
"K183156_CELL9858_N2","program_DE_top500",12.2684977065152,"Homeostatic/regulatory fibroblasts","K183156","Keloid"
"K183156_CELL9873_N2","program_DE_top500",16.7280454432703,"Matrix-remodeling fibroblasts","K183156","Keloid"
"K183156_CELL9912_N2","program_DE_top500",10.8673799636543,"Homeostatic/regulatory fibroblasts","K183156","Keloid"
"K183156_CELL9948_N3","program_DE_top500",13.9513025242244,"Matrix-remodeling fibroblasts","K183156","Keloid"
"K183156_CELL9963_N2","program_DE_top500",10.3257680387522,"ECM-producing fibroblasts","K183156","Keloid"
"K183156_CELL10005_N3","program_DE_top500",17.2812935655377,"Matrix-remodeling fibroblasts","K183156","Keloid"
"K183156_CELL10056_N2","program_DE_top500",17.5273360357371,"ECM-producing fibroblasts","K183156","Keloid"
"K183156_CELL10068_N2","program_DE_top500",17.5049473209418,"ECM-producing fibroblasts","K183156","Keloid"
"K183156_CELL10092_N2","program_DE_top500",17.4486030481004,"ECM-producing fibroblasts","K183156","Keloid"
"K183156_CELL10100_N2","program_DE_top500",17.5512329002776,"ECM-producing fibroblasts","K183156","Keloid"
"K183156_CELL10113_N2","program_DE_top500",14.0779215219469,"Homeostatic/regulatory fibroblasts","K183156","Keloid"
"K183156_CELL10114_N2","program_DE_top500",17.5889694755555,"ECM-producing fibroblasts","K183156","Keloid"
"K183156_CELL10129_N3","program_DE_top500",17.3511920887972,"ECM-producing fibroblasts","K183156","Keloid"
"K183156_CELL10134_N1","program_DE_top500",16.5378574469355,"ECM-producing fibroblasts","K183156","Keloid"
"K183156_CELL10141_N1","program_DE_top500",14.5086127842724,"Matrix-remodeling fibroblasts","K183156","Keloid"
"K183156_CELL10191_N3","program_DE_top500",12.2937023798305,"Homeostatic/regulatory fibroblasts","K183156","Keloid"
"K183156_CELL10230_N2","program_DE_top500",13.9760351494493,"Homeostatic/regulatory fibroblasts","K183156","Keloid"
"K183156_CELL10303_N2","program_DE_top500",17.3463443586633,"Matrix-remodeling fibroblasts","K183156","Keloid"
"K183156_CELL10313_N2","program_DE_top500",9.66075774634332,"ECM-producing fibroblasts","K183156","Keloid"
"K183156_CELL10323_N3","program_DE_top500",17.6805741840834,"ECM-producing fibroblasts","K183156","Keloid"
"K183156_CELL10410_N3","program_DE_top500",15.8965927660395,"Matrix-remodeling fibroblasts","K183156","Keloid"
"K183156_CELL10420_N1","program_DE_top500",17.3965892673375,"ECM-producing fibroblasts","K183156","Keloid"
"K183156_CELL10463_N1","program_DE_top500",14.0465152034211,"Matrix-remodeling fibroblasts","K183156","Keloid"
"K183156_CELL10464_N2","program_DE_top500",17.3325196871675,"Matrix-remodeling fibroblasts","K183156","Keloid"
"K183156_CELL10486_N2","program_DE_top500",17.4569363924713,"ECM-producing fibroblasts","K183156","Keloid"
"K183156_CELL10502_N2","program_DE_top500",17.3987780422897,"ECM-producing fibroblasts","K183156","Keloid"
"K183156_CELL10524_N2","program_DE_top500",10.2857134328287,"ECM-producing fibroblasts","K183156","Keloid"
"K183156_CELL10559_N2","program_DE_top500",0.311110570354935,"Homeostatic/regulatory fibroblasts","K183156","Keloid"
"K183156_CELL10618_N2","program_DE_top500",10.8162463657342,"ECM-producing fibroblasts","K183156","Keloid"
"K183156_CELL10656_N3","program_DE_top500",14.2756205089274,"Matrix-remodeling fibroblasts","K183156","Keloid"
"K183156_CELL10672_N2","program_DE_top500",16.7241717240366,"Matrix-remodeling fibroblasts","K183156","Keloid"
"K183156_CELL10700_N2","program_DE_top500",10.9684141328825,"ECM-producing fibroblasts","K183156","Keloid"
"K183156_CELL10734_N1","program_DE_top500",15.9687084044738,"ECM-producing fibroblasts","K183156","Keloid"
"K183156_CELL10741_N3","program_DE_top500",17.439370756155,"Homeostatic/regulatory fibroblasts","K183156","Keloid"
"K183156_CELL10798_N3","program_DE_top500",8.89246508505189,"ECM-producing fibroblasts","K183156","Keloid"
"K183156_CELL10804_N2","program_DE_top500",16.9357073758022,"Matrix-remodeling fibroblasts","K183156","Keloid"
"K183156_CELL10857_N2","program_DE_top500",14.4029654313929,"Matrix-remodeling fibroblasts","K183156","Keloid"
"K183156_CELL10880_N3","program_DE_top500",17.3200491637561,"ECM-producing fibroblasts","K183156","Keloid"
"K183156_CELL10893_N2","program_DE_top500",17.5596375215356,"ECM-producing fibroblasts","K183156","Keloid"
"K183156_CELL10917_N2","program_DE_top500",16.0015595306127,"Matrix-remodeling fibroblasts","K183156","Keloid"
"K183156_CELL10943_N2","program_DE_top500",17.6340883608751,"ECM-producing fibroblasts","K183156","Keloid"
"K183156_CELL10948_N2","program_DE_top500",17.6953340741697,"ECM-producing fibroblasts","K183156","Keloid"
"K183156_CELL10971_N2","program_DE_top500",17.2756958997086,"ECM-producing fibroblasts","K183156","Keloid"
"K183156_CELL11012_N2","program_DE_top500",15.3358984374297,"Matrix-remodeling fibroblasts","K183156","Keloid"
"K183156_CELL11032_N2","program_DE_top500",17.3328611612582,"Homeostatic/regulatory fibroblasts","K183156","Keloid"
"K183156_CELL11044_N2","program_DE_top500",14.4183733494669,"Homeostatic/regulatory fibroblasts","K183156","Keloid"
"K183156_CELL11054_N2","program_DE_top500",17.7964227866708,"ECM-producing fibroblasts","K183156","Keloid"
"K183156_CELL11075_N2","program_DE_top500",17.2241022228704,"ECM-producing fibroblasts","K183156","Keloid"
"K183156_CELL11129_N1","program_DE_top500",15.884696572189,"Matrix-remodeling fibroblasts","K183156","Keloid"
"K183156_CELL11132_N2","program_DE_top500",12.4699835094371,"ECM-producing fibroblasts","K183156","Keloid"
"K183156_CELL11390_N1","program_DE_top500",17.5858787815935,"ECM-producing fibroblasts","K183156","Keloid"
"K183156_CELL11394_N2","program_DE_top500",10.4268270252478,"ECM-producing fibroblasts","K183156","Keloid"
"K183156_CELL11445_N2","program_DE_top500",12.7483642489086,"Matrix-remodeling fibroblasts","K183156","Keloid"
"K183156_CELL11448_N1","program_DE_top500",15.2150825163758,"Matrix-remodeling fibroblasts","K183156","Keloid"
"K183156_CELL11461_N1","program_DE_top500",17.4535152125305,"ECM-producing fibroblasts","K183156","Keloid"
"K183156_CELL11491_N2","program_DE_top500",16.4479194450338,"Matrix-remodeling fibroblasts","K183156","Keloid"
"K183156_CELL11498_N2","program_DE_top500",17.5846078811035,"ECM-producing fibroblasts","K183156","Keloid"
"K183156_CELL11528_N1","program_DE_top500",17.406466464498,"Matrix-remodeling fibroblasts","K183156","Keloid"
"K183156_CELL11549_N2","program_DE_top500",17.7640025734171,"ECM-producing fibroblasts","K183156","Keloid"
"K183156_CELL11619_N2","program_DE_top500",13.4778561067326,"Matrix-remodeling fibroblasts","K183156","Keloid"
"K183156_CELL11644_N2","program_DE_top500",16.3014805319889,"Matrix-remodeling fibroblasts","K183156","Keloid"
"K183156_CELL11704_N2","program_DE_top500",17.3698207055686,"ECM-producing fibroblasts","K183156","Keloid"
"K183156_CELL12023_N1","program_DE_top500",17.5274926121757,"ECM-producing fibroblasts","K183156","Keloid"
"K183156_CELL12027_N1","program_DE_top500",17.4409916226149,"ECM-producing fibroblasts","K183156","Keloid"
"K183156_CELL12143_N1","program_DE_top500",11.9547594918686,"Homeostatic/regulatory fibroblasts","K183156","Keloid"
"K183156_CELL12180_N1","program_DE_top500",16.6737798559451,"ECM-producing fibroblasts","K183156","Keloid"
"K183156_CELL12370_N1","program_DE_top500",16.8677999615467,"ECM-producing fibroblasts","K183156","Keloid"
"K183156_CELL12402_N1","program_DE_top500",16.3451198872663,"ECM-producing fibroblasts","K183156","Keloid"
"K183156_CELL12553_N1","program_DE_top500",17.6190511173735,"ECM-producing fibroblasts","K183156","Keloid"
"K183156_CELL12562_N1","program_DE_top500",14.5189062831815,"Matrix-remodeling fibroblasts","K183156","Keloid"
"K183156_CELL12572_N1","program_DE_top500",15.1051758834903,"Matrix-remodeling fibroblasts","K183156","Keloid"
"K183156_CELL12703_N1","program_DE_top500",14.9601881158103,"Homeostatic/regulatory fibroblasts","K183156","Keloid"
"K183156_CELL12938_N1","program_DE_top500",12.204778506558,"ECM-producing fibroblasts","K183156","Keloid"
"K183156_CELL12940_N1","program_DE_top500",14.229143286901,"ECM-producing fibroblasts","K183156","Keloid"
"K183156_CELL13119_N1","program_DE_top500",12.0510238788426,"Homeostatic/regulatory fibroblasts","K183156","Keloid"
"K183156_CELL13185_N1","program_DE_top500",17.3177716257367,"Matrix-remodeling fibroblasts","K183156","Keloid"
"K183156_CELL13243_N1","program_DE_top500",15.3753036750163,"Matrix-remodeling fibroblasts","K183156","Keloid"
"K183156_CELL13274_N1","program_DE_top500",13.7435921953067,"Matrix-remodeling fibroblasts","K183156","Keloid"
"K183156_CELL13530_N1","program_DE_top500",14.1516737956568,"Matrix-remodeling fibroblasts","K183156","Keloid"
"K183156_CELL13594_N1","program_DE_top500",0.419899474131384,"Homeostatic/regulatory fibroblasts","K183156","Keloid"
"K183156_CELL13600_N1","program_DE_top500",17.3130612961012,"ECM-producing fibroblasts","K183156","Keloid"
"K183156_CELL13616_N1","program_DE_top500",16.8535610938626,"Matrix-remodeling fibroblasts","K183156","Keloid"
"K183156_CELL13701_N1","program_DE_top500",17.2463873688444,"ECM-producing fibroblasts","K183156","Keloid"
"K183156_CELL13735_N1","program_DE_top500",15.2531067402026,"Matrix-remodeling fibroblasts","K183156","Keloid"
"K183156_CELL13742_N1","program_DE_top500",13.2822558393259,"Matrix-remodeling fibroblasts","K183156","Keloid"
"K183156_CELL13746_N1","program_DE_top500",13.1923146617787,"ECM-producing fibroblasts","K183156","Keloid"
"K183156_CELL13813_N1","program_DE_top500",12.4988977592387,"ECM-producing fibroblasts","K183156","Keloid"
"K183156_CELL13904_N1","program_DE_top500",9.54946098611021,"Homeostatic/regulatory fibroblasts","K183156","Keloid"
"K183156_CELL13915_N1","program_DE_top500",15.3001158671646,"Matrix-remodeling fibroblasts","K183156","Keloid"
"K183156_CELL14109_N1","program_DE_top500",12.9436796605442,"Homeostatic/regulatory fibroblasts","K183156","Keloid"
"K183156_CELL14120_N1","program_DE_top500",17.2451522142541,"ECM-producing fibroblasts","K183156","Keloid"
"K183156_CELL14220_N1","program_DE_top500",14.6141147374455,"Matrix-remodeling fibroblasts","K183156","Keloid"
"K183156_CELL14485_N1","program_DE_top500",0.356373745953876,"Homeostatic/regulatory fibroblasts","K183156","Keloid"
"K183156_CELL14497_N1","program_DE_top500",0.423173152205222,"Homeostatic/regulatory fibroblasts","K183156","Keloid"
"K183156_CELL14655_N1","program_DE_top500",10.0440575979067,"Homeostatic/regulatory fibroblasts","K183156","Keloid"
"K183156_CELL14943_N1","program_DE_top500",12.1929487715625,"Homeostatic/regulatory fibroblasts","K183156","Keloid"
"K183156_CELL15191_N1","program_DE_top500",10.4891796285634,"ECM-producing fibroblasts","K183156","Keloid"
"K183156_CELL15238_N1","program_DE_top500",9.9526020764126,"Homeostatic/regulatory fibroblasts","K183156","Keloid"
"K183156_CELL15254_N1","program_DE_top500",9.91346775514849,"ECM-producing fibroblasts","K183156","Keloid"
"K183156_CELL15264_N1","program_DE_top500",17.2873235809244,"ECM-producing fibroblasts","K183156","Keloid"
"K183156_CELL15274_N1","program_DE_top500",15.7483623062998,"Homeostatic/regulatory fibroblasts","K183156","Keloid"
"K183156_CELL15399_N1","program_DE_top500",16.9035198117757,"ECM-producing fibroblasts","K183156","Keloid"
"K183156_CELL15403_N1","program_DE_top500",12.999347717437,"Matrix-remodeling fibroblasts","K183156","Keloid"
"K183156_CELL16060_N1","program_DE_top500",11.6599964056196,"ECM-producing fibroblasts","K183156","Keloid"
"K183156_CELL16096_N1","program_DE_top500",13.450146315476,"ECM-producing fibroblasts","K183156","Keloid"
"K183156_CELL16111_N1","program_DE_top500",12.8527345241624,"Matrix-remodeling fibroblasts","K183156","Keloid"
"K183156_CELL16229_N1","program_DE_top500",17.6256996661738,"ECM-producing fibroblasts","K183156","Keloid"
"K183156_CELL16234_N1","program_DE_top500",15.9597720995254,"Matrix-remodeling fibroblasts","K183156","Keloid"
"K183156_CELL16421_N1","program_DE_top500",17.3175492850082,"ECM-producing fibroblasts","K183156","Keloid"
"K183156_CELL16445_N1","program_DE_top500",13.0046329787214,"Matrix-remodeling fibroblasts","K183156","Keloid"
"K183156_CELL16653_N1","program_DE_top500",10.2863756176256,"ECM-producing fibroblasts","K183156","Keloid"
"K183156_CELL16786_N1","program_DE_top500",12.8854989960019,"ECM-producing fibroblasts","K183156","Keloid"
"K183156_CELL16808_N1","program_DE_top500",17.2852413684253,"ECM-producing fibroblasts","K183156","Keloid"
"K183156_CELL16910_N1","program_DE_top500",10.6072100126946,"ECM-producing fibroblasts","K183156","Keloid"
"K183156_CELL16917_N1","program_DE_top500",14.7443399479022,"Homeostatic/regulatory fibroblasts","K183156","Keloid"
"K183156_CELL16948_N1","program_DE_top500",13.4209570108164,"Matrix-remodeling fibroblasts","K183156","Keloid"
"K183156_CELL17030_N1","program_DE_top500",10.4594700552349,"ECM-producing fibroblasts","K183156","Keloid"
"K183156_CELL17401_N1","program_DE_top500",10.1399640643535,"ECM-producing fibroblasts","K183156","Keloid"
"K183156_CELL17512_N1","program_DE_top500",17.5278907698214,"ECM-producing fibroblasts","K183156","Keloid"
"K183156_CELL17642_N1","program_DE_top500",17.7814788126964,"ECM-producing fibroblasts","K183156","Keloid"
"K183156_CELL17684_N1","program_DE_top500",17.4714283016881,"ECM-producing fibroblasts","K183156","Keloid"
"K183156_CELL17722_N1","program_DE_top500",14.0877147166189,"ECM-producing fibroblasts","K183156","Keloid"
"K183156_CELL17734_N1","program_DE_top500",15.3101423104876,"Matrix-remodeling fibroblasts","K183156","Keloid"
"K183156_CELL18630_N1","program_DE_top500",17.0891361889392,"Homeostatic/regulatory fibroblasts","K183156","Keloid"
"K183156_CELL18657_N1","program_DE_top500",17.8157568522303,"ECM-producing fibroblasts","K183156","Keloid"
"K183156_CELL18789_N1","program_DE_top500",9.99931518074854,"ECM-producing fibroblasts","K183156","Keloid"
"K183156_CELL18792_N1","program_DE_top500",17.2752271242775,"ECM-producing fibroblasts","K183156","Keloid"
"K183156_CELL18793_N1","program_DE_top500",17.6261492535008,"ECM-producing fibroblasts","K183156","Keloid"
"K183156_CELL19813_N1","program_DE_top500",13.2540899682107,"ECM-producing fibroblasts","K183156","Keloid"
"K183156_CELL19814_N1","program_DE_top500",17.5832057567016,"ECM-producing fibroblasts","K183156","Keloid"
"K183156_CELL19878_N1","program_DE_top500",17.4716890299072,"ECM-producing fibroblasts","K183156","Keloid"
"K183156_CELL20275_N1","program_DE_top500",17.5557771540523,"ECM-producing fibroblasts","K183156","Keloid"
"K183156_CELL20290_N1","program_DE_top500",11.4794466471449,"Homeostatic/regulatory fibroblasts","K183156","Keloid"
"K183156_CELL20345_N1","program_DE_top500",12.6981655430248,"Homeostatic/regulatory fibroblasts","K183156","Keloid"
"K183156_CELL20450_N1","program_DE_top500",17.4087812093342,"ECM-producing fibroblasts","K183156","Keloid"
"K183156_CELL20562_N1","program_DE_top500",17.3486950326256,"ECM-producing fibroblasts","K183156","Keloid"
"K183156_CELL20706_N1","program_DE_top500",17.3536620773867,"ECM-producing fibroblasts","K183156","Keloid"
"K183156_CELL20789_N1","program_DE_top500",10.2454348792389,"ECM-producing fibroblasts","K183156","Keloid"
"K183156_CELL20985_N1","program_DE_top500",17.2901339448344,"Matrix-remodeling fibroblasts","K183156","Keloid"
"K183156_CELL21168_N1","program_DE_top500",17.2318044531354,"Matrix-remodeling fibroblasts","K183156","Keloid"
"K183156_CELL21516_N1","program_DE_top500",17.399336713331,"Matrix-remodeling fibroblasts","K183156","Keloid"
"K183156_CELL21521_N1","program_DE_top500",13.1878478257831,"Homeostatic/regulatory fibroblasts","K183156","Keloid"
"K183156_CELL21648_N1","program_DE_top500",17.7042555046561,"ECM-producing fibroblasts","K183156","Keloid"
"K183156_CELL21667_N1","program_DE_top500",16.1398999261591,"ECM-producing fibroblasts","K183156","Keloid"
"K183156_CELL21715_N1","program_DE_top500",16.2739339477631,"Matrix-remodeling fibroblasts","K183156","Keloid"
"K183156_CELL21988_N1","program_DE_top500",17.3655229680995,"ECM-producing fibroblasts","K183156","Keloid"
"K183156_CELL22021_N1","program_DE_top500",10.0610583166694,"ECM-producing fibroblasts","K183156","Keloid"
"K183156_CELL22099_N1","program_DE_top500",17.3150597904025,"ECM-producing fibroblasts","K183156","Keloid"
"K183156_CELL22266_N1","program_DE_top500",14.2478573338508,"ECM-producing fibroblasts","K183156","Keloid"
"K183156_CELL22495_N1","program_DE_top500",16.7652570891697,"ECM-producing fibroblasts","K183156","Keloid"
"K183156_CELL22524_N1","program_DE_top500",12.6575615637955,"Homeostatic/regulatory fibroblasts","K183156","Keloid"
"K183156_CELL22617_N1","program_DE_top500",15.8982630635232,"Matrix-remodeling fibroblasts","K183156","Keloid"
"K183156_CELL22643_N1","program_DE_top500",0.382880951799411,"Homeostatic/regulatory fibroblasts","K183156","Keloid"
"K183156_CELL22720_N1","program_DE_top500",14.0335160663109,"Homeostatic/regulatory fibroblasts","K183156","Keloid"
"K183156_CELL23175_N1","program_DE_top500",17.3590732652304,"ECM-producing fibroblasts","K183156","Keloid"
"K183156_CELL23273_N1","program_DE_top500",13.4266972834389,"Homeostatic/regulatory fibroblasts","K183156","Keloid"
"K183156_CELL23386_N1","program_DE_top500",17.4820422584115,"ECM-producing fibroblasts","K183156","Keloid"
"K183156_CELL23524_N1","program_DE_top500",17.3584226886043,"ECM-producing fibroblasts","K183156","Keloid"
"K183156_CELL23808_N1","program_DE_top500",10.8655736016033,"Matrix-remodeling fibroblasts","K183156","Keloid"
"K183156_CELL23876_N1","program_DE_top500",17.3780027455845,"ECM-producing fibroblasts","K183156","Keloid"
"K183156_CELL24187_N1","program_DE_top500",16.4860789415375,"Matrix-remodeling fibroblasts","K183156","Keloid"
"K183156_CELL24214_N1","program_DE_top500",15.339198363562,"Matrix-remodeling fibroblasts","K183156","Keloid"
"K183156_CELL24301_N1","program_DE_top500",15.7914464093933,"Matrix-remodeling fibroblasts","K183156","Keloid"
"K183156_CELL24762_N1","program_DE_top500",0.343949988283888,"Homeostatic/regulatory fibroblasts","K183156","Keloid"
"K183156_CELL24977_N1","program_DE_top500",10.342383941454,"ECM-producing fibroblasts","K183156","Keloid"
"K183156_CELL25010_N1","program_DE_top500",13.1901461786418,"Matrix-remodeling fibroblasts","K183156","Keloid"
"K183156_CELL25144_N1","program_DE_top500",17.182140839313,"Matrix-remodeling fibroblasts","K183156","Keloid"
"K183156_CELL25363_N1","program_DE_top500",17.0861571354539,"Matrix-remodeling fibroblasts","K183156","Keloid"
"K183156_CELL25423_N1","program_DE_top500",14.8439180173081,"Matrix-remodeling fibroblasts","K183156","Keloid"
"K183156_CELL25737_N1","program_DE_top500",14.6556021417681,"Matrix-remodeling fibroblasts","K183156","Keloid"
"K183156_CELL26172_N1","program_DE_top500",16.6354752594206,"ECM-producing fibroblasts","K183156","Keloid"
"K183156_CELL26269_N1","program_DE_top500",17.2662406387321,"Homeostatic/regulatory fibroblasts","K183156","Keloid"
"K183156_CELL26381_N1","program_DE_top500",17.4320184317447,"ECM-producing fibroblasts","K183156","Keloid"
"K183156_CELL26435_N1","program_DE_top500",9.64075475130659,"Homeostatic/regulatory fibroblasts","K183156","Keloid"
"K183156_CELL26465_N1","program_DE_top500",17.6224130914602,"ECM-producing fibroblasts","K183156","Keloid"
"K183156_CELL26500_N1","program_DE_top500",15.4627433020658,"ECM-producing fibroblasts","K183156","Keloid"
"K183156_CELL26953_N1","program_DE_top500",16.9623049931078,"ECM-producing fibroblasts","K183156","Keloid"
"K183156_CELL26993_N1","program_DE_top500",7.78856249268626,"Homeostatic/regulatory fibroblasts","K183156","Keloid"
"K183156_CELL27570_N1","program_DE_top500",14.0968478365647,"Matrix-remodeling fibroblasts","K183156","Keloid"
"K183156_CELL27743_N1","program_DE_top500",17.187907663287,"ECM-producing fibroblasts","K183156","Keloid"
"K183156_CELL27800_N1","program_DE_top500",3.9519414959855,"Homeostatic/regulatory fibroblasts","K183156","Keloid"
"K183156_CELL27868_N1","program_DE_top500",0.329079221171322,"Homeostatic/regulatory fibroblasts","K183156","Keloid"
"K183156_CELL27961_N1","program_DE_top500",14.5042793437599,"Homeostatic/regulatory fibroblasts","K183156","Keloid"
"K183156_CELL28048_N1","program_DE_top500",15.6680973941393,"Matrix-remodeling fibroblasts","K183156","Keloid"
"K183156_CELL28084_N1","program_DE_top500",10.1236079049332,"ECM-producing fibroblasts","K183156","Keloid"
"K183156_CELL28271_N1","program_DE_top500",16.9655257827411,"ECM-producing fibroblasts","K183156","Keloid"
"K183156_CELL28277_N1","program_DE_top500",13.0691647271907,"Homeostatic/regulatory fibroblasts","K183156","Keloid"
"K183156_CELL28434_N1","program_DE_top500",14.7298174927438,"Matrix-remodeling fibroblasts","K183156","Keloid"
"K183156_CELL28511_N1","program_DE_top500",12.8664626072123,"Homeostatic/regulatory fibroblasts","K183156","Keloid"
"K183156_CELL28650_N1","program_DE_top500",17.9541400458252,"ECM-producing fibroblasts","K183156","Keloid"
"K183156_CELL28725_N1","program_DE_top500",10.1172436353765,"ECM-producing fibroblasts","K183156","Keloid"
"K183156_CELL28774_N1","program_DE_top500",14.2289096499195,"ECM-producing fibroblasts","K183156","Keloid"
"K183156_CELL28889_N1","program_DE_top500",12.1538366302653,"ECM-producing fibroblasts","K183156","Keloid"
"K183156_CELL29055_N1","program_DE_top500",17.0693092468111,"Matrix-remodeling fibroblasts","K183156","Keloid"
"K183156_CELL29107_N1","program_DE_top500",11.1309484031146,"Matrix-remodeling fibroblasts","K183156","Keloid"
"K183156_CELL29144_N1","program_DE_top500",10.7319468078699,"ECM-producing fibroblasts","K183156","Keloid"
"K183156_CELL29247_N1","program_DE_top500",13.0055007100677,"Homeostatic/regulatory fibroblasts","K183156","Keloid"
"K183156_CELL29350_N1","program_DE_top500",16.6848960683862,"ECM-producing fibroblasts","K183156","Keloid"
"K183156_CELL29405_N1","program_DE_top500",17.3956463611061,"Homeostatic/regulatory fibroblasts","K183156","Keloid"
"K183156_CELL29464_N1","program_DE_top500",9.65305641589103,"Homeostatic/regulatory fibroblasts","K183156","Keloid"
"K183156_CELL29671_N1","program_DE_top500",15.173876519533,"Matrix-remodeling fibroblasts","K183156","Keloid"
"K183156_CELL29753_N1","program_DE_top500",12.6078171720097,"Matrix-remodeling fibroblasts","K183156","Keloid"
"K183156_CELL29916_N1","program_DE_top500",12.9415885256412,"Matrix-remodeling fibroblasts","K183156","Keloid"
"K183156_CELL29934_N1","program_DE_top500",10.4865738484203,"ECM-producing fibroblasts","K183156","Keloid"
"K183156_CELL30145_N1","program_DE_top500",16.2953004592839,"Matrix-remodeling fibroblasts","K183156","Keloid"
"K183156_CELL30180_N1","program_DE_top500",16.8972847093787,"Matrix-remodeling fibroblasts","K183156","Keloid"
"K183156_CELL31044_N1","program_DE_top500",9.67030509623878,"Homeostatic/regulatory fibroblasts","K183156","Keloid"
"K183156_CELL31471_N1","program_DE_top500",13.9110933504888,"Matrix-remodeling fibroblasts","K183156","Keloid"
"K183156_CELL31584_N1","program_DE_top500",17.4670875003534,"Matrix-remodeling fibroblasts","K183156","Keloid"
"K183156_CELL31596_N1","program_DE_top500",17.3510504064401,"Matrix-remodeling fibroblasts","K183156","Keloid"
"K183156_CELL31644_N1","program_DE_top500",15.9574026901153,"ECM-producing fibroblasts","K183156","Keloid"
"K183156_CELL31729_N1","program_DE_top500",15.1710282006576,"ECM-producing fibroblasts","K183156","Keloid"
"K183156_CELL31924_N1","program_DE_top500",10.8577576271226,"Homeostatic/regulatory fibroblasts","K183156","Keloid"
"K183156_CELL32069_N1","program_DE_top500",13.6806572763409,"Matrix-remodeling fibroblasts","K183156","Keloid"
"K183156_CELL32181_N1","program_DE_top500",15.9416742183798,"Homeostatic/regulatory fibroblasts","K183156","Keloid"
"K183156_CELL32209_N1","program_DE_top500",10.2738759680723,"ECM-producing fibroblasts","K183156","Keloid"
"K183261_CELL782_N3","program_DE_top500",13.1486229431789,"Homeostatic/regulatory fibroblasts","K183261","Keloid"
"K183261_CELL831_N2","program_DE_top500",10.8542533726207,"Homeostatic/regulatory fibroblasts","K183261","Keloid"
"K183261_CELL1053_N6","program_DE_top500",17.2231775708696,"ECM-producing fibroblasts","K183261","Keloid"
"K183261_CELL1385_N2","program_DE_top500",7.50279297264781,"Homeostatic/regulatory fibroblasts","K183261","Keloid"
"K183261_CELL1474_N3","program_DE_top500",10.2686952259702,"Homeostatic/regulatory fibroblasts","K183261","Keloid"
"K183261_CELL1794_N4","program_DE_top500",12.1469493290335,"ECM-producing fibroblasts","K183261","Keloid"
"K183261_CELL1909_N4","program_DE_top500",10.0043417246296,"Homeostatic/regulatory fibroblasts","K183261","Keloid"
"K183261_CELL1937_N4","program_DE_top500",3.81106559211091,"Homeostatic/regulatory fibroblasts","K183261","Keloid"
"K183261_CELL2058_N2","program_DE_top500",17.1325389871891,"ECM-producing fibroblasts","K183261","Keloid"
"K183261_CELL2230_N5","program_DE_top500",9.492455651276,"ECM-producing fibroblasts","K183261","Keloid"
"K183261_CELL2234_N4","program_DE_top500",6.66646525601064,"Homeostatic/regulatory fibroblasts","K183261","Keloid"
"K183261_CELL2264_N3","program_DE_top500",17.2414456509209,"ECM-producing fibroblasts","K183261","Keloid"
"K183261_CELL2301_N2","program_DE_top500",2.17152660808217,"Matrix-remodeling fibroblasts","K183261","Keloid"
"K183261_CELL3150_N2","program_DE_top500",12.5287172845893,"ECM-producing fibroblasts","K183261","Keloid"
"K183261_CELL3380_N4","program_DE_top500",8.15489727862669,"Homeostatic/regulatory fibroblasts","K183261","Keloid"
"K183261_CELL3662_N6","program_DE_top500",10.6779513989174,"Homeostatic/regulatory fibroblasts","K183261","Keloid"
"K183261_CELL3774_N3","program_DE_top500",12.2828198798143,"Matrix-remodeling fibroblasts","K183261","Keloid"
"K183261_CELL4138_N3","program_DE_top500",10.5856356906566,"ECM-producing fibroblasts","K183261","Keloid"
"K183261_CELL4247_N4","program_DE_top500",9.13058560979186,"Homeostatic/regulatory fibroblasts","K183261","Keloid"
"K183261_CELL4530_N7","program_DE_top500",17.5388558823972,"ECM-producing fibroblasts","K183261","Keloid"
"K183261_CELL4642_N3","program_DE_top500",13.0857198693677,"ECM-producing fibroblasts","K183261","Keloid"
"K183261_CELL4741_N3","program_DE_top500",14.3351996285129,"Homeostatic/regulatory fibroblasts","K183261","Keloid"
"K183261_CELL5112_N2","program_DE_top500",12.5810587291864,"Homeostatic/regulatory fibroblasts","K183261","Keloid"
"K183261_CELL5265_N2","program_DE_top500",10.035073812645,"Homeostatic/regulatory fibroblasts","K183261","Keloid"
"K183261_CELL5296_N2","program_DE_top500",13.953084275453,"Matrix-remodeling fibroblasts","K183261","Keloid"
"K183261_CELL6116_N2","program_DE_top500",7.25496991855313,"Homeostatic/regulatory fibroblasts","K183261","Keloid"
"K183261_CELL6202_N3","program_DE_top500",14.5523633449842,"ECM-producing fibroblasts","K183261","Keloid"
"K183261_CELL7358_N2","program_DE_top500",17.572327358813,"ECM-producing fibroblasts","K183261","Keloid"
"K183261_CELL7359_N1","program_DE_top500",9.38619771845294,"Matrix-remodeling fibroblasts","K183261","Keloid"
"K183261_CELL8615_N4","program_DE_top500",8.29866574744463,"Homeostatic/regulatory fibroblasts","K183261","Keloid"
"K183261_CELL9070_N3","program_DE_top500",10.611726951084,"ECM-producing fibroblasts","K183261","Keloid"
"K183261_CELL9269_N3","program_DE_top500",13.4565752840675,"Matrix-remodeling fibroblasts","K183261","Keloid"
"K183261_CELL9511_N3","program_DE_top500",16.1400481130208,"Matrix-remodeling fibroblasts","K183261","Keloid"
"K183261_CELL9537_N3","program_DE_top500",0.360649793424034,"Homeostatic/regulatory fibroblasts","K183261","Keloid"
"K183261_CELL9555_N2","program_DE_top500",7.41827044652722,"Homeostatic/regulatory fibroblasts","K183261","Keloid"
"K183261_CELL9812_N4","program_DE_top500",8.38832914114911,"Homeostatic/regulatory fibroblasts","K183261","Keloid"
"K183261_CELL9904_N2","program_DE_top500",5.78093753578059,"Homeostatic/regulatory fibroblasts","K183261","Keloid"
"K183261_CELL10261_N1","program_DE_top500",12.0062371597247,"ECM-producing fibroblasts","K183261","Keloid"
"K183261_CELL12047_N1","program_DE_top500",10.4068820634493,"ECM-producing fibroblasts","K183261","Keloid"
"K183261_CELL13785_N1","program_DE_top500",8.48077187309026,"Homeostatic/regulatory fibroblasts","K183261","Keloid"
"K183261_CELL17149_N1","program_DE_top500",11.7671646415791,"Matrix-remodeling fibroblasts","K183261","Keloid"
"K183261_CELL17959_N1","program_DE_top500",10.4925697866556,"ECM-producing fibroblasts","K183261","Keloid"
"K183261_CELL19488_N1","program_DE_top500",9.72491179709379,"Homeostatic/regulatory fibroblasts","K183261","Keloid"
"K183261_CELL20828_N1","program_DE_top500",13.2300243736371,"ECM-producing fibroblasts","K183261","Keloid"
"K183261_CELL26267_N1","program_DE_top500",10.4686312163299,"Homeostatic/regulatory fibroblasts","K183261","Keloid"
"K183261_CELL30227_N1","program_DE_top500",10.0360601017873,"ECM-producing fibroblasts","K183261","Keloid"
"K183261_CELL34896_N1","program_DE_top500",0.333435442566079,"Homeostatic/regulatory fibroblasts","K183261","Keloid"
"K183261_CELL36106_N1","program_DE_top500",10.987430452428,"Homeostatic/regulatory fibroblasts","K183261","Keloid"
"K183261_CELL37268_N1","program_DE_top500",5.27058297746522,"ECM-producing fibroblasts","K183261","Keloid"
"K712771_CELL329_N4","program_DE_top500",17.3238207136023,"Matrix-remodeling fibroblasts","K712771","Keloid"
"K712771_CELL502_N3","program_DE_top500",0.436594851492109,"Homeostatic/regulatory fibroblasts","K712771","Keloid"
"K712771_CELL710_N4","program_DE_top500",10.7884268139,"ECM-producing fibroblasts","K712771","Keloid"
"K712771_CELL834_N1","program_DE_top500",10.1996025547461,"Matrix-remodeling fibroblasts","K712771","Keloid"
"K712771_CELL859_N6","program_DE_top500",8.20756465570649,"Homeostatic/regulatory fibroblasts","K712771","Keloid"
"K712771_CELL1003_N2","program_DE_top500",16.7803045400104,"ECM-producing fibroblasts","K712771","Keloid"
"K712771_CELL1279_N4","program_DE_top500",16.6906692566306,"Matrix-remodeling fibroblasts","K712771","Keloid"
"K712771_CELL1351_N2","program_DE_top500",13.1568995228408,"ECM-producing fibroblasts","K712771","Keloid"
"K712771_CELL1464_N4","program_DE_top500",14.0693661087633,"Homeostatic/regulatory fibroblasts","K712771","Keloid"
"K712771_CELL1603_N2","program_DE_top500",12.5097746246866,"Homeostatic/regulatory fibroblasts","K712771","Keloid"
"K712771_CELL1806_N3","program_DE_top500",12.2187634326963,"Matrix-remodeling fibroblasts","K712771","Keloid"
"K712771_CELL1977_N5","program_DE_top500",17.4675922988101,"ECM-producing fibroblasts","K712771","Keloid"
"K712771_CELL1989_N4","program_DE_top500",10.5595813142708,"ECM-producing fibroblasts","K712771","Keloid"
"K712771_CELL1996_N3","program_DE_top500",13.6157320332983,"Homeostatic/regulatory fibroblasts","K712771","Keloid"
"K712771_CELL2224_N4","program_DE_top500",15.9576149614451,"Homeostatic/regulatory fibroblasts","K712771","Keloid"
"K712771_CELL2493_N7","program_DE_top500",17.4527662370341,"ECM-producing fibroblasts","K712771","Keloid"
"K712771_CELL2762_N5","program_DE_top500",12.2311524600972,"Matrix-remodeling fibroblasts","K712771","Keloid"
"K712771_CELL3052_N3","program_DE_top500",16.5733793946353,"Matrix-remodeling fibroblasts","K712771","Keloid"
"K712771_CELL3113_N2","program_DE_top500",13.5308269432975,"Matrix-remodeling fibroblasts","K712771","Keloid"
"K712771_CELL3674_N3","program_DE_top500",15.6840249829417,"Matrix-remodeling fibroblasts","K712771","Keloid"
"K712771_CELL4138_N2","program_DE_top500",9.17134371838293,"Matrix-remodeling fibroblasts","K712771","Keloid"
"K712771_CELL4504_N2","program_DE_top500",14.9508236428992,"ECM-producing fibroblasts","K712771","Keloid"
"K712771_CELL5011_N4","program_DE_top500",11.8870919878986,"Matrix-remodeling fibroblasts","K712771","Keloid"
"K712771_CELL5241_N2","program_DE_top500",10.9450483891573,"Homeostatic/regulatory fibroblasts","K712771","Keloid"
"K712771_CELL5313_N2","program_DE_top500",12.7128447012346,"Matrix-remodeling fibroblasts","K712771","Keloid"
"K712771_CELL5445_N4","program_DE_top500",12.0846005748407,"Matrix-remodeling fibroblasts","K712771","Keloid"
"K712771_CELL5485_N1","program_DE_top500",10.2046217105669,"Matrix-remodeling fibroblasts","K712771","Keloid"
"K712771_CELL5492_N2","program_DE_top500",17.148565125805,"Matrix-remodeling fibroblasts","K712771","Keloid"
"K712771_CELL5571_N3","program_DE_top500",13.9768180716599,"ECM-producing fibroblasts","K712771","Keloid"
"K712771_CELL5672_N2","program_DE_top500",17.3774889918278,"ECM-producing fibroblasts","K712771","Keloid"
"K712771_CELL5695_N3","program_DE_top500",13.243338046236,"ECM-producing fibroblasts","K712771","Keloid"
"K712771_CELL6146_N1","program_DE_top500",10.5119765436763,"ECM-producing fibroblasts","K712771","Keloid"
"K712771_CELL6298_N2","program_DE_top500",0.372819088932296,"Homeostatic/regulatory fibroblasts","K712771","Keloid"
"K712771_CELL6542_N3","program_DE_top500",17.359565801351,"ECM-producing fibroblasts","K712771","Keloid"
"K712771_CELL6576_N2","program_DE_top500",9.88992468538562,"Homeostatic/regulatory fibroblasts","K712771","Keloid"
"K712771_CELL6579_N2","program_DE_top500",13.9279908860506,"Matrix-remodeling fibroblasts","K712771","Keloid"
"K712771_CELL6732_N2","program_DE_top500",17.4677410855214,"ECM-producing fibroblasts","K712771","Keloid"
"K712771_CELL6787_N2","program_DE_top500",11.1990647011347,"ECM-producing fibroblasts","K712771","Keloid"
"K712771_CELL6857_N3","program_DE_top500",16.5070454438457,"Matrix-remodeling fibroblasts","K712771","Keloid"
"K712771_CELL7321_N4","program_DE_top500",10.6931885430028,"ECM-producing fibroblasts","K712771","Keloid"
"K712771_CELL7398_N2","program_DE_top500",15.8651728540543,"Matrix-remodeling fibroblasts","K712771","Keloid"
"K712771_CELL7490_N2","program_DE_top500",16.8433049498792,"ECM-producing fibroblasts","K712771","Keloid"
"K712771_CELL8181_N2","program_DE_top500",9.05611412821355,"Matrix-remodeling fibroblasts","K712771","Keloid"
"K712771_CELL8397_N3","program_DE_top500",12.9023145350928,"Matrix-remodeling fibroblasts","K712771","Keloid"
"K712771_CELL8809_N1","program_DE_top500",11.3374063492846,"Matrix-remodeling fibroblasts","K712771","Keloid"
"K712771_CELL8906_N2","program_DE_top500",17.6106862065917,"ECM-producing fibroblasts","K712771","Keloid"
"K712771_CELL8975_N2","program_DE_top500",9.88176411212703,"Homeostatic/regulatory fibroblasts","K712771","Keloid"
"K712771_CELL9044_N2","program_DE_top500",15.2744595856204,"Matrix-remodeling fibroblasts","K712771","Keloid"
"K712771_CELL9469_N1","program_DE_top500",11.9595187304901,"Homeostatic/regulatory fibroblasts","K712771","Keloid"
"K712771_CELL9682_N5","program_DE_top500",17.281872467695,"ECM-producing fibroblasts","K712771","Keloid"
"K712771_CELL10156_N2","program_DE_top500",3.64996377168828,"ECM-producing fibroblasts","K712771","Keloid"
"K712771_CELL10795_N1","program_DE_top500",11.1394712222541,"Matrix-remodeling fibroblasts","K712771","Keloid"
"K712771_CELL11078_N2","program_DE_top500",9.87120883039373,"Matrix-remodeling fibroblasts","K712771","Keloid"
"K712771_CELL11095_N3","program_DE_top500",17.5342362623317,"ECM-producing fibroblasts","K712771","Keloid"
"K712771_CELL11452_N2","program_DE_top500",17.2738587236483,"Matrix-remodeling fibroblasts","K712771","Keloid"
"K712771_CELL11479_N2","program_DE_top500",13.370411244572,"Matrix-remodeling fibroblasts","K712771","Keloid"
"K712771_CELL11481_N2","program_DE_top500",13.5130587614408,"Matrix-remodeling fibroblasts","K712771","Keloid"
"K712771_CELL11522_N3","program_DE_top500",12.4394117207692,"Matrix-remodeling fibroblasts","K712771","Keloid"
"K712771_CELL11558_N3","program_DE_top500",13.1951934199293,"Matrix-remodeling fibroblasts","K712771","Keloid"
"K712771_CELL11931_N2","program_DE_top500",17.2340966604258,"ECM-producing fibroblasts","K712771","Keloid"
"K712771_CELL12144_N2","program_DE_top500",17.3098344308297,"ECM-producing fibroblasts","K712771","Keloid"
"K712771_CELL12364_N3","program_DE_top500",17.5004441866175,"Matrix-remodeling fibroblasts","K712771","Keloid"
"K712771_CELL12466_N1","program_DE_top500",3.60688084070949,"Matrix-remodeling fibroblasts","K712771","Keloid"
"K712771_CELL12512_N1","program_DE_top500",5.27915509990237,"Matrix-remodeling fibroblasts","K712771","Keloid"
"K712771_CELL12584_N2","program_DE_top500",3.73550308098875,"Homeostatic/regulatory fibroblasts","K712771","Keloid"
"K712771_CELL12890_N2","program_DE_top500",10.8743559173942,"Homeostatic/regulatory fibroblasts","K712771","Keloid"
"K712771_CELL13133_N1","program_DE_top500",12.8948936634353,"Homeostatic/regulatory fibroblasts","K712771","Keloid"
"K712771_CELL13267_N1","program_DE_top500",4.36265321271111,"Matrix-remodeling fibroblasts","K712771","Keloid"
"K712771_CELL13941_N1","program_DE_top500",11.3622871421886,"Matrix-remodeling fibroblasts","K712771","Keloid"
"K712771_CELL14353_N1","program_DE_top500",12.0007686409388,"Homeostatic/regulatory fibroblasts","K712771","Keloid"
"K712771_CELL15190_N1","program_DE_top500",12.616357428766,"Matrix-remodeling fibroblasts","K712771","Keloid"
"K712771_CELL15220_N1","program_DE_top500",9.36626600244434,"Homeostatic/regulatory fibroblasts","K712771","Keloid"
"K712771_CELL16633_N1","program_DE_top500",10.9036291065686,"ECM-producing fibroblasts","K712771","Keloid"
"K712771_CELL16714_N1","program_DE_top500",9.07279401536843,"Matrix-remodeling fibroblasts","K712771","Keloid"
"K712771_CELL17064_N1","program_DE_top500",8.36985244769381,"Matrix-remodeling fibroblasts","K712771","Keloid"
"K712771_CELL17104_N1","program_DE_top500",10.0449543101117,"ECM-producing fibroblasts","K712771","Keloid"
"K712771_CELL17382_N1","program_DE_top500",10.4602160461151,"Matrix-remodeling fibroblasts","K712771","Keloid"
"K712771_CELL18078_N1","program_DE_top500",13.9578044241149,"Matrix-remodeling fibroblasts","K712771","Keloid"
"K712771_CELL18219_N1","program_DE_top500",16.0244706077864,"ECM-producing fibroblasts","K712771","Keloid"
"K712771_CELL19019_N1","program_DE_top500",9.20825062533448,"Matrix-remodeling fibroblasts","K712771","Keloid"
"K712771_CELL19429_N1","program_DE_top500",11.0256232824999,"Homeostatic/regulatory fibroblasts","K712771","Keloid"
"K712771_CELL19483_N1","program_DE_top500",15.0699158232805,"Matrix-remodeling fibroblasts","K712771","Keloid"
"K712771_CELL20341_N1","program_DE_top500",14.3391026748771,"Matrix-remodeling fibroblasts","K712771","Keloid"
"K712771_CELL20624_N1","program_DE_top500",17.5815512442518,"ECM-producing fibroblasts","K712771","Keloid"
"K712771_CELL20715_N1","program_DE_top500",17.2662140996084,"ECM-producing fibroblasts","K712771","Keloid"
"K712771_CELL21116_N1","program_DE_top500",17.3537137165335,"ECM-producing fibroblasts","K712771","Keloid"
"K712771_CELL21319_N1","program_DE_top500",10.0219469921869,"Homeostatic/regulatory fibroblasts","K712771","Keloid"
"K712771_CELL21676_N1","program_DE_top500",11.187764965043,"Homeostatic/regulatory fibroblasts","K712771","Keloid"
"K712771_CELL21794_N1","program_DE_top500",10.3715129378563,"ECM-producing fibroblasts","K712771","Keloid"
"K712771_CELL22525_N1","program_DE_top500",10.2001754593636,"Matrix-remodeling fibroblasts","K712771","Keloid"
"K712771_CELL23153_N1","program_DE_top500",16.124108133679,"ECM-producing fibroblasts","K712771","Keloid"
"K712771_CELL23672_N1","program_DE_top500",9.38974833178502,"Matrix-remodeling fibroblasts","K712771","Keloid"
"K712771_CELL23805_N1","program_DE_top500",9.99003748686735,"Homeostatic/regulatory fibroblasts","K712771","Keloid"
"N176712_CELL1209_N3","program_DE_top500",2.91667335149933,"Matrix-remodeling fibroblasts","N176712","Normal"
"N176712_CELL2777_N3","program_DE_top500",5.16393019083663,"Homeostatic/regulatory fibroblasts","N176712","Normal"
"N176712_CELL3232_N2","program_DE_top500",2.81195403935793,"Homeostatic/regulatory fibroblasts","N176712","Normal"
"N176712_CELL3900_N2","program_DE_top500",9.57676561597095,"Homeostatic/regulatory fibroblasts","N176712","Normal"
"N176712_CELL4364_N2","program_DE_top500",4.4639947852354,"Matrix-remodeling fibroblasts","N176712","Normal"
"N176712_CELL5248_N3","program_DE_top500",1.94121982710187,"ECM-producing fibroblasts","N176712","Normal"
"N176712_CELL6455_N2","program_DE_top500",9.48640647073441,"Homeostatic/regulatory fibroblasts","N176712","Normal"
"N176712_CELL6949_N3","program_DE_top500",6.69691407495503,"Homeostatic/regulatory fibroblasts","N176712","Normal"
"N176712_CELL9310_N1","program_DE_top500",0.285353784718064,"Homeostatic/regulatory fibroblasts","N176712","Normal"
"N176712_CELL14513_N1","program_DE_top500",2.95788215969696,"Matrix-remodeling fibroblasts","N176712","Normal"
"N176712_CELL14881_N1","program_DE_top500",8.45199113059084,"Matrix-remodeling fibroblasts","N176712","Normal"
"N177536_CELL99_N5","program_DE_top500",9.99076463580051,"Homeostatic/regulatory fibroblasts","N177536","Normal"
"N177536_CELL467_N2","program_DE_top500",2.54674232091816,"Homeostatic/regulatory fibroblasts","N177536","Normal"
"N177536_CELL641_N3","program_DE_top500",9.24177869348254,"Homeostatic/regulatory fibroblasts","N177536","Normal"
"N177536_CELL1859_N3","program_DE_top500",10.3483201650142,"Homeostatic/regulatory fibroblasts","N177536","Normal"
"N177536_CELL2671_N2","program_DE_top500",9.29579202970076,"Homeostatic/regulatory fibroblasts","N177536","Normal"
"N177536_CELL3702_N2","program_DE_top500",0.177063569378384,"Homeostatic/regulatory fibroblasts","N177536","Normal"
"N177536_CELL3817_N3","program_DE_top500",7.83480876766017,"Homeostatic/regulatory fibroblasts","N177536","Normal"
"N177536_CELL4444_N3","program_DE_top500",6.7006603351957,"Matrix-remodeling fibroblasts","N177536","Normal"
"N177536_CELL4931_N3","program_DE_top500",5.518530884116,"Homeostatic/regulatory fibroblasts","N177536","Normal"
"N177536_CELL5149_N2","program_DE_top500",4.14824066131748,"Homeostatic/regulatory fibroblasts","N177536","Normal"
"N177536_CELL5420_N3","program_DE_top500",0.146442140202587,"Homeostatic/regulatory fibroblasts","N177536","Normal"
"N177536_CELL5535_N2","program_DE_top500",9.37438967543269,"Homeostatic/regulatory fibroblasts","N177536","Normal"
"N177536_CELL5547_N2","program_DE_top500",0.316453936117238,"Homeostatic/regulatory fibroblasts","N177536","Normal"
"N177536_CELL6495_N2","program_DE_top500",0.363293111341476,"Homeostatic/regulatory fibroblasts","N177536","Normal"
"N177536_CELL6881_N2","program_DE_top500",1.41267911886122,"Homeostatic/regulatory fibroblasts","N177536","Normal"
"N177536_CELL8407_N2","program_DE_top500",6.5215288253478,"Homeostatic/regulatory fibroblasts","N177536","Normal"
"N177536_CELL8499_N2","program_DE_top500",0.146513483423952,"Homeostatic/regulatory fibroblasts","N177536","Normal"
"N177536_CELL8756_N3","program_DE_top500",9.48124520271899,"Homeostatic/regulatory fibroblasts","N177536","Normal"
"N177536_CELL8831_N2","program_DE_top500",12.6998515124715,"Homeostatic/regulatory fibroblasts","N177536","Normal"
"N177536_CELL9609_N2","program_DE_top500",0.124793754387428,"Homeostatic/regulatory fibroblasts","N177536","Normal"
"N177536_CELL9771_N2","program_DE_top500",9.62286827427165,"Homeostatic/regulatory fibroblasts","N177536","Normal"
"N177536_CELL9976_N2","program_DE_top500",0.35859357736931,"Homeostatic/regulatory fibroblasts","N177536","Normal"
"N177536_CELL10205_N3","program_DE_top500",9.55301803923599,"Homeostatic/regulatory fibroblasts","N177536","Normal"
"N177536_CELL10358_N2","program_DE_top500",4.59143316421267,"Homeostatic/regulatory fibroblasts","N177536","Normal"
"N177536_CELL11050_N3","program_DE_top500",3.37921356752279,"Matrix-remodeling fibroblasts","N177536","Normal"
"N177536_CELL11056_N2","program_DE_top500",9.80161965574121,"ECM-producing fibroblasts","N177536","Normal"
"N177536_CELL11528_N3","program_DE_top500",13.0943589797533,"Homeostatic/regulatory fibroblasts","N177536","Normal"
"N177536_CELL11941_N3","program_DE_top500",0.0776319274336183,"Homeostatic/regulatory fibroblasts","N177536","Normal"
"N177536_CELL13121_N1","program_DE_top500",7.06659329855286,"Homeostatic/regulatory fibroblasts","N177536","Normal"
"N177536_CELL15883_N1","program_DE_top500",7.02933913955656,"Matrix-remodeling fibroblasts","N177536","Normal"
"N177536_CELL16993_N1","program_DE_top500",1.18145553089326,"ECM-producing fibroblasts","N177536","Normal"
"N177536_CELL17130_N1","program_DE_top500",2.43428227749531,"Homeostatic/regulatory fibroblasts","N177536","Normal"
"N177536_CELL18616_N1","program_DE_top500",9.76225194463873,"ECM-producing fibroblasts","N177536","Normal"
"N177536_CELL19214_N1","program_DE_top500",0.185589348855128,"Homeostatic/regulatory fibroblasts","N177536","Normal"
"N177536_CELL19706_N1","program_DE_top500",8.46201136864378,"Homeostatic/regulatory fibroblasts","N177536","Normal"
"N177536_CELL20358_N1","program_DE_top500",9.49813335125642,"Matrix-remodeling fibroblasts","N177536","Normal"
"N177536_CELL22589_N1","program_DE_top500",9.72570568884778,"Homeostatic/regulatory fibroblasts","N177536","Normal"
"N177536_CELL22836_N1","program_DE_top500",2.64064866508395,"ECM-producing fibroblasts","N177536","Normal"
"N177536_CELL22977_N1","program_DE_top500",8.66761851693007,"Matrix-remodeling fibroblasts","N177536","Normal"
"N177536_CELL23410_N1","program_DE_top500",0.325428968929785,"Homeostatic/regulatory fibroblasts","N177536","Normal"
"N177536_CELL25842_N1","program_DE_top500",10.6873554929349,"Matrix-remodeling fibroblasts","N177536","Normal"
"N177536_CELL26198_N1","program_DE_top500",5.14746271887356,"Homeostatic/regulatory fibroblasts","N177536","Normal"
"N177536_CELL27559_N1","program_DE_top500",10.0774776923528,"ECM-producing fibroblasts","N177536","Normal"
"N387690_CELL199_N3","program_DE_top500",0.288475735764076,"ECM-producing fibroblasts","N387690","Normal"
"N387690_CELL228_N3","program_DE_top500",0.340090160068771,"Homeostatic/regulatory fibroblasts","N387690","Normal"
"N387690_CELL241_N3","program_DE_top500",0.416815660753194,"Homeostatic/regulatory fibroblasts","N387690","Normal"
"N387690_CELL304_N4","program_DE_top500",2.27379816057473,"Homeostatic/regulatory fibroblasts","N387690","Normal"
"N387690_CELL318_N4","program_DE_top500",9.78173631905505,"Homeostatic/regulatory fibroblasts","N387690","Normal"
"N387690_CELL357_N3","program_DE_top500",0.574048006366186,"Homeostatic/regulatory fibroblasts","N387690","Normal"
"N387690_CELL370_N2","program_DE_top500",0.296764948557394,"Homeostatic/regulatory fibroblasts","N387690","Normal"
"N387690_CELL477_N3","program_DE_top500",0.290079876308779,"Homeostatic/regulatory fibroblasts","N387690","Normal"
"N387690_CELL532_N4","program_DE_top500",0.703261594188093,"Homeostatic/regulatory fibroblasts","N387690","Normal"
"N387690_CELL573_N2","program_DE_top500",0.245639344332781,"Homeostatic/regulatory fibroblasts","N387690","Normal"
"N387690_CELL669_N3","program_DE_top500",0.272872146817031,"Homeostatic/regulatory fibroblasts","N387690","Normal"
"N387690_CELL780_N3","program_DE_top500",4.79720507829633,"Homeostatic/regulatory fibroblasts","N387690","Normal"
"N387690_CELL787_N3","program_DE_top500",0.485463890101063,"Homeostatic/regulatory fibroblasts","N387690","Normal"
"N387690_CELL811_N2","program_DE_top500",0.380569641451978,"Homeostatic/regulatory fibroblasts","N387690","Normal"
"N387690_CELL939_N3","program_DE_top500",0.383100054913995,"Homeostatic/regulatory fibroblasts","N387690","Normal"
"N387690_CELL1036_N1","program_DE_top500",1.05409485367888,"Homeostatic/regulatory fibroblasts","N387690","Normal"
"N387690_CELL1048_N2","program_DE_top500",0.250258658448687,"Homeostatic/regulatory fibroblasts","N387690","Normal"
"N387690_CELL1082_N4","program_DE_top500",4.01109263038281,"Homeostatic/regulatory fibroblasts","N387690","Normal"
"N387690_CELL1182_N2","program_DE_top500",0.374687156711548,"Homeostatic/regulatory fibroblasts","N387690","Normal"
"N387690_CELL1198_N2","program_DE_top500",0.494077769613715,"Homeostatic/regulatory fibroblasts","N387690","Normal"
"N387690_CELL1312_N2","program_DE_top500",0.162883964201634,"Homeostatic/regulatory fibroblasts","N387690","Normal"
"N387690_CELL1336_N2","program_DE_top500",0.295693404605674,"Homeostatic/regulatory fibroblasts","N387690","Normal"
"N387690_CELL1371_N2","program_DE_top500",0.386219140126456,"Homeostatic/regulatory fibroblasts","N387690","Normal"
"N387690_CELL1400_N2","program_DE_top500",3.11249184896641,"Homeostatic/regulatory fibroblasts","N387690","Normal"
"N387690_CELL1473_N3","program_DE_top500",0.770553310553201,"Homeostatic/regulatory fibroblasts","N387690","Normal"
"N387690_CELL1541_N4","program_DE_top500",0.293224852912514,"Homeostatic/regulatory fibroblasts","N387690","Normal"
"N387690_CELL1569_N3","program_DE_top500",0.427672193570794,"Homeostatic/regulatory fibroblasts","N387690","Normal"
"N387690_CELL1703_N2","program_DE_top500",0.515176192368506,"Homeostatic/regulatory fibroblasts","N387690","Normal"
"N387690_CELL1731_N3","program_DE_top500",0.125534301552238,"ECM-producing fibroblasts","N387690","Normal"
"N387690_CELL1774_N3","program_DE_top500",0.459046455808366,"Homeostatic/regulatory fibroblasts","N387690","Normal"
"N387690_CELL1787_N3","program_DE_top500",0.14707881888834,"Homeostatic/regulatory fibroblasts","N387690","Normal"
"N387690_CELL1804_N4","program_DE_top500",0.167987398189725,"ECM-producing fibroblasts","N387690","Normal"
"N387690_CELL1836_N3","program_DE_top500",0.258391210898655,"Homeostatic/regulatory fibroblasts","N387690","Normal"
"N387690_CELL1898_N4","program_DE_top500",0.372994445420635,"Homeostatic/regulatory fibroblasts","N387690","Normal"
"N387690_CELL2098_N2","program_DE_top500",0.34973757143759,"Homeostatic/regulatory fibroblasts","N387690","Normal"
"N387690_CELL2153_N3","program_DE_top500",3.86389981340806,"Homeostatic/regulatory fibroblasts","N387690","Normal"
"N387690_CELL2167_N2","program_DE_top500",0.400400168792113,"ECM-producing fibroblasts","N387690","Normal"
"N387690_CELL2235_N5","program_DE_top500",0.294155629762058,"Homeostatic/regulatory fibroblasts","N387690","Normal"
"N387690_CELL2287_N3","program_DE_top500",0.108473862717167,"Homeostatic/regulatory fibroblasts","N387690","Normal"
"N387690_CELL2293_N4","program_DE_top500",0.412663957140557,"Homeostatic/regulatory fibroblasts","N387690","Normal"
"N387690_CELL2307_N2","program_DE_top500",0.171524146966765,"ECM-producing fibroblasts","N387690","Normal"
"N387690_CELL2367_N3","program_DE_top500",1.38119242574741,"Homeostatic/regulatory fibroblasts","N387690","Normal"
"N387690_CELL2428_N2","program_DE_top500",1.66930975601575,"ECM-producing fibroblasts","N387690","Normal"
"N387690_CELL2433_N2","program_DE_top500",0.302002610358907,"Homeostatic/regulatory fibroblasts","N387690","Normal"
"N387690_CELL2521_N2","program_DE_top500",0.322372370021255,"Homeostatic/regulatory fibroblasts","N387690","Normal"
"N387690_CELL2576_N3","program_DE_top500",0.27700806823197,"Homeostatic/regulatory fibroblasts","N387690","Normal"
"N387690_CELL2590_N3","program_DE_top500",0.349151008254227,"Homeostatic/regulatory fibroblasts","N387690","Normal"
"N387690_CELL2681_N2","program_DE_top500",0.327926776722871,"Homeostatic/regulatory fibroblasts","N387690","Normal"
"N387690_CELL2703_N2","program_DE_top500",0.528887962769962,"Homeostatic/regulatory fibroblasts","N387690","Normal"
"N387690_CELL2827_N2","program_DE_top500",0.302761363741973,"Homeostatic/regulatory fibroblasts","N387690","Normal"
"N387690_CELL2934_N3","program_DE_top500",0.461810286706943,"Homeostatic/regulatory fibroblasts","N387690","Normal"
"N387690_CELL2939_N3","program_DE_top500",2.81347407885905,"Homeostatic/regulatory fibroblasts","N387690","Normal"
"N387690_CELL2976_N2","program_DE_top500",0.294211363010645,"Homeostatic/regulatory fibroblasts","N387690","Normal"
"N387690_CELL3003_N3","program_DE_top500",0.369701865811729,"Homeostatic/regulatory fibroblasts","N387690","Normal"
"N387690_CELL3134_N3","program_DE_top500",9.73308968878124,"Homeostatic/regulatory fibroblasts","N387690","Normal"
"N387690_CELL3274_N3","program_DE_top500",0.221974775719694,"ECM-producing fibroblasts","N387690","Normal"
"N387690_CELL3328_N2","program_DE_top500",0.183672217294155,"ECM-producing fibroblasts","N387690","Normal"
"N387690_CELL3396_N3","program_DE_top500",0.525872057179618,"Homeostatic/regulatory fibroblasts","N387690","Normal"
"N387690_CELL3416_N2","program_DE_top500",0.431734875934264,"Homeostatic/regulatory fibroblasts","N387690","Normal"
"N387690_CELL3433_N4","program_DE_top500",0.0405459452961427,"Homeostatic/regulatory fibroblasts","N387690","Normal"
"N387690_CELL3453_N2","program_DE_top500",0.423065453705177,"Homeostatic/regulatory fibroblasts","N387690","Normal"
"N387690_CELL3526_N5","program_DE_top500",0.327933778793962,"Homeostatic/regulatory fibroblasts","N387690","Normal"
"N387690_CELL3575_N2","program_DE_top500",0.277125552079646,"Homeostatic/regulatory fibroblasts","N387690","Normal"
"N387690_CELL3596_N2","program_DE_top500",0.277755586031437,"Homeostatic/regulatory fibroblasts","N387690","Normal"
"N387690_CELL3604_N2","program_DE_top500",0.53117389496309,"Homeostatic/regulatory fibroblasts","N387690","Normal"
"N387690_CELL3612_N4","program_DE_top500",0.370120769516805,"Homeostatic/regulatory fibroblasts","N387690","Normal"
"N387690_CELL3631_N4","program_DE_top500",0.400373777096924,"Homeostatic/regulatory fibroblasts","N387690","Normal"
"N387690_CELL3735_N3","program_DE_top500",0.18211030490128,"Homeostatic/regulatory fibroblasts","N387690","Normal"
"N387690_CELL3873_N3","program_DE_top500",0.196698945414173,"Homeostatic/regulatory fibroblasts","N387690","Normal"
"N387690_CELL3902_N2","program_DE_top500",0.309905740325659,"Homeostatic/regulatory fibroblasts","N387690","Normal"
"N387690_CELL3923_N3","program_DE_top500",0.353199159637263,"Homeostatic/regulatory fibroblasts","N387690","Normal"
"N387690_CELL4047_N4","program_DE_top500",0.493119637839107,"Homeostatic/regulatory fibroblasts","N387690","Normal"
"N387690_CELL4183_N2","program_DE_top500",0.5660784393168,"Homeostatic/regulatory fibroblasts","N387690","Normal"
"N387690_CELL4356_N4","program_DE_top500",0.245158735390829,"Homeostatic/regulatory fibroblasts","N387690","Normal"
"N387690_CELL4456_N2","program_DE_top500",0.356865912489274,"Homeostatic/regulatory fibroblasts","N387690","Normal"
"N387690_CELL4592_N7","program_DE_top500",6.36887864536848,"Homeostatic/regulatory fibroblasts","N387690","Normal"
"N387690_CELL4736_N2","program_DE_top500",0.284086551151163,"Homeostatic/regulatory fibroblasts","N387690","Normal"
"N387690_CELL4752_N3","program_DE_top500",0.153355832493469,"ECM-producing fibroblasts","N387690","Normal"
"N387690_CELL4803_N3","program_DE_top500",0.411349657152448,"Homeostatic/regulatory fibroblasts","N387690","Normal"
"N387690_CELL5015_N2","program_DE_top500",0.340893815934999,"Homeostatic/regulatory fibroblasts","N387690","Normal"
"N387690_CELL5034_N5","program_DE_top500",0.292725670659866,"Homeostatic/regulatory fibroblasts","N387690","Normal"
"N387690_CELL5095_N3","program_DE_top500",0.198346254771294,"Homeostatic/regulatory fibroblasts","N387690","Normal"
"N387690_CELL5103_N4","program_DE_top500",0.30268447208051,"Homeostatic/regulatory fibroblasts","N387690","Normal"
"N387690_CELL5147_N3","program_DE_top500",0.240379219495918,"Homeostatic/regulatory fibroblasts","N387690","Normal"
"N387690_CELL5163_N3","program_DE_top500",0.346043136810137,"Homeostatic/regulatory fibroblasts","N387690","Normal"
"N387690_CELL5319_N3","program_DE_top500",2.37327870682779,"Homeostatic/regulatory fibroblasts","N387690","Normal"
"N387690_CELL5347_N4","program_DE_top500",0.233460927846056,"ECM-producing fibroblasts","N387690","Normal"
"N387690_CELL5652_N2","program_DE_top500",0,"Homeostatic/regulatory fibroblasts","N387690","Normal"
"N387690_CELL5660_N3","program_DE_top500",0.266327240158804,"Homeostatic/regulatory fibroblasts","N387690","Normal"
"N387690_CELL5689_N2","program_DE_top500",0.835263596033292,"Homeostatic/regulatory fibroblasts","N387690","Normal"
"N387690_CELL5726_N2","program_DE_top500",0.379486968904312,"Homeostatic/regulatory fibroblasts","N387690","Normal"
"N387690_CELL5772_N5","program_DE_top500",8.04661410400188,"Homeostatic/regulatory fibroblasts","N387690","Normal"
"N387690_CELL6006_N2","program_DE_top500",0.345690372062732,"Homeostatic/regulatory fibroblasts","N387690","Normal"
"N387690_CELL6059_N2","program_DE_top500",0.433160247226322,"Homeostatic/regulatory fibroblasts","N387690","Normal"
"N387690_CELL6261_N3","program_DE_top500",0.293125902453699,"Homeostatic/regulatory fibroblasts","N387690","Normal"
"N387690_CELL6304_N2","program_DE_top500",0.382467837264555,"Homeostatic/regulatory fibroblasts","N387690","Normal"
"N387690_CELL6362_N2","program_DE_top500",0.251539062265176,"Homeostatic/regulatory fibroblasts","N387690","Normal"
"N387690_CELL6518_N4","program_DE_top500",0.222671804057284,"Homeostatic/regulatory fibroblasts","N387690","Normal"
"N387690_CELL6594_N2","program_DE_top500",0.185820551014736,"Homeostatic/regulatory fibroblasts","N387690","Normal"
"N387690_CELL6668_N2","program_DE_top500",0.364999062855145,"Homeostatic/regulatory fibroblasts","N387690","Normal"
"N387690_CELL6871_N2","program_DE_top500",0.511793676040576,"Homeostatic/regulatory fibroblasts","N387690","Normal"
"N387690_CELL6935_N4","program_DE_top500",0.320770187241299,"Homeostatic/regulatory fibroblasts","N387690","Normal"
"N387690_CELL6951_N3","program_DE_top500",0.0652516933017569,"Homeostatic/regulatory fibroblasts","N387690","Normal"
"N387690_CELL7016_N2","program_DE_top500",0.310341468424124,"Homeostatic/regulatory fibroblasts","N387690","Normal"
"N387690_CELL7026_N2","program_DE_top500",0.301345671948524,"Homeostatic/regulatory fibroblasts","N387690","Normal"
"N387690_CELL7096_N2","program_DE_top500",0.311149975233951,"Homeostatic/regulatory fibroblasts","N387690","Normal"
"N387690_CELL7121_N2","program_DE_top500",0.43790384904474,"Homeostatic/regulatory fibroblasts","N387690","Normal"
"N387690_CELL7143_N3","program_DE_top500",1.06279331665538,"ECM-producing fibroblasts","N387690","Normal"
"N387690_CELL7176_N3","program_DE_top500",0.4193467443597,"Homeostatic/regulatory fibroblasts","N387690","Normal"
"N387690_CELL7208_N2","program_DE_top500",10.1854928533435,"Homeostatic/regulatory fibroblasts","N387690","Normal"
"N387690_CELL7473_N3","program_DE_top500",0.344064668862543,"Homeostatic/regulatory fibroblasts","N387690","Normal"
"N387690_CELL7509_N2","program_DE_top500",0.288841492978895,"ECM-producing fibroblasts","N387690","Normal"
"N387690_CELL7538_N2","program_DE_top500",0.446970412243249,"Homeostatic/regulatory fibroblasts","N387690","Normal"
"N387690_CELL7573_N3","program_DE_top500",0.30568727102005,"Homeostatic/regulatory fibroblasts","N387690","Normal"
"N387690_CELL7647_N3","program_DE_top500",0.390450942449136,"Homeostatic/regulatory fibroblasts","N387690","Normal"
"N387690_CELL7825_N2","program_DE_top500",0.429786571543205,"Homeostatic/regulatory fibroblasts","N387690","Normal"
"N387690_CELL7852_N2","program_DE_top500",0.417517606938222,"Homeostatic/regulatory fibroblasts","N387690","Normal"
"N387690_CELL7902_N2","program_DE_top500",0.393590377116744,"Homeostatic/regulatory fibroblasts","N387690","Normal"
"N387690_CELL7949_N2","program_DE_top500",2.09432538510936,"Matrix-remodeling fibroblasts","N387690","Normal"
"N387690_CELL8052_N2","program_DE_top500",6.00353787932585,"Matrix-remodeling fibroblasts","N387690","Normal"
"N387690_CELL8080_N2","program_DE_top500",0.474539258525383,"Homeostatic/regulatory fibroblasts","N387690","Normal"
"N387690_CELL8105_N2","program_DE_top500",0.261728093099393,"Homeostatic/regulatory fibroblasts","N387690","Normal"
"N387690_CELL8127_N2","program_DE_top500",0.365916637435127,"Homeostatic/regulatory fibroblasts","N387690","Normal"
"N387690_CELL8151_N3","program_DE_top500",0.238601403758805,"Homeostatic/regulatory fibroblasts","N387690","Normal"
"N387690_CELL8300_N2","program_DE_top500",0.285850387770725,"Homeostatic/regulatory fibroblasts","N387690","Normal"
"N387690_CELL8314_N4","program_DE_top500",0.302199421932905,"Homeostatic/regulatory fibroblasts","N387690","Normal"
"N387690_CELL8342_N2","program_DE_top500",0.508578155416113,"Homeostatic/regulatory fibroblasts","N387690","Normal"
"N387690_CELL8351_N3","program_DE_top500",0.0931106535399555,"Homeostatic/regulatory fibroblasts","N387690","Normal"
"N387690_CELL8481_N2","program_DE_top500",0.262502884695941,"Homeostatic/regulatory fibroblasts","N387690","Normal"
"N387690_CELL8510_N3","program_DE_top500",5.09967995976296,"Homeostatic/regulatory fibroblasts","N387690","Normal"
"N387690_CELL8571_N2","program_DE_top500",0.630380883167217,"Homeostatic/regulatory fibroblasts","N387690","Normal"
"N387690_CELL8611_N2","program_DE_top500",0.312443399110779,"Homeostatic/regulatory fibroblasts","N387690","Normal"
"N387690_CELL8623_N3","program_DE_top500",0.478398957322202,"Homeostatic/regulatory fibroblasts","N387690","Normal"
"N387690_CELL8670_N2","program_DE_top500",2.9217192903112,"Homeostatic/regulatory fibroblasts","N387690","Normal"
"N387690_CELL8732_N3","program_DE_top500",10.4294580543931,"Homeostatic/regulatory fibroblasts","N387690","Normal"
"N387690_CELL8763_N2","program_DE_top500",2.657771789066,"Homeostatic/regulatory fibroblasts","N387690","Normal"
"N387690_CELL8888_N2","program_DE_top500",0.495529752542256,"Homeostatic/regulatory fibroblasts","N387690","Normal"
"N387690_CELL8943_N2","program_DE_top500",0.308108227058881,"Homeostatic/regulatory fibroblasts","N387690","Normal"
"N387690_CELL9070_N2","program_DE_top500",0.358021511302473,"Homeostatic/regulatory fibroblasts","N387690","Normal"
"N387690_CELL9385_N2","program_DE_top500",0.326755285421069,"Homeostatic/regulatory fibroblasts","N387690","Normal"
"N387690_CELL9436_N2","program_DE_top500",0.40711530631725,"Homeostatic/regulatory fibroblasts","N387690","Normal"
"N387690_CELL9517_N2","program_DE_top500",0.358879383331839,"Homeostatic/regulatory fibroblasts","N387690","Normal"
"N387690_CELL9559_N2","program_DE_top500",0.346136869358293,"Homeostatic/regulatory fibroblasts","N387690","Normal"
"N387690_CELL9812_N2","program_DE_top500",0.171598214570329,"Homeostatic/regulatory fibroblasts","N387690","Normal"
"N387690_CELL9885_N3","program_DE_top500",0.212061262670024,"Homeostatic/regulatory fibroblasts","N387690","Normal"
"N387690_CELL9890_N2","program_DE_top500",0.382293348557409,"Homeostatic/regulatory fibroblasts","N387690","Normal"
"N387690_CELL10048_N4","program_DE_top500",0.251961204294389,"Homeostatic/regulatory fibroblasts","N387690","Normal"
"N387690_CELL10058_N2","program_DE_top500",0.415001793176885,"Homeostatic/regulatory fibroblasts","N387690","Normal"
"N387690_CELL10163_N3","program_DE_top500",0.477381148433958,"Homeostatic/regulatory fibroblasts","N387690","Normal"
"N387690_CELL10200_N3","program_DE_top500",0.313232262803535,"Homeostatic/regulatory fibroblasts","N387690","Normal"
"N387690_CELL10230_N3","program_DE_top500",0.257828591111404,"Homeostatic/regulatory fibroblasts","N387690","Normal"
"N387690_CELL10274_N1","program_DE_top500",0.711549118695366,"Matrix-remodeling fibroblasts","N387690","Normal"
"N387690_CELL10291_N2","program_DE_top500",0.238907056357279,"Homeostatic/regulatory fibroblasts","N387690","Normal"
"N387690_CELL10744_N2","program_DE_top500",0.243624576633354,"Homeostatic/regulatory fibroblasts","N387690","Normal"
"N387690_CELL10762_N2","program_DE_top500",0.389300175069777,"Homeostatic/regulatory fibroblasts","N387690","Normal"
"N387690_CELL10781_N2","program_DE_top500",0.355868613267941,"Homeostatic/regulatory fibroblasts","N387690","Normal"
"N387690_CELL10871_N3","program_DE_top500",0.389301893038271,"Homeostatic/regulatory fibroblasts","N387690","Normal"
"N387690_CELL10951_N2","program_DE_top500",0.268600250917987,"Homeostatic/regulatory fibroblasts","N387690","Normal"
"N387690_CELL10988_N2","program_DE_top500",0.213735595917031,"Homeostatic/regulatory fibroblasts","N387690","Normal"
"N387690_CELL11123_N2","program_DE_top500",0.463259100885127,"Homeostatic/regulatory fibroblasts","N387690","Normal"
"N387690_CELL11214_N2","program_DE_top500",0.164090564447598,"Homeostatic/regulatory fibroblasts","N387690","Normal"
"N387690_CELL11231_N2","program_DE_top500",0.268780176295172,"Homeostatic/regulatory fibroblasts","N387690","Normal"
"N387690_CELL11336_N3","program_DE_top500",0.367656972363481,"Homeostatic/regulatory fibroblasts","N387690","Normal"
"N387690_CELL11516_N4","program_DE_top500",0.279317374018816,"Homeostatic/regulatory fibroblasts","N387690","Normal"
"N387690_CELL11610_N2","program_DE_top500",0.330853395596699,"Homeostatic/regulatory fibroblasts","N387690","Normal"
"N387690_CELL11624_N2","program_DE_top500",0.297315028793497,"Homeostatic/regulatory fibroblasts","N387690","Normal"
"N387690_CELL11685_N2","program_DE_top500",0.308710891219612,"ECM-producing fibroblasts","N387690","Normal"
"N387690_CELL11737_N2","program_DE_top500",0.295913579106914,"Homeostatic/regulatory fibroblasts","N387690","Normal"
"N387690_CELL11864_N3","program_DE_top500",0.262860885390298,"Homeostatic/regulatory fibroblasts","N387690","Normal"
"N387690_CELL12009_N2","program_DE_top500",0.363684236189018,"Homeostatic/regulatory fibroblasts","N387690","Normal"
"N387690_CELL12013_N2","program_DE_top500",0.291848428076251,"Homeostatic/regulatory fibroblasts","N387690","Normal"
"N387690_CELL12032_N2","program_DE_top500",0.259414483486873,"Homeostatic/regulatory fibroblasts","N387690","Normal"
"N387690_CELL12180_N2","program_DE_top500",2.78470181267003,"Matrix-remodeling fibroblasts","N387690","Normal"
"N387690_CELL12201_N3","program_DE_top500",0.295004233932668,"Homeostatic/regulatory fibroblasts","N387690","Normal"
"N387690_CELL12225_N2","program_DE_top500",0.486368868530969,"Homeostatic/regulatory fibroblasts","N387690","Normal"
"N387690_CELL12532_N2","program_DE_top500",0.32587690760355,"Homeostatic/regulatory fibroblasts","N387690","Normal"
"N387690_CELL12554_N2","program_DE_top500",0.425809527388112,"Homeostatic/regulatory fibroblasts","N387690","Normal"
"N387690_CELL12600_N2","program_DE_top500",0.247792504986242,"Homeostatic/regulatory fibroblasts","N387690","Normal"
"N387690_CELL12652_N2","program_DE_top500",2.67096651885284,"Homeostatic/regulatory fibroblasts","N387690","Normal"
"N387690_CELL12834_N2","program_DE_top500",0.488103350651832,"Homeostatic/regulatory fibroblasts","N387690","Normal"
"N387690_CELL13111_N2","program_DE_top500",0.310225714089319,"Homeostatic/regulatory fibroblasts","N387690","Normal"
"N387690_CELL13137_N2","program_DE_top500",0.398647130691603,"Homeostatic/regulatory fibroblasts","N387690","Normal"
"N387690_CELL13168_N2","program_DE_top500",0.290878655464111,"Homeostatic/regulatory fibroblasts","N387690","Normal"
"N387690_CELL13400_N1","program_DE_top500",0.331928051698865,"ECM-producing fibroblasts","N387690","Normal"
"N387690_CELL13518_N1","program_DE_top500",0.260232765201619,"Homeostatic/regulatory fibroblasts","N387690","Normal"
"N387690_CELL13708_N1","program_DE_top500",3.25601595883968,"Homeostatic/regulatory fibroblasts","N387690","Normal"
"N387690_CELL13917_N1","program_DE_top500",0.354614985052483,"Homeostatic/regulatory fibroblasts","N387690","Normal"
"N387690_CELL14005_N1","program_DE_top500",0.349776044452191,"Homeostatic/regulatory fibroblasts","N387690","Normal"
"N387690_CELL14114_N1","program_DE_top500",0.378066509240729,"Homeostatic/regulatory fibroblasts","N387690","Normal"
"N387690_CELL14242_N1","program_DE_top500",0.582837182911582,"Homeostatic/regulatory fibroblasts","N387690","Normal"
"N387690_CELL14327_N1","program_DE_top500",0.364523820020777,"Homeostatic/regulatory fibroblasts","N387690","Normal"
"N387690_CELL14331_N1","program_DE_top500",0.224918140916722,"Homeostatic/regulatory fibroblasts","N387690","Normal"
"N387690_CELL14504_N1","program_DE_top500",0.439576481658858,"Homeostatic/regulatory fibroblasts","N387690","Normal"
"N387690_CELL14520_N1","program_DE_top500",0.452776730115026,"Homeostatic/regulatory fibroblasts","N387690","Normal"
"N387690_CELL14677_N1","program_DE_top500",0.407082654551827,"Homeostatic/regulatory fibroblasts","N387690","Normal"
"N387690_CELL14707_N1","program_DE_top500",0.34147026712368,"Homeostatic/regulatory fibroblasts","N387690","Normal"
"N387690_CELL14757_N1","program_DE_top500",0.354994005663804,"Homeostatic/regulatory fibroblasts","N387690","Normal"
"N387690_CELL15052_N1","program_DE_top500",0.345269792887157,"Homeostatic/regulatory fibroblasts","N387690","Normal"
"N387690_CELL15144_N1","program_DE_top500",0.412021511587307,"Homeostatic/regulatory fibroblasts","N387690","Normal"
"N387690_CELL15190_N1","program_DE_top500",0.0928634189759579,"Homeostatic/regulatory fibroblasts","N387690","Normal"
"N387690_CELL15208_N1","program_DE_top500",4.72939572381151,"Matrix-remodeling fibroblasts","N387690","Normal"
"N387690_CELL15284_N1","program_DE_top500",0.154354447340952,"Homeostatic/regulatory fibroblasts","N387690","Normal"
"N387690_CELL15602_N1","program_DE_top500",0.352017321748931,"Homeostatic/regulatory fibroblasts","N387690","Normal"
"N387690_CELL15676_N1","program_DE_top500",0.178560973085193,"Homeostatic/regulatory fibroblasts","N387690","Normal"
"N387690_CELL15721_N1","program_DE_top500",4.91203722313433,"Matrix-remodeling fibroblasts","N387690","Normal"
"N387690_CELL15777_N1","program_DE_top500",0.21315748142042,"Homeostatic/regulatory fibroblasts","N387690","Normal"
"N387690_CELL15787_N1","program_DE_top500",0.423061019634192,"Homeostatic/regulatory fibroblasts","N387690","Normal"
"N387690_CELL15796_N1","program_DE_top500",0.449628531192636,"Homeostatic/regulatory fibroblasts","N387690","Normal"
"N387690_CELL15927_N1","program_DE_top500",0.162972207038785,"Homeostatic/regulatory fibroblasts","N387690","Normal"
"N387690_CELL16076_N1","program_DE_top500",0.476827172819896,"Homeostatic/regulatory fibroblasts","N387690","Normal"
"N387690_CELL16196_N1","program_DE_top500",0.166202962174896,"ECM-producing fibroblasts","N387690","Normal"
"N387690_CELL16327_N1","program_DE_top500",0.893355183201854,"Homeostatic/regulatory fibroblasts","N387690","Normal"
"N387690_CELL16328_N1","program_DE_top500",5.55242443091333,"Homeostatic/regulatory fibroblasts","N387690","Normal"
"N387690_CELL16368_N1","program_DE_top500",0.363446462125537,"Homeostatic/regulatory fibroblasts","N387690","Normal"
"N387690_CELL16444_N1","program_DE_top500",0.21156023289194,"Homeostatic/regulatory fibroblasts","N387690","Normal"
"N387690_CELL16480_N1","program_DE_top500",0.146386066048688,"Homeostatic/regulatory fibroblasts","N387690","Normal"
"N387690_CELL16661_N1","program_DE_top500",0.130037341865192,"Homeostatic/regulatory fibroblasts","N387690","Normal"
"N387690_CELL16681_N1","program_DE_top500",0.462859707842517,"Homeostatic/regulatory fibroblasts","N387690","Normal"
"N387690_CELL16825_N1","program_DE_top500",0.128750505910424,"Homeostatic/regulatory fibroblasts","N387690","Normal"
"N387690_CELL16881_N1","program_DE_top500",3.13317319151569,"ECM-producing fibroblasts","N387690","Normal"
"N387690_CELL17065_N1","program_DE_top500",0.389234179886545,"Homeostatic/regulatory fibroblasts","N387690","Normal"
"N387690_CELL17160_N1","program_DE_top500",0.609956377275577,"Homeostatic/regulatory fibroblasts","N387690","Normal"
"N387690_CELL17338_N1","program_DE_top500",0.329085188399112,"Homeostatic/regulatory fibroblasts","N387690","Normal"
"N387690_CELL17356_N1","program_DE_top500",0.32920599848549,"Homeostatic/regulatory fibroblasts","N387690","Normal"
"N387690_CELL17497_N1","program_DE_top500",4.71230779768834,"Homeostatic/regulatory fibroblasts","N387690","Normal"
"N387690_CELL17766_N1","program_DE_top500",0.255694101444429,"Homeostatic/regulatory fibroblasts","N387690","Normal"
"N387690_CELL17784_N1","program_DE_top500",0.438834506962146,"Homeostatic/regulatory fibroblasts","N387690","Normal"
"N387690_CELL17808_N1","program_DE_top500",0.118855763840578,"ECM-producing fibroblasts","N387690","Normal"
"N387690_CELL17887_N1","program_DE_top500",0.260426961061098,"Homeostatic/regulatory fibroblasts","N387690","Normal"
"N387690_CELL18077_N1","program_DE_top500",0.161011124979976,"Homeostatic/regulatory fibroblasts","N387690","Normal"
"N387690_CELL18532_N1","program_DE_top500",0.289827301942289,"Homeostatic/regulatory fibroblasts","N387690","Normal"
"N387690_CELL18587_N1","program_DE_top500",1.13505284699597,"Homeostatic/regulatory fibroblasts","N387690","Normal"
"N387690_CELL18607_N1","program_DE_top500",0.344464521930946,"Homeostatic/regulatory fibroblasts","N387690","Normal"
"N387690_CELL18650_N1","program_DE_top500",0.446887185926133,"Homeostatic/regulatory fibroblasts","N387690","Normal"
"N387690_CELL18876_N1","program_DE_top500",0.199995314090516,"Homeostatic/regulatory fibroblasts","N387690","Normal"
"N387690_CELL18900_N1","program_DE_top500",0.423049353354689,"Homeostatic/regulatory fibroblasts","N387690","Normal"
"N387690_CELL18905_N1","program_DE_top500",0.550700926507951,"Homeostatic/regulatory fibroblasts","N387690","Normal"
"N387690_CELL18953_N1","program_DE_top500",0.0994002227809782,"Homeostatic/regulatory fibroblasts","N387690","Normal"
"N387690_CELL19154_N1","program_DE_top500",0.520933445746477,"Homeostatic/regulatory fibroblasts","N387690","Normal"
"N387690_CELL19367_N1","program_DE_top500",0.266156517455858,"Homeostatic/regulatory fibroblasts","N387690","Normal"
"N387690_CELL19370_N1","program_DE_top500",0.221158899717966,"Homeostatic/regulatory fibroblasts","N387690","Normal"
"N387690_CELL19514_N1","program_DE_top500",0.394227810391754,"Homeostatic/regulatory fibroblasts","N387690","Normal"
"N387690_CELL19986_N1","program_DE_top500",4.36400825926017,"Homeostatic/regulatory fibroblasts","N387690","Normal"
"N387690_CELL20338_N1","program_DE_top500",0.373508499898055,"Homeostatic/regulatory fibroblasts","N387690","Normal"
"N387690_CELL20382_N1","program_DE_top500",8.66334433274659,"Homeostatic/regulatory fibroblasts","N387690","Normal"
"N387690_CELL20593_N1","program_DE_top500",0.347936487497598,"ECM-producing fibroblasts","N387690","Normal"
"N387690_CELL20615_N1","program_DE_top500",0.319738996966546,"Homeostatic/regulatory fibroblasts","N387690","Normal"
"N387690_CELL20716_N1","program_DE_top500",0.0941868689389656,"Homeostatic/regulatory fibroblasts","N387690","Normal"
"N387690_CELL20809_N1","program_DE_top500",0.121217514531461,"Homeostatic/regulatory fibroblasts","N387690","Normal"
"N387690_CELL20890_N1","program_DE_top500",0.20178879713385,"Homeostatic/regulatory fibroblasts","N387690","Normal"
"N387690_CELL20940_N1","program_DE_top500",1.10164292206591,"Homeostatic/regulatory fibroblasts","N387690","Normal"
"N387690_CELL20959_N1","program_DE_top500",0.426463744809138,"Homeostatic/regulatory fibroblasts","N387690","Normal"
"N387690_CELL21237_N1","program_DE_top500",0.313190888304381,"Homeostatic/regulatory fibroblasts","N387690","Normal"
"N387690_CELL21242_N1","program_DE_top500",0.313073380729365,"Homeostatic/regulatory fibroblasts","N387690","Normal"
"N387690_CELL21451_N1","program_DE_top500",0.289548780819657,"Homeostatic/regulatory fibroblasts","N387690","Normal"
"N387690_CELL21567_N1","program_DE_top500",0.388802447435339,"Homeostatic/regulatory fibroblasts","N387690","Normal"
"N387690_CELL21636_N1","program_DE_top500",0.458662118341834,"Homeostatic/regulatory fibroblasts","N387690","Normal"
"N387690_CELL21668_N1","program_DE_top500",0.258481443494387,"ECM-producing fibroblasts","N387690","Normal"
"N387690_CELL21788_N1","program_DE_top500",0.425781021746259,"Homeostatic/regulatory fibroblasts","N387690","Normal"
"N387690_CELL22185_N1","program_DE_top500",0.252425873359399,"Homeostatic/regulatory fibroblasts","N387690","Normal"
"N387690_CELL22358_N1","program_DE_top500",0.346347249180364,"Homeostatic/regulatory fibroblasts","N387690","Normal"
"N387690_CELL22399_N1","program_DE_top500",0.533513364816907,"Homeostatic/regulatory fibroblasts","N387690","Normal"
"N387690_CELL22433_N1","program_DE_top500",0.24992253690138,"ECM-producing fibroblasts","N387690","Normal"
"N387690_CELL22642_N1","program_DE_top500",0.440230739152407,"Homeostatic/regulatory fibroblasts","N387690","Normal"
"N387690_CELL22657_N1","program_DE_top500",0.00821843005974023,"Homeostatic/regulatory fibroblasts","N387690","Normal"
"N387690_CELL22759_N1","program_DE_top500",0.414472023033915,"Homeostatic/regulatory fibroblasts","N387690","Normal"
"N387690_CELL22827_N1","program_DE_top500",0.353785025746992,"ECM-producing fibroblasts","N387690","Normal"
"N387690_CELL22936_N1","program_DE_top500",0.305684567821266,"Homeostatic/regulatory fibroblasts","N387690","Normal"
"N387690_CELL22944_N1","program_DE_top500",0.128839697235541,"Homeostatic/regulatory fibroblasts","N387690","Normal"
"N387690_CELL23098_N1","program_DE_top500",0.413600179787315,"Homeostatic/regulatory fibroblasts","N387690","Normal"
"N387690_CELL23353_N1","program_DE_top500",1.50148258041671,"Homeostatic/regulatory fibroblasts","N387690","Normal"
"N387690_CELL23365_N1","program_DE_top500",0.312249683520184,"Homeostatic/regulatory fibroblasts","N387690","Normal"
"N387690_CELL23371_N1","program_DE_top500",0.374488736482064,"Homeostatic/regulatory fibroblasts","N387690","Normal"
"N387690_CELL23678_N1","program_DE_top500",0.168303212496734,"Homeostatic/regulatory fibroblasts","N387690","Normal"
"N387690_CELL23683_N1","program_DE_top500",0.268368752990872,"Homeostatic/regulatory fibroblasts","N387690","Normal"
"N387690_CELL23687_N1","program_DE_top500",0.480403131848345,"Homeostatic/regulatory fibroblasts","N387690","Normal"
"N387690_CELL23969_N1","program_DE_top500",0.41925670762419,"ECM-producing fibroblasts","N387690","Normal"
"N387690_CELL24223_N1","program_DE_top500",0.33605183620536,"ECM-producing fibroblasts","N387690","Normal"
"N387690_CELL24463_N1","program_DE_top500",2.75696183612956,"Homeostatic/regulatory fibroblasts","N387690","Normal"
"N387690_CELL24542_N1","program_DE_top500",0.372790623132317,"Homeostatic/regulatory fibroblasts","N387690","Normal"
"N387690_CELL24571_N1","program_DE_top500",0.249907933502102,"Homeostatic/regulatory fibroblasts","N387690","Normal"
"N387690_CELL24707_N1","program_DE_top500",0.338995805680186,"Homeostatic/regulatory fibroblasts","N387690","Normal"
"N387690_CELL24811_N1","program_DE_top500",0.406399318533332,"Homeostatic/regulatory fibroblasts","N387690","Normal"
"N387690_CELL24914_N1","program_DE_top500",0.372368864745908,"Homeostatic/regulatory fibroblasts","N387690","Normal"
"N387690_CELL25178_N1","program_DE_top500",0.126765750390329,"Homeostatic/regulatory fibroblasts","N387690","Normal"
"N387690_CELL25306_N1","program_DE_top500",0.133170659017395,"Homeostatic/regulatory fibroblasts","N387690","Normal"
"N387690_CELL25358_N1","program_DE_top500",0.355497093904181,"Homeostatic/regulatory fibroblasts","N387690","Normal"
"N387690_CELL25461_N1","program_DE_top500",0.460574590162256,"Homeostatic/regulatory fibroblasts","N387690","Normal"
"N387690_CELL25723_N1","program_DE_top500",0.477533406680252,"Homeostatic/regulatory fibroblasts","N387690","Normal"
"N387690_CELL25737_N1","program_DE_top500",1.93703429883539,"Homeostatic/regulatory fibroblasts","N387690","Normal"
"N387690_CELL26286_N1","program_DE_top500",0.306678002540118,"Homeostatic/regulatory fibroblasts","N387690","Normal"
"N387690_CELL26358_N1","program_DE_top500",1.26207962939404,"Homeostatic/regulatory fibroblasts","N387690","Normal"
"N387690_CELL26373_N1","program_DE_top500",0.343487332787394,"Homeostatic/regulatory fibroblasts","N387690","Normal"
"N387690_CELL26375_N1","program_DE_top500",0.426402844537824,"Homeostatic/regulatory fibroblasts","N387690","Normal"
"N387690_CELL26376_N1","program_DE_top500",4.59359954363024,"Homeostatic/regulatory fibroblasts","N387690","Normal"
"N387690_CELL27004_N1","program_DE_top500",0.35361751247715,"Homeostatic/regulatory fibroblasts","N387690","Normal"
"N387690_CELL27171_N1","program_DE_top500",0.421046879355284,"Homeostatic/regulatory fibroblasts","N387690","Normal"
"N387690_CELL27178_N1","program_DE_top500",0.237853642907354,"Homeostatic/regulatory fibroblasts","N387690","Normal"
"N387690_CELL27194_N1","program_DE_top500",9.63174068123236,"ECM-producing fibroblasts","N387690","Normal"
"N387690_CELL27266_N1","program_DE_top500",2.50904096646795,"ECM-producing fibroblasts","N387690","Normal"
"N387690_CELL27307_N1","program_DE_top500",0.310548149766419,"ECM-producing fibroblasts","N387690","Normal"
"N387690_CELL27560_N1","program_DE_top500",6.14632204976618,"ECM-producing fibroblasts","N387690","Normal"
"N387690_CELL27569_N1","program_DE_top500",0.0757748246146189,"Homeostatic/regulatory fibroblasts","N387690","Normal"
"N387690_CELL27976_N1","program_DE_top500",0.534704487484877,"Homeostatic/regulatory fibroblasts","N387690","Normal"
"N387690_CELL28594_N1","program_DE_top500",1.39249118222925,"Homeostatic/regulatory fibroblasts","N387690","Normal"
"K183156_CELL11_N5","program_DE_top1000",12.6901959072769,"ECM-producing fibroblasts","K183156","Keloid"
"K183156_CELL43_N2","program_DE_top1000",20.9873789832511,"ECM-producing fibroblasts","K183156","Keloid"
"K183156_CELL63_N3","program_DE_top1000",20.5541485937828,"ECM-producing fibroblasts","K183156","Keloid"
"K183156_CELL134_N2","program_DE_top1000",15.8955877957209,"Matrix-remodeling fibroblasts","K183156","Keloid"
"K183156_CELL147_N3","program_DE_top1000",20.7030484810802,"ECM-producing fibroblasts","K183156","Keloid"
"K183156_CELL197_N3","program_DE_top1000",20.5112430023876,"ECM-producing fibroblasts","K183156","Keloid"
"K183156_CELL217_N3","program_DE_top1000",1.62389042325049,"Homeostatic/regulatory fibroblasts","K183156","Keloid"
"K183156_CELL243_N4","program_DE_top1000",20.7831813403197,"ECM-producing fibroblasts","K183156","Keloid"
"K183156_CELL256_N5","program_DE_top1000",17.1637576967097,"ECM-producing fibroblasts","K183156","Keloid"
"K183156_CELL258_N5","program_DE_top1000",18.4367670408792,"Matrix-remodeling fibroblasts","K183156","Keloid"
"K183156_CELL273_N2","program_DE_top1000",20.5781652406945,"ECM-producing fibroblasts","K183156","Keloid"
"K183156_CELL281_N1","program_DE_top1000",20.3260946894104,"ECM-producing fibroblasts","K183156","Keloid"
"K183156_CELL353_N3","program_DE_top1000",20.692358447251,"ECM-producing fibroblasts","K183156","Keloid"
"K183156_CELL373_N3","program_DE_top1000",18.6141036573564,"Matrix-remodeling fibroblasts","K183156","Keloid"
"K183156_CELL433_N4","program_DE_top1000",21.0208745341269,"ECM-producing fibroblasts","K183156","Keloid"
"K183156_CELL466_N2","program_DE_top1000",20.7491767210309,"Homeostatic/regulatory fibroblasts","K183156","Keloid"
"K183156_CELL470_N2","program_DE_top1000",20.3035614632714,"ECM-producing fibroblasts","K183156","Keloid"
"K183156_CELL473_N1","program_DE_top1000",20.5169116259235,"Matrix-remodeling fibroblasts","K183156","Keloid"
"K183156_CELL484_N2","program_DE_top1000",20.2765605074323,"ECM-producing fibroblasts","K183156","Keloid"
"K183156_CELL499_N3","program_DE_top1000",20.4943740745127,"Matrix-remodeling fibroblasts","K183156","Keloid"
"K183156_CELL545_N2","program_DE_top1000",20.9973611272096,"ECM-producing fibroblasts","K183156","Keloid"
"K183156_CELL561_N7","program_DE_top1000",17.8153174457334,"Matrix-remodeling fibroblasts","K183156","Keloid"
"K183156_CELL638_N2","program_DE_top1000",15.5020424701868,"Homeostatic/regulatory fibroblasts","K183156","Keloid"
"K183156_CELL644_N4","program_DE_top1000",20.9795378088751,"ECM-producing fibroblasts","K183156","Keloid"
"K183156_CELL654_N3","program_DE_top1000",20.5112893453561,"ECM-producing fibroblasts","K183156","Keloid"
"K183156_CELL673_N2","program_DE_top1000",20.5648524890751,"ECM-producing fibroblasts","K183156","Keloid"
"K183156_CELL691_N4","program_DE_top1000",20.3212546727743,"ECM-producing fibroblasts","K183156","Keloid"
"K183156_CELL708_N3","program_DE_top1000",19.1013117431037,"ECM-producing fibroblasts","K183156","Keloid"
"K183156_CELL755_N3","program_DE_top1000",20.7411052408078,"ECM-producing fibroblasts","K183156","Keloid"
"K183156_CELL762_N2","program_DE_top1000",17.2823608784111,"Homeostatic/regulatory fibroblasts","K183156","Keloid"
"K183156_CELL765_N2","program_DE_top1000",12.5401648791027,"ECM-producing fibroblasts","K183156","Keloid"
"K183156_CELL793_N2","program_DE_top1000",20.928307605048,"ECM-producing fibroblasts","K183156","Keloid"
"K183156_CELL820_N3","program_DE_top1000",16.4377013834695,"Matrix-remodeling fibroblasts","K183156","Keloid"
"K183156_CELL890_N3","program_DE_top1000",18.2983339941162,"Matrix-remodeling fibroblasts","K183156","Keloid"
"K183156_CELL928_N4","program_DE_top1000",20.3346506766459,"ECM-producing fibroblasts","K183156","Keloid"
"K183156_CELL962_N3","program_DE_top1000",20.4372208053367,"Matrix-remodeling fibroblasts","K183156","Keloid"
"K183156_CELL1019_N5","program_DE_top1000",20.776689587293,"ECM-producing fibroblasts","K183156","Keloid"
"K183156_CELL1056_N3","program_DE_top1000",19.0484340881216,"ECM-producing fibroblasts","K183156","Keloid"
"K183156_CELL1080_N2","program_DE_top1000",15.4442519801747,"Homeostatic/regulatory fibroblasts","K183156","Keloid"
"K183156_CELL1105_N3","program_DE_top1000",20.9932845598651,"ECM-producing fibroblasts","K183156","Keloid"
"K183156_CELL1129_N3","program_DE_top1000",20.1740237456379,"Matrix-remodeling fibroblasts","K183156","Keloid"
"K183156_CELL1265_N5","program_DE_top1000",20.3896948045289,"ECM-producing fibroblasts","K183156","Keloid"
"K183156_CELL1278_N2","program_DE_top1000",20.3559378712086,"Matrix-remodeling fibroblasts","K183156","Keloid"
"K183156_CELL1314_N3","program_DE_top1000",17.8427820367269,"Matrix-remodeling fibroblasts","K183156","Keloid"
"K183156_CELL1374_N4","program_DE_top1000",13.0677268244837,"ECM-producing fibroblasts","K183156","Keloid"
"K183156_CELL1393_N6","program_DE_top1000",20.8513921660917,"ECM-producing fibroblasts","K183156","Keloid"
"K183156_CELL1402_N2","program_DE_top1000",20.6021730659329,"ECM-producing fibroblasts","K183156","Keloid"
"K183156_CELL1420_N2","program_DE_top1000",16.2970491682023,"Homeostatic/regulatory fibroblasts","K183156","Keloid"
"K183156_CELL1441_N5","program_DE_top1000",20.4009728709319,"ECM-producing fibroblasts","K183156","Keloid"
"K183156_CELL1444_N2","program_DE_top1000",17.6108540681625,"ECM-producing fibroblasts","K183156","Keloid"
"K183156_CELL1454_N2","program_DE_top1000",0.507392041469532,"Homeostatic/regulatory fibroblasts","K183156","Keloid"
"K183156_CELL1489_N5","program_DE_top1000",12.0705685071933,"ECM-producing fibroblasts","K183156","Keloid"
"K183156_CELL1614_N2","program_DE_top1000",20.0308876776651,"Matrix-remodeling fibroblasts","K183156","Keloid"
"K183156_CELL1662_N2","program_DE_top1000",20.6474559508217,"ECM-producing fibroblasts","K183156","Keloid"
"K183156_CELL1675_N4","program_DE_top1000",20.8524620173537,"ECM-producing fibroblasts","K183156","Keloid"
"K183156_CELL1694_N3","program_DE_top1000",11.5884172410194,"Homeostatic/regulatory fibroblasts","K183156","Keloid"
"K183156_CELL1727_N2","program_DE_top1000",20.6156451930102,"Matrix-remodeling fibroblasts","K183156","Keloid"
"K183156_CELL1729_N3","program_DE_top1000",12.6408963588487,"ECM-producing fibroblasts","K183156","Keloid"
"K183156_CELL1811_N3","program_DE_top1000",20.6276801690689,"ECM-producing fibroblasts","K183156","Keloid"
"K183156_CELL1827_N2","program_DE_top1000",18.4322843678061,"ECM-producing fibroblasts","K183156","Keloid"
"K183156_CELL1828_N6","program_DE_top1000",20.5900644117211,"ECM-producing fibroblasts","K183156","Keloid"
"K183156_CELL1884_N3","program_DE_top1000",20.5605387468702,"ECM-producing fibroblasts","K183156","Keloid"
"K183156_CELL1943_N4","program_DE_top1000",20.8495892735688,"ECM-producing fibroblasts","K183156","Keloid"
"K183156_CELL1957_N2","program_DE_top1000",20.4911040166337,"Matrix-remodeling fibroblasts","K183156","Keloid"
"K183156_CELL1963_N3","program_DE_top1000",12.492338284282,"ECM-producing fibroblasts","K183156","Keloid"
"K183156_CELL1973_N3","program_DE_top1000",15.3628335400837,"Homeostatic/regulatory fibroblasts","K183156","Keloid"
"K183156_CELL1979_N4","program_DE_top1000",20.4253396308828,"Matrix-remodeling fibroblasts","K183156","Keloid"
"K183156_CELL2019_N4","program_DE_top1000",20.605994347369,"ECM-producing fibroblasts","K183156","Keloid"
"K183156_CELL2048_N3","program_DE_top1000",20.8045318143388,"ECM-producing fibroblasts","K183156","Keloid"
"K183156_CELL2078_N2","program_DE_top1000",20.3355638414267,"ECM-producing fibroblasts","K183156","Keloid"
"K183156_CELL2081_N2","program_DE_top1000",12.937678487315,"ECM-producing fibroblasts","K183156","Keloid"
"K183156_CELL2091_N3","program_DE_top1000",18.0638303089434,"ECM-producing fibroblasts","K183156","Keloid"
"K183156_CELL2113_N3","program_DE_top1000",20.578994865269,"Matrix-remodeling fibroblasts","K183156","Keloid"
"K183156_CELL2138_N3","program_DE_top1000",17.3070357580309,"ECM-producing fibroblasts","K183156","Keloid"
"K183156_CELL2159_N5","program_DE_top1000",20.7088284557944,"ECM-producing fibroblasts","K183156","Keloid"
"K183156_CELL2178_N3","program_DE_top1000",20.4753979349982,"Matrix-remodeling fibroblasts","K183156","Keloid"
"K183156_CELL2231_N4","program_DE_top1000",15.6880047634214,"Homeostatic/regulatory fibroblasts","K183156","Keloid"
"K183156_CELL2242_N2","program_DE_top1000",20.8129428722948,"ECM-producing fibroblasts","K183156","Keloid"
"K183156_CELL2337_N3","program_DE_top1000",18.7052101778712,"ECM-producing fibroblasts","K183156","Keloid"
"K183156_CELL2359_N3","program_DE_top1000",19.6442582534762,"ECM-producing fibroblasts","K183156","Keloid"
"K183156_CELL2371_N2","program_DE_top1000",20.4983393870484,"ECM-producing fibroblasts","K183156","Keloid"
"K183156_CELL2428_N2","program_DE_top1000",20.4984279146432,"Matrix-remodeling fibroblasts","K183156","Keloid"
"K183156_CELL2433_N2","program_DE_top1000",17.3573009279718,"Matrix-remodeling fibroblasts","K183156","Keloid"
"K183156_CELL2447_N3","program_DE_top1000",13.1310487746323,"ECM-producing fibroblasts","K183156","Keloid"
"K183156_CELL2454_N4","program_DE_top1000",14.0674450858137,"Matrix-remodeling fibroblasts","K183156","Keloid"
"K183156_CELL2473_N2","program_DE_top1000",12.6825708196488,"ECM-producing fibroblasts","K183156","Keloid"
"K183156_CELL2499_N3","program_DE_top1000",20.4272365964774,"ECM-producing fibroblasts","K183156","Keloid"
"K183156_CELL2529_N3","program_DE_top1000",20.4574543581432,"ECM-producing fibroblasts","K183156","Keloid"
"K183156_CELL2551_N2","program_DE_top1000",0.577885071273704,"Homeostatic/regulatory fibroblasts","K183156","Keloid"
"K183156_CELL2555_N3","program_DE_top1000",20.5287000727865,"ECM-producing fibroblasts","K183156","Keloid"
"K183156_CELL2620_N2","program_DE_top1000",20.6017668302208,"ECM-producing fibroblasts","K183156","Keloid"
"K183156_CELL2649_N3","program_DE_top1000",20.7409045054691,"ECM-producing fibroblasts","K183156","Keloid"
"K183156_CELL2658_N3","program_DE_top1000",20.6757897143738,"ECM-producing fibroblasts","K183156","Keloid"
"K183156_CELL2748_N3","program_DE_top1000",20.7262533241963,"ECM-producing fibroblasts","K183156","Keloid"
"K183156_CELL2769_N3","program_DE_top1000",14.3092513763378,"ECM-producing fibroblasts","K183156","Keloid"
"K183156_CELL2775_N2","program_DE_top1000",13.1198530023577,"Matrix-remodeling fibroblasts","K183156","Keloid"
"K183156_CELL2778_N4","program_DE_top1000",17.6308406335083,"Matrix-remodeling fibroblasts","K183156","Keloid"
"K183156_CELL2827_N2","program_DE_top1000",20.4576542644554,"ECM-producing fibroblasts","K183156","Keloid"
"K183156_CELL2846_N2","program_DE_top1000",13.150692818393,"ECM-producing fibroblasts","K183156","Keloid"
"K183156_CELL2938_N4","program_DE_top1000",12.6051712171894,"ECM-producing fibroblasts","K183156","Keloid"
"K183156_CELL2945_N4","program_DE_top1000",20.7029989196153,"Matrix-remodeling fibroblasts","K183156","Keloid"
"K183156_CELL2946_N3","program_DE_top1000",12.8928709906079,"ECM-producing fibroblasts","K183156","Keloid"
"K183156_CELL2958_N2","program_DE_top1000",12.353062249183,"Matrix-remodeling fibroblasts","K183156","Keloid"
"K183156_CELL2981_N2","program_DE_top1000",18.2850739605404,"ECM-producing fibroblasts","K183156","Keloid"
"K183156_CELL2982_N2","program_DE_top1000",15.8310162354411,"Matrix-remodeling fibroblasts","K183156","Keloid"
"K183156_CELL3016_N5","program_DE_top1000",20.287716698588,"ECM-producing fibroblasts","K183156","Keloid"
"K183156_CELL3046_N3","program_DE_top1000",20.2337049721603,"ECM-producing fibroblasts","K183156","Keloid"
"K183156_CELL3060_N2","program_DE_top1000",20.3181998655362,"Matrix-remodeling fibroblasts","K183156","Keloid"
"K183156_CELL3087_N5","program_DE_top1000",20.3984953670704,"ECM-producing fibroblasts","K183156","Keloid"
"K183156_CELL3120_N2","program_DE_top1000",16.1333592735212,"Matrix-remodeling fibroblasts","K183156","Keloid"
"K183156_CELL3150_N3","program_DE_top1000",19.6620421232798,"Matrix-remodeling fibroblasts","K183156","Keloid"
"K183156_CELL3175_N3","program_DE_top1000",19.3253517028534,"Matrix-remodeling fibroblasts","K183156","Keloid"
"K183156_CELL3188_N3","program_DE_top1000",20.3866739306787,"Matrix-remodeling fibroblasts","K183156","Keloid"
"K183156_CELL3213_N3","program_DE_top1000",16.2588437425945,"Homeostatic/regulatory fibroblasts","K183156","Keloid"
"K183156_CELL3229_N6","program_DE_top1000",15.6215602202465,"ECM-producing fibroblasts","K183156","Keloid"
"K183156_CELL3282_N3","program_DE_top1000",16.8511574206869,"Homeostatic/regulatory fibroblasts","K183156","Keloid"
"K183156_CELL3331_N2","program_DE_top1000",15.9337275046387,"ECM-producing fibroblasts","K183156","Keloid"
"K183156_CELL3334_N3","program_DE_top1000",12.0011761372695,"ECM-producing fibroblasts","K183156","Keloid"
"K183156_CELL3366_N2","program_DE_top1000",7.39610690403183,"Homeostatic/regulatory fibroblasts","K183156","Keloid"
"K183156_CELL3417_N2","program_DE_top1000",12.1571071209986,"ECM-producing fibroblasts","K183156","Keloid"
"K183156_CELL3422_N3","program_DE_top1000",18.0387156658542,"Matrix-remodeling fibroblasts","K183156","Keloid"
"K183156_CELL3434_N3","program_DE_top1000",20.8869080000479,"ECM-producing fibroblasts","K183156","Keloid"
"K183156_CELL3519_N5","program_DE_top1000",16.071492898002,"Homeostatic/regulatory fibroblasts","K183156","Keloid"
"K183156_CELL3538_N3","program_DE_top1000",15.7223199741329,"Homeostatic/regulatory fibroblasts","K183156","Keloid"
"K183156_CELL3547_N3","program_DE_top1000",20.097719706528,"Homeostatic/regulatory fibroblasts","K183156","Keloid"
"K183156_CELL3560_N3","program_DE_top1000",20.7467100186385,"ECM-producing fibroblasts","K183156","Keloid"
"K183156_CELL3568_N2","program_DE_top1000",11.9613286703194,"Homeostatic/regulatory fibroblasts","K183156","Keloid"
"K183156_CELL3584_N2","program_DE_top1000",20.4698782594709,"Matrix-remodeling fibroblasts","K183156","Keloid"
"K183156_CELL3589_N9","program_DE_top1000",20.3850986254372,"ECM-producing fibroblasts","K183156","Keloid"
"K183156_CELL3599_N2","program_DE_top1000",20.3984229681723,"ECM-producing fibroblasts","K183156","Keloid"
"K183156_CELL3618_N2","program_DE_top1000",11.5795898690892,"ECM-producing fibroblasts","K183156","Keloid"
"K183156_CELL3629_N3","program_DE_top1000",16.0803778853051,"Matrix-remodeling fibroblasts","K183156","Keloid"
"K183156_CELL3682_N6","program_DE_top1000",20.4962919135411,"ECM-producing fibroblasts","K183156","Keloid"
"K183156_CELL3787_N2","program_DE_top1000",12.5921465987827,"ECM-producing fibroblasts","K183156","Keloid"
"K183156_CELL3796_N4","program_DE_top1000",16.9609668746895,"Homeostatic/regulatory fibroblasts","K183156","Keloid"
"K183156_CELL3811_N2","program_DE_top1000",18.6870538558458,"Matrix-remodeling fibroblasts","K183156","Keloid"
"K183156_CELL3836_N2","program_DE_top1000",20.609330390199,"Matrix-remodeling fibroblasts","K183156","Keloid"
"K183156_CELL3983_N2","program_DE_top1000",12.453429271058,"ECM-producing fibroblasts","K183156","Keloid"
"K183156_CELL4036_N2","program_DE_top1000",18.3824449297793,"ECM-producing fibroblasts","K183156","Keloid"
"K183156_CELL4044_N2","program_DE_top1000",20.3742063466489,"Matrix-remodeling fibroblasts","K183156","Keloid"
"K183156_CELL4087_N4","program_DE_top1000",20.8609406939278,"ECM-producing fibroblasts","K183156","Keloid"
"K183156_CELL4095_N2","program_DE_top1000",20.7675582161602,"Homeostatic/regulatory fibroblasts","K183156","Keloid"
"K183156_CELL4111_N2","program_DE_top1000",11.1692450501584,"Matrix-remodeling fibroblasts","K183156","Keloid"
"K183156_CELL4181_N4","program_DE_top1000",20.4172219918325,"ECM-producing fibroblasts","K183156","Keloid"
"K183156_CELL4245_N2","program_DE_top1000",17.6186168769885,"ECM-producing fibroblasts","K183156","Keloid"
"K183156_CELL4250_N2","program_DE_top1000",12.7609447601656,"ECM-producing fibroblasts","K183156","Keloid"
"K183156_CELL4256_N3","program_DE_top1000",11.9630161511563,"Matrix-remodeling fibroblasts","K183156","Keloid"
"K183156_CELL4302_N4","program_DE_top1000",12.0627396435474,"ECM-producing fibroblasts","K183156","Keloid"
"K183156_CELL4321_N3","program_DE_top1000",19.6251459142758,"Matrix-remodeling fibroblasts","K183156","Keloid"
"K183156_CELL4352_N2","program_DE_top1000",18.2711804761929,"Matrix-remodeling fibroblasts","K183156","Keloid"
"K183156_CELL4353_N3","program_DE_top1000",20.55801551859,"Matrix-remodeling fibroblasts","K183156","Keloid"
"K183156_CELL4414_N2","program_DE_top1000",8.7536134549453,"Homeostatic/regulatory fibroblasts","K183156","Keloid"
"K183156_CELL4417_N4","program_DE_top1000",14.8411912105598,"Matrix-remodeling fibroblasts","K183156","Keloid"
"K183156_CELL4525_N2","program_DE_top1000",20.3282563025129,"ECM-producing fibroblasts","K183156","Keloid"
"K183156_CELL4527_N2","program_DE_top1000",20.5468512772634,"Matrix-remodeling fibroblasts","K183156","Keloid"
"K183156_CELL4530_N2","program_DE_top1000",15.1474252525231,"ECM-producing fibroblasts","K183156","Keloid"
"K183156_CELL4548_N2","program_DE_top1000",20.4921192886782,"ECM-producing fibroblasts","K183156","Keloid"
"K183156_CELL4592_N3","program_DE_top1000",12.8059807682256,"ECM-producing fibroblasts","K183156","Keloid"
"K183156_CELL4602_N2","program_DE_top1000",20.3409651998665,"ECM-producing fibroblasts","K183156","Keloid"
"K183156_CELL4661_N3","program_DE_top1000",20.3825359188261,"ECM-producing fibroblasts","K183156","Keloid"
"K183156_CELL4664_N3","program_DE_top1000",17.9159147703154,"Matrix-remodeling fibroblasts","K183156","Keloid"
"K183156_CELL4670_N2","program_DE_top1000",20.3496951789216,"Matrix-remodeling fibroblasts","K183156","Keloid"
"K183156_CELL4716_N2","program_DE_top1000",16.9002237878347,"ECM-producing fibroblasts","K183156","Keloid"
"K183156_CELL4735_N2","program_DE_top1000",17.6971051396077,"Homeostatic/regulatory fibroblasts","K183156","Keloid"
"K183156_CELL4737_N2","program_DE_top1000",15.626639426669,"ECM-producing fibroblasts","K183156","Keloid"
"K183156_CELL4769_N2","program_DE_top1000",14.9698522039721,"ECM-producing fibroblasts","K183156","Keloid"
"K183156_CELL4774_N4","program_DE_top1000",8.32839373404703,"ECM-producing fibroblasts","K183156","Keloid"
"K183156_CELL4785_N3","program_DE_top1000",20.5367973401144,"ECM-producing fibroblasts","K183156","Keloid"
"K183156_CELL4832_N2","program_DE_top1000",15.6805725831712,"Matrix-remodeling fibroblasts","K183156","Keloid"
"K183156_CELL4864_N4","program_DE_top1000",20.6447426658138,"ECM-producing fibroblasts","K183156","Keloid"
"K183156_CELL4890_N2","program_DE_top1000",1.13474130889402,"Homeostatic/regulatory fibroblasts","K183156","Keloid"
"K183156_CELL4903_N1","program_DE_top1000",20.4948757987006,"ECM-producing fibroblasts","K183156","Keloid"
"K183156_CELL4906_N2","program_DE_top1000",16.4117353925782,"ECM-producing fibroblasts","K183156","Keloid"
"K183156_CELL4926_N5","program_DE_top1000",20.2197396549951,"ECM-producing fibroblasts","K183156","Keloid"
"K183156_CELL4970_N3","program_DE_top1000",20.9625062580782,"ECM-producing fibroblasts","K183156","Keloid"
"K183156_CELL5033_N2","program_DE_top1000",18.7002714072656,"Homeostatic/regulatory fibroblasts","K183156","Keloid"
"K183156_CELL5062_N2","program_DE_top1000",20.4917165245886,"ECM-producing fibroblasts","K183156","Keloid"
"K183156_CELL5063_N3","program_DE_top1000",20.5398304090967,"Matrix-remodeling fibroblasts","K183156","Keloid"
"K183156_CELL5156_N2","program_DE_top1000",20.4839537869399,"ECM-producing fibroblasts","K183156","Keloid"
"K183156_CELL5164_N2","program_DE_top1000",15.3428865156506,"Matrix-remodeling fibroblasts","K183156","Keloid"
"K183156_CELL5178_N2","program_DE_top1000",21.1723279006756,"ECM-producing fibroblasts","K183156","Keloid"
"K183156_CELL5230_N3","program_DE_top1000",20.5057597040692,"ECM-producing fibroblasts","K183156","Keloid"
"K183156_CELL5234_N3","program_DE_top1000",15.0309606268519,"Homeostatic/regulatory fibroblasts","K183156","Keloid"
"K183156_CELL5237_N4","program_DE_top1000",20.5457784499867,"ECM-producing fibroblasts","K183156","Keloid"
"K183156_CELL5261_N4","program_DE_top1000",20.4088114552271,"ECM-producing fibroblasts","K183156","Keloid"
"K183156_CELL5282_N4","program_DE_top1000",20.6475267070412,"ECM-producing fibroblasts","K183156","Keloid"
"K183156_CELL5296_N5","program_DE_top1000",20.7733048688156,"ECM-producing fibroblasts","K183156","Keloid"
"K183156_CELL5331_N2","program_DE_top1000",18.4633177884546,"ECM-producing fibroblasts","K183156","Keloid"
"K183156_CELL5391_N3","program_DE_top1000",20.8470423948256,"ECM-producing fibroblasts","K183156","Keloid"
"K183156_CELL5395_N2","program_DE_top1000",0.557419260513053,"Homeostatic/regulatory fibroblasts","K183156","Keloid"
"K183156_CELL5401_N4","program_DE_top1000",14.3734770613565,"ECM-producing fibroblasts","K183156","Keloid"
"K183156_CELL5416_N2","program_DE_top1000",20.6135813292964,"Matrix-remodeling fibroblasts","K183156","Keloid"
"K183156_CELL5429_N3","program_DE_top1000",14.4875144691866,"ECM-producing fibroblasts","K183156","Keloid"
"K183156_CELL5448_N5","program_DE_top1000",20.7025457453691,"Matrix-remodeling fibroblasts","K183156","Keloid"
"K183156_CELL5527_N1","program_DE_top1000",11.7155437363796,"ECM-producing fibroblasts","K183156","Keloid"
"K183156_CELL5538_N3","program_DE_top1000",20.3589832102424,"ECM-producing fibroblasts","K183156","Keloid"
"K183156_CELL5560_N2","program_DE_top1000",20.4898758226738,"Matrix-remodeling fibroblasts","K183156","Keloid"
"K183156_CELL5595_N2","program_DE_top1000",20.4385028746046,"Matrix-remodeling fibroblasts","K183156","Keloid"
"K183156_CELL5657_N3","program_DE_top1000",20.0511637571047,"Matrix-remodeling fibroblasts","K183156","Keloid"
"K183156_CELL5696_N2","program_DE_top1000",20.2630286362206,"ECM-producing fibroblasts","K183156","Keloid"
"K183156_CELL5725_N2","program_DE_top1000",20.4595424831736,"ECM-producing fibroblasts","K183156","Keloid"
"K183156_CELL5765_N2","program_DE_top1000",20.4080401836985,"ECM-producing fibroblasts","K183156","Keloid"
"K183156_CELL5796_N2","program_DE_top1000",19.6837004006636,"ECM-producing fibroblasts","K183156","Keloid"
"K183156_CELL5802_N2","program_DE_top1000",20.4830165724125,"ECM-producing fibroblasts","K183156","Keloid"
"K183156_CELL5859_N3","program_DE_top1000",20.4697731957976,"Homeostatic/regulatory fibroblasts","K183156","Keloid"
"K183156_CELL5863_N2","program_DE_top1000",12.4547932508639,"ECM-producing fibroblasts","K183156","Keloid"
"K183156_CELL5864_N4","program_DE_top1000",18.6423313104763,"Matrix-remodeling fibroblasts","K183156","Keloid"
"K183156_CELL5889_N3","program_DE_top1000",20.283641424848,"ECM-producing fibroblasts","K183156","Keloid"
"K183156_CELL5901_N2","program_DE_top1000",18.2788610338226,"Matrix-remodeling fibroblasts","K183156","Keloid"
"K183156_CELL5919_N2","program_DE_top1000",15.5834166051218,"Homeostatic/regulatory fibroblasts","K183156","Keloid"
"K183156_CELL5921_N3","program_DE_top1000",17.4886384454122,"Matrix-remodeling fibroblasts","K183156","Keloid"
"K183156_CELL5930_N3","program_DE_top1000",12.9338908222702,"Homeostatic/regulatory fibroblasts","K183156","Keloid"
"K183156_CELL6004_N1","program_DE_top1000",16.6038048034767,"ECM-producing fibroblasts","K183156","Keloid"
"K183156_CELL6040_N2","program_DE_top1000",18.2392892413861,"Matrix-remodeling fibroblasts","K183156","Keloid"
"K183156_CELL6049_N2","program_DE_top1000",18.5680910479482,"ECM-producing fibroblasts","K183156","Keloid"
"K183156_CELL6069_N4","program_DE_top1000",20.9294564780598,"ECM-producing fibroblasts","K183156","Keloid"
"K183156_CELL6103_N3","program_DE_top1000",11.499003465842,"ECM-producing fibroblasts","K183156","Keloid"
"K183156_CELL6123_N3","program_DE_top1000",0.646008648655937,"Homeostatic/regulatory fibroblasts","K183156","Keloid"
"K183156_CELL6165_N3","program_DE_top1000",0.399249289560794,"Homeostatic/regulatory fibroblasts","K183156","Keloid"
"K183156_CELL6200_N3","program_DE_top1000",17.6700065142066,"Matrix-remodeling fibroblasts","K183156","Keloid"
"K183156_CELL6202_N6","program_DE_top1000",20.5439131622261,"Matrix-remodeling fibroblasts","K183156","Keloid"
"K183156_CELL6203_N4","program_DE_top1000",15.4881697287292,"Homeostatic/regulatory fibroblasts","K183156","Keloid"
"K183156_CELL6238_N2","program_DE_top1000",8.33246225768348,"Matrix-remodeling fibroblasts","K183156","Keloid"
"K183156_CELL6255_N3","program_DE_top1000",18.5944921312666,"Matrix-remodeling fibroblasts","K183156","Keloid"
"K183156_CELL6300_N4","program_DE_top1000",18.9394483962455,"ECM-producing fibroblasts","K183156","Keloid"
"K183156_CELL6303_N2","program_DE_top1000",0.499594254361528,"Homeostatic/regulatory fibroblasts","K183156","Keloid"
"K183156_CELL6336_N2","program_DE_top1000",16.788391720427,"ECM-producing fibroblasts","K183156","Keloid"
"K183156_CELL6421_N1","program_DE_top1000",20.6110265484012,"ECM-producing fibroblasts","K183156","Keloid"
"K183156_CELL6484_N5","program_DE_top1000",20.4400354817385,"ECM-producing fibroblasts","K183156","Keloid"
"K183156_CELL6512_N3","program_DE_top1000",12.5445076121427,"ECM-producing fibroblasts","K183156","Keloid"
"K183156_CELL6587_N3","program_DE_top1000",12.6126921549214,"ECM-producing fibroblasts","K183156","Keloid"
"K183156_CELL6598_N2","program_DE_top1000",16.7386693569936,"Homeostatic/regulatory fibroblasts","K183156","Keloid"
"K183156_CELL6632_N3","program_DE_top1000",20.5600954827103,"ECM-producing fibroblasts","K183156","Keloid"
"K183156_CELL6661_N3","program_DE_top1000",17.9479566586252,"ECM-producing fibroblasts","K183156","Keloid"
"K183156_CELL6708_N2","program_DE_top1000",9.27876103531992,"Homeostatic/regulatory fibroblasts","K183156","Keloid"
"K183156_CELL6743_N3","program_DE_top1000",7.37499043790163,"Homeostatic/regulatory fibroblasts","K183156","Keloid"
"K183156_CELL6793_N2","program_DE_top1000",12.1979587716047,"ECM-producing fibroblasts","K183156","Keloid"
"K183156_CELL6846_N3","program_DE_top1000",18.3850820411672,"Matrix-remodeling fibroblasts","K183156","Keloid"
"K183156_CELL6847_N2","program_DE_top1000",20.5901676459647,"ECM-producing fibroblasts","K183156","Keloid"
"K183156_CELL6863_N2","program_DE_top1000",20.455570291027,"ECM-producing fibroblasts","K183156","Keloid"
"K183156_CELL6864_N2","program_DE_top1000",12.7511258505716,"ECM-producing fibroblasts","K183156","Keloid"
"K183156_CELL6877_N2","program_DE_top1000",12.1997056883402,"Homeostatic/regulatory fibroblasts","K183156","Keloid"
"K183156_CELL6880_N3","program_DE_top1000",20.8100855004312,"ECM-producing fibroblasts","K183156","Keloid"
"K183156_CELL6895_N3","program_DE_top1000",18.4561195434915,"ECM-producing fibroblasts","K183156","Keloid"
"K183156_CELL6901_N2","program_DE_top1000",21.0146806960298,"ECM-producing fibroblasts","K183156","Keloid"
"K183156_CELL6934_N3","program_DE_top1000",11.070342320138,"ECM-producing fibroblasts","K183156","Keloid"
"K183156_CELL6963_N2","program_DE_top1000",20.4617044091398,"Matrix-remodeling fibroblasts","K183156","Keloid"
"K183156_CELL7069_N2","program_DE_top1000",19.529657674375,"Homeostatic/regulatory fibroblasts","K183156","Keloid"
"K183156_CELL7158_N2","program_DE_top1000",20.3303995968643,"ECM-producing fibroblasts","K183156","Keloid"
"K183156_CELL7161_N2","program_DE_top1000",18.326317878815,"Matrix-remodeling fibroblasts","K183156","Keloid"
"K183156_CELL7162_N1","program_DE_top1000",10.4283397541851,"Matrix-remodeling fibroblasts","K183156","Keloid"
"K183156_CELL7191_N2","program_DE_top1000",19.1717349630871,"Matrix-remodeling fibroblasts","K183156","Keloid"
"K183156_CELL7217_N4","program_DE_top1000",20.4226678550816,"ECM-producing fibroblasts","K183156","Keloid"
"K183156_CELL7304_N2","program_DE_top1000",19.4807834881187,"Matrix-remodeling fibroblasts","K183156","Keloid"
"K183156_CELL7334_N1","program_DE_top1000",15.4470689091022,"ECM-producing fibroblasts","K183156","Keloid"
"K183156_CELL7359_N4","program_DE_top1000",14.2544665383775,"Matrix-remodeling fibroblasts","K183156","Keloid"
"K183156_CELL7363_N2","program_DE_top1000",9.93111059147503,"Homeostatic/regulatory fibroblasts","K183156","Keloid"
"K183156_CELL7392_N2","program_DE_top1000",20.2571384448862,"Homeostatic/regulatory fibroblasts","K183156","Keloid"
"K183156_CELL7395_N4","program_DE_top1000",20.4193972818077,"ECM-producing fibroblasts","K183156","Keloid"
"K183156_CELL7397_N3","program_DE_top1000",20.5930660242722,"Matrix-remodeling fibroblasts","K183156","Keloid"
"K183156_CELL7420_N2","program_DE_top1000",17.6161356133875,"Homeostatic/regulatory fibroblasts","K183156","Keloid"
"K183156_CELL7439_N2","program_DE_top1000",20.3143521042152,"Matrix-remodeling fibroblasts","K183156","Keloid"
"K183156_CELL7455_N5","program_DE_top1000",17.6866740246856,"Matrix-remodeling fibroblasts","K183156","Keloid"
"K183156_CELL7463_N3","program_DE_top1000",15.8514395081041,"ECM-producing fibroblasts","K183156","Keloid"
"K183156_CELL7468_N3","program_DE_top1000",15.8259670856428,"Homeostatic/regulatory fibroblasts","K183156","Keloid"
"K183156_CELL7483_N2","program_DE_top1000",20.6099750340639,"ECM-producing fibroblasts","K183156","Keloid"
"K183156_CELL7486_N2","program_DE_top1000",15.4922574724252,"Matrix-remodeling fibroblasts","K183156","Keloid"
"K183156_CELL7503_N3","program_DE_top1000",12.0995660485554,"Homeostatic/regulatory fibroblasts","K183156","Keloid"
"K183156_CELL7515_N2","program_DE_top1000",20.5257145194685,"ECM-producing fibroblasts","K183156","Keloid"
"K183156_CELL7536_N2","program_DE_top1000",20.5874114068292,"ECM-producing fibroblasts","K183156","Keloid"
"K183156_CELL7554_N2","program_DE_top1000",16.7979733563336,"ECM-producing fibroblasts","K183156","Keloid"
"K183156_CELL7586_N3","program_DE_top1000",16.0022357157201,"Matrix-remodeling fibroblasts","K183156","Keloid"
"K183156_CELL7640_N2","program_DE_top1000",19.2120376573948,"ECM-producing fibroblasts","K183156","Keloid"
"K183156_CELL7666_N2","program_DE_top1000",20.4578063378761,"ECM-producing fibroblasts","K183156","Keloid"
"K183156_CELL7691_N4","program_DE_top1000",11.4424328215437,"Homeostatic/regulatory fibroblasts","K183156","Keloid"
"K183156_CELL7755_N2","program_DE_top1000",20.4609258272973,"Matrix-remodeling fibroblasts","K183156","Keloid"
"K183156_CELL7814_N3","program_DE_top1000",20.7760542999423,"ECM-producing fibroblasts","K183156","Keloid"
"K183156_CELL7819_N2","program_DE_top1000",20.5450796626718,"ECM-producing fibroblasts","K183156","Keloid"
"K183156_CELL7822_N2","program_DE_top1000",8.17518512170991,"Matrix-remodeling fibroblasts","K183156","Keloid"
"K183156_CELL7832_N1","program_DE_top1000",20.5519526875364,"Matrix-remodeling fibroblasts","K183156","Keloid"
"K183156_CELL7842_N2","program_DE_top1000",19.4758674740774,"Matrix-remodeling fibroblasts","K183156","Keloid"
"K183156_CELL7844_N3","program_DE_top1000",13.4704610374041,"Homeostatic/regulatory fibroblasts","K183156","Keloid"
"K183156_CELL7856_N2","program_DE_top1000",20.6857299985915,"ECM-producing fibroblasts","K183156","Keloid"
"K183156_CELL7863_N2","program_DE_top1000",20.3892983313087,"ECM-producing fibroblasts","K183156","Keloid"
"K183156_CELL7890_N3","program_DE_top1000",20.7521664487343,"Matrix-remodeling fibroblasts","K183156","Keloid"
"K183156_CELL7899_N3","program_DE_top1000",12.6682376344612,"ECM-producing fibroblasts","K183156","Keloid"
"K183156_CELL7912_N2","program_DE_top1000",11.6555602717605,"ECM-producing fibroblasts","K183156","Keloid"
"K183156_CELL7923_N4","program_DE_top1000",8.07875964067334,"Homeostatic/regulatory fibroblasts","K183156","Keloid"
"K183156_CELL7942_N2","program_DE_top1000",20.9144844333964,"ECM-producing fibroblasts","K183156","Keloid"
"K183156_CELL8057_N3","program_DE_top1000",20.5701133425301,"Matrix-remodeling fibroblasts","K183156","Keloid"
"K183156_CELL8067_N2","program_DE_top1000",20.6086679227053,"Matrix-remodeling fibroblasts","K183156","Keloid"
"K183156_CELL8069_N4","program_DE_top1000",20.5237571123723,"ECM-producing fibroblasts","K183156","Keloid"
"K183156_CELL8077_N1","program_DE_top1000",12.986831447848,"Homeostatic/regulatory fibroblasts","K183156","Keloid"
"K183156_CELL8086_N3","program_DE_top1000",12.7148502918405,"ECM-producing fibroblasts","K183156","Keloid"
"K183156_CELL8087_N1","program_DE_top1000",20.3226083413581,"Matrix-remodeling fibroblasts","K183156","Keloid"
"K183156_CELL8097_N2","program_DE_top1000",12.3946522392127,"ECM-producing fibroblasts","K183156","Keloid"
"K183156_CELL8111_N5","program_DE_top1000",20.4765927654322,"Matrix-remodeling fibroblasts","K183156","Keloid"
"K183156_CELL8140_N3","program_DE_top1000",11.5170935464485,"Homeostatic/regulatory fibroblasts","K183156","Keloid"
"K183156_CELL8146_N3","program_DE_top1000",12.3052972174771,"Matrix-remodeling fibroblasts","K183156","Keloid"
"K183156_CELL8150_N3","program_DE_top1000",12.2466801810292,"ECM-producing fibroblasts","K183156","Keloid"
"K183156_CELL8275_N2","program_DE_top1000",12.0100334110889,"Homeostatic/regulatory fibroblasts","K183156","Keloid"
"K183156_CELL8347_N4","program_DE_top1000",18.5077016065,"Homeostatic/regulatory fibroblasts","K183156","Keloid"
"K183156_CELL8382_N2","program_DE_top1000",20.8496860049386,"ECM-producing fibroblasts","K183156","Keloid"
"K183156_CELL8384_N4","program_DE_top1000",16.8468671994964,"Matrix-remodeling fibroblasts","K183156","Keloid"
"K183156_CELL8387_N3","program_DE_top1000",18.5811228489609,"Homeostatic/regulatory fibroblasts","K183156","Keloid"
"K183156_CELL8409_N4","program_DE_top1000",13.339289851873,"ECM-producing fibroblasts","K183156","Keloid"
"K183156_CELL8433_N2","program_DE_top1000",19.1504566252978,"ECM-producing fibroblasts","K183156","Keloid"
"K183156_CELL8459_N3","program_DE_top1000",18.9035707833469,"Homeostatic/regulatory fibroblasts","K183156","Keloid"
"K183156_CELL8460_N3","program_DE_top1000",17.2569174643428,"Matrix-remodeling fibroblasts","K183156","Keloid"
"K183156_CELL8479_N4","program_DE_top1000",13.0138880542545,"ECM-producing fibroblasts","K183156","Keloid"
"K183156_CELL8485_N3","program_DE_top1000",20.3824263743339,"Matrix-remodeling fibroblasts","K183156","Keloid"
"K183156_CELL8500_N3","program_DE_top1000",20.4565503038181,"ECM-producing fibroblasts","K183156","Keloid"
"K183156_CELL8545_N2","program_DE_top1000",13.0403885844331,"ECM-producing fibroblasts","K183156","Keloid"
"K183156_CELL8569_N6","program_DE_top1000",20.7216835314972,"ECM-producing fibroblasts","K183156","Keloid"
"K183156_CELL8573_N2","program_DE_top1000",12.6127739642806,"ECM-producing fibroblasts","K183156","Keloid"
"K183156_CELL8667_N2","program_DE_top1000",20.3913908956248,"ECM-producing fibroblasts","K183156","Keloid"
"K183156_CELL8703_N2","program_DE_top1000",8.29205061920404,"Homeostatic/regulatory fibroblasts","K183156","Keloid"
"K183156_CELL8708_N2","program_DE_top1000",15.7775851825546,"Matrix-remodeling fibroblasts","K183156","Keloid"
"K183156_CELL8712_N2","program_DE_top1000",13.0097492586315,"ECM-producing fibroblasts","K183156","Keloid"
"K183156_CELL8714_N5","program_DE_top1000",18.3719734797125,"Homeostatic/regulatory fibroblasts","K183156","Keloid"
"K183156_CELL8726_N2","program_DE_top1000",20.7548487982863,"ECM-producing fibroblasts","K183156","Keloid"
"K183156_CELL8731_N2","program_DE_top1000",18.2368084203512,"Matrix-remodeling fibroblasts","K183156","Keloid"
"K183156_CELL8769_N3","program_DE_top1000",20.965712205413,"ECM-producing fibroblasts","K183156","Keloid"
"K183156_CELL8823_N4","program_DE_top1000",20.8391776402641,"ECM-producing fibroblasts","K183156","Keloid"
"K183156_CELL8887_N2","program_DE_top1000",20.3358780419987,"Matrix-remodeling fibroblasts","K183156","Keloid"
"K183156_CELL8902_N2","program_DE_top1000",20.2704727962807,"ECM-producing fibroblasts","K183156","Keloid"
"K183156_CELL8924_N5","program_DE_top1000",15.6380315785377,"Matrix-remodeling fibroblasts","K183156","Keloid"
"K183156_CELL8949_N3","program_DE_top1000",18.0212867426739,"Homeostatic/regulatory fibroblasts","K183156","Keloid"
"K183156_CELL8967_N3","program_DE_top1000",18.5679608445805,"Matrix-remodeling fibroblasts","K183156","Keloid"
"K183156_CELL9021_N3","program_DE_top1000",12.608636040579,"ECM-producing fibroblasts","K183156","Keloid"
"K183156_CELL9044_N2","program_DE_top1000",20.502653212626,"ECM-producing fibroblasts","K183156","Keloid"
"K183156_CELL9071_N2","program_DE_top1000",20.438284787163,"Matrix-remodeling fibroblasts","K183156","Keloid"
"K183156_CELL9073_N3","program_DE_top1000",12.923138782679,"ECM-producing fibroblasts","K183156","Keloid"
"K183156_CELL9090_N3","program_DE_top1000",20.3383358333125,"ECM-producing fibroblasts","K183156","Keloid"
"K183156_CELL9091_N2","program_DE_top1000",18.2799658176062,"ECM-producing fibroblasts","K183156","Keloid"
"K183156_CELL9118_N2","program_DE_top1000",17.7408422691872,"Matrix-remodeling fibroblasts","K183156","Keloid"
"K183156_CELL9124_N2","program_DE_top1000",12.9749819838571,"Homeostatic/regulatory fibroblasts","K183156","Keloid"
"K183156_CELL9134_N2","program_DE_top1000",20.5385775554554,"ECM-producing fibroblasts","K183156","Keloid"
"K183156_CELL9175_N3","program_DE_top1000",20.3290300078416,"ECM-producing fibroblasts","K183156","Keloid"
"K183156_CELL9198_N5","program_DE_top1000",20.2064194021309,"ECM-producing fibroblasts","K183156","Keloid"
"K183156_CELL9234_N2","program_DE_top1000",11.8396261820673,"Homeostatic/regulatory fibroblasts","K183156","Keloid"
"K183156_CELL9292_N2","program_DE_top1000",16.7487138446787,"Matrix-remodeling fibroblasts","K183156","Keloid"
"K183156_CELL9303_N3","program_DE_top1000",12.7525676320648,"ECM-producing fibroblasts","K183156","Keloid"
"K183156_CELL9338_N2","program_DE_top1000",20.5206986967517,"Matrix-remodeling fibroblasts","K183156","Keloid"
"K183156_CELL9361_N3","program_DE_top1000",20.3191399096243,"Homeostatic/regulatory fibroblasts","K183156","Keloid"
"K183156_CELL9400_N1","program_DE_top1000",16.6177323636717,"ECM-producing fibroblasts","K183156","Keloid"
"K183156_CELL9528_N2","program_DE_top1000",20.5283725141954,"ECM-producing fibroblasts","K183156","Keloid"
"K183156_CELL9530_N2","program_DE_top1000",0.743055792938271,"Homeostatic/regulatory fibroblasts","K183156","Keloid"
"K183156_CELL9631_N3","program_DE_top1000",18.0546074492693,"Matrix-remodeling fibroblasts","K183156","Keloid"
"K183156_CELL9670_N3","program_DE_top1000",17.9251760343116,"Homeostatic/regulatory fibroblasts","K183156","Keloid"
"K183156_CELL9676_N2","program_DE_top1000",17.7830475448106,"ECM-producing fibroblasts","K183156","Keloid"
"K183156_CELL9705_N2","program_DE_top1000",20.6280363214074,"ECM-producing fibroblasts","K183156","Keloid"
"K183156_CELL9749_N3","program_DE_top1000",20.6474835557583,"ECM-producing fibroblasts","K183156","Keloid"
"K183156_CELL9858_N2","program_DE_top1000",13.4241112392745,"Homeostatic/regulatory fibroblasts","K183156","Keloid"
"K183156_CELL9873_N2","program_DE_top1000",20.6561742867102,"Matrix-remodeling fibroblasts","K183156","Keloid"
"K183156_CELL9912_N2","program_DE_top1000",12.0488765171161,"Homeostatic/regulatory fibroblasts","K183156","Keloid"
"K183156_CELL9948_N3","program_DE_top1000",15.627585686778,"Matrix-remodeling fibroblasts","K183156","Keloid"
"K183156_CELL9963_N2","program_DE_top1000",12.7187292403332,"ECM-producing fibroblasts","K183156","Keloid"
"K183156_CELL10005_N3","program_DE_top1000",20.4692101161124,"Matrix-remodeling fibroblasts","K183156","Keloid"
"K183156_CELL10056_N2","program_DE_top1000",20.7633751643019,"ECM-producing fibroblasts","K183156","Keloid"
"K183156_CELL10068_N2","program_DE_top1000",20.6899044665037,"ECM-producing fibroblasts","K183156","Keloid"
"K183156_CELL10092_N2","program_DE_top1000",20.584466948069,"ECM-producing fibroblasts","K183156","Keloid"
"K183156_CELL10100_N2","program_DE_top1000",20.5814114323243,"ECM-producing fibroblasts","K183156","Keloid"
"K183156_CELL10113_N2","program_DE_top1000",15.8063608912282,"Homeostatic/regulatory fibroblasts","K183156","Keloid"
"K183156_CELL10114_N2","program_DE_top1000",20.748313613716,"ECM-producing fibroblasts","K183156","Keloid"
"K183156_CELL10129_N3","program_DE_top1000",20.2898218235253,"ECM-producing fibroblasts","K183156","Keloid"
"K183156_CELL10134_N1","program_DE_top1000",18.2672339417071,"ECM-producing fibroblasts","K183156","Keloid"
"K183156_CELL10141_N1","program_DE_top1000",14.7212843662459,"Matrix-remodeling fibroblasts","K183156","Keloid"
"K183156_CELL10191_N3","program_DE_top1000",13.1789025867546,"Homeostatic/regulatory fibroblasts","K183156","Keloid"
"K183156_CELL10230_N2","program_DE_top1000",15.442550975627,"Homeostatic/regulatory fibroblasts","K183156","Keloid"
"K183156_CELL10303_N2","program_DE_top1000",18.2684244632481,"Matrix-remodeling fibroblasts","K183156","Keloid"
"K183156_CELL10313_N2","program_DE_top1000",16.5581394476306,"ECM-producing fibroblasts","K183156","Keloid"
"K183156_CELL10323_N3","program_DE_top1000",20.9701401693462,"ECM-producing fibroblasts","K183156","Keloid"
"K183156_CELL10410_N3","program_DE_top1000",18.2617074672279,"Matrix-remodeling fibroblasts","K183156","Keloid"
"K183156_CELL10420_N1","program_DE_top1000",20.5277627669465,"ECM-producing fibroblasts","K183156","Keloid"
"K183156_CELL10463_N1","program_DE_top1000",15.5537058326778,"Matrix-remodeling fibroblasts","K183156","Keloid"
"K183156_CELL10464_N2","program_DE_top1000",18.8461211706177,"Matrix-remodeling fibroblasts","K183156","Keloid"
"K183156_CELL10486_N2","program_DE_top1000",20.5768600004122,"ECM-producing fibroblasts","K183156","Keloid"
"K183156_CELL10502_N2","program_DE_top1000",20.529157515389,"ECM-producing fibroblasts","K183156","Keloid"
"K183156_CELL10524_N2","program_DE_top1000",12.6915929505137,"ECM-producing fibroblasts","K183156","Keloid"
"K183156_CELL10559_N2","program_DE_top1000",0.35135517928969,"Homeostatic/regulatory fibroblasts","K183156","Keloid"
"K183156_CELL10618_N2","program_DE_top1000",12.2572228320358,"ECM-producing fibroblasts","K183156","Keloid"
"K183156_CELL10656_N3","program_DE_top1000",15.7816794041241,"Matrix-remodeling fibroblasts","K183156","Keloid"
"K183156_CELL10672_N2","program_DE_top1000",19.7558348209917,"Matrix-remodeling fibroblasts","K183156","Keloid"
"K183156_CELL10700_N2","program_DE_top1000",13.440168453069,"ECM-producing fibroblasts","K183156","Keloid"
"K183156_CELL10734_N1","program_DE_top1000",18.3812135398723,"ECM-producing fibroblasts","K183156","Keloid"
"K183156_CELL10741_N3","program_DE_top1000",20.5182796017206,"Homeostatic/regulatory fibroblasts","K183156","Keloid"
"K183156_CELL10798_N3","program_DE_top1000",9.86853441994576,"ECM-producing fibroblasts","K183156","Keloid"
"K183156_CELL10804_N2","program_DE_top1000",20.3613776936875,"Matrix-remodeling fibroblasts","K183156","Keloid"
"K183156_CELL10857_N2","program_DE_top1000",15.4799406965035,"Matrix-remodeling fibroblasts","K183156","Keloid"
"K183156_CELL10880_N3","program_DE_top1000",20.4327945317903,"ECM-producing fibroblasts","K183156","Keloid"
"K183156_CELL10893_N2","program_DE_top1000",20.8289223268475,"ECM-producing fibroblasts","K183156","Keloid"
"K183156_CELL10917_N2","program_DE_top1000",17.73421633874,"Matrix-remodeling fibroblasts","K183156","Keloid"
"K183156_CELL10943_N2","program_DE_top1000",20.8666626707686,"ECM-producing fibroblasts","K183156","Keloid"
"K183156_CELL10948_N2","program_DE_top1000",20.8615174259156,"ECM-producing fibroblasts","K183156","Keloid"
"K183156_CELL10971_N2","program_DE_top1000",20.3059717637626,"ECM-producing fibroblasts","K183156","Keloid"
"K183156_CELL11012_N2","program_DE_top1000",17.0627916346692,"Matrix-remodeling fibroblasts","K183156","Keloid"
"K183156_CELL11032_N2","program_DE_top1000",20.3916112622663,"Homeostatic/regulatory fibroblasts","K183156","Keloid"
"K183156_CELL11044_N2","program_DE_top1000",15.9056975189862,"Homeostatic/regulatory fibroblasts","K183156","Keloid"
"K183156_CELL11054_N2","program_DE_top1000",21.0118395873621,"ECM-producing fibroblasts","K183156","Keloid"
"K183156_CELL11075_N2","program_DE_top1000",20.4661409306956,"ECM-producing fibroblasts","K183156","Keloid"
"K183156_CELL11129_N1","program_DE_top1000",18.8660556592713,"Matrix-remodeling fibroblasts","K183156","Keloid"
"K183156_CELL11132_N2","program_DE_top1000",15.9410822142023,"ECM-producing fibroblasts","K183156","Keloid"
"K183156_CELL11390_N1","program_DE_top1000",20.7248173640898,"ECM-producing fibroblasts","K183156","Keloid"
"K183156_CELL11394_N2","program_DE_top1000",12.7889304583515,"ECM-producing fibroblasts","K183156","Keloid"
"K183156_CELL11445_N2","program_DE_top1000",13.1649955712736,"Matrix-remodeling fibroblasts","K183156","Keloid"
"K183156_CELL11448_N1","program_DE_top1000",17.5814569485337,"Matrix-remodeling fibroblasts","K183156","Keloid"
"K183156_CELL11461_N1","program_DE_top1000",20.565380344088,"ECM-producing fibroblasts","K183156","Keloid"
"K183156_CELL11491_N2","program_DE_top1000",17.7814031085625,"Matrix-remodeling fibroblasts","K183156","Keloid"
"K183156_CELL11498_N2","program_DE_top1000",20.7795578407138,"ECM-producing fibroblasts","K183156","Keloid"
"K183156_CELL11528_N1","program_DE_top1000",20.5388506796527,"Matrix-remodeling fibroblasts","K183156","Keloid"
"K183156_CELL11549_N2","program_DE_top1000",21.1396701223452,"ECM-producing fibroblasts","K183156","Keloid"
"K183156_CELL11619_N2","program_DE_top1000",15.2915166652133,"Matrix-remodeling fibroblasts","K183156","Keloid"
"K183156_CELL11644_N2","program_DE_top1000",18.0886137705854,"Matrix-remodeling fibroblasts","K183156","Keloid"
"K183156_CELL11704_N2","program_DE_top1000",20.4082556159846,"ECM-producing fibroblasts","K183156","Keloid"
"K183156_CELL12023_N1","program_DE_top1000",20.6843867533473,"ECM-producing fibroblasts","K183156","Keloid"
"K183156_CELL12027_N1","program_DE_top1000",20.7126342638072,"ECM-producing fibroblasts","K183156","Keloid"
"K183156_CELL12143_N1","program_DE_top1000",11.9627298637485,"Homeostatic/regulatory fibroblasts","K183156","Keloid"
"K183156_CELL12180_N1","program_DE_top1000",20.2099345491702,"ECM-producing fibroblasts","K183156","Keloid"
"K183156_CELL12370_N1","program_DE_top1000",18.438631932803,"ECM-producing fibroblasts","K183156","Keloid"
"K183156_CELL12402_N1","program_DE_top1000",17.9860628629145,"ECM-producing fibroblasts","K183156","Keloid"
"K183156_CELL12553_N1","program_DE_top1000",21.0963967138506,"ECM-producing fibroblasts","K183156","Keloid"
"K183156_CELL12562_N1","program_DE_top1000",16.5828975607959,"Matrix-remodeling fibroblasts","K183156","Keloid"
"K183156_CELL12572_N1","program_DE_top1000",17.4012686913502,"Matrix-remodeling fibroblasts","K183156","Keloid"
"K183156_CELL12703_N1","program_DE_top1000",17.1072735284888,"Homeostatic/regulatory fibroblasts","K183156","Keloid"
"K183156_CELL12938_N1","program_DE_top1000",11.8303302877275,"ECM-producing fibroblasts","K183156","Keloid"
"K183156_CELL12940_N1","program_DE_top1000",16.7612650704482,"ECM-producing fibroblasts","K183156","Keloid"
"K183156_CELL13119_N1","program_DE_top1000",12.4062632362947,"Homeostatic/regulatory fibroblasts","K183156","Keloid"
"K183156_CELL13185_N1","program_DE_top1000",20.3981534263105,"Matrix-remodeling fibroblasts","K183156","Keloid"
"K183156_CELL13243_N1","program_DE_top1000",17.0834924627927,"Matrix-remodeling fibroblasts","K183156","Keloid"
"K183156_CELL13274_N1","program_DE_top1000",15.3780205984575,"Matrix-remodeling fibroblasts","K183156","Keloid"
"K183156_CELL13530_N1","program_DE_top1000",17.9276250258095,"Matrix-remodeling fibroblasts","K183156","Keloid"
"K183156_CELL13594_N1","program_DE_top1000",0.56220658094613,"Homeostatic/regulatory fibroblasts","K183156","Keloid"
"K183156_CELL13600_N1","program_DE_top1000",20.337057035316,"ECM-producing fibroblasts","K183156","Keloid"
"K183156_CELL13616_N1","program_DE_top1000",18.2070722995493,"Matrix-remodeling fibroblasts","K183156","Keloid"
"K183156_CELL13701_N1","program_DE_top1000",18.4550484657891,"ECM-producing fibroblasts","K183156","Keloid"
"K183156_CELL13735_N1","program_DE_top1000",16.8420001800785,"Matrix-remodeling fibroblasts","K183156","Keloid"
"K183156_CELL13742_N1","program_DE_top1000",17.0528897377877,"Matrix-remodeling fibroblasts","K183156","Keloid"
"K183156_CELL13746_N1","program_DE_top1000",16.3145021154201,"ECM-producing fibroblasts","K183156","Keloid"
"K183156_CELL13813_N1","program_DE_top1000",15.9199632460393,"ECM-producing fibroblasts","K183156","Keloid"
"K183156_CELL13904_N1","program_DE_top1000",13.3292845374449,"Homeostatic/regulatory fibroblasts","K183156","Keloid"
"K183156_CELL13915_N1","program_DE_top1000",17.6230582773938,"Matrix-remodeling fibroblasts","K183156","Keloid"
"K183156_CELL14109_N1","program_DE_top1000",16.0874361987619,"Homeostatic/regulatory fibroblasts","K183156","Keloid"
"K183156_CELL14120_N1","program_DE_top1000",20.3636382718574,"ECM-producing fibroblasts","K183156","Keloid"
"K183156_CELL14220_N1","program_DE_top1000",15.1885339051487,"Matrix-remodeling fibroblasts","K183156","Keloid"
"K183156_CELL14485_N1","program_DE_top1000",0.510015920107192,"Homeostatic/regulatory fibroblasts","K183156","Keloid"
"K183156_CELL14497_N1","program_DE_top1000",0.46684740889268,"Homeostatic/regulatory fibroblasts","K183156","Keloid"
"K183156_CELL14655_N1","program_DE_top1000",12.3866586221309,"Homeostatic/regulatory fibroblasts","K183156","Keloid"
"K183156_CELL14943_N1","program_DE_top1000",15.6503635298844,"Homeostatic/regulatory fibroblasts","K183156","Keloid"
"K183156_CELL15191_N1","program_DE_top1000",12.1892016485853,"ECM-producing fibroblasts","K183156","Keloid"
"K183156_CELL15238_N1","program_DE_top1000",12.4209935232126,"Homeostatic/regulatory fibroblasts","K183156","Keloid"
"K183156_CELL15254_N1","program_DE_top1000",15.5244421276914,"ECM-producing fibroblasts","K183156","Keloid"
"K183156_CELL15264_N1","program_DE_top1000",20.3189437707362,"ECM-producing fibroblasts","K183156","Keloid"
"K183156_CELL15274_N1","program_DE_top1000",18.3522132985832,"Homeostatic/regulatory fibroblasts","K183156","Keloid"
"K183156_CELL15399_N1","program_DE_top1000",19.8586041461647,"ECM-producing fibroblasts","K183156","Keloid"
"K183156_CELL15403_N1","program_DE_top1000",15.8802127229267,"Matrix-remodeling fibroblasts","K183156","Keloid"
"K183156_CELL16060_N1","program_DE_top1000",21.1324485753249,"ECM-producing fibroblasts","K183156","Keloid"
"K183156_CELL16096_N1","program_DE_top1000",17.6710879531336,"ECM-producing fibroblasts","K183156","Keloid"
"K183156_CELL16111_N1","program_DE_top1000",15.0950707143334,"Matrix-remodeling fibroblasts","K183156","Keloid"
"K183156_CELL16229_N1","program_DE_top1000",20.8132542394195,"ECM-producing fibroblasts","K183156","Keloid"
"K183156_CELL16234_N1","program_DE_top1000",17.5684878118875,"Matrix-remodeling fibroblasts","K183156","Keloid"
"K183156_CELL16421_N1","program_DE_top1000",20.3984608906118,"ECM-producing fibroblasts","K183156","Keloid"
"K183156_CELL16445_N1","program_DE_top1000",16.1110546145957,"Matrix-remodeling fibroblasts","K183156","Keloid"
"K183156_CELL16653_N1","program_DE_top1000",12.6541851553402,"ECM-producing fibroblasts","K183156","Keloid"
"K183156_CELL16786_N1","program_DE_top1000",20.4301019536703,"ECM-producing fibroblasts","K183156","Keloid"
"K183156_CELL16808_N1","program_DE_top1000",20.2552911614614,"ECM-producing fibroblasts","K183156","Keloid"
"K183156_CELL16910_N1","program_DE_top1000",13.1771739690976,"ECM-producing fibroblasts","K183156","Keloid"
"K183156_CELL16917_N1","program_DE_top1000",16.1364190057505,"Homeostatic/regulatory fibroblasts","K183156","Keloid"
"K183156_CELL16948_N1","program_DE_top1000",14.6731149947133,"Matrix-remodeling fibroblasts","K183156","Keloid"
"K183156_CELL17030_N1","program_DE_top1000",12.899622296782,"ECM-producing fibroblasts","K183156","Keloid"
"K183156_CELL17401_N1","program_DE_top1000",12.3378553295811,"ECM-producing fibroblasts","K183156","Keloid"
"K183156_CELL17512_N1","program_DE_top1000",20.6850610351816,"ECM-producing fibroblasts","K183156","Keloid"
"K183156_CELL17642_N1","program_DE_top1000",20.8640400517226,"ECM-producing fibroblasts","K183156","Keloid"
"K183156_CELL17684_N1","program_DE_top1000",20.5605963345682,"ECM-producing fibroblasts","K183156","Keloid"
"K183156_CELL17722_N1","program_DE_top1000",17.0415992012417,"ECM-producing fibroblasts","K183156","Keloid"
"K183156_CELL17734_N1","program_DE_top1000",18.1550230516837,"Matrix-remodeling fibroblasts","K183156","Keloid"
"K183156_CELL18630_N1","program_DE_top1000",20.4733949099039,"Homeostatic/regulatory fibroblasts","K183156","Keloid"
"K183156_CELL18657_N1","program_DE_top1000",20.9102559969185,"ECM-producing fibroblasts","K183156","Keloid"
"K183156_CELL18789_N1","program_DE_top1000",18.3057252814237,"ECM-producing fibroblasts","K183156","Keloid"
"K183156_CELL18792_N1","program_DE_top1000",20.2478064290054,"ECM-producing fibroblasts","K183156","Keloid"
"K183156_CELL18793_N1","program_DE_top1000",20.9376401002154,"ECM-producing fibroblasts","K183156","Keloid"
"K183156_CELL19813_N1","program_DE_top1000",15.6440019006364,"ECM-producing fibroblasts","K183156","Keloid"
"K183156_CELL19814_N1","program_DE_top1000",20.7276559112865,"ECM-producing fibroblasts","K183156","Keloid"
"K183156_CELL19878_N1","program_DE_top1000",20.4797097092223,"ECM-producing fibroblasts","K183156","Keloid"
"K183156_CELL20275_N1","program_DE_top1000",20.6243734833999,"ECM-producing fibroblasts","K183156","Keloid"
"K183156_CELL20290_N1","program_DE_top1000",10.9056374293246,"Homeostatic/regulatory fibroblasts","K183156","Keloid"
"K183156_CELL20345_N1","program_DE_top1000",16.1689148585122,"Homeostatic/regulatory fibroblasts","K183156","Keloid"
"K183156_CELL20450_N1","program_DE_top1000",20.3839551635056,"ECM-producing fibroblasts","K183156","Keloid"
"K183156_CELL20562_N1","program_DE_top1000",20.3513354906498,"ECM-producing fibroblasts","K183156","Keloid"
"K183156_CELL20706_N1","program_DE_top1000",20.3894073769805,"ECM-producing fibroblasts","K183156","Keloid"
"K183156_CELL20789_N1","program_DE_top1000",12.6889196967298,"ECM-producing fibroblasts","K183156","Keloid"
"K183156_CELL20985_N1","program_DE_top1000",20.4327327519249,"Matrix-remodeling fibroblasts","K183156","Keloid"
"K183156_CELL21168_N1","program_DE_top1000",20.0931927182395,"Matrix-remodeling fibroblasts","K183156","Keloid"
"K183156_CELL21516_N1","program_DE_top1000",20.5350579189565,"Matrix-remodeling fibroblasts","K183156","Keloid"
"K183156_CELL21521_N1","program_DE_top1000",15.3841249198051,"Homeostatic/regulatory fibroblasts","K183156","Keloid"
"K183156_CELL21648_N1","program_DE_top1000",20.9871901722368,"ECM-producing fibroblasts","K183156","Keloid"
"K183156_CELL21667_N1","program_DE_top1000",19.1193220687813,"ECM-producing fibroblasts","K183156","Keloid"
"K183156_CELL21715_N1","program_DE_top1000",19.0123749914093,"Matrix-remodeling fibroblasts","K183156","Keloid"
"K183156_CELL21988_N1","program_DE_top1000",20.2998878899222,"ECM-producing fibroblasts","K183156","Keloid"
"K183156_CELL22021_N1","program_DE_top1000",12.2084797232593,"ECM-producing fibroblasts","K183156","Keloid"
"K183156_CELL22099_N1","program_DE_top1000",20.3209196371717,"ECM-producing fibroblasts","K183156","Keloid"
"K183156_CELL22266_N1","program_DE_top1000",17.5148765337964,"ECM-producing fibroblasts","K183156","Keloid"
"K183156_CELL22495_N1","program_DE_top1000",20.2677876429363,"ECM-producing fibroblasts","K183156","Keloid"
"K183156_CELL22524_N1","program_DE_top1000",15.0468563425512,"Homeostatic/regulatory fibroblasts","K183156","Keloid"
"K183156_CELL22617_N1","program_DE_top1000",16.913815513035,"Matrix-remodeling fibroblasts","K183156","Keloid"
"K183156_CELL22643_N1","program_DE_top1000",0.467327812048383,"Homeostatic/regulatory fibroblasts","K183156","Keloid"
"K183156_CELL22720_N1","program_DE_top1000",14.2427674849499,"Homeostatic/regulatory fibroblasts","K183156","Keloid"
"K183156_CELL23175_N1","program_DE_top1000",20.4420573551445,"ECM-producing fibroblasts","K183156","Keloid"
"K183156_CELL23273_N1","program_DE_top1000",14.9697757661914,"Homeostatic/regulatory fibroblasts","K183156","Keloid"
"K183156_CELL23386_N1","program_DE_top1000",20.6484267645708,"ECM-producing fibroblasts","K183156","Keloid"
"K183156_CELL23524_N1","program_DE_top1000",20.5192233641187,"ECM-producing fibroblasts","K183156","Keloid"
"K183156_CELL23808_N1","program_DE_top1000",12.0484686927818,"Matrix-remodeling fibroblasts","K183156","Keloid"
"K183156_CELL23876_N1","program_DE_top1000",20.513592997687,"ECM-producing fibroblasts","K183156","Keloid"
"K183156_CELL24187_N1","program_DE_top1000",18.3001799169349,"Matrix-remodeling fibroblasts","K183156","Keloid"
"K183156_CELL24214_N1","program_DE_top1000",19.2947023702655,"Matrix-remodeling fibroblasts","K183156","Keloid"
"K183156_CELL24301_N1","program_DE_top1000",17.3066974608248,"Matrix-remodeling fibroblasts","K183156","Keloid"
"K183156_CELL24762_N1","program_DE_top1000",0.429892574308306,"Homeostatic/regulatory fibroblasts","K183156","Keloid"
"K183156_CELL24977_N1","program_DE_top1000",12.8340771167925,"ECM-producing fibroblasts","K183156","Keloid"
"K183156_CELL25010_N1","program_DE_top1000",15.3210277345959,"Matrix-remodeling fibroblasts","K183156","Keloid"
"K183156_CELL25144_N1","program_DE_top1000",19.4644344467564,"Matrix-remodeling fibroblasts","K183156","Keloid"
"K183156_CELL25363_N1","program_DE_top1000",20.4102570026323,"Matrix-remodeling fibroblasts","K183156","Keloid"
"K183156_CELL25423_N1","program_DE_top1000",15.1807136002136,"Matrix-remodeling fibroblasts","K183156","Keloid"
"K183156_CELL25737_N1","program_DE_top1000",16.616635731794,"Matrix-remodeling fibroblasts","K183156","Keloid"
"K183156_CELL26172_N1","program_DE_top1000",17.0326363253163,"ECM-producing fibroblasts","K183156","Keloid"
"K183156_CELL26269_N1","program_DE_top1000",20.385484143722,"Homeostatic/regulatory fibroblasts","K183156","Keloid"
"K183156_CELL26381_N1","program_DE_top1000",20.4591412731146,"ECM-producing fibroblasts","K183156","Keloid"
"K183156_CELL26435_N1","program_DE_top1000",8.88903008976222,"Homeostatic/regulatory fibroblasts","K183156","Keloid"
"K183156_CELL26465_N1","program_DE_top1000",20.845919685175,"ECM-producing fibroblasts","K183156","Keloid"
"K183156_CELL26500_N1","program_DE_top1000",18.3065169183203,"ECM-producing fibroblasts","K183156","Keloid"
"K183156_CELL26953_N1","program_DE_top1000",20.4157721187838,"ECM-producing fibroblasts","K183156","Keloid"
"K183156_CELL26993_N1","program_DE_top1000",8.15311842854234,"Homeostatic/regulatory fibroblasts","K183156","Keloid"
"K183156_CELL27570_N1","program_DE_top1000",15.5762512953423,"Matrix-remodeling fibroblasts","K183156","Keloid"
"K183156_CELL27743_N1","program_DE_top1000",20.4702329776476,"ECM-producing fibroblasts","K183156","Keloid"
"K183156_CELL27800_N1","program_DE_top1000",4.92843601430723,"Homeostatic/regulatory fibroblasts","K183156","Keloid"
"K183156_CELL27868_N1","program_DE_top1000",0.434216434334003,"Homeostatic/regulatory fibroblasts","K183156","Keloid"
"K183156_CELL27961_N1","program_DE_top1000",16.001918179971,"Homeostatic/regulatory fibroblasts","K183156","Keloid"
"K183156_CELL28048_N1","program_DE_top1000",18.1454395933592,"Matrix-remodeling fibroblasts","K183156","Keloid"
"K183156_CELL28084_N1","program_DE_top1000",12.3755254847055,"ECM-producing fibroblasts","K183156","Keloid"
"K183156_CELL28271_N1","program_DE_top1000",19.0228055678726,"ECM-producing fibroblasts","K183156","Keloid"
"K183156_CELL28277_N1","program_DE_top1000",15.3292160980595,"Homeostatic/regulatory fibroblasts","K183156","Keloid"
"K183156_CELL28434_N1","program_DE_top1000",16.552170500814,"Matrix-remodeling fibroblasts","K183156","Keloid"
"K183156_CELL28511_N1","program_DE_top1000",15.9308962570609,"Homeostatic/regulatory fibroblasts","K183156","Keloid"
"K183156_CELL28650_N1","program_DE_top1000",21.1615878355828,"ECM-producing fibroblasts","K183156","Keloid"
"K183156_CELL28725_N1","program_DE_top1000",12.4530712077769,"ECM-producing fibroblasts","K183156","Keloid"
"K183156_CELL28774_N1","program_DE_top1000",16.1874728264369,"ECM-producing fibroblasts","K183156","Keloid"
"K183156_CELL28889_N1","program_DE_top1000",15.3571290979023,"ECM-producing fibroblasts","K183156","Keloid"
"K183156_CELL29055_N1","program_DE_top1000",20.356479150212,"Matrix-remodeling fibroblasts","K183156","Keloid"
"K183156_CELL29107_N1","program_DE_top1000",14.0342758526471,"Matrix-remodeling fibroblasts","K183156","Keloid"
"K183156_CELL29144_N1","program_DE_top1000",13.2497068038557,"ECM-producing fibroblasts","K183156","Keloid"
"K183156_CELL29247_N1","program_DE_top1000",15.9043771833191,"Homeostatic/regulatory fibroblasts","K183156","Keloid"
"K183156_CELL29350_N1","program_DE_top1000",17.1997469869891,"ECM-producing fibroblasts","K183156","Keloid"
"K183156_CELL29405_N1","program_DE_top1000",20.5120492863349,"Homeostatic/regulatory fibroblasts","K183156","Keloid"
"K183156_CELL29464_N1","program_DE_top1000",12.065346739401,"Homeostatic/regulatory fibroblasts","K183156","Keloid"
"K183156_CELL29671_N1","program_DE_top1000",17.6218805302174,"Matrix-remodeling fibroblasts","K183156","Keloid"
"K183156_CELL29753_N1","program_DE_top1000",13.4716077370543,"Matrix-remodeling fibroblasts","K183156","Keloid"
"K183156_CELL29916_N1","program_DE_top1000",15.9374156408583,"Matrix-remodeling fibroblasts","K183156","Keloid"
"K183156_CELL29934_N1","program_DE_top1000",12.9174281273084,"ECM-producing fibroblasts","K183156","Keloid"
"K183156_CELL30145_N1","program_DE_top1000",18.2585053730439,"Matrix-remodeling fibroblasts","K183156","Keloid"
"K183156_CELL30180_N1","program_DE_top1000",18.8802472279585,"Matrix-remodeling fibroblasts","K183156","Keloid"
"K183156_CELL31044_N1","program_DE_top1000",18.7421871598263,"Homeostatic/regulatory fibroblasts","K183156","Keloid"
"K183156_CELL31471_N1","program_DE_top1000",15.6348984119138,"Matrix-remodeling fibroblasts","K183156","Keloid"
"K183156_CELL31584_N1","program_DE_top1000",20.5724018601648,"Matrix-remodeling fibroblasts","K183156","Keloid"
"K183156_CELL31596_N1","program_DE_top1000",20.4580850545104,"Matrix-remodeling fibroblasts","K183156","Keloid"
"K183156_CELL31644_N1","program_DE_top1000",18.5688981639462,"ECM-producing fibroblasts","K183156","Keloid"
"K183156_CELL31729_N1","program_DE_top1000",16.5924736189447,"ECM-producing fibroblasts","K183156","Keloid"
"K183156_CELL31924_N1","program_DE_top1000",12.4299605537928,"Homeostatic/regulatory fibroblasts","K183156","Keloid"
"K183156_CELL32069_N1","program_DE_top1000",14.4045936867571,"Matrix-remodeling fibroblasts","K183156","Keloid"
"K183156_CELL32181_N1","program_DE_top1000",18.1873743767235,"Homeostatic/regulatory fibroblasts","K183156","Keloid"
"K183156_CELL32209_N1","program_DE_top1000",12.6620958691414,"ECM-producing fibroblasts","K183156","Keloid"
"K183261_CELL782_N3","program_DE_top1000",15.9523640888768,"Homeostatic/regulatory fibroblasts","K183261","Keloid"
"K183261_CELL831_N2","program_DE_top1000",11.6548860826225,"Homeostatic/regulatory fibroblasts","K183261","Keloid"
"K183261_CELL1053_N6","program_DE_top1000",20.2555984310184,"ECM-producing fibroblasts","K183261","Keloid"
"K183261_CELL1385_N2","program_DE_top1000",11.4235331720225,"Homeostatic/regulatory fibroblasts","K183261","Keloid"
"K183261_CELL1474_N3","program_DE_top1000",12.5650666675003,"Homeostatic/regulatory fibroblasts","K183261","Keloid"
"K183261_CELL1794_N4","program_DE_top1000",15.8478708582817,"ECM-producing fibroblasts","K183261","Keloid"
"K183261_CELL1909_N4","program_DE_top1000",8.77281189010957,"Homeostatic/regulatory fibroblasts","K183261","Keloid"
"K183261_CELL1937_N4","program_DE_top1000",5.37769562562014,"Homeostatic/regulatory fibroblasts","K183261","Keloid"
"K183261_CELL2058_N2","program_DE_top1000",17.6239228779194,"ECM-producing fibroblasts","K183261","Keloid"
"K183261_CELL2230_N5","program_DE_top1000",15.1640010081441,"ECM-producing fibroblasts","K183261","Keloid"
"K183261_CELL2234_N4","program_DE_top1000",8.22753056860345,"Homeostatic/regulatory fibroblasts","K183261","Keloid"
"K183261_CELL2264_N3","program_DE_top1000",20.3004348577073,"ECM-producing fibroblasts","K183261","Keloid"
"K183261_CELL2301_N2","program_DE_top1000",4.16544089137497,"Matrix-remodeling fibroblasts","K183261","Keloid"
"K183261_CELL3150_N2","program_DE_top1000",16.1532120209145,"ECM-producing fibroblasts","K183261","Keloid"
"K183261_CELL3380_N4","program_DE_top1000",11.1648886073258,"Homeostatic/regulatory fibroblasts","K183261","Keloid"
"K183261_CELL3662_N6","program_DE_top1000",11.6409035087502,"Homeostatic/regulatory fibroblasts","K183261","Keloid"
"K183261_CELL3774_N3","program_DE_top1000",12.6648694842845,"Matrix-remodeling fibroblasts","K183261","Keloid"
"K183261_CELL4138_N3","program_DE_top1000",12.9796914623455,"ECM-producing fibroblasts","K183261","Keloid"
"K183261_CELL4247_N4","program_DE_top1000",6.28270515219493,"Homeostatic/regulatory fibroblasts","K183261","Keloid"
"K183261_CELL4530_N7","program_DE_top1000",20.5924949172987,"ECM-producing fibroblasts","K183261","Keloid"
"K183261_CELL4642_N3","program_DE_top1000",17.0283123300117,"ECM-producing fibroblasts","K183261","Keloid"
"K183261_CELL4741_N3","program_DE_top1000",15.6747628061358,"Homeostatic/regulatory fibroblasts","K183261","Keloid"
"K183261_CELL5112_N2","program_DE_top1000",15.9786453841395,"Homeostatic/regulatory fibroblasts","K183261","Keloid"
"K183261_CELL5265_N2","program_DE_top1000",8.66083252549009,"Homeostatic/regulatory fibroblasts","K183261","Keloid"
"K183261_CELL5296_N2","program_DE_top1000",15.5378501883698,"Matrix-remodeling fibroblasts","K183261","Keloid"
"K183261_CELL6116_N2","program_DE_top1000",9.11048185474012,"Homeostatic/regulatory fibroblasts","K183261","Keloid"
"K183261_CELL6202_N3","program_DE_top1000",17.5006760193588,"ECM-producing fibroblasts","K183261","Keloid"
"K183261_CELL7358_N2","program_DE_top1000",20.4674613927351,"ECM-producing fibroblasts","K183261","Keloid"
"K183261_CELL7359_N1","program_DE_top1000",8.55502465075723,"Matrix-remodeling fibroblasts","K183261","Keloid"
"K183261_CELL8615_N4","program_DE_top1000",10.8577711638673,"Homeostatic/regulatory fibroblasts","K183261","Keloid"
"K183261_CELL9070_N3","program_DE_top1000",14.457119166461,"ECM-producing fibroblasts","K183261","Keloid"
"K183261_CELL9269_N3","program_DE_top1000",17.4356982991237,"Matrix-remodeling fibroblasts","K183261","Keloid"
"K183261_CELL9511_N3","program_DE_top1000",18.2029042959214,"Matrix-remodeling fibroblasts","K183261","Keloid"
"K183261_CELL9537_N3","program_DE_top1000",0.377680436783548,"Homeostatic/regulatory fibroblasts","K183261","Keloid"
"K183261_CELL9555_N2","program_DE_top1000",9.48169199497053,"Homeostatic/regulatory fibroblasts","K183261","Keloid"
"K183261_CELL9812_N4","program_DE_top1000",11.5981614678313,"Homeostatic/regulatory fibroblasts","K183261","Keloid"
"K183261_CELL9904_N2","program_DE_top1000",6.43504421822517,"Homeostatic/regulatory fibroblasts","K183261","Keloid"
"K183261_CELL10261_N1","program_DE_top1000",14.7763945811554,"ECM-producing fibroblasts","K183261","Keloid"
"K183261_CELL12047_N1","program_DE_top1000",12.9014082225305,"ECM-producing fibroblasts","K183261","Keloid"
"K183261_CELL13785_N1","program_DE_top1000",9.37021440431295,"Homeostatic/regulatory fibroblasts","K183261","Keloid"
"K183261_CELL17149_N1","program_DE_top1000",12.0367112810854,"Matrix-remodeling fibroblasts","K183261","Keloid"
"K183261_CELL17959_N1","program_DE_top1000",12.9272239645458,"ECM-producing fibroblasts","K183261","Keloid"
"K183261_CELL19488_N1","program_DE_top1000",8.9220416637468,"Homeostatic/regulatory fibroblasts","K183261","Keloid"
"K183261_CELL20828_N1","program_DE_top1000",16.1417339605264,"ECM-producing fibroblasts","K183261","Keloid"
"K183261_CELL26267_N1","program_DE_top1000",10.9744002388875,"Homeostatic/regulatory fibroblasts","K183261","Keloid"
"K183261_CELL30227_N1","program_DE_top1000",12.2722007053134,"ECM-producing fibroblasts","K183261","Keloid"
"K183261_CELL34896_N1","program_DE_top1000",0.324866997411841,"Homeostatic/regulatory fibroblasts","K183261","Keloid"
"K183261_CELL36106_N1","program_DE_top1000",14.5418559633735,"Homeostatic/regulatory fibroblasts","K183261","Keloid"
"K183261_CELL37268_N1","program_DE_top1000",11.0537050303899,"ECM-producing fibroblasts","K183261","Keloid"
"K712771_CELL329_N4","program_DE_top1000",20.4287939242722,"Matrix-remodeling fibroblasts","K712771","Keloid"
"K712771_CELL502_N3","program_DE_top1000",0.521498606702987,"Homeostatic/regulatory fibroblasts","K712771","Keloid"
"K712771_CELL710_N4","program_DE_top1000",14.5240738673042,"ECM-producing fibroblasts","K712771","Keloid"
"K712771_CELL834_N1","program_DE_top1000",10.8374093657056,"Matrix-remodeling fibroblasts","K712771","Keloid"
"K712771_CELL859_N6","program_DE_top1000",11.4965098743464,"Homeostatic/regulatory fibroblasts","K712771","Keloid"
"K712771_CELL1003_N2","program_DE_top1000",19.3258916326405,"ECM-producing fibroblasts","K712771","Keloid"
"K712771_CELL1279_N4","program_DE_top1000",17.8640947840445,"Matrix-remodeling fibroblasts","K712771","Keloid"
"K712771_CELL1351_N2","program_DE_top1000",16.9988547569118,"ECM-producing fibroblasts","K712771","Keloid"
"K712771_CELL1464_N4","program_DE_top1000",14.917544513294,"Homeostatic/regulatory fibroblasts","K712771","Keloid"
"K712771_CELL1603_N2","program_DE_top1000",13.2649372550256,"Homeostatic/regulatory fibroblasts","K712771","Keloid"
"K712771_CELL1806_N3","program_DE_top1000",13.3060571678079,"Matrix-remodeling fibroblasts","K712771","Keloid"
"K712771_CELL1977_N5","program_DE_top1000",20.5894867893705,"ECM-producing fibroblasts","K712771","Keloid"
"K712771_CELL1989_N4","program_DE_top1000",12.9767606458384,"ECM-producing fibroblasts","K712771","Keloid"
"K712771_CELL1996_N3","program_DE_top1000",14.3885582837428,"Homeostatic/regulatory fibroblasts","K712771","Keloid"
"K712771_CELL2224_N4","program_DE_top1000",17.0520654969908,"Homeostatic/regulatory fibroblasts","K712771","Keloid"
"K712771_CELL2493_N7","program_DE_top1000",20.5988186488117,"ECM-producing fibroblasts","K712771","Keloid"
"K712771_CELL2762_N5","program_DE_top1000",14.4620744258177,"Matrix-remodeling fibroblasts","K712771","Keloid"
"K712771_CELL3052_N3","program_DE_top1000",17.9850984366087,"Matrix-remodeling fibroblasts","K712771","Keloid"
"K712771_CELL3113_N2","program_DE_top1000",15.4040050859665,"Matrix-remodeling fibroblasts","K712771","Keloid"
"K712771_CELL3674_N3","program_DE_top1000",18.2006798293802,"Matrix-remodeling fibroblasts","K712771","Keloid"
"K712771_CELL4138_N2","program_DE_top1000",10.3092310133125,"Matrix-remodeling fibroblasts","K712771","Keloid"
"K712771_CELL4504_N2","program_DE_top1000",18.2261401819901,"ECM-producing fibroblasts","K712771","Keloid"
"K712771_CELL5011_N4","program_DE_top1000",11.9972311068855,"Matrix-remodeling fibroblasts","K712771","Keloid"
"K712771_CELL5241_N2","program_DE_top1000",10.8246388202061,"Homeostatic/regulatory fibroblasts","K712771","Keloid"
"K712771_CELL5313_N2","program_DE_top1000",13.6830598032879,"Matrix-remodeling fibroblasts","K712771","Keloid"
"K712771_CELL5445_N4","program_DE_top1000",10.9125861525783,"Matrix-remodeling fibroblasts","K712771","Keloid"
"K712771_CELL5485_N1","program_DE_top1000",10.8582822902804,"Matrix-remodeling fibroblasts","K712771","Keloid"
"K712771_CELL5492_N2","program_DE_top1000",19.1562849281762,"Matrix-remodeling fibroblasts","K712771","Keloid"
"K712771_CELL5571_N3","program_DE_top1000",15.3660445531709,"ECM-producing fibroblasts","K712771","Keloid"
"K712771_CELL5672_N2","program_DE_top1000",20.5014043251986,"ECM-producing fibroblasts","K712771","Keloid"
"K712771_CELL5695_N3","program_DE_top1000",15.92373695228,"ECM-producing fibroblasts","K712771","Keloid"
"K712771_CELL6146_N1","program_DE_top1000",11.8060618740511,"ECM-producing fibroblasts","K712771","Keloid"
"K712771_CELL6298_N2","program_DE_top1000",0.404903402908386,"Homeostatic/regulatory fibroblasts","K712771","Keloid"
"K712771_CELL6542_N3","program_DE_top1000",20.5123872276438,"ECM-producing fibroblasts","K712771","Keloid"
"K712771_CELL6576_N2","program_DE_top1000",10.0291100458754,"Homeostatic/regulatory fibroblasts","K712771","Keloid"
"K712771_CELL6579_N2","program_DE_top1000",16.6184887187725,"Matrix-remodeling fibroblasts","K712771","Keloid"
"K712771_CELL6732_N2","program_DE_top1000",20.6198268474423,"ECM-producing fibroblasts","K712771","Keloid"
"K712771_CELL6787_N2","program_DE_top1000",12.012936365357,"ECM-producing fibroblasts","K712771","Keloid"
"K712771_CELL6857_N3","program_DE_top1000",20.1056421110982,"Matrix-remodeling fibroblasts","K712771","Keloid"
"K712771_CELL7321_N4","program_DE_top1000",9.76451688705936,"ECM-producing fibroblasts","K712771","Keloid"
"K712771_CELL7398_N2","program_DE_top1000",15.8368190191223,"Matrix-remodeling fibroblasts","K712771","Keloid"
"K712771_CELL7490_N2","program_DE_top1000",18.7619122212746,"ECM-producing fibroblasts","K712771","Keloid"
"K712771_CELL8181_N2","program_DE_top1000",10.7001857893844,"Matrix-remodeling fibroblasts","K712771","Keloid"
"K712771_CELL8397_N3","program_DE_top1000",12.3845559178751,"Matrix-remodeling fibroblasts","K712771","Keloid"
"K712771_CELL8809_N1","program_DE_top1000",12.3913365641196,"Matrix-remodeling fibroblasts","K712771","Keloid"
"K712771_CELL8906_N2","program_DE_top1000",20.7758884393377,"ECM-producing fibroblasts","K712771","Keloid"
"K712771_CELL8975_N2","program_DE_top1000",10.7219155691576,"Homeostatic/regulatory fibroblasts","K712771","Keloid"
"K712771_CELL9044_N2","program_DE_top1000",16.1003456550066,"Matrix-remodeling fibroblasts","K712771","Keloid"
"K712771_CELL9469_N1","program_DE_top1000",11.2900879236805,"Homeostatic/regulatory fibroblasts","K712771","Keloid"
"K712771_CELL9682_N5","program_DE_top1000",20.4549358734976,"ECM-producing fibroblasts","K712771","Keloid"
"K712771_CELL10156_N2","program_DE_top1000",4.710253506591,"ECM-producing fibroblasts","K712771","Keloid"
"K712771_CELL10795_N1","program_DE_top1000",10.7853088200849,"Matrix-remodeling fibroblasts","K712771","Keloid"
"K712771_CELL11078_N2","program_DE_top1000",10.2203008462636,"Matrix-remodeling fibroblasts","K712771","Keloid"
"K712771_CELL11095_N3","program_DE_top1000",20.6145063660942,"ECM-producing fibroblasts","K712771","Keloid"
"K712771_CELL11452_N2","program_DE_top1000",18.6049598957074,"Matrix-remodeling fibroblasts","K712771","Keloid"
"K712771_CELL11479_N2","program_DE_top1000",13.2678157260631,"Matrix-remodeling fibroblasts","K712771","Keloid"
"K712771_CELL11481_N2","program_DE_top1000",16.7262061713251,"Matrix-remodeling fibroblasts","K712771","Keloid"
"K712771_CELL11522_N3","program_DE_top1000",13.4020504147775,"Matrix-remodeling fibroblasts","K712771","Keloid"
"K712771_CELL11558_N3","program_DE_top1000",13.8572750345903,"Matrix-remodeling fibroblasts","K712771","Keloid"
"K712771_CELL11931_N2","program_DE_top1000",20.3133231693986,"ECM-producing fibroblasts","K712771","Keloid"
"K712771_CELL12144_N2","program_DE_top1000",20.3896290951596,"ECM-producing fibroblasts","K712771","Keloid"
"K712771_CELL12364_N3","program_DE_top1000",20.59632246393,"Matrix-remodeling fibroblasts","K712771","Keloid"
"K712771_CELL12466_N1","program_DE_top1000",4.86577727614046,"Matrix-remodeling fibroblasts","K712771","Keloid"
"K712771_CELL12512_N1","program_DE_top1000",10.9703087808285,"Matrix-remodeling fibroblasts","K712771","Keloid"
"K712771_CELL12584_N2","program_DE_top1000",5.96921727335203,"Homeostatic/regulatory fibroblasts","K712771","Keloid"
"K712771_CELL12890_N2","program_DE_top1000",10.9829092284841,"Homeostatic/regulatory fibroblasts","K712771","Keloid"
"K712771_CELL13133_N1","program_DE_top1000",14.6483745665922,"Homeostatic/regulatory fibroblasts","K712771","Keloid"
"K712771_CELL13267_N1","program_DE_top1000",5.65847803779958,"Matrix-remodeling fibroblasts","K712771","Keloid"
"K712771_CELL13941_N1","program_DE_top1000",11.1547031245497,"Matrix-remodeling fibroblasts","K712771","Keloid"
"K712771_CELL14353_N1","program_DE_top1000",15.4750525498399,"Homeostatic/regulatory fibroblasts","K712771","Keloid"
"K712771_CELL15190_N1","program_DE_top1000",14.1734192801537,"Matrix-remodeling fibroblasts","K712771","Keloid"
"K712771_CELL15220_N1","program_DE_top1000",10.3392837841954,"Homeostatic/regulatory fibroblasts","K712771","Keloid"
"K712771_CELL16633_N1","program_DE_top1000",12.0015423508041,"ECM-producing fibroblasts","K712771","Keloid"
"K712771_CELL16714_N1","program_DE_top1000",11.5032447751708,"Matrix-remodeling fibroblasts","K712771","Keloid"
"K712771_CELL17064_N1","program_DE_top1000",11.7249572310885,"Matrix-remodeling fibroblasts","K712771","Keloid"
"K712771_CELL17104_N1","program_DE_top1000",12.5503545834822,"ECM-producing fibroblasts","K712771","Keloid"
"K712771_CELL17382_N1","program_DE_top1000",10.790246249404,"Matrix-remodeling fibroblasts","K712771","Keloid"
"K712771_CELL18078_N1","program_DE_top1000",15.4682246636682,"Matrix-remodeling fibroblasts","K712771","Keloid"
"K712771_CELL18219_N1","program_DE_top1000",18.3196046572135,"ECM-producing fibroblasts","K712771","Keloid"
"K712771_CELL19019_N1","program_DE_top1000",11.647209132515,"Matrix-remodeling fibroblasts","K712771","Keloid"
"K712771_CELL19429_N1","program_DE_top1000",10.5170255732107,"Homeostatic/regulatory fibroblasts","K712771","Keloid"
"K712771_CELL19483_N1","program_DE_top1000",15.5116687865634,"Matrix-remodeling fibroblasts","K712771","Keloid"
"K712771_CELL20341_N1","program_DE_top1000",14.9021490731288,"Matrix-remodeling fibroblasts","K712771","Keloid"
"K712771_CELL20624_N1","program_DE_top1000",20.7279888086729,"ECM-producing fibroblasts","K712771","Keloid"
"K712771_CELL20715_N1","program_DE_top1000",20.334135571205,"ECM-producing fibroblasts","K712771","Keloid"
"K712771_CELL21116_N1","program_DE_top1000",20.5123826989179,"ECM-producing fibroblasts","K712771","Keloid"
"K712771_CELL21319_N1","program_DE_top1000",10.7315982186543,"Homeostatic/regulatory fibroblasts","K712771","Keloid"
"K712771_CELL21676_N1","program_DE_top1000",11.1860737815377,"Homeostatic/regulatory fibroblasts","K712771","Keloid"
"K712771_CELL21794_N1","program_DE_top1000",12.8370705374238,"ECM-producing fibroblasts","K712771","Keloid"
"K712771_CELL22525_N1","program_DE_top1000",10.6897723038399,"Matrix-remodeling fibroblasts","K712771","Keloid"
"K712771_CELL23153_N1","program_DE_top1000",16.9200143365733,"ECM-producing fibroblasts","K712771","Keloid"
"K712771_CELL23672_N1","program_DE_top1000",11.824999262919,"Matrix-remodeling fibroblasts","K712771","Keloid"
"K712771_CELL23805_N1","program_DE_top1000",10.2328830936098,"Homeostatic/regulatory fibroblasts","K712771","Keloid"
"N176712_CELL1209_N3","program_DE_top1000",4.73875411262245,"Matrix-remodeling fibroblasts","N176712","Normal"
"N176712_CELL2777_N3","program_DE_top1000",6.29157116250695,"Homeostatic/regulatory fibroblasts","N176712","Normal"
"N176712_CELL3232_N2","program_DE_top1000",0.0430687170103505,"Homeostatic/regulatory fibroblasts","N176712","Normal"
"N176712_CELL3900_N2","program_DE_top1000",12.0252621490743,"Homeostatic/regulatory fibroblasts","N176712","Normal"
"N176712_CELL4364_N2","program_DE_top1000",5.96069052386231,"Matrix-remodeling fibroblasts","N176712","Normal"
"N176712_CELL5248_N3","program_DE_top1000",0.419521646627246,"ECM-producing fibroblasts","N176712","Normal"
"N176712_CELL6455_N2","program_DE_top1000",11.8777094467841,"Homeostatic/regulatory fibroblasts","N176712","Normal"
"N176712_CELL6949_N3","program_DE_top1000",8.70814849505458,"Homeostatic/regulatory fibroblasts","N176712","Normal"
"N176712_CELL9310_N1","program_DE_top1000",0.412254509265422,"Homeostatic/regulatory fibroblasts","N176712","Normal"
"N176712_CELL14513_N1","program_DE_top1000",5.33433828108778,"Matrix-remodeling fibroblasts","N176712","Normal"
"N176712_CELL14881_N1","program_DE_top1000",8.3862427387412,"Matrix-remodeling fibroblasts","N176712","Normal"
"N177536_CELL99_N5","program_DE_top1000",9.24877152573323,"Homeostatic/regulatory fibroblasts","N177536","Normal"
"N177536_CELL467_N2","program_DE_top1000",4.16350189539157,"Homeostatic/regulatory fibroblasts","N177536","Normal"
"N177536_CELL641_N3","program_DE_top1000",11.6430783963111,"Homeostatic/regulatory fibroblasts","N177536","Normal"
"N177536_CELL1859_N3","program_DE_top1000",12.8308204539517,"Homeostatic/regulatory fibroblasts","N177536","Normal"
"N177536_CELL2671_N2","program_DE_top1000",8.59503137105881,"Homeostatic/regulatory fibroblasts","N177536","Normal"
"N177536_CELL3702_N2","program_DE_top1000",0.237994946084223,"Homeostatic/regulatory fibroblasts","N177536","Normal"
"N177536_CELL3817_N3","program_DE_top1000",8.99984951849576,"Homeostatic/regulatory fibroblasts","N177536","Normal"
"N177536_CELL4444_N3","program_DE_top1000",9.1708947919268,"Matrix-remodeling fibroblasts","N177536","Normal"
"N177536_CELL4931_N3","program_DE_top1000",6.30558869098756,"Homeostatic/regulatory fibroblasts","N177536","Normal"
"N177536_CELL5149_N2","program_DE_top1000",6.24081971935156,"Homeostatic/regulatory fibroblasts","N177536","Normal"
"N177536_CELL5420_N3","program_DE_top1000",0.612517245198507,"Homeostatic/regulatory fibroblasts","N177536","Normal"
"N177536_CELL5535_N2","program_DE_top1000",11.7668682700001,"Homeostatic/regulatory fibroblasts","N177536","Normal"
"N177536_CELL5547_N2","program_DE_top1000",0.938369020114163,"Homeostatic/regulatory fibroblasts","N177536","Normal"
"N177536_CELL6495_N2","program_DE_top1000",0.265701907719083,"Homeostatic/regulatory fibroblasts","N177536","Normal"
"N177536_CELL6881_N2","program_DE_top1000",2.69104768895274,"Homeostatic/regulatory fibroblasts","N177536","Normal"
"N177536_CELL8407_N2","program_DE_top1000",8.72835413824585,"Homeostatic/regulatory fibroblasts","N177536","Normal"
"N177536_CELL8499_N2","program_DE_top1000",1.09257494242155,"Homeostatic/regulatory fibroblasts","N177536","Normal"
"N177536_CELL8756_N3","program_DE_top1000",11.7036202464391,"Homeostatic/regulatory fibroblasts","N177536","Normal"
"N177536_CELL8831_N2","program_DE_top1000",20.674110214642,"Homeostatic/regulatory fibroblasts","N177536","Normal"
"N177536_CELL9609_N2","program_DE_top1000",0.307613514434552,"Homeostatic/regulatory fibroblasts","N177536","Normal"
"N177536_CELL9771_N2","program_DE_top1000",11.8182684883474,"Homeostatic/regulatory fibroblasts","N177536","Normal"
"N177536_CELL9976_N2","program_DE_top1000",0.432525954980814,"Homeostatic/regulatory fibroblasts","N177536","Normal"
"N177536_CELL10205_N3","program_DE_top1000",8.20541036692429,"Homeostatic/regulatory fibroblasts","N177536","Normal"
"N177536_CELL10358_N2","program_DE_top1000",11.0231041961367,"Homeostatic/regulatory fibroblasts","N177536","Normal"
"N177536_CELL11050_N3","program_DE_top1000",5.03671481643904,"Matrix-remodeling fibroblasts","N177536","Normal"
"N177536_CELL11056_N2","program_DE_top1000",6.55924452810305,"ECM-producing fibroblasts","N177536","Normal"
"N177536_CELL11528_N3","program_DE_top1000",16.0159092475983,"Homeostatic/regulatory fibroblasts","N177536","Normal"
"N177536_CELL11941_N3","program_DE_top1000",2.18606834554917,"Homeostatic/regulatory fibroblasts","N177536","Normal"
"N177536_CELL13121_N1","program_DE_top1000",9.11148025759425,"Homeostatic/regulatory fibroblasts","N177536","Normal"
"N177536_CELL15883_N1","program_DE_top1000",9.05910838315,"Matrix-remodeling fibroblasts","N177536","Normal"
"N177536_CELL16993_N1","program_DE_top1000",3.12010927247816,"ECM-producing fibroblasts","N177536","Normal"
"N177536_CELL17130_N1","program_DE_top1000",3.88945655221909,"Homeostatic/regulatory fibroblasts","N177536","Normal"
"N177536_CELL18616_N1","program_DE_top1000",11.9729868261051,"ECM-producing fibroblasts","N177536","Normal"
"N177536_CELL19214_N1","program_DE_top1000",0.965641546015631,"Homeostatic/regulatory fibroblasts","N177536","Normal"
"N177536_CELL19706_N1","program_DE_top1000",0.891701520089448,"Homeostatic/regulatory fibroblasts","N177536","Normal"
"N177536_CELL20358_N1","program_DE_top1000",8.1332700003871,"Matrix-remodeling fibroblasts","N177536","Normal"
"N177536_CELL22589_N1","program_DE_top1000",8.24901295703105,"Homeostatic/regulatory fibroblasts","N177536","Normal"
"N177536_CELL22836_N1","program_DE_top1000",4.38776345437195,"ECM-producing fibroblasts","N177536","Normal"
"N177536_CELL22977_N1","program_DE_top1000",8.47159024864851,"Matrix-remodeling fibroblasts","N177536","Normal"
"N177536_CELL23410_N1","program_DE_top1000",0.430745852002759,"Homeostatic/regulatory fibroblasts","N177536","Normal"
"N177536_CELL25842_N1","program_DE_top1000",12.1579248368901,"Matrix-remodeling fibroblasts","N177536","Normal"
"N177536_CELL26198_N1","program_DE_top1000",10.7106805418017,"Homeostatic/regulatory fibroblasts","N177536","Normal"
"N177536_CELL27559_N1","program_DE_top1000",12.578666169262,"ECM-producing fibroblasts","N177536","Normal"
"N387690_CELL199_N3","program_DE_top1000",0.314851239453827,"ECM-producing fibroblasts","N387690","Normal"
"N387690_CELL228_N3","program_DE_top1000",0.500047352659409,"Homeostatic/regulatory fibroblasts","N387690","Normal"
"N387690_CELL241_N3","program_DE_top1000",0.442989914842514,"Homeostatic/regulatory fibroblasts","N387690","Normal"
"N387690_CELL304_N4","program_DE_top1000",4.10530500863426,"Homeostatic/regulatory fibroblasts","N387690","Normal"
"N387690_CELL318_N4","program_DE_top1000",5.91495905385008,"Homeostatic/regulatory fibroblasts","N387690","Normal"
"N387690_CELL357_N3","program_DE_top1000",0.747652087676383,"Homeostatic/regulatory fibroblasts","N387690","Normal"
"N387690_CELL370_N2","program_DE_top1000",0.32372350300564,"Homeostatic/regulatory fibroblasts","N387690","Normal"
"N387690_CELL477_N3","program_DE_top1000",0.390824934662758,"Homeostatic/regulatory fibroblasts","N387690","Normal"
"N387690_CELL532_N4","program_DE_top1000",2.96889417336547,"Homeostatic/regulatory fibroblasts","N387690","Normal"
"N387690_CELL573_N2","program_DE_top1000",0.306579386005029,"Homeostatic/regulatory fibroblasts","N387690","Normal"
"N387690_CELL669_N3","program_DE_top1000",0.335939776152386,"Homeostatic/regulatory fibroblasts","N387690","Normal"
"N387690_CELL780_N3","program_DE_top1000",6.12316275909674,"Homeostatic/regulatory fibroblasts","N387690","Normal"
"N387690_CELL787_N3","program_DE_top1000",0.517589713111381,"Homeostatic/regulatory fibroblasts","N387690","Normal"
"N387690_CELL811_N2","program_DE_top1000",0.517438184997533,"Homeostatic/regulatory fibroblasts","N387690","Normal"
"N387690_CELL939_N3","program_DE_top1000",0.45269956929417,"Homeostatic/regulatory fibroblasts","N387690","Normal"
"N387690_CELL1036_N1","program_DE_top1000",1.77826807947294,"Homeostatic/regulatory fibroblasts","N387690","Normal"
"N387690_CELL1048_N2","program_DE_top1000",0.245638142740652,"Homeostatic/regulatory fibroblasts","N387690","Normal"
"N387690_CELL1082_N4","program_DE_top1000",6.05272340861267,"Homeostatic/regulatory fibroblasts","N387690","Normal"
"N387690_CELL1182_N2","program_DE_top1000",0.424673366705927,"Homeostatic/regulatory fibroblasts","N387690","Normal"
"N387690_CELL1198_N2","program_DE_top1000",0.575039744655727,"Homeostatic/regulatory fibroblasts","N387690","Normal"
"N387690_CELL1312_N2","program_DE_top1000",0.158754291815717,"Homeostatic/regulatory fibroblasts","N387690","Normal"
"N387690_CELL1336_N2","program_DE_top1000",0.361964926034661,"Homeostatic/regulatory fibroblasts","N387690","Normal"
"N387690_CELL1371_N2","program_DE_top1000",0.534673718586038,"Homeostatic/regulatory fibroblasts","N387690","Normal"
"N387690_CELL1400_N2","program_DE_top1000",5.22070909158256,"Homeostatic/regulatory fibroblasts","N387690","Normal"
"N387690_CELL1473_N3","program_DE_top1000",0.889610425297292,"Homeostatic/regulatory fibroblasts","N387690","Normal"
"N387690_CELL1541_N4","program_DE_top1000",0.392434371992445,"Homeostatic/regulatory fibroblasts","N387690","Normal"
"N387690_CELL1569_N3","program_DE_top1000",0.51523347905958,"Homeostatic/regulatory fibroblasts","N387690","Normal"
"N387690_CELL1703_N2","program_DE_top1000",0.494009126761666,"Homeostatic/regulatory fibroblasts","N387690","Normal"
"N387690_CELL1731_N3","program_DE_top1000",1.63267303574876,"ECM-producing fibroblasts","N387690","Normal"
"N387690_CELL1774_N3","program_DE_top1000",0.527610821390788,"Homeostatic/regulatory fibroblasts","N387690","Normal"
"N387690_CELL1787_N3","program_DE_top1000",0.240808254967746,"Homeostatic/regulatory fibroblasts","N387690","Normal"
"N387690_CELL1804_N4","program_DE_top1000",1.08802801304746,"ECM-producing fibroblasts","N387690","Normal"
"N387690_CELL1836_N3","program_DE_top1000",0.318119974695471,"Homeostatic/regulatory fibroblasts","N387690","Normal"
"N387690_CELL1898_N4","program_DE_top1000",0.45546884142836,"Homeostatic/regulatory fibroblasts","N387690","Normal"
"N387690_CELL2098_N2","program_DE_top1000",0.441692481781406,"Homeostatic/regulatory fibroblasts","N387690","Normal"
"N387690_CELL2153_N3","program_DE_top1000",5.80028352186627,"Homeostatic/regulatory fibroblasts","N387690","Normal"
"N387690_CELL2167_N2","program_DE_top1000",0.532736957421255,"ECM-producing fibroblasts","N387690","Normal"
"N387690_CELL2235_N5","program_DE_top1000",0.371152145524945,"Homeostatic/regulatory fibroblasts","N387690","Normal"
"N387690_CELL2287_N3","program_DE_top1000",0.219619740605781,"Homeostatic/regulatory fibroblasts","N387690","Normal"
"N387690_CELL2293_N4","program_DE_top1000",0.412868078041373,"Homeostatic/regulatory fibroblasts","N387690","Normal"
"N387690_CELL2307_N2","program_DE_top1000",0.218006092506809,"ECM-producing fibroblasts","N387690","Normal"
"N387690_CELL2367_N3","program_DE_top1000",3.54721931452754,"Homeostatic/regulatory fibroblasts","N387690","Normal"
"N387690_CELL2428_N2","program_DE_top1000",4.39067029623735,"ECM-producing fibroblasts","N387690","Normal"
"N387690_CELL2433_N2","program_DE_top1000",0.479917748400729,"Homeostatic/regulatory fibroblasts","N387690","Normal"
"N387690_CELL2521_N2","program_DE_top1000",0.335437787016474,"Homeostatic/regulatory fibroblasts","N387690","Normal"
"N387690_CELL2576_N3","program_DE_top1000",0.402881539527879,"Homeostatic/regulatory fibroblasts","N387690","Normal"
"N387690_CELL2590_N3","program_DE_top1000",0.37333641094395,"Homeostatic/regulatory fibroblasts","N387690","Normal"
"N387690_CELL2681_N2","program_DE_top1000",0.89991784102024,"Homeostatic/regulatory fibroblasts","N387690","Normal"
"N387690_CELL2703_N2","program_DE_top1000",0.596660670382452,"Homeostatic/regulatory fibroblasts","N387690","Normal"
"N387690_CELL2827_N2","program_DE_top1000",0.34702835314677,"Homeostatic/regulatory fibroblasts","N387690","Normal"
"N387690_CELL2934_N3","program_DE_top1000",0.608695058307081,"Homeostatic/regulatory fibroblasts","N387690","Normal"
"N387690_CELL2939_N3","program_DE_top1000",5.42105848650596,"Homeostatic/regulatory fibroblasts","N387690","Normal"
"N387690_CELL2976_N2","program_DE_top1000",0.331290847946055,"Homeostatic/regulatory fibroblasts","N387690","Normal"
"N387690_CELL3003_N3","program_DE_top1000",0.443608496725108,"Homeostatic/regulatory fibroblasts","N387690","Normal"
"N387690_CELL3134_N3","program_DE_top1000",6.31489293786818,"Homeostatic/regulatory fibroblasts","N387690","Normal"
"N387690_CELL3274_N3","program_DE_top1000",0.220425147307432,"ECM-producing fibroblasts","N387690","Normal"
"N387690_CELL3328_N2","program_DE_top1000",1.23545855631073,"ECM-producing fibroblasts","N387690","Normal"
"N387690_CELL3396_N3","program_DE_top1000",0.715842910837499,"Homeostatic/regulatory fibroblasts","N387690","Normal"
"N387690_CELL3416_N2","program_DE_top1000",0.494266158014998,"Homeostatic/regulatory fibroblasts","N387690","Normal"
"N387690_CELL3433_N4","program_DE_top1000",2.04600016299209,"Homeostatic/regulatory fibroblasts","N387690","Normal"
"N387690_CELL3453_N2","program_DE_top1000",0.494199356191292,"Homeostatic/regulatory fibroblasts","N387690","Normal"
"N387690_CELL3526_N5","program_DE_top1000",0.429431916435041,"Homeostatic/regulatory fibroblasts","N387690","Normal"
"N387690_CELL3575_N2","program_DE_top1000",0.286512178447156,"Homeostatic/regulatory fibroblasts","N387690","Normal"
"N387690_CELL3596_N2","program_DE_top1000",0.458649324474703,"Homeostatic/regulatory fibroblasts","N387690","Normal"
"N387690_CELL3604_N2","program_DE_top1000",3.20769002332713,"Homeostatic/regulatory fibroblasts","N387690","Normal"
"N387690_CELL3612_N4","program_DE_top1000",0.436178669063824,"Homeostatic/regulatory fibroblasts","N387690","Normal"
"N387690_CELL3631_N4","program_DE_top1000",0.378840850020221,"Homeostatic/regulatory fibroblasts","N387690","Normal"
"N387690_CELL3735_N3","program_DE_top1000",0.121569509061634,"Homeostatic/regulatory fibroblasts","N387690","Normal"
"N387690_CELL3873_N3","program_DE_top1000",0.292761078124988,"Homeostatic/regulatory fibroblasts","N387690","Normal"
"N387690_CELL3902_N2","program_DE_top1000",0.323994742898543,"Homeostatic/regulatory fibroblasts","N387690","Normal"
"N387690_CELL3923_N3","program_DE_top1000",0.315250898412217,"Homeostatic/regulatory fibroblasts","N387690","Normal"
"N387690_CELL4047_N4","program_DE_top1000",0.649117647052939,"Homeostatic/regulatory fibroblasts","N387690","Normal"
"N387690_CELL4183_N2","program_DE_top1000",0.748498421521478,"Homeostatic/regulatory fibroblasts","N387690","Normal"
"N387690_CELL4356_N4","program_DE_top1000",0.309309379821393,"Homeostatic/regulatory fibroblasts","N387690","Normal"
"N387690_CELL4456_N2","program_DE_top1000",0.366766892477341,"Homeostatic/regulatory fibroblasts","N387690","Normal"
"N387690_CELL4592_N7","program_DE_top1000",8.14691598288296,"Homeostatic/regulatory fibroblasts","N387690","Normal"
"N387690_CELL4736_N2","program_DE_top1000",0.331944133909375,"Homeostatic/regulatory fibroblasts","N387690","Normal"
"N387690_CELL4752_N3","program_DE_top1000",0.289857888826617,"ECM-producing fibroblasts","N387690","Normal"
"N387690_CELL4803_N3","program_DE_top1000",0.329436524399947,"Homeostatic/regulatory fibroblasts","N387690","Normal"
"N387690_CELL5015_N2","program_DE_top1000",0.369839441947445,"Homeostatic/regulatory fibroblasts","N387690","Normal"
"N387690_CELL5034_N5","program_DE_top1000",0.361521193842107,"Homeostatic/regulatory fibroblasts","N387690","Normal"
"N387690_CELL5095_N3","program_DE_top1000",0.396315931056087,"Homeostatic/regulatory fibroblasts","N387690","Normal"
"N387690_CELL5103_N4","program_DE_top1000",0.383772340981027,"Homeostatic/regulatory fibroblasts","N387690","Normal"
"N387690_CELL5147_N3","program_DE_top1000",0.275066624083588,"Homeostatic/regulatory fibroblasts","N387690","Normal"
"N387690_CELL5163_N3","program_DE_top1000",0.428500031636145,"Homeostatic/regulatory fibroblasts","N387690","Normal"
"N387690_CELL5319_N3","program_DE_top1000",4.58190246354789,"Homeostatic/regulatory fibroblasts","N387690","Normal"
"N387690_CELL5347_N4","program_DE_top1000",0.221165605153399,"ECM-producing fibroblasts","N387690","Normal"
"N387690_CELL5652_N2","program_DE_top1000",3.81024461032631,"Homeostatic/regulatory fibroblasts","N387690","Normal"
"N387690_CELL5660_N3","program_DE_top1000",0.322977283669217,"Homeostatic/regulatory fibroblasts","N387690","Normal"
"N387690_CELL5689_N2","program_DE_top1000",1.68279085750541,"Homeostatic/regulatory fibroblasts","N387690","Normal"
"N387690_CELL5726_N2","program_DE_top1000",0.405112920790722,"Homeostatic/regulatory fibroblasts","N387690","Normal"
"N387690_CELL5772_N5","program_DE_top1000",0.251213828940823,"Homeostatic/regulatory fibroblasts","N387690","Normal"
"N387690_CELL6006_N2","program_DE_top1000",0.383504707566987,"Homeostatic/regulatory fibroblasts","N387690","Normal"
"N387690_CELL6059_N2","program_DE_top1000",0.484487413021065,"Homeostatic/regulatory fibroblasts","N387690","Normal"
"N387690_CELL6261_N3","program_DE_top1000",0.479776708074515,"Homeostatic/regulatory fibroblasts","N387690","Normal"
"N387690_CELL6304_N2","program_DE_top1000",0.514698791873343,"Homeostatic/regulatory fibroblasts","N387690","Normal"
"N387690_CELL6362_N2","program_DE_top1000",0.454711834153276,"Homeostatic/regulatory fibroblasts","N387690","Normal"
"N387690_CELL6518_N4","program_DE_top1000",0.473465997462765,"Homeostatic/regulatory fibroblasts","N387690","Normal"
"N387690_CELL6594_N2","program_DE_top1000",0.212383007976859,"Homeostatic/regulatory fibroblasts","N387690","Normal"
"N387690_CELL6668_N2","program_DE_top1000",0.38498940365085,"Homeostatic/regulatory fibroblasts","N387690","Normal"
"N387690_CELL6871_N2","program_DE_top1000",0.36275054818981,"Homeostatic/regulatory fibroblasts","N387690","Normal"
"N387690_CELL6935_N4","program_DE_top1000",0.433873854521712,"Homeostatic/regulatory fibroblasts","N387690","Normal"
"N387690_CELL6951_N3","program_DE_top1000",0.423684467402185,"Homeostatic/regulatory fibroblasts","N387690","Normal"
"N387690_CELL7016_N2","program_DE_top1000",0.448371301907144,"Homeostatic/regulatory fibroblasts","N387690","Normal"
"N387690_CELL7026_N2","program_DE_top1000",0.233025956753517,"Homeostatic/regulatory fibroblasts","N387690","Normal"
"N387690_CELL7096_N2","program_DE_top1000",0.372530428016501,"Homeostatic/regulatory fibroblasts","N387690","Normal"
"N387690_CELL7121_N2","program_DE_top1000",0.516607803292214,"Homeostatic/regulatory fibroblasts","N387690","Normal"
"N387690_CELL7143_N3","program_DE_top1000",0.994906552218969,"ECM-producing fibroblasts","N387690","Normal"
"N387690_CELL7176_N3","program_DE_top1000",0.557788111758553,"Homeostatic/regulatory fibroblasts","N387690","Normal"
"N387690_CELL7208_N2","program_DE_top1000",10.947675331064,"Homeostatic/regulatory fibroblasts","N387690","Normal"
"N387690_CELL7473_N3","program_DE_top1000",0.3734568638439,"Homeostatic/regulatory fibroblasts","N387690","Normal"
"N387690_CELL7509_N2","program_DE_top1000",0.307173088223179,"ECM-producing fibroblasts","N387690","Normal"
"N387690_CELL7538_N2","program_DE_top1000",0.575066203187867,"Homeostatic/regulatory fibroblasts","N387690","Normal"
"N387690_CELL7573_N3","program_DE_top1000",0.379360310425453,"Homeostatic/regulatory fibroblasts","N387690","Normal"
"N387690_CELL7647_N3","program_DE_top1000",0.429245650073371,"Homeostatic/regulatory fibroblasts","N387690","Normal"
"N387690_CELL7825_N2","program_DE_top1000",0.484335496794925,"Homeostatic/regulatory fibroblasts","N387690","Normal"
"N387690_CELL7852_N2","program_DE_top1000",0.515658264137778,"Homeostatic/regulatory fibroblasts","N387690","Normal"
"N387690_CELL7902_N2","program_DE_top1000",2.26267355019966,"Homeostatic/regulatory fibroblasts","N387690","Normal"
"N387690_CELL7949_N2","program_DE_top1000",4.10063450452463,"Matrix-remodeling fibroblasts","N387690","Normal"
"N387690_CELL8052_N2","program_DE_top1000",7.92777645872312,"Matrix-remodeling fibroblasts","N387690","Normal"
"N387690_CELL8080_N2","program_DE_top1000",0.528959609039022,"Homeostatic/regulatory fibroblasts","N387690","Normal"
"N387690_CELL8105_N2","program_DE_top1000",0.296157031176402,"Homeostatic/regulatory fibroblasts","N387690","Normal"
"N387690_CELL8127_N2","program_DE_top1000",0.507268106199272,"Homeostatic/regulatory fibroblasts","N387690","Normal"
"N387690_CELL8151_N3","program_DE_top1000",0.304437398295935,"Homeostatic/regulatory fibroblasts","N387690","Normal"
"N387690_CELL8300_N2","program_DE_top1000",0.243123410901894,"Homeostatic/regulatory fibroblasts","N387690","Normal"
"N387690_CELL8314_N4","program_DE_top1000",0.398699367691834,"Homeostatic/regulatory fibroblasts","N387690","Normal"
"N387690_CELL8342_N2","program_DE_top1000",0.666878072428537,"Homeostatic/regulatory fibroblasts","N387690","Normal"
"N387690_CELL8351_N3","program_DE_top1000",0.120642271044574,"Homeostatic/regulatory fibroblasts","N387690","Normal"
"N387690_CELL8481_N2","program_DE_top1000",0.376823561036526,"Homeostatic/regulatory fibroblasts","N387690","Normal"
"N387690_CELL8510_N3","program_DE_top1000",6.3855659421876,"Homeostatic/regulatory fibroblasts","N387690","Normal"
"N387690_CELL8571_N2","program_DE_top1000",0.80021208043729,"Homeostatic/regulatory fibroblasts","N387690","Normal"
"N387690_CELL8611_N2","program_DE_top1000",0.185129325297071,"Homeostatic/regulatory fibroblasts","N387690","Normal"
"N387690_CELL8623_N3","program_DE_top1000",0.565375979803916,"Homeostatic/regulatory fibroblasts","N387690","Normal"
"N387690_CELL8670_N2","program_DE_top1000",4.49192103665855,"Homeostatic/regulatory fibroblasts","N387690","Normal"
"N387690_CELL8732_N3","program_DE_top1000",12.8865276139229,"Homeostatic/regulatory fibroblasts","N387690","Normal"
"N387690_CELL8763_N2","program_DE_top1000",4.6364333448262,"Homeostatic/regulatory fibroblasts","N387690","Normal"
"N387690_CELL8888_N2","program_DE_top1000",2.01221594794475,"Homeostatic/regulatory fibroblasts","N387690","Normal"
"N387690_CELL8943_N2","program_DE_top1000",0.361094353219463,"Homeostatic/regulatory fibroblasts","N387690","Normal"
"N387690_CELL9070_N2","program_DE_top1000",0.369899229610543,"Homeostatic/regulatory fibroblasts","N387690","Normal"
"N387690_CELL9385_N2","program_DE_top1000",0.358665948033515,"Homeostatic/regulatory fibroblasts","N387690","Normal"
"N387690_CELL9436_N2","program_DE_top1000",0.51749659773879,"Homeostatic/regulatory fibroblasts","N387690","Normal"
"N387690_CELL9517_N2","program_DE_top1000",0.360403402629435,"Homeostatic/regulatory fibroblasts","N387690","Normal"
"N387690_CELL9559_N2","program_DE_top1000",0.442143657455505,"Homeostatic/regulatory fibroblasts","N387690","Normal"
"N387690_CELL9812_N2","program_DE_top1000",0.204008017372588,"Homeostatic/regulatory fibroblasts","N387690","Normal"
"N387690_CELL9885_N3","program_DE_top1000",0.409163801945251,"Homeostatic/regulatory fibroblasts","N387690","Normal"
"N387690_CELL9890_N2","program_DE_top1000",0.463263709071925,"Homeostatic/regulatory fibroblasts","N387690","Normal"
"N387690_CELL10048_N4","program_DE_top1000",0.353786523373724,"Homeostatic/regulatory fibroblasts","N387690","Normal"
"N387690_CELL10058_N2","program_DE_top1000",0.471278884403028,"Homeostatic/regulatory fibroblasts","N387690","Normal"
"N387690_CELL10163_N3","program_DE_top1000",0.621934482205585,"Homeostatic/regulatory fibroblasts","N387690","Normal"
"N387690_CELL10200_N3","program_DE_top1000",0.242282534297229,"Homeostatic/regulatory fibroblasts","N387690","Normal"
"N387690_CELL10230_N3","program_DE_top1000",1.10886605949383,"Homeostatic/regulatory fibroblasts","N387690","Normal"
"N387690_CELL10274_N1","program_DE_top1000",1.91063352978616,"Matrix-remodeling fibroblasts","N387690","Normal"
"N387690_CELL10291_N2","program_DE_top1000",0.37184420220414,"Homeostatic/regulatory fibroblasts","N387690","Normal"
"N387690_CELL10744_N2","program_DE_top1000",1.51390892719267,"Homeostatic/regulatory fibroblasts","N387690","Normal"
"N387690_CELL10762_N2","program_DE_top1000",0.4847889934413,"Homeostatic/regulatory fibroblasts","N387690","Normal"
"N387690_CELL10781_N2","program_DE_top1000",0.497113152566486,"Homeostatic/regulatory fibroblasts","N387690","Normal"
"N387690_CELL10871_N3","program_DE_top1000",0.487157400910847,"Homeostatic/regulatory fibroblasts","N387690","Normal"
"N387690_CELL10951_N2","program_DE_top1000",0.34553391670321,"Homeostatic/regulatory fibroblasts","N387690","Normal"
"N387690_CELL10988_N2","program_DE_top1000",0.286403039164624,"Homeostatic/regulatory fibroblasts","N387690","Normal"
"N387690_CELL11123_N2","program_DE_top1000",0.567120049408668,"Homeostatic/regulatory fibroblasts","N387690","Normal"
"N387690_CELL11214_N2","program_DE_top1000",0.217658667123989,"Homeostatic/regulatory fibroblasts","N387690","Normal"
"N387690_CELL11231_N2","program_DE_top1000",0.383119907439785,"Homeostatic/regulatory fibroblasts","N387690","Normal"
"N387690_CELL11336_N3","program_DE_top1000",0.526340571073665,"Homeostatic/regulatory fibroblasts","N387690","Normal"
"N387690_CELL11516_N4","program_DE_top1000",0.420529198084206,"Homeostatic/regulatory fibroblasts","N387690","Normal"
"N387690_CELL11610_N2","program_DE_top1000",0.404310678440294,"Homeostatic/regulatory fibroblasts","N387690","Normal"
"N387690_CELL11624_N2","program_DE_top1000",0.382354956187529,"Homeostatic/regulatory fibroblasts","N387690","Normal"
"N387690_CELL11685_N2","program_DE_top1000",0.386636306716217,"ECM-producing fibroblasts","N387690","Normal"
"N387690_CELL11737_N2","program_DE_top1000",0.356031656720421,"Homeostatic/regulatory fibroblasts","N387690","Normal"
"N387690_CELL11864_N3","program_DE_top1000",0.299503092425369,"Homeostatic/regulatory fibroblasts","N387690","Normal"
"N387690_CELL12009_N2","program_DE_top1000",0.481707727053373,"Homeostatic/regulatory fibroblasts","N387690","Normal"
"N387690_CELL12013_N2","program_DE_top1000",0.420864271446403,"Homeostatic/regulatory fibroblasts","N387690","Normal"
"N387690_CELL12032_N2","program_DE_top1000",0.323195929590136,"Homeostatic/regulatory fibroblasts","N387690","Normal"
"N387690_CELL12180_N2","program_DE_top1000",4.80555075144341,"Matrix-remodeling fibroblasts","N387690","Normal"
"N387690_CELL12201_N3","program_DE_top1000",0.413370005715921,"Homeostatic/regulatory fibroblasts","N387690","Normal"
"N387690_CELL12225_N2","program_DE_top1000",0.602937742141894,"Homeostatic/regulatory fibroblasts","N387690","Normal"
"N387690_CELL12532_N2","program_DE_top1000",0.486167839623161,"Homeostatic/regulatory fibroblasts","N387690","Normal"
"N387690_CELL12554_N2","program_DE_top1000",0.531660708532946,"Homeostatic/regulatory fibroblasts","N387690","Normal"
"N387690_CELL12600_N2","program_DE_top1000",0.309011007005299,"Homeostatic/regulatory fibroblasts","N387690","Normal"
"N387690_CELL12652_N2","program_DE_top1000",4.24705893752121,"Homeostatic/regulatory fibroblasts","N387690","Normal"
"N387690_CELL12834_N2","program_DE_top1000",0.576848817040705,"Homeostatic/regulatory fibroblasts","N387690","Normal"
"N387690_CELL13111_N2","program_DE_top1000",0.339455568073096,"Homeostatic/regulatory fibroblasts","N387690","Normal"
"N387690_CELL13137_N2","program_DE_top1000",0.49350913655666,"Homeostatic/regulatory fibroblasts","N387690","Normal"
"N387690_CELL13168_N2","program_DE_top1000",0.381954847813225,"Homeostatic/regulatory fibroblasts","N387690","Normal"
"N387690_CELL13400_N1","program_DE_top1000",0.359763838290193,"ECM-producing fibroblasts","N387690","Normal"
"N387690_CELL13518_N1","program_DE_top1000",0.327913036266032,"Homeostatic/regulatory fibroblasts","N387690","Normal"
"N387690_CELL13708_N1","program_DE_top1000",4.09281852981958,"Homeostatic/regulatory fibroblasts","N387690","Normal"
"N387690_CELL13917_N1","program_DE_top1000",0.432616272521896,"Homeostatic/regulatory fibroblasts","N387690","Normal"
"N387690_CELL14005_N1","program_DE_top1000",0.478058545108309,"Homeostatic/regulatory fibroblasts","N387690","Normal"
"N387690_CELL14114_N1","program_DE_top1000",0.384766228889205,"Homeostatic/regulatory fibroblasts","N387690","Normal"
"N387690_CELL14242_N1","program_DE_top1000",0.644415247522061,"Homeostatic/regulatory fibroblasts","N387690","Normal"
"N387690_CELL14327_N1","program_DE_top1000",0.399930452725486,"Homeostatic/regulatory fibroblasts","N387690","Normal"
"N387690_CELL14331_N1","program_DE_top1000",0.245472348177993,"Homeostatic/regulatory fibroblasts","N387690","Normal"
"N387690_CELL14504_N1","program_DE_top1000",0.479726643383175,"Homeostatic/regulatory fibroblasts","N387690","Normal"
"N387690_CELL14520_N1","program_DE_top1000",0.522492818401668,"Homeostatic/regulatory fibroblasts","N387690","Normal"
"N387690_CELL14677_N1","program_DE_top1000",0.516472801969568,"Homeostatic/regulatory fibroblasts","N387690","Normal"
"N387690_CELL14707_N1","program_DE_top1000",0.448284629475358,"Homeostatic/regulatory fibroblasts","N387690","Normal"
"N387690_CELL14757_N1","program_DE_top1000",0.384978929080151,"Homeostatic/regulatory fibroblasts","N387690","Normal"
"N387690_CELL15052_N1","program_DE_top1000",0.495234080549353,"Homeostatic/regulatory fibroblasts","N387690","Normal"
"N387690_CELL15144_N1","program_DE_top1000",0.53068162200796,"Homeostatic/regulatory fibroblasts","N387690","Normal"
"N387690_CELL15190_N1","program_DE_top1000",0.142841784256113,"Homeostatic/regulatory fibroblasts","N387690","Normal"
"N387690_CELL15208_N1","program_DE_top1000",5.36943633134593,"Matrix-remodeling fibroblasts","N387690","Normal"
"N387690_CELL15284_N1","program_DE_top1000",0.255422097173668,"Homeostatic/regulatory fibroblasts","N387690","Normal"
"N387690_CELL15602_N1","program_DE_top1000",0.474741707638381,"Homeostatic/regulatory fibroblasts","N387690","Normal"
"N387690_CELL15676_N1","program_DE_top1000",0.220406779590457,"Homeostatic/regulatory fibroblasts","N387690","Normal"
"N387690_CELL15721_N1","program_DE_top1000",11.0787123933307,"Matrix-remodeling fibroblasts","N387690","Normal"
"N387690_CELL15777_N1","program_DE_top1000",0.222895120917648,"Homeostatic/regulatory fibroblasts","N387690","Normal"
"N387690_CELL15787_N1","program_DE_top1000",0.563580315609885,"Homeostatic/regulatory fibroblasts","N387690","Normal"
"N387690_CELL15796_N1","program_DE_top1000",0.549300781249676,"Homeostatic/regulatory fibroblasts","N387690","Normal"
"N387690_CELL15927_N1","program_DE_top1000",1.24874976671273,"Homeostatic/regulatory fibroblasts","N387690","Normal"
"N387690_CELL16076_N1","program_DE_top1000",0.48986303013491,"Homeostatic/regulatory fibroblasts","N387690","Normal"
"N387690_CELL16196_N1","program_DE_top1000",0.150336575715936,"ECM-producing fibroblasts","N387690","Normal"
"N387690_CELL16327_N1","program_DE_top1000",2.46128992046701,"Homeostatic/regulatory fibroblasts","N387690","Normal"
"N387690_CELL16328_N1","program_DE_top1000",8.08457484923976,"Homeostatic/regulatory fibroblasts","N387690","Normal"
"N387690_CELL16368_N1","program_DE_top1000",0.468427040117684,"Homeostatic/regulatory fibroblasts","N387690","Normal"
"N387690_CELL16444_N1","program_DE_top1000",0.211207082191963,"Homeostatic/regulatory fibroblasts","N387690","Normal"
"N387690_CELL16480_N1","program_DE_top1000",0.150048699888099,"Homeostatic/regulatory fibroblasts","N387690","Normal"
"N387690_CELL16661_N1","program_DE_top1000",0.443277938114828,"Homeostatic/regulatory fibroblasts","N387690","Normal"
"N387690_CELL16681_N1","program_DE_top1000",0.557109244636336,"Homeostatic/regulatory fibroblasts","N387690","Normal"
"N387690_CELL16825_N1","program_DE_top1000",0.111208711787176,"Homeostatic/regulatory fibroblasts","N387690","Normal"
"N387690_CELL16881_N1","program_DE_top1000",4.64853354350243,"ECM-producing fibroblasts","N387690","Normal"
"N387690_CELL17065_N1","program_DE_top1000",0.451021844284961,"Homeostatic/regulatory fibroblasts","N387690","Normal"
"N387690_CELL17160_N1","program_DE_top1000",0.724004781514497,"Homeostatic/regulatory fibroblasts","N387690","Normal"
"N387690_CELL17338_N1","program_DE_top1000",0.330769249692877,"Homeostatic/regulatory fibroblasts","N387690","Normal"
"N387690_CELL17356_N1","program_DE_top1000",0.464788845916564,"Homeostatic/regulatory fibroblasts","N387690","Normal"
"N387690_CELL17497_N1","program_DE_top1000",5.90614478910335,"Homeostatic/regulatory fibroblasts","N387690","Normal"
"N387690_CELL17766_N1","program_DE_top1000",0.364618185681069,"Homeostatic/regulatory fibroblasts","N387690","Normal"
"N387690_CELL17784_N1","program_DE_top1000",0.491397324709129,"Homeostatic/regulatory fibroblasts","N387690","Normal"
"N387690_CELL17808_N1","program_DE_top1000",0,"ECM-producing fibroblasts","N387690","Normal"
"N387690_CELL17887_N1","program_DE_top1000",1.40913771500948,"Homeostatic/regulatory fibroblasts","N387690","Normal"
"N387690_CELL18077_N1","program_DE_top1000",0.212001616884812,"Homeostatic/regulatory fibroblasts","N387690","Normal"
"N387690_CELL18532_N1","program_DE_top1000",0.419505582878752,"Homeostatic/regulatory fibroblasts","N387690","Normal"
"N387690_CELL18587_N1","program_DE_top1000",3.90836759226521,"Homeostatic/regulatory fibroblasts","N387690","Normal"
"N387690_CELL18607_N1","program_DE_top1000",0.430885681006962,"Homeostatic/regulatory fibroblasts","N387690","Normal"
"N387690_CELL18650_N1","program_DE_top1000",0.425265158213272,"Homeostatic/regulatory fibroblasts","N387690","Normal"
"N387690_CELL18876_N1","program_DE_top1000",0.182758752815857,"Homeostatic/regulatory fibroblasts","N387690","Normal"
"N387690_CELL18900_N1","program_DE_top1000",0.363754818524965,"Homeostatic/regulatory fibroblasts","N387690","Normal"
"N387690_CELL18905_N1","program_DE_top1000",0.656570296604758,"Homeostatic/regulatory fibroblasts","N387690","Normal"
"N387690_CELL18953_N1","program_DE_top1000",0.111738040790533,"Homeostatic/regulatory fibroblasts","N387690","Normal"
"N387690_CELL19154_N1","program_DE_top1000",0.593029061400659,"Homeostatic/regulatory fibroblasts","N387690","Normal"
"N387690_CELL19367_N1","program_DE_top1000",0.334468341376478,"Homeostatic/regulatory fibroblasts","N387690","Normal"
"N387690_CELL19370_N1","program_DE_top1000",0.33148497800983,"Homeostatic/regulatory fibroblasts","N387690","Normal"
"N387690_CELL19514_N1","program_DE_top1000",0.472503096432099,"Homeostatic/regulatory fibroblasts","N387690","Normal"
"N387690_CELL19986_N1","program_DE_top1000",6.04108273498812,"Homeostatic/regulatory fibroblasts","N387690","Normal"
"N387690_CELL20338_N1","program_DE_top1000",0.511505028461213,"Homeostatic/regulatory fibroblasts","N387690","Normal"
"N387690_CELL20382_N1","program_DE_top1000",8.32714552075828,"Homeostatic/regulatory fibroblasts","N387690","Normal"
"N387690_CELL20593_N1","program_DE_top1000",0.540368437901535,"ECM-producing fibroblasts","N387690","Normal"
"N387690_CELL20615_N1","program_DE_top1000",0.444545152363749,"Homeostatic/regulatory fibroblasts","N387690","Normal"
"N387690_CELL20716_N1","program_DE_top1000",0.187431603543149,"Homeostatic/regulatory fibroblasts","N387690","Normal"
"N387690_CELL20809_N1","program_DE_top1000",0.143313007547224,"Homeostatic/regulatory fibroblasts","N387690","Normal"
"N387690_CELL20890_N1","program_DE_top1000",0.34581667104107,"Homeostatic/regulatory fibroblasts","N387690","Normal"
"N387690_CELL20940_N1","program_DE_top1000",3.32394557025433,"Homeostatic/regulatory fibroblasts","N387690","Normal"
"N387690_CELL20959_N1","program_DE_top1000",0.469771521676128,"Homeostatic/regulatory fibroblasts","N387690","Normal"
"N387690_CELL21237_N1","program_DE_top1000",0.580257995834722,"Homeostatic/regulatory fibroblasts","N387690","Normal"
"N387690_CELL21242_N1","program_DE_top1000",0.348471899719451,"Homeostatic/regulatory fibroblasts","N387690","Normal"
"N387690_CELL21451_N1","program_DE_top1000",0.393032144646131,"Homeostatic/regulatory fibroblasts","N387690","Normal"
"N387690_CELL21567_N1","program_DE_top1000",0.384867454570359,"Homeostatic/regulatory fibroblasts","N387690","Normal"
"N387690_CELL21636_N1","program_DE_top1000",0.602408004375455,"Homeostatic/regulatory fibroblasts","N387690","Normal"
"N387690_CELL21668_N1","program_DE_top1000",0.338835307958162,"ECM-producing fibroblasts","N387690","Normal"
"N387690_CELL21788_N1","program_DE_top1000",0.585773204388018,"Homeostatic/regulatory fibroblasts","N387690","Normal"
"N387690_CELL22185_N1","program_DE_top1000",0.446917330026274,"Homeostatic/regulatory fibroblasts","N387690","Normal"
"N387690_CELL22358_N1","program_DE_top1000",0.520862209189672,"Homeostatic/regulatory fibroblasts","N387690","Normal"
"N387690_CELL22399_N1","program_DE_top1000",0.645546158531536,"Homeostatic/regulatory fibroblasts","N387690","Normal"
"N387690_CELL22433_N1","program_DE_top1000",0.299363474664189,"ECM-producing fibroblasts","N387690","Normal"
"N387690_CELL22642_N1","program_DE_top1000",0.435054583540287,"Homeostatic/regulatory fibroblasts","N387690","Normal"
"N387690_CELL22657_N1","program_DE_top1000",0.0359363332999897,"Homeostatic/regulatory fibroblasts","N387690","Normal"
"N387690_CELL22759_N1","program_DE_top1000",0.379590399374051,"Homeostatic/regulatory fibroblasts","N387690","Normal"
"N387690_CELL22827_N1","program_DE_top1000",0.463896309345093,"ECM-producing fibroblasts","N387690","Normal"
"N387690_CELL22936_N1","program_DE_top1000",0.264749804195446,"Homeostatic/regulatory fibroblasts","N387690","Normal"
"N387690_CELL22944_N1","program_DE_top1000",0.205220546704538,"Homeostatic/regulatory fibroblasts","N387690","Normal"
"N387690_CELL23098_N1","program_DE_top1000",0.464758708301658,"Homeostatic/regulatory fibroblasts","N387690","Normal"
"N387690_CELL23353_N1","program_DE_top1000",3.53612708353829,"Homeostatic/regulatory fibroblasts","N387690","Normal"
"N387690_CELL23365_N1","program_DE_top1000",0.377891631102178,"Homeostatic/regulatory fibroblasts","N387690","Normal"
"N387690_CELL23371_N1","program_DE_top1000",0.47062478189601,"Homeostatic/regulatory fibroblasts","N387690","Normal"
"N387690_CELL23678_N1","program_DE_top1000",0.249740907213914,"Homeostatic/regulatory fibroblasts","N387690","Normal"
"N387690_CELL23683_N1","program_DE_top1000",0.357326474618854,"Homeostatic/regulatory fibroblasts","N387690","Normal"
"N387690_CELL23687_N1","program_DE_top1000",0.5822310654018,"Homeostatic/regulatory fibroblasts","N387690","Normal"
"N387690_CELL23969_N1","program_DE_top1000",0.529218099322056,"ECM-producing fibroblasts","N387690","Normal"
"N387690_CELL24223_N1","program_DE_top1000",0.457599018694369,"ECM-producing fibroblasts","N387690","Normal"
"N387690_CELL24463_N1","program_DE_top1000",5.37044809946793,"Homeostatic/regulatory fibroblasts","N387690","Normal"
"N387690_CELL24542_N1","program_DE_top1000",0.44730710545514,"Homeostatic/regulatory fibroblasts","N387690","Normal"
"N387690_CELL24571_N1","program_DE_top1000",0.288799875335551,"Homeostatic/regulatory fibroblasts","N387690","Normal"
"N387690_CELL24707_N1","program_DE_top1000",0.372918179504048,"Homeostatic/regulatory fibroblasts","N387690","Normal"
"N387690_CELL24811_N1","program_DE_top1000",0.467314267049169,"Homeostatic/regulatory fibroblasts","N387690","Normal"
"N387690_CELL24914_N1","program_DE_top1000",0.42420480384749,"Homeostatic/regulatory fibroblasts","N387690","Normal"
"N387690_CELL25178_N1","program_DE_top1000",0.190322291668387,"Homeostatic/regulatory fibroblasts","N387690","Normal"
"N387690_CELL25306_N1","program_DE_top1000",0.165370953084106,"Homeostatic/regulatory fibroblasts","N387690","Normal"
"N387690_CELL25358_N1","program_DE_top1000",0.477605868126211,"Homeostatic/regulatory fibroblasts","N387690","Normal"
"N387690_CELL25461_N1","program_DE_top1000",0.566528335123579,"Homeostatic/regulatory fibroblasts","N387690","Normal"
"N387690_CELL25723_N1","program_DE_top1000",0.543196600636953,"Homeostatic/regulatory fibroblasts","N387690","Normal"
"N387690_CELL25737_N1","program_DE_top1000",4.14112130364599,"Homeostatic/regulatory fibroblasts","N387690","Normal"
"N387690_CELL26286_N1","program_DE_top1000",2.61805697787071,"Homeostatic/regulatory fibroblasts","N387690","Normal"
"N387690_CELL26358_N1","program_DE_top1000",2.3201325545453,"Homeostatic/regulatory fibroblasts","N387690","Normal"
"N387690_CELL26373_N1","program_DE_top1000",0.468595746862283,"Homeostatic/regulatory fibroblasts","N387690","Normal"
"N387690_CELL26375_N1","program_DE_top1000",0.518959247682353,"Homeostatic/regulatory fibroblasts","N387690","Normal"
"N387690_CELL26376_N1","program_DE_top1000",7.1545287019234,"Homeostatic/regulatory fibroblasts","N387690","Normal"
"N387690_CELL27004_N1","program_DE_top1000",0.415693406492501,"Homeostatic/regulatory fibroblasts","N387690","Normal"
"N387690_CELL27171_N1","program_DE_top1000",0.468045251926551,"Homeostatic/regulatory fibroblasts","N387690","Normal"
"N387690_CELL27178_N1","program_DE_top1000",0.341484707567864,"Homeostatic/regulatory fibroblasts","N387690","Normal"
"N387690_CELL27194_N1","program_DE_top1000",11.9425422814201,"ECM-producing fibroblasts","N387690","Normal"
"N387690_CELL27266_N1","program_DE_top1000",4.22472793116919,"ECM-producing fibroblasts","N387690","Normal"
"N387690_CELL27307_N1","program_DE_top1000",0.404567829911971,"ECM-producing fibroblasts","N387690","Normal"
"N387690_CELL27560_N1","program_DE_top1000",7.04965725688261,"ECM-producing fibroblasts","N387690","Normal"
"N387690_CELL27569_N1","program_DE_top1000",0.923261645852134,"Homeostatic/regulatory fibroblasts","N387690","Normal"
"N387690_CELL27976_N1","program_DE_top1000",0.516975355279029,"Homeostatic/regulatory fibroblasts","N387690","Normal"
"N387690_CELL28594_N1","program_DE_top1000",4.0416190369356,"Homeostatic/regulatory fibroblasts","N387690","Normal"
"K183156_CELL11_N5","program_DE_all1586",21.9053075087703,"ECM-producing fibroblasts","K183156","Keloid"
"K183156_CELL43_N2","program_DE_all1586",20.9010744280011,"ECM-producing fibroblasts","K183156","Keloid"
"K183156_CELL63_N3","program_DE_all1586",20.08026066242,"ECM-producing fibroblasts","K183156","Keloid"
"K183156_CELL134_N2","program_DE_all1586",13.4641732905075,"Matrix-remodeling fibroblasts","K183156","Keloid"
"K183156_CELL147_N3","program_DE_all1586",20.220455164079,"ECM-producing fibroblasts","K183156","Keloid"
"K183156_CELL197_N3","program_DE_all1586",20.0231132429108,"ECM-producing fibroblasts","K183156","Keloid"
"K183156_CELL217_N3","program_DE_all1586",0.0692007070414947,"Homeostatic/regulatory fibroblasts","K183156","Keloid"
"K183156_CELL243_N4","program_DE_all1586",20.3298404500887,"ECM-producing fibroblasts","K183156","Keloid"
"K183156_CELL256_N5","program_DE_all1586",16.8484785539895,"ECM-producing fibroblasts","K183156","Keloid"
"K183156_CELL258_N5","program_DE_all1586",20.1512911703078,"Matrix-remodeling fibroblasts","K183156","Keloid"
"K183156_CELL273_N2","program_DE_all1586",17.7490526903791,"ECM-producing fibroblasts","K183156","Keloid"
"K183156_CELL281_N1","program_DE_all1586",19.8063741440634,"ECM-producing fibroblasts","K183156","Keloid"
"K183156_CELL353_N3","program_DE_all1586",20.2041308296835,"ECM-producing fibroblasts","K183156","Keloid"
"K183156_CELL373_N3","program_DE_all1586",20.2662194424814,"Matrix-remodeling fibroblasts","K183156","Keloid"
"K183156_CELL433_N4","program_DE_all1586",20.5682384291951,"ECM-producing fibroblasts","K183156","Keloid"
"K183156_CELL466_N2","program_DE_all1586",17.0601667660655,"Homeostatic/regulatory fibroblasts","K183156","Keloid"
"K183156_CELL470_N2","program_DE_all1586",19.8586426596874,"ECM-producing fibroblasts","K183156","Keloid"
"K183156_CELL473_N1","program_DE_all1586",20.1247846473533,"Matrix-remodeling fibroblasts","K183156","Keloid"
"K183156_CELL484_N2","program_DE_all1586",15.100475029879,"ECM-producing fibroblasts","K183156","Keloid"
"K183156_CELL499_N3","program_DE_all1586",20.1676782177243,"Matrix-remodeling fibroblasts","K183156","Keloid"
"K183156_CELL545_N2","program_DE_all1586",20.5148668642486,"ECM-producing fibroblasts","K183156","Keloid"
"K183156_CELL561_N7","program_DE_all1586",20.3726180016053,"Matrix-remodeling fibroblasts","K183156","Keloid"
"K183156_CELL638_N2","program_DE_all1586",17.4294719641692,"Homeostatic/regulatory fibroblasts","K183156","Keloid"
"K183156_CELL644_N4","program_DE_all1586",20.532456584642,"ECM-producing fibroblasts","K183156","Keloid"
"K183156_CELL654_N3","program_DE_all1586",20.0195654391516,"ECM-producing fibroblasts","K183156","Keloid"
"K183156_CELL673_N2","program_DE_all1586",20.0778433371189,"ECM-producing fibroblasts","K183156","Keloid"
"K183156_CELL691_N4","program_DE_all1586",16.1370492574598,"ECM-producing fibroblasts","K183156","Keloid"
"K183156_CELL708_N3","program_DE_all1586",20.1304858738827,"ECM-producing fibroblasts","K183156","Keloid"
"K183156_CELL755_N3","program_DE_all1586",20.3760848936563,"ECM-producing fibroblasts","K183156","Keloid"
"K183156_CELL762_N2","program_DE_all1586",19.7359092311966,"Homeostatic/regulatory fibroblasts","K183156","Keloid"
"K183156_CELL765_N2","program_DE_all1586",21.7672682437106,"ECM-producing fibroblasts","K183156","Keloid"
"K183156_CELL793_N2","program_DE_all1586",20.4654103047042,"ECM-producing fibroblasts","K183156","Keloid"
"K183156_CELL820_N3","program_DE_all1586",19.4808722448287,"Matrix-remodeling fibroblasts","K183156","Keloid"
"K183156_CELL890_N3","program_DE_all1586",19.1100015159174,"Matrix-remodeling fibroblasts","K183156","Keloid"
"K183156_CELL928_N4","program_DE_all1586",15.1158366938573,"ECM-producing fibroblasts","K183156","Keloid"
"K183156_CELL962_N3","program_DE_all1586",20.0427933338398,"Matrix-remodeling fibroblasts","K183156","Keloid"
"K183156_CELL1019_N5","program_DE_all1586",20.3103282904936,"ECM-producing fibroblasts","K183156","Keloid"
"K183156_CELL1056_N3","program_DE_all1586",19.2815872475718,"ECM-producing fibroblasts","K183156","Keloid"
"K183156_CELL1080_N2","program_DE_all1586",18.4728028853383,"Homeostatic/regulatory fibroblasts","K183156","Keloid"
"K183156_CELL1105_N3","program_DE_all1586",20.5852201643743,"ECM-producing fibroblasts","K183156","Keloid"
"K183156_CELL1129_N3","program_DE_all1586",19.9048528594638,"Matrix-remodeling fibroblasts","K183156","Keloid"
"K183156_CELL1265_N5","program_DE_all1586",20.0039292114908,"ECM-producing fibroblasts","K183156","Keloid"
"K183156_CELL1278_N2","program_DE_all1586",19.9476869695123,"Matrix-remodeling fibroblasts","K183156","Keloid"
"K183156_CELL1314_N3","program_DE_all1586",20.1145250402455,"Matrix-remodeling fibroblasts","K183156","Keloid"
"K183156_CELL1374_N4","program_DE_all1586",22.6235628266543,"ECM-producing fibroblasts","K183156","Keloid"
"K183156_CELL1393_N6","program_DE_all1586",20.4456335732659,"ECM-producing fibroblasts","K183156","Keloid"
"K183156_CELL1402_N2","program_DE_all1586",20.1330879932663,"ECM-producing fibroblasts","K183156","Keloid"
"K183156_CELL1420_N2","program_DE_all1586",17.1419751796197,"Homeostatic/regulatory fibroblasts","K183156","Keloid"
"K183156_CELL1441_N5","program_DE_all1586",16.4450787525376,"ECM-producing fibroblasts","K183156","Keloid"
"K183156_CELL1444_N2","program_DE_all1586",14.160106506314,"ECM-producing fibroblasts","K183156","Keloid"
"K183156_CELL1454_N2","program_DE_all1586",0.361510540045999,"Homeostatic/regulatory fibroblasts","K183156","Keloid"
"K183156_CELL1489_N5","program_DE_all1586",10.8026042783062,"ECM-producing fibroblasts","K183156","Keloid"
"K183156_CELL1614_N2","program_DE_all1586",20.0715018489784,"Matrix-remodeling fibroblasts","K183156","Keloid"
"K183156_CELL1662_N2","program_DE_all1586",20.1122013396867,"ECM-producing fibroblasts","K183156","Keloid"
"K183156_CELL1675_N4","program_DE_all1586",20.4225577383047,"ECM-producing fibroblasts","K183156","Keloid"
"K183156_CELL1694_N3","program_DE_all1586",20.5299840659912,"Homeostatic/regulatory fibroblasts","K183156","Keloid"
"K183156_CELL1727_N2","program_DE_all1586",20.3365088196223,"Matrix-remodeling fibroblasts","K183156","Keloid"
"K183156_CELL1729_N3","program_DE_all1586",21.8253988127328,"ECM-producing fibroblasts","K183156","Keloid"
"K183156_CELL1811_N3","program_DE_all1586",20.1579901115216,"ECM-producing fibroblasts","K183156","Keloid"
"K183156_CELL1827_N2","program_DE_all1586",17.1382923252038,"ECM-producing fibroblasts","K183156","Keloid"
"K183156_CELL1828_N6","program_DE_all1586",20.0702017141584,"ECM-producing fibroblasts","K183156","Keloid"
"K183156_CELL1884_N3","program_DE_all1586",20.0792714727471,"ECM-producing fibroblasts","K183156","Keloid"
"K183156_CELL1943_N4","program_DE_all1586",20.4687620788487,"ECM-producing fibroblasts","K183156","Keloid"
"K183156_CELL1957_N2","program_DE_all1586",20.2007926991801,"Matrix-remodeling fibroblasts","K183156","Keloid"
"K183156_CELL1963_N3","program_DE_all1586",21.8439687313012,"ECM-producing fibroblasts","K183156","Keloid"
"K183156_CELL1973_N3","program_DE_all1586",13.5615972788524,"Homeostatic/regulatory fibroblasts","K183156","Keloid"
"K183156_CELL1979_N4","program_DE_all1586",20.0090019360074,"Matrix-remodeling fibroblasts","K183156","Keloid"
"K183156_CELL2019_N4","program_DE_all1586",20.2428103789953,"ECM-producing fibroblasts","K183156","Keloid"
"K183156_CELL2048_N3","program_DE_all1586",20.3286360028139,"ECM-producing fibroblasts","K183156","Keloid"
"K183156_CELL2078_N2","program_DE_all1586",19.7032708050042,"ECM-producing fibroblasts","K183156","Keloid"
"K183156_CELL2081_N2","program_DE_all1586",22.2574389916426,"ECM-producing fibroblasts","K183156","Keloid"
"K183156_CELL2091_N3","program_DE_all1586",18.0239507998803,"ECM-producing fibroblasts","K183156","Keloid"
"K183156_CELL2113_N3","program_DE_all1586",20.2780514537142,"Matrix-remodeling fibroblasts","K183156","Keloid"
"K183156_CELL2138_N3","program_DE_all1586",16.1218674025255,"ECM-producing fibroblasts","K183156","Keloid"
"K183156_CELL2159_N5","program_DE_all1586",20.2234792272032,"ECM-producing fibroblasts","K183156","Keloid"
"K183156_CELL2178_N3","program_DE_all1586",20.1163942323442,"Matrix-remodeling fibroblasts","K183156","Keloid"
"K183156_CELL2231_N4","program_DE_all1586",19.3713912411966,"Homeostatic/regulatory fibroblasts","K183156","Keloid"
"K183156_CELL2242_N2","program_DE_all1586",20.3812339058733,"ECM-producing fibroblasts","K183156","Keloid"
"K183156_CELL2337_N3","program_DE_all1586",18.2069263291156,"ECM-producing fibroblasts","K183156","Keloid"
"K183156_CELL2359_N3","program_DE_all1586",19.8365075339453,"ECM-producing fibroblasts","K183156","Keloid"
"K183156_CELL2371_N2","program_DE_all1586",20.1675520459803,"ECM-producing fibroblasts","K183156","Keloid"
"K183156_CELL2428_N2","program_DE_all1586",20.1775266030197,"Matrix-remodeling fibroblasts","K183156","Keloid"
"K183156_CELL2433_N2","program_DE_all1586",19.8568044937363,"Matrix-remodeling fibroblasts","K183156","Keloid"
"K183156_CELL2447_N3","program_DE_all1586",22.6970650037149,"ECM-producing fibroblasts","K183156","Keloid"
"K183156_CELL2454_N4","program_DE_all1586",13.8583953611101,"Matrix-remodeling fibroblasts","K183156","Keloid"
"K183156_CELL2473_N2","program_DE_all1586",21.9979608315344,"ECM-producing fibroblasts","K183156","Keloid"
"K183156_CELL2499_N3","program_DE_all1586",19.9700782784426,"ECM-producing fibroblasts","K183156","Keloid"
"K183156_CELL2529_N3","program_DE_all1586",19.9001556159166,"ECM-producing fibroblasts","K183156","Keloid"
"K183156_CELL2551_N2","program_DE_all1586",0.411279578487972,"Homeostatic/regulatory fibroblasts","K183156","Keloid"
"K183156_CELL2555_N3","program_DE_all1586",20.1048375037976,"ECM-producing fibroblasts","K183156","Keloid"
"K183156_CELL2620_N2","program_DE_all1586",20.046878525328,"ECM-producing fibroblasts","K183156","Keloid"
"K183156_CELL2649_N3","program_DE_all1586",20.2112008459274,"ECM-producing fibroblasts","K183156","Keloid"
"K183156_CELL2658_N3","program_DE_all1586",20.253797816859,"ECM-producing fibroblasts","K183156","Keloid"
"K183156_CELL2748_N3","program_DE_all1586",20.2460763236014,"ECM-producing fibroblasts","K183156","Keloid"
"K183156_CELL2769_N3","program_DE_all1586",20.3881329285383,"ECM-producing fibroblasts","K183156","Keloid"
"K183156_CELL2775_N2","program_DE_all1586",13.02489731373,"Matrix-remodeling fibroblasts","K183156","Keloid"
"K183156_CELL2778_N4","program_DE_all1586",19.9334922774613,"Matrix-remodeling fibroblasts","K183156","Keloid"
"K183156_CELL2827_N2","program_DE_all1586",20.046506533768,"ECM-producing fibroblasts","K183156","Keloid"
"K183156_CELL2846_N2","program_DE_all1586",11.5161614023641,"ECM-producing fibroblasts","K183156","Keloid"
"K183156_CELL2938_N4","program_DE_all1586",10.3501112964554,"ECM-producing fibroblasts","K183156","Keloid"
"K183156_CELL2945_N4","program_DE_all1586",20.3579295817207,"Matrix-remodeling fibroblasts","K183156","Keloid"
"K183156_CELL2946_N3","program_DE_all1586",22.3467587706428,"ECM-producing fibroblasts","K183156","Keloid"
"K183156_CELL2958_N2","program_DE_all1586",11.8969158348482,"Matrix-remodeling fibroblasts","K183156","Keloid"
"K183156_CELL2981_N2","program_DE_all1586",17.8136639611906,"ECM-producing fibroblasts","K183156","Keloid"
"K183156_CELL2982_N2","program_DE_all1586",18.6578729366153,"Matrix-remodeling fibroblasts","K183156","Keloid"
"K183156_CELL3016_N5","program_DE_all1586",19.8728325625905,"ECM-producing fibroblasts","K183156","Keloid"
"K183156_CELL3046_N3","program_DE_all1586",18.6566119788239,"ECM-producing fibroblasts","K183156","Keloid"
"K183156_CELL3060_N2","program_DE_all1586",19.9680836947272,"Matrix-remodeling fibroblasts","K183156","Keloid"
"K183156_CELL3087_N5","program_DE_all1586",19.9447809510938,"ECM-producing fibroblasts","K183156","Keloid"
"K183156_CELL3120_N2","program_DE_all1586",19.5426394707888,"Matrix-remodeling fibroblasts","K183156","Keloid"
"K183156_CELL3150_N3","program_DE_all1586",20.1306043048041,"Matrix-remodeling fibroblasts","K183156","Keloid"
"K183156_CELL3175_N3","program_DE_all1586",19.8327002623409,"Matrix-remodeling fibroblasts","K183156","Keloid"
"K183156_CELL3188_N3","program_DE_all1586",20.0645933527596,"Matrix-remodeling fibroblasts","K183156","Keloid"
"K183156_CELL3213_N3","program_DE_all1586",16.8559935646263,"Homeostatic/regulatory fibroblasts","K183156","Keloid"
"K183156_CELL3229_N6","program_DE_all1586",14.4912472468043,"ECM-producing fibroblasts","K183156","Keloid"
"K183156_CELL3282_N3","program_DE_all1586",15.9843544539713,"Homeostatic/regulatory fibroblasts","K183156","Keloid"
"K183156_CELL3331_N2","program_DE_all1586",15.678973152066,"ECM-producing fibroblasts","K183156","Keloid"
"K183156_CELL3334_N3","program_DE_all1586",21.3036809669795,"ECM-producing fibroblasts","K183156","Keloid"
"K183156_CELL3366_N2","program_DE_all1586",4.40077573745902,"Homeostatic/regulatory fibroblasts","K183156","Keloid"
"K183156_CELL3417_N2","program_DE_all1586",21.2959069279093,"ECM-producing fibroblasts","K183156","Keloid"
"K183156_CELL3422_N3","program_DE_all1586",17.5462473400235,"Matrix-remodeling fibroblasts","K183156","Keloid"
"K183156_CELL3434_N3","program_DE_all1586",20.4607336595898,"ECM-producing fibroblasts","K183156","Keloid"
"K183156_CELL3519_N5","program_DE_all1586",17.0122060079171,"Homeostatic/regulatory fibroblasts","K183156","Keloid"
"K183156_CELL3538_N3","program_DE_all1586",18.2027951334784,"Homeostatic/regulatory fibroblasts","K183156","Keloid"
"K183156_CELL3547_N3","program_DE_all1586",20.0107824153612,"Homeostatic/regulatory fibroblasts","K183156","Keloid"
"K183156_CELL3560_N3","program_DE_all1586",20.3155349335815,"ECM-producing fibroblasts","K183156","Keloid"
"K183156_CELL3568_N2","program_DE_all1586",21.2026124911754,"Homeostatic/regulatory fibroblasts","K183156","Keloid"
"K183156_CELL3584_N2","program_DE_all1586",20.2006779239381,"Matrix-remodeling fibroblasts","K183156","Keloid"
"K183156_CELL3589_N9","program_DE_all1586",19.8778715712547,"ECM-producing fibroblasts","K183156","Keloid"
"K183156_CELL3599_N2","program_DE_all1586",19.934849006611,"ECM-producing fibroblasts","K183156","Keloid"
"K183156_CELL3618_N2","program_DE_all1586",20.8568020229951,"ECM-producing fibroblasts","K183156","Keloid"
"K183156_CELL3629_N3","program_DE_all1586",19.2494333669912,"Matrix-remodeling fibroblasts","K183156","Keloid"
"K183156_CELL3682_N6","program_DE_all1586",20.1358904264956,"ECM-producing fibroblasts","K183156","Keloid"
"K183156_CELL3787_N2","program_DE_all1586",21.8425299156953,"ECM-producing fibroblasts","K183156","Keloid"
"K183156_CELL3796_N4","program_DE_all1586",19.7604034621656,"Homeostatic/regulatory fibroblasts","K183156","Keloid"
"K183156_CELL3811_N2","program_DE_all1586",19.830195631978,"Matrix-remodeling fibroblasts","K183156","Keloid"
"K183156_CELL3836_N2","program_DE_all1586",20.3490069335206,"Matrix-remodeling fibroblasts","K183156","Keloid"
"K183156_CELL3983_N2","program_DE_all1586",21.599904874978,"ECM-producing fibroblasts","K183156","Keloid"
"K183156_CELL4036_N2","program_DE_all1586",17.9779791973289,"ECM-producing fibroblasts","K183156","Keloid"
"K183156_CELL4044_N2","program_DE_all1586",20.1069598071486,"Matrix-remodeling fibroblasts","K183156","Keloid"
"K183156_CELL4087_N4","program_DE_all1586",20.400886759463,"ECM-producing fibroblasts","K183156","Keloid"
"K183156_CELL4095_N2","program_DE_all1586",17.7630976676415,"Homeostatic/regulatory fibroblasts","K183156","Keloid"
"K183156_CELL4111_N2","program_DE_all1586",10.5024442971674,"Matrix-remodeling fibroblasts","K183156","Keloid"
"K183156_CELL4181_N4","program_DE_all1586",19.9789787056887,"ECM-producing fibroblasts","K183156","Keloid"
"K183156_CELL4245_N2","program_DE_all1586",20.0026663273062,"ECM-producing fibroblasts","K183156","Keloid"
"K183156_CELL4250_N2","program_DE_all1586",22.2571256593784,"ECM-producing fibroblasts","K183156","Keloid"
"K183156_CELL4256_N3","program_DE_all1586",11.8745373870825,"Matrix-remodeling fibroblasts","K183156","Keloid"
"K183156_CELL4302_N4","program_DE_all1586",21.3689664573967,"ECM-producing fibroblasts","K183156","Keloid"
"K183156_CELL4321_N3","program_DE_all1586",19.9402588864453,"Matrix-remodeling fibroblasts","K183156","Keloid"
"K183156_CELL4352_N2","program_DE_all1586",19.9436607407228,"Matrix-remodeling fibroblasts","K183156","Keloid"
"K183156_CELL4353_N3","program_DE_all1586",20.2449262690795,"Matrix-remodeling fibroblasts","K183156","Keloid"
"K183156_CELL4414_N2","program_DE_all1586",6.76401727664826,"Homeostatic/regulatory fibroblasts","K183156","Keloid"
"K183156_CELL4417_N4","program_DE_all1586",12.8581668471321,"Matrix-remodeling fibroblasts","K183156","Keloid"
"K183156_CELL4525_N2","program_DE_all1586",19.0647604179729,"ECM-producing fibroblasts","K183156","Keloid"
"K183156_CELL4527_N2","program_DE_all1586",20.1501020100093,"Matrix-remodeling fibroblasts","K183156","Keloid"
"K183156_CELL4530_N2","program_DE_all1586",20.9921546965082,"ECM-producing fibroblasts","K183156","Keloid"
"K183156_CELL4548_N2","program_DE_all1586",20.0770161886487,"ECM-producing fibroblasts","K183156","Keloid"
"K183156_CELL4592_N3","program_DE_all1586",22.195841505917,"ECM-producing fibroblasts","K183156","Keloid"
"K183156_CELL4602_N2","program_DE_all1586",19.895994987448,"ECM-producing fibroblasts","K183156","Keloid"
"K183156_CELL4661_N3","program_DE_all1586",19.9666091608138,"ECM-producing fibroblasts","K183156","Keloid"
"K183156_CELL4664_N3","program_DE_all1586",20.009448684959,"Matrix-remodeling fibroblasts","K183156","Keloid"
"K183156_CELL4670_N2","program_DE_all1586",19.8918569268016,"Matrix-remodeling fibroblasts","K183156","Keloid"
"K183156_CELL4716_N2","program_DE_all1586",16.384168052434,"ECM-producing fibroblasts","K183156","Keloid"
"K183156_CELL4735_N2","program_DE_all1586",20.1368252480492,"Homeostatic/regulatory fibroblasts","K183156","Keloid"
"K183156_CELL4737_N2","program_DE_all1586",15.1186565270278,"ECM-producing fibroblasts","K183156","Keloid"
"K183156_CELL4769_N2","program_DE_all1586",15.9377259192308,"ECM-producing fibroblasts","K183156","Keloid"
"K183156_CELL4774_N4","program_DE_all1586",8.22729293610446,"ECM-producing fibroblasts","K183156","Keloid"
"K183156_CELL4785_N3","program_DE_all1586",20.0907520254148,"ECM-producing fibroblasts","K183156","Keloid"
"K183156_CELL4832_N2","program_DE_all1586",18.1250388274515,"Matrix-remodeling fibroblasts","K183156","Keloid"
"K183156_CELL4864_N4","program_DE_all1586",20.2752707279248,"ECM-producing fibroblasts","K183156","Keloid"
"K183156_CELL4890_N2","program_DE_all1586",0.390977946372244,"Homeostatic/regulatory fibroblasts","K183156","Keloid"
"K183156_CELL4903_N1","program_DE_all1586",19.9259936147434,"ECM-producing fibroblasts","K183156","Keloid"
"K183156_CELL4906_N2","program_DE_all1586",14.8493686939657,"ECM-producing fibroblasts","K183156","Keloid"
"K183156_CELL4926_N5","program_DE_all1586",15.2603240485761,"ECM-producing fibroblasts","K183156","Keloid"
"K183156_CELL4970_N3","program_DE_all1586",20.4566190507622,"ECM-producing fibroblasts","K183156","Keloid"
"K183156_CELL5033_N2","program_DE_all1586",19.7475421278582,"Homeostatic/regulatory fibroblasts","K183156","Keloid"
"K183156_CELL5062_N2","program_DE_all1586",20.1236583569215,"ECM-producing fibroblasts","K183156","Keloid"
"K183156_CELL5063_N3","program_DE_all1586",20.2647190727486,"Matrix-remodeling fibroblasts","K183156","Keloid"
"K183156_CELL5156_N2","program_DE_all1586",20.0622777598993,"ECM-producing fibroblasts","K183156","Keloid"
"K183156_CELL5164_N2","program_DE_all1586",13.9786813091522,"Matrix-remodeling fibroblasts","K183156","Keloid"
"K183156_CELL5178_N2","program_DE_all1586",21.2147232108902,"ECM-producing fibroblasts","K183156","Keloid"
"K183156_CELL5230_N3","program_DE_all1586",17.3280389984769,"ECM-producing fibroblasts","K183156","Keloid"
"K183156_CELL5234_N3","program_DE_all1586",17.1768067699475,"Homeostatic/regulatory fibroblasts","K183156","Keloid"
"K183156_CELL5237_N4","program_DE_all1586",20.0675348494474,"ECM-producing fibroblasts","K183156","Keloid"
"K183156_CELL5261_N4","program_DE_all1586",19.8980409942112,"ECM-producing fibroblasts","K183156","Keloid"
"K183156_CELL5282_N4","program_DE_all1586",20.1615136837239,"ECM-producing fibroblasts","K183156","Keloid"
"K183156_CELL5296_N5","program_DE_all1586",20.2693403325895,"ECM-producing fibroblasts","K183156","Keloid"
"K183156_CELL5331_N2","program_DE_all1586",19.753417477939,"ECM-producing fibroblasts","K183156","Keloid"
"K183156_CELL5391_N3","program_DE_all1586",20.3359356962183,"ECM-producing fibroblasts","K183156","Keloid"
"K183156_CELL5395_N2","program_DE_all1586",0.391184026686953,"Homeostatic/regulatory fibroblasts","K183156","Keloid"
"K183156_CELL5401_N4","program_DE_all1586",10.8798959759645,"ECM-producing fibroblasts","K183156","Keloid"
"K183156_CELL5416_N2","program_DE_all1586",20.3674167788199,"Matrix-remodeling fibroblasts","K183156","Keloid"
"K183156_CELL5429_N3","program_DE_all1586",18.3143294095685,"ECM-producing fibroblasts","K183156","Keloid"
"K183156_CELL5448_N5","program_DE_all1586",20.4457741316963,"Matrix-remodeling fibroblasts","K183156","Keloid"
"K183156_CELL5527_N1","program_DE_all1586",10.7983639435119,"ECM-producing fibroblasts","K183156","Keloid"
"K183156_CELL5538_N3","program_DE_all1586",19.9150892403744,"ECM-producing fibroblasts","K183156","Keloid"
"K183156_CELL5560_N2","program_DE_all1586",20.0646420173935,"Matrix-remodeling fibroblasts","K183156","Keloid"
"K183156_CELL5595_N2","program_DE_all1586",20.0921395963936,"Matrix-remodeling fibroblasts","K183156","Keloid"
"K183156_CELL5657_N3","program_DE_all1586",20.0363459748021,"Matrix-remodeling fibroblasts","K183156","Keloid"
"K183156_CELL5696_N2","program_DE_all1586",15.1917890994575,"ECM-producing fibroblasts","K183156","Keloid"
"K183156_CELL5725_N2","program_DE_all1586",20.0140211858073,"ECM-producing fibroblasts","K183156","Keloid"
"K183156_CELL5765_N2","program_DE_all1586",19.9136580230793,"ECM-producing fibroblasts","K183156","Keloid"
"K183156_CELL5796_N2","program_DE_all1586",19.8415183189634,"ECM-producing fibroblasts","K183156","Keloid"
"K183156_CELL5802_N2","program_DE_all1586",19.9790048803414,"ECM-producing fibroblasts","K183156","Keloid"
"K183156_CELL5859_N3","program_DE_all1586",20.010095297523,"Homeostatic/regulatory fibroblasts","K183156","Keloid"
"K183156_CELL5863_N2","program_DE_all1586",21.6363481951101,"ECM-producing fibroblasts","K183156","Keloid"
"K183156_CELL5864_N4","program_DE_all1586",18.8965601836933,"Matrix-remodeling fibroblasts","K183156","Keloid"
"K183156_CELL5889_N3","program_DE_all1586",19.8794050252698,"ECM-producing fibroblasts","K183156","Keloid"
"K183156_CELL5901_N2","program_DE_all1586",18.0178131127538,"Matrix-remodeling fibroblasts","K183156","Keloid"
"K183156_CELL5919_N2","program_DE_all1586",20.071791466087,"Homeostatic/regulatory fibroblasts","K183156","Keloid"
"K183156_CELL5921_N3","program_DE_all1586",17.0798703348091,"Matrix-remodeling fibroblasts","K183156","Keloid"
"K183156_CELL5930_N3","program_DE_all1586",22.1073791744356,"Homeostatic/regulatory fibroblasts","K183156","Keloid"
"K183156_CELL6004_N1","program_DE_all1586",15.9145893536354,"ECM-producing fibroblasts","K183156","Keloid"
"K183156_CELL6040_N2","program_DE_all1586",19.8489497394406,"Matrix-remodeling fibroblasts","K183156","Keloid"
"K183156_CELL6049_N2","program_DE_all1586",15.4538582850169,"ECM-producing fibroblasts","K183156","Keloid"
"K183156_CELL6069_N4","program_DE_all1586",20.4449426888924,"ECM-producing fibroblasts","K183156","Keloid"
"K183156_CELL6103_N3","program_DE_all1586",7.76001232401522,"ECM-producing fibroblasts","K183156","Keloid"
"K183156_CELL6123_N3","program_DE_all1586",0.505605989705708,"Homeostatic/regulatory fibroblasts","K183156","Keloid"
"K183156_CELL6165_N3","program_DE_all1586",0.32544677376608,"Homeostatic/regulatory fibroblasts","K183156","Keloid"
"K183156_CELL6200_N3","program_DE_all1586",20.1277600439336,"Matrix-remodeling fibroblasts","K183156","Keloid"
"K183156_CELL6202_N6","program_DE_all1586",20.2028511124358,"Matrix-remodeling fibroblasts","K183156","Keloid"
"K183156_CELL6203_N4","program_DE_all1586",18.1074247353322,"Homeostatic/regulatory fibroblasts","K183156","Keloid"
"K183156_CELL6238_N2","program_DE_all1586",8.41063000912171,"Matrix-remodeling fibroblasts","K183156","Keloid"
"K183156_CELL6255_N3","program_DE_all1586",20.2582502867834,"Matrix-remodeling fibroblasts","K183156","Keloid"
"K183156_CELL6300_N4","program_DE_all1586",19.068640595147,"ECM-producing fibroblasts","K183156","Keloid"
"K183156_CELL6303_N2","program_DE_all1586",0.431276528535351,"Homeostatic/regulatory fibroblasts","K183156","Keloid"
"K183156_CELL6336_N2","program_DE_all1586",18.6277512423617,"ECM-producing fibroblasts","K183156","Keloid"
"K183156_CELL6421_N1","program_DE_all1586",20.2003994375363,"ECM-producing fibroblasts","K183156","Keloid"
"K183156_CELL6484_N5","program_DE_all1586",19.9420283986501,"ECM-producing fibroblasts","K183156","Keloid"
"K183156_CELL6512_N3","program_DE_all1586",21.5715004968251,"ECM-producing fibroblasts","K183156","Keloid"
"K183156_CELL6587_N3","program_DE_all1586",21.7579181711525,"ECM-producing fibroblasts","K183156","Keloid"
"K183156_CELL6598_N2","program_DE_all1586",14.9010767146655,"Homeostatic/regulatory fibroblasts","K183156","Keloid"
"K183156_CELL6632_N3","program_DE_all1586",20.1583429020005,"ECM-producing fibroblasts","K183156","Keloid"
"K183156_CELL6661_N3","program_DE_all1586",18.7832416059411,"ECM-producing fibroblasts","K183156","Keloid"
"K183156_CELL6708_N2","program_DE_all1586",6.52727233833186,"Homeostatic/regulatory fibroblasts","K183156","Keloid"
"K183156_CELL6743_N3","program_DE_all1586",6.57655329453137,"Homeostatic/regulatory fibroblasts","K183156","Keloid"
"K183156_CELL6793_N2","program_DE_all1586",21.5798351543557,"ECM-producing fibroblasts","K183156","Keloid"
"K183156_CELL6846_N3","program_DE_all1586",20.0960592741843,"Matrix-remodeling fibroblasts","K183156","Keloid"
"K183156_CELL6847_N2","program_DE_all1586",20.1636017562264,"ECM-producing fibroblasts","K183156","Keloid"
"K183156_CELL6863_N2","program_DE_all1586",19.970164667919,"ECM-producing fibroblasts","K183156","Keloid"
"K183156_CELL6864_N2","program_DE_all1586",22.1361691533893,"ECM-producing fibroblasts","K183156","Keloid"
"K183156_CELL6877_N2","program_DE_all1586",13.4271998684453,"Homeostatic/regulatory fibroblasts","K183156","Keloid"
"K183156_CELL6880_N3","program_DE_all1586",20.308268481216,"ECM-producing fibroblasts","K183156","Keloid"
"K183156_CELL6895_N3","program_DE_all1586",20.1323559608307,"ECM-producing fibroblasts","K183156","Keloid"
"K183156_CELL6901_N2","program_DE_all1586",20.5615256367359,"ECM-producing fibroblasts","K183156","Keloid"
"K183156_CELL6934_N3","program_DE_all1586",19.6752498960832,"ECM-producing fibroblasts","K183156","Keloid"
"K183156_CELL6963_N2","program_DE_all1586",20.1784743314282,"Matrix-remodeling fibroblasts","K183156","Keloid"
"K183156_CELL7069_N2","program_DE_all1586",19.9646301344837,"Homeostatic/regulatory fibroblasts","K183156","Keloid"
"K183156_CELL7158_N2","program_DE_all1586",19.802666762643,"ECM-producing fibroblasts","K183156","Keloid"
"K183156_CELL7161_N2","program_DE_all1586",18.0347519201905,"Matrix-remodeling fibroblasts","K183156","Keloid"
"K183156_CELL7162_N1","program_DE_all1586",9.76546514323562,"Matrix-remodeling fibroblasts","K183156","Keloid"
"K183156_CELL7191_N2","program_DE_all1586",19.9840740518173,"Matrix-remodeling fibroblasts","K183156","Keloid"
"K183156_CELL7217_N4","program_DE_all1586",20.0060576245673,"ECM-producing fibroblasts","K183156","Keloid"
"K183156_CELL7304_N2","program_DE_all1586",19.951018199096,"Matrix-remodeling fibroblasts","K183156","Keloid"
"K183156_CELL7334_N1","program_DE_all1586",12.3919918259528,"ECM-producing fibroblasts","K183156","Keloid"
"K183156_CELL7359_N4","program_DE_all1586",13.8143715276098,"Matrix-remodeling fibroblasts","K183156","Keloid"
"K183156_CELL7363_N2","program_DE_all1586",8.55202200100279,"Homeostatic/regulatory fibroblasts","K183156","Keloid"
"K183156_CELL7392_N2","program_DE_all1586",19.8805025265877,"Homeostatic/regulatory fibroblasts","K183156","Keloid"
"K183156_CELL7395_N4","program_DE_all1586",19.9208481237642,"ECM-producing fibroblasts","K183156","Keloid"
"K183156_CELL7397_N3","program_DE_all1586",20.3021329317766,"Matrix-remodeling fibroblasts","K183156","Keloid"
"K183156_CELL7420_N2","program_DE_all1586",17.1488108329483,"Homeostatic/regulatory fibroblasts","K183156","Keloid"
"K183156_CELL7439_N2","program_DE_all1586",20.0381580605097,"Matrix-remodeling fibroblasts","K183156","Keloid"
"K183156_CELL7455_N5","program_DE_all1586",18.2623403115154,"Matrix-remodeling fibroblasts","K183156","Keloid"
"K183156_CELL7463_N3","program_DE_all1586",16.415825626723,"ECM-producing fibroblasts","K183156","Keloid"
"K183156_CELL7468_N3","program_DE_all1586",18.6266340417836,"Homeostatic/regulatory fibroblasts","K183156","Keloid"
"K183156_CELL7483_N2","program_DE_all1586",20.1656857420704,"ECM-producing fibroblasts","K183156","Keloid"
"K183156_CELL7486_N2","program_DE_all1586",17.9202085337671,"Matrix-remodeling fibroblasts","K183156","Keloid"
"K183156_CELL7503_N3","program_DE_all1586",21.2662893478489,"Homeostatic/regulatory fibroblasts","K183156","Keloid"
"K183156_CELL7515_N2","program_DE_all1586",20.057457500014,"ECM-producing fibroblasts","K183156","Keloid"
"K183156_CELL7536_N2","program_DE_all1586",20.1342229668888,"ECM-producing fibroblasts","K183156","Keloid"
"K183156_CELL7554_N2","program_DE_all1586",20.8198618211999,"ECM-producing fibroblasts","K183156","Keloid"
"K183156_CELL7586_N3","program_DE_all1586",18.4200211646334,"Matrix-remodeling fibroblasts","K183156","Keloid"
"K183156_CELL7640_N2","program_DE_all1586",19.8880823245541,"ECM-producing fibroblasts","K183156","Keloid"
"K183156_CELL7666_N2","program_DE_all1586",17.3449764432646,"ECM-producing fibroblasts","K183156","Keloid"
"K183156_CELL7691_N4","program_DE_all1586",11.5717024169792,"Homeostatic/regulatory fibroblasts","K183156","Keloid"
"K183156_CELL7755_N2","program_DE_all1586",20.1077767892281,"Matrix-remodeling fibroblasts","K183156","Keloid"
"K183156_CELL7814_N3","program_DE_all1586",20.3858078114875,"ECM-producing fibroblasts","K183156","Keloid"
"K183156_CELL7819_N2","program_DE_all1586",17.5807731509586,"ECM-producing fibroblasts","K183156","Keloid"
"K183156_CELL7822_N2","program_DE_all1586",8.49310001607544,"Matrix-remodeling fibroblasts","K183156","Keloid"
"K183156_CELL7832_N1","program_DE_all1586",20.2134370730873,"Matrix-remodeling fibroblasts","K183156","Keloid"
"K183156_CELL7842_N2","program_DE_all1586",19.9002664114371,"Matrix-remodeling fibroblasts","K183156","Keloid"
"K183156_CELL7844_N3","program_DE_all1586",12.731368598768,"Homeostatic/regulatory fibroblasts","K183156","Keloid"
"K183156_CELL7856_N2","program_DE_all1586",20.2381969404407,"ECM-producing fibroblasts","K183156","Keloid"
"K183156_CELL7863_N2","program_DE_all1586",19.9726435812976,"ECM-producing fibroblasts","K183156","Keloid"
"K183156_CELL7890_N3","program_DE_all1586",20.5741454600733,"Matrix-remodeling fibroblasts","K183156","Keloid"
"K183156_CELL7899_N3","program_DE_all1586",22.1725912032382,"ECM-producing fibroblasts","K183156","Keloid"
"K183156_CELL7912_N2","program_DE_all1586",20.4949961479471,"ECM-producing fibroblasts","K183156","Keloid"
"K183156_CELL7923_N4","program_DE_all1586",8.28216507993851,"Homeostatic/regulatory fibroblasts","K183156","Keloid"
"K183156_CELL7942_N2","program_DE_all1586",20.5004071923561,"ECM-producing fibroblasts","K183156","Keloid"
"K183156_CELL8057_N3","program_DE_all1586",19.6136626260265,"Matrix-remodeling fibroblasts","K183156","Keloid"
"K183156_CELL8067_N2","program_DE_all1586",20.3140824451783,"Matrix-remodeling fibroblasts","K183156","Keloid"
"K183156_CELL8069_N4","program_DE_all1586",20.0141032391147,"ECM-producing fibroblasts","K183156","Keloid"
"K183156_CELL8077_N1","program_DE_all1586",13.5772779431822,"Homeostatic/regulatory fibroblasts","K183156","Keloid"
"K183156_CELL8086_N3","program_DE_all1586",22.1529085148465,"ECM-producing fibroblasts","K183156","Keloid"
"K183156_CELL8087_N1","program_DE_all1586",20.0297564980203,"Matrix-remodeling fibroblasts","K183156","Keloid"
"K183156_CELL8097_N2","program_DE_all1586",21.7074631147515,"ECM-producing fibroblasts","K183156","Keloid"
"K183156_CELL8111_N5","program_DE_all1586",20.0659983087166,"Matrix-remodeling fibroblasts","K183156","Keloid"
"K183156_CELL8140_N3","program_DE_all1586",20.6334811994817,"Homeostatic/regulatory fibroblasts","K183156","Keloid"
"K183156_CELL8146_N3","program_DE_all1586",13.1786721510515,"Matrix-remodeling fibroblasts","K183156","Keloid"
"K183156_CELL8150_N3","program_DE_all1586",11.008615202136,"ECM-producing fibroblasts","K183156","Keloid"
"K183156_CELL8275_N2","program_DE_all1586",21.0475057940739,"Homeostatic/regulatory fibroblasts","K183156","Keloid"
"K183156_CELL8347_N4","program_DE_all1586",17.81831239066,"Homeostatic/regulatory fibroblasts","K183156","Keloid"
"K183156_CELL8382_N2","program_DE_all1586",20.4179052794829,"ECM-producing fibroblasts","K183156","Keloid"
"K183156_CELL8384_N4","program_DE_all1586",20.2031117809406,"Matrix-remodeling fibroblasts","K183156","Keloid"
"K183156_CELL8387_N3","program_DE_all1586",18.5451539077105,"Homeostatic/regulatory fibroblasts","K183156","Keloid"
"K183156_CELL8409_N4","program_DE_all1586",22.8843307930384,"ECM-producing fibroblasts","K183156","Keloid"
"K183156_CELL8433_N2","program_DE_all1586",19.5572951051053,"ECM-producing fibroblasts","K183156","Keloid"
"K183156_CELL8459_N3","program_DE_all1586",19.7597699422709,"Homeostatic/regulatory fibroblasts","K183156","Keloid"
"K183156_CELL8460_N3","program_DE_all1586",20.0762614860493,"Matrix-remodeling fibroblasts","K183156","Keloid"
"K183156_CELL8479_N4","program_DE_all1586",22.5254898147099,"ECM-producing fibroblasts","K183156","Keloid"
"K183156_CELL8485_N3","program_DE_all1586",19.9096446112643,"Matrix-remodeling fibroblasts","K183156","Keloid"
"K183156_CELL8500_N3","program_DE_all1586",20.0459096614679,"ECM-producing fibroblasts","K183156","Keloid"
"K183156_CELL8545_N2","program_DE_all1586",22.478407307751,"ECM-producing fibroblasts","K183156","Keloid"
"K183156_CELL8569_N6","program_DE_all1586",20.3601066118531,"ECM-producing fibroblasts","K183156","Keloid"
"K183156_CELL8573_N2","program_DE_all1586",22.0951224541014,"ECM-producing fibroblasts","K183156","Keloid"
"K183156_CELL8667_N2","program_DE_all1586",16.8710428996162,"ECM-producing fibroblasts","K183156","Keloid"
"K183156_CELL8703_N2","program_DE_all1586",8.51173010523063,"Homeostatic/regulatory fibroblasts","K183156","Keloid"
"K183156_CELL8708_N2","program_DE_all1586",19.063125863538,"Matrix-remodeling fibroblasts","K183156","Keloid"
"K183156_CELL8712_N2","program_DE_all1586",22.2931120578681,"ECM-producing fibroblasts","K183156","Keloid"
"K183156_CELL8714_N5","program_DE_all1586",15.9056559062585,"Homeostatic/regulatory fibroblasts","K183156","Keloid"
"K183156_CELL8726_N2","program_DE_all1586",20.2706912011956,"ECM-producing fibroblasts","K183156","Keloid"
"K183156_CELL8731_N2","program_DE_all1586",19.759559873155,"Matrix-remodeling fibroblasts","K183156","Keloid"
"K183156_CELL8769_N3","program_DE_all1586",20.9562502455167,"ECM-producing fibroblasts","K183156","Keloid"
"K183156_CELL8823_N4","program_DE_all1586",20.4148524260154,"ECM-producing fibroblasts","K183156","Keloid"
"K183156_CELL8887_N2","program_DE_all1586",20.0295441301074,"Matrix-remodeling fibroblasts","K183156","Keloid"
"K183156_CELL8902_N2","program_DE_all1586",16.6012794735591,"ECM-producing fibroblasts","K183156","Keloid"
"K183156_CELL8924_N5","program_DE_all1586",20.1763684457587,"Matrix-remodeling fibroblasts","K183156","Keloid"
"K183156_CELL8949_N3","program_DE_all1586",20.2975376829193,"Homeostatic/regulatory fibroblasts","K183156","Keloid"
"K183156_CELL8967_N3","program_DE_all1586",18.0313857029655,"Matrix-remodeling fibroblasts","K183156","Keloid"
"K183156_CELL9021_N3","program_DE_all1586",22.041391340116,"ECM-producing fibroblasts","K183156","Keloid"
"K183156_CELL9044_N2","program_DE_all1586",20.0346358045154,"ECM-producing fibroblasts","K183156","Keloid"
"K183156_CELL9071_N2","program_DE_all1586",20.2165261039818,"Matrix-remodeling fibroblasts","K183156","Keloid"
"K183156_CELL9073_N3","program_DE_all1586",22.2507336091722,"ECM-producing fibroblasts","K183156","Keloid"
"K183156_CELL9090_N3","program_DE_all1586",19.8016493410909,"ECM-producing fibroblasts","K183156","Keloid"
"K183156_CELL9091_N2","program_DE_all1586",15.3311999939493,"ECM-producing fibroblasts","K183156","Keloid"
"K183156_CELL9118_N2","program_DE_all1586",20.1703376837108,"Matrix-remodeling fibroblasts","K183156","Keloid"
"K183156_CELL9124_N2","program_DE_all1586",22.3270908665632,"Homeostatic/regulatory fibroblasts","K183156","Keloid"
"K183156_CELL9134_N2","program_DE_all1586",17.5132083018974,"ECM-producing fibroblasts","K183156","Keloid"
"K183156_CELL9175_N3","program_DE_all1586",19.9039856122247,"ECM-producing fibroblasts","K183156","Keloid"
"K183156_CELL9198_N5","program_DE_all1586",19.3345821187023,"ECM-producing fibroblasts","K183156","Keloid"
"K183156_CELL9234_N2","program_DE_all1586",20.6118377753323,"Homeostatic/regulatory fibroblasts","K183156","Keloid"
"K183156_CELL9292_N2","program_DE_all1586",18.6313567070791,"Matrix-remodeling fibroblasts","K183156","Keloid"
"K183156_CELL9303_N3","program_DE_all1586",9.89855121941085,"ECM-producing fibroblasts","K183156","Keloid"
"K183156_CELL9338_N2","program_DE_all1586",20.1298536158971,"Matrix-remodeling fibroblasts","K183156","Keloid"
"K183156_CELL9361_N3","program_DE_all1586",19.8887669868593,"Homeostatic/regulatory fibroblasts","K183156","Keloid"
"K183156_CELL9400_N1","program_DE_all1586",13.9406663999944,"ECM-producing fibroblasts","K183156","Keloid"
"K183156_CELL9528_N2","program_DE_all1586",19.9884528105436,"ECM-producing fibroblasts","K183156","Keloid"
"K183156_CELL9530_N2","program_DE_all1586",0.351944281203647,"Homeostatic/regulatory fibroblasts","K183156","Keloid"
"K183156_CELL9631_N3","program_DE_all1586",20.2717708369586,"Matrix-remodeling fibroblasts","K183156","Keloid"
"K183156_CELL9670_N3","program_DE_all1586",19.2278007038334,"Homeostatic/regulatory fibroblasts","K183156","Keloid"
"K183156_CELL9676_N2","program_DE_all1586",17.6168895341137,"ECM-producing fibroblasts","K183156","Keloid"
"K183156_CELL9705_N2","program_DE_all1586",20.09559089675,"ECM-producing fibroblasts","K183156","Keloid"
"K183156_CELL9749_N3","program_DE_all1586",20.1569257960523,"ECM-producing fibroblasts","K183156","Keloid"
"K183156_CELL9858_N2","program_DE_all1586",13.6458731780809,"Homeostatic/regulatory fibroblasts","K183156","Keloid"
"K183156_CELL9873_N2","program_DE_all1586",20.457033121331,"Matrix-remodeling fibroblasts","K183156","Keloid"
"K183156_CELL9912_N2","program_DE_all1586",17.2367431461083,"Homeostatic/regulatory fibroblasts","K183156","Keloid"
"K183156_CELL9948_N3","program_DE_all1586",17.800413242518,"Matrix-remodeling fibroblasts","K183156","Keloid"
"K183156_CELL9963_N2","program_DE_all1586",21.9963210191985,"ECM-producing fibroblasts","K183156","Keloid"
"K183156_CELL10005_N3","program_DE_all1586",20.2942857477824,"Matrix-remodeling fibroblasts","K183156","Keloid"
"K183156_CELL10056_N2","program_DE_all1586",20.2515495434749,"ECM-producing fibroblasts","K183156","Keloid"
"K183156_CELL10068_N2","program_DE_all1586",20.3159749905857,"ECM-producing fibroblasts","K183156","Keloid"
"K183156_CELL10092_N2","program_DE_all1586",20.1215827256552,"ECM-producing fibroblasts","K183156","Keloid"
"K183156_CELL10100_N2","program_DE_all1586",20.1882834270502,"ECM-producing fibroblasts","K183156","Keloid"
"K183156_CELL10113_N2","program_DE_all1586",20.4125487541039,"Homeostatic/regulatory fibroblasts","K183156","Keloid"
"K183156_CELL10114_N2","program_DE_all1586",20.3181088442174,"ECM-producing fibroblasts","K183156","Keloid"
"K183156_CELL10129_N3","program_DE_all1586",19.4245796455258,"ECM-producing fibroblasts","K183156","Keloid"
"K183156_CELL10134_N1","program_DE_all1586",18.4379410533436,"ECM-producing fibroblasts","K183156","Keloid"
"K183156_CELL10141_N1","program_DE_all1586",13.8022993305009,"Matrix-remodeling fibroblasts","K183156","Keloid"
"K183156_CELL10191_N3","program_DE_all1586",13.5759359040526,"Homeostatic/regulatory fibroblasts","K183156","Keloid"
"K183156_CELL10230_N2","program_DE_all1586",18.30081490808,"Homeostatic/regulatory fibroblasts","K183156","Keloid"
"K183156_CELL10303_N2","program_DE_all1586",14.7288370697961,"Matrix-remodeling fibroblasts","K183156","Keloid"
"K183156_CELL10313_N2","program_DE_all1586",21.0198461592151,"ECM-producing fibroblasts","K183156","Keloid"
"K183156_CELL10323_N3","program_DE_all1586",20.5803479207995,"ECM-producing fibroblasts","K183156","Keloid"
"K183156_CELL10410_N3","program_DE_all1586",19.7138874338404,"Matrix-remodeling fibroblasts","K183156","Keloid"
"K183156_CELL10420_N1","program_DE_all1586",20.0638477883849,"ECM-producing fibroblasts","K183156","Keloid"
"K183156_CELL10463_N1","program_DE_all1586",13.6380988479584,"Matrix-remodeling fibroblasts","K183156","Keloid"
"K183156_CELL10464_N2","program_DE_all1586",20.0966386791798,"Matrix-remodeling fibroblasts","K183156","Keloid"
"K183156_CELL10486_N2","program_DE_all1586",17.6180393398092,"ECM-producing fibroblasts","K183156","Keloid"
"K183156_CELL10502_N2","program_DE_all1586",19.99400432762,"ECM-producing fibroblasts","K183156","Keloid"
"K183156_CELL10524_N2","program_DE_all1586",22.2256873544257,"ECM-producing fibroblasts","K183156","Keloid"
"K183156_CELL10559_N2","program_DE_all1586",0.304962340411523,"Homeostatic/regulatory fibroblasts","K183156","Keloid"
"K183156_CELL10618_N2","program_DE_all1586",11.8737487264401,"ECM-producing fibroblasts","K183156","Keloid"
"K183156_CELL10656_N3","program_DE_all1586",20.3309197620302,"Matrix-remodeling fibroblasts","K183156","Keloid"
"K183156_CELL10672_N2","program_DE_all1586",20.3140671020791,"Matrix-remodeling fibroblasts","K183156","Keloid"
"K183156_CELL10700_N2","program_DE_all1586",22.9845452087393,"ECM-producing fibroblasts","K183156","Keloid"
"K183156_CELL10734_N1","program_DE_all1586",19.1730250196802,"ECM-producing fibroblasts","K183156","Keloid"
"K183156_CELL10741_N3","program_DE_all1586",17.1420546907351,"Homeostatic/regulatory fibroblasts","K183156","Keloid"
"K183156_CELL10798_N3","program_DE_all1586",8.31040175205168,"ECM-producing fibroblasts","K183156","Keloid"
"K183156_CELL10804_N2","program_DE_all1586",20.2232817853633,"Matrix-remodeling fibroblasts","K183156","Keloid"
"K183156_CELL10857_N2","program_DE_all1586",14.1201774317917,"Matrix-remodeling fibroblasts","K183156","Keloid"
"K183156_CELL10880_N3","program_DE_all1586",19.9343303819916,"ECM-producing fibroblasts","K183156","Keloid"
"K183156_CELL10893_N2","program_DE_all1586",20.3747782530467,"ECM-producing fibroblasts","K183156","Keloid"
"K183156_CELL10917_N2","program_DE_all1586",19.859831357978,"Matrix-remodeling fibroblasts","K183156","Keloid"
"K183156_CELL10943_N2","program_DE_all1586",20.445602471973,"ECM-producing fibroblasts","K183156","Keloid"
"K183156_CELL10948_N2","program_DE_all1586",18.0147182521337,"ECM-producing fibroblasts","K183156","Keloid"
"K183156_CELL10971_N2","program_DE_all1586",19.9054339933976,"ECM-producing fibroblasts","K183156","Keloid"
"K183156_CELL11012_N2","program_DE_all1586",20.209199893806,"Matrix-remodeling fibroblasts","K183156","Keloid"
"K183156_CELL11032_N2","program_DE_all1586",20.0299520874212,"Homeostatic/regulatory fibroblasts","K183156","Keloid"
"K183156_CELL11044_N2","program_DE_all1586",14.2906127681846,"Homeostatic/regulatory fibroblasts","K183156","Keloid"
"K183156_CELL11054_N2","program_DE_all1586",20.5451067101256,"ECM-producing fibroblasts","K183156","Keloid"
"K183156_CELL11075_N2","program_DE_all1586",19.9868694203707,"ECM-producing fibroblasts","K183156","Keloid"
"K183156_CELL11129_N1","program_DE_all1586",19.9177089107698,"Matrix-remodeling fibroblasts","K183156","Keloid"
"K183156_CELL11132_N2","program_DE_all1586",17.9167990007826,"ECM-producing fibroblasts","K183156","Keloid"
"K183156_CELL11390_N1","program_DE_all1586",20.2888342232712,"ECM-producing fibroblasts","K183156","Keloid"
"K183156_CELL11394_N2","program_DE_all1586",22.2865631183218,"ECM-producing fibroblasts","K183156","Keloid"
"K183156_CELL11445_N2","program_DE_all1586",13.6871138960824,"Matrix-remodeling fibroblasts","K183156","Keloid"
"K183156_CELL11448_N1","program_DE_all1586",20.1159518922924,"Matrix-remodeling fibroblasts","K183156","Keloid"
"K183156_CELL11461_N1","program_DE_all1586",20.1646085415937,"ECM-producing fibroblasts","K183156","Keloid"
"K183156_CELL11491_N2","program_DE_all1586",20.1846834763392,"Matrix-remodeling fibroblasts","K183156","Keloid"
"K183156_CELL11498_N2","program_DE_all1586",17.8911128559447,"ECM-producing fibroblasts","K183156","Keloid"
"K183156_CELL11528_N1","program_DE_all1586",20.0724245378939,"Matrix-remodeling fibroblasts","K183156","Keloid"
"K183156_CELL11549_N2","program_DE_all1586",21.0355769348166,"ECM-producing fibroblasts","K183156","Keloid"
"K183156_CELL11619_N2","program_DE_all1586",16.4381511117783,"Matrix-remodeling fibroblasts","K183156","Keloid"
"K183156_CELL11644_N2","program_DE_all1586",18.00010539719,"Matrix-remodeling fibroblasts","K183156","Keloid"
"K183156_CELL11704_N2","program_DE_all1586",20.001555128308,"ECM-producing fibroblasts","K183156","Keloid"
"K183156_CELL12023_N1","program_DE_all1586",20.176669835178,"ECM-producing fibroblasts","K183156","Keloid"
"K183156_CELL12027_N1","program_DE_all1586",20.2356986889546,"ECM-producing fibroblasts","K183156","Keloid"
"K183156_CELL12143_N1","program_DE_all1586",12.7392456248898,"Homeostatic/regulatory fibroblasts","K183156","Keloid"
"K183156_CELL12180_N1","program_DE_all1586",15.4808018469137,"ECM-producing fibroblasts","K183156","Keloid"
"K183156_CELL12370_N1","program_DE_all1586",15.5159449177395,"ECM-producing fibroblasts","K183156","Keloid"
"K183156_CELL12402_N1","program_DE_all1586",20.0165116121409,"ECM-producing fibroblasts","K183156","Keloid"
"K183156_CELL12553_N1","program_DE_all1586",21.0162372839113,"ECM-producing fibroblasts","K183156","Keloid"
"K183156_CELL12562_N1","program_DE_all1586",16.9477154255424,"Matrix-remodeling fibroblasts","K183156","Keloid"
"K183156_CELL12572_N1","program_DE_all1586",20.1992952668392,"Matrix-remodeling fibroblasts","K183156","Keloid"
"K183156_CELL12703_N1","program_DE_all1586",19.7697857912501,"Homeostatic/regulatory fibroblasts","K183156","Keloid"
"K183156_CELL12938_N1","program_DE_all1586",10.533566476619,"ECM-producing fibroblasts","K183156","Keloid"
"K183156_CELL12940_N1","program_DE_all1586",14.9880719113468,"ECM-producing fibroblasts","K183156","Keloid"
"K183156_CELL13119_N1","program_DE_all1586",12.188317931753,"Homeostatic/regulatory fibroblasts","K183156","Keloid"
"K183156_CELL13185_N1","program_DE_all1586",19.9691296246554,"Matrix-remodeling fibroblasts","K183156","Keloid"
"K183156_CELL13243_N1","program_DE_all1586",20.055943665526,"Matrix-remodeling fibroblasts","K183156","Keloid"
"K183156_CELL13274_N1","program_DE_all1586",13.6559480850549,"Matrix-remodeling fibroblasts","K183156","Keloid"
"K183156_CELL13530_N1","program_DE_all1586",19.7568138619234,"Matrix-remodeling fibroblasts","K183156","Keloid"
"K183156_CELL13594_N1","program_DE_all1586",0.462895992480806,"Homeostatic/regulatory fibroblasts","K183156","Keloid"
"K183156_CELL13600_N1","program_DE_all1586",16.9153157786381,"ECM-producing fibroblasts","K183156","Keloid"
"K183156_CELL13616_N1","program_DE_all1586",19.9792783070201,"Matrix-remodeling fibroblasts","K183156","Keloid"
"K183156_CELL13701_N1","program_DE_all1586",16.180188189582,"ECM-producing fibroblasts","K183156","Keloid"
"K183156_CELL13735_N1","program_DE_all1586",17.0879635444689,"Matrix-remodeling fibroblasts","K183156","Keloid"
"K183156_CELL13742_N1","program_DE_all1586",17.1298340028778,"Matrix-remodeling fibroblasts","K183156","Keloid"
"K183156_CELL13746_N1","program_DE_all1586",15.9342645292496,"ECM-producing fibroblasts","K183156","Keloid"
"K183156_CELL13813_N1","program_DE_all1586",17.3084166438747,"ECM-producing fibroblasts","K183156","Keloid"
"K183156_CELL13904_N1","program_DE_all1586",19.2278709215464,"Homeostatic/regulatory fibroblasts","K183156","Keloid"
"K183156_CELL13915_N1","program_DE_all1586",20.1333151772685,"Matrix-remodeling fibroblasts","K183156","Keloid"
"K183156_CELL14109_N1","program_DE_all1586",17.1703674741931,"Homeostatic/regulatory fibroblasts","K183156","Keloid"
"K183156_CELL14120_N1","program_DE_all1586",19.8270687311974,"ECM-producing fibroblasts","K183156","Keloid"
"K183156_CELL14220_N1","program_DE_all1586",14.0783034655196,"Matrix-remodeling fibroblasts","K183156","Keloid"
"K183156_CELL14485_N1","program_DE_all1586",0.46077714174017,"Homeostatic/regulatory fibroblasts","K183156","Keloid"
"K183156_CELL14497_N1","program_DE_all1586",0.360514572331872,"Homeostatic/regulatory fibroblasts","K183156","Keloid"
"K183156_CELL14655_N1","program_DE_all1586",8.97384244122543,"Homeostatic/regulatory fibroblasts","K183156","Keloid"
"K183156_CELL14943_N1","program_DE_all1586",15.8455136279409,"Homeostatic/regulatory fibroblasts","K183156","Keloid"
"K183156_CELL15191_N1","program_DE_all1586",11.5918120892219,"ECM-producing fibroblasts","K183156","Keloid"
"K183156_CELL15238_N1","program_DE_all1586",8.01167192693499,"Homeostatic/regulatory fibroblasts","K183156","Keloid"
"K183156_CELL15254_N1","program_DE_all1586",20.9998221201641,"ECM-producing fibroblasts","K183156","Keloid"
"K183156_CELL15264_N1","program_DE_all1586",16.3307081447557,"ECM-producing fibroblasts","K183156","Keloid"
"K183156_CELL15274_N1","program_DE_all1586",19.5369920661429,"Homeostatic/regulatory fibroblasts","K183156","Keloid"
"K183156_CELL15399_N1","program_DE_all1586",19.9033920825578,"ECM-producing fibroblasts","K183156","Keloid"
"K183156_CELL15403_N1","program_DE_all1586",15.7829851343651,"Matrix-remodeling fibroblasts","K183156","Keloid"
"K183156_CELL16060_N1","program_DE_all1586",20.8990076024864,"ECM-producing fibroblasts","K183156","Keloid"
"K183156_CELL16096_N1","program_DE_all1586",17.6783568348857,"ECM-producing fibroblasts","K183156","Keloid"
"K183156_CELL16111_N1","program_DE_all1586",17.6720606929153,"Matrix-remodeling fibroblasts","K183156","Keloid"
"K183156_CELL16229_N1","program_DE_all1586",20.3710063402206,"ECM-producing fibroblasts","K183156","Keloid"
"K183156_CELL16234_N1","program_DE_all1586",15.510739432691,"Matrix-remodeling fibroblasts","K183156","Keloid"
"K183156_CELL16421_N1","program_DE_all1586",16.5473788201196,"ECM-producing fibroblasts","K183156","Keloid"
"K183156_CELL16445_N1","program_DE_all1586",16.9906169390114,"Matrix-remodeling fibroblasts","K183156","Keloid"
"K183156_CELL16653_N1","program_DE_all1586",22.0357450765969,"ECM-producing fibroblasts","K183156","Keloid"
"K183156_CELL16786_N1","program_DE_all1586",17.21889969993,"ECM-producing fibroblasts","K183156","Keloid"
"K183156_CELL16808_N1","program_DE_all1586",18.5272866218964,"ECM-producing fibroblasts","K183156","Keloid"
"K183156_CELL16910_N1","program_DE_all1586",12.0421367576291,"ECM-producing fibroblasts","K183156","Keloid"
"K183156_CELL16917_N1","program_DE_all1586",18.3881919994729,"Homeostatic/regulatory fibroblasts","K183156","Keloid"
"K183156_CELL16948_N1","program_DE_all1586",16.6820122861486,"Matrix-remodeling fibroblasts","K183156","Keloid"
"K183156_CELL17030_N1","program_DE_all1586",22.3512194420312,"ECM-producing fibroblasts","K183156","Keloid"
"K183156_CELL17401_N1","program_DE_all1586",21.4390586537879,"ECM-producing fibroblasts","K183156","Keloid"
"K183156_CELL17512_N1","program_DE_all1586",20.3145385758376,"ECM-producing fibroblasts","K183156","Keloid"
"K183156_CELL17642_N1","program_DE_all1586",21.0147964856934,"ECM-producing fibroblasts","K183156","Keloid"
"K183156_CELL17684_N1","program_DE_all1586",20.128676927798,"ECM-producing fibroblasts","K183156","Keloid"
"K183156_CELL17722_N1","program_DE_all1586",15.9287291460031,"ECM-producing fibroblasts","K183156","Keloid"
"K183156_CELL17734_N1","program_DE_all1586",17.7700472515102,"Matrix-remodeling fibroblasts","K183156","Keloid"
"K183156_CELL18630_N1","program_DE_all1586",20.2118245113989,"Homeostatic/regulatory fibroblasts","K183156","Keloid"
"K183156_CELL18657_N1","program_DE_all1586",18.7375516100664,"ECM-producing fibroblasts","K183156","Keloid"
"K183156_CELL18789_N1","program_DE_all1586",21.1293782799995,"ECM-producing fibroblasts","K183156","Keloid"
"K183156_CELL18792_N1","program_DE_all1586",19.5578677266411,"ECM-producing fibroblasts","K183156","Keloid"
"K183156_CELL18793_N1","program_DE_all1586",20.4971910257007,"ECM-producing fibroblasts","K183156","Keloid"
"K183156_CELL19813_N1","program_DE_all1586",14.3121068490958,"ECM-producing fibroblasts","K183156","Keloid"
"K183156_CELL19814_N1","program_DE_all1586",20.3362980842501,"ECM-producing fibroblasts","K183156","Keloid"
"K183156_CELL19878_N1","program_DE_all1586",19.9878721584627,"ECM-producing fibroblasts","K183156","Keloid"
"K183156_CELL20275_N1","program_DE_all1586",20.1980362491402,"ECM-producing fibroblasts","K183156","Keloid"
"K183156_CELL20290_N1","program_DE_all1586",11.049224997802,"Homeostatic/regulatory fibroblasts","K183156","Keloid"
"K183156_CELL20345_N1","program_DE_all1586",17.2769448201342,"Homeostatic/regulatory fibroblasts","K183156","Keloid"
"K183156_CELL20450_N1","program_DE_all1586",19.9362768342496,"ECM-producing fibroblasts","K183156","Keloid"
"K183156_CELL20562_N1","program_DE_all1586",16.862507943247,"ECM-producing fibroblasts","K183156","Keloid"
"K183156_CELL20706_N1","program_DE_all1586",17.2219228449616,"ECM-producing fibroblasts","K183156","Keloid"
"K183156_CELL20789_N1","program_DE_all1586",22.0601030645292,"ECM-producing fibroblasts","K183156","Keloid"
"K183156_CELL20985_N1","program_DE_all1586",20.1484657126941,"Matrix-remodeling fibroblasts","K183156","Keloid"
"K183156_CELL21168_N1","program_DE_all1586",19.8777666489081,"Matrix-remodeling fibroblasts","K183156","Keloid"
"K183156_CELL21516_N1","program_DE_all1586",20.1264759620673,"Matrix-remodeling fibroblasts","K183156","Keloid"
"K183156_CELL21521_N1","program_DE_all1586",13.9688065044506,"Homeostatic/regulatory fibroblasts","K183156","Keloid"
"K183156_CELL21648_N1","program_DE_all1586",20.5243901557595,"ECM-producing fibroblasts","K183156","Keloid"
"K183156_CELL21667_N1","program_DE_all1586",19.8161628700078,"ECM-producing fibroblasts","K183156","Keloid"
"K183156_CELL21715_N1","program_DE_all1586",19.8403262922074,"Matrix-remodeling fibroblasts","K183156","Keloid"
"K183156_CELL21988_N1","program_DE_all1586",16.0802523660409,"ECM-producing fibroblasts","K183156","Keloid"
"K183156_CELL22021_N1","program_DE_all1586",21.1205065571683,"ECM-producing fibroblasts","K183156","Keloid"
"K183156_CELL22099_N1","program_DE_all1586",15.5988038832958,"ECM-producing fibroblasts","K183156","Keloid"
"K183156_CELL22266_N1","program_DE_all1586",15.1495782475826,"ECM-producing fibroblasts","K183156","Keloid"
"K183156_CELL22495_N1","program_DE_all1586",19.781051945402,"ECM-producing fibroblasts","K183156","Keloid"
"K183156_CELL22524_N1","program_DE_all1586",12.5415451392398,"Homeostatic/regulatory fibroblasts","K183156","Keloid"
"K183156_CELL22617_N1","program_DE_all1586",19.3305734362006,"Matrix-remodeling fibroblasts","K183156","Keloid"
"K183156_CELL22643_N1","program_DE_all1586",0.434741883605449,"Homeostatic/regulatory fibroblasts","K183156","Keloid"
"K183156_CELL22720_N1","program_DE_all1586",13.7123044171593,"Homeostatic/regulatory fibroblasts","K183156","Keloid"
"K183156_CELL23175_N1","program_DE_all1586",16.9895547874429,"ECM-producing fibroblasts","K183156","Keloid"
"K183156_CELL23273_N1","program_DE_all1586",13.5561603051494,"Homeostatic/regulatory fibroblasts","K183156","Keloid"
"K183156_CELL23386_N1","program_DE_all1586",20.221744592594,"ECM-producing fibroblasts","K183156","Keloid"
"K183156_CELL23524_N1","program_DE_all1586",19.9953391958864,"ECM-producing fibroblasts","K183156","Keloid"
"K183156_CELL23808_N1","program_DE_all1586",11.2412126407718,"Matrix-remodeling fibroblasts","K183156","Keloid"
"K183156_CELL23876_N1","program_DE_all1586",20.0847898778267,"ECM-producing fibroblasts","K183156","Keloid"
"K183156_CELL24187_N1","program_DE_all1586",20.1870513183348,"Matrix-remodeling fibroblasts","K183156","Keloid"
"K183156_CELL24214_N1","program_DE_all1586",19.8279358067326,"Matrix-remodeling fibroblasts","K183156","Keloid"
"K183156_CELL24301_N1","program_DE_all1586",19.7489657893811,"Matrix-remodeling fibroblasts","K183156","Keloid"
"K183156_CELL24762_N1","program_DE_all1586",0.413249145431089,"Homeostatic/regulatory fibroblasts","K183156","Keloid"
"K183156_CELL24977_N1","program_DE_all1586",22.3607678138114,"ECM-producing fibroblasts","K183156","Keloid"
"K183156_CELL25010_N1","program_DE_all1586",14.2246269783232,"Matrix-remodeling fibroblasts","K183156","Keloid"
"K183156_CELL25144_N1","program_DE_all1586",19.8282284606944,"Matrix-remodeling fibroblasts","K183156","Keloid"
"K183156_CELL25363_N1","program_DE_all1586",20.1436129679624,"Matrix-remodeling fibroblasts","K183156","Keloid"
"K183156_CELL25423_N1","program_DE_all1586",18.1630081226634,"Matrix-remodeling fibroblasts","K183156","Keloid"
"K183156_CELL25737_N1","program_DE_all1586",17.5488416775241,"Matrix-remodeling fibroblasts","K183156","Keloid"
"K183156_CELL26172_N1","program_DE_all1586",15.4662839738259,"ECM-producing fibroblasts","K183156","Keloid"
"K183156_CELL26269_N1","program_DE_all1586",19.9662504684871,"Homeostatic/regulatory fibroblasts","K183156","Keloid"
"K183156_CELL26381_N1","program_DE_all1586",17.8404235169866,"ECM-producing fibroblasts","K183156","Keloid"
"K183156_CELL26435_N1","program_DE_all1586",7.51652490463853,"Homeostatic/regulatory fibroblasts","K183156","Keloid"
"K183156_CELL26465_N1","program_DE_all1586",20.2987481371141,"ECM-producing fibroblasts","K183156","Keloid"
"K183156_CELL26500_N1","program_DE_all1586",18.5699689233037,"ECM-producing fibroblasts","K183156","Keloid"
"K183156_CELL26953_N1","program_DE_all1586",16.9369751462493,"ECM-producing fibroblasts","K183156","Keloid"
"K183156_CELL26993_N1","program_DE_all1586",7.48116890084059,"Homeostatic/regulatory fibroblasts","K183156","Keloid"
"K183156_CELL27570_N1","program_DE_all1586",20.2133698750455,"Matrix-remodeling fibroblasts","K183156","Keloid"
"K183156_CELL27743_N1","program_DE_all1586",19.908835943244,"ECM-producing fibroblasts","K183156","Keloid"
"K183156_CELL27800_N1","program_DE_all1586",5.58862761074038,"Homeostatic/regulatory fibroblasts","K183156","Keloid"
"K183156_CELL27868_N1","program_DE_all1586",0.414278287432669,"Homeostatic/regulatory fibroblasts","K183156","Keloid"
"K183156_CELL27961_N1","program_DE_all1586",18.6143899431774,"Homeostatic/regulatory fibroblasts","K183156","Keloid"
"K183156_CELL28048_N1","program_DE_all1586",19.742926694134,"Matrix-remodeling fibroblasts","K183156","Keloid"
"K183156_CELL28084_N1","program_DE_all1586",21.7914407658391,"ECM-producing fibroblasts","K183156","Keloid"
"K183156_CELL28271_N1","program_DE_all1586",20.0492947750371,"ECM-producing fibroblasts","K183156","Keloid"
"K183156_CELL28277_N1","program_DE_all1586",16.9832189355563,"Homeostatic/regulatory fibroblasts","K183156","Keloid"
"K183156_CELL28434_N1","program_DE_all1586",20.2560189797691,"Matrix-remodeling fibroblasts","K183156","Keloid"
"K183156_CELL28511_N1","program_DE_all1586",19.7667758038248,"Homeostatic/regulatory fibroblasts","K183156","Keloid"
"K183156_CELL28650_N1","program_DE_all1586",21.1814979193531,"ECM-producing fibroblasts","K183156","Keloid"
"K183156_CELL28725_N1","program_DE_all1586",21.5876256470246,"ECM-producing fibroblasts","K183156","Keloid"
"K183156_CELL28774_N1","program_DE_all1586",13.8441188174417,"ECM-producing fibroblasts","K183156","Keloid"
"K183156_CELL28889_N1","program_DE_all1586",16.6099175788348,"ECM-producing fibroblasts","K183156","Keloid"
"K183156_CELL29055_N1","program_DE_all1586",20.1478769420667,"Matrix-remodeling fibroblasts","K183156","Keloid"
"K183156_CELL29107_N1","program_DE_all1586",19.2460778179754,"Matrix-remodeling fibroblasts","K183156","Keloid"
"K183156_CELL29144_N1","program_DE_all1586",22.9420642633304,"ECM-producing fibroblasts","K183156","Keloid"
"K183156_CELL29247_N1","program_DE_all1586",15.3906145306882,"Homeostatic/regulatory fibroblasts","K183156","Keloid"
"K183156_CELL29350_N1","program_DE_all1586",14.8079565537481,"ECM-producing fibroblasts","K183156","Keloid"
"K183156_CELL29405_N1","program_DE_all1586",20.049596562775,"Homeostatic/regulatory fibroblasts","K183156","Keloid"
"K183156_CELL29464_N1","program_DE_all1586",21.1120712749149,"Homeostatic/regulatory fibroblasts","K183156","Keloid"
"K183156_CELL29671_N1","program_DE_all1586",20.1936519029809,"Matrix-remodeling fibroblasts","K183156","Keloid"
"K183156_CELL29753_N1","program_DE_all1586",13.7712482617253,"Matrix-remodeling fibroblasts","K183156","Keloid"
"K183156_CELL29916_N1","program_DE_all1586",15.4154631855174,"Matrix-remodeling fibroblasts","K183156","Keloid"
"K183156_CELL29934_N1","program_DE_all1586",22.2325919557455,"ECM-producing fibroblasts","K183156","Keloid"
"K183156_CELL30145_N1","program_DE_all1586",19.7764393019246,"Matrix-remodeling fibroblasts","K183156","Keloid"
"K183156_CELL30180_N1","program_DE_all1586",19.870131766387,"Matrix-remodeling fibroblasts","K183156","Keloid"
"K183156_CELL31044_N1","program_DE_all1586",20.9797337089804,"Homeostatic/regulatory fibroblasts","K183156","Keloid"
"K183156_CELL31471_N1","program_DE_all1586",13.5384014446525,"Matrix-remodeling fibroblasts","K183156","Keloid"
"K183156_CELL31584_N1","program_DE_all1586",20.2291215708922,"Matrix-remodeling fibroblasts","K183156","Keloid"
"K183156_CELL31596_N1","program_DE_all1586",20.2996430756921,"Matrix-remodeling fibroblasts","K183156","Keloid"
"K183156_CELL31644_N1","program_DE_all1586",19.944275582501,"ECM-producing fibroblasts","K183156","Keloid"
"K183156_CELL31729_N1","program_DE_all1586",14.8551187985147,"ECM-producing fibroblasts","K183156","Keloid"
"K183156_CELL31924_N1","program_DE_all1586",12.9910132929162,"Homeostatic/regulatory fibroblasts","K183156","Keloid"
"K183156_CELL32069_N1","program_DE_all1586",13.5708156295198,"Matrix-remodeling fibroblasts","K183156","Keloid"
"K183156_CELL32181_N1","program_DE_all1586",19.8420142390921,"Homeostatic/regulatory fibroblasts","K183156","Keloid"
"K183156_CELL32209_N1","program_DE_all1586",22.1313938099935,"ECM-producing fibroblasts","K183156","Keloid"
"K183261_CELL782_N3","program_DE_all1586",17.5446918181224,"Homeostatic/regulatory fibroblasts","K183261","Keloid"
"K183261_CELL831_N2","program_DE_all1586",11.8860995919609,"Homeostatic/regulatory fibroblasts","K183261","Keloid"
"K183261_CELL1053_N6","program_DE_all1586",15.3661635151694,"ECM-producing fibroblasts","K183261","Keloid"
"K183261_CELL1385_N2","program_DE_all1586",19.4667452064587,"Homeostatic/regulatory fibroblasts","K183261","Keloid"
"K183261_CELL1474_N3","program_DE_all1586",22.0444514463134,"Homeostatic/regulatory fibroblasts","K183261","Keloid"
"K183261_CELL1794_N4","program_DE_all1586",15.3661596090516,"ECM-producing fibroblasts","K183261","Keloid"
"K183261_CELL1909_N4","program_DE_all1586",5.02415974471386,"Homeostatic/regulatory fibroblasts","K183261","Keloid"
"K183261_CELL1937_N4","program_DE_all1586",6.70536475340376,"Homeostatic/regulatory fibroblasts","K183261","Keloid"
"K183261_CELL2058_N2","program_DE_all1586",16.6190909552823,"ECM-producing fibroblasts","K183261","Keloid"
"K183261_CELL2230_N5","program_DE_all1586",20.5663554457363,"ECM-producing fibroblasts","K183261","Keloid"
"K183261_CELL2234_N4","program_DE_all1586",8.3605955527642,"Homeostatic/regulatory fibroblasts","K183261","Keloid"
"K183261_CELL2264_N3","program_DE_all1586",19.6338560782254,"ECM-producing fibroblasts","K183261","Keloid"
"K183261_CELL2301_N2","program_DE_all1586",4.69394903211651,"Matrix-remodeling fibroblasts","K183261","Keloid"
"K183261_CELL3150_N2","program_DE_all1586",19.1312250767636,"ECM-producing fibroblasts","K183261","Keloid"
"K183261_CELL3380_N4","program_DE_all1586",10.8077828313214,"Homeostatic/regulatory fibroblasts","K183261","Keloid"
"K183261_CELL3662_N6","program_DE_all1586",12.7577133401832,"Homeostatic/regulatory fibroblasts","K183261","Keloid"
"K183261_CELL3774_N3","program_DE_all1586",12.5351815466475,"Matrix-remodeling fibroblasts","K183261","Keloid"
"K183261_CELL4138_N3","program_DE_all1586",22.547306507986,"ECM-producing fibroblasts","K183261","Keloid"
"K183261_CELL4247_N4","program_DE_all1586",4.39508694534616,"Homeostatic/regulatory fibroblasts","K183261","Keloid"
"K183261_CELL4530_N7","program_DE_all1586",20.0849664810473,"ECM-producing fibroblasts","K183261","Keloid"
"K183261_CELL4642_N3","program_DE_all1586",18.7377688587389,"ECM-producing fibroblasts","K183261","Keloid"
"K183261_CELL4741_N3","program_DE_all1586",20.1343351809066,"Homeostatic/regulatory fibroblasts","K183261","Keloid"
"K183261_CELL5112_N2","program_DE_all1586",14.8380920015912,"Homeostatic/regulatory fibroblasts","K183261","Keloid"
"K183261_CELL5265_N2","program_DE_all1586",5.39679775987217,"Homeostatic/regulatory fibroblasts","K183261","Keloid"
"K183261_CELL5296_N2","program_DE_all1586",14.3770266016874,"Matrix-remodeling fibroblasts","K183261","Keloid"
"K183261_CELL6116_N2","program_DE_all1586",10.1334573851335,"Homeostatic/regulatory fibroblasts","K183261","Keloid"
"K183261_CELL6202_N3","program_DE_all1586",15.9242208070132,"ECM-producing fibroblasts","K183261","Keloid"
"K183261_CELL7358_N2","program_DE_all1586",17.5636286255256,"ECM-producing fibroblasts","K183261","Keloid"
"K183261_CELL7359_N1","program_DE_all1586",6.78603368131589,"Matrix-remodeling fibroblasts","K183261","Keloid"
"K183261_CELL8615_N4","program_DE_all1586",10.8491948691665,"Homeostatic/regulatory fibroblasts","K183261","Keloid"
"K183261_CELL9070_N3","program_DE_all1586",16.4161152481356,"ECM-producing fibroblasts","K183261","Keloid"
"K183261_CELL9269_N3","program_DE_all1586",15.1362562380114,"Matrix-remodeling fibroblasts","K183261","Keloid"
"K183261_CELL9511_N3","program_DE_all1586",20.1724371114472,"Matrix-remodeling fibroblasts","K183261","Keloid"
"K183261_CELL9537_N3","program_DE_all1586",0.297583267296148,"Homeostatic/regulatory fibroblasts","K183261","Keloid"
"K183261_CELL9555_N2","program_DE_all1586",10.3944283660872,"Homeostatic/regulatory fibroblasts","K183261","Keloid"
"K183261_CELL9812_N4","program_DE_all1586",20.0412851712995,"Homeostatic/regulatory fibroblasts","K183261","Keloid"
"K183261_CELL9904_N2","program_DE_all1586",6.04789548792128,"Homeostatic/regulatory fibroblasts","K183261","Keloid"
"K183261_CELL10261_N1","program_DE_all1586",17.2617418566012,"ECM-producing fibroblasts","K183261","Keloid"
"K183261_CELL12047_N1","program_DE_all1586",22.3877646799308,"ECM-producing fibroblasts","K183261","Keloid"
"K183261_CELL13785_N1","program_DE_all1586",10.2968719129035,"Homeostatic/regulatory fibroblasts","K183261","Keloid"
"K183261_CELL17149_N1","program_DE_all1586",10.4832922334834,"Matrix-remodeling fibroblasts","K183261","Keloid"
"K183261_CELL17959_N1","program_DE_all1586",22.3442928060551,"ECM-producing fibroblasts","K183261","Keloid"
"K183261_CELL19488_N1","program_DE_all1586",6.52057980790758,"Homeostatic/regulatory fibroblasts","K183261","Keloid"
"K183261_CELL20828_N1","program_DE_all1586",18.3309441492084,"ECM-producing fibroblasts","K183261","Keloid"
"K183261_CELL26267_N1","program_DE_all1586",9.59057015138058,"Homeostatic/regulatory fibroblasts","K183261","Keloid"
"K183261_CELL30227_N1","program_DE_all1586",21.44999430617,"ECM-producing fibroblasts","K183261","Keloid"
"K183261_CELL34896_N1","program_DE_all1586",0.309908055339709,"Homeostatic/regulatory fibroblasts","K183261","Keloid"
"K183261_CELL36106_N1","program_DE_all1586",18.62680053506,"Homeostatic/regulatory fibroblasts","K183261","Keloid"
"K183261_CELL37268_N1","program_DE_all1586",9.21878394089847,"ECM-producing fibroblasts","K183261","Keloid"
"K712771_CELL329_N4","program_DE_all1586",20.0118373596867,"Matrix-remodeling fibroblasts","K712771","Keloid"
"K712771_CELL502_N3","program_DE_all1586",0.586656721733248,"Homeostatic/regulatory fibroblasts","K712771","Keloid"
"K712771_CELL710_N4","program_DE_all1586",17.4672148679429,"ECM-producing fibroblasts","K712771","Keloid"
"K712771_CELL834_N1","program_DE_all1586",9.82795589754458,"Matrix-remodeling fibroblasts","K712771","Keloid"
"K712771_CELL859_N6","program_DE_all1586",11.6519190696305,"Homeostatic/regulatory fibroblasts","K712771","Keloid"
"K712771_CELL1003_N2","program_DE_all1586",19.7145045702164,"ECM-producing fibroblasts","K712771","Keloid"
"K712771_CELL1279_N4","program_DE_all1586",20.1924797567193,"Matrix-remodeling fibroblasts","K712771","Keloid"
"K712771_CELL1351_N2","program_DE_all1586",15.1011066895777,"ECM-producing fibroblasts","K712771","Keloid"
"K712771_CELL1464_N4","program_DE_all1586",14.0899428567251,"Homeostatic/regulatory fibroblasts","K712771","Keloid"
"K712771_CELL1603_N2","program_DE_all1586",13.5260253156188,"Homeostatic/regulatory fibroblasts","K712771","Keloid"
"K712771_CELL1806_N3","program_DE_all1586",13.5502040020549,"Matrix-remodeling fibroblasts","K712771","Keloid"
"K712771_CELL1977_N5","program_DE_all1586",20.1068324619789,"ECM-producing fibroblasts","K712771","Keloid"
"K712771_CELL1989_N4","program_DE_all1586",22.4638314903592,"ECM-producing fibroblasts","K712771","Keloid"
"K712771_CELL1996_N3","program_DE_all1586",13.5051939671473,"Homeostatic/regulatory fibroblasts","K712771","Keloid"
"K712771_CELL2224_N4","program_DE_all1586",19.2498134619126,"Homeostatic/regulatory fibroblasts","K712771","Keloid"
"K712771_CELL2493_N7","program_DE_all1586",20.1860321497847,"ECM-producing fibroblasts","K712771","Keloid"
"K712771_CELL2762_N5","program_DE_all1586",13.1515247031704,"Matrix-remodeling fibroblasts","K712771","Keloid"
"K712771_CELL3052_N3","program_DE_all1586",19.9735167622103,"Matrix-remodeling fibroblasts","K712771","Keloid"
"K712771_CELL3113_N2","program_DE_all1586",13.6734060993141,"Matrix-remodeling fibroblasts","K712771","Keloid"
"K712771_CELL3674_N3","program_DE_all1586",15.4846271507676,"Matrix-remodeling fibroblasts","K712771","Keloid"
"K712771_CELL4138_N2","program_DE_all1586",10.719233539444,"Matrix-remodeling fibroblasts","K712771","Keloid"
"K712771_CELL4504_N2","program_DE_all1586",19.1604973493543,"ECM-producing fibroblasts","K712771","Keloid"
"K712771_CELL5011_N4","program_DE_all1586",10.7132282573542,"Matrix-remodeling fibroblasts","K712771","Keloid"
"K712771_CELL5241_N2","program_DE_all1586",11.5204292131031,"Homeostatic/regulatory fibroblasts","K712771","Keloid"
"K712771_CELL5313_N2","program_DE_all1586",13.8495020919008,"Matrix-remodeling fibroblasts","K712771","Keloid"
"K712771_CELL5445_N4","program_DE_all1586",10.656776037618,"Matrix-remodeling fibroblasts","K712771","Keloid"
"K712771_CELL5485_N1","program_DE_all1586",9.88723079367382,"Matrix-remodeling fibroblasts","K712771","Keloid"
"K712771_CELL5492_N2","program_DE_all1586",19.5491489047479,"Matrix-remodeling fibroblasts","K712771","Keloid"
"K712771_CELL5571_N3","program_DE_all1586",12.279993056498,"ECM-producing fibroblasts","K712771","Keloid"
"K712771_CELL5672_N2","program_DE_all1586",20.0754940446015,"ECM-producing fibroblasts","K712771","Keloid"
"K712771_CELL5695_N3","program_DE_all1586",16.3089255845032,"ECM-producing fibroblasts","K712771","Keloid"
"K712771_CELL6146_N1","program_DE_all1586",10.8112772996195,"ECM-producing fibroblasts","K712771","Keloid"
"K712771_CELL6298_N2","program_DE_all1586",0.312053443956337,"Homeostatic/regulatory fibroblasts","K712771","Keloid"
"K712771_CELL6542_N3","program_DE_all1586",17.461878164499,"ECM-producing fibroblasts","K712771","Keloid"
"K712771_CELL6576_N2","program_DE_all1586",12.0548813097148,"Homeostatic/regulatory fibroblasts","K712771","Keloid"
"K712771_CELL6579_N2","program_DE_all1586",18.0103099202935,"Matrix-remodeling fibroblasts","K712771","Keloid"
"K712771_CELL6732_N2","program_DE_all1586",20.156778182691,"ECM-producing fibroblasts","K712771","Keloid"
"K712771_CELL6787_N2","program_DE_all1586",12.1098685107798,"ECM-producing fibroblasts","K712771","Keloid"
"K712771_CELL6857_N3","program_DE_all1586",20.2493482345973,"Matrix-remodeling fibroblasts","K712771","Keloid"
"K712771_CELL7321_N4","program_DE_all1586",18.4421877141117,"ECM-producing fibroblasts","K712771","Keloid"
"K712771_CELL7398_N2","program_DE_all1586",18.8759270286823,"Matrix-remodeling fibroblasts","K712771","Keloid"
"K712771_CELL7490_N2","program_DE_all1586",19.7465956734464,"ECM-producing fibroblasts","K712771","Keloid"
"K712771_CELL8181_N2","program_DE_all1586",18.5371368267374,"Matrix-remodeling fibroblasts","K712771","Keloid"
"K712771_CELL8397_N3","program_DE_all1586",12.1851738479026,"Matrix-remodeling fibroblasts","K712771","Keloid"
"K712771_CELL8809_N1","program_DE_all1586",11.9369827897029,"Matrix-remodeling fibroblasts","K712771","Keloid"
"K712771_CELL8906_N2","program_DE_all1586",20.3389915554641,"ECM-producing fibroblasts","K712771","Keloid"
"K712771_CELL8975_N2","program_DE_all1586",9.81050902822341,"Homeostatic/regulatory fibroblasts","K712771","Keloid"
"K712771_CELL9044_N2","program_DE_all1586",18.550136564209,"Matrix-remodeling fibroblasts","K712771","Keloid"
"K712771_CELL9469_N1","program_DE_all1586",11.7837622262329,"Homeostatic/regulatory fibroblasts","K712771","Keloid"
"K712771_CELL9682_N5","program_DE_all1586",19.9736847217198,"ECM-producing fibroblasts","K712771","Keloid"
"K712771_CELL10156_N2","program_DE_all1586",5.13712228375877,"ECM-producing fibroblasts","K712771","Keloid"
"K712771_CELL10795_N1","program_DE_all1586",11.7922746838626,"Matrix-remodeling fibroblasts","K712771","Keloid"
"K712771_CELL11078_N2","program_DE_all1586",10.7583117117693,"Matrix-remodeling fibroblasts","K712771","Keloid"
"K712771_CELL11095_N3","program_DE_all1586",20.1377155276535,"ECM-producing fibroblasts","K712771","Keloid"
"K712771_CELL11452_N2","program_DE_all1586",19.8914592619273,"Matrix-remodeling fibroblasts","K712771","Keloid"
"K712771_CELL11479_N2","program_DE_all1586",12.7663695453294,"Matrix-remodeling fibroblasts","K712771","Keloid"
"K712771_CELL11481_N2","program_DE_all1586",14.6557619337488,"Matrix-remodeling fibroblasts","K712771","Keloid"
"K712771_CELL11522_N3","program_DE_all1586",13.8003247517614,"Matrix-remodeling fibroblasts","K712771","Keloid"
"K712771_CELL11558_N3","program_DE_all1586",12.9228306907107,"Matrix-remodeling fibroblasts","K712771","Keloid"
"K712771_CELL11931_N2","program_DE_all1586",19.8269809155664,"ECM-producing fibroblasts","K712771","Keloid"
"K712771_CELL12144_N2","program_DE_all1586",19.8433090377482,"ECM-producing fibroblasts","K712771","Keloid"
"K712771_CELL12364_N3","program_DE_all1586",20.2165308225963,"Matrix-remodeling fibroblasts","K712771","Keloid"
"K712771_CELL12466_N1","program_DE_all1586",3.80944267133431,"Matrix-remodeling fibroblasts","K712771","Keloid"
"K712771_CELL12512_N1","program_DE_all1586",9.61437505213446,"Matrix-remodeling fibroblasts","K712771","Keloid"
"K712771_CELL12584_N2","program_DE_all1586",6.99670140940039,"Homeostatic/regulatory fibroblasts","K712771","Keloid"
"K712771_CELL12890_N2","program_DE_all1586",9.27688938500396,"Homeostatic/regulatory fibroblasts","K712771","Keloid"
"K712771_CELL13133_N1","program_DE_all1586",14.1355265036444,"Homeostatic/regulatory fibroblasts","K712771","Keloid"
"K712771_CELL13267_N1","program_DE_all1586",6.43762762585016,"Matrix-remodeling fibroblasts","K712771","Keloid"
"K712771_CELL13941_N1","program_DE_all1586",10.6871069104687,"Matrix-remodeling fibroblasts","K712771","Keloid"
"K712771_CELL14353_N1","program_DE_all1586",17.4946835399918,"Homeostatic/regulatory fibroblasts","K712771","Keloid"
"K712771_CELL15190_N1","program_DE_all1586",13.7010064132282,"Matrix-remodeling fibroblasts","K712771","Keloid"
"K712771_CELL15220_N1","program_DE_all1586",11.0431957200162,"Homeostatic/regulatory fibroblasts","K712771","Keloid"
"K712771_CELL16633_N1","program_DE_all1586",10.7523663660589,"ECM-producing fibroblasts","K712771","Keloid"
"K712771_CELL16714_N1","program_DE_all1586",20.0897672129242,"Matrix-remodeling fibroblasts","K712771","Keloid"
"K712771_CELL17064_N1","program_DE_all1586",20.7164591705391,"Matrix-remodeling fibroblasts","K712771","Keloid"
"K712771_CELL17104_N1","program_DE_all1586",21.6057133562495,"ECM-producing fibroblasts","K712771","Keloid"
"K712771_CELL17382_N1","program_DE_all1586",11.2747001547829,"Matrix-remodeling fibroblasts","K712771","Keloid"
"K712771_CELL18078_N1","program_DE_all1586",18.312100873187,"Matrix-remodeling fibroblasts","K712771","Keloid"
"K712771_CELL18219_N1","program_DE_all1586",18.2190787130705,"ECM-producing fibroblasts","K712771","Keloid"
"K712771_CELL19019_N1","program_DE_all1586",20.5142799526523,"Matrix-remodeling fibroblasts","K712771","Keloid"
"K712771_CELL19429_N1","program_DE_all1586",10.2862029155158,"Homeostatic/regulatory fibroblasts","K712771","Keloid"
"K712771_CELL19483_N1","program_DE_all1586",18.2209603810271,"Matrix-remodeling fibroblasts","K712771","Keloid"
"K712771_CELL20341_N1","program_DE_all1586",14.1663634508163,"Matrix-remodeling fibroblasts","K712771","Keloid"
"K712771_CELL20624_N1","program_DE_all1586",17.6831550457282,"ECM-producing fibroblasts","K712771","Keloid"
"K712771_CELL20715_N1","program_DE_all1586",19.8993241218616,"ECM-producing fibroblasts","K712771","Keloid"
"K712771_CELL21116_N1","program_DE_all1586",20.0115766572112,"ECM-producing fibroblasts","K712771","Keloid"
"K712771_CELL21319_N1","program_DE_all1586",9.39079513568603,"Homeostatic/regulatory fibroblasts","K712771","Keloid"
"K712771_CELL21676_N1","program_DE_all1586",12.3445816807711,"Homeostatic/regulatory fibroblasts","K712771","Keloid"
"K712771_CELL21794_N1","program_DE_all1586",22.0921340127793,"ECM-producing fibroblasts","K712771","Keloid"
"K712771_CELL22525_N1","program_DE_all1586",10.1440802215936,"Matrix-remodeling fibroblasts","K712771","Keloid"
"K712771_CELL23153_N1","program_DE_all1586",15.1302194519617,"ECM-producing fibroblasts","K712771","Keloid"
"K712771_CELL23672_N1","program_DE_all1586",20.5289553988721,"Matrix-remodeling fibroblasts","K712771","Keloid"
"K712771_CELL23805_N1","program_DE_all1586",11.7889782445417,"Homeostatic/regulatory fibroblasts","K712771","Keloid"
"N176712_CELL1209_N3","program_DE_all1586",8.32081139818411,"Matrix-remodeling fibroblasts","N176712","Normal"
"N176712_CELL2777_N3","program_DE_all1586",7.63301497843142,"Homeostatic/regulatory fibroblasts","N176712","Normal"
"N176712_CELL3232_N2","program_DE_all1586",0.919628181840551,"Homeostatic/regulatory fibroblasts","N176712","Normal"
"N176712_CELL3900_N2","program_DE_all1586",8.22683799180802,"Homeostatic/regulatory fibroblasts","N176712","Normal"
"N176712_CELL4364_N2","program_DE_all1586",6.42362974881021,"Matrix-remodeling fibroblasts","N176712","Normal"
"N176712_CELL5248_N3","program_DE_all1586",1.42930502692278,"ECM-producing fibroblasts","N176712","Normal"
"N176712_CELL6455_N2","program_DE_all1586",8.19033569813173,"Homeostatic/regulatory fibroblasts","N176712","Normal"
"N176712_CELL6949_N3","program_DE_all1586",8.33839985724421,"Homeostatic/regulatory fibroblasts","N176712","Normal"
"N176712_CELL9310_N1","program_DE_all1586",0.319340815162594,"Homeostatic/regulatory fibroblasts","N176712","Normal"
"N176712_CELL14513_N1","program_DE_all1586",3.30389787828186,"Matrix-remodeling fibroblasts","N176712","Normal"
"N176712_CELL14881_N1","program_DE_all1586",7.77865590895535,"Matrix-remodeling fibroblasts","N176712","Normal"
"N177536_CELL99_N5","program_DE_all1586",7.05125863371392,"Homeostatic/regulatory fibroblasts","N177536","Normal"
"N177536_CELL467_N2","program_DE_all1586",4.78143342751248,"Homeostatic/regulatory fibroblasts","N177536","Normal"
"N177536_CELL641_N3","program_DE_all1586",19.6606178128907,"Homeostatic/regulatory fibroblasts","N177536","Normal"
"N177536_CELL1859_N3","program_DE_all1586",22.1144210051832,"Homeostatic/regulatory fibroblasts","N177536","Normal"
"N177536_CELL2671_N2","program_DE_all1586",8.0199517552962,"Homeostatic/regulatory fibroblasts","N177536","Normal"
"N177536_CELL3702_N2","program_DE_all1586",0.182654130282136,"Homeostatic/regulatory fibroblasts","N177536","Normal"
"N177536_CELL3817_N3","program_DE_all1586",8.53721476855336,"Homeostatic/regulatory fibroblasts","N177536","Normal"
"N177536_CELL4444_N3","program_DE_all1586",10.3074304343232,"Matrix-remodeling fibroblasts","N177536","Normal"
"N177536_CELL4931_N3","program_DE_all1586",7.52073275912496,"Homeostatic/regulatory fibroblasts","N177536","Normal"
"N177536_CELL5149_N2","program_DE_all1586",6.72316974373265,"Homeostatic/regulatory fibroblasts","N177536","Normal"
"N177536_CELL5420_N3","program_DE_all1586",2.23030112841474,"Homeostatic/regulatory fibroblasts","N177536","Normal"
"N177536_CELL5535_N2","program_DE_all1586",8.30256287861424,"Homeostatic/regulatory fibroblasts","N177536","Normal"
"N177536_CELL5547_N2","program_DE_all1586",0.397413522227724,"Homeostatic/regulatory fibroblasts","N177536","Normal"
"N177536_CELL6495_N2","program_DE_all1586",0.251469350319071,"Homeostatic/regulatory fibroblasts","N177536","Normal"
"N177536_CELL6881_N2","program_DE_all1586",0.197748985948261,"Homeostatic/regulatory fibroblasts","N177536","Normal"
"N177536_CELL8407_N2","program_DE_all1586",8.3666505222703,"Homeostatic/regulatory fibroblasts","N177536","Normal"
"N177536_CELL8499_N2","program_DE_all1586",0.216144606555031,"Homeostatic/regulatory fibroblasts","N177536","Normal"
"N177536_CELL8756_N3","program_DE_all1586",8.1214468308817,"Homeostatic/regulatory fibroblasts","N177536","Normal"
"N177536_CELL8831_N2","program_DE_all1586",17.3414347100648,"Homeostatic/regulatory fibroblasts","N177536","Normal"
"N177536_CELL9609_N2","program_DE_all1586",0.141759307895503,"Homeostatic/regulatory fibroblasts","N177536","Normal"
"N177536_CELL9771_N2","program_DE_all1586",8.12734260845961,"Homeostatic/regulatory fibroblasts","N177536","Normal"
"N177536_CELL9976_N2","program_DE_all1586",0.378721692983472,"Homeostatic/regulatory fibroblasts","N177536","Normal"
"N177536_CELL10205_N3","program_DE_all1586",6.25812161679183,"Homeostatic/regulatory fibroblasts","N177536","Normal"
"N177536_CELL10358_N2","program_DE_all1586",9.54481475809653,"Homeostatic/regulatory fibroblasts","N177536","Normal"
"N177536_CELL11050_N3","program_DE_all1586",6.88120443451935,"Matrix-remodeling fibroblasts","N177536","Normal"
"N177536_CELL11056_N2","program_DE_all1586",5.17119653179564,"ECM-producing fibroblasts","N177536","Normal"
"N177536_CELL11528_N3","program_DE_all1586",16.6161820362589,"Homeostatic/regulatory fibroblasts","N177536","Normal"
"N177536_CELL11941_N3","program_DE_all1586",0.0686229432760075,"Homeostatic/regulatory fibroblasts","N177536","Normal"
"N177536_CELL13121_N1","program_DE_all1586",10.3363432343179,"Homeostatic/regulatory fibroblasts","N177536","Normal"
"N177536_CELL15883_N1","program_DE_all1586",10.34814125354,"Matrix-remodeling fibroblasts","N177536","Normal"
"N177536_CELL16993_N1","program_DE_all1586",4.28466423067252,"ECM-producing fibroblasts","N177536","Normal"
"N177536_CELL17130_N1","program_DE_all1586",4.31789581400071,"Homeostatic/regulatory fibroblasts","N177536","Normal"
"N177536_CELL18616_N1","program_DE_all1586",11.7007231702746,"ECM-producing fibroblasts","N177536","Normal"
"N177536_CELL19214_N1","program_DE_all1586",0.250684108914543,"Homeostatic/regulatory fibroblasts","N177536","Normal"
"N177536_CELL19706_N1","program_DE_all1586",2.43423804717079,"Homeostatic/regulatory fibroblasts","N177536","Normal"
"N177536_CELL20358_N1","program_DE_all1586",6.31333598937918,"Matrix-remodeling fibroblasts","N177536","Normal"
"N177536_CELL22589_N1","program_DE_all1586",5.55415039663751,"Homeostatic/regulatory fibroblasts","N177536","Normal"
"N177536_CELL22836_N1","program_DE_all1586",4.78077422433122,"ECM-producing fibroblasts","N177536","Normal"
"N177536_CELL22977_N1","program_DE_all1586",6.74314298703417,"Matrix-remodeling fibroblasts","N177536","Normal"
"N177536_CELL23410_N1","program_DE_all1586",0.5422880325568,"Homeostatic/regulatory fibroblasts","N177536","Normal"
"N177536_CELL25842_N1","program_DE_all1586",12.483782246108,"Matrix-remodeling fibroblasts","N177536","Normal"
"N177536_CELL26198_N1","program_DE_all1586",9.54489579954488,"Homeostatic/regulatory fibroblasts","N177536","Normal"
"N177536_CELL27559_N1","program_DE_all1586",22.0055688518315,"ECM-producing fibroblasts","N177536","Normal"
"N387690_CELL199_N3","program_DE_all1586",0.152076813423577,"ECM-producing fibroblasts","N387690","Normal"
"N387690_CELL228_N3","program_DE_all1586",0.440118065953195,"Homeostatic/regulatory fibroblasts","N387690","Normal"
"N387690_CELL241_N3","program_DE_all1586",0.562662990332143,"Homeostatic/regulatory fibroblasts","N387690","Normal"
"N387690_CELL304_N4","program_DE_all1586",3.23823817515376,"Homeostatic/regulatory fibroblasts","N387690","Normal"
"N387690_CELL318_N4","program_DE_all1586",0.902553416769257,"Homeostatic/regulatory fibroblasts","N387690","Normal"
"N387690_CELL357_N3","program_DE_all1586",0.887620940012185,"Homeostatic/regulatory fibroblasts","N387690","Normal"
"N387690_CELL370_N2","program_DE_all1586",0.317806580833407,"Homeostatic/regulatory fibroblasts","N387690","Normal"
"N387690_CELL477_N3","program_DE_all1586",0.329013609139304,"Homeostatic/regulatory fibroblasts","N387690","Normal"
"N387690_CELL532_N4","program_DE_all1586",1.41372315003883,"Homeostatic/regulatory fibroblasts","N387690","Normal"
"N387690_CELL573_N2","program_DE_all1586",0.25671501559088,"Homeostatic/regulatory fibroblasts","N387690","Normal"
"N387690_CELL669_N3","program_DE_all1586",0.293055010440634,"Homeostatic/regulatory fibroblasts","N387690","Normal"
"N387690_CELL780_N3","program_DE_all1586",4.69980189934725,"Homeostatic/regulatory fibroblasts","N387690","Normal"
"N387690_CELL787_N3","program_DE_all1586",0.484168405177485,"Homeostatic/regulatory fibroblasts","N387690","Normal"
"N387690_CELL811_N2","program_DE_all1586",0.497073326188825,"Homeostatic/regulatory fibroblasts","N387690","Normal"
"N387690_CELL939_N3","program_DE_all1586",0.580627091553311,"Homeostatic/regulatory fibroblasts","N387690","Normal"
"N387690_CELL1036_N1","program_DE_all1586",0.236096352777748,"Homeostatic/regulatory fibroblasts","N387690","Normal"
"N387690_CELL1048_N2","program_DE_all1586",0.204790354127439,"Homeostatic/regulatory fibroblasts","N387690","Normal"
"N387690_CELL1082_N4","program_DE_all1586",6.8203451362406,"Homeostatic/regulatory fibroblasts","N387690","Normal"
"N387690_CELL1182_N2","program_DE_all1586",0.319507600763867,"Homeostatic/regulatory fibroblasts","N387690","Normal"
"N387690_CELL1198_N2","program_DE_all1586",0.536186277873936,"Homeostatic/regulatory fibroblasts","N387690","Normal"
"N387690_CELL1312_N2","program_DE_all1586",0.156001661809332,"Homeostatic/regulatory fibroblasts","N387690","Normal"
"N387690_CELL1336_N2","program_DE_all1586",0.355445283252377,"Homeostatic/regulatory fibroblasts","N387690","Normal"
"N387690_CELL1371_N2","program_DE_all1586",0.590320361358889,"Homeostatic/regulatory fibroblasts","N387690","Normal"
"N387690_CELL1400_N2","program_DE_all1586",6.4006558133577,"Homeostatic/regulatory fibroblasts","N387690","Normal"
"N387690_CELL1473_N3","program_DE_all1586",1.10840660409749,"Homeostatic/regulatory fibroblasts","N387690","Normal"
"N387690_CELL1541_N4","program_DE_all1586",0.444431185491359,"Homeostatic/regulatory fibroblasts","N387690","Normal"
"N387690_CELL1569_N3","program_DE_all1586",0.396628962842234,"Homeostatic/regulatory fibroblasts","N387690","Normal"
"N387690_CELL1703_N2","program_DE_all1586",0.431182419997213,"Homeostatic/regulatory fibroblasts","N387690","Normal"
"N387690_CELL1731_N3","program_DE_all1586",0.0513398106207673,"ECM-producing fibroblasts","N387690","Normal"
"N387690_CELL1774_N3","program_DE_all1586",0.433090509282225,"Homeostatic/regulatory fibroblasts","N387690","Normal"
"N387690_CELL1787_N3","program_DE_all1586",0.0869607316511206,"Homeostatic/regulatory fibroblasts","N387690","Normal"
"N387690_CELL1804_N4","program_DE_all1586",0.14485853521281,"ECM-producing fibroblasts","N387690","Normal"
"N387690_CELL1836_N3","program_DE_all1586",0.227171799874082,"Homeostatic/regulatory fibroblasts","N387690","Normal"
"N387690_CELL1898_N4","program_DE_all1586",0.564388410386066,"Homeostatic/regulatory fibroblasts","N387690","Normal"
"N387690_CELL2098_N2","program_DE_all1586",0.524742967830899,"Homeostatic/regulatory fibroblasts","N387690","Normal"
"N387690_CELL2153_N3","program_DE_all1586",5.14131399528731,"Homeostatic/regulatory fibroblasts","N387690","Normal"
"N387690_CELL2167_N2","program_DE_all1586",0.430760725243584,"ECM-producing fibroblasts","N387690","Normal"
"N387690_CELL2235_N5","program_DE_all1586",0.462065070225727,"Homeostatic/regulatory fibroblasts","N387690","Normal"
"N387690_CELL2287_N3","program_DE_all1586",0.159230769854228,"Homeostatic/regulatory fibroblasts","N387690","Normal"
"N387690_CELL2293_N4","program_DE_all1586",0.277209746184655,"Homeostatic/regulatory fibroblasts","N387690","Normal"
"N387690_CELL2307_N2","program_DE_all1586",0.214336366560444,"ECM-producing fibroblasts","N387690","Normal"
"N387690_CELL2367_N3","program_DE_all1586",3.83370018614625,"Homeostatic/regulatory fibroblasts","N387690","Normal"
"N387690_CELL2428_N2","program_DE_all1586",3.73630720863951,"ECM-producing fibroblasts","N387690","Normal"
"N387690_CELL2433_N2","program_DE_all1586",0.630393471916572,"Homeostatic/regulatory fibroblasts","N387690","Normal"
"N387690_CELL2521_N2","program_DE_all1586",0.265878797882309,"Homeostatic/regulatory fibroblasts","N387690","Normal"
"N387690_CELL2576_N3","program_DE_all1586",0.407601940896407,"Homeostatic/regulatory fibroblasts","N387690","Normal"
"N387690_CELL2590_N3","program_DE_all1586",0.363541318363842,"Homeostatic/regulatory fibroblasts","N387690","Normal"
"N387690_CELL2681_N2","program_DE_all1586",0.349557332148877,"Homeostatic/regulatory fibroblasts","N387690","Normal"
"N387690_CELL2703_N2","program_DE_all1586",0.622366176965527,"Homeostatic/regulatory fibroblasts","N387690","Normal"
"N387690_CELL2827_N2","program_DE_all1586",0.259397691601719,"Homeostatic/regulatory fibroblasts","N387690","Normal"
"N387690_CELL2934_N3","program_DE_all1586",0.619356376337045,"Homeostatic/regulatory fibroblasts","N387690","Normal"
"N387690_CELL2939_N3","program_DE_all1586",3.65426144885057,"Homeostatic/regulatory fibroblasts","N387690","Normal"
"N387690_CELL2976_N2","program_DE_all1586",0.250176839696481,"Homeostatic/regulatory fibroblasts","N387690","Normal"
"N387690_CELL3003_N3","program_DE_all1586",0.440276722317654,"Homeostatic/regulatory fibroblasts","N387690","Normal"
"N387690_CELL3134_N3","program_DE_all1586",4.61118294484638,"Homeostatic/regulatory fibroblasts","N387690","Normal"
"N387690_CELL3274_N3","program_DE_all1586",0.161802405783888,"ECM-producing fibroblasts","N387690","Normal"
"N387690_CELL3328_N2","program_DE_all1586",0.132450375524516,"ECM-producing fibroblasts","N387690","Normal"
"N387690_CELL3396_N3","program_DE_all1586",0.880659182613922,"Homeostatic/regulatory fibroblasts","N387690","Normal"
"N387690_CELL3416_N2","program_DE_all1586",0.383487697034061,"Homeostatic/regulatory fibroblasts","N387690","Normal"
"N387690_CELL3433_N4","program_DE_all1586",1.01670122084618,"Homeostatic/regulatory fibroblasts","N387690","Normal"
"N387690_CELL3453_N2","program_DE_all1586",0.373447007151101,"Homeostatic/regulatory fibroblasts","N387690","Normal"
"N387690_CELL3526_N5","program_DE_all1586",0.308482674900969,"Homeostatic/regulatory fibroblasts","N387690","Normal"
"N387690_CELL3575_N2","program_DE_all1586",0.230949070240583,"Homeostatic/regulatory fibroblasts","N387690","Normal"
"N387690_CELL3596_N2","program_DE_all1586",0.277732930657802,"Homeostatic/regulatory fibroblasts","N387690","Normal"
"N387690_CELL3604_N2","program_DE_all1586",1.51634405714221,"Homeostatic/regulatory fibroblasts","N387690","Normal"
"N387690_CELL3612_N4","program_DE_all1586",0.385001431568944,"Homeostatic/regulatory fibroblasts","N387690","Normal"
"N387690_CELL3631_N4","program_DE_all1586",0.361436629703487,"Homeostatic/regulatory fibroblasts","N387690","Normal"
"N387690_CELL3735_N3","program_DE_all1586",0.11389655469972,"Homeostatic/regulatory fibroblasts","N387690","Normal"
"N387690_CELL3873_N3","program_DE_all1586",0.205481114356747,"Homeostatic/regulatory fibroblasts","N387690","Normal"
"N387690_CELL3902_N2","program_DE_all1586",0.254043570490296,"Homeostatic/regulatory fibroblasts","N387690","Normal"
"N387690_CELL3923_N3","program_DE_all1586",0.341075310682568,"Homeostatic/regulatory fibroblasts","N387690","Normal"
"N387690_CELL4047_N4","program_DE_all1586",0.637476082213436,"Homeostatic/regulatory fibroblasts","N387690","Normal"
"N387690_CELL4183_N2","program_DE_all1586",1.00522275602419,"Homeostatic/regulatory fibroblasts","N387690","Normal"
"N387690_CELL4356_N4","program_DE_all1586",0.256430649198785,"Homeostatic/regulatory fibroblasts","N387690","Normal"
"N387690_CELL4456_N2","program_DE_all1586",0.375479248739468,"Homeostatic/regulatory fibroblasts","N387690","Normal"
"N387690_CELL4592_N7","program_DE_all1586",8.26271725815806,"Homeostatic/regulatory fibroblasts","N387690","Normal"
"N387690_CELL4736_N2","program_DE_all1586",0.291438844969612,"Homeostatic/regulatory fibroblasts","N387690","Normal"
"N387690_CELL4752_N3","program_DE_all1586",0.255197384057667,"ECM-producing fibroblasts","N387690","Normal"
"N387690_CELL4803_N3","program_DE_all1586",0.262539099526206,"Homeostatic/regulatory fibroblasts","N387690","Normal"
"N387690_CELL5015_N2","program_DE_all1586",0.421715348612983,"Homeostatic/regulatory fibroblasts","N387690","Normal"
"N387690_CELL5034_N5","program_DE_all1586",0.317162654930717,"Homeostatic/regulatory fibroblasts","N387690","Normal"
"N387690_CELL5095_N3","program_DE_all1586",0.480475806841594,"Homeostatic/regulatory fibroblasts","N387690","Normal"
"N387690_CELL5103_N4","program_DE_all1586",0.347317504212131,"Homeostatic/regulatory fibroblasts","N387690","Normal"
"N387690_CELL5147_N3","program_DE_all1586",0.143108142443712,"Homeostatic/regulatory fibroblasts","N387690","Normal"
"N387690_CELL5163_N3","program_DE_all1586",0.410470474014124,"Homeostatic/regulatory fibroblasts","N387690","Normal"
"N387690_CELL5319_N3","program_DE_all1586",2.90517027672337,"Homeostatic/regulatory fibroblasts","N387690","Normal"
"N387690_CELL5347_N4","program_DE_all1586",0.150184760404101,"ECM-producing fibroblasts","N387690","Normal"
"N387690_CELL5652_N2","program_DE_all1586",2.39693072476111,"Homeostatic/regulatory fibroblasts","N387690","Normal"
"N387690_CELL5660_N3","program_DE_all1586",0.226255165477102,"Homeostatic/regulatory fibroblasts","N387690","Normal"
"N387690_CELL5689_N2","program_DE_all1586",0.284457679912658,"Homeostatic/regulatory fibroblasts","N387690","Normal"
"N387690_CELL5726_N2","program_DE_all1586",0.399128006914232,"Homeostatic/regulatory fibroblasts","N387690","Normal"
"N387690_CELL5772_N5","program_DE_all1586",0.821428127392897,"Homeostatic/regulatory fibroblasts","N387690","Normal"
"N387690_CELL6006_N2","program_DE_all1586",0.248320996816352,"Homeostatic/regulatory fibroblasts","N387690","Normal"
"N387690_CELL6059_N2","program_DE_all1586",0.401720158776942,"Homeostatic/regulatory fibroblasts","N387690","Normal"
"N387690_CELL6261_N3","program_DE_all1586",0.561544087222354,"Homeostatic/regulatory fibroblasts","N387690","Normal"
"N387690_CELL6304_N2","program_DE_all1586",0.411756149931016,"Homeostatic/regulatory fibroblasts","N387690","Normal"
"N387690_CELL6362_N2","program_DE_all1586",0.209483998531361,"Homeostatic/regulatory fibroblasts","N387690","Normal"
"N387690_CELL6518_N4","program_DE_all1586",0.458748629882585,"Homeostatic/regulatory fibroblasts","N387690","Normal"
"N387690_CELL6594_N2","program_DE_all1586",0.202016332346513,"Homeostatic/regulatory fibroblasts","N387690","Normal"
"N387690_CELL6668_N2","program_DE_all1586",0.267529510640063,"Homeostatic/regulatory fibroblasts","N387690","Normal"
"N387690_CELL6871_N2","program_DE_all1586",0.0524703201502245,"Homeostatic/regulatory fibroblasts","N387690","Normal"
"N387690_CELL6935_N4","program_DE_all1586",0.517889515816338,"Homeostatic/regulatory fibroblasts","N387690","Normal"
"N387690_CELL6951_N3","program_DE_all1586",0.093330508759528,"Homeostatic/regulatory fibroblasts","N387690","Normal"
"N387690_CELL7016_N2","program_DE_all1586",0.331302673620654,"Homeostatic/regulatory fibroblasts","N387690","Normal"
"N387690_CELL7026_N2","program_DE_all1586",0.17545105815745,"Homeostatic/regulatory fibroblasts","N387690","Normal"
"N387690_CELL7096_N2","program_DE_all1586",0.242158669968038,"Homeostatic/regulatory fibroblasts","N387690","Normal"
"N387690_CELL7121_N2","program_DE_all1586",0.390434393213565,"Homeostatic/regulatory fibroblasts","N387690","Normal"
"N387690_CELL7143_N3","program_DE_all1586",2.29658926201018,"ECM-producing fibroblasts","N387690","Normal"
"N387690_CELL7176_N3","program_DE_all1586",0.428604623651567,"Homeostatic/regulatory fibroblasts","N387690","Normal"
"N387690_CELL7208_N2","program_DE_all1586",9.05811516806857,"Homeostatic/regulatory fibroblasts","N387690","Normal"
"N387690_CELL7473_N3","program_DE_all1586",0.236696330867578,"Homeostatic/regulatory fibroblasts","N387690","Normal"
"N387690_CELL7509_N2","program_DE_all1586",0.385162139077949,"ECM-producing fibroblasts","N387690","Normal"
"N387690_CELL7538_N2","program_DE_all1586",0.576624246735557,"Homeostatic/regulatory fibroblasts","N387690","Normal"
"N387690_CELL7573_N3","program_DE_all1586",0.280538000406971,"Homeostatic/regulatory fibroblasts","N387690","Normal"
"N387690_CELL7647_N3","program_DE_all1586",0.304028755235163,"Homeostatic/regulatory fibroblasts","N387690","Normal"
"N387690_CELL7825_N2","program_DE_all1586",0.393868938699928,"Homeostatic/regulatory fibroblasts","N387690","Normal"
"N387690_CELL7852_N2","program_DE_all1586",0.661266829638602,"Homeostatic/regulatory fibroblasts","N387690","Normal"
"N387690_CELL7902_N2","program_DE_all1586",0.276209411656383,"Homeostatic/regulatory fibroblasts","N387690","Normal"
"N387690_CELL7949_N2","program_DE_all1586",2.43266194441842,"Matrix-remodeling fibroblasts","N387690","Normal"
"N387690_CELL8052_N2","program_DE_all1586",6.51378290850467,"Matrix-remodeling fibroblasts","N387690","Normal"
"N387690_CELL8080_N2","program_DE_all1586",0.398550372502913,"Homeostatic/regulatory fibroblasts","N387690","Normal"
"N387690_CELL8105_N2","program_DE_all1586",0.172565070669093,"Homeostatic/regulatory fibroblasts","N387690","Normal"
"N387690_CELL8127_N2","program_DE_all1586",0.461743440127409,"Homeostatic/regulatory fibroblasts","N387690","Normal"
"N387690_CELL8151_N3","program_DE_all1586",0.297530813237415,"Homeostatic/regulatory fibroblasts","N387690","Normal"
"N387690_CELL8300_N2","program_DE_all1586",0.306540737662142,"Homeostatic/regulatory fibroblasts","N387690","Normal"
"N387690_CELL8314_N4","program_DE_all1586",0.61922105413527,"Homeostatic/regulatory fibroblasts","N387690","Normal"
"N387690_CELL8342_N2","program_DE_all1586",0.589818252620764,"Homeostatic/regulatory fibroblasts","N387690","Normal"
"N387690_CELL8351_N3","program_DE_all1586",0.884250396867399,"Homeostatic/regulatory fibroblasts","N387690","Normal"
"N387690_CELL8481_N2","program_DE_all1586",0.442465095955374,"Homeostatic/regulatory fibroblasts","N387690","Normal"
"N387690_CELL8510_N3","program_DE_all1586",6.48295947164527,"Homeostatic/regulatory fibroblasts","N387690","Normal"
"N387690_CELL8571_N2","program_DE_all1586",0.983840076900355,"Homeostatic/regulatory fibroblasts","N387690","Normal"
"N387690_CELL8611_N2","program_DE_all1586",0.180541408155178,"Homeostatic/regulatory fibroblasts","N387690","Normal"
"N387690_CELL8623_N3","program_DE_all1586",0.502507409693166,"Homeostatic/regulatory fibroblasts","N387690","Normal"
"N387690_CELL8670_N2","program_DE_all1586",4.70348240090514,"Homeostatic/regulatory fibroblasts","N387690","Normal"
"N387690_CELL8732_N3","program_DE_all1586",22.4659133351493,"Homeostatic/regulatory fibroblasts","N387690","Normal"
"N387690_CELL8763_N2","program_DE_all1586",5.03060799376206,"Homeostatic/regulatory fibroblasts","N387690","Normal"
"N387690_CELL8888_N2","program_DE_all1586",0.354960714620465,"Homeostatic/regulatory fibroblasts","N387690","Normal"
"N387690_CELL8943_N2","program_DE_all1586",0.355329458251003,"Homeostatic/regulatory fibroblasts","N387690","Normal"
"N387690_CELL9070_N2","program_DE_all1586",0.274376711332744,"Homeostatic/regulatory fibroblasts","N387690","Normal"
"N387690_CELL9385_N2","program_DE_all1586",0.270813321474776,"Homeostatic/regulatory fibroblasts","N387690","Normal"
"N387690_CELL9436_N2","program_DE_all1586",0.528979045554853,"Homeostatic/regulatory fibroblasts","N387690","Normal"
"N387690_CELL9517_N2","program_DE_all1586",0.225976296940469,"Homeostatic/regulatory fibroblasts","N387690","Normal"
"N387690_CELL9559_N2","program_DE_all1586",0.312627079139456,"Homeostatic/regulatory fibroblasts","N387690","Normal"
"N387690_CELL9812_N2","program_DE_all1586",0.135932476086743,"Homeostatic/regulatory fibroblasts","N387690","Normal"
"N387690_CELL9885_N3","program_DE_all1586",0.367624276895,"Homeostatic/regulatory fibroblasts","N387690","Normal"
"N387690_CELL9890_N2","program_DE_all1586",0.567328065665999,"Homeostatic/regulatory fibroblasts","N387690","Normal"
"N387690_CELL10048_N4","program_DE_all1586",0.392440880553831,"Homeostatic/regulatory fibroblasts","N387690","Normal"
"N387690_CELL10058_N2","program_DE_all1586",0.379419622210345,"Homeostatic/regulatory fibroblasts","N387690","Normal"
"N387690_CELL10163_N3","program_DE_all1586",0.672234611756423,"Homeostatic/regulatory fibroblasts","N387690","Normal"
"N387690_CELL10200_N3","program_DE_all1586",0.322174566872507,"Homeostatic/regulatory fibroblasts","N387690","Normal"
"N387690_CELL10230_N3","program_DE_all1586",0.328546322675989,"Homeostatic/regulatory fibroblasts","N387690","Normal"
"N387690_CELL10274_N1","program_DE_all1586",0.0960084237988102,"Matrix-remodeling fibroblasts","N387690","Normal"
"N387690_CELL10291_N2","program_DE_all1586",0.20691175420694,"Homeostatic/regulatory fibroblasts","N387690","Normal"
"N387690_CELL10744_N2","program_DE_all1586",0.367649385849853,"Homeostatic/regulatory fibroblasts","N387690","Normal"
"N387690_CELL10762_N2","program_DE_all1586",0.422814497096738,"Homeostatic/regulatory fibroblasts","N387690","Normal"
"N387690_CELL10781_N2","program_DE_all1586",0.491605693567031,"Homeostatic/regulatory fibroblasts","N387690","Normal"
"N387690_CELL10871_N3","program_DE_all1586",0.488804165068088,"Homeostatic/regulatory fibroblasts","N387690","Normal"
"N387690_CELL10951_N2","program_DE_all1586",0.254949970206004,"Homeostatic/regulatory fibroblasts","N387690","Normal"
"N387690_CELL10988_N2","program_DE_all1586",0.261703427042051,"Homeostatic/regulatory fibroblasts","N387690","Normal"
"N387690_CELL11123_N2","program_DE_all1586",0.484218336184117,"Homeostatic/regulatory fibroblasts","N387690","Normal"
"N387690_CELL11214_N2","program_DE_all1586",0.230475155921774,"Homeostatic/regulatory fibroblasts","N387690","Normal"
"N387690_CELL11231_N2","program_DE_all1586",0.384818320642843,"Homeostatic/regulatory fibroblasts","N387690","Normal"
"N387690_CELL11336_N3","program_DE_all1586",0.501499701553068,"Homeostatic/regulatory fibroblasts","N387690","Normal"
"N387690_CELL11516_N4","program_DE_all1586",0.290763643564149,"Homeostatic/regulatory fibroblasts","N387690","Normal"
"N387690_CELL11610_N2","program_DE_all1586",0.283245797782888,"Homeostatic/regulatory fibroblasts","N387690","Normal"
"N387690_CELL11624_N2","program_DE_all1586",0.27872743426476,"Homeostatic/regulatory fibroblasts","N387690","Normal"
"N387690_CELL11685_N2","program_DE_all1586",0.355448150292559,"ECM-producing fibroblasts","N387690","Normal"
"N387690_CELL11737_N2","program_DE_all1586",0.416102039325528,"Homeostatic/regulatory fibroblasts","N387690","Normal"
"N387690_CELL11864_N3","program_DE_all1586",0.30073283593034,"Homeostatic/regulatory fibroblasts","N387690","Normal"
"N387690_CELL12009_N2","program_DE_all1586",0.380085172519548,"Homeostatic/regulatory fibroblasts","N387690","Normal"
"N387690_CELL12013_N2","program_DE_all1586",0.437603983785514,"Homeostatic/regulatory fibroblasts","N387690","Normal"
"N387690_CELL12032_N2","program_DE_all1586",0.284461253333003,"Homeostatic/regulatory fibroblasts","N387690","Normal"
"N387690_CELL12180_N2","program_DE_all1586",4.39941989365074,"Matrix-remodeling fibroblasts","N387690","Normal"
"N387690_CELL12201_N3","program_DE_all1586",0.349091480328491,"Homeostatic/regulatory fibroblasts","N387690","Normal"
"N387690_CELL12225_N2","program_DE_all1586",0.532837878559794,"Homeostatic/regulatory fibroblasts","N387690","Normal"
"N387690_CELL12532_N2","program_DE_all1586",0.452942924678377,"Homeostatic/regulatory fibroblasts","N387690","Normal"
"N387690_CELL12554_N2","program_DE_all1586",0.457886007991662,"Homeostatic/regulatory fibroblasts","N387690","Normal"
"N387690_CELL12600_N2","program_DE_all1586",0.307225301281044,"Homeostatic/regulatory fibroblasts","N387690","Normal"
"N387690_CELL12652_N2","program_DE_all1586",5.19382481528067,"Homeostatic/regulatory fibroblasts","N387690","Normal"
"N387690_CELL12834_N2","program_DE_all1586",0.672043072637733,"Homeostatic/regulatory fibroblasts","N387690","Normal"
"N387690_CELL13111_N2","program_DE_all1586",0.294743550109896,"Homeostatic/regulatory fibroblasts","N387690","Normal"
"N387690_CELL13137_N2","program_DE_all1586",0.329815765382761,"Homeostatic/regulatory fibroblasts","N387690","Normal"
"N387690_CELL13168_N2","program_DE_all1586",0.362642832840519,"Homeostatic/regulatory fibroblasts","N387690","Normal"
"N387690_CELL13400_N1","program_DE_all1586",0.286537145219177,"ECM-producing fibroblasts","N387690","Normal"
"N387690_CELL13518_N1","program_DE_all1586",0.201239614764408,"Homeostatic/regulatory fibroblasts","N387690","Normal"
"N387690_CELL13708_N1","program_DE_all1586",3.46182219606691,"Homeostatic/regulatory fibroblasts","N387690","Normal"
"N387690_CELL13917_N1","program_DE_all1586",0.262479113443487,"Homeostatic/regulatory fibroblasts","N387690","Normal"
"N387690_CELL14005_N1","program_DE_all1586",0.47407253080951,"Homeostatic/regulatory fibroblasts","N387690","Normal"
"N387690_CELL14114_N1","program_DE_all1586",0.353852513073724,"Homeostatic/regulatory fibroblasts","N387690","Normal"
"N387690_CELL14242_N1","program_DE_all1586",0.553330224585836,"Homeostatic/regulatory fibroblasts","N387690","Normal"
"N387690_CELL14327_N1","program_DE_all1586",0.280124140835116,"Homeostatic/regulatory fibroblasts","N387690","Normal"
"N387690_CELL14331_N1","program_DE_all1586",0.211687554634954,"Homeostatic/regulatory fibroblasts","N387690","Normal"
"N387690_CELL14504_N1","program_DE_all1586",0.453718886217192,"Homeostatic/regulatory fibroblasts","N387690","Normal"
"N387690_CELL14520_N1","program_DE_all1586",0.453532260672549,"Homeostatic/regulatory fibroblasts","N387690","Normal"
"N387690_CELL14677_N1","program_DE_all1586",0.487924694966077,"Homeostatic/regulatory fibroblasts","N387690","Normal"
"N387690_CELL14707_N1","program_DE_all1586",0.319600628681663,"Homeostatic/regulatory fibroblasts","N387690","Normal"
"N387690_CELL14757_N1","program_DE_all1586",0.326735672107373,"Homeostatic/regulatory fibroblasts","N387690","Normal"
"N387690_CELL15052_N1","program_DE_all1586",0.415582135775999,"Homeostatic/regulatory fibroblasts","N387690","Normal"
"N387690_CELL15144_N1","program_DE_all1586",0.427801088887476,"Homeostatic/regulatory fibroblasts","N387690","Normal"
"N387690_CELL15190_N1","program_DE_all1586",0.125268196422047,"Homeostatic/regulatory fibroblasts","N387690","Normal"
"N387690_CELL15208_N1","program_DE_all1586",3.97300872085525,"Matrix-remodeling fibroblasts","N387690","Normal"
"N387690_CELL15284_N1","program_DE_all1586",0.216354988395597,"Homeostatic/regulatory fibroblasts","N387690","Normal"
"N387690_CELL15602_N1","program_DE_all1586",0.424582336826652,"Homeostatic/regulatory fibroblasts","N387690","Normal"
"N387690_CELL15676_N1","program_DE_all1586",0.175147755880464,"Homeostatic/regulatory fibroblasts","N387690","Normal"
"N387690_CELL15721_N1","program_DE_all1586",9.23642544073688,"Matrix-remodeling fibroblasts","N387690","Normal"
"N387690_CELL15777_N1","program_DE_all1586",0.31908514024539,"Homeostatic/regulatory fibroblasts","N387690","Normal"
"N387690_CELL15787_N1","program_DE_all1586",0.575394437342819,"Homeostatic/regulatory fibroblasts","N387690","Normal"
"N387690_CELL15796_N1","program_DE_all1586",0.48005089407013,"Homeostatic/regulatory fibroblasts","N387690","Normal"
"N387690_CELL15927_N1","program_DE_all1586",0.108363924251358,"Homeostatic/regulatory fibroblasts","N387690","Normal"
"N387690_CELL16076_N1","program_DE_all1586",0.489187939673948,"Homeostatic/regulatory fibroblasts","N387690","Normal"
"N387690_CELL16196_N1","program_DE_all1586",0.132279688170214,"ECM-producing fibroblasts","N387690","Normal"
"N387690_CELL16327_N1","program_DE_all1586",0.819285459185825,"Homeostatic/regulatory fibroblasts","N387690","Normal"
"N387690_CELL16328_N1","program_DE_all1586",6.31647818629138,"Homeostatic/regulatory fibroblasts","N387690","Normal"
"N387690_CELL16368_N1","program_DE_all1586",0.354467429976939,"Homeostatic/regulatory fibroblasts","N387690","Normal"
"N387690_CELL16444_N1","program_DE_all1586",0.0647213325746472,"Homeostatic/regulatory fibroblasts","N387690","Normal"
"N387690_CELL16480_N1","program_DE_all1586",0.0791016434598469,"Homeostatic/regulatory fibroblasts","N387690","Normal"
"N387690_CELL16661_N1","program_DE_all1586",0.122266359926487,"Homeostatic/regulatory fibroblasts","N387690","Normal"
"N387690_CELL16681_N1","program_DE_all1586",0.43826076570236,"Homeostatic/regulatory fibroblasts","N387690","Normal"
"N387690_CELL16825_N1","program_DE_all1586",0.0433733580373155,"Homeostatic/regulatory fibroblasts","N387690","Normal"
"N387690_CELL16881_N1","program_DE_all1586",2.65906239567046,"ECM-producing fibroblasts","N387690","Normal"
"N387690_CELL17065_N1","program_DE_all1586",0.335913496426124,"Homeostatic/regulatory fibroblasts","N387690","Normal"
"N387690_CELL17160_N1","program_DE_all1586",0.634827949446675,"Homeostatic/regulatory fibroblasts","N387690","Normal"
"N387690_CELL17338_N1","program_DE_all1586",0.252351852021917,"Homeostatic/regulatory fibroblasts","N387690","Normal"
"N387690_CELL17356_N1","program_DE_all1586",0.402668285332039,"Homeostatic/regulatory fibroblasts","N387690","Normal"
"N387690_CELL17497_N1","program_DE_all1586",6.94944463129826,"Homeostatic/regulatory fibroblasts","N387690","Normal"
"N387690_CELL17766_N1","program_DE_all1586",0.323674026276224,"Homeostatic/regulatory fibroblasts","N387690","Normal"
"N387690_CELL17784_N1","program_DE_all1586",0.424856021524239,"Homeostatic/regulatory fibroblasts","N387690","Normal"
"N387690_CELL17808_N1","program_DE_all1586",0.0765308721501684,"ECM-producing fibroblasts","N387690","Normal"
"N387690_CELL17887_N1","program_DE_all1586",0.189285357584345,"Homeostatic/regulatory fibroblasts","N387690","Normal"
"N387690_CELL18077_N1","program_DE_all1586",0.107706497025907,"Homeostatic/regulatory fibroblasts","N387690","Normal"
"N387690_CELL18532_N1","program_DE_all1586",0.505217610730096,"Homeostatic/regulatory fibroblasts","N387690","Normal"
"N387690_CELL18587_N1","program_DE_all1586",1.50271738856624,"Homeostatic/regulatory fibroblasts","N387690","Normal"
"N387690_CELL18607_N1","program_DE_all1586",0.319435721503201,"Homeostatic/regulatory fibroblasts","N387690","Normal"
"N387690_CELL18650_N1","program_DE_all1586",0.302633066289868,"Homeostatic/regulatory fibroblasts","N387690","Normal"
"N387690_CELL18876_N1","program_DE_all1586",0.0959657515191893,"Homeostatic/regulatory fibroblasts","N387690","Normal"
"N387690_CELL18900_N1","program_DE_all1586",0.279541624364463,"Homeostatic/regulatory fibroblasts","N387690","Normal"
"N387690_CELL18905_N1","program_DE_all1586",0.563377474825912,"Homeostatic/regulatory fibroblasts","N387690","Normal"
"N387690_CELL18953_N1","program_DE_all1586",0.125612328679683,"Homeostatic/regulatory fibroblasts","N387690","Normal"
"N387690_CELL19154_N1","program_DE_all1586",0.619819475972899,"Homeostatic/regulatory fibroblasts","N387690","Normal"
"N387690_CELL19367_N1","program_DE_all1586",0.200209907755107,"Homeostatic/regulatory fibroblasts","N387690","Normal"
"N387690_CELL19370_N1","program_DE_all1586",0.220461651415639,"Homeostatic/regulatory fibroblasts","N387690","Normal"
"N387690_CELL19514_N1","program_DE_all1586",0.404943838208429,"Homeostatic/regulatory fibroblasts","N387690","Normal"
"N387690_CELL19986_N1","program_DE_all1586",5.26728535804505,"Homeostatic/regulatory fibroblasts","N387690","Normal"
"N387690_CELL20338_N1","program_DE_all1586",0.348120039821821,"Homeostatic/regulatory fibroblasts","N387690","Normal"
"N387690_CELL20382_N1","program_DE_all1586",8.04742901312161,"Homeostatic/regulatory fibroblasts","N387690","Normal"
"N387690_CELL20593_N1","program_DE_all1586",0.372642550917684,"ECM-producing fibroblasts","N387690","Normal"
"N387690_CELL20615_N1","program_DE_all1586",0.36598039958597,"Homeostatic/regulatory fibroblasts","N387690","Normal"
"N387690_CELL20716_N1","program_DE_all1586",0,"Homeostatic/regulatory fibroblasts","N387690","Normal"
"N387690_CELL20809_N1","program_DE_all1586",0.199227823408236,"Homeostatic/regulatory fibroblasts","N387690","Normal"
"N387690_CELL20890_N1","program_DE_all1586",0.242972743114404,"Homeostatic/regulatory fibroblasts","N387690","Normal"
"N387690_CELL20940_N1","program_DE_all1586",0.409478985116044,"Homeostatic/regulatory fibroblasts","N387690","Normal"
"N387690_CELL20959_N1","program_DE_all1586",0.461341155115959,"Homeostatic/regulatory fibroblasts","N387690","Normal"
"N387690_CELL21237_N1","program_DE_all1586",0.378939526616552,"Homeostatic/regulatory fibroblasts","N387690","Normal"
"N387690_CELL21242_N1","program_DE_all1586",0.25882412797832,"Homeostatic/regulatory fibroblasts","N387690","Normal"
"N387690_CELL21451_N1","program_DE_all1586",0.341672178091054,"Homeostatic/regulatory fibroblasts","N387690","Normal"
"N387690_CELL21567_N1","program_DE_all1586",0.376314975114964,"Homeostatic/regulatory fibroblasts","N387690","Normal"
"N387690_CELL21636_N1","program_DE_all1586",0.516172753443424,"Homeostatic/regulatory fibroblasts","N387690","Normal"
"N387690_CELL21668_N1","program_DE_all1586",0.245001063166382,"ECM-producing fibroblasts","N387690","Normal"
"N387690_CELL21788_N1","program_DE_all1586",0.50000814624831,"Homeostatic/regulatory fibroblasts","N387690","Normal"
"N387690_CELL22185_N1","program_DE_all1586",0.264061382651244,"Homeostatic/regulatory fibroblasts","N387690","Normal"
"N387690_CELL22358_N1","program_DE_all1586",0.286604763006398,"Homeostatic/regulatory fibroblasts","N387690","Normal"
"N387690_CELL22399_N1","program_DE_all1586",0.581189223018725,"Homeostatic/regulatory fibroblasts","N387690","Normal"
"N387690_CELL22433_N1","program_DE_all1586",0.190004333354699,"ECM-producing fibroblasts","N387690","Normal"
"N387690_CELL22642_N1","program_DE_all1586",0.468175775608318,"Homeostatic/regulatory fibroblasts","N387690","Normal"
"N387690_CELL22657_N1","program_DE_all1586",1.51726490174216,"Homeostatic/regulatory fibroblasts","N387690","Normal"
"N387690_CELL22759_N1","program_DE_all1586",0.359066753029199,"Homeostatic/regulatory fibroblasts","N387690","Normal"
"N387690_CELL22827_N1","program_DE_all1586",0.396943080039316,"ECM-producing fibroblasts","N387690","Normal"
"N387690_CELL22936_N1","program_DE_all1586",0.211875742433102,"Homeostatic/regulatory fibroblasts","N387690","Normal"
"N387690_CELL22944_N1","program_DE_all1586",0.172470016158878,"Homeostatic/regulatory fibroblasts","N387690","Normal"
"N387690_CELL23098_N1","program_DE_all1586",0.430083959324302,"Homeostatic/regulatory fibroblasts","N387690","Normal"
"N387690_CELL23353_N1","program_DE_all1586",0.607227097839289,"Homeostatic/regulatory fibroblasts","N387690","Normal"
"N387690_CELL23365_N1","program_DE_all1586",0.310604755752059,"Homeostatic/regulatory fibroblasts","N387690","Normal"
"N387690_CELL23371_N1","program_DE_all1586",0.345510791167986,"Homeostatic/regulatory fibroblasts","N387690","Normal"
"N387690_CELL23678_N1","program_DE_all1586",0.170905879858275,"Homeostatic/regulatory fibroblasts","N387690","Normal"
"N387690_CELL23683_N1","program_DE_all1586",0.257246725034795,"Homeostatic/regulatory fibroblasts","N387690","Normal"
"N387690_CELL23687_N1","program_DE_all1586",0.489629561001033,"Homeostatic/regulatory fibroblasts","N387690","Normal"
"N387690_CELL23969_N1","program_DE_all1586",0.465867294205518,"ECM-producing fibroblasts","N387690","Normal"
"N387690_CELL24223_N1","program_DE_all1586",0.417690764115418,"ECM-producing fibroblasts","N387690","Normal"
"N387690_CELL24463_N1","program_DE_all1586",3.35996036243228,"Homeostatic/regulatory fibroblasts","N387690","Normal"
"N387690_CELL24542_N1","program_DE_all1586",0.392503120012088,"Homeostatic/regulatory fibroblasts","N387690","Normal"
"N387690_CELL24571_N1","program_DE_all1586",0.229093982952954,"Homeostatic/regulatory fibroblasts","N387690","Normal"
"N387690_CELL24707_N1","program_DE_all1586",0.376495036317833,"Homeostatic/regulatory fibroblasts","N387690","Normal"
"N387690_CELL24811_N1","program_DE_all1586",0.32151760071743,"Homeostatic/regulatory fibroblasts","N387690","Normal"
"N387690_CELL24914_N1","program_DE_all1586",0.327160972923875,"Homeostatic/regulatory fibroblasts","N387690","Normal"
"N387690_CELL25178_N1","program_DE_all1586",0.310984282753075,"Homeostatic/regulatory fibroblasts","N387690","Normal"
"N387690_CELL25306_N1","program_DE_all1586",0.183407306055765,"Homeostatic/regulatory fibroblasts","N387690","Normal"
"N387690_CELL25358_N1","program_DE_all1586",0.436269855080409,"Homeostatic/regulatory fibroblasts","N387690","Normal"
"N387690_CELL25461_N1","program_DE_all1586",0.4739075814921,"Homeostatic/regulatory fibroblasts","N387690","Normal"
"N387690_CELL25723_N1","program_DE_all1586",0.488676721738138,"Homeostatic/regulatory fibroblasts","N387690","Normal"
"N387690_CELL25737_N1","program_DE_all1586",2.20699145684022,"Homeostatic/regulatory fibroblasts","N387690","Normal"
"N387690_CELL26286_N1","program_DE_all1586",0.500780449084946,"Homeostatic/regulatory fibroblasts","N387690","Normal"
"N387690_CELL26358_N1","program_DE_all1586",0.428964874839672,"Homeostatic/regulatory fibroblasts","N387690","Normal"
"N387690_CELL26373_N1","program_DE_all1586",0.303055987441654,"Homeostatic/regulatory fibroblasts","N387690","Normal"
"N387690_CELL26375_N1","program_DE_all1586",0.408153378205156,"Homeostatic/regulatory fibroblasts","N387690","Normal"
"N387690_CELL26376_N1","program_DE_all1586",6.20209647173253,"Homeostatic/regulatory fibroblasts","N387690","Normal"
"N387690_CELL27004_N1","program_DE_all1586",0.320049920117596,"Homeostatic/regulatory fibroblasts","N387690","Normal"
"N387690_CELL27171_N1","program_DE_all1586",0.322221020432832,"Homeostatic/regulatory fibroblasts","N387690","Normal"
"N387690_CELL27178_N1","program_DE_all1586",0.245936377242301,"Homeostatic/regulatory fibroblasts","N387690","Normal"
"N387690_CELL27194_N1","program_DE_all1586",8.33376369126259,"ECM-producing fibroblasts","N387690","Normal"
"N387690_CELL27266_N1","program_DE_all1586",3.52932909731244,"ECM-producing fibroblasts","N387690","Normal"
"N387690_CELL27307_N1","program_DE_all1586",0.332200449070218,"ECM-producing fibroblasts","N387690","Normal"
"N387690_CELL27560_N1","program_DE_all1586",7.99878920697676,"ECM-producing fibroblasts","N387690","Normal"
"N387690_CELL27569_N1","program_DE_all1586",0.0335720014729504,"Homeostatic/regulatory fibroblasts","N387690","Normal"
"N387690_CELL27976_N1","program_DE_all1586",0.446685288672661,"Homeostatic/regulatory fibroblasts","N387690","Normal"
"N387690_CELL28594_N1","program_DE_all1586",2.63887498951651,"Homeostatic/regulatory fibroblasts","N387690","Normal"
"K183156_CELL11_N5","variance_top1000",22.3654627010547,"ECM-producing fibroblasts","K183156","Keloid"
"K183156_CELL43_N2","variance_top1000",21.4375527992219,"ECM-producing fibroblasts","K183156","Keloid"
"K183156_CELL63_N3","variance_top1000",15.9283319267166,"ECM-producing fibroblasts","K183156","Keloid"
"K183156_CELL134_N2","variance_top1000",11.4718455241089,"Matrix-remodeling fibroblasts","K183156","Keloid"
"K183156_CELL147_N3","variance_top1000",16.0475428207318,"ECM-producing fibroblasts","K183156","Keloid"
"K183156_CELL197_N3","variance_top1000",16.0629345759073,"ECM-producing fibroblasts","K183156","Keloid"
"K183156_CELL217_N3","variance_top1000",1.70713311031283,"Homeostatic/regulatory fibroblasts","K183156","Keloid"
"K183156_CELL243_N4","variance_top1000",16.1202994180749,"ECM-producing fibroblasts","K183156","Keloid"
"K183156_CELL256_N5","variance_top1000",13.0380484106824,"ECM-producing fibroblasts","K183156","Keloid"
"K183156_CELL258_N5","variance_top1000",11.9073795108734,"Matrix-remodeling fibroblasts","K183156","Keloid"
"K183156_CELL273_N2","variance_top1000",16.8187904804534,"ECM-producing fibroblasts","K183156","Keloid"
"K183156_CELL281_N1","variance_top1000",15.9129843854611,"ECM-producing fibroblasts","K183156","Keloid"
"K183156_CELL353_N3","variance_top1000",15.9966782691019,"ECM-producing fibroblasts","K183156","Keloid"
"K183156_CELL373_N3","variance_top1000",12.0692815373853,"Matrix-remodeling fibroblasts","K183156","Keloid"
"K183156_CELL433_N4","variance_top1000",16.3382354181106,"ECM-producing fibroblasts","K183156","Keloid"
"K183156_CELL466_N2","variance_top1000",17.0357623743754,"Homeostatic/regulatory fibroblasts","K183156","Keloid"
"K183156_CELL470_N2","variance_top1000",15.6543376375049,"ECM-producing fibroblasts","K183156","Keloid"
"K183156_CELL473_N1","variance_top1000",15.9526585885325,"Matrix-remodeling fibroblasts","K183156","Keloid"
"K183156_CELL484_N2","variance_top1000",15.3410554899288,"ECM-producing fibroblasts","K183156","Keloid"
"K183156_CELL499_N3","variance_top1000",15.8089923873002,"Matrix-remodeling fibroblasts","K183156","Keloid"
"K183156_CELL545_N2","variance_top1000",16.2625547042642,"ECM-producing fibroblasts","K183156","Keloid"
"K183156_CELL561_N7","variance_top1000",12.1295559944195,"Matrix-remodeling fibroblasts","K183156","Keloid"
"K183156_CELL638_N2","variance_top1000",11.5164529315672,"Homeostatic/regulatory fibroblasts","K183156","Keloid"
"K183156_CELL644_N4","variance_top1000",16.2178141013432,"ECM-producing fibroblasts","K183156","Keloid"
"K183156_CELL654_N3","variance_top1000",16.0338094309386,"ECM-producing fibroblasts","K183156","Keloid"
"K183156_CELL673_N2","variance_top1000",16.0133933544985,"ECM-producing fibroblasts","K183156","Keloid"
"K183156_CELL691_N4","variance_top1000",14.4254688467243,"ECM-producing fibroblasts","K183156","Keloid"
"K183156_CELL708_N3","variance_top1000",12.0831915252624,"ECM-producing fibroblasts","K183156","Keloid"
"K183156_CELL755_N3","variance_top1000",16.0468917162639,"ECM-producing fibroblasts","K183156","Keloid"
"K183156_CELL762_N2","variance_top1000",15.4641118246421,"Homeostatic/regulatory fibroblasts","K183156","Keloid"
"K183156_CELL765_N2","variance_top1000",22.2175379718877,"ECM-producing fibroblasts","K183156","Keloid"
"K183156_CELL793_N2","variance_top1000",16.1512411272347,"ECM-producing fibroblasts","K183156","Keloid"
"K183156_CELL820_N3","variance_top1000",12.6572528367433,"Matrix-remodeling fibroblasts","K183156","Keloid"
"K183156_CELL890_N3","variance_top1000",14.2615958501995,"Matrix-remodeling fibroblasts","K183156","Keloid"
"K183156_CELL928_N4","variance_top1000",13.9806266125974,"ECM-producing fibroblasts","K183156","Keloid"
"K183156_CELL962_N3","variance_top1000",15.9999686921818,"Matrix-remodeling fibroblasts","K183156","Keloid"
"K183156_CELL1019_N5","variance_top1000",16.0795162306884,"ECM-producing fibroblasts","K183156","Keloid"
"K183156_CELL1056_N3","variance_top1000",15.7437715891794,"ECM-producing fibroblasts","K183156","Keloid"
"K183156_CELL1080_N2","variance_top1000",12.524447601643,"Homeostatic/regulatory fibroblasts","K183156","Keloid"
"K183156_CELL1105_N3","variance_top1000",16.2770812412428,"ECM-producing fibroblasts","K183156","Keloid"
"K183156_CELL1129_N3","variance_top1000",14.155093658233,"Matrix-remodeling fibroblasts","K183156","Keloid"
"K183156_CELL1265_N5","variance_top1000",15.8255740967006,"ECM-producing fibroblasts","K183156","Keloid"
"K183156_CELL1278_N2","variance_top1000",15.7111777678173,"Matrix-remodeling fibroblasts","K183156","Keloid"
"K183156_CELL1314_N3","variance_top1000",11.994910095639,"Matrix-remodeling fibroblasts","K183156","Keloid"
"K183156_CELL1374_N4","variance_top1000",22.8796683024628,"ECM-producing fibroblasts","K183156","Keloid"
"K183156_CELL1393_N6","variance_top1000",16.0501577181821,"ECM-producing fibroblasts","K183156","Keloid"
"K183156_CELL1402_N2","variance_top1000",15.979670150456,"ECM-producing fibroblasts","K183156","Keloid"
"K183156_CELL1420_N2","variance_top1000",19.1468981624378,"Homeostatic/regulatory fibroblasts","K183156","Keloid"
"K183156_CELL1441_N5","variance_top1000",15.3564253382172,"ECM-producing fibroblasts","K183156","Keloid"
"K183156_CELL1444_N2","variance_top1000",12.0604632197752,"ECM-producing fibroblasts","K183156","Keloid"
"K183156_CELL1454_N2","variance_top1000",0.51707029051257,"Homeostatic/regulatory fibroblasts","K183156","Keloid"
"K183156_CELL1489_N5","variance_top1000",9.83239339661503,"ECM-producing fibroblasts","K183156","Keloid"
"K183156_CELL1614_N2","variance_top1000",12.6791462056885,"Matrix-remodeling fibroblasts","K183156","Keloid"
"K183156_CELL1662_N2","variance_top1000",16.1655470597349,"ECM-producing fibroblasts","K183156","Keloid"
"K183156_CELL1675_N4","variance_top1000",16.1578738954303,"ECM-producing fibroblasts","K183156","Keloid"
"K183156_CELL1694_N3","variance_top1000",21.1631318755124,"Homeostatic/regulatory fibroblasts","K183156","Keloid"
"K183156_CELL1727_N2","variance_top1000",16.2175553618659,"Matrix-remodeling fibroblasts","K183156","Keloid"
"K183156_CELL1729_N3","variance_top1000",22.5825298475158,"ECM-producing fibroblasts","K183156","Keloid"
"K183156_CELL1811_N3","variance_top1000",16.0082250920789,"ECM-producing fibroblasts","K183156","Keloid"
"K183156_CELL1827_N2","variance_top1000",11.5705918974334,"ECM-producing fibroblasts","K183156","Keloid"
"K183156_CELL1828_N6","variance_top1000",15.9287953275846,"ECM-producing fibroblasts","K183156","Keloid"
"K183156_CELL1884_N3","variance_top1000",16.046639880241,"ECM-producing fibroblasts","K183156","Keloid"
"K183156_CELL1943_N4","variance_top1000",16.2057167021291,"ECM-producing fibroblasts","K183156","Keloid"
"K183156_CELL1957_N2","variance_top1000",16.069073558164,"Matrix-remodeling fibroblasts","K183156","Keloid"
"K183156_CELL1963_N3","variance_top1000",22.5344390358559,"ECM-producing fibroblasts","K183156","Keloid"
"K183156_CELL1973_N3","variance_top1000",11.4915170482698,"Homeostatic/regulatory fibroblasts","K183156","Keloid"
"K183156_CELL1979_N4","variance_top1000",16.0189134648167,"Matrix-remodeling fibroblasts","K183156","Keloid"
"K183156_CELL2019_N4","variance_top1000",15.9875879127413,"ECM-producing fibroblasts","K183156","Keloid"
"K183156_CELL2048_N3","variance_top1000",16.0254677439576,"ECM-producing fibroblasts","K183156","Keloid"
"K183156_CELL2078_N2","variance_top1000",14.0994504754857,"ECM-producing fibroblasts","K183156","Keloid"
"K183156_CELL2081_N2","variance_top1000",23.5682492794135,"ECM-producing fibroblasts","K183156","Keloid"
"K183156_CELL2091_N3","variance_top1000",12.4302937926351,"ECM-producing fibroblasts","K183156","Keloid"
"K183156_CELL2113_N3","variance_top1000",16.0765439777063,"Matrix-remodeling fibroblasts","K183156","Keloid"
"K183156_CELL2138_N3","variance_top1000",14.2758717680845,"ECM-producing fibroblasts","K183156","Keloid"
"K183156_CELL2159_N5","variance_top1000",16.0909119111865,"ECM-producing fibroblasts","K183156","Keloid"
"K183156_CELL2178_N3","variance_top1000",15.8750233917148,"Matrix-remodeling fibroblasts","K183156","Keloid"
"K183156_CELL2231_N4","variance_top1000",15.6395984806982,"Homeostatic/regulatory fibroblasts","K183156","Keloid"
"K183156_CELL2242_N2","variance_top1000",16.0794970655281,"ECM-producing fibroblasts","K183156","Keloid"
"K183156_CELL2337_N3","variance_top1000",12.625006153843,"ECM-producing fibroblasts","K183156","Keloid"
"K183156_CELL2359_N3","variance_top1000",15.8353293050676,"ECM-producing fibroblasts","K183156","Keloid"
"K183156_CELL2371_N2","variance_top1000",14.8011667336791,"ECM-producing fibroblasts","K183156","Keloid"
"K183156_CELL2428_N2","variance_top1000",16.0033972926716,"Matrix-remodeling fibroblasts","K183156","Keloid"
"K183156_CELL2433_N2","variance_top1000",15.8062504525392,"Matrix-remodeling fibroblasts","K183156","Keloid"
"K183156_CELL2447_N3","variance_top1000",23.4570490716311,"ECM-producing fibroblasts","K183156","Keloid"
"K183156_CELL2454_N4","variance_top1000",11.7450689493219,"Matrix-remodeling fibroblasts","K183156","Keloid"
"K183156_CELL2473_N2","variance_top1000",22.5467347685132,"ECM-producing fibroblasts","K183156","Keloid"
"K183156_CELL2499_N3","variance_top1000",15.8162360055611,"ECM-producing fibroblasts","K183156","Keloid"
"K183156_CELL2529_N3","variance_top1000",15.8164582241319,"ECM-producing fibroblasts","K183156","Keloid"
"K183156_CELL2551_N2","variance_top1000",0.557544191241562,"Homeostatic/regulatory fibroblasts","K183156","Keloid"
"K183156_CELL2555_N3","variance_top1000",16.1075733736957,"ECM-producing fibroblasts","K183156","Keloid"
"K183156_CELL2620_N2","variance_top1000",16.0441833341134,"ECM-producing fibroblasts","K183156","Keloid"
"K183156_CELL2649_N3","variance_top1000",16.0673969562879,"ECM-producing fibroblasts","K183156","Keloid"
"K183156_CELL2658_N3","variance_top1000",16.0016515797867,"ECM-producing fibroblasts","K183156","Keloid"
"K183156_CELL2748_N3","variance_top1000",16.1892612167475,"ECM-producing fibroblasts","K183156","Keloid"
"K183156_CELL2769_N3","variance_top1000",21.3307670909608,"ECM-producing fibroblasts","K183156","Keloid"
"K183156_CELL2775_N2","variance_top1000",10.0691602104959,"Matrix-remodeling fibroblasts","K183156","Keloid"
"K183156_CELL2778_N4","variance_top1000",15.9784562162768,"Matrix-remodeling fibroblasts","K183156","Keloid"
"K183156_CELL2827_N2","variance_top1000",15.898375165614,"ECM-producing fibroblasts","K183156","Keloid"
"K183156_CELL2846_N2","variance_top1000",8.98969747050466,"ECM-producing fibroblasts","K183156","Keloid"
"K183156_CELL2938_N4","variance_top1000",9.57113051694672,"ECM-producing fibroblasts","K183156","Keloid"
"K183156_CELL2945_N4","variance_top1000",16.1387938326025,"Matrix-remodeling fibroblasts","K183156","Keloid"
"K183156_CELL2946_N3","variance_top1000",23.1043602230451,"ECM-producing fibroblasts","K183156","Keloid"
"K183156_CELL2958_N2","variance_top1000",8.84604470516329,"Matrix-remodeling fibroblasts","K183156","Keloid"
"K183156_CELL2981_N2","variance_top1000",14.6567973001393,"ECM-producing fibroblasts","K183156","Keloid"
"K183156_CELL2982_N2","variance_top1000",11.4245982927997,"Matrix-remodeling fibroblasts","K183156","Keloid"
"K183156_CELL3016_N5","variance_top1000",15.7166985048443,"ECM-producing fibroblasts","K183156","Keloid"
"K183156_CELL3046_N3","variance_top1000",15.7275686928436,"ECM-producing fibroblasts","K183156","Keloid"
"K183156_CELL3060_N2","variance_top1000",15.7098153111374,"Matrix-remodeling fibroblasts","K183156","Keloid"
"K183156_CELL3087_N5","variance_top1000",15.913469139321,"ECM-producing fibroblasts","K183156","Keloid"
"K183156_CELL3120_N2","variance_top1000",12.5844561668076,"Matrix-remodeling fibroblasts","K183156","Keloid"
"K183156_CELL3150_N3","variance_top1000",15.8917320180055,"Matrix-remodeling fibroblasts","K183156","Keloid"
"K183156_CELL3175_N3","variance_top1000",15.7050895075689,"Matrix-remodeling fibroblasts","K183156","Keloid"
"K183156_CELL3188_N3","variance_top1000",16.0285391738552,"Matrix-remodeling fibroblasts","K183156","Keloid"
"K183156_CELL3213_N3","variance_top1000",15.1103573201259,"Homeostatic/regulatory fibroblasts","K183156","Keloid"
"K183156_CELL3229_N6","variance_top1000",13.6382788862032,"ECM-producing fibroblasts","K183156","Keloid"
"K183156_CELL3282_N3","variance_top1000",14.9399562767212,"Homeostatic/regulatory fibroblasts","K183156","Keloid"
"K183156_CELL3331_N2","variance_top1000",15.1324943038441,"ECM-producing fibroblasts","K183156","Keloid"
"K183156_CELL3334_N3","variance_top1000",1.64769513661977,"ECM-producing fibroblasts","K183156","Keloid"
"K183156_CELL3366_N2","variance_top1000",1.76074306507127,"Homeostatic/regulatory fibroblasts","K183156","Keloid"
"K183156_CELL3417_N2","variance_top1000",21.9494578117703,"ECM-producing fibroblasts","K183156","Keloid"
"K183156_CELL3422_N3","variance_top1000",15.6599858556431,"Matrix-remodeling fibroblasts","K183156","Keloid"
"K183156_CELL3434_N3","variance_top1000",16.1978708774285,"ECM-producing fibroblasts","K183156","Keloid"
"K183156_CELL3519_N5","variance_top1000",17.1053777001093,"Homeostatic/regulatory fibroblasts","K183156","Keloid"
"K183156_CELL3538_N3","variance_top1000",13.5895806842258,"Homeostatic/regulatory fibroblasts","K183156","Keloid"
"K183156_CELL3547_N3","variance_top1000",11.9682055997384,"Homeostatic/regulatory fibroblasts","K183156","Keloid"
"K183156_CELL3560_N3","variance_top1000",16.1066550816381,"ECM-producing fibroblasts","K183156","Keloid"
"K183156_CELL3568_N2","variance_top1000",1.66213979963564,"Homeostatic/regulatory fibroblasts","K183156","Keloid"
"K183156_CELL3584_N2","variance_top1000",15.8059262130863,"Matrix-remodeling fibroblasts","K183156","Keloid"
"K183156_CELL3589_N9","variance_top1000",15.894016361804,"ECM-producing fibroblasts","K183156","Keloid"
"K183156_CELL3599_N2","variance_top1000",15.851442100107,"ECM-producing fibroblasts","K183156","Keloid"
"K183156_CELL3618_N2","variance_top1000",21.5126793187762,"ECM-producing fibroblasts","K183156","Keloid"
"K183156_CELL3629_N3","variance_top1000",15.650959432367,"Matrix-remodeling fibroblasts","K183156","Keloid"
"K183156_CELL3682_N6","variance_top1000",16.0443443909124,"ECM-producing fibroblasts","K183156","Keloid"
"K183156_CELL3787_N2","variance_top1000",22.7828694021311,"ECM-producing fibroblasts","K183156","Keloid"
"K183156_CELL3796_N4","variance_top1000",15.0715745699785,"Homeostatic/regulatory fibroblasts","K183156","Keloid"
"K183156_CELL3811_N2","variance_top1000",14.2262471409746,"Matrix-remodeling fibroblasts","K183156","Keloid"
"K183156_CELL3836_N2","variance_top1000",16.192467755256,"Matrix-remodeling fibroblasts","K183156","Keloid"
"K183156_CELL3983_N2","variance_top1000",22.0823531588721,"ECM-producing fibroblasts","K183156","Keloid"
"K183156_CELL4036_N2","variance_top1000",12.478701850733,"ECM-producing fibroblasts","K183156","Keloid"
"K183156_CELL4044_N2","variance_top1000",16.0590059385966,"Matrix-remodeling fibroblasts","K183156","Keloid"
"K183156_CELL4087_N4","variance_top1000",16.1373530373393,"ECM-producing fibroblasts","K183156","Keloid"
"K183156_CELL4095_N2","variance_top1000",17.5203403779621,"Homeostatic/regulatory fibroblasts","K183156","Keloid"
"K183156_CELL4111_N2","variance_top1000",9.785840318315,"Matrix-remodeling fibroblasts","K183156","Keloid"
"K183156_CELL4181_N4","variance_top1000",15.8668051097438,"ECM-producing fibroblasts","K183156","Keloid"
"K183156_CELL4245_N2","variance_top1000",11.8405132647088,"ECM-producing fibroblasts","K183156","Keloid"
"K183156_CELL4250_N2","variance_top1000",23.1600694330309,"ECM-producing fibroblasts","K183156","Keloid"
"K183156_CELL4256_N3","variance_top1000",13.6624818203899,"Matrix-remodeling fibroblasts","K183156","Keloid"
"K183156_CELL4302_N4","variance_top1000",22.052953121115,"ECM-producing fibroblasts","K183156","Keloid"
"K183156_CELL4321_N3","variance_top1000",15.7334549615693,"Matrix-remodeling fibroblasts","K183156","Keloid"
"K183156_CELL4352_N2","variance_top1000",15.9420844851784,"Matrix-remodeling fibroblasts","K183156","Keloid"
"K183156_CELL4353_N3","variance_top1000",15.9273499982698,"Matrix-remodeling fibroblasts","K183156","Keloid"
"K183156_CELL4414_N2","variance_top1000",1.31819450956353,"Homeostatic/regulatory fibroblasts","K183156","Keloid"
"K183156_CELL4417_N4","variance_top1000",13.6547845777092,"Matrix-remodeling fibroblasts","K183156","Keloid"
"K183156_CELL4525_N2","variance_top1000",13.6291819494906,"ECM-producing fibroblasts","K183156","Keloid"
"K183156_CELL4527_N2","variance_top1000",16.0216587944093,"Matrix-remodeling fibroblasts","K183156","Keloid"
"K183156_CELL4530_N2","variance_top1000",21.6056063970411,"ECM-producing fibroblasts","K183156","Keloid"
"K183156_CELL4548_N2","variance_top1000",15.9548815249413,"ECM-producing fibroblasts","K183156","Keloid"
"K183156_CELL4592_N3","variance_top1000",22.8523434763765,"ECM-producing fibroblasts","K183156","Keloid"
"K183156_CELL4602_N2","variance_top1000",15.7810458669487,"ECM-producing fibroblasts","K183156","Keloid"
"K183156_CELL4661_N3","variance_top1000",15.9061872140744,"ECM-producing fibroblasts","K183156","Keloid"
"K183156_CELL4664_N3","variance_top1000",12.6218715597175,"Matrix-remodeling fibroblasts","K183156","Keloid"
"K183156_CELL4670_N2","variance_top1000",15.7965370857182,"Matrix-remodeling fibroblasts","K183156","Keloid"
"K183156_CELL4716_N2","variance_top1000",13.1894831290536,"ECM-producing fibroblasts","K183156","Keloid"
"K183156_CELL4735_N2","variance_top1000",11.8619302353624,"Homeostatic/regulatory fibroblasts","K183156","Keloid"
"K183156_CELL4737_N2","variance_top1000",14.8572171661093,"ECM-producing fibroblasts","K183156","Keloid"
"K183156_CELL4769_N2","variance_top1000",14.6640111613255,"ECM-producing fibroblasts","K183156","Keloid"
"K183156_CELL4774_N4","variance_top1000",9.56860977837854,"ECM-producing fibroblasts","K183156","Keloid"
"K183156_CELL4785_N3","variance_top1000",16.0802123268166,"ECM-producing fibroblasts","K183156","Keloid"
"K183156_CELL4832_N2","variance_top1000",11.656179937358,"Matrix-remodeling fibroblasts","K183156","Keloid"
"K183156_CELL4864_N4","variance_top1000",14.8738646492868,"ECM-producing fibroblasts","K183156","Keloid"
"K183156_CELL4890_N2","variance_top1000",2.20627098865313,"Homeostatic/regulatory fibroblasts","K183156","Keloid"
"K183156_CELL4903_N1","variance_top1000",13.8633462117344,"ECM-producing fibroblasts","K183156","Keloid"
"K183156_CELL4906_N2","variance_top1000",14.1643709253911,"ECM-producing fibroblasts","K183156","Keloid"
"K183156_CELL4926_N5","variance_top1000",15.2809610640542,"ECM-producing fibroblasts","K183156","Keloid"
"K183156_CELL4970_N3","variance_top1000",16.1864667111835,"ECM-producing fibroblasts","K183156","Keloid"
"K183156_CELL5033_N2","variance_top1000",15.5312666421227,"Homeostatic/regulatory fibroblasts","K183156","Keloid"
"K183156_CELL5062_N2","variance_top1000",15.8509204726133,"ECM-producing fibroblasts","K183156","Keloid"
"K183156_CELL5063_N3","variance_top1000",16.0875443251731,"Matrix-remodeling fibroblasts","K183156","Keloid"
"K183156_CELL5156_N2","variance_top1000",15.9588441215209,"ECM-producing fibroblasts","K183156","Keloid"
"K183156_CELL5164_N2","variance_top1000",11.5239831643731,"Matrix-remodeling fibroblasts","K183156","Keloid"
"K183156_CELL5178_N2","variance_top1000",21.6457714697045,"ECM-producing fibroblasts","K183156","Keloid"
"K183156_CELL5230_N3","variance_top1000",18.6907391004806,"ECM-producing fibroblasts","K183156","Keloid"
"K183156_CELL5234_N3","variance_top1000",11.5689513590748,"Homeostatic/regulatory fibroblasts","K183156","Keloid"
"K183156_CELL5237_N4","variance_top1000",15.969970108919,"ECM-producing fibroblasts","K183156","Keloid"
"K183156_CELL5261_N4","variance_top1000",15.8058940618726,"ECM-producing fibroblasts","K183156","Keloid"
"K183156_CELL5282_N4","variance_top1000",15.9948466384461,"ECM-producing fibroblasts","K183156","Keloid"
"K183156_CELL5296_N5","variance_top1000",16.0935784697859,"ECM-producing fibroblasts","K183156","Keloid"
"K183156_CELL5331_N2","variance_top1000",12.5846912452252,"ECM-producing fibroblasts","K183156","Keloid"
"K183156_CELL5391_N3","variance_top1000",16.0850157812427,"ECM-producing fibroblasts","K183156","Keloid"
"K183156_CELL5395_N2","variance_top1000",0.475679287836232,"Homeostatic/regulatory fibroblasts","K183156","Keloid"
"K183156_CELL5401_N4","variance_top1000",11.7857994072291,"ECM-producing fibroblasts","K183156","Keloid"
"K183156_CELL5416_N2","variance_top1000",16.2066089286857,"Matrix-remodeling fibroblasts","K183156","Keloid"
"K183156_CELL5429_N3","variance_top1000",18.206413325931,"ECM-producing fibroblasts","K183156","Keloid"
"K183156_CELL5448_N5","variance_top1000",16.1634268789613,"Matrix-remodeling fibroblasts","K183156","Keloid"
"K183156_CELL5527_N1","variance_top1000",9.93610991785065,"ECM-producing fibroblasts","K183156","Keloid"
"K183156_CELL5538_N3","variance_top1000",15.8082339967187,"ECM-producing fibroblasts","K183156","Keloid"
"K183156_CELL5560_N2","variance_top1000",16.1602954926883,"Matrix-remodeling fibroblasts","K183156","Keloid"
"K183156_CELL5595_N2","variance_top1000",14.1929640016174,"Matrix-remodeling fibroblasts","K183156","Keloid"
"K183156_CELL5657_N3","variance_top1000",15.8061266619576,"Matrix-remodeling fibroblasts","K183156","Keloid"
"K183156_CELL5696_N2","variance_top1000",14.2730466270333,"ECM-producing fibroblasts","K183156","Keloid"
"K183156_CELL5725_N2","variance_top1000",15.9583795313181,"ECM-producing fibroblasts","K183156","Keloid"
"K183156_CELL5765_N2","variance_top1000",15.9199487675488,"ECM-producing fibroblasts","K183156","Keloid"
"K183156_CELL5796_N2","variance_top1000",15.8483730114349,"ECM-producing fibroblasts","K183156","Keloid"
"K183156_CELL5802_N2","variance_top1000",15.9741504812118,"ECM-producing fibroblasts","K183156","Keloid"
"K183156_CELL5859_N3","variance_top1000",15.9551596738701,"Homeostatic/regulatory fibroblasts","K183156","Keloid"
"K183156_CELL5863_N2","variance_top1000",22.3581996146305,"ECM-producing fibroblasts","K183156","Keloid"
"K183156_CELL5864_N4","variance_top1000",15.0862906039867,"Matrix-remodeling fibroblasts","K183156","Keloid"
"K183156_CELL5889_N3","variance_top1000",15.8144456212637,"ECM-producing fibroblasts","K183156","Keloid"
"K183156_CELL5901_N2","variance_top1000",13.7676754664097,"Matrix-remodeling fibroblasts","K183156","Keloid"
"K183156_CELL5919_N2","variance_top1000",15.933372735323,"Homeostatic/regulatory fibroblasts","K183156","Keloid"
"K183156_CELL5921_N3","variance_top1000",13.4176119582216,"Matrix-remodeling fibroblasts","K183156","Keloid"
"K183156_CELL5930_N3","variance_top1000",23.2575645874313,"Homeostatic/regulatory fibroblasts","K183156","Keloid"
"K183156_CELL6004_N1","variance_top1000",14.8841054189014,"ECM-producing fibroblasts","K183156","Keloid"
"K183156_CELL6040_N2","variance_top1000",15.8226973793193,"Matrix-remodeling fibroblasts","K183156","Keloid"
"K183156_CELL6049_N2","variance_top1000",13.9800058519247,"ECM-producing fibroblasts","K183156","Keloid"
"K183156_CELL6069_N4","variance_top1000",16.2600231112798,"ECM-producing fibroblasts","K183156","Keloid"
"K183156_CELL6103_N3","variance_top1000",20.8677632128558,"ECM-producing fibroblasts","K183156","Keloid"
"K183156_CELL6123_N3","variance_top1000",1.92083106822622,"Homeostatic/regulatory fibroblasts","K183156","Keloid"
"K183156_CELL6165_N3","variance_top1000",0.438142475737954,"Homeostatic/regulatory fibroblasts","K183156","Keloid"
"K183156_CELL6200_N3","variance_top1000",16.1040273743142,"Matrix-remodeling fibroblasts","K183156","Keloid"
"K183156_CELL6202_N6","variance_top1000",15.9687199277648,"Matrix-remodeling fibroblasts","K183156","Keloid"
"K183156_CELL6203_N4","variance_top1000",15.0341237559783,"Homeostatic/regulatory fibroblasts","K183156","Keloid"
"K183156_CELL6238_N2","variance_top1000",21.5388864720304,"Matrix-remodeling fibroblasts","K183156","Keloid"
"K183156_CELL6255_N3","variance_top1000",12.0889061790013,"Matrix-remodeling fibroblasts","K183156","Keloid"
"K183156_CELL6300_N4","variance_top1000",15.7444396751973,"ECM-producing fibroblasts","K183156","Keloid"
"K183156_CELL6303_N2","variance_top1000",0.582638412669089,"Homeostatic/regulatory fibroblasts","K183156","Keloid"
"K183156_CELL6336_N2","variance_top1000",12.689054747415,"ECM-producing fibroblasts","K183156","Keloid"
"K183156_CELL6421_N1","variance_top1000",16.0332323242811,"ECM-producing fibroblasts","K183156","Keloid"
"K183156_CELL6484_N5","variance_top1000",16.0097474319384,"ECM-producing fibroblasts","K183156","Keloid"
"K183156_CELL6512_N3","variance_top1000",22.0342376546989,"ECM-producing fibroblasts","K183156","Keloid"
"K183156_CELL6587_N3","variance_top1000",22.4941704190245,"ECM-producing fibroblasts","K183156","Keloid"
"K183156_CELL6598_N2","variance_top1000",15.1490054333828,"Homeostatic/regulatory fibroblasts","K183156","Keloid"
"K183156_CELL6632_N3","variance_top1000",16.0019074423358,"ECM-producing fibroblasts","K183156","Keloid"
"K183156_CELL6661_N3","variance_top1000",11.5989941782256,"ECM-producing fibroblasts","K183156","Keloid"
"K183156_CELL6708_N2","variance_top1000",22.7652618853712,"Homeostatic/regulatory fibroblasts","K183156","Keloid"
"K183156_CELL6743_N3","variance_top1000",19.7360423394072,"Homeostatic/regulatory fibroblasts","K183156","Keloid"
"K183156_CELL6793_N2","variance_top1000",22.067815427153,"ECM-producing fibroblasts","K183156","Keloid"
"K183156_CELL6846_N3","variance_top1000",16.0919655988162,"Matrix-remodeling fibroblasts","K183156","Keloid"
"K183156_CELL6847_N2","variance_top1000",16.1178522757101,"ECM-producing fibroblasts","K183156","Keloid"
"K183156_CELL6863_N2","variance_top1000",15.8875151880976,"ECM-producing fibroblasts","K183156","Keloid"
"K183156_CELL6864_N2","variance_top1000",22.5995097888988,"ECM-producing fibroblasts","K183156","Keloid"
"K183156_CELL6877_N2","variance_top1000",11.4885624537446,"Homeostatic/regulatory fibroblasts","K183156","Keloid"
"K183156_CELL6880_N3","variance_top1000",16.0859848897759,"ECM-producing fibroblasts","K183156","Keloid"
"K183156_CELL6895_N3","variance_top1000",16.1314307897748,"ECM-producing fibroblasts","K183156","Keloid"
"K183156_CELL6901_N2","variance_top1000",16.3146203624673,"ECM-producing fibroblasts","K183156","Keloid"
"K183156_CELL6934_N3","variance_top1000",18.7639391342605,"ECM-producing fibroblasts","K183156","Keloid"
"K183156_CELL6963_N2","variance_top1000",16.0254437398695,"Matrix-remodeling fibroblasts","K183156","Keloid"
"K183156_CELL7069_N2","variance_top1000",11.9330514803945,"Homeostatic/regulatory fibroblasts","K183156","Keloid"
"K183156_CELL7158_N2","variance_top1000",15.7757249778369,"ECM-producing fibroblasts","K183156","Keloid"
"K183156_CELL7161_N2","variance_top1000",14.6859691435676,"Matrix-remodeling fibroblasts","K183156","Keloid"
"K183156_CELL7162_N1","variance_top1000",9.80376039760699,"Matrix-remodeling fibroblasts","K183156","Keloid"
"K183156_CELL7191_N2","variance_top1000",15.8369181686686,"Matrix-remodeling fibroblasts","K183156","Keloid"
"K183156_CELL7217_N4","variance_top1000",15.8118914467586,"ECM-producing fibroblasts","K183156","Keloid"
"K183156_CELL7304_N2","variance_top1000",15.7891017642003,"Matrix-remodeling fibroblasts","K183156","Keloid"
"K183156_CELL7334_N1","variance_top1000",11.8733356778925,"ECM-producing fibroblasts","K183156","Keloid"
"K183156_CELL7359_N4","variance_top1000",11.6875392815343,"Matrix-remodeling fibroblasts","K183156","Keloid"
"K183156_CELL7363_N2","variance_top1000",9.49100826262746,"Homeostatic/regulatory fibroblasts","K183156","Keloid"
"K183156_CELL7392_N2","variance_top1000",14.7001787027665,"Homeostatic/regulatory fibroblasts","K183156","Keloid"
"K183156_CELL7395_N4","variance_top1000",15.8162774634765,"ECM-producing fibroblasts","K183156","Keloid"
"K183156_CELL7397_N3","variance_top1000",16.2197236456561,"Matrix-remodeling fibroblasts","K183156","Keloid"
"K183156_CELL7420_N2","variance_top1000",17.135071580724,"Homeostatic/regulatory fibroblasts","K183156","Keloid"
"K183156_CELL7439_N2","variance_top1000",15.9463983763312,"Matrix-remodeling fibroblasts","K183156","Keloid"
"K183156_CELL7455_N5","variance_top1000",15.7312434239597,"Matrix-remodeling fibroblasts","K183156","Keloid"
"K183156_CELL7463_N3","variance_top1000",15.5927444709347,"ECM-producing fibroblasts","K183156","Keloid"
"K183156_CELL7468_N3","variance_top1000",13.688310404542,"Homeostatic/regulatory fibroblasts","K183156","Keloid"
"K183156_CELL7483_N2","variance_top1000",16.0496572760014,"ECM-producing fibroblasts","K183156","Keloid"
"K183156_CELL7486_N2","variance_top1000",11.6318042564044,"Matrix-remodeling fibroblasts","K183156","Keloid"
"K183156_CELL7503_N3","variance_top1000",22.1936751646944,"Homeostatic/regulatory fibroblasts","K183156","Keloid"
"K183156_CELL7515_N2","variance_top1000",15.9511196138983,"ECM-producing fibroblasts","K183156","Keloid"
"K183156_CELL7536_N2","variance_top1000",16.0481335442516,"ECM-producing fibroblasts","K183156","Keloid"
"K183156_CELL7554_N2","variance_top1000",21.3692053266216,"ECM-producing fibroblasts","K183156","Keloid"
"K183156_CELL7586_N3","variance_top1000",11.7396754950515,"Matrix-remodeling fibroblasts","K183156","Keloid"
"K183156_CELL7640_N2","variance_top1000",15.9402773780573,"ECM-producing fibroblasts","K183156","Keloid"
"K183156_CELL7666_N2","variance_top1000",16.2397311808652,"ECM-producing fibroblasts","K183156","Keloid"
"K183156_CELL7691_N4","variance_top1000",18.4103653499445,"Homeostatic/regulatory fibroblasts","K183156","Keloid"
"K183156_CELL7755_N2","variance_top1000",15.9133620247906,"Matrix-remodeling fibroblasts","K183156","Keloid"
"K183156_CELL7814_N3","variance_top1000",16.1191777594556,"ECM-producing fibroblasts","K183156","Keloid"
"K183156_CELL7819_N2","variance_top1000",14.9399759486353,"ECM-producing fibroblasts","K183156","Keloid"
"K183156_CELL7822_N2","variance_top1000",19.3959141828787,"Matrix-remodeling fibroblasts","K183156","Keloid"
"K183156_CELL7832_N1","variance_top1000",16.0019365794549,"Matrix-remodeling fibroblasts","K183156","Keloid"
"K183156_CELL7842_N2","variance_top1000",15.6715977489557,"Matrix-remodeling fibroblasts","K183156","Keloid"
"K183156_CELL7844_N3","variance_top1000",9.09156968809299,"Homeostatic/regulatory fibroblasts","K183156","Keloid"
"K183156_CELL7856_N2","variance_top1000",16.2185182095404,"ECM-producing fibroblasts","K183156","Keloid"
"K183156_CELL7863_N2","variance_top1000",15.5689885287975,"ECM-producing fibroblasts","K183156","Keloid"
"K183156_CELL7890_N3","variance_top1000",12.275573493662,"Matrix-remodeling fibroblasts","K183156","Keloid"
"K183156_CELL7899_N3","variance_top1000",22.9805279924808,"ECM-producing fibroblasts","K183156","Keloid"
"K183156_CELL7912_N2","variance_top1000",21.3569513873462,"ECM-producing fibroblasts","K183156","Keloid"
"K183156_CELL7923_N4","variance_top1000",9.0994154863856,"Homeostatic/regulatory fibroblasts","K183156","Keloid"
"K183156_CELL7942_N2","variance_top1000",16.3559826974449,"ECM-producing fibroblasts","K183156","Keloid"
"K183156_CELL8057_N3","variance_top1000",15.8358977709297,"Matrix-remodeling fibroblasts","K183156","Keloid"
"K183156_CELL8067_N2","variance_top1000",16.1956868166539,"Matrix-remodeling fibroblasts","K183156","Keloid"
"K183156_CELL8069_N4","variance_top1000",15.9450496291361,"ECM-producing fibroblasts","K183156","Keloid"
"K183156_CELL8077_N1","variance_top1000",8.80015231932441,"Homeostatic/regulatory fibroblasts","K183156","Keloid"
"K183156_CELL8086_N3","variance_top1000",22.6542693190431,"ECM-producing fibroblasts","K183156","Keloid"
"K183156_CELL8087_N1","variance_top1000",15.8259801049381,"Matrix-remodeling fibroblasts","K183156","Keloid"
"K183156_CELL8097_N2","variance_top1000",22.7084642498357,"ECM-producing fibroblasts","K183156","Keloid"
"K183156_CELL8111_N5","variance_top1000",15.8744015672732,"Matrix-remodeling fibroblasts","K183156","Keloid"
"K183156_CELL8140_N3","variance_top1000",21.5660843484781,"Homeostatic/regulatory fibroblasts","K183156","Keloid"
"K183156_CELL8146_N3","variance_top1000",10.5697047915974,"Matrix-remodeling fibroblasts","K183156","Keloid"
"K183156_CELL8150_N3","variance_top1000",11.4852110767604,"ECM-producing fibroblasts","K183156","Keloid"
"K183156_CELL8275_N2","variance_top1000",21.9415568119117,"Homeostatic/regulatory fibroblasts","K183156","Keloid"
"K183156_CELL8347_N4","variance_top1000",15.1403435964335,"Homeostatic/regulatory fibroblasts","K183156","Keloid"
"K183156_CELL8382_N2","variance_top1000",16.1867627799723,"ECM-producing fibroblasts","K183156","Keloid"
"K183156_CELL8384_N4","variance_top1000",11.9538391468106,"Matrix-remodeling fibroblasts","K183156","Keloid"
"K183156_CELL8387_N3","variance_top1000",14.2836315156684,"Homeostatic/regulatory fibroblasts","K183156","Keloid"
"K183156_CELL8409_N4","variance_top1000",23.3663765945659,"ECM-producing fibroblasts","K183156","Keloid"
"K183156_CELL8433_N2","variance_top1000",14.696315996684,"ECM-producing fibroblasts","K183156","Keloid"
"K183156_CELL8459_N3","variance_top1000",15.6748165819329,"Homeostatic/regulatory fibroblasts","K183156","Keloid"
"K183156_CELL8460_N3","variance_top1000",11.8488065482671,"Matrix-remodeling fibroblasts","K183156","Keloid"
"K183156_CELL8479_N4","variance_top1000",23.4521251866648,"ECM-producing fibroblasts","K183156","Keloid"
"K183156_CELL8485_N3","variance_top1000",15.8494576846938,"Matrix-remodeling fibroblasts","K183156","Keloid"
"K183156_CELL8500_N3","variance_top1000",15.8958550609859,"ECM-producing fibroblasts","K183156","Keloid"
"K183156_CELL8545_N2","variance_top1000",23.3489783878588,"ECM-producing fibroblasts","K183156","Keloid"
"K183156_CELL8569_N6","variance_top1000",16.0363500516233,"ECM-producing fibroblasts","K183156","Keloid"
"K183156_CELL8573_N2","variance_top1000",23.031375855989,"ECM-producing fibroblasts","K183156","Keloid"
"K183156_CELL8667_N2","variance_top1000",13.6198320442208,"ECM-producing fibroblasts","K183156","Keloid"
"K183156_CELL8703_N2","variance_top1000",21.4081595648017,"Homeostatic/regulatory fibroblasts","K183156","Keloid"
"K183156_CELL8708_N2","variance_top1000",11.8881284190711,"Matrix-remodeling fibroblasts","K183156","Keloid"
"K183156_CELL8712_N2","variance_top1000",23.4103412911741,"ECM-producing fibroblasts","K183156","Keloid"
"K183156_CELL8714_N5","variance_top1000",15.1199218526539,"Homeostatic/regulatory fibroblasts","K183156","Keloid"
"K183156_CELL8726_N2","variance_top1000",16.0003238466298,"ECM-producing fibroblasts","K183156","Keloid"
"K183156_CELL8731_N2","variance_top1000",15.6895639028686,"Matrix-remodeling fibroblasts","K183156","Keloid"
"K183156_CELL8769_N3","variance_top1000",21.5519302833609,"ECM-producing fibroblasts","K183156","Keloid"
"K183156_CELL8823_N4","variance_top1000",16.216767626665,"ECM-producing fibroblasts","K183156","Keloid"
"K183156_CELL8887_N2","variance_top1000",15.9395390079736,"Matrix-remodeling fibroblasts","K183156","Keloid"
"K183156_CELL8902_N2","variance_top1000",14.8882244146125,"ECM-producing fibroblasts","K183156","Keloid"
"K183156_CELL8924_N5","variance_top1000",11.8247756306741,"Matrix-remodeling fibroblasts","K183156","Keloid"
"K183156_CELL8949_N3","variance_top1000",12.2028829907902,"Homeostatic/regulatory fibroblasts","K183156","Keloid"
"K183156_CELL8967_N3","variance_top1000",13.565497014072,"Matrix-remodeling fibroblasts","K183156","Keloid"
"K183156_CELL9021_N3","variance_top1000",22.9099505846019,"ECM-producing fibroblasts","K183156","Keloid"
"K183156_CELL9044_N2","variance_top1000",15.7766821259959,"ECM-producing fibroblasts","K183156","Keloid"
"K183156_CELL9071_N2","variance_top1000",15.9994845208053,"Matrix-remodeling fibroblasts","K183156","Keloid"
"K183156_CELL9073_N3","variance_top1000",23.501838762142,"ECM-producing fibroblasts","K183156","Keloid"
"K183156_CELL9090_N3","variance_top1000",15.7274501258985,"ECM-producing fibroblasts","K183156","Keloid"
"K183156_CELL9091_N2","variance_top1000",13.3051423571095,"ECM-producing fibroblasts","K183156","Keloid"
"K183156_CELL9118_N2","variance_top1000",15.9876679340971,"Matrix-remodeling fibroblasts","K183156","Keloid"
"K183156_CELL9124_N2","variance_top1000",23.4898716695576,"Homeostatic/regulatory fibroblasts","K183156","Keloid"
"K183156_CELL9134_N2","variance_top1000",15.1875644403275,"ECM-producing fibroblasts","K183156","Keloid"
"K183156_CELL9175_N3","variance_top1000",15.8491098530846,"ECM-producing fibroblasts","K183156","Keloid"
"K183156_CELL9198_N5","variance_top1000",15.6545175019233,"ECM-producing fibroblasts","K183156","Keloid"
"K183156_CELL9234_N2","variance_top1000",21.5267399835903,"Homeostatic/regulatory fibroblasts","K183156","Keloid"
"K183156_CELL9292_N2","variance_top1000",11.7649862602255,"Matrix-remodeling fibroblasts","K183156","Keloid"
"K183156_CELL9303_N3","variance_top1000",9.77120291849902,"ECM-producing fibroblasts","K183156","Keloid"
"K183156_CELL9338_N2","variance_top1000",16.0797428202305,"Matrix-remodeling fibroblasts","K183156","Keloid"
"K183156_CELL9361_N3","variance_top1000",15.8700097000011,"Homeostatic/regulatory fibroblasts","K183156","Keloid"
"K183156_CELL9400_N1","variance_top1000",12.1358764299124,"ECM-producing fibroblasts","K183156","Keloid"
"K183156_CELL9528_N2","variance_top1000",16.0445770685384,"ECM-producing fibroblasts","K183156","Keloid"
"K183156_CELL9530_N2","variance_top1000",0.854161021562041,"Homeostatic/regulatory fibroblasts","K183156","Keloid"
"K183156_CELL9631_N3","variance_top1000",12.0563790412046,"Matrix-remodeling fibroblasts","K183156","Keloid"
"K183156_CELL9670_N3","variance_top1000",12.0192026335541,"Homeostatic/regulatory fibroblasts","K183156","Keloid"
"K183156_CELL9676_N2","variance_top1000",11.628173252806,"ECM-producing fibroblasts","K183156","Keloid"
"K183156_CELL9705_N2","variance_top1000",16.1144860191467,"ECM-producing fibroblasts","K183156","Keloid"
"K183156_CELL9749_N3","variance_top1000",16.0212866842413,"ECM-producing fibroblasts","K183156","Keloid"
"K183156_CELL9858_N2","variance_top1000",9.58398795239671,"Homeostatic/regulatory fibroblasts","K183156","Keloid"
"K183156_CELL9873_N2","variance_top1000",12.3340980713881,"Matrix-remodeling fibroblasts","K183156","Keloid"
"K183156_CELL9912_N2","variance_top1000",18.4068640692334,"Homeostatic/regulatory fibroblasts","K183156","Keloid"
"K183156_CELL9948_N3","variance_top1000",11.4726017675804,"Matrix-remodeling fibroblasts","K183156","Keloid"
"K183156_CELL9963_N2","variance_top1000",22.649754140412,"ECM-producing fibroblasts","K183156","Keloid"
"K183156_CELL10005_N3","variance_top1000",16.0104731041563,"Matrix-remodeling fibroblasts","K183156","Keloid"
"K183156_CELL10056_N2","variance_top1000",16.1061431083869,"ECM-producing fibroblasts","K183156","Keloid"
"K183156_CELL10068_N2","variance_top1000",16.2013358230772,"ECM-producing fibroblasts","K183156","Keloid"
"K183156_CELL10092_N2","variance_top1000",16.0746480009492,"ECM-producing fibroblasts","K183156","Keloid"
"K183156_CELL10100_N2","variance_top1000",15.9498497566041,"ECM-producing fibroblasts","K183156","Keloid"
"K183156_CELL10113_N2","variance_top1000",12.1483929217784,"Homeostatic/regulatory fibroblasts","K183156","Keloid"
"K183156_CELL10114_N2","variance_top1000",16.0652949066528,"ECM-producing fibroblasts","K183156","Keloid"
"K183156_CELL10129_N3","variance_top1000",14.7784437801293,"ECM-producing fibroblasts","K183156","Keloid"
"K183156_CELL10134_N1","variance_top1000",15.7021588021112,"ECM-producing fibroblasts","K183156","Keloid"
"K183156_CELL10141_N1","variance_top1000",11.8644949433704,"Matrix-remodeling fibroblasts","K183156","Keloid"
"K183156_CELL10191_N3","variance_top1000",10.5820312376093,"Homeostatic/regulatory fibroblasts","K183156","Keloid"
"K183156_CELL10230_N2","variance_top1000",11.4549150665284,"Homeostatic/regulatory fibroblasts","K183156","Keloid"
"K183156_CELL10303_N2","variance_top1000",14.6720269324155,"Matrix-remodeling fibroblasts","K183156","Keloid"
"K183156_CELL10313_N2","variance_top1000",21.9675718516348,"ECM-producing fibroblasts","K183156","Keloid"
"K183156_CELL10323_N3","variance_top1000",16.3659541928283,"ECM-producing fibroblasts","K183156","Keloid"
"K183156_CELL10410_N3","variance_top1000",14.0994239819806,"Matrix-remodeling fibroblasts","K183156","Keloid"
"K183156_CELL10420_N1","variance_top1000",16.0061566909182,"ECM-producing fibroblasts","K183156","Keloid"
"K183156_CELL10463_N1","variance_top1000",10.7621405532505,"Matrix-remodeling fibroblasts","K183156","Keloid"
"K183156_CELL10464_N2","variance_top1000",16.0251930246993,"Matrix-remodeling fibroblasts","K183156","Keloid"
"K183156_CELL10486_N2","variance_top1000",14.9888837387442,"ECM-producing fibroblasts","K183156","Keloid"
"K183156_CELL10502_N2","variance_top1000",15.9533954089219,"ECM-producing fibroblasts","K183156","Keloid"
"K183156_CELL10524_N2","variance_top1000",22.8516674408889,"ECM-producing fibroblasts","K183156","Keloid"
"K183156_CELL10559_N2","variance_top1000",0.331897327403023,"Homeostatic/regulatory fibroblasts","K183156","Keloid"
"K183156_CELL10618_N2","variance_top1000",11.4964960397975,"ECM-producing fibroblasts","K183156","Keloid"
"K183156_CELL10656_N3","variance_top1000",11.9485293405228,"Matrix-remodeling fibroblasts","K183156","Keloid"
"K183156_CELL10672_N2","variance_top1000",12.1586752994062,"Matrix-remodeling fibroblasts","K183156","Keloid"
"K183156_CELL10700_N2","variance_top1000",23.4952984457074,"ECM-producing fibroblasts","K183156","Keloid"
"K183156_CELL10734_N1","variance_top1000",15.7515406989477,"ECM-producing fibroblasts","K183156","Keloid"
"K183156_CELL10741_N3","variance_top1000",16.9560244626434,"Homeostatic/regulatory fibroblasts","K183156","Keloid"
"K183156_CELL10798_N3","variance_top1000",18.4135691138173,"ECM-producing fibroblasts","K183156","Keloid"
"K183156_CELL10804_N2","variance_top1000",16.1030829132927,"Matrix-remodeling fibroblasts","K183156","Keloid"
"K183156_CELL10857_N2","variance_top1000",12.690362636295,"Matrix-remodeling fibroblasts","K183156","Keloid"
"K183156_CELL10880_N3","variance_top1000",15.9999292558698,"ECM-producing fibroblasts","K183156","Keloid"
"K183156_CELL10893_N2","variance_top1000",16.2389432862195,"ECM-producing fibroblasts","K183156","Keloid"
"K183156_CELL10917_N2","variance_top1000",12.5897882616763,"Matrix-remodeling fibroblasts","K183156","Keloid"
"K183156_CELL10943_N2","variance_top1000",16.3550568469517,"ECM-producing fibroblasts","K183156","Keloid"
"K183156_CELL10948_N2","variance_top1000",17.4683642358962,"ECM-producing fibroblasts","K183156","Keloid"
"K183156_CELL10971_N2","variance_top1000",15.7831375921385,"ECM-producing fibroblasts","K183156","Keloid"
"K183156_CELL11012_N2","variance_top1000",11.9557932815282,"Matrix-remodeling fibroblasts","K183156","Keloid"
"K183156_CELL11032_N2","variance_top1000",15.9781183141266,"Homeostatic/regulatory fibroblasts","K183156","Keloid"
"K183156_CELL11044_N2","variance_top1000",11.6903826989241,"Homeostatic/regulatory fibroblasts","K183156","Keloid"
"K183156_CELL11054_N2","variance_top1000",16.2578947719014,"ECM-producing fibroblasts","K183156","Keloid"
"K183156_CELL11075_N2","variance_top1000",15.7479665127026,"ECM-producing fibroblasts","K183156","Keloid"
"K183156_CELL11129_N1","variance_top1000",15.8615007313082,"Matrix-remodeling fibroblasts","K183156","Keloid"
"K183156_CELL11132_N2","variance_top1000",14.860720897737,"ECM-producing fibroblasts","K183156","Keloid"
"K183156_CELL11390_N1","variance_top1000",16.2388867782703,"ECM-producing fibroblasts","K183156","Keloid"
"K183156_CELL11394_N2","variance_top1000",23.0905956999846,"ECM-producing fibroblasts","K183156","Keloid"
"K183156_CELL11445_N2","variance_top1000",11.6347829177129,"Matrix-remodeling fibroblasts","K183156","Keloid"
"K183156_CELL11448_N1","variance_top1000",11.8501609274336,"Matrix-remodeling fibroblasts","K183156","Keloid"
"K183156_CELL11461_N1","variance_top1000",15.9438605770673,"ECM-producing fibroblasts","K183156","Keloid"
"K183156_CELL11491_N2","variance_top1000",11.9859693838314,"Matrix-remodeling fibroblasts","K183156","Keloid"
"K183156_CELL11498_N2","variance_top1000",17.7968859716658,"ECM-producing fibroblasts","K183156","Keloid"
"K183156_CELL11528_N1","variance_top1000",16.0159567664259,"Matrix-remodeling fibroblasts","K183156","Keloid"
"K183156_CELL11549_N2","variance_top1000",21.5251675779777,"ECM-producing fibroblasts","K183156","Keloid"
"K183156_CELL11619_N2","variance_top1000",14.0832779061998,"Matrix-remodeling fibroblasts","K183156","Keloid"
"K183156_CELL11644_N2","variance_top1000",14.0912657545105,"Matrix-remodeling fibroblasts","K183156","Keloid"
"K183156_CELL11704_N2","variance_top1000",15.9592798036979,"ECM-producing fibroblasts","K183156","Keloid"
"K183156_CELL12023_N1","variance_top1000",16.0165018887694,"ECM-producing fibroblasts","K183156","Keloid"
"K183156_CELL12027_N1","variance_top1000",16.2846909500183,"ECM-producing fibroblasts","K183156","Keloid"
"K183156_CELL12143_N1","variance_top1000",10.8644643375932,"Homeostatic/regulatory fibroblasts","K183156","Keloid"
"K183156_CELL12180_N1","variance_top1000",15.0436352653328,"ECM-producing fibroblasts","K183156","Keloid"
"K183156_CELL12370_N1","variance_top1000",14.43900707715,"ECM-producing fibroblasts","K183156","Keloid"
"K183156_CELL12402_N1","variance_top1000",11.8853772196378,"ECM-producing fibroblasts","K183156","Keloid"
"K183156_CELL12553_N1","variance_top1000",21.5135445660582,"ECM-producing fibroblasts","K183156","Keloid"
"K183156_CELL12562_N1","variance_top1000",15.6855778965785,"Matrix-remodeling fibroblasts","K183156","Keloid"
"K183156_CELL12572_N1","variance_top1000",12.0061640797874,"Matrix-remodeling fibroblasts","K183156","Keloid"
"K183156_CELL12703_N1","variance_top1000",15.7194173236913,"Homeostatic/regulatory fibroblasts","K183156","Keloid"
"K183156_CELL12938_N1","variance_top1000",10.7181184879962,"ECM-producing fibroblasts","K183156","Keloid"
"K183156_CELL12940_N1","variance_top1000",13.4896206832681,"ECM-producing fibroblasts","K183156","Keloid"
"K183156_CELL13119_N1","variance_top1000",11.219711012887,"Homeostatic/regulatory fibroblasts","K183156","Keloid"
"K183156_CELL13185_N1","variance_top1000",15.867455157309,"Matrix-remodeling fibroblasts","K183156","Keloid"
"K183156_CELL13243_N1","variance_top1000",11.9429914008727,"Matrix-remodeling fibroblasts","K183156","Keloid"
"K183156_CELL13274_N1","variance_top1000",11.6108547851454,"Matrix-remodeling fibroblasts","K183156","Keloid"
"K183156_CELL13530_N1","variance_top1000",14.0761459002293,"Matrix-remodeling fibroblasts","K183156","Keloid"
"K183156_CELL13594_N1","variance_top1000",0.531550136897313,"Homeostatic/regulatory fibroblasts","K183156","Keloid"
"K183156_CELL13600_N1","variance_top1000",15.0403943111009,"ECM-producing fibroblasts","K183156","Keloid"
"K183156_CELL13616_N1","variance_top1000",15.9497226943123,"Matrix-remodeling fibroblasts","K183156","Keloid"
"K183156_CELL13701_N1","variance_top1000",15.2919612187962,"ECM-producing fibroblasts","K183156","Keloid"
"K183156_CELL13735_N1","variance_top1000",15.245810288914,"Matrix-remodeling fibroblasts","K183156","Keloid"
"K183156_CELL13742_N1","variance_top1000",16.2069639612949,"Matrix-remodeling fibroblasts","K183156","Keloid"
"K183156_CELL13746_N1","variance_top1000",14.7617822250643,"ECM-producing fibroblasts","K183156","Keloid"
"K183156_CELL13813_N1","variance_top1000",15.9649478127833,"ECM-producing fibroblasts","K183156","Keloid"
"K183156_CELL13904_N1","variance_top1000",18.6761717021736,"Homeostatic/regulatory fibroblasts","K183156","Keloid"
"K183156_CELL13915_N1","variance_top1000",11.9429114307841,"Matrix-remodeling fibroblasts","K183156","Keloid"
"K183156_CELL14109_N1","variance_top1000",17.6829891083542,"Homeostatic/regulatory fibroblasts","K183156","Keloid"
"K183156_CELL14120_N1","variance_top1000",15.8598423569664,"ECM-producing fibroblasts","K183156","Keloid"
"K183156_CELL14220_N1","variance_top1000",12.5773401637025,"Matrix-remodeling fibroblasts","K183156","Keloid"
"K183156_CELL14485_N1","variance_top1000",0.529296220239557,"Homeostatic/regulatory fibroblasts","K183156","Keloid"
"K183156_CELL14497_N1","variance_top1000",0.592524978871204,"Homeostatic/regulatory fibroblasts","K183156","Keloid"
"K183156_CELL14655_N1","variance_top1000",22.714196152316,"Homeostatic/regulatory fibroblasts","K183156","Keloid"
"K183156_CELL14943_N1","variance_top1000",17.2140290096096,"Homeostatic/regulatory fibroblasts","K183156","Keloid"
"K183156_CELL15191_N1","variance_top1000",11.3656113823937,"ECM-producing fibroblasts","K183156","Keloid"
"K183156_CELL15238_N1","variance_top1000",22.7512331468188,"Homeostatic/regulatory fibroblasts","K183156","Keloid"
"K183156_CELL15254_N1","variance_top1000",21.7161239131433,"ECM-producing fibroblasts","K183156","Keloid"
"K183156_CELL15264_N1","variance_top1000",14.1849850741992,"ECM-producing fibroblasts","K183156","Keloid"
"K183156_CELL15274_N1","variance_top1000",13.7947884420511,"Homeostatic/regulatory fibroblasts","K183156","Keloid"
"K183156_CELL15399_N1","variance_top1000",15.842154076353,"ECM-producing fibroblasts","K183156","Keloid"
"K183156_CELL15403_N1","variance_top1000",14.0688774067559,"Matrix-remodeling fibroblasts","K183156","Keloid"
"K183156_CELL16060_N1","variance_top1000",21.5487327220834,"ECM-producing fibroblasts","K183156","Keloid"
"K183156_CELL16096_N1","variance_top1000",11.6698483692466,"ECM-producing fibroblasts","K183156","Keloid"
"K183156_CELL16111_N1","variance_top1000",18.4999018384362,"Matrix-remodeling fibroblasts","K183156","Keloid"
"K183156_CELL16229_N1","variance_top1000",16.1671051543595,"ECM-producing fibroblasts","K183156","Keloid"
"K183156_CELL16234_N1","variance_top1000",16.2318859108594,"Matrix-remodeling fibroblasts","K183156","Keloid"
"K183156_CELL16421_N1","variance_top1000",14.0059722261856,"ECM-producing fibroblasts","K183156","Keloid"
"K183156_CELL16445_N1","variance_top1000",17.3135911812309,"Matrix-remodeling fibroblasts","K183156","Keloid"
"K183156_CELL16653_N1","variance_top1000",22.475298483597,"ECM-producing fibroblasts","K183156","Keloid"
"K183156_CELL16786_N1","variance_top1000",17.3251383791835,"ECM-producing fibroblasts","K183156","Keloid"
"K183156_CELL16808_N1","variance_top1000",15.9572542160921,"ECM-producing fibroblasts","K183156","Keloid"
"K183156_CELL16910_N1","variance_top1000",9.17436145386839,"ECM-producing fibroblasts","K183156","Keloid"
"K183156_CELL16917_N1","variance_top1000",15.8848172101529,"Homeostatic/regulatory fibroblasts","K183156","Keloid"
"K183156_CELL16948_N1","variance_top1000",13.4508257730656,"Matrix-remodeling fibroblasts","K183156","Keloid"
"K183156_CELL17030_N1","variance_top1000",23.2038941734628,"ECM-producing fibroblasts","K183156","Keloid"
"K183156_CELL17401_N1","variance_top1000",21.8694259607215,"ECM-producing fibroblasts","K183156","Keloid"
"K183156_CELL17512_N1","variance_top1000",16.0164259965162,"ECM-producing fibroblasts","K183156","Keloid"
"K183156_CELL17642_N1","variance_top1000",21.5809789278114,"ECM-producing fibroblasts","K183156","Keloid"
"K183156_CELL17684_N1","variance_top1000",15.9074328356742,"ECM-producing fibroblasts","K183156","Keloid"
"K183156_CELL17722_N1","variance_top1000",15.0333460603657,"ECM-producing fibroblasts","K183156","Keloid"
"K183156_CELL17734_N1","variance_top1000",14.6904615732739,"Matrix-remodeling fibroblasts","K183156","Keloid"
"K183156_CELL18630_N1","variance_top1000",15.8953986980455,"Homeostatic/regulatory fibroblasts","K183156","Keloid"
"K183156_CELL18657_N1","variance_top1000",17.2323685592485,"ECM-producing fibroblasts","K183156","Keloid"
"K183156_CELL18789_N1","variance_top1000",21.6787350876044,"ECM-producing fibroblasts","K183156","Keloid"
"K183156_CELL18792_N1","variance_top1000",15.7361220695527,"ECM-producing fibroblasts","K183156","Keloid"
"K183156_CELL18793_N1","variance_top1000",16.3493611735898,"ECM-producing fibroblasts","K183156","Keloid"
"K183156_CELL19813_N1","variance_top1000",14.4271862571062,"ECM-producing fibroblasts","K183156","Keloid"
"K183156_CELL19814_N1","variance_top1000",16.1168132944845,"ECM-producing fibroblasts","K183156","Keloid"
"K183156_CELL19878_N1","variance_top1000",14.596079251703,"ECM-producing fibroblasts","K183156","Keloid"
"K183156_CELL20275_N1","variance_top1000",15.9945521624133,"ECM-producing fibroblasts","K183156","Keloid"
"K183156_CELL20290_N1","variance_top1000",9.68492888792058,"Homeostatic/regulatory fibroblasts","K183156","Keloid"
"K183156_CELL20345_N1","variance_top1000",18.4699522196549,"Homeostatic/regulatory fibroblasts","K183156","Keloid"
"K183156_CELL20450_N1","variance_top1000",15.8722747894244,"ECM-producing fibroblasts","K183156","Keloid"
"K183156_CELL20562_N1","variance_top1000",14.9912577790681,"ECM-producing fibroblasts","K183156","Keloid"
"K183156_CELL20706_N1","variance_top1000",13.5648952047754,"ECM-producing fibroblasts","K183156","Keloid"
"K183156_CELL20789_N1","variance_top1000",22.9933294951913,"ECM-producing fibroblasts","K183156","Keloid"
"K183156_CELL20985_N1","variance_top1000",15.8915276216965,"Matrix-remodeling fibroblasts","K183156","Keloid"
"K183156_CELL21168_N1","variance_top1000",15.7682195561968,"Matrix-remodeling fibroblasts","K183156","Keloid"
"K183156_CELL21516_N1","variance_top1000",16.1456912679682,"Matrix-remodeling fibroblasts","K183156","Keloid"
"K183156_CELL21521_N1","variance_top1000",12.5976944151319,"Homeostatic/regulatory fibroblasts","K183156","Keloid"
"K183156_CELL21648_N1","variance_top1000",16.2232543023947,"ECM-producing fibroblasts","K183156","Keloid"
"K183156_CELL21667_N1","variance_top1000",12.6658849728207,"ECM-producing fibroblasts","K183156","Keloid"
"K183156_CELL21715_N1","variance_top1000",15.7095171795357,"Matrix-remodeling fibroblasts","K183156","Keloid"
"K183156_CELL21988_N1","variance_top1000",15.5836229804635,"ECM-producing fibroblasts","K183156","Keloid"
"K183156_CELL22021_N1","variance_top1000",21.8448859015962,"ECM-producing fibroblasts","K183156","Keloid"
"K183156_CELL22099_N1","variance_top1000",14.2027001102893,"ECM-producing fibroblasts","K183156","Keloid"
"K183156_CELL22266_N1","variance_top1000",14.2855896757173,"ECM-producing fibroblasts","K183156","Keloid"
"K183156_CELL22495_N1","variance_top1000",15.8325006448107,"ECM-producing fibroblasts","K183156","Keloid"
"K183156_CELL22524_N1","variance_top1000",14.4631028165883,"Homeostatic/regulatory fibroblasts","K183156","Keloid"
"K183156_CELL22617_N1","variance_top1000",15.7193008320599,"Matrix-remodeling fibroblasts","K183156","Keloid"
"K183156_CELL22643_N1","variance_top1000",0.505267710194493,"Homeostatic/regulatory fibroblasts","K183156","Keloid"
"K183156_CELL22720_N1","variance_top1000",11.7902658236451,"Homeostatic/regulatory fibroblasts","K183156","Keloid"
"K183156_CELL23175_N1","variance_top1000",15.2945724173167,"ECM-producing fibroblasts","K183156","Keloid"
"K183156_CELL23273_N1","variance_top1000",10.5657749235343,"Homeostatic/regulatory fibroblasts","K183156","Keloid"
"K183156_CELL23386_N1","variance_top1000",16.0813939893753,"ECM-producing fibroblasts","K183156","Keloid"
"K183156_CELL23524_N1","variance_top1000",15.9599057685784,"ECM-producing fibroblasts","K183156","Keloid"
"K183156_CELL23808_N1","variance_top1000",11.3342340879665,"Matrix-remodeling fibroblasts","K183156","Keloid"
"K183156_CELL23876_N1","variance_top1000",16.0702683407093,"ECM-producing fibroblasts","K183156","Keloid"
"K183156_CELL24187_N1","variance_top1000",12.0113002850907,"Matrix-remodeling fibroblasts","K183156","Keloid"
"K183156_CELL24214_N1","variance_top1000",15.7701893321831,"Matrix-remodeling fibroblasts","K183156","Keloid"
"K183156_CELL24301_N1","variance_top1000",12.3679765204215,"Matrix-remodeling fibroblasts","K183156","Keloid"
"K183156_CELL24762_N1","variance_top1000",0.34289775026007,"Homeostatic/regulatory fibroblasts","K183156","Keloid"
"K183156_CELL24977_N1","variance_top1000",22.852101646217,"ECM-producing fibroblasts","K183156","Keloid"
"K183156_CELL25010_N1","variance_top1000",11.4367975028531,"Matrix-remodeling fibroblasts","K183156","Keloid"
"K183156_CELL25144_N1","variance_top1000",14.9075511081413,"Matrix-remodeling fibroblasts","K183156","Keloid"
"K183156_CELL25363_N1","variance_top1000",16.0271844223451,"Matrix-remodeling fibroblasts","K183156","Keloid"
"K183156_CELL25423_N1","variance_top1000",12.602728795991,"Matrix-remodeling fibroblasts","K183156","Keloid"
"K183156_CELL25737_N1","variance_top1000",14.6581816536315,"Matrix-remodeling fibroblasts","K183156","Keloid"
"K183156_CELL26172_N1","variance_top1000",14.7806444362856,"ECM-producing fibroblasts","K183156","Keloid"
"K183156_CELL26269_N1","variance_top1000",15.7930566365207,"Homeostatic/regulatory fibroblasts","K183156","Keloid"
"K183156_CELL26381_N1","variance_top1000",17.1315479174197,"ECM-producing fibroblasts","K183156","Keloid"
"K183156_CELL26435_N1","variance_top1000",1.43833299458784,"Homeostatic/regulatory fibroblasts","K183156","Keloid"
"K183156_CELL26465_N1","variance_top1000",16.1451730881047,"ECM-producing fibroblasts","K183156","Keloid"
"K183156_CELL26500_N1","variance_top1000",15.6676724746665,"ECM-producing fibroblasts","K183156","Keloid"
"K183156_CELL26953_N1","variance_top1000",15.5761262949502,"ECM-producing fibroblasts","K183156","Keloid"
"K183156_CELL26993_N1","variance_top1000",19.3254857617797,"Homeostatic/regulatory fibroblasts","K183156","Keloid"
"K183156_CELL27570_N1","variance_top1000",11.9160780398905,"Matrix-remodeling fibroblasts","K183156","Keloid"
"K183156_CELL27743_N1","variance_top1000",15.7918420152562,"ECM-producing fibroblasts","K183156","Keloid"
"K183156_CELL27800_N1","variance_top1000",3.07267582118807,"Homeostatic/regulatory fibroblasts","K183156","Keloid"
"K183156_CELL27868_N1","variance_top1000",0.49627142067086,"Homeostatic/regulatory fibroblasts","K183156","Keloid"
"K183156_CELL27961_N1","variance_top1000",13.5788082726226,"Homeostatic/regulatory fibroblasts","K183156","Keloid"
"K183156_CELL28048_N1","variance_top1000",15.6139026899216,"Matrix-remodeling fibroblasts","K183156","Keloid"
"K183156_CELL28084_N1","variance_top1000",22.8181777643543,"ECM-producing fibroblasts","K183156","Keloid"
"K183156_CELL28271_N1","variance_top1000",15.9915553094582,"ECM-producing fibroblasts","K183156","Keloid"
"K183156_CELL28277_N1","variance_top1000",13.8203375143245,"Homeostatic/regulatory fibroblasts","K183156","Keloid"
"K183156_CELL28434_N1","variance_top1000",11.9543534296703,"Matrix-remodeling fibroblasts","K183156","Keloid"
"K183156_CELL28511_N1","variance_top1000",20.6413005953352,"Homeostatic/regulatory fibroblasts","K183156","Keloid"
"K183156_CELL28650_N1","variance_top1000",21.6097707264354,"ECM-producing fibroblasts","K183156","Keloid"
"K183156_CELL28725_N1","variance_top1000",21.960897700953,"ECM-producing fibroblasts","K183156","Keloid"
"K183156_CELL28774_N1","variance_top1000",11.9640700677101,"ECM-producing fibroblasts","K183156","Keloid"
"K183156_CELL28889_N1","variance_top1000",16.7487206807243,"ECM-producing fibroblasts","K183156","Keloid"
"K183156_CELL29055_N1","variance_top1000",15.8519259537186,"Matrix-remodeling fibroblasts","K183156","Keloid"
"K183156_CELL29107_N1","variance_top1000",19.1909866966468,"Matrix-remodeling fibroblasts","K183156","Keloid"
"K183156_CELL29144_N1","variance_top1000",23.5118542119958,"ECM-producing fibroblasts","K183156","Keloid"
"K183156_CELL29247_N1","variance_top1000",14.058216803129,"Homeostatic/regulatory fibroblasts","K183156","Keloid"
"K183156_CELL29350_N1","variance_top1000",13.8190452389847,"ECM-producing fibroblasts","K183156","Keloid"
"K183156_CELL29405_N1","variance_top1000",14.7911397092022,"Homeostatic/regulatory fibroblasts","K183156","Keloid"
"K183156_CELL29464_N1","variance_top1000",21.9482805099739,"Homeostatic/regulatory fibroblasts","K183156","Keloid"
"K183156_CELL29671_N1","variance_top1000",11.9661747562556,"Matrix-remodeling fibroblasts","K183156","Keloid"
"K183156_CELL29753_N1","variance_top1000",11.8214323837974,"Matrix-remodeling fibroblasts","K183156","Keloid"
"K183156_CELL29916_N1","variance_top1000",14.8738009105852,"Matrix-remodeling fibroblasts","K183156","Keloid"
"K183156_CELL29934_N1","variance_top1000",22.8946414822387,"ECM-producing fibroblasts","K183156","Keloid"
"K183156_CELL30145_N1","variance_top1000",14.0442143927823,"Matrix-remodeling fibroblasts","K183156","Keloid"
"K183156_CELL30180_N1","variance_top1000",15.6939961886034,"Matrix-remodeling fibroblasts","K183156","Keloid"
"K183156_CELL31044_N1","variance_top1000",21.776410405507,"Homeostatic/regulatory fibroblasts","K183156","Keloid"
"K183156_CELL31471_N1","variance_top1000",11.672204715039,"Matrix-remodeling fibroblasts","K183156","Keloid"
"K183156_CELL31584_N1","variance_top1000",16.1333555779182,"Matrix-remodeling fibroblasts","K183156","Keloid"
"K183156_CELL31596_N1","variance_top1000",16.1127204621458,"Matrix-remodeling fibroblasts","K183156","Keloid"
"K183156_CELL31644_N1","variance_top1000",12.6940456202963,"ECM-producing fibroblasts","K183156","Keloid"
"K183156_CELL31729_N1","variance_top1000",15.2262717578636,"ECM-producing fibroblasts","K183156","Keloid"
"K183156_CELL31924_N1","variance_top1000",14.1135425695179,"Homeostatic/regulatory fibroblasts","K183156","Keloid"
"K183156_CELL32069_N1","variance_top1000",11.6215020063724,"Matrix-remodeling fibroblasts","K183156","Keloid"
"K183156_CELL32181_N1","variance_top1000",15.8068577948291,"Homeostatic/regulatory fibroblasts","K183156","Keloid"
"K183156_CELL32209_N1","variance_top1000",22.947137793907,"ECM-producing fibroblasts","K183156","Keloid"
"K183261_CELL782_N3","variance_top1000",17.1232876551689,"Homeostatic/regulatory fibroblasts","K183261","Keloid"
"K183261_CELL831_N2","variance_top1000",13.8140068783818,"Homeostatic/regulatory fibroblasts","K183261","Keloid"
"K183261_CELL1053_N6","variance_top1000",13.98845539107,"ECM-producing fibroblasts","K183261","Keloid"
"K183261_CELL1385_N2","variance_top1000",18.8692501535192,"Homeostatic/regulatory fibroblasts","K183261","Keloid"
"K183261_CELL1474_N3","variance_top1000",22.9812928481748,"Homeostatic/regulatory fibroblasts","K183261","Keloid"
"K183261_CELL1794_N4","variance_top1000",14.4609267414508,"ECM-producing fibroblasts","K183261","Keloid"
"K183261_CELL1909_N4","variance_top1000",1.61917642013977,"Homeostatic/regulatory fibroblasts","K183261","Keloid"
"K183261_CELL1937_N4","variance_top1000",7.38768415157789,"Homeostatic/regulatory fibroblasts","K183261","Keloid"
"K183261_CELL2058_N2","variance_top1000",15.9472512221244,"ECM-producing fibroblasts","K183261","Keloid"
"K183261_CELL2230_N5","variance_top1000",20.6678558041784,"ECM-producing fibroblasts","K183261","Keloid"
"K183261_CELL2234_N4","variance_top1000",8.42475994960799,"Homeostatic/regulatory fibroblasts","K183261","Keloid"
"K183261_CELL2264_N3","variance_top1000",15.7934626178932,"ECM-producing fibroblasts","K183261","Keloid"
"K183261_CELL2301_N2","variance_top1000",3.58953553334268,"Matrix-remodeling fibroblasts","K183261","Keloid"
"K183261_CELL3150_N2","variance_top1000",19.1540010958769,"ECM-producing fibroblasts","K183261","Keloid"
"K183261_CELL3380_N4","variance_top1000",17.2341321086716,"Homeostatic/regulatory fibroblasts","K183261","Keloid"
"K183261_CELL3662_N6","variance_top1000",14.8291325420444,"Homeostatic/regulatory fibroblasts","K183261","Keloid"
"K183261_CELL3774_N3","variance_top1000",9.81223814251418,"Matrix-remodeling fibroblasts","K183261","Keloid"
"K183261_CELL4138_N3","variance_top1000",23.2294111788777,"ECM-producing fibroblasts","K183261","Keloid"
"K183261_CELL4247_N4","variance_top1000",0.410927748774981,"Homeostatic/regulatory fibroblasts","K183261","Keloid"
"K183261_CELL4530_N7","variance_top1000",15.9371368765401,"ECM-producing fibroblasts","K183261","Keloid"
"K183261_CELL4642_N3","variance_top1000",12.5565101688912,"ECM-producing fibroblasts","K183261","Keloid"
"K183261_CELL4741_N3","variance_top1000",11.8252649507006,"Homeostatic/regulatory fibroblasts","K183261","Keloid"
"K183261_CELL5112_N2","variance_top1000",15.006064410514,"Homeostatic/regulatory fibroblasts","K183261","Keloid"
"K183261_CELL5265_N2","variance_top1000",1.94876357240582,"Homeostatic/regulatory fibroblasts","K183261","Keloid"
"K183261_CELL5296_N2","variance_top1000",11.6510717937199,"Matrix-remodeling fibroblasts","K183261","Keloid"
"K183261_CELL6116_N2","variance_top1000",17.2542417162117,"Homeostatic/regulatory fibroblasts","K183261","Keloid"
"K183261_CELL6202_N3","variance_top1000",13.8151034397341,"ECM-producing fibroblasts","K183261","Keloid"
"K183261_CELL7358_N2","variance_top1000",15.8492079938612,"ECM-producing fibroblasts","K183261","Keloid"
"K183261_CELL7359_N1","variance_top1000",21.5872904684567,"Matrix-remodeling fibroblasts","K183261","Keloid"
"K183261_CELL8615_N4","variance_top1000",18.1758979527619,"Homeostatic/regulatory fibroblasts","K183261","Keloid"
"K183261_CELL9070_N3","variance_top1000",13.2398423994152,"ECM-producing fibroblasts","K183261","Keloid"
"K183261_CELL9269_N3","variance_top1000",14.8202622342603,"Matrix-remodeling fibroblasts","K183261","Keloid"
"K183261_CELL9511_N3","variance_top1000",15.9517678454196,"Matrix-remodeling fibroblasts","K183261","Keloid"
"K183261_CELL9537_N3","variance_top1000",0.262788574246577,"Homeostatic/regulatory fibroblasts","K183261","Keloid"
"K183261_CELL9555_N2","variance_top1000",18.1872162956877,"Homeostatic/regulatory fibroblasts","K183261","Keloid"
"K183261_CELL9812_N4","variance_top1000",21.2019812245036,"Homeostatic/regulatory fibroblasts","K183261","Keloid"
"K183261_CELL9904_N2","variance_top1000",7.88623682566409,"Homeostatic/regulatory fibroblasts","K183261","Keloid"
"K183261_CELL10261_N1","variance_top1000",15.2276420682177,"ECM-producing fibroblasts","K183261","Keloid"
"K183261_CELL12047_N1","variance_top1000",23.2217664338241,"ECM-producing fibroblasts","K183261","Keloid"
"K183261_CELL13785_N1","variance_top1000",10.2080155329309,"Homeostatic/regulatory fibroblasts","K183261","Keloid"
"K183261_CELL17149_N1","variance_top1000",11.4260203747018,"Matrix-remodeling fibroblasts","K183261","Keloid"
"K183261_CELL17959_N1","variance_top1000",23.452177802136,"ECM-producing fibroblasts","K183261","Keloid"
"K183261_CELL19488_N1","variance_top1000",1.41812969543733,"Homeostatic/regulatory fibroblasts","K183261","Keloid"
"K183261_CELL20828_N1","variance_top1000",17.2565365413988,"ECM-producing fibroblasts","K183261","Keloid"
"K183261_CELL26267_N1","variance_top1000",8.19352060074069,"Homeostatic/regulatory fibroblasts","K183261","Keloid"
"K183261_CELL30227_N1","variance_top1000",22.1681555736159,"ECM-producing fibroblasts","K183261","Keloid"
"K183261_CELL34896_N1","variance_top1000",0.312110068411454,"Homeostatic/regulatory fibroblasts","K183261","Keloid"
"K183261_CELL36106_N1","variance_top1000",19.1311473287203,"Homeostatic/regulatory fibroblasts","K183261","Keloid"
"K183261_CELL37268_N1","variance_top1000",8.5927753148132,"ECM-producing fibroblasts","K183261","Keloid"
"K712771_CELL329_N4","variance_top1000",15.8465916324632,"Matrix-remodeling fibroblasts","K712771","Keloid"
"K712771_CELL502_N3","variance_top1000",0.726670807588461,"Homeostatic/regulatory fibroblasts","K712771","Keloid"
"K712771_CELL710_N4","variance_top1000",15.2759927162586,"ECM-producing fibroblasts","K712771","Keloid"
"K712771_CELL834_N1","variance_top1000",7.88119457923817,"Matrix-remodeling fibroblasts","K712771","Keloid"
"K712771_CELL859_N6","variance_top1000",18.7290057944259,"Homeostatic/regulatory fibroblasts","K712771","Keloid"
"K712771_CELL1003_N2","variance_top1000",13.9832614981239,"ECM-producing fibroblasts","K712771","Keloid"
"K712771_CELL1279_N4","variance_top1000",12.0719695914161,"Matrix-remodeling fibroblasts","K712771","Keloid"
"K712771_CELL1351_N2","variance_top1000",14.2027827869775,"ECM-producing fibroblasts","K712771","Keloid"
"K712771_CELL1464_N4","variance_top1000",15.590689180753,"Homeostatic/regulatory fibroblasts","K712771","Keloid"
"K712771_CELL1603_N2","variance_top1000",11.4481362391333,"Homeostatic/regulatory fibroblasts","K712771","Keloid"
"K712771_CELL1806_N3","variance_top1000",10.6393617889225,"Matrix-remodeling fibroblasts","K712771","Keloid"
"K712771_CELL1977_N5","variance_top1000",15.9948014185939,"ECM-producing fibroblasts","K712771","Keloid"
"K712771_CELL1989_N4","variance_top1000",22.8419127189078,"ECM-producing fibroblasts","K712771","Keloid"
"K712771_CELL1996_N3","variance_top1000",10.3610864778227,"Homeostatic/regulatory fibroblasts","K712771","Keloid"
"K712771_CELL2224_N4","variance_top1000",12.60789257156,"Homeostatic/regulatory fibroblasts","K712771","Keloid"
"K712771_CELL2493_N7","variance_top1000",14.8488457174562,"ECM-producing fibroblasts","K712771","Keloid"
"K712771_CELL2762_N5","variance_top1000",11.4557977503524,"Matrix-remodeling fibroblasts","K712771","Keloid"
"K712771_CELL3052_N3","variance_top1000",15.9225434024742,"Matrix-remodeling fibroblasts","K712771","Keloid"
"K712771_CELL3113_N2","variance_top1000",10.6198332257285,"Matrix-remodeling fibroblasts","K712771","Keloid"
"K712771_CELL3674_N3","variance_top1000",14.2595169454544,"Matrix-remodeling fibroblasts","K712771","Keloid"
"K712771_CELL4138_N2","variance_top1000",9.19928187442234,"Matrix-remodeling fibroblasts","K712771","Keloid"
"K712771_CELL4504_N2","variance_top1000",12.4119901455123,"ECM-producing fibroblasts","K712771","Keloid"
"K712771_CELL5011_N4","variance_top1000",8.02374374675929,"Matrix-remodeling fibroblasts","K712771","Keloid"
"K712771_CELL5241_N2","variance_top1000",9.1137054599009,"Homeostatic/regulatory fibroblasts","K712771","Keloid"
"K712771_CELL5313_N2","variance_top1000",11.9088108258645,"Matrix-remodeling fibroblasts","K712771","Keloid"
"K712771_CELL5445_N4","variance_top1000",10.443732060713,"Matrix-remodeling fibroblasts","K712771","Keloid"
"K712771_CELL5485_N1","variance_top1000",7.71091178138076,"Matrix-remodeling fibroblasts","K712771","Keloid"
"K712771_CELL5492_N2","variance_top1000",15.0566664070168,"Matrix-remodeling fibroblasts","K712771","Keloid"
"K712771_CELL5571_N3","variance_top1000",12.3166133050776,"ECM-producing fibroblasts","K712771","Keloid"
"K712771_CELL5672_N2","variance_top1000",15.9798876738848,"ECM-producing fibroblasts","K712771","Keloid"
"K712771_CELL5695_N3","variance_top1000",14.907619249249,"ECM-producing fibroblasts","K712771","Keloid"
"K712771_CELL6146_N1","variance_top1000",9.84661743872918,"ECM-producing fibroblasts","K712771","Keloid"
"K712771_CELL6298_N2","variance_top1000",0.431752699315763,"Homeostatic/regulatory fibroblasts","K712771","Keloid"
"K712771_CELL6542_N3","variance_top1000",17.2287556956956,"ECM-producing fibroblasts","K712771","Keloid"
"K712771_CELL6576_N2","variance_top1000",18.4850169984553,"Homeostatic/regulatory fibroblasts","K712771","Keloid"
"K712771_CELL6579_N2","variance_top1000",12.4371111336265,"Matrix-remodeling fibroblasts","K712771","Keloid"
"K712771_CELL6732_N2","variance_top1000",16.0303024831645,"ECM-producing fibroblasts","K712771","Keloid"
"K712771_CELL6787_N2","variance_top1000",13.8241972545117,"ECM-producing fibroblasts","K712771","Keloid"
"K712771_CELL6857_N3","variance_top1000",16.1024144888481,"Matrix-remodeling fibroblasts","K712771","Keloid"
"K712771_CELL7321_N4","variance_top1000",18.4617819117879,"ECM-producing fibroblasts","K712771","Keloid"
"K712771_CELL7398_N2","variance_top1000",15.2372385690364,"Matrix-remodeling fibroblasts","K712771","Keloid"
"K712771_CELL7490_N2","variance_top1000",15.7699047782333,"ECM-producing fibroblasts","K712771","Keloid"
"K712771_CELL8181_N2","variance_top1000",19.2691256522025,"Matrix-remodeling fibroblasts","K712771","Keloid"
"K712771_CELL8397_N3","variance_top1000",10.8708336266529,"Matrix-remodeling fibroblasts","K712771","Keloid"
"K712771_CELL8809_N1","variance_top1000",11.3427896379061,"Matrix-remodeling fibroblasts","K712771","Keloid"
"K712771_CELL8906_N2","variance_top1000",16.1801668855863,"ECM-producing fibroblasts","K712771","Keloid"
"K712771_CELL8975_N2","variance_top1000",7.96079764819638,"Homeostatic/regulatory fibroblasts","K712771","Keloid"
"K712771_CELL9044_N2","variance_top1000",11.6613063156551,"Matrix-remodeling fibroblasts","K712771","Keloid"
"K712771_CELL9469_N1","variance_top1000",9.1797622584008,"Homeostatic/regulatory fibroblasts","K712771","Keloid"
"K712771_CELL9682_N5","variance_top1000",15.8704692885773,"ECM-producing fibroblasts","K712771","Keloid"
"K712771_CELL10156_N2","variance_top1000",5.67454323282263,"ECM-producing fibroblasts","K712771","Keloid"
"K712771_CELL10795_N1","variance_top1000",9.23109668832933,"Matrix-remodeling fibroblasts","K712771","Keloid"
"K712771_CELL11078_N2","variance_top1000",9.72467427267632,"Matrix-remodeling fibroblasts","K712771","Keloid"
"K712771_CELL11095_N3","variance_top1000",15.9973376501913,"ECM-producing fibroblasts","K712771","Keloid"
"K712771_CELL11452_N2","variance_top1000",15.8988767709776,"Matrix-remodeling fibroblasts","K712771","Keloid"
"K712771_CELL11479_N2","variance_top1000",10.1313785214718,"Matrix-remodeling fibroblasts","K712771","Keloid"
"K712771_CELL11481_N2","variance_top1000",14.8601827107607,"Matrix-remodeling fibroblasts","K712771","Keloid"
"K712771_CELL11522_N3","variance_top1000",10.1680920497249,"Matrix-remodeling fibroblasts","K712771","Keloid"
"K712771_CELL11558_N3","variance_top1000",13.6764743548864,"Matrix-remodeling fibroblasts","K712771","Keloid"
"K712771_CELL11931_N2","variance_top1000",15.8537514152885,"ECM-producing fibroblasts","K712771","Keloid"
"K712771_CELL12144_N2","variance_top1000",15.817654221709,"ECM-producing fibroblasts","K712771","Keloid"
"K712771_CELL12364_N3","variance_top1000",16.132537309121,"Matrix-remodeling fibroblasts","K712771","Keloid"
"K712771_CELL12466_N1","variance_top1000",5.60063972641387,"Matrix-remodeling fibroblasts","K712771","Keloid"
"K712771_CELL12512_N1","variance_top1000",7.20821624193171,"Matrix-remodeling fibroblasts","K712771","Keloid"
"K712771_CELL12584_N2","variance_top1000",6.61843911613602,"Homeostatic/regulatory fibroblasts","K712771","Keloid"
"K712771_CELL12890_N2","variance_top1000",8.82839781398165,"Homeostatic/regulatory fibroblasts","K712771","Keloid"
"K712771_CELL13133_N1","variance_top1000",12.3408436236675,"Homeostatic/regulatory fibroblasts","K712771","Keloid"
"K712771_CELL13267_N1","variance_top1000",5.50896964166314,"Matrix-remodeling fibroblasts","K712771","Keloid"
"K712771_CELL13941_N1","variance_top1000",8.92464962070027,"Matrix-remodeling fibroblasts","K712771","Keloid"
"K712771_CELL14353_N1","variance_top1000",15.0535253757943,"Homeostatic/regulatory fibroblasts","K712771","Keloid"
"K712771_CELL15190_N1","variance_top1000",10.6264107423887,"Matrix-remodeling fibroblasts","K712771","Keloid"
"K712771_CELL15220_N1","variance_top1000",9.94720657683177,"Homeostatic/regulatory fibroblasts","K712771","Keloid"
"K712771_CELL16633_N1","variance_top1000",9.76165492814489,"ECM-producing fibroblasts","K712771","Keloid"
"K712771_CELL16714_N1","variance_top1000",19.5044149256588,"Matrix-remodeling fibroblasts","K712771","Keloid"
"K712771_CELL17064_N1","variance_top1000",21.6298250430057,"Matrix-remodeling fibroblasts","K712771","Keloid"
"K712771_CELL17104_N1","variance_top1000",22.4948850041674,"ECM-producing fibroblasts","K712771","Keloid"
"K712771_CELL17382_N1","variance_top1000",9.48608880158966,"Matrix-remodeling fibroblasts","K712771","Keloid"
"K712771_CELL18078_N1","variance_top1000",11.5430737920668,"Matrix-remodeling fibroblasts","K712771","Keloid"
"K712771_CELL18219_N1","variance_top1000",15.7024790985263,"ECM-producing fibroblasts","K712771","Keloid"
"K712771_CELL19019_N1","variance_top1000",21.4140801706096,"Matrix-remodeling fibroblasts","K712771","Keloid"
"K712771_CELL19429_N1","variance_top1000",9.81093359735202,"Homeostatic/regulatory fibroblasts","K712771","Keloid"
"K712771_CELL19483_N1","variance_top1000",12.7006631384555,"Matrix-remodeling fibroblasts","K712771","Keloid"
"K712771_CELL20341_N1","variance_top1000",12.6557463051417,"Matrix-remodeling fibroblasts","K712771","Keloid"
"K712771_CELL20624_N1","variance_top1000",17.0535468269571,"ECM-producing fibroblasts","K712771","Keloid"
"K712771_CELL20715_N1","variance_top1000",13.948154456716,"ECM-producing fibroblasts","K712771","Keloid"
"K712771_CELL21116_N1","variance_top1000",15.9518497287767,"ECM-producing fibroblasts","K712771","Keloid"
"K712771_CELL21319_N1","variance_top1000",8.18030438471616,"Homeostatic/regulatory fibroblasts","K712771","Keloid"
"K712771_CELL21676_N1","variance_top1000",10.2857886197408,"Homeostatic/regulatory fibroblasts","K712771","Keloid"
"K712771_CELL21794_N1","variance_top1000",22.9312813180471,"ECM-producing fibroblasts","K712771","Keloid"
"K712771_CELL22525_N1","variance_top1000",10.2989274169284,"Matrix-remodeling fibroblasts","K712771","Keloid"
"K712771_CELL23153_N1","variance_top1000",13.8882741736783,"ECM-producing fibroblasts","K712771","Keloid"
"K712771_CELL23672_N1","variance_top1000",21.3974795535979,"Matrix-remodeling fibroblasts","K712771","Keloid"
"K712771_CELL23805_N1","variance_top1000",17.5164223955317,"Homeostatic/regulatory fibroblasts","K712771","Keloid"
"N176712_CELL1209_N3","variance_top1000",6.80914709808126,"Matrix-remodeling fibroblasts","N176712","Normal"
"N176712_CELL2777_N3","variance_top1000",6.39882907820672,"Homeostatic/regulatory fibroblasts","N176712","Normal"
"N176712_CELL3232_N2","variance_top1000",0.25171448045572,"Homeostatic/regulatory fibroblasts","N176712","Normal"
"N176712_CELL3900_N2","variance_top1000",21.6313104176835,"Homeostatic/regulatory fibroblasts","N176712","Normal"
"N176712_CELL4364_N2","variance_top1000",3.1401703453462,"Matrix-remodeling fibroblasts","N176712","Normal"
"N176712_CELL5248_N3","variance_top1000",0.111345825052625,"ECM-producing fibroblasts","N176712","Normal"
"N176712_CELL6455_N2","variance_top1000",21.8059197638143,"Homeostatic/regulatory fibroblasts","N176712","Normal"
"N176712_CELL6949_N3","variance_top1000",20.6363382907736,"Homeostatic/regulatory fibroblasts","N176712","Normal"
"N176712_CELL9310_N1","variance_top1000",0.357213251700047,"Homeostatic/regulatory fibroblasts","N176712","Normal"
"N176712_CELL14513_N1","variance_top1000",1.32838884010858,"Matrix-remodeling fibroblasts","N176712","Normal"
"N176712_CELL14881_N1","variance_top1000",21.5895989620523,"Matrix-remodeling fibroblasts","N176712","Normal"
"N177536_CELL99_N5","variance_top1000",22.6156306495776,"Homeostatic/regulatory fibroblasts","N177536","Normal"
"N177536_CELL467_N2","variance_top1000",4.6134863780795,"Homeostatic/regulatory fibroblasts","N177536","Normal"
"N177536_CELL641_N3","variance_top1000",21.2009799999191,"Homeostatic/regulatory fibroblasts","N177536","Normal"
"N177536_CELL1859_N3","variance_top1000",23.0682674322833,"Homeostatic/regulatory fibroblasts","N177536","Normal"
"N177536_CELL2671_N2","variance_top1000",21.6499447573806,"Homeostatic/regulatory fibroblasts","N177536","Normal"
"N177536_CELL3702_N2","variance_top1000",0.195249494510459,"Homeostatic/regulatory fibroblasts","N177536","Normal"
"N177536_CELL3817_N3","variance_top1000",21.4064223875152,"Homeostatic/regulatory fibroblasts","N177536","Normal"
"N177536_CELL4444_N3","variance_top1000",9.73549736645261,"Matrix-remodeling fibroblasts","N177536","Normal"
"N177536_CELL4931_N3","variance_top1000",7.17359515581868,"Homeostatic/regulatory fibroblasts","N177536","Normal"
"N177536_CELL5149_N2","variance_top1000",6.81045977743555,"Homeostatic/regulatory fibroblasts","N177536","Normal"
"N177536_CELL5420_N3","variance_top1000",0.272878757694514,"Homeostatic/regulatory fibroblasts","N177536","Normal"
"N177536_CELL5535_N2","variance_top1000",21.5976420431186,"Homeostatic/regulatory fibroblasts","N177536","Normal"
"N177536_CELL5547_N2","variance_top1000",2.42731359594818,"Homeostatic/regulatory fibroblasts","N177536","Normal"
"N177536_CELL6495_N2","variance_top1000",0.460345447444756,"Homeostatic/regulatory fibroblasts","N177536","Normal"
"N177536_CELL6881_N2","variance_top1000",2.66310100204983,"Homeostatic/regulatory fibroblasts","N177536","Normal"
"N177536_CELL8407_N2","variance_top1000",8.19216198691037,"Homeostatic/regulatory fibroblasts","N177536","Normal"
"N177536_CELL8499_N2","variance_top1000",1.06058556899507,"Homeostatic/regulatory fibroblasts","N177536","Normal"
"N177536_CELL8756_N3","variance_top1000",21.7263026955125,"Homeostatic/regulatory fibroblasts","N177536","Normal"
"N177536_CELL8831_N2","variance_top1000",16.8766580489602,"Homeostatic/regulatory fibroblasts","N177536","Normal"
"N177536_CELL9609_N2","variance_top1000",0.164782656120699,"Homeostatic/regulatory fibroblasts","N177536","Normal"
"N177536_CELL9771_N2","variance_top1000",1.60264480245743,"Homeostatic/regulatory fibroblasts","N177536","Normal"
"N177536_CELL9976_N2","variance_top1000",0.319933056588513,"Homeostatic/regulatory fibroblasts","N177536","Normal"
"N177536_CELL10205_N3","variance_top1000",21.7904499279529,"Homeostatic/regulatory fibroblasts","N177536","Normal"
"N177536_CELL10358_N2","variance_top1000",7.18877396484566,"Homeostatic/regulatory fibroblasts","N177536","Normal"
"N177536_CELL11050_N3","variance_top1000",5.30198754194551,"Matrix-remodeling fibroblasts","N177536","Normal"
"N177536_CELL11056_N2","variance_top1000",0.993025913555174,"ECM-producing fibroblasts","N177536","Normal"
"N177536_CELL11528_N3","variance_top1000",15.5616723352892,"Homeostatic/regulatory fibroblasts","N177536","Normal"
"N177536_CELL11941_N3","variance_top1000",1.85087177631488,"Homeostatic/regulatory fibroblasts","N177536","Normal"
"N177536_CELL13121_N1","variance_top1000",9.83515007116853,"Homeostatic/regulatory fibroblasts","N177536","Normal"
"N177536_CELL15883_N1","variance_top1000",9.0027572492802,"Matrix-remodeling fibroblasts","N177536","Normal"
"N177536_CELL16993_N1","variance_top1000",3.28228224208202,"ECM-producing fibroblasts","N177536","Normal"
"N177536_CELL17130_N1","variance_top1000",5.17077091401643,"Homeostatic/regulatory fibroblasts","N177536","Normal"
"N177536_CELL18616_N1","variance_top1000",11.4163477554015,"ECM-producing fibroblasts","N177536","Normal"
"N177536_CELL19214_N1","variance_top1000",0.173162266382123,"Homeostatic/regulatory fibroblasts","N177536","Normal"
"N177536_CELL19706_N1","variance_top1000",0.417565594218723,"Homeostatic/regulatory fibroblasts","N177536","Normal"
"N177536_CELL20358_N1","variance_top1000",22.028280339063,"Matrix-remodeling fibroblasts","N177536","Normal"
"N177536_CELL22589_N1","variance_top1000",1.49978440253345,"Homeostatic/regulatory fibroblasts","N177536","Normal"
"N177536_CELL22836_N1","variance_top1000",3.67918134491719,"ECM-producing fibroblasts","N177536","Normal"
"N177536_CELL22977_N1","variance_top1000",21.7369952946722,"Matrix-remodeling fibroblasts","N177536","Normal"
"N177536_CELL23410_N1","variance_top1000",0.529072142405604,"Homeostatic/regulatory fibroblasts","N177536","Normal"
"N177536_CELL25842_N1","variance_top1000",12.5345739855109,"Matrix-remodeling fibroblasts","N177536","Normal"
"N177536_CELL26198_N1","variance_top1000",8.09253322904031,"Homeostatic/regulatory fibroblasts","N177536","Normal"
"N177536_CELL27559_N1","variance_top1000",22.958676526697,"ECM-producing fibroblasts","N177536","Normal"
"N387690_CELL199_N3","variance_top1000",0.407680487203131,"ECM-producing fibroblasts","N387690","Normal"
"N387690_CELL228_N3","variance_top1000",0.435786784186644,"Homeostatic/regulatory fibroblasts","N387690","Normal"
"N387690_CELL241_N3","variance_top1000",0.694408818533677,"Homeostatic/regulatory fibroblasts","N387690","Normal"
"N387690_CELL304_N4","variance_top1000",1.3793439881457,"Homeostatic/regulatory fibroblasts","N387690","Normal"
"N387690_CELL318_N4","variance_top1000",1.33743168127746,"Homeostatic/regulatory fibroblasts","N387690","Normal"
"N387690_CELL357_N3","variance_top1000",1.00694327953534,"Homeostatic/regulatory fibroblasts","N387690","Normal"
"N387690_CELL370_N2","variance_top1000",0.26207109707505,"Homeostatic/regulatory fibroblasts","N387690","Normal"
"N387690_CELL477_N3","variance_top1000",0.34219357353788,"Homeostatic/regulatory fibroblasts","N387690","Normal"
"N387690_CELL532_N4","variance_top1000",2.60273060846086,"Homeostatic/regulatory fibroblasts","N387690","Normal"
"N387690_CELL573_N2","variance_top1000",0.384548851131795,"Homeostatic/regulatory fibroblasts","N387690","Normal"
"N387690_CELL669_N3","variance_top1000",0.258191053801307,"Homeostatic/regulatory fibroblasts","N387690","Normal"
"N387690_CELL780_N3","variance_top1000",0.43873492324141,"Homeostatic/regulatory fibroblasts","N387690","Normal"
"N387690_CELL787_N3","variance_top1000",0.577605298668656,"Homeostatic/regulatory fibroblasts","N387690","Normal"
"N387690_CELL811_N2","variance_top1000",0.528425801702999,"Homeostatic/regulatory fibroblasts","N387690","Normal"
"N387690_CELL939_N3","variance_top1000",0.823137290385552,"Homeostatic/regulatory fibroblasts","N387690","Normal"
"N387690_CELL1036_N1","variance_top1000",3.50179319225581,"Homeostatic/regulatory fibroblasts","N387690","Normal"
"N387690_CELL1048_N2","variance_top1000",0.270029726111312,"Homeostatic/regulatory fibroblasts","N387690","Normal"
"N387690_CELL1082_N4","variance_top1000",5.4595696883973,"Homeostatic/regulatory fibroblasts","N387690","Normal"
"N387690_CELL1182_N2","variance_top1000",0.378478670530477,"Homeostatic/regulatory fibroblasts","N387690","Normal"
"N387690_CELL1198_N2","variance_top1000",0.559840879406079,"Homeostatic/regulatory fibroblasts","N387690","Normal"
"N387690_CELL1312_N2","variance_top1000",0.189899381588949,"Homeostatic/regulatory fibroblasts","N387690","Normal"
"N387690_CELL1336_N2","variance_top1000",0.384047960637255,"Homeostatic/regulatory fibroblasts","N387690","Normal"
"N387690_CELL1371_N2","variance_top1000",0.609302806464874,"Homeostatic/regulatory fibroblasts","N387690","Normal"
"N387690_CELL1400_N2","variance_top1000",4.18445703913518,"Homeostatic/regulatory fibroblasts","N387690","Normal"
"N387690_CELL1473_N3","variance_top1000",1.53915730560759,"Homeostatic/regulatory fibroblasts","N387690","Normal"
"N387690_CELL1541_N4","variance_top1000",0.592492758066138,"Homeostatic/regulatory fibroblasts","N387690","Normal"
"N387690_CELL1569_N3","variance_top1000",0.492142534209831,"Homeostatic/regulatory fibroblasts","N387690","Normal"
"N387690_CELL1703_N2","variance_top1000",0.571544682698541,"Homeostatic/regulatory fibroblasts","N387690","Normal"
"N387690_CELL1731_N3","variance_top1000",2.13878633750931,"ECM-producing fibroblasts","N387690","Normal"
"N387690_CELL1774_N3","variance_top1000",0.555396591551321,"Homeostatic/regulatory fibroblasts","N387690","Normal"
"N387690_CELL1787_N3","variance_top1000",0.19856372593825,"Homeostatic/regulatory fibroblasts","N387690","Normal"
"N387690_CELL1804_N4","variance_top1000",0.618767578713048,"ECM-producing fibroblasts","N387690","Normal"
"N387690_CELL1836_N3","variance_top1000",0.188342318518429,"Homeostatic/regulatory fibroblasts","N387690","Normal"
"N387690_CELL1898_N4","variance_top1000",0.681028671597923,"Homeostatic/regulatory fibroblasts","N387690","Normal"
"N387690_CELL2098_N2","variance_top1000",0.414962982471372,"Homeostatic/regulatory fibroblasts","N387690","Normal"
"N387690_CELL2153_N3","variance_top1000",3.01926411099725,"Homeostatic/regulatory fibroblasts","N387690","Normal"
"N387690_CELL2167_N2","variance_top1000",0.51605742716582,"ECM-producing fibroblasts","N387690","Normal"
"N387690_CELL2235_N5","variance_top1000",0.553246123293658,"Homeostatic/regulatory fibroblasts","N387690","Normal"
"N387690_CELL2287_N3","variance_top1000",0.0612124127461205,"Homeostatic/regulatory fibroblasts","N387690","Normal"
"N387690_CELL2293_N4","variance_top1000",0.403492649631702,"Homeostatic/regulatory fibroblasts","N387690","Normal"
"N387690_CELL2307_N2","variance_top1000",0.25694812030224,"ECM-producing fibroblasts","N387690","Normal"
"N387690_CELL2367_N3","variance_top1000",2.89688043607066,"Homeostatic/regulatory fibroblasts","N387690","Normal"
"N387690_CELL2428_N2","variance_top1000",3.51056111939516,"ECM-producing fibroblasts","N387690","Normal"
"N387690_CELL2433_N2","variance_top1000",0.692538800609386,"Homeostatic/regulatory fibroblasts","N387690","Normal"
"N387690_CELL2521_N2","variance_top1000",0.38092665294508,"Homeostatic/regulatory fibroblasts","N387690","Normal"
"N387690_CELL2576_N3","variance_top1000",0.394809345071614,"Homeostatic/regulatory fibroblasts","N387690","Normal"
"N387690_CELL2590_N3","variance_top1000",0.260880163080433,"Homeostatic/regulatory fibroblasts","N387690","Normal"
"N387690_CELL2681_N2","variance_top1000",1.21152330134311,"Homeostatic/regulatory fibroblasts","N387690","Normal"
"N387690_CELL2703_N2","variance_top1000",0.754046316463452,"Homeostatic/regulatory fibroblasts","N387690","Normal"
"N387690_CELL2827_N2","variance_top1000",0.275506660220679,"Homeostatic/regulatory fibroblasts","N387690","Normal"
"N387690_CELL2934_N3","variance_top1000",0.613876829382166,"Homeostatic/regulatory fibroblasts","N387690","Normal"
"N387690_CELL2939_N3","variance_top1000",0.360880892941641,"Homeostatic/regulatory fibroblasts","N387690","Normal"
"N387690_CELL2976_N2","variance_top1000",0.261354680269966,"Homeostatic/regulatory fibroblasts","N387690","Normal"
"N387690_CELL3003_N3","variance_top1000",0.429246276494315,"Homeostatic/regulatory fibroblasts","N387690","Normal"
"N387690_CELL3134_N3","variance_top1000",21.9201475265922,"Homeostatic/regulatory fibroblasts","N387690","Normal"
"N387690_CELL3274_N3","variance_top1000",0.300367732701486,"ECM-producing fibroblasts","N387690","Normal"
"N387690_CELL3328_N2","variance_top1000",0.260615996307629,"ECM-producing fibroblasts","N387690","Normal"
"N387690_CELL3396_N3","variance_top1000",1.12244432811879,"Homeostatic/regulatory fibroblasts","N387690","Normal"
"N387690_CELL3416_N2","variance_top1000",0.43267352998483,"Homeostatic/regulatory fibroblasts","N387690","Normal"
"N387690_CELL3433_N4","variance_top1000",1.66777295469616,"Homeostatic/regulatory fibroblasts","N387690","Normal"
"N387690_CELL3453_N2","variance_top1000",0.502102448912246,"Homeostatic/regulatory fibroblasts","N387690","Normal"
"N387690_CELL3526_N5","variance_top1000",0.285503260447008,"Homeostatic/regulatory fibroblasts","N387690","Normal"
"N387690_CELL3575_N2","variance_top1000",0.935290733579661,"Homeostatic/regulatory fibroblasts","N387690","Normal"
"N387690_CELL3596_N2","variance_top1000",1.05596116771996,"Homeostatic/regulatory fibroblasts","N387690","Normal"
"N387690_CELL3604_N2","variance_top1000",0.134634839816882,"Homeostatic/regulatory fibroblasts","N387690","Normal"
"N387690_CELL3612_N4","variance_top1000",0.442775362584628,"Homeostatic/regulatory fibroblasts","N387690","Normal"
"N387690_CELL3631_N4","variance_top1000",0.414704242518075,"Homeostatic/regulatory fibroblasts","N387690","Normal"
"N387690_CELL3735_N3","variance_top1000",0.349451124981044,"Homeostatic/regulatory fibroblasts","N387690","Normal"
"N387690_CELL3873_N3","variance_top1000",0.164974493693596,"Homeostatic/regulatory fibroblasts","N387690","Normal"
"N387690_CELL3902_N2","variance_top1000",0.231944664713256,"Homeostatic/regulatory fibroblasts","N387690","Normal"
"N387690_CELL3923_N3","variance_top1000",0.490419393513474,"Homeostatic/regulatory fibroblasts","N387690","Normal"
"N387690_CELL4047_N4","variance_top1000",0.615508006241813,"Homeostatic/regulatory fibroblasts","N387690","Normal"
"N387690_CELL4183_N2","variance_top1000",1.24498803344509,"Homeostatic/regulatory fibroblasts","N387690","Normal"
"N387690_CELL4356_N4","variance_top1000",0.288419744248152,"Homeostatic/regulatory fibroblasts","N387690","Normal"
"N387690_CELL4456_N2","variance_top1000",0.299859219829025,"Homeostatic/regulatory fibroblasts","N387690","Normal"
"N387690_CELL4592_N7","variance_top1000",18.4896220024746,"Homeostatic/regulatory fibroblasts","N387690","Normal"
"N387690_CELL4736_N2","variance_top1000",0.290243312848408,"Homeostatic/regulatory fibroblasts","N387690","Normal"
"N387690_CELL4752_N3","variance_top1000",0.191239820244143,"ECM-producing fibroblasts","N387690","Normal"
"N387690_CELL4803_N3","variance_top1000",0.314570889928508,"Homeostatic/regulatory fibroblasts","N387690","Normal"
"N387690_CELL5015_N2","variance_top1000",0.628939182014012,"Homeostatic/regulatory fibroblasts","N387690","Normal"
"N387690_CELL5034_N5","variance_top1000",0.302128081791457,"Homeostatic/regulatory fibroblasts","N387690","Normal"
"N387690_CELL5095_N3","variance_top1000",0.578405702353978,"Homeostatic/regulatory fibroblasts","N387690","Normal"
"N387690_CELL5103_N4","variance_top1000",0.41093150778013,"Homeostatic/regulatory fibroblasts","N387690","Normal"
"N387690_CELL5147_N3","variance_top1000",0.115645436324509,"Homeostatic/regulatory fibroblasts","N387690","Normal"
"N387690_CELL5163_N3","variance_top1000",0.377882891062656,"Homeostatic/regulatory fibroblasts","N387690","Normal"
"N387690_CELL5319_N3","variance_top1000",5.71755320462372,"Homeostatic/regulatory fibroblasts","N387690","Normal"
"N387690_CELL5347_N4","variance_top1000",0.318464185525967,"ECM-producing fibroblasts","N387690","Normal"
"N387690_CELL5652_N2","variance_top1000",0.335595801707246,"Homeostatic/regulatory fibroblasts","N387690","Normal"
"N387690_CELL5660_N3","variance_top1000",0.14430847876727,"Homeostatic/regulatory fibroblasts","N387690","Normal"
"N387690_CELL5689_N2","variance_top1000",2.86867181432424,"Homeostatic/regulatory fibroblasts","N387690","Normal"
"N387690_CELL5726_N2","variance_top1000",0.338108627206959,"Homeostatic/regulatory fibroblasts","N387690","Normal"
"N387690_CELL5772_N5","variance_top1000",0.63900442505044,"Homeostatic/regulatory fibroblasts","N387690","Normal"
"N387690_CELL6006_N2","variance_top1000",0.40474832029136,"Homeostatic/regulatory fibroblasts","N387690","Normal"
"N387690_CELL6059_N2","variance_top1000",0.477904572924348,"Homeostatic/regulatory fibroblasts","N387690","Normal"
"N387690_CELL6261_N3","variance_top1000",0.52339834772027,"Homeostatic/regulatory fibroblasts","N387690","Normal"
"N387690_CELL6304_N2","variance_top1000",0.510268467417953,"Homeostatic/regulatory fibroblasts","N387690","Normal"
"N387690_CELL6362_N2","variance_top1000",0.98149245263147,"Homeostatic/regulatory fibroblasts","N387690","Normal"
"N387690_CELL6518_N4","variance_top1000",0.41860433802972,"Homeostatic/regulatory fibroblasts","N387690","Normal"
"N387690_CELL6594_N2","variance_top1000",0.166723090682537,"Homeostatic/regulatory fibroblasts","N387690","Normal"
"N387690_CELL6668_N2","variance_top1000",0.29666469794485,"Homeostatic/regulatory fibroblasts","N387690","Normal"
"N387690_CELL6871_N2","variance_top1000",0.0592478253247819,"Homeostatic/regulatory fibroblasts","N387690","Normal"
"N387690_CELL6935_N4","variance_top1000",0.657540576820345,"Homeostatic/regulatory fibroblasts","N387690","Normal"
"N387690_CELL6951_N3","variance_top1000",0.196827437208308,"Homeostatic/regulatory fibroblasts","N387690","Normal"
"N387690_CELL7016_N2","variance_top1000",0.367494333313228,"Homeostatic/regulatory fibroblasts","N387690","Normal"
"N387690_CELL7026_N2","variance_top1000",0.312509986315207,"Homeostatic/regulatory fibroblasts","N387690","Normal"
"N387690_CELL7096_N2","variance_top1000",0.301447309247557,"Homeostatic/regulatory fibroblasts","N387690","Normal"
"N387690_CELL7121_N2","variance_top1000",0.43259405358562,"Homeostatic/regulatory fibroblasts","N387690","Normal"
"N387690_CELL7143_N3","variance_top1000",0.0275492913935092,"ECM-producing fibroblasts","N387690","Normal"
"N387690_CELL7176_N3","variance_top1000",0.60708552316783,"Homeostatic/regulatory fibroblasts","N387690","Normal"
"N387690_CELL7208_N2","variance_top1000",7.59278894759064,"Homeostatic/regulatory fibroblasts","N387690","Normal"
"N387690_CELL7473_N3","variance_top1000",0.326582432466452,"Homeostatic/regulatory fibroblasts","N387690","Normal"
"N387690_CELL7509_N2","variance_top1000",0.622309553961925,"ECM-producing fibroblasts","N387690","Normal"
"N387690_CELL7538_N2","variance_top1000",0.630140472493138,"Homeostatic/regulatory fibroblasts","N387690","Normal"
"N387690_CELL7573_N3","variance_top1000",0.539969912695614,"Homeostatic/regulatory fibroblasts","N387690","Normal"
"N387690_CELL7647_N3","variance_top1000",0.512650294388403,"Homeostatic/regulatory fibroblasts","N387690","Normal"
"N387690_CELL7825_N2","variance_top1000",0.369750873338311,"Homeostatic/regulatory fibroblasts","N387690","Normal"
"N387690_CELL7852_N2","variance_top1000",0.827151753970446,"Homeostatic/regulatory fibroblasts","N387690","Normal"
"N387690_CELL7902_N2","variance_top1000",1.62608686717646,"Homeostatic/regulatory fibroblasts","N387690","Normal"
"N387690_CELL7949_N2","variance_top1000",0.308116779384534,"Matrix-remodeling fibroblasts","N387690","Normal"
"N387690_CELL8052_N2","variance_top1000",4.01694929174921,"Matrix-remodeling fibroblasts","N387690","Normal"
"N387690_CELL8080_N2","variance_top1000",0.502803295478056,"Homeostatic/regulatory fibroblasts","N387690","Normal"
"N387690_CELL8105_N2","variance_top1000",0.300315015802923,"Homeostatic/regulatory fibroblasts","N387690","Normal"
"N387690_CELL8127_N2","variance_top1000",0.525461040330745,"Homeostatic/regulatory fibroblasts","N387690","Normal"
"N387690_CELL8151_N3","variance_top1000",0.344978734384139,"Homeostatic/regulatory fibroblasts","N387690","Normal"
"N387690_CELL8300_N2","variance_top1000",0.255751430047428,"Homeostatic/regulatory fibroblasts","N387690","Normal"
"N387690_CELL8314_N4","variance_top1000",0.641039300377361,"Homeostatic/regulatory fibroblasts","N387690","Normal"
"N387690_CELL8342_N2","variance_top1000",0.593425518914831,"Homeostatic/regulatory fibroblasts","N387690","Normal"
"N387690_CELL8351_N3","variance_top1000",0.0518435198954574,"Homeostatic/regulatory fibroblasts","N387690","Normal"
"N387690_CELL8481_N2","variance_top1000",0.387262571175611,"Homeostatic/regulatory fibroblasts","N387690","Normal"
"N387690_CELL8510_N3","variance_top1000",4.20598904484707,"Homeostatic/regulatory fibroblasts","N387690","Normal"
"N387690_CELL8571_N2","variance_top1000",1.1562043206557,"Homeostatic/regulatory fibroblasts","N387690","Normal"
"N387690_CELL8611_N2","variance_top1000",0.395968455182295,"Homeostatic/regulatory fibroblasts","N387690","Normal"
"N387690_CELL8623_N3","variance_top1000",0.53078892720823,"Homeostatic/regulatory fibroblasts","N387690","Normal"
"N387690_CELL8670_N2","variance_top1000",5.32739634626653,"Homeostatic/regulatory fibroblasts","N387690","Normal"
"N387690_CELL8732_N3","variance_top1000",23.3834030515573,"Homeostatic/regulatory fibroblasts","N387690","Normal"
"N387690_CELL8763_N2","variance_top1000",5.25836978139169,"Homeostatic/regulatory fibroblasts","N387690","Normal"
"N387690_CELL8888_N2","variance_top1000",1.9362130574482,"Homeostatic/regulatory fibroblasts","N387690","Normal"
"N387690_CELL8943_N2","variance_top1000",0.318760923457654,"Homeostatic/regulatory fibroblasts","N387690","Normal"
"N387690_CELL9070_N2","variance_top1000",0.24933155318661,"Homeostatic/regulatory fibroblasts","N387690","Normal"
"N387690_CELL9385_N2","variance_top1000",0.283937153299968,"Homeostatic/regulatory fibroblasts","N387690","Normal"
"N387690_CELL9436_N2","variance_top1000",0.512950962516162,"Homeostatic/regulatory fibroblasts","N387690","Normal"
"N387690_CELL9517_N2","variance_top1000",0.304509849676846,"Homeostatic/regulatory fibroblasts","N387690","Normal"
"N387690_CELL9559_N2","variance_top1000",0.419396012992454,"Homeostatic/regulatory fibroblasts","N387690","Normal"
"N387690_CELL9812_N2","variance_top1000",1.73046486823431,"Homeostatic/regulatory fibroblasts","N387690","Normal"
"N387690_CELL9885_N3","variance_top1000",0.274248041431708,"Homeostatic/regulatory fibroblasts","N387690","Normal"
"N387690_CELL9890_N2","variance_top1000",0.525119719531308,"Homeostatic/regulatory fibroblasts","N387690","Normal"
"N387690_CELL10048_N4","variance_top1000",0.359890389836563,"Homeostatic/regulatory fibroblasts","N387690","Normal"
"N387690_CELL10058_N2","variance_top1000",0.45404913719213,"Homeostatic/regulatory fibroblasts","N387690","Normal"
"N387690_CELL10163_N3","variance_top1000",0.767631673347775,"Homeostatic/regulatory fibroblasts","N387690","Normal"
"N387690_CELL10200_N3","variance_top1000",0.478350734694133,"Homeostatic/regulatory fibroblasts","N387690","Normal"
"N387690_CELL10230_N3","variance_top1000",1.70417972003466,"Homeostatic/regulatory fibroblasts","N387690","Normal"
"N387690_CELL10274_N1","variance_top1000",1.613694973336,"Matrix-remodeling fibroblasts","N387690","Normal"
"N387690_CELL10291_N2","variance_top1000",0.203918425399511,"Homeostatic/regulatory fibroblasts","N387690","Normal"
"N387690_CELL10744_N2","variance_top1000",3.02888919605731,"Homeostatic/regulatory fibroblasts","N387690","Normal"
"N387690_CELL10762_N2","variance_top1000",0.355927109719029,"Homeostatic/regulatory fibroblasts","N387690","Normal"
"N387690_CELL10781_N2","variance_top1000",0.391788955134003,"Homeostatic/regulatory fibroblasts","N387690","Normal"
"N387690_CELL10871_N3","variance_top1000",0.55991088982631,"Homeostatic/regulatory fibroblasts","N387690","Normal"
"N387690_CELL10951_N2","variance_top1000",0.285747243550471,"Homeostatic/regulatory fibroblasts","N387690","Normal"
"N387690_CELL10988_N2","variance_top1000",0.333634445398294,"Homeostatic/regulatory fibroblasts","N387690","Normal"
"N387690_CELL11123_N2","variance_top1000",0.656781606578071,"Homeostatic/regulatory fibroblasts","N387690","Normal"
"N387690_CELL11214_N2","variance_top1000",0.311668692372912,"Homeostatic/regulatory fibroblasts","N387690","Normal"
"N387690_CELL11231_N2","variance_top1000",0.231487234661799,"Homeostatic/regulatory fibroblasts","N387690","Normal"
"N387690_CELL11336_N3","variance_top1000",0.269999022973061,"Homeostatic/regulatory fibroblasts","N387690","Normal"
"N387690_CELL11516_N4","variance_top1000",0.323546081761925,"Homeostatic/regulatory fibroblasts","N387690","Normal"
"N387690_CELL11610_N2","variance_top1000",0.370020701124296,"Homeostatic/regulatory fibroblasts","N387690","Normal"
"N387690_CELL11624_N2","variance_top1000",0.423243915432644,"Homeostatic/regulatory fibroblasts","N387690","Normal"
"N387690_CELL11685_N2","variance_top1000",0.406067570712813,"ECM-producing fibroblasts","N387690","Normal"
"N387690_CELL11737_N2","variance_top1000",0.361596046010808,"Homeostatic/regulatory fibroblasts","N387690","Normal"
"N387690_CELL11864_N3","variance_top1000",0.292015565373972,"Homeostatic/regulatory fibroblasts","N387690","Normal"
"N387690_CELL12009_N2","variance_top1000",0.362092801093515,"Homeostatic/regulatory fibroblasts","N387690","Normal"
"N387690_CELL12013_N2","variance_top1000",0.483718011082435,"Homeostatic/regulatory fibroblasts","N387690","Normal"
"N387690_CELL12032_N2","variance_top1000",0.313428808376181,"Homeostatic/regulatory fibroblasts","N387690","Normal"
"N387690_CELL12180_N2","variance_top1000",0.939907932518715,"Matrix-remodeling fibroblasts","N387690","Normal"
"N387690_CELL12201_N3","variance_top1000",0.284676421725082,"Homeostatic/regulatory fibroblasts","N387690","Normal"
"N387690_CELL12225_N2","variance_top1000",0.488453059527397,"Homeostatic/regulatory fibroblasts","N387690","Normal"
"N387690_CELL12532_N2","variance_top1000",0.388622295109189,"Homeostatic/regulatory fibroblasts","N387690","Normal"
"N387690_CELL12554_N2","variance_top1000",0.551344678892881,"Homeostatic/regulatory fibroblasts","N387690","Normal"
"N387690_CELL12600_N2","variance_top1000",0.367246275346064,"Homeostatic/regulatory fibroblasts","N387690","Normal"
"N387690_CELL12652_N2","variance_top1000",5.09106834818962,"Homeostatic/regulatory fibroblasts","N387690","Normal"
"N387690_CELL12834_N2","variance_top1000",0.722821449223909,"Homeostatic/regulatory fibroblasts","N387690","Normal"
"N387690_CELL13111_N2","variance_top1000",0.280218483127888,"Homeostatic/regulatory fibroblasts","N387690","Normal"
"N387690_CELL13137_N2","variance_top1000",0.319895935631211,"Homeostatic/regulatory fibroblasts","N387690","Normal"
"N387690_CELL13168_N2","variance_top1000",0.355186818836236,"Homeostatic/regulatory fibroblasts","N387690","Normal"
"N387690_CELL13400_N1","variance_top1000",0.347520974325274,"ECM-producing fibroblasts","N387690","Normal"
"N387690_CELL13518_N1","variance_top1000",0.175134801345732,"Homeostatic/regulatory fibroblasts","N387690","Normal"
"N387690_CELL13708_N1","variance_top1000",2.81187423967244,"Homeostatic/regulatory fibroblasts","N387690","Normal"
"N387690_CELL13917_N1","variance_top1000",0.347190837054082,"Homeostatic/regulatory fibroblasts","N387690","Normal"
"N387690_CELL14005_N1","variance_top1000",0.355210034929099,"Homeostatic/regulatory fibroblasts","N387690","Normal"
"N387690_CELL14114_N1","variance_top1000",0.364498095017805,"Homeostatic/regulatory fibroblasts","N387690","Normal"
"N387690_CELL14242_N1","variance_top1000",0.471900256733062,"Homeostatic/regulatory fibroblasts","N387690","Normal"
"N387690_CELL14327_N1","variance_top1000",0.563772928713681,"Homeostatic/regulatory fibroblasts","N387690","Normal"
"N387690_CELL14331_N1","variance_top1000",0.202160687271299,"Homeostatic/regulatory fibroblasts","N387690","Normal"
"N387690_CELL14504_N1","variance_top1000",0.310711698691979,"Homeostatic/regulatory fibroblasts","N387690","Normal"
"N387690_CELL14520_N1","variance_top1000",0.476723519228092,"Homeostatic/regulatory fibroblasts","N387690","Normal"
"N387690_CELL14677_N1","variance_top1000",0.501635832362197,"Homeostatic/regulatory fibroblasts","N387690","Normal"
"N387690_CELL14707_N1","variance_top1000",0.494361119424892,"Homeostatic/regulatory fibroblasts","N387690","Normal"
"N387690_CELL14757_N1","variance_top1000",0.41462338947923,"Homeostatic/regulatory fibroblasts","N387690","Normal"
"N387690_CELL15052_N1","variance_top1000",0.520996345323465,"Homeostatic/regulatory fibroblasts","N387690","Normal"
"N387690_CELL15144_N1","variance_top1000",0.393216875476583,"Homeostatic/regulatory fibroblasts","N387690","Normal"
"N387690_CELL15190_N1","variance_top1000",0.247581375804718,"Homeostatic/regulatory fibroblasts","N387690","Normal"
"N387690_CELL15208_N1","variance_top1000",0.283379209830224,"Matrix-remodeling fibroblasts","N387690","Normal"
"N387690_CELL15284_N1","variance_top1000",0.178183756308857,"Homeostatic/regulatory fibroblasts","N387690","Normal"
"N387690_CELL15602_N1","variance_top1000",0.464944437346752,"Homeostatic/regulatory fibroblasts","N387690","Normal"
"N387690_CELL15676_N1","variance_top1000",0.180075764126989,"Homeostatic/regulatory fibroblasts","N387690","Normal"
"N387690_CELL15721_N1","variance_top1000",6.73354547532408,"Matrix-remodeling fibroblasts","N387690","Normal"
"N387690_CELL15777_N1","variance_top1000",0.300612734144789,"Homeostatic/regulatory fibroblasts","N387690","Normal"
"N387690_CELL15787_N1","variance_top1000",0.702041227787242,"Homeostatic/regulatory fibroblasts","N387690","Normal"
"N387690_CELL15796_N1","variance_top1000",0.495062740880889,"Homeostatic/regulatory fibroblasts","N387690","Normal"
"N387690_CELL15927_N1","variance_top1000",1.13428619092526,"Homeostatic/regulatory fibroblasts","N387690","Normal"
"N387690_CELL16076_N1","variance_top1000",0.455801182086422,"Homeostatic/regulatory fibroblasts","N387690","Normal"
"N387690_CELL16196_N1","variance_top1000",0.300603246327785,"ECM-producing fibroblasts","N387690","Normal"
"N387690_CELL16327_N1","variance_top1000",0.173457854146318,"Homeostatic/regulatory fibroblasts","N387690","Normal"
"N387690_CELL16328_N1","variance_top1000",18.8547147163655,"Homeostatic/regulatory fibroblasts","N387690","Normal"
"N387690_CELL16368_N1","variance_top1000",0.455842424038216,"Homeostatic/regulatory fibroblasts","N387690","Normal"
"N387690_CELL16444_N1","variance_top1000",0.0533222875172319,"Homeostatic/regulatory fibroblasts","N387690","Normal"
"N387690_CELL16480_N1","variance_top1000",0.0688886566203881,"Homeostatic/regulatory fibroblasts","N387690","Normal"
"N387690_CELL16661_N1","variance_top1000",0.220212416439507,"Homeostatic/regulatory fibroblasts","N387690","Normal"
"N387690_CELL16681_N1","variance_top1000",0.581421854098151,"Homeostatic/regulatory fibroblasts","N387690","Normal"
"N387690_CELL16825_N1","variance_top1000",0.111113733543007,"Homeostatic/regulatory fibroblasts","N387690","Normal"
"N387690_CELL16881_N1","variance_top1000",1.46275969845059,"ECM-producing fibroblasts","N387690","Normal"
"N387690_CELL17065_N1","variance_top1000",0.434682878432714,"Homeostatic/regulatory fibroblasts","N387690","Normal"
"N387690_CELL17160_N1","variance_top1000",0.631796514142377,"Homeostatic/regulatory fibroblasts","N387690","Normal"
"N387690_CELL17338_N1","variance_top1000",0.272532411320823,"Homeostatic/regulatory fibroblasts","N387690","Normal"
"N387690_CELL17356_N1","variance_top1000",0.367118261961057,"Homeostatic/regulatory fibroblasts","N387690","Normal"
"N387690_CELL17497_N1","variance_top1000",8.50465659384329,"Homeostatic/regulatory fibroblasts","N387690","Normal"
"N387690_CELL17766_N1","variance_top1000",0.452491986951855,"Homeostatic/regulatory fibroblasts","N387690","Normal"
"N387690_CELL17784_N1","variance_top1000",0.461789266297224,"Homeostatic/regulatory fibroblasts","N387690","Normal"
"N387690_CELL17808_N1","variance_top1000",0.18456730121251,"ECM-producing fibroblasts","N387690","Normal"
"N387690_CELL17887_N1","variance_top1000",0.32520494372576,"Homeostatic/regulatory fibroblasts","N387690","Normal"
"N387690_CELL18077_N1","variance_top1000",0.078616841306337,"Homeostatic/regulatory fibroblasts","N387690","Normal"
"N387690_CELL18532_N1","variance_top1000",0.463165890329379,"Homeostatic/regulatory fibroblasts","N387690","Normal"
"N387690_CELL18587_N1","variance_top1000",4.47081239561682,"Homeostatic/regulatory fibroblasts","N387690","Normal"
"N387690_CELL18607_N1","variance_top1000",0.370604779003482,"Homeostatic/regulatory fibroblasts","N387690","Normal"
"N387690_CELL18650_N1","variance_top1000",0.307129679533231,"Homeostatic/regulatory fibroblasts","N387690","Normal"
"N387690_CELL18876_N1","variance_top1000",0.156225030701761,"Homeostatic/regulatory fibroblasts","N387690","Normal"
"N387690_CELL18900_N1","variance_top1000",0.374883153358944,"Homeostatic/regulatory fibroblasts","N387690","Normal"
"N387690_CELL18905_N1","variance_top1000",0.762908963299636,"Homeostatic/regulatory fibroblasts","N387690","Normal"
"N387690_CELL18953_N1","variance_top1000",0,"Homeostatic/regulatory fibroblasts","N387690","Normal"
"N387690_CELL19154_N1","variance_top1000",0.704896396718154,"Homeostatic/regulatory fibroblasts","N387690","Normal"
"N387690_CELL19367_N1","variance_top1000",0.122080589130473,"Homeostatic/regulatory fibroblasts","N387690","Normal"
"N387690_CELL19370_N1","variance_top1000",0.351353756038138,"Homeostatic/regulatory fibroblasts","N387690","Normal"
"N387690_CELL19514_N1","variance_top1000",0.393451460125939,"Homeostatic/regulatory fibroblasts","N387690","Normal"
"N387690_CELL19986_N1","variance_top1000",1.35415746460362,"Homeostatic/regulatory fibroblasts","N387690","Normal"
"N387690_CELL20338_N1","variance_top1000",0.350614138578272,"Homeostatic/regulatory fibroblasts","N387690","Normal"
"N387690_CELL20382_N1","variance_top1000",19.6775486216687,"Homeostatic/regulatory fibroblasts","N387690","Normal"
"N387690_CELL20593_N1","variance_top1000",2.3776535586237,"ECM-producing fibroblasts","N387690","Normal"
"N387690_CELL20615_N1","variance_top1000",0.391993069605959,"Homeostatic/regulatory fibroblasts","N387690","Normal"
"N387690_CELL20716_N1","variance_top1000",0.0360929456778524,"Homeostatic/regulatory fibroblasts","N387690","Normal"
"N387690_CELL20809_N1","variance_top1000",0.357081139342472,"Homeostatic/regulatory fibroblasts","N387690","Normal"
"N387690_CELL20890_N1","variance_top1000",0.407811680852057,"Homeostatic/regulatory fibroblasts","N387690","Normal"
"N387690_CELL20940_N1","variance_top1000",2.69259246187191,"Homeostatic/regulatory fibroblasts","N387690","Normal"
"N387690_CELL20959_N1","variance_top1000",0.444307904044699,"Homeostatic/regulatory fibroblasts","N387690","Normal"
"N387690_CELL21237_N1","variance_top1000",1.50889586775881,"Homeostatic/regulatory fibroblasts","N387690","Normal"
"N387690_CELL21242_N1","variance_top1000",0.320398918065934,"Homeostatic/regulatory fibroblasts","N387690","Normal"
"N387690_CELL21451_N1","variance_top1000",0.329098963713106,"Homeostatic/regulatory fibroblasts","N387690","Normal"
"N387690_CELL21567_N1","variance_top1000",0.399549593603098,"Homeostatic/regulatory fibroblasts","N387690","Normal"
"N387690_CELL21636_N1","variance_top1000",0.614262082053635,"Homeostatic/regulatory fibroblasts","N387690","Normal"
"N387690_CELL21668_N1","variance_top1000",0.328784728800963,"ECM-producing fibroblasts","N387690","Normal"
"N387690_CELL21788_N1","variance_top1000",0.582138337879003,"Homeostatic/regulatory fibroblasts","N387690","Normal"
"N387690_CELL22185_N1","variance_top1000",1.54831895763838,"Homeostatic/regulatory fibroblasts","N387690","Normal"
"N387690_CELL22358_N1","variance_top1000",1.47996912898326,"Homeostatic/regulatory fibroblasts","N387690","Normal"
"N387690_CELL22399_N1","variance_top1000",0.67418865231665,"Homeostatic/regulatory fibroblasts","N387690","Normal"
"N387690_CELL22433_N1","variance_top1000",0.133379266097803,"ECM-producing fibroblasts","N387690","Normal"
"N387690_CELL22642_N1","variance_top1000",2.05484938526617,"Homeostatic/regulatory fibroblasts","N387690","Normal"
"N387690_CELL22657_N1","variance_top1000",0.318985365403864,"Homeostatic/regulatory fibroblasts","N387690","Normal"
"N387690_CELL22759_N1","variance_top1000",0.746766655222761,"Homeostatic/regulatory fibroblasts","N387690","Normal"
"N387690_CELL22827_N1","variance_top1000",0.480979244980882,"ECM-producing fibroblasts","N387690","Normal"
"N387690_CELL22936_N1","variance_top1000",0.223786624935321,"Homeostatic/regulatory fibroblasts","N387690","Normal"
"N387690_CELL22944_N1","variance_top1000",0.249127289462958,"Homeostatic/regulatory fibroblasts","N387690","Normal"
"N387690_CELL23098_N1","variance_top1000",0.409194812119808,"Homeostatic/regulatory fibroblasts","N387690","Normal"
"N387690_CELL23353_N1","variance_top1000",4.09118517652945,"Homeostatic/regulatory fibroblasts","N387690","Normal"
"N387690_CELL23365_N1","variance_top1000",0.390969686615532,"Homeostatic/regulatory fibroblasts","N387690","Normal"
"N387690_CELL23371_N1","variance_top1000",0.388193166937818,"Homeostatic/regulatory fibroblasts","N387690","Normal"
"N387690_CELL23678_N1","variance_top1000",0.226575204303894,"Homeostatic/regulatory fibroblasts","N387690","Normal"
"N387690_CELL23683_N1","variance_top1000",0.204363960465934,"Homeostatic/regulatory fibroblasts","N387690","Normal"
"N387690_CELL23687_N1","variance_top1000",0.484828172806166,"Homeostatic/regulatory fibroblasts","N387690","Normal"
"N387690_CELL23969_N1","variance_top1000",0.577501618213875,"ECM-producing fibroblasts","N387690","Normal"
"N387690_CELL24223_N1","variance_top1000",0.559907754170075,"ECM-producing fibroblasts","N387690","Normal"
"N387690_CELL24463_N1","variance_top1000",2.40114648900412,"Homeostatic/regulatory fibroblasts","N387690","Normal"
"N387690_CELL24542_N1","variance_top1000",0.491019369813304,"Homeostatic/regulatory fibroblasts","N387690","Normal"
"N387690_CELL24571_N1","variance_top1000",0.231331736002492,"Homeostatic/regulatory fibroblasts","N387690","Normal"
"N387690_CELL24707_N1","variance_top1000",0.498723266415443,"Homeostatic/regulatory fibroblasts","N387690","Normal"
"N387690_CELL24811_N1","variance_top1000",0.385317796097886,"Homeostatic/regulatory fibroblasts","N387690","Normal"
"N387690_CELL24914_N1","variance_top1000",0.42179969031351,"Homeostatic/regulatory fibroblasts","N387690","Normal"
"N387690_CELL25178_N1","variance_top1000",0.315930445440128,"Homeostatic/regulatory fibroblasts","N387690","Normal"
"N387690_CELL25306_N1","variance_top1000",0.143522970262591,"Homeostatic/regulatory fibroblasts","N387690","Normal"
"N387690_CELL25358_N1","variance_top1000",0.472799457643269,"Homeostatic/regulatory fibroblasts","N387690","Normal"
"N387690_CELL25461_N1","variance_top1000",0.703481173055401,"Homeostatic/regulatory fibroblasts","N387690","Normal"
"N387690_CELL25723_N1","variance_top1000",0.501192592492559,"Homeostatic/regulatory fibroblasts","N387690","Normal"
"N387690_CELL25737_N1","variance_top1000",5.3115178016839,"Homeostatic/regulatory fibroblasts","N387690","Normal"
"N387690_CELL26286_N1","variance_top1000",2.79554372884544,"Homeostatic/regulatory fibroblasts","N387690","Normal"
"N387690_CELL26358_N1","variance_top1000",3.68184752766531,"Homeostatic/regulatory fibroblasts","N387690","Normal"
"N387690_CELL26373_N1","variance_top1000",0.265632232678612,"Homeostatic/regulatory fibroblasts","N387690","Normal"
"N387690_CELL26375_N1","variance_top1000",0.533903804046482,"Homeostatic/regulatory fibroblasts","N387690","Normal"
"N387690_CELL26376_N1","variance_top1000",1.77339862863196,"Homeostatic/regulatory fibroblasts","N387690","Normal"
"N387690_CELL27004_N1","variance_top1000",0.434229598723063,"Homeostatic/regulatory fibroblasts","N387690","Normal"
"N387690_CELL27171_N1","variance_top1000",0.422303489603517,"Homeostatic/regulatory fibroblasts","N387690","Normal"
"N387690_CELL27178_N1","variance_top1000",0.210541814983562,"Homeostatic/regulatory fibroblasts","N387690","Normal"
"N387690_CELL27194_N1","variance_top1000",1.75785132652622,"ECM-producing fibroblasts","N387690","Normal"
"N387690_CELL27266_N1","variance_top1000",3.34023991286962,"ECM-producing fibroblasts","N387690","Normal"
"N387690_CELL27307_N1","variance_top1000",0.39976936327467,"ECM-producing fibroblasts","N387690","Normal"
"N387690_CELL27560_N1","variance_top1000",5.82795343995892,"ECM-producing fibroblasts","N387690","Normal"
"N387690_CELL27569_N1","variance_top1000",1.02042313937283,"Homeostatic/regulatory fibroblasts","N387690","Normal"
"N387690_CELL27976_N1","variance_top1000",0.576291763890145,"Homeostatic/regulatory fibroblasts","N387690","Normal"
"N387690_CELL28594_N1","variance_top1000",2.66793048145754,"Homeostatic/regulatory fibroblasts","N387690","Normal"
"K183156_CELL11_N5","variance_top2000",9.64730630192596,"ECM-producing fibroblasts","K183156","Keloid"
"K183156_CELL43_N2","variance_top2000",8.93100295705113,"ECM-producing fibroblasts","K183156","Keloid"
"K183156_CELL63_N3","variance_top2000",14.0595202883081,"ECM-producing fibroblasts","K183156","Keloid"
"K183156_CELL134_N2","variance_top2000",11.276057403939,"Matrix-remodeling fibroblasts","K183156","Keloid"
"K183156_CELL147_N3","variance_top2000",14.2993155414464,"ECM-producing fibroblasts","K183156","Keloid"
"K183156_CELL197_N3","variance_top2000",14.26799542457,"ECM-producing fibroblasts","K183156","Keloid"
"K183156_CELL217_N3","variance_top2000",7.61079242356026,"Homeostatic/regulatory fibroblasts","K183156","Keloid"
"K183156_CELL243_N4","variance_top2000",14.3016225794644,"ECM-producing fibroblasts","K183156","Keloid"
"K183156_CELL256_N5","variance_top2000",9.228916125991,"ECM-producing fibroblasts","K183156","Keloid"
"K183156_CELL258_N5","variance_top2000",13.05299716103,"Matrix-remodeling fibroblasts","K183156","Keloid"
"K183156_CELL273_N2","variance_top2000",4.89321583566701,"ECM-producing fibroblasts","K183156","Keloid"
"K183156_CELL281_N1","variance_top2000",13.9683005406975,"ECM-producing fibroblasts","K183156","Keloid"
"K183156_CELL353_N3","variance_top2000",14.3138279797186,"ECM-producing fibroblasts","K183156","Keloid"
"K183156_CELL373_N3","variance_top2000",13.9202801515726,"Matrix-remodeling fibroblasts","K183156","Keloid"
"K183156_CELL433_N4","variance_top2000",14.5478576680293,"ECM-producing fibroblasts","K183156","Keloid"
"K183156_CELL466_N2","variance_top2000",4.49415359470139,"Homeostatic/regulatory fibroblasts","K183156","Keloid"
"K183156_CELL470_N2","variance_top2000",10.6709769638874,"ECM-producing fibroblasts","K183156","Keloid"
"K183156_CELL473_N1","variance_top2000",14.1405617675938,"Matrix-remodeling fibroblasts","K183156","Keloid"
"K183156_CELL484_N2","variance_top2000",13.9196213541555,"ECM-producing fibroblasts","K183156","Keloid"
"K183156_CELL499_N3","variance_top2000",14.105942807958,"Matrix-remodeling fibroblasts","K183156","Keloid"
"K183156_CELL545_N2","variance_top2000",14.5116395208765,"ECM-producing fibroblasts","K183156","Keloid"
"K183156_CELL561_N7","variance_top2000",14.0078780618743,"Matrix-remodeling fibroblasts","K183156","Keloid"
"K183156_CELL638_N2","variance_top2000",8.4648582148427,"Homeostatic/regulatory fibroblasts","K183156","Keloid"
"K183156_CELL644_N4","variance_top2000",14.5199491792365,"ECM-producing fibroblasts","K183156","Keloid"
"K183156_CELL654_N3","variance_top2000",14.1543362553955,"ECM-producing fibroblasts","K183156","Keloid"
"K183156_CELL673_N2","variance_top2000",14.1382277878078,"ECM-producing fibroblasts","K183156","Keloid"
"K183156_CELL691_N4","variance_top2000",9.41929597250889,"ECM-producing fibroblasts","K183156","Keloid"
"K183156_CELL708_N3","variance_top2000",13.8028228392642,"ECM-producing fibroblasts","K183156","Keloid"
"K183156_CELL755_N3","variance_top2000",14.2706918371216,"ECM-producing fibroblasts","K183156","Keloid"
"K183156_CELL762_N2","variance_top2000",8.27388814775524,"Homeostatic/regulatory fibroblasts","K183156","Keloid"
"K183156_CELL765_N2","variance_top2000",9.63440311890079,"ECM-producing fibroblasts","K183156","Keloid"
"K183156_CELL793_N2","variance_top2000",14.3952239068937,"ECM-producing fibroblasts","K183156","Keloid"
"K183156_CELL820_N3","variance_top2000",12.5999859511614,"Matrix-remodeling fibroblasts","K183156","Keloid"
"K183156_CELL890_N3","variance_top2000",7.77812310269349,"Matrix-remodeling fibroblasts","K183156","Keloid"
"K183156_CELL928_N4","variance_top2000",13.886750018268,"ECM-producing fibroblasts","K183156","Keloid"
"K183156_CELL962_N3","variance_top2000",14.1594136350899,"Matrix-remodeling fibroblasts","K183156","Keloid"
"K183156_CELL1019_N5","variance_top2000",14.269435649908,"ECM-producing fibroblasts","K183156","Keloid"
"K183156_CELL1056_N3","variance_top2000",13.862137567881,"ECM-producing fibroblasts","K183156","Keloid"
"K183156_CELL1080_N2","variance_top2000",7.42975744528894,"Homeostatic/regulatory fibroblasts","K183156","Keloid"
"K183156_CELL1105_N3","variance_top2000",14.5206860132609,"ECM-producing fibroblasts","K183156","Keloid"
"K183156_CELL1129_N3","variance_top2000",10.3600472793226,"Matrix-remodeling fibroblasts","K183156","Keloid"
"K183156_CELL1265_N5","variance_top2000",14.0005522655552,"ECM-producing fibroblasts","K183156","Keloid"
"K183156_CELL1278_N2","variance_top2000",13.8745839193268,"Matrix-remodeling fibroblasts","K183156","Keloid"
"K183156_CELL1314_N3","variance_top2000",13.5939830171647,"Matrix-remodeling fibroblasts","K183156","Keloid"
"K183156_CELL1374_N4","variance_top2000",10.5428037201485,"ECM-producing fibroblasts","K183156","Keloid"
"K183156_CELL1393_N6","variance_top2000",14.2716040913823,"ECM-producing fibroblasts","K183156","Keloid"
"K183156_CELL1402_N2","variance_top2000",14.2082121225188,"ECM-producing fibroblasts","K183156","Keloid"
"K183156_CELL1420_N2","variance_top2000",8.25435812300256,"Homeostatic/regulatory fibroblasts","K183156","Keloid"
"K183156_CELL1441_N5","variance_top2000",8.27944907395707,"ECM-producing fibroblasts","K183156","Keloid"
"K183156_CELL1444_N2","variance_top2000",12.8783987538026,"ECM-producing fibroblasts","K183156","Keloid"
"K183156_CELL1454_N2","variance_top2000",7.99553205744741,"Homeostatic/regulatory fibroblasts","K183156","Keloid"
"K183156_CELL1489_N5","variance_top2000",1.35734803639236,"ECM-producing fibroblasts","K183156","Keloid"
"K183156_CELL1614_N2","variance_top2000",13.8311213130769,"Matrix-remodeling fibroblasts","K183156","Keloid"
"K183156_CELL1662_N2","variance_top2000",14.3129616902104,"ECM-producing fibroblasts","K183156","Keloid"
"K183156_CELL1675_N4","variance_top2000",14.43789015518,"ECM-producing fibroblasts","K183156","Keloid"
"K183156_CELL1694_N3","variance_top2000",8.52533622469118,"Homeostatic/regulatory fibroblasts","K183156","Keloid"
"K183156_CELL1727_N2","variance_top2000",14.381773446784,"Matrix-remodeling fibroblasts","K183156","Keloid"
"K183156_CELL1729_N3","variance_top2000",9.98234856552814,"ECM-producing fibroblasts","K183156","Keloid"
"K183156_CELL1811_N3","variance_top2000",14.1695669718757,"ECM-producing fibroblasts","K183156","Keloid"
"K183156_CELL1827_N2","variance_top2000",11.3393860043965,"ECM-producing fibroblasts","K183156","Keloid"
"K183156_CELL1828_N6","variance_top2000",14.1242762007737,"ECM-producing fibroblasts","K183156","Keloid"
"K183156_CELL1884_N3","variance_top2000",14.1782624646393,"ECM-producing fibroblasts","K183156","Keloid"
"K183156_CELL1943_N4","variance_top2000",14.4427319087147,"ECM-producing fibroblasts","K183156","Keloid"
"K183156_CELL1957_N2","variance_top2000",14.1568604899124,"Matrix-remodeling fibroblasts","K183156","Keloid"
"K183156_CELL1963_N3","variance_top2000",9.80459896768541,"ECM-producing fibroblasts","K183156","Keloid"
"K183156_CELL1973_N3","variance_top2000",9.16948950011673,"Homeostatic/regulatory fibroblasts","K183156","Keloid"
"K183156_CELL1979_N4","variance_top2000",14.1608267569264,"Matrix-remodeling fibroblasts","K183156","Keloid"
"K183156_CELL2019_N4","variance_top2000",14.2389391913873,"ECM-producing fibroblasts","K183156","Keloid"
"K183156_CELL2048_N3","variance_top2000",14.2301456331086,"ECM-producing fibroblasts","K183156","Keloid"
"K183156_CELL2078_N2","variance_top2000",8.40816869605961,"ECM-producing fibroblasts","K183156","Keloid"
"K183156_CELL2081_N2","variance_top2000",11.0434738523152,"ECM-producing fibroblasts","K183156","Keloid"
"K183156_CELL2091_N3","variance_top2000",10.2901278258325,"ECM-producing fibroblasts","K183156","Keloid"
"K183156_CELL2113_N3","variance_top2000",14.1580271827752,"Matrix-remodeling fibroblasts","K183156","Keloid"
"K183156_CELL2138_N3","variance_top2000",10.14288222243,"ECM-producing fibroblasts","K183156","Keloid"
"K183156_CELL2159_N5","variance_top2000",14.3160994420946,"ECM-producing fibroblasts","K183156","Keloid"
"K183156_CELL2178_N3","variance_top2000",13.9797872685662,"Matrix-remodeling fibroblasts","K183156","Keloid"
"K183156_CELL2231_N4","variance_top2000",13.513745346354,"Homeostatic/regulatory fibroblasts","K183156","Keloid"
"K183156_CELL2242_N2","variance_top2000",14.315763570701,"ECM-producing fibroblasts","K183156","Keloid"
"K183156_CELL2337_N3","variance_top2000",10.1281841536286,"ECM-producing fibroblasts","K183156","Keloid"
"K183156_CELL2359_N3","variance_top2000",14.0424825089837,"ECM-producing fibroblasts","K183156","Keloid"
"K183156_CELL2371_N2","variance_top2000",14.2306892944308,"ECM-producing fibroblasts","K183156","Keloid"
"K183156_CELL2428_N2","variance_top2000",14.1748189447743,"Matrix-remodeling fibroblasts","K183156","Keloid"
"K183156_CELL2433_N2","variance_top2000",13.8969831917146,"Matrix-remodeling fibroblasts","K183156","Keloid"
"K183156_CELL2447_N3","variance_top2000",11.1023847616712,"ECM-producing fibroblasts","K183156","Keloid"
"K183156_CELL2454_N4","variance_top2000",11.2920323851628,"Matrix-remodeling fibroblasts","K183156","Keloid"
"K183156_CELL2473_N2","variance_top2000",9.89795195679956,"ECM-producing fibroblasts","K183156","Keloid"
"K183156_CELL2499_N3","variance_top2000",14.011241665252,"ECM-producing fibroblasts","K183156","Keloid"
"K183156_CELL2529_N3","variance_top2000",13.9252479909971,"ECM-producing fibroblasts","K183156","Keloid"
"K183156_CELL2551_N2","variance_top2000",8.03193223521072,"Homeostatic/regulatory fibroblasts","K183156","Keloid"
"K183156_CELL2555_N3","variance_top2000",14.1515080435208,"ECM-producing fibroblasts","K183156","Keloid"
"K183156_CELL2620_N2","variance_top2000",14.2455855926569,"ECM-producing fibroblasts","K183156","Keloid"
"K183156_CELL2649_N3","variance_top2000",14.2749306206637,"ECM-producing fibroblasts","K183156","Keloid"
"K183156_CELL2658_N3","variance_top2000",14.2331401200926,"ECM-producing fibroblasts","K183156","Keloid"
"K183156_CELL2748_N3","variance_top2000",14.3778793937193,"ECM-producing fibroblasts","K183156","Keloid"
"K183156_CELL2769_N3","variance_top2000",8.53131667384443,"ECM-producing fibroblasts","K183156","Keloid"
"K183156_CELL2775_N2","variance_top2000",4.05868539001824,"Matrix-remodeling fibroblasts","K183156","Keloid"
"K183156_CELL2778_N4","variance_top2000",13.3407803250481,"Matrix-remodeling fibroblasts","K183156","Keloid"
"K183156_CELL2827_N2","variance_top2000",14.1055235549329,"ECM-producing fibroblasts","K183156","Keloid"
"K183156_CELL2846_N2","variance_top2000",11.6893138055875,"ECM-producing fibroblasts","K183156","Keloid"
"K183156_CELL2938_N4","variance_top2000",10.5806486271448,"ECM-producing fibroblasts","K183156","Keloid"
"K183156_CELL2945_N4","variance_top2000",14.2924708067698,"Matrix-remodeling fibroblasts","K183156","Keloid"
"K183156_CELL2946_N3","variance_top2000",10.5210405744667,"ECM-producing fibroblasts","K183156","Keloid"
"K183156_CELL2958_N2","variance_top2000",10.5539531794086,"Matrix-remodeling fibroblasts","K183156","Keloid"
"K183156_CELL2981_N2","variance_top2000",8.29717715848929,"ECM-producing fibroblasts","K183156","Keloid"
"K183156_CELL2982_N2","variance_top2000",7.27366148647941,"Matrix-remodeling fibroblasts","K183156","Keloid"
"K183156_CELL3016_N5","variance_top2000",13.8816591058623,"ECM-producing fibroblasts","K183156","Keloid"
"K183156_CELL3046_N3","variance_top2000",13.8474756284619,"ECM-producing fibroblasts","K183156","Keloid"
"K183156_CELL3060_N2","variance_top2000",13.9274387719646,"Matrix-remodeling fibroblasts","K183156","Keloid"
"K183156_CELL3087_N5","variance_top2000",14.0732573680712,"ECM-producing fibroblasts","K183156","Keloid"
"K183156_CELL3120_N2","variance_top2000",11.6608694058396,"Matrix-remodeling fibroblasts","K183156","Keloid"
"K183156_CELL3150_N3","variance_top2000",13.9752104260326,"Matrix-remodeling fibroblasts","K183156","Keloid"
"K183156_CELL3175_N3","variance_top2000",13.636848548033,"Matrix-remodeling fibroblasts","K183156","Keloid"
"K183156_CELL3188_N3","variance_top2000",14.1017065992287,"Matrix-remodeling fibroblasts","K183156","Keloid"
"K183156_CELL3213_N3","variance_top2000",4.32501601393689,"Homeostatic/regulatory fibroblasts","K183156","Keloid"
"K183156_CELL3229_N6","variance_top2000",9.66033727194785,"ECM-producing fibroblasts","K183156","Keloid"
"K183156_CELL3282_N3","variance_top2000",4.37830962408406,"Homeostatic/regulatory fibroblasts","K183156","Keloid"
"K183156_CELL3331_N2","variance_top2000",7.36583287337012,"ECM-producing fibroblasts","K183156","Keloid"
"K183156_CELL3334_N3","variance_top2000",9.50857770473932,"ECM-producing fibroblasts","K183156","Keloid"
"K183156_CELL3366_N2","variance_top2000",9.82264020627006,"Homeostatic/regulatory fibroblasts","K183156","Keloid"
"K183156_CELL3417_N2","variance_top2000",8.97662538774837,"ECM-producing fibroblasts","K183156","Keloid"
"K183156_CELL3422_N3","variance_top2000",13.1248954939642,"Matrix-remodeling fibroblasts","K183156","Keloid"
"K183156_CELL3434_N3","variance_top2000",14.4188491128527,"ECM-producing fibroblasts","K183156","Keloid"
"K183156_CELL3519_N5","variance_top2000",3.99794305327025,"Homeostatic/regulatory fibroblasts","K183156","Keloid"
"K183156_CELL3538_N3","variance_top2000",7.73827040584892,"Homeostatic/regulatory fibroblasts","K183156","Keloid"
"K183156_CELL3547_N3","variance_top2000",13.4005854345955,"Homeostatic/regulatory fibroblasts","K183156","Keloid"
"K183156_CELL3560_N3","variance_top2000",14.313766170037,"ECM-producing fibroblasts","K183156","Keloid"
"K183156_CELL3568_N2","variance_top2000",9.40305729608887,"Homeostatic/regulatory fibroblasts","K183156","Keloid"
"K183156_CELL3584_N2","variance_top2000",14.0563981127009,"Matrix-remodeling fibroblasts","K183156","Keloid"
"K183156_CELL3589_N9","variance_top2000",14.057610236124,"ECM-producing fibroblasts","K183156","Keloid"
"K183156_CELL3599_N2","variance_top2000",14.0196757088821,"ECM-producing fibroblasts","K183156","Keloid"
"K183156_CELL3618_N2","variance_top2000",1.23317549627906,"ECM-producing fibroblasts","K183156","Keloid"
"K183156_CELL3629_N3","variance_top2000",11.620392130677,"Matrix-remodeling fibroblasts","K183156","Keloid"
"K183156_CELL3682_N6","variance_top2000",14.2572303130204,"ECM-producing fibroblasts","K183156","Keloid"
"K183156_CELL3787_N2","variance_top2000",10.0207883967217,"ECM-producing fibroblasts","K183156","Keloid"
"K183156_CELL3796_N4","variance_top2000",10.2867931993206,"Homeostatic/regulatory fibroblasts","K183156","Keloid"
"K183156_CELL3811_N2","variance_top2000",10.366423978849,"Matrix-remodeling fibroblasts","K183156","Keloid"
"K183156_CELL3836_N2","variance_top2000",14.2896071275201,"Matrix-remodeling fibroblasts","K183156","Keloid"
"K183156_CELL3983_N2","variance_top2000",9.59189206647591,"ECM-producing fibroblasts","K183156","Keloid"
"K183156_CELL4036_N2","variance_top2000",11.6350857192376,"ECM-producing fibroblasts","K183156","Keloid"
"K183156_CELL4044_N2","variance_top2000",14.0460755873218,"Matrix-remodeling fibroblasts","K183156","Keloid"
"K183156_CELL4087_N4","variance_top2000",14.3572411155384,"ECM-producing fibroblasts","K183156","Keloid"
"K183156_CELL4095_N2","variance_top2000",5.00006901885267,"Homeostatic/regulatory fibroblasts","K183156","Keloid"
"K183156_CELL4111_N2","variance_top2000",1.33395728429784,"Matrix-remodeling fibroblasts","K183156","Keloid"
"K183156_CELL4181_N4","variance_top2000",14.0367001707135,"ECM-producing fibroblasts","K183156","Keloid"
"K183156_CELL4245_N2","variance_top2000",11.8325265803408,"ECM-producing fibroblasts","K183156","Keloid"
"K183156_CELL4250_N2","variance_top2000",10.5623663508787,"ECM-producing fibroblasts","K183156","Keloid"
"K183156_CELL4256_N3","variance_top2000",9.6948640691194,"Matrix-remodeling fibroblasts","K183156","Keloid"
"K183156_CELL4302_N4","variance_top2000",9.37905665051523,"ECM-producing fibroblasts","K183156","Keloid"
"K183156_CELL4321_N3","variance_top2000",13.8572123254824,"Matrix-remodeling fibroblasts","K183156","Keloid"
"K183156_CELL4352_N2","variance_top2000",14.0819702166674,"Matrix-remodeling fibroblasts","K183156","Keloid"
"K183156_CELL4353_N3","variance_top2000",14.0555079023512,"Matrix-remodeling fibroblasts","K183156","Keloid"
"K183156_CELL4414_N2","variance_top2000",9.424906239811,"Homeostatic/regulatory fibroblasts","K183156","Keloid"
"K183156_CELL4417_N4","variance_top2000",8.95070769381599,"Matrix-remodeling fibroblasts","K183156","Keloid"
"K183156_CELL4525_N2","variance_top2000",14.0060557679166,"ECM-producing fibroblasts","K183156","Keloid"
"K183156_CELL4527_N2","variance_top2000",14.2300676111167,"Matrix-remodeling fibroblasts","K183156","Keloid"
"K183156_CELL4530_N2","variance_top2000",8.53999833840229,"ECM-producing fibroblasts","K183156","Keloid"
"K183156_CELL4548_N2","variance_top2000",14.0803674749075,"ECM-producing fibroblasts","K183156","Keloid"
"K183156_CELL4592_N3","variance_top2000",10.346013804308,"ECM-producing fibroblasts","K183156","Keloid"
"K183156_CELL4602_N2","variance_top2000",13.9462279004435,"ECM-producing fibroblasts","K183156","Keloid"
"K183156_CELL4661_N3","variance_top2000",14.0733154587373,"ECM-producing fibroblasts","K183156","Keloid"
"K183156_CELL4664_N3","variance_top2000",13.0524130021387,"Matrix-remodeling fibroblasts","K183156","Keloid"
"K183156_CELL4670_N2","variance_top2000",13.9813709180971,"Matrix-remodeling fibroblasts","K183156","Keloid"
"K183156_CELL4716_N2","variance_top2000",13.6010275681501,"ECM-producing fibroblasts","K183156","Keloid"
"K183156_CELL4735_N2","variance_top2000",12.9015800469887,"Homeostatic/regulatory fibroblasts","K183156","Keloid"
"K183156_CELL4737_N2","variance_top2000",10.1345263438134,"ECM-producing fibroblasts","K183156","Keloid"
"K183156_CELL4769_N2","variance_top2000",10.0944334729239,"ECM-producing fibroblasts","K183156","Keloid"
"K183156_CELL4774_N4","variance_top2000",1.12650832257108,"ECM-producing fibroblasts","K183156","Keloid"
"K183156_CELL4785_N3","variance_top2000",14.194094934674,"ECM-producing fibroblasts","K183156","Keloid"
"K183156_CELL4832_N2","variance_top2000",11.8977859713048,"Matrix-remodeling fibroblasts","K183156","Keloid"
"K183156_CELL4864_N4","variance_top2000",4.32597705781291,"ECM-producing fibroblasts","K183156","Keloid"
"K183156_CELL4890_N2","variance_top2000",8.13097602539747,"Homeostatic/regulatory fibroblasts","K183156","Keloid"
"K183156_CELL4903_N1","variance_top2000",14.0463595942793,"ECM-producing fibroblasts","K183156","Keloid"
"K183156_CELL4906_N2","variance_top2000",10.0722204078607,"ECM-producing fibroblasts","K183156","Keloid"
"K183156_CELL4926_N5","variance_top2000",13.8347319835931,"ECM-producing fibroblasts","K183156","Keloid"
"K183156_CELL4970_N3","variance_top2000",14.412741154003,"ECM-producing fibroblasts","K183156","Keloid"
"K183156_CELL5033_N2","variance_top2000",4.56499640925972,"Homeostatic/regulatory fibroblasts","K183156","Keloid"
"K183156_CELL5062_N2","variance_top2000",14.1272807024107,"ECM-producing fibroblasts","K183156","Keloid"
"K183156_CELL5063_N3","variance_top2000",14.2359045804131,"Matrix-remodeling fibroblasts","K183156","Keloid"
"K183156_CELL5156_N2","variance_top2000",14.1027871349403,"ECM-producing fibroblasts","K183156","Keloid"
"K183156_CELL5164_N2","variance_top2000",9.64738806136967,"Matrix-remodeling fibroblasts","K183156","Keloid"
"K183156_CELL5178_N2","variance_top2000",7.82339786267211,"ECM-producing fibroblasts","K183156","Keloid"
"K183156_CELL5230_N3","variance_top2000",7.63561091487951,"ECM-producing fibroblasts","K183156","Keloid"
"K183156_CELL5234_N3","variance_top2000",9.20886299454243,"Homeostatic/regulatory fibroblasts","K183156","Keloid"
"K183156_CELL5237_N4","variance_top2000",14.1569368000895,"ECM-producing fibroblasts","K183156","Keloid"
"K183156_CELL5261_N4","variance_top2000",13.9983565344175,"ECM-producing fibroblasts","K183156","Keloid"
"K183156_CELL5282_N4","variance_top2000",14.1886307535569,"ECM-producing fibroblasts","K183156","Keloid"
"K183156_CELL5296_N5","variance_top2000",14.3096661919292,"ECM-producing fibroblasts","K183156","Keloid"
"K183156_CELL5331_N2","variance_top2000",12.2358803405408,"ECM-producing fibroblasts","K183156","Keloid"
"K183156_CELL5391_N3","variance_top2000",14.3924731054937,"ECM-producing fibroblasts","K183156","Keloid"
"K183156_CELL5395_N2","variance_top2000",7.96884323602112,"Homeostatic/regulatory fibroblasts","K183156","Keloid"
"K183156_CELL5401_N4","variance_top2000",11.6349616972878,"ECM-producing fibroblasts","K183156","Keloid"
"K183156_CELL5416_N2","variance_top2000",14.2402613896689,"Matrix-remodeling fibroblasts","K183156","Keloid"
"K183156_CELL5429_N3","variance_top2000",3.27074109152156,"ECM-producing fibroblasts","K183156","Keloid"
"K183156_CELL5448_N5","variance_top2000",14.4023542934107,"Matrix-remodeling fibroblasts","K183156","Keloid"
"K183156_CELL5527_N1","variance_top2000",10.6229027739955,"ECM-producing fibroblasts","K183156","Keloid"
"K183156_CELL5538_N3","variance_top2000",13.9927508029815,"ECM-producing fibroblasts","K183156","Keloid"
"K183156_CELL5560_N2","variance_top2000",14.2718487564153,"Matrix-remodeling fibroblasts","K183156","Keloid"
"K183156_CELL5595_N2","variance_top2000",4.38549996750883,"Matrix-remodeling fibroblasts","K183156","Keloid"
"K183156_CELL5657_N3","variance_top2000",13.8673250733365,"Matrix-remodeling fibroblasts","K183156","Keloid"
"K183156_CELL5696_N2","variance_top2000",13.282970613161,"ECM-producing fibroblasts","K183156","Keloid"
"K183156_CELL5725_N2","variance_top2000",14.0884177003411,"ECM-producing fibroblasts","K183156","Keloid"
"K183156_CELL5765_N2","variance_top2000",14.0959725978529,"ECM-producing fibroblasts","K183156","Keloid"
"K183156_CELL5796_N2","variance_top2000",13.9418885251412,"ECM-producing fibroblasts","K183156","Keloid"
"K183156_CELL5802_N2","variance_top2000",14.2169721237844,"ECM-producing fibroblasts","K183156","Keloid"
"K183156_CELL5859_N3","variance_top2000",14.1727495353747,"Homeostatic/regulatory fibroblasts","K183156","Keloid"
"K183156_CELL5863_N2","variance_top2000",9.60449024800614,"ECM-producing fibroblasts","K183156","Keloid"
"K183156_CELL5864_N4","variance_top2000",10.2307092781711,"Matrix-remodeling fibroblasts","K183156","Keloid"
"K183156_CELL5889_N3","variance_top2000",13.9281851200413,"ECM-producing fibroblasts","K183156","Keloid"
"K183156_CELL5901_N2","variance_top2000",7.65351455723856,"Matrix-remodeling fibroblasts","K183156","Keloid"
"K183156_CELL5919_N2","variance_top2000",12.6572741465539,"Homeostatic/regulatory fibroblasts","K183156","Keloid"
"K183156_CELL5921_N3","variance_top2000",13.2827990659242,"Matrix-remodeling fibroblasts","K183156","Keloid"
"K183156_CELL5930_N3","variance_top2000",10.9929570023831,"Homeostatic/regulatory fibroblasts","K183156","Keloid"
"K183156_CELL6004_N1","variance_top2000",10.1030944409846,"ECM-producing fibroblasts","K183156","Keloid"
"K183156_CELL6040_N2","variance_top2000",13.9399042116193,"Matrix-remodeling fibroblasts","K183156","Keloid"
"K183156_CELL6049_N2","variance_top2000",13.9495534184672,"ECM-producing fibroblasts","K183156","Keloid"
"K183156_CELL6069_N4","variance_top2000",14.495025701551,"ECM-producing fibroblasts","K183156","Keloid"
"K183156_CELL6103_N3","variance_top2000",0.194565520863118,"ECM-producing fibroblasts","K183156","Keloid"
"K183156_CELL6123_N3","variance_top2000",8.12099710424888,"Homeostatic/regulatory fibroblasts","K183156","Keloid"
"K183156_CELL6165_N3","variance_top2000",8.00896394705272,"Homeostatic/regulatory fibroblasts","K183156","Keloid"
"K183156_CELL6200_N3","variance_top2000",13.7719644442882,"Matrix-remodeling fibroblasts","K183156","Keloid"
"K183156_CELL6202_N6","variance_top2000",14.1673292915756,"Matrix-remodeling fibroblasts","K183156","Keloid"
"K183156_CELL6203_N4","variance_top2000",9.50754471563542,"Homeostatic/regulatory fibroblasts","K183156","Keloid"
"K183156_CELL6238_N2","variance_top2000",1.01490788326256,"Matrix-remodeling fibroblasts","K183156","Keloid"
"K183156_CELL6255_N3","variance_top2000",14.2473310378378,"Matrix-remodeling fibroblasts","K183156","Keloid"
"K183156_CELL6300_N4","variance_top2000",12.4690341521309,"ECM-producing fibroblasts","K183156","Keloid"
"K183156_CELL6303_N2","variance_top2000",8.10330738218533,"Homeostatic/regulatory fibroblasts","K183156","Keloid"
"K183156_CELL6336_N2","variance_top2000",12.4782256894805,"ECM-producing fibroblasts","K183156","Keloid"
"K183156_CELL6421_N1","variance_top2000",14.1992923245514,"ECM-producing fibroblasts","K183156","Keloid"
"K183156_CELL6484_N5","variance_top2000",13.5336166234683,"ECM-producing fibroblasts","K183156","Keloid"
"K183156_CELL6512_N3","variance_top2000",9.21103685247652,"ECM-producing fibroblasts","K183156","Keloid"
"K183156_CELL6587_N3","variance_top2000",10.1314738291527,"ECM-producing fibroblasts","K183156","Keloid"
"K183156_CELL6598_N2","variance_top2000",7.9784805021186,"Homeostatic/regulatory fibroblasts","K183156","Keloid"
"K183156_CELL6632_N3","variance_top2000",14.2089782902761,"ECM-producing fibroblasts","K183156","Keloid"
"K183156_CELL6661_N3","variance_top2000",11.7168289488849,"ECM-producing fibroblasts","K183156","Keloid"
"K183156_CELL6708_N2","variance_top2000",10.1358344337029,"Homeostatic/regulatory fibroblasts","K183156","Keloid"
"K183156_CELL6743_N3","variance_top2000",3.31039966313241,"Homeostatic/regulatory fibroblasts","K183156","Keloid"
"K183156_CELL6793_N2","variance_top2000",9.12588418820996,"ECM-producing fibroblasts","K183156","Keloid"
"K183156_CELL6846_N3","variance_top2000",14.2426724391077,"Matrix-remodeling fibroblasts","K183156","Keloid"
"K183156_CELL6847_N2","variance_top2000",14.2878485839949,"ECM-producing fibroblasts","K183156","Keloid"
"K183156_CELL6863_N2","variance_top2000",14.0597675282385,"ECM-producing fibroblasts","K183156","Keloid"
"K183156_CELL6864_N2","variance_top2000",9.86046884794361,"ECM-producing fibroblasts","K183156","Keloid"
"K183156_CELL6877_N2","variance_top2000",10.3843134706765,"Homeostatic/regulatory fibroblasts","K183156","Keloid"
"K183156_CELL6880_N3","variance_top2000",14.3883638332575,"ECM-producing fibroblasts","K183156","Keloid"
"K183156_CELL6895_N3","variance_top2000",14.2039575242234,"ECM-producing fibroblasts","K183156","Keloid"
"K183156_CELL6901_N2","variance_top2000",14.5433442407775,"ECM-producing fibroblasts","K183156","Keloid"
"K183156_CELL6934_N3","variance_top2000",2.76466694781037,"ECM-producing fibroblasts","K183156","Keloid"
"K183156_CELL6963_N2","variance_top2000",14.117196803339,"Matrix-remodeling fibroblasts","K183156","Keloid"
"K183156_CELL7069_N2","variance_top2000",12.877839241714,"Homeostatic/regulatory fibroblasts","K183156","Keloid"
"K183156_CELL7158_N2","variance_top2000",13.7875355009691,"ECM-producing fibroblasts","K183156","Keloid"
"K183156_CELL7161_N2","variance_top2000",4.06619428350179,"Matrix-remodeling fibroblasts","K183156","Keloid"
"K183156_CELL7162_N1","variance_top2000",5.36424428927656,"Matrix-remodeling fibroblasts","K183156","Keloid"
"K183156_CELL7191_N2","variance_top2000",13.9079148334656,"Matrix-remodeling fibroblasts","K183156","Keloid"
"K183156_CELL7217_N4","variance_top2000",13.970940096611,"ECM-producing fibroblasts","K183156","Keloid"
"K183156_CELL7304_N2","variance_top2000",13.9082289641948,"Matrix-remodeling fibroblasts","K183156","Keloid"
"K183156_CELL7334_N1","variance_top2000",10.1749974987313,"ECM-producing fibroblasts","K183156","Keloid"
"K183156_CELL7359_N4","variance_top2000",11.3600225147475,"Matrix-remodeling fibroblasts","K183156","Keloid"
"K183156_CELL7363_N2","variance_top2000",4.42590960252061,"Homeostatic/regulatory fibroblasts","K183156","Keloid"
"K183156_CELL7392_N2","variance_top2000",7.98050606168026,"Homeostatic/regulatory fibroblasts","K183156","Keloid"
"K183156_CELL7395_N4","variance_top2000",13.9446516800063,"ECM-producing fibroblasts","K183156","Keloid"
"K183156_CELL7397_N3","variance_top2000",14.3423935640621,"Matrix-remodeling fibroblasts","K183156","Keloid"
"K183156_CELL7420_N2","variance_top2000",6.46974205987133,"Homeostatic/regulatory fibroblasts","K183156","Keloid"
"K183156_CELL7439_N2","variance_top2000",14.0617713359915,"Matrix-remodeling fibroblasts","K183156","Keloid"
"K183156_CELL7455_N5","variance_top2000",13.7979199889565,"Matrix-remodeling fibroblasts","K183156","Keloid"
"K183156_CELL7463_N3","variance_top2000",12.412342061816,"ECM-producing fibroblasts","K183156","Keloid"
"K183156_CELL7468_N3","variance_top2000",7.45098523358357,"Homeostatic/regulatory fibroblasts","K183156","Keloid"
"K183156_CELL7483_N2","variance_top2000",14.2571221373621,"ECM-producing fibroblasts","K183156","Keloid"
"K183156_CELL7486_N2","variance_top2000",11.4156177842984,"Matrix-remodeling fibroblasts","K183156","Keloid"
"K183156_CELL7503_N3","variance_top2000",9.63962496158761,"Homeostatic/regulatory fibroblasts","K183156","Keloid"
"K183156_CELL7515_N2","variance_top2000",14.0950559319905,"ECM-producing fibroblasts","K183156","Keloid"
"K183156_CELL7536_N2","variance_top2000",14.2518684543305,"ECM-producing fibroblasts","K183156","Keloid"
"K183156_CELL7554_N2","variance_top2000",5.97581378226553,"ECM-producing fibroblasts","K183156","Keloid"
"K183156_CELL7586_N3","variance_top2000",11.816431564019,"Matrix-remodeling fibroblasts","K183156","Keloid"
"K183156_CELL7640_N2","variance_top2000",12.8819713694237,"ECM-producing fibroblasts","K183156","Keloid"
"K183156_CELL7666_N2","variance_top2000",4.50947234887721,"ECM-producing fibroblasts","K183156","Keloid"
"K183156_CELL7691_N4","variance_top2000",4.8800989717267,"Homeostatic/regulatory fibroblasts","K183156","Keloid"
"K183156_CELL7755_N2","variance_top2000",14.0968777620126,"Matrix-remodeling fibroblasts","K183156","Keloid"
"K183156_CELL7814_N3","variance_top2000",14.3379164250459,"ECM-producing fibroblasts","K183156","Keloid"
"K183156_CELL7819_N2","variance_top2000",4.45140155070898,"ECM-producing fibroblasts","K183156","Keloid"
"K183156_CELL7822_N2","variance_top2000",0.658671682863934,"Matrix-remodeling fibroblasts","K183156","Keloid"
"K183156_CELL7832_N1","variance_top2000",14.1469366669536,"Matrix-remodeling fibroblasts","K183156","Keloid"
"K183156_CELL7842_N2","variance_top2000",10.3485826237099,"Matrix-remodeling fibroblasts","K183156","Keloid"
"K183156_CELL7844_N3","variance_top2000",10.8352993740177,"Homeostatic/regulatory fibroblasts","K183156","Keloid"
"K183156_CELL7856_N2","variance_top2000",14.3115507989298,"ECM-producing fibroblasts","K183156","Keloid"
"K183156_CELL7863_N2","variance_top2000",14.0290034892912,"ECM-producing fibroblasts","K183156","Keloid"
"K183156_CELL7890_N3","variance_top2000",14.4670675410269,"Matrix-remodeling fibroblasts","K183156","Keloid"
"K183156_CELL7899_N3","variance_top2000",10.2111038143834,"ECM-producing fibroblasts","K183156","Keloid"
"K183156_CELL7912_N2","variance_top2000",6.62216902471775,"ECM-producing fibroblasts","K183156","Keloid"
"K183156_CELL7923_N4","variance_top2000",0.127663314044156,"Homeostatic/regulatory fibroblasts","K183156","Keloid"
"K183156_CELL7942_N2","variance_top2000",14.5556653509059,"ECM-producing fibroblasts","K183156","Keloid"
"K183156_CELL8057_N3","variance_top2000",4.29393773887479,"Matrix-remodeling fibroblasts","K183156","Keloid"
"K183156_CELL8067_N2","variance_top2000",14.3224689286234,"Matrix-remodeling fibroblasts","K183156","Keloid"
"K183156_CELL8069_N4","variance_top2000",14.1545477065538,"ECM-producing fibroblasts","K183156","Keloid"
"K183156_CELL8077_N1","variance_top2000",1.35551841875792,"Homeostatic/regulatory fibroblasts","K183156","Keloid"
"K183156_CELL8086_N3","variance_top2000",10.2774089879555,"ECM-producing fibroblasts","K183156","Keloid"
"K183156_CELL8087_N1","variance_top2000",13.9751314777649,"Matrix-remodeling fibroblasts","K183156","Keloid"
"K183156_CELL8097_N2","variance_top2000",10.2281862895143,"ECM-producing fibroblasts","K183156","Keloid"
"K183156_CELL8111_N5","variance_top2000",14.1058978060896,"Matrix-remodeling fibroblasts","K183156","Keloid"
"K183156_CELL8140_N3","variance_top2000",9.00679918466755,"Homeostatic/regulatory fibroblasts","K183156","Keloid"
"K183156_CELL8146_N3","variance_top2000",11.5185262927925,"Matrix-remodeling fibroblasts","K183156","Keloid"
"K183156_CELL8150_N3","variance_top2000",11.3777689778356,"ECM-producing fibroblasts","K183156","Keloid"
"K183156_CELL8275_N2","variance_top2000",9.15389116676323,"Homeostatic/regulatory fibroblasts","K183156","Keloid"
"K183156_CELL8347_N4","variance_top2000",10.3917996326496,"Homeostatic/regulatory fibroblasts","K183156","Keloid"
"K183156_CELL8382_N2","variance_top2000",14.4041282879131,"ECM-producing fibroblasts","K183156","Keloid"
"K183156_CELL8384_N4","variance_top2000",12.8827059334759,"Matrix-remodeling fibroblasts","K183156","Keloid"
"K183156_CELL8387_N3","variance_top2000",7.78157779835021,"Homeostatic/regulatory fibroblasts","K183156","Keloid"
"K183156_CELL8409_N4","variance_top2000",10.6311629635731,"ECM-producing fibroblasts","K183156","Keloid"
"K183156_CELL8433_N2","variance_top2000",8.4312250540301,"ECM-producing fibroblasts","K183156","Keloid"
"K183156_CELL8459_N3","variance_top2000",9.46916697904006,"Homeostatic/regulatory fibroblasts","K183156","Keloid"
"K183156_CELL8460_N3","variance_top2000",12.9335240064802,"Matrix-remodeling fibroblasts","K183156","Keloid"
"K183156_CELL8479_N4","variance_top2000",10.7200018819178,"ECM-producing fibroblasts","K183156","Keloid"
"K183156_CELL8485_N3","variance_top2000",14.0027023996583,"Matrix-remodeling fibroblasts","K183156","Keloid"
"K183156_CELL8500_N3","variance_top2000",14.128029170879,"ECM-producing fibroblasts","K183156","Keloid"
"K183156_CELL8545_N2","variance_top2000",11.1001065084406,"ECM-producing fibroblasts","K183156","Keloid"
"K183156_CELL8569_N6","variance_top2000",14.3265176995075,"ECM-producing fibroblasts","K183156","Keloid"
"K183156_CELL8573_N2","variance_top2000",10.5422064688863,"ECM-producing fibroblasts","K183156","Keloid"
"K183156_CELL8667_N2","variance_top2000",13.9256322167813,"ECM-producing fibroblasts","K183156","Keloid"
"K183156_CELL8703_N2","variance_top2000",0.716965846458911,"Homeostatic/regulatory fibroblasts","K183156","Keloid"
"K183156_CELL8708_N2","variance_top2000",12.6509503875103,"Matrix-remodeling fibroblasts","K183156","Keloid"
"K183156_CELL8712_N2","variance_top2000",10.8859563740329,"ECM-producing fibroblasts","K183156","Keloid"
"K183156_CELL8714_N5","variance_top2000",8.06290510121016,"Homeostatic/regulatory fibroblasts","K183156","Keloid"
"K183156_CELL8726_N2","variance_top2000",14.2789180326121,"ECM-producing fibroblasts","K183156","Keloid"
"K183156_CELL8731_N2","variance_top2000",13.8912700870005,"Matrix-remodeling fibroblasts","K183156","Keloid"
"K183156_CELL8769_N3","variance_top2000",9.00691311751184,"ECM-producing fibroblasts","K183156","Keloid"
"K183156_CELL8823_N4","variance_top2000",14.4454197760362,"ECM-producing fibroblasts","K183156","Keloid"
"K183156_CELL8887_N2","variance_top2000",14.0762505019814,"Matrix-remodeling fibroblasts","K183156","Keloid"
"K183156_CELL8902_N2","variance_top2000",9.28514115067961,"ECM-producing fibroblasts","K183156","Keloid"
"K183156_CELL8924_N5","variance_top2000",11.1274232107664,"Matrix-remodeling fibroblasts","K183156","Keloid"
"K183156_CELL8949_N3","variance_top2000",14.2136665725939,"Homeostatic/regulatory fibroblasts","K183156","Keloid"
"K183156_CELL8967_N3","variance_top2000",13.870035370266,"Matrix-remodeling fibroblasts","K183156","Keloid"
"K183156_CELL9021_N3","variance_top2000",10.4995897167614,"ECM-producing fibroblasts","K183156","Keloid"
"K183156_CELL9044_N2","variance_top2000",13.9568281002413,"ECM-producing fibroblasts","K183156","Keloid"
"K183156_CELL9071_N2","variance_top2000",14.1220133551982,"Matrix-remodeling fibroblasts","K183156","Keloid"
"K183156_CELL9073_N3","variance_top2000",11.0622986126446,"ECM-producing fibroblasts","K183156","Keloid"
"K183156_CELL9090_N3","variance_top2000",13.9735013760492,"ECM-producing fibroblasts","K183156","Keloid"
"K183156_CELL9091_N2","variance_top2000",8.32926866774348,"ECM-producing fibroblasts","K183156","Keloid"
"K183156_CELL9118_N2","variance_top2000",13.4844985944037,"Matrix-remodeling fibroblasts","K183156","Keloid"
"K183156_CELL9124_N2","variance_top2000",11.2015942245851,"Homeostatic/regulatory fibroblasts","K183156","Keloid"
"K183156_CELL9134_N2","variance_top2000",4.43202286365218,"ECM-producing fibroblasts","K183156","Keloid"
"K183156_CELL9175_N3","variance_top2000",13.9722962200491,"ECM-producing fibroblasts","K183156","Keloid"
"K183156_CELL9198_N5","variance_top2000",13.8227159196505,"ECM-producing fibroblasts","K183156","Keloid"
"K183156_CELL9234_N2","variance_top2000",9.17420645495377,"Homeostatic/regulatory fibroblasts","K183156","Keloid"
"K183156_CELL9292_N2","variance_top2000",11.7534571142404,"Matrix-remodeling fibroblasts","K183156","Keloid"
"K183156_CELL9303_N3","variance_top2000",11.2588497106632,"ECM-producing fibroblasts","K183156","Keloid"
"K183156_CELL9338_N2","variance_top2000",14.1501140387067,"Matrix-remodeling fibroblasts","K183156","Keloid"
"K183156_CELL9361_N3","variance_top2000",14.0066606286129,"Homeostatic/regulatory fibroblasts","K183156","Keloid"
"K183156_CELL9400_N1","variance_top2000",13.2487832616637,"ECM-producing fibroblasts","K183156","Keloid"
"K183156_CELL9528_N2","variance_top2000",14.0846784972054,"ECM-producing fibroblasts","K183156","Keloid"
"K183156_CELL9530_N2","variance_top2000",8.01416668915455,"Homeostatic/regulatory fibroblasts","K183156","Keloid"
"K183156_CELL9631_N3","variance_top2000",13.0297674907447,"Matrix-remodeling fibroblasts","K183156","Keloid"
"K183156_CELL9670_N3","variance_top2000",12.8381772730825,"Homeostatic/regulatory fibroblasts","K183156","Keloid"
"K183156_CELL9676_N2","variance_top2000",11.2504645148158,"ECM-producing fibroblasts","K183156","Keloid"
"K183156_CELL9705_N2","variance_top2000",14.3417272306693,"ECM-producing fibroblasts","K183156","Keloid"
"K183156_CELL9749_N3","variance_top2000",14.226246062974,"ECM-producing fibroblasts","K183156","Keloid"
"K183156_CELL9858_N2","variance_top2000",10.521451041991,"Homeostatic/regulatory fibroblasts","K183156","Keloid"
"K183156_CELL9873_N2","variance_top2000",14.4838331453177,"Matrix-remodeling fibroblasts","K183156","Keloid"
"K183156_CELL9912_N2","variance_top2000",7.57348063157422,"Homeostatic/regulatory fibroblasts","K183156","Keloid"
"K183156_CELL9948_N3","variance_top2000",9.90629609899042,"Matrix-remodeling fibroblasts","K183156","Keloid"
"K183156_CELL9963_N2","variance_top2000",9.79841422670054,"ECM-producing fibroblasts","K183156","Keloid"
"K183156_CELL10005_N3","variance_top2000",14.1199244948687,"Matrix-remodeling fibroblasts","K183156","Keloid"
"K183156_CELL10056_N2","variance_top2000",14.2757766255485,"ECM-producing fibroblasts","K183156","Keloid"
"K183156_CELL10068_N2","variance_top2000",14.4223903584834,"ECM-producing fibroblasts","K183156","Keloid"
"K183156_CELL10092_N2","variance_top2000",14.2059653472663,"ECM-producing fibroblasts","K183156","Keloid"
"K183156_CELL10100_N2","variance_top2000",14.1560680068896,"ECM-producing fibroblasts","K183156","Keloid"
"K183156_CELL10113_N2","variance_top2000",12.654739103481,"Homeostatic/regulatory fibroblasts","K183156","Keloid"
"K183156_CELL10114_N2","variance_top2000",14.2795508813932,"ECM-producing fibroblasts","K183156","Keloid"
"K183156_CELL10129_N3","variance_top2000",14.0224097626095,"ECM-producing fibroblasts","K183156","Keloid"
"K183156_CELL10134_N1","variance_top2000",10.4583788747395,"ECM-producing fibroblasts","K183156","Keloid"
"K183156_CELL10141_N1","variance_top2000",12.5491304584438,"Matrix-remodeling fibroblasts","K183156","Keloid"
"K183156_CELL10191_N3","variance_top2000",10.4420544712752,"Homeostatic/regulatory fibroblasts","K183156","Keloid"
"K183156_CELL10230_N2","variance_top2000",6.52911220769516,"Homeostatic/regulatory fibroblasts","K183156","Keloid"
"K183156_CELL10303_N2","variance_top2000",10.5369341769982,"Matrix-remodeling fibroblasts","K183156","Keloid"
"K183156_CELL10313_N2","variance_top2000",9.19910380785337,"ECM-producing fibroblasts","K183156","Keloid"
"K183156_CELL10323_N3","variance_top2000",14.6143039092967,"ECM-producing fibroblasts","K183156","Keloid"
"K183156_CELL10410_N3","variance_top2000",8.16851529671559,"Matrix-remodeling fibroblasts","K183156","Keloid"
"K183156_CELL10420_N1","variance_top2000",14.1678269460597,"ECM-producing fibroblasts","K183156","Keloid"
"K183156_CELL10463_N1","variance_top2000",11.4865600360321,"Matrix-remodeling fibroblasts","K183156","Keloid"
"K183156_CELL10464_N2","variance_top2000",14.1971508213166,"Matrix-remodeling fibroblasts","K183156","Keloid"
"K183156_CELL10486_N2","variance_top2000",4.20518417553363,"ECM-producing fibroblasts","K183156","Keloid"
"K183156_CELL10502_N2","variance_top2000",14.1258138965782,"ECM-producing fibroblasts","K183156","Keloid"
"K183156_CELL10524_N2","variance_top2000",10.4968868880412,"ECM-producing fibroblasts","K183156","Keloid"
"K183156_CELL10559_N2","variance_top2000",7.60685017295618,"Homeostatic/regulatory fibroblasts","K183156","Keloid"
"K183156_CELL10618_N2","variance_top2000",11.3796110419467,"ECM-producing fibroblasts","K183156","Keloid"
"K183156_CELL10656_N3","variance_top2000",12.7952379985179,"Matrix-remodeling fibroblasts","K183156","Keloid"
"K183156_CELL10672_N2","variance_top2000",14.145587553794,"Matrix-remodeling fibroblasts","K183156","Keloid"
"K183156_CELL10700_N2","variance_top2000",11.170670024774,"ECM-producing fibroblasts","K183156","Keloid"
"K183156_CELL10734_N1","variance_top2000",11.847197026933,"ECM-producing fibroblasts","K183156","Keloid"
"K183156_CELL10741_N3","variance_top2000",4.439433006303,"Homeostatic/regulatory fibroblasts","K183156","Keloid"
"K183156_CELL10798_N3","variance_top2000",1.30539375634239,"ECM-producing fibroblasts","K183156","Keloid"
"K183156_CELL10804_N2","variance_top2000",14.188338700433,"Matrix-remodeling fibroblasts","K183156","Keloid"
"K183156_CELL10857_N2","variance_top2000",12.4908300587066,"Matrix-remodeling fibroblasts","K183156","Keloid"
"K183156_CELL10880_N3","variance_top2000",14.0910852142404,"ECM-producing fibroblasts","K183156","Keloid"
"K183156_CELL10893_N2","variance_top2000",14.4042719469193,"ECM-producing fibroblasts","K183156","Keloid"
"K183156_CELL10917_N2","variance_top2000",10.2875906910587,"Matrix-remodeling fibroblasts","K183156","Keloid"
"K183156_CELL10943_N2","variance_top2000",14.4841551961517,"ECM-producing fibroblasts","K183156","Keloid"
"K183156_CELL10948_N2","variance_top2000",4.45442542491719,"ECM-producing fibroblasts","K183156","Keloid"
"K183156_CELL10971_N2","variance_top2000",13.9799910058358,"ECM-producing fibroblasts","K183156","Keloid"
"K183156_CELL11012_N2","variance_top2000",12.9207662401679,"Matrix-remodeling fibroblasts","K183156","Keloid"
"K183156_CELL11032_N2","variance_top2000",14.0683847848663,"Homeostatic/regulatory fibroblasts","K183156","Keloid"
"K183156_CELL11044_N2","variance_top2000",11.3288420166212,"Homeostatic/regulatory fibroblasts","K183156","Keloid"
"K183156_CELL11054_N2","variance_top2000",14.4944788985518,"ECM-producing fibroblasts","K183156","Keloid"
"K183156_CELL11075_N2","variance_top2000",13.9930649156163,"ECM-producing fibroblasts","K183156","Keloid"
"K183156_CELL11129_N1","variance_top2000",13.9724935107903,"Matrix-remodeling fibroblasts","K183156","Keloid"
"K183156_CELL11132_N2","variance_top2000",9.66463445258463,"ECM-producing fibroblasts","K183156","Keloid"
"K183156_CELL11390_N1","variance_top2000",14.4148205919564,"ECM-producing fibroblasts","K183156","Keloid"
"K183156_CELL11394_N2","variance_top2000",10.6580572995715,"ECM-producing fibroblasts","K183156","Keloid"
"K183156_CELL11445_N2","variance_top2000",11.3150097704548,"Matrix-remodeling fibroblasts","K183156","Keloid"
"K183156_CELL11448_N1","variance_top2000",12.4751108285543,"Matrix-remodeling fibroblasts","K183156","Keloid"
"K183156_CELL11461_N1","variance_top2000",14.1911422269358,"ECM-producing fibroblasts","K183156","Keloid"
"K183156_CELL11491_N2","variance_top2000",13.3880102592178,"Matrix-remodeling fibroblasts","K183156","Keloid"
"K183156_CELL11498_N2","variance_top2000",6.26946613479548,"ECM-producing fibroblasts","K183156","Keloid"
"K183156_CELL11528_N1","variance_top2000",14.1284210143067,"Matrix-remodeling fibroblasts","K183156","Keloid"
"K183156_CELL11549_N2","variance_top2000",8.9894118868789,"ECM-producing fibroblasts","K183156","Keloid"
"K183156_CELL11619_N2","variance_top2000",10.0997198176022,"Matrix-remodeling fibroblasts","K183156","Keloid"
"K183156_CELL11644_N2","variance_top2000",10.2521824463211,"Matrix-remodeling fibroblasts","K183156","Keloid"
"K183156_CELL11704_N2","variance_top2000",14.1340845806128,"ECM-producing fibroblasts","K183156","Keloid"
"K183156_CELL12023_N1","variance_top2000",14.2113079423392,"ECM-producing fibroblasts","K183156","Keloid"
"K183156_CELL12027_N1","variance_top2000",14.4907996682853,"ECM-producing fibroblasts","K183156","Keloid"
"K183156_CELL12143_N1","variance_top2000",11.3160946344762,"Homeostatic/regulatory fibroblasts","K183156","Keloid"
"K183156_CELL12180_N1","variance_top2000",10.240690828811,"ECM-producing fibroblasts","K183156","Keloid"
"K183156_CELL12370_N1","variance_top2000",13.8550379472602,"ECM-producing fibroblasts","K183156","Keloid"
"K183156_CELL12402_N1","variance_top2000",12.1043269049819,"ECM-producing fibroblasts","K183156","Keloid"
"K183156_CELL12553_N1","variance_top2000",9.03397770815219,"ECM-producing fibroblasts","K183156","Keloid"
"K183156_CELL12562_N1","variance_top2000",11.6670169209297,"Matrix-remodeling fibroblasts","K183156","Keloid"
"K183156_CELL12572_N1","variance_top2000",12.8368191803246,"Matrix-remodeling fibroblasts","K183156","Keloid"
"K183156_CELL12703_N1","variance_top2000",12.8909259470341,"Homeostatic/regulatory fibroblasts","K183156","Keloid"
"K183156_CELL12938_N1","variance_top2000",10.641096684057,"ECM-producing fibroblasts","K183156","Keloid"
"K183156_CELL12940_N1","variance_top2000",10.0993483295691,"ECM-producing fibroblasts","K183156","Keloid"
"K183156_CELL13119_N1","variance_top2000",5.58441295498076,"Homeostatic/regulatory fibroblasts","K183156","Keloid"
"K183156_CELL13185_N1","variance_top2000",13.9985167062512,"Matrix-remodeling fibroblasts","K183156","Keloid"
"K183156_CELL13243_N1","variance_top2000",12.6459674540305,"Matrix-remodeling fibroblasts","K183156","Keloid"
"K183156_CELL13274_N1","variance_top2000",11.3000507513586,"Matrix-remodeling fibroblasts","K183156","Keloid"
"K183156_CELL13530_N1","variance_top2000",8.69318422848796,"Matrix-remodeling fibroblasts","K183156","Keloid"
"K183156_CELL13594_N1","variance_top2000",8.0814292832758,"Homeostatic/regulatory fibroblasts","K183156","Keloid"
"K183156_CELL13600_N1","variance_top2000",4.32892336654572,"ECM-producing fibroblasts","K183156","Keloid"
"K183156_CELL13616_N1","variance_top2000",13.2421323011298,"Matrix-remodeling fibroblasts","K183156","Keloid"
"K183156_CELL13701_N1","variance_top2000",13.8605810140326,"ECM-producing fibroblasts","K183156","Keloid"
"K183156_CELL13735_N1","variance_top2000",7.23649156919706,"Matrix-remodeling fibroblasts","K183156","Keloid"
"K183156_CELL13742_N1","variance_top2000",4.1203097847978,"Matrix-remodeling fibroblasts","K183156","Keloid"
"K183156_CELL13746_N1","variance_top2000",8.5928142894113,"ECM-producing fibroblasts","K183156","Keloid"
"K183156_CELL13813_N1","variance_top2000",8.03266170176123,"ECM-producing fibroblasts","K183156","Keloid"
"K183156_CELL13904_N1","variance_top2000",5.87278233628455,"Homeostatic/regulatory fibroblasts","K183156","Keloid"
"K183156_CELL13915_N1","variance_top2000",13.3549079316975,"Matrix-remodeling fibroblasts","K183156","Keloid"
"K183156_CELL14109_N1","variance_top2000",7.35258428718846,"Homeostatic/regulatory fibroblasts","K183156","Keloid"
"K183156_CELL14120_N1","variance_top2000",14.0936257504709,"ECM-producing fibroblasts","K183156","Keloid"
"K183156_CELL14220_N1","variance_top2000",11.7778660986366,"Matrix-remodeling fibroblasts","K183156","Keloid"
"K183156_CELL14485_N1","variance_top2000",8.0922257736452,"Homeostatic/regulatory fibroblasts","K183156","Keloid"
"K183156_CELL14497_N1","variance_top2000",8.19015750634841,"Homeostatic/regulatory fibroblasts","K183156","Keloid"
"K183156_CELL14655_N1","variance_top2000",9.81527786118399,"Homeostatic/regulatory fibroblasts","K183156","Keloid"
"K183156_CELL14943_N1","variance_top2000",5.33501586335265,"Homeostatic/regulatory fibroblasts","K183156","Keloid"
"K183156_CELL15191_N1","variance_top2000",11.1855344111256,"ECM-producing fibroblasts","K183156","Keloid"
"K183156_CELL15238_N1","variance_top2000",10.1305412412361,"Homeostatic/regulatory fibroblasts","K183156","Keloid"
"K183156_CELL15254_N1","variance_top2000",8.41838967555159,"ECM-producing fibroblasts","K183156","Keloid"
"K183156_CELL15264_N1","variance_top2000",10.4542225605752,"ECM-producing fibroblasts","K183156","Keloid"
"K183156_CELL15274_N1","variance_top2000",7.79269867644655,"Homeostatic/regulatory fibroblasts","K183156","Keloid"
"K183156_CELL15399_N1","variance_top2000",14.0278196338796,"ECM-producing fibroblasts","K183156","Keloid"
"K183156_CELL15403_N1","variance_top2000",6.5149167057511,"Matrix-remodeling fibroblasts","K183156","Keloid"
"K183156_CELL16060_N1","variance_top2000",8.94632937128348,"ECM-producing fibroblasts","K183156","Keloid"
"K183156_CELL16096_N1","variance_top2000",12.2011107241018,"ECM-producing fibroblasts","K183156","Keloid"
"K183156_CELL16111_N1","variance_top2000",5.11748515467497,"Matrix-remodeling fibroblasts","K183156","Keloid"
"K183156_CELL16229_N1","variance_top2000",14.4023498656731,"ECM-producing fibroblasts","K183156","Keloid"
"K183156_CELL16234_N1","variance_top2000",7.76851593757054,"Matrix-remodeling fibroblasts","K183156","Keloid"
"K183156_CELL16421_N1","variance_top2000",9.25783023422845,"ECM-producing fibroblasts","K183156","Keloid"
"K183156_CELL16445_N1","variance_top2000",5.16499116494901,"Matrix-remodeling fibroblasts","K183156","Keloid"
"K183156_CELL16653_N1","variance_top2000",9.92830004607634,"ECM-producing fibroblasts","K183156","Keloid"
"K183156_CELL16786_N1","variance_top2000",4.84800481648391,"ECM-producing fibroblasts","K183156","Keloid"
"K183156_CELL16808_N1","variance_top2000",13.9676379101882,"ECM-producing fibroblasts","K183156","Keloid"
"K183156_CELL16910_N1","variance_top2000",12.1144036171595,"ECM-producing fibroblasts","K183156","Keloid"
"K183156_CELL16917_N1","variance_top2000",12.503757448737,"Homeostatic/regulatory fibroblasts","K183156","Keloid"
"K183156_CELL16948_N1","variance_top2000",6.7727508077161,"Matrix-remodeling fibroblasts","K183156","Keloid"
"K183156_CELL17030_N1","variance_top2000",10.5000901395474,"ECM-producing fibroblasts","K183156","Keloid"
"K183156_CELL17401_N1","variance_top2000",9.37854692128847,"ECM-producing fibroblasts","K183156","Keloid"
"K183156_CELL17512_N1","variance_top2000",14.2715099664284,"ECM-producing fibroblasts","K183156","Keloid"
"K183156_CELL17642_N1","variance_top2000",7.02205928540065,"ECM-producing fibroblasts","K183156","Keloid"
"K183156_CELL17684_N1","variance_top2000",14.1285210797441,"ECM-producing fibroblasts","K183156","Keloid"
"K183156_CELL17722_N1","variance_top2000",10.564898703108,"ECM-producing fibroblasts","K183156","Keloid"
"K183156_CELL17734_N1","variance_top2000",10.1391004062403,"Matrix-remodeling fibroblasts","K183156","Keloid"
"K183156_CELL18630_N1","variance_top2000",14.1317024099407,"Homeostatic/regulatory fibroblasts","K183156","Keloid"
"K183156_CELL18657_N1","variance_top2000",4.53214221303682,"ECM-producing fibroblasts","K183156","Keloid"
"K183156_CELL18789_N1","variance_top2000",8.61217835798416,"ECM-producing fibroblasts","K183156","Keloid"
"K183156_CELL18792_N1","variance_top2000",13.9551513186788,"ECM-producing fibroblasts","K183156","Keloid"
"K183156_CELL18793_N1","variance_top2000",14.5137587500791,"ECM-producing fibroblasts","K183156","Keloid"
"K183156_CELL19813_N1","variance_top2000",10.0729061976321,"ECM-producing fibroblasts","K183156","Keloid"
"K183156_CELL19814_N1","variance_top2000",14.3154236069482,"ECM-producing fibroblasts","K183156","Keloid"
"K183156_CELL19878_N1","variance_top2000",14.0835580508943,"ECM-producing fibroblasts","K183156","Keloid"
"K183156_CELL20275_N1","variance_top2000",14.153267709949,"ECM-producing fibroblasts","K183156","Keloid"
"K183156_CELL20290_N1","variance_top2000",4.21816759330034,"Homeostatic/regulatory fibroblasts","K183156","Keloid"
"K183156_CELL20345_N1","variance_top2000",7.47923988179565,"Homeostatic/regulatory fibroblasts","K183156","Keloid"
"K183156_CELL20450_N1","variance_top2000",14.0915223592689,"ECM-producing fibroblasts","K183156","Keloid"
"K183156_CELL20562_N1","variance_top2000",10.1858830804804,"ECM-producing fibroblasts","K183156","Keloid"
"K183156_CELL20706_N1","variance_top2000",10.1519854400188,"ECM-producing fibroblasts","K183156","Keloid"
"K183156_CELL20789_N1","variance_top2000",10.5149584244565,"ECM-producing fibroblasts","K183156","Keloid"
"K183156_CELL20985_N1","variance_top2000",14.0393970637265,"Matrix-remodeling fibroblasts","K183156","Keloid"
"K183156_CELL21168_N1","variance_top2000",13.9881473968311,"Matrix-remodeling fibroblasts","K183156","Keloid"
"K183156_CELL21516_N1","variance_top2000",14.3118555117992,"Matrix-remodeling fibroblasts","K183156","Keloid"
"K183156_CELL21521_N1","variance_top2000",11.2439555509858,"Homeostatic/regulatory fibroblasts","K183156","Keloid"
"K183156_CELL21648_N1","variance_top2000",14.4834519038143,"ECM-producing fibroblasts","K183156","Keloid"
"K183156_CELL21667_N1","variance_top2000",13.1310863163349,"ECM-producing fibroblasts","K183156","Keloid"
"K183156_CELL21715_N1","variance_top2000",13.8861873891242,"Matrix-remodeling fibroblasts","K183156","Keloid"
"K183156_CELL21988_N1","variance_top2000",14.0154892435702,"ECM-producing fibroblasts","K183156","Keloid"
"K183156_CELL22021_N1","variance_top2000",8.57758878517724,"ECM-producing fibroblasts","K183156","Keloid"
"K183156_CELL22099_N1","variance_top2000",13.914480418547,"ECM-producing fibroblasts","K183156","Keloid"
"K183156_CELL22266_N1","variance_top2000",8.34022528924242,"ECM-producing fibroblasts","K183156","Keloid"
"K183156_CELL22495_N1","variance_top2000",14.0602883818834,"ECM-producing fibroblasts","K183156","Keloid"
"K183156_CELL22524_N1","variance_top2000",9.20279765847216,"Homeostatic/regulatory fibroblasts","K183156","Keloid"
"K183156_CELL22617_N1","variance_top2000",13.8885432518614,"Matrix-remodeling fibroblasts","K183156","Keloid"
"K183156_CELL22643_N1","variance_top2000",8.03833238674357,"Homeostatic/regulatory fibroblasts","K183156","Keloid"
"K183156_CELL22720_N1","variance_top2000",11.7715944253004,"Homeostatic/regulatory fibroblasts","K183156","Keloid"
"K183156_CELL23175_N1","variance_top2000",8.8332945116503,"ECM-producing fibroblasts","K183156","Keloid"
"K183156_CELL23273_N1","variance_top2000",6.93188953246029,"Homeostatic/regulatory fibroblasts","K183156","Keloid"
"K183156_CELL23386_N1","variance_top2000",14.3093688373279,"ECM-producing fibroblasts","K183156","Keloid"
"K183156_CELL23524_N1","variance_top2000",14.1451373358292,"ECM-producing fibroblasts","K183156","Keloid"
"K183156_CELL23808_N1","variance_top2000",8.48457718044782,"Matrix-remodeling fibroblasts","K183156","Keloid"
"K183156_CELL23876_N1","variance_top2000",14.2595066225021,"ECM-producing fibroblasts","K183156","Keloid"
"K183156_CELL24187_N1","variance_top2000",13.5416154811907,"Matrix-remodeling fibroblasts","K183156","Keloid"
"K183156_CELL24214_N1","variance_top2000",13.8510401769155,"Matrix-remodeling fibroblasts","K183156","Keloid"
"K183156_CELL24301_N1","variance_top2000",9.71556993872144,"Matrix-remodeling fibroblasts","K183156","Keloid"
"K183156_CELL24762_N1","variance_top2000",7.9390735148305,"Homeostatic/regulatory fibroblasts","K183156","Keloid"
"K183156_CELL24977_N1","variance_top2000",10.2293963113242,"ECM-producing fibroblasts","K183156","Keloid"
"K183156_CELL25010_N1","variance_top2000",8.7197075724343,"Matrix-remodeling fibroblasts","K183156","Keloid"
"K183156_CELL25144_N1","variance_top2000",10.2823827460237,"Matrix-remodeling fibroblasts","K183156","Keloid"
"K183156_CELL25363_N1","variance_top2000",14.170251144834,"Matrix-remodeling fibroblasts","K183156","Keloid"
"K183156_CELL25423_N1","variance_top2000",11.6672875818496,"Matrix-remodeling fibroblasts","K183156","Keloid"
"K183156_CELL25737_N1","variance_top2000",9.94879078909853,"Matrix-remodeling fibroblasts","K183156","Keloid"
"K183156_CELL26172_N1","variance_top2000",10.2007063502019,"ECM-producing fibroblasts","K183156","Keloid"
"K183156_CELL26269_N1","variance_top2000",14.1067757933326,"Homeostatic/regulatory fibroblasts","K183156","Keloid"
"K183156_CELL26381_N1","variance_top2000",4.15681460417303,"ECM-producing fibroblasts","K183156","Keloid"
"K183156_CELL26435_N1","variance_top2000",9.24510182173065,"Homeostatic/regulatory fibroblasts","K183156","Keloid"
"K183156_CELL26465_N1","variance_top2000",14.3012996005897,"ECM-producing fibroblasts","K183156","Keloid"
"K183156_CELL26500_N1","variance_top2000",13.8073994118894,"ECM-producing fibroblasts","K183156","Keloid"
"K183156_CELL26953_N1","variance_top2000",9.1006387791157,"ECM-producing fibroblasts","K183156","Keloid"
"K183156_CELL26993_N1","variance_top2000",0.0844601561718682,"Homeostatic/regulatory fibroblasts","K183156","Keloid"
"K183156_CELL27570_N1","variance_top2000",12.416275187097,"Matrix-remodeling fibroblasts","K183156","Keloid"
"K183156_CELL27743_N1","variance_top2000",14.0365390305028,"ECM-producing fibroblasts","K183156","Keloid"
"K183156_CELL27800_N1","variance_top2000",2.37833673193373,"Homeostatic/regulatory fibroblasts","K183156","Keloid"
"K183156_CELL27868_N1","variance_top2000",8.02648830884907,"Homeostatic/regulatory fibroblasts","K183156","Keloid"
"K183156_CELL27961_N1","variance_top2000",7.67217787069793,"Homeostatic/regulatory fibroblasts","K183156","Keloid"
"K183156_CELL28048_N1","variance_top2000",10.1818320887078,"Matrix-remodeling fibroblasts","K183156","Keloid"
"K183156_CELL28084_N1","variance_top2000",9.87951728071848,"ECM-producing fibroblasts","K183156","Keloid"
"K183156_CELL28271_N1","variance_top2000",14.2271890458975,"ECM-producing fibroblasts","K183156","Keloid"
"K183156_CELL28277_N1","variance_top2000",7.97194066914285,"Homeostatic/regulatory fibroblasts","K183156","Keloid"
"K183156_CELL28434_N1","variance_top2000",12.9726985748237,"Matrix-remodeling fibroblasts","K183156","Keloid"
"K183156_CELL28511_N1","variance_top2000",7.59872547220039,"Homeostatic/regulatory fibroblasts","K183156","Keloid"
"K183156_CELL28650_N1","variance_top2000",9.06648426531531,"ECM-producing fibroblasts","K183156","Keloid"
"K183156_CELL28725_N1","variance_top2000",9.02725990670659,"ECM-producing fibroblasts","K183156","Keloid"
"K183156_CELL28774_N1","variance_top2000",12.4541846150213,"ECM-producing fibroblasts","K183156","Keloid"
"K183156_CELL28889_N1","variance_top2000",3.84434783017035,"ECM-producing fibroblasts","K183156","Keloid"
"K183156_CELL29055_N1","variance_top2000",13.9180659193625,"Matrix-remodeling fibroblasts","K183156","Keloid"
"K183156_CELL29107_N1","variance_top2000",4.04528762118931,"Matrix-remodeling fibroblasts","K183156","Keloid"
"K183156_CELL29144_N1","variance_top2000",11.2567999067541,"ECM-producing fibroblasts","K183156","Keloid"
"K183156_CELL29247_N1","variance_top2000",5.04128269837843,"Homeostatic/regulatory fibroblasts","K183156","Keloid"
"K183156_CELL29350_N1","variance_top2000",10.1023365044922,"ECM-producing fibroblasts","K183156","Keloid"
"K183156_CELL29405_N1","variance_top2000",14.1703163482751,"Homeostatic/regulatory fibroblasts","K183156","Keloid"
"K183156_CELL29464_N1","variance_top2000",9.02892782629557,"Homeostatic/regulatory fibroblasts","K183156","Keloid"
"K183156_CELL29671_N1","variance_top2000",13.3135592208217,"Matrix-remodeling fibroblasts","K183156","Keloid"
"K183156_CELL29753_N1","variance_top2000",11.9966866030394,"Matrix-remodeling fibroblasts","K183156","Keloid"
"K183156_CELL29916_N1","variance_top2000",7.11535815023893,"Matrix-remodeling fibroblasts","K183156","Keloid"
"K183156_CELL29934_N1","variance_top2000",10.3204564557388,"ECM-producing fibroblasts","K183156","Keloid"
"K183156_CELL30145_N1","variance_top2000",8.66790013930519,"Matrix-remodeling fibroblasts","K183156","Keloid"
"K183156_CELL30180_N1","variance_top2000",10.3461740751844,"Matrix-remodeling fibroblasts","K183156","Keloid"
"K183156_CELL31044_N1","variance_top2000",9.30361128070761,"Homeostatic/regulatory fibroblasts","K183156","Keloid"
"K183156_CELL31471_N1","variance_top2000",11.763612472867,"Matrix-remodeling fibroblasts","K183156","Keloid"
"K183156_CELL31584_N1","variance_top2000",14.2533124385774,"Matrix-remodeling fibroblasts","K183156","Keloid"
"K183156_CELL31596_N1","variance_top2000",14.1853835027136,"Matrix-remodeling fibroblasts","K183156","Keloid"
"K183156_CELL31644_N1","variance_top2000",13.3947370940424,"ECM-producing fibroblasts","K183156","Keloid"
"K183156_CELL31729_N1","variance_top2000",10.1015297868347,"ECM-producing fibroblasts","K183156","Keloid"
"K183156_CELL31924_N1","variance_top2000",4.05067970655436,"Homeostatic/regulatory fibroblasts","K183156","Keloid"
"K183156_CELL32069_N1","variance_top2000",11.3311563621261,"Matrix-remodeling fibroblasts","K183156","Keloid"
"K183156_CELL32181_N1","variance_top2000",13.8643017633008,"Homeostatic/regulatory fibroblasts","K183156","Keloid"
"K183156_CELL32209_N1","variance_top2000",10.2958824683474,"ECM-producing fibroblasts","K183156","Keloid"
"K183261_CELL782_N3","variance_top2000",4.06543079089627,"Homeostatic/regulatory fibroblasts","K183261","Keloid"
"K183261_CELL831_N2","variance_top2000",5.86170554830222,"Homeostatic/regulatory fibroblasts","K183261","Keloid"
"K183261_CELL1053_N6","variance_top2000",10.7430395161266,"ECM-producing fibroblasts","K183261","Keloid"
"K183261_CELL1385_N2","variance_top2000",1.6472258506918,"Homeostatic/regulatory fibroblasts","K183261","Keloid"
"K183261_CELL1474_N3","variance_top2000",10.2970156511395,"Homeostatic/regulatory fibroblasts","K183261","Keloid"
"K183261_CELL1794_N4","variance_top2000",10.0320226007812,"ECM-producing fibroblasts","K183261","Keloid"
"K183261_CELL1909_N4","variance_top2000",9.44336361401433,"Homeostatic/regulatory fibroblasts","K183261","Keloid"
"K183261_CELL1937_N4","variance_top2000",10.1965885641701,"Homeostatic/regulatory fibroblasts","K183261","Keloid"
"K183261_CELL2058_N2","variance_top2000",7.77955551788528,"ECM-producing fibroblasts","K183261","Keloid"
"K183261_CELL2230_N5","variance_top2000",5.04532266082225,"ECM-producing fibroblasts","K183261","Keloid"
"K183261_CELL2234_N4","variance_top2000",0.274885315316034,"Homeostatic/regulatory fibroblasts","K183261","Keloid"
"K183261_CELL2264_N3","variance_top2000",13.9835342740314,"ECM-producing fibroblasts","K183261","Keloid"
"K183261_CELL2301_N2","variance_top2000",7.76894310995966,"Matrix-remodeling fibroblasts","K183261","Keloid"
"K183261_CELL3150_N2","variance_top2000",4.08438722251112,"ECM-producing fibroblasts","K183261","Keloid"
"K183261_CELL3380_N4","variance_top2000",4.84812620073841,"Homeostatic/regulatory fibroblasts","K183261","Keloid"
"K183261_CELL3662_N6","variance_top2000",3.93119474735726,"Homeostatic/regulatory fibroblasts","K183261","Keloid"
"K183261_CELL3774_N3","variance_top2000",10.7101774656928,"Matrix-remodeling fibroblasts","K183261","Keloid"
"K183261_CELL4138_N3","variance_top2000",10.7812663410733,"ECM-producing fibroblasts","K183261","Keloid"
"K183261_CELL4247_N4","variance_top2000",7.44811377306755,"Homeostatic/regulatory fibroblasts","K183261","Keloid"
"K183261_CELL4530_N7","variance_top2000",14.1484663435603,"ECM-producing fibroblasts","K183261","Keloid"
"K183261_CELL4642_N3","variance_top2000",10.0728289830373,"ECM-producing fibroblasts","K183261","Keloid"
"K183261_CELL4741_N3","variance_top2000",11.5470092100454,"Homeostatic/regulatory fibroblasts","K183261","Keloid"
"K183261_CELL5112_N2","variance_top2000",7.90837400255128,"Homeostatic/regulatory fibroblasts","K183261","Keloid"
"K183261_CELL5265_N2","variance_top2000",9.90476338196495,"Homeostatic/regulatory fibroblasts","K183261","Keloid"
"K183261_CELL5296_N2","variance_top2000",11.0746939749075,"Matrix-remodeling fibroblasts","K183261","Keloid"
"K183261_CELL6116_N2","variance_top2000",4.22537152903105,"Homeostatic/regulatory fibroblasts","K183261","Keloid"
"K183261_CELL6202_N3","variance_top2000",10.1617868189139,"ECM-producing fibroblasts","K183261","Keloid"
"K183261_CELL7358_N2","variance_top2000",4.09616993740276,"ECM-producing fibroblasts","K183261","Keloid"
"K183261_CELL7359_N1","variance_top2000",0.519580739237812,"Matrix-remodeling fibroblasts","K183261","Keloid"
"K183261_CELL8615_N4","variance_top2000",4.3295816416917,"Homeostatic/regulatory fibroblasts","K183261","Keloid"
"K183261_CELL9070_N3","variance_top2000",10.1438656541312,"ECM-producing fibroblasts","K183261","Keloid"
"K183261_CELL9269_N3","variance_top2000",9.1657980022253,"Matrix-remodeling fibroblasts","K183261","Keloid"
"K183261_CELL9511_N3","variance_top2000",13.0898671388507,"Matrix-remodeling fibroblasts","K183261","Keloid"
"K183261_CELL9537_N3","variance_top2000",7.89056605313044,"Homeostatic/regulatory fibroblasts","K183261","Keloid"
"K183261_CELL9555_N2","variance_top2000",3.68370995784909,"Homeostatic/regulatory fibroblasts","K183261","Keloid"
"K183261_CELL9812_N4","variance_top2000",5.61153924799404,"Homeostatic/regulatory fibroblasts","K183261","Keloid"
"K183261_CELL9904_N2","variance_top2000",0.638704116612488,"Homeostatic/regulatory fibroblasts","K183261","Keloid"
"K183261_CELL10261_N1","variance_top2000",10.0798589164976,"ECM-producing fibroblasts","K183261","Keloid"
"K183261_CELL12047_N1","variance_top2000",10.4988421365811,"ECM-producing fibroblasts","K183261","Keloid"
"K183261_CELL13785_N1","variance_top2000",5.34449642761119,"Homeostatic/regulatory fibroblasts","K183261","Keloid"
"K183261_CELL17149_N1","variance_top2000",10.4675069954391,"Matrix-remodeling fibroblasts","K183261","Keloid"
"K183261_CELL17959_N1","variance_top2000",10.8974040299993,"ECM-producing fibroblasts","K183261","Keloid"
"K183261_CELL19488_N1","variance_top2000",9.52369346196602,"Homeostatic/regulatory fibroblasts","K183261","Keloid"
"K183261_CELL20828_N1","variance_top2000",7.47355524329954,"ECM-producing fibroblasts","K183261","Keloid"
"K183261_CELL26267_N1","variance_top2000",1.04946701477069,"Homeostatic/regulatory fibroblasts","K183261","Keloid"
"K183261_CELL30227_N1","variance_top2000",9.17084004899398,"ECM-producing fibroblasts","K183261","Keloid"
"K183261_CELL34896_N1","variance_top2000",7.67124794355302,"Homeostatic/regulatory fibroblasts","K183261","Keloid"
"K183261_CELL36106_N1","variance_top2000",7.22882352520974,"Homeostatic/regulatory fibroblasts","K183261","Keloid"
"K183261_CELL37268_N1","variance_top2000",10.9886879397834,"ECM-producing fibroblasts","K183261","Keloid"
"K712771_CELL329_N4","variance_top2000",13.9809178284389,"Matrix-remodeling fibroblasts","K712771","Keloid"
"K712771_CELL502_N3","variance_top2000",8.00131980198733,"Homeostatic/regulatory fibroblasts","K712771","Keloid"
"K712771_CELL710_N4","variance_top2000",6.41237592419178,"ECM-producing fibroblasts","K712771","Keloid"
"K712771_CELL834_N1","variance_top2000",0.927962144844927,"Matrix-remodeling fibroblasts","K712771","Keloid"
"K712771_CELL859_N6","variance_top2000",8.10659362149487,"Homeostatic/regulatory fibroblasts","K712771","Keloid"
"K712771_CELL1003_N2","variance_top2000",12.8471839276061,"ECM-producing fibroblasts","K712771","Keloid"
"K712771_CELL1279_N4","variance_top2000",13.8203493677889,"Matrix-remodeling fibroblasts","K712771","Keloid"
"K712771_CELL1351_N2","variance_top2000",13.5121343783205,"ECM-producing fibroblasts","K712771","Keloid"
"K712771_CELL1464_N4","variance_top2000",12.21830917705,"Homeostatic/regulatory fibroblasts","K712771","Keloid"
"K712771_CELL1603_N2","variance_top2000",8.19102697018837,"Homeostatic/regulatory fibroblasts","K712771","Keloid"
"K712771_CELL1806_N3","variance_top2000",5.13605783496809,"Matrix-remodeling fibroblasts","K712771","Keloid"
"K712771_CELL1977_N5","variance_top2000",14.1974672012101,"ECM-producing fibroblasts","K712771","Keloid"
"K712771_CELL1989_N4","variance_top2000",9.98490061321485,"ECM-producing fibroblasts","K712771","Keloid"
"K712771_CELL1996_N3","variance_top2000",6.67452721600182,"Homeostatic/regulatory fibroblasts","K712771","Keloid"
"K712771_CELL2224_N4","variance_top2000",13.2689664324991,"Homeostatic/regulatory fibroblasts","K712771","Keloid"
"K712771_CELL2493_N7","variance_top2000",14.1508588365798,"ECM-producing fibroblasts","K712771","Keloid"
"K712771_CELL2762_N5","variance_top2000",8.20670045807064,"Matrix-remodeling fibroblasts","K712771","Keloid"
"K712771_CELL3052_N3","variance_top2000",13.5690763452769,"Matrix-remodeling fibroblasts","K712771","Keloid"
"K712771_CELL3113_N2","variance_top2000",10.7157567229528,"Matrix-remodeling fibroblasts","K712771","Keloid"
"K712771_CELL3674_N3","variance_top2000",8.39541763141504,"Matrix-remodeling fibroblasts","K712771","Keloid"
"K712771_CELL4138_N2","variance_top2000",1.02035847864341,"Matrix-remodeling fibroblasts","K712771","Keloid"
"K712771_CELL4504_N2","variance_top2000",10.126389842273,"ECM-producing fibroblasts","K712771","Keloid"
"K712771_CELL5011_N4","variance_top2000",1.27602125417071,"Matrix-remodeling fibroblasts","K712771","Keloid"
"K712771_CELL5241_N2","variance_top2000",1.63865012894084,"Homeostatic/regulatory fibroblasts","K712771","Keloid"
"K712771_CELL5313_N2","variance_top2000",11.4925085361908,"Matrix-remodeling fibroblasts","K712771","Keloid"
"K712771_CELL5445_N4","variance_top2000",5.09164413760907,"Matrix-remodeling fibroblasts","K712771","Keloid"
"K712771_CELL5485_N1","variance_top2000",0.94015179947749,"Matrix-remodeling fibroblasts","K712771","Keloid"
"K712771_CELL5492_N2","variance_top2000",8.36673172899737,"Matrix-remodeling fibroblasts","K712771","Keloid"
"K712771_CELL5571_N3","variance_top2000",12.8771446281757,"ECM-producing fibroblasts","K712771","Keloid"
"K712771_CELL5672_N2","variance_top2000",14.1004888492814,"ECM-producing fibroblasts","K712771","Keloid"
"K712771_CELL5695_N3","variance_top2000",7.20627044105813,"ECM-producing fibroblasts","K712771","Keloid"
"K712771_CELL6146_N1","variance_top2000",1.43779691130473,"ECM-producing fibroblasts","K712771","Keloid"
"K712771_CELL6298_N2","variance_top2000",7.52872052324458,"Homeostatic/regulatory fibroblasts","K712771","Keloid"
"K712771_CELL6542_N3","variance_top2000",4.23846683323874,"ECM-producing fibroblasts","K712771","Keloid"
"K712771_CELL6576_N2","variance_top2000",8.07418665276544,"Homeostatic/regulatory fibroblasts","K712771","Keloid"
"K712771_CELL6579_N2","variance_top2000",10.0560303844675,"Matrix-remodeling fibroblasts","K712771","Keloid"
"K712771_CELL6732_N2","variance_top2000",14.2558086162847,"ECM-producing fibroblasts","K712771","Keloid"
"K712771_CELL6787_N2","variance_top2000",8.70713190198383,"ECM-producing fibroblasts","K712771","Keloid"
"K712771_CELL6857_N3","variance_top2000",14.2149942833129,"Matrix-remodeling fibroblasts","K712771","Keloid"
"K712771_CELL7321_N4","variance_top2000",3.37437887708928,"ECM-producing fibroblasts","K712771","Keloid"
"K712771_CELL7398_N2","variance_top2000",10.1829664226971,"Matrix-remodeling fibroblasts","K712771","Keloid"
"K712771_CELL7490_N2","variance_top2000",13.8437380791238,"ECM-producing fibroblasts","K712771","Keloid"
"K712771_CELL8181_N2","variance_top2000",7.65086281267668,"Matrix-remodeling fibroblasts","K712771","Keloid"
"K712771_CELL8397_N3","variance_top2000",6.67458451710627,"Matrix-remodeling fibroblasts","K712771","Keloid"
"K712771_CELL8809_N1","variance_top2000",6.70254890207747,"Matrix-remodeling fibroblasts","K712771","Keloid"
"K712771_CELL8906_N2","variance_top2000",14.3523445174254,"ECM-producing fibroblasts","K712771","Keloid"
"K712771_CELL8975_N2","variance_top2000",2.39418982376528,"Homeostatic/regulatory fibroblasts","K712771","Keloid"
"K712771_CELL9044_N2","variance_top2000",10.2942343585963,"Matrix-remodeling fibroblasts","K712771","Keloid"
"K712771_CELL9469_N1","variance_top2000",10.5531949183143,"Homeostatic/regulatory fibroblasts","K712771","Keloid"
"K712771_CELL9682_N5","variance_top2000",14.0890088418848,"ECM-producing fibroblasts","K712771","Keloid"
"K712771_CELL10156_N2","variance_top2000",8.10676471126508,"ECM-producing fibroblasts","K712771","Keloid"
"K712771_CELL10795_N1","variance_top2000",10.3969416684692,"Matrix-remodeling fibroblasts","K712771","Keloid"
"K712771_CELL11078_N2","variance_top2000",2.76806890466527,"Matrix-remodeling fibroblasts","K712771","Keloid"
"K712771_CELL11095_N3","variance_top2000",14.1624778624375,"ECM-producing fibroblasts","K712771","Keloid"
"K712771_CELL11452_N2","variance_top2000",13.9460393206917,"Matrix-remodeling fibroblasts","K712771","Keloid"
"K712771_CELL11479_N2","variance_top2000",11.0885190421029,"Matrix-remodeling fibroblasts","K712771","Keloid"
"K712771_CELL11481_N2","variance_top2000",4.01446570122709,"Matrix-remodeling fibroblasts","K712771","Keloid"
"K712771_CELL11522_N3","variance_top2000",11.396634717824,"Matrix-remodeling fibroblasts","K712771","Keloid"
"K712771_CELL11558_N3","variance_top2000",5.92048921681107,"Matrix-remodeling fibroblasts","K712771","Keloid"
"K712771_CELL11931_N2","variance_top2000",14.1033723936954,"ECM-producing fibroblasts","K712771","Keloid"
"K712771_CELL12144_N2","variance_top2000",14.0345969143528,"ECM-producing fibroblasts","K712771","Keloid"
"K712771_CELL12364_N3","variance_top2000",14.2626764460549,"Matrix-remodeling fibroblasts","K712771","Keloid"
"K712771_CELL12466_N1","variance_top2000",3.37587695680808,"Matrix-remodeling fibroblasts","K712771","Keloid"
"K712771_CELL12512_N1","variance_top2000",9.5930592434074,"Matrix-remodeling fibroblasts","K712771","Keloid"
"K712771_CELL12584_N2","variance_top2000",1.55757131580855,"Homeostatic/regulatory fibroblasts","K712771","Keloid"
"K712771_CELL12890_N2","variance_top2000",10.3655300875962,"Homeostatic/regulatory fibroblasts","K712771","Keloid"
"K712771_CELL13133_N1","variance_top2000",10.1345849905348,"Homeostatic/regulatory fibroblasts","K712771","Keloid"
"K712771_CELL13267_N1","variance_top2000",3.35993038307113,"Matrix-remodeling fibroblasts","K712771","Keloid"
"K712771_CELL13941_N1","variance_top2000",10.0090027780649,"Matrix-remodeling fibroblasts","K712771","Keloid"
"K712771_CELL14353_N1","variance_top2000",7.27672225063784,"Homeostatic/regulatory fibroblasts","K712771","Keloid"
"K712771_CELL15190_N1","variance_top2000",10.5267817423457,"Matrix-remodeling fibroblasts","K712771","Keloid"
"K712771_CELL15220_N1","variance_top2000",4.83227788738788,"Homeostatic/regulatory fibroblasts","K712771","Keloid"
"K712771_CELL16633_N1","variance_top2000",5.62291063689127,"ECM-producing fibroblasts","K712771","Keloid"
"K712771_CELL16714_N1","variance_top2000",8.36638319074506,"Matrix-remodeling fibroblasts","K712771","Keloid"
"K712771_CELL17064_N1","variance_top2000",8.96052025647481,"Matrix-remodeling fibroblasts","K712771","Keloid"
"K712771_CELL17104_N1","variance_top2000",10.05110406686,"ECM-producing fibroblasts","K712771","Keloid"
"K712771_CELL17382_N1","variance_top2000",10.9589583441566,"Matrix-remodeling fibroblasts","K712771","Keloid"
"K712771_CELL18078_N1","variance_top2000",9.20460056423133,"Matrix-remodeling fibroblasts","K712771","Keloid"
"K712771_CELL18219_N1","variance_top2000",13.918215281988,"ECM-producing fibroblasts","K712771","Keloid"
"K712771_CELL19019_N1","variance_top2000",8.67081209838907,"Matrix-remodeling fibroblasts","K712771","Keloid"
"K712771_CELL19429_N1","variance_top2000",4.76443543471409,"Homeostatic/regulatory fibroblasts","K712771","Keloid"
"K712771_CELL19483_N1","variance_top2000",13.0635087294746,"Matrix-remodeling fibroblasts","K712771","Keloid"
"K712771_CELL20341_N1","variance_top2000",11.4172103681384,"Matrix-remodeling fibroblasts","K712771","Keloid"
"K712771_CELL20624_N1","variance_top2000",4.54575185608274,"ECM-producing fibroblasts","K712771","Keloid"
"K712771_CELL20715_N1","variance_top2000",9.17479248083058,"ECM-producing fibroblasts","K712771","Keloid"
"K712771_CELL21116_N1","variance_top2000",14.0845632046261,"ECM-producing fibroblasts","K712771","Keloid"
"K712771_CELL21319_N1","variance_top2000",1.16036820205185,"Homeostatic/regulatory fibroblasts","K712771","Keloid"
"K712771_CELL21676_N1","variance_top2000",5.60486234531696,"Homeostatic/regulatory fibroblasts","K712771","Keloid"
"K712771_CELL21794_N1","variance_top2000",10.2056571987312,"ECM-producing fibroblasts","K712771","Keloid"
"K712771_CELL22525_N1","variance_top2000",6.95206664270814,"Matrix-remodeling fibroblasts","K712771","Keloid"
"K712771_CELL23153_N1","variance_top2000",8.34572024840145,"ECM-producing fibroblasts","K712771","Keloid"
"K712771_CELL23672_N1","variance_top2000",8.65738118642267,"Matrix-remodeling fibroblasts","K712771","Keloid"
"K712771_CELL23805_N1","variance_top2000",5.18273256167502,"Homeostatic/regulatory fibroblasts","K712771","Keloid"
"N176712_CELL1209_N3","variance_top2000",11.4560908357331,"Matrix-remodeling fibroblasts","N176712","Normal"
"N176712_CELL2777_N3","variance_top2000",1.12602252763713,"Homeostatic/regulatory fibroblasts","N176712","Normal"
"N176712_CELL3232_N2","variance_top2000",7.4035133965711,"Homeostatic/regulatory fibroblasts","N176712","Normal"
"N176712_CELL3900_N2","variance_top2000",8.96482330187259,"Homeostatic/regulatory fibroblasts","N176712","Normal"
"N176712_CELL4364_N2","variance_top2000",0.576035736068648,"Matrix-remodeling fibroblasts","N176712","Normal"
"N176712_CELL5248_N3","variance_top2000",7.19339147127604,"ECM-producing fibroblasts","N176712","Normal"
"N176712_CELL6455_N2","variance_top2000",9.02914040185265,"Homeostatic/regulatory fibroblasts","N176712","Normal"
"N176712_CELL6949_N3","variance_top2000",0.773056363226436,"Homeostatic/regulatory fibroblasts","N176712","Normal"
"N176712_CELL9310_N1","variance_top2000",7.93660134281139,"Homeostatic/regulatory fibroblasts","N176712","Normal"
"N176712_CELL14513_N1","variance_top2000",5.4581042131711,"Matrix-remodeling fibroblasts","N176712","Normal"
"N176712_CELL14881_N1","variance_top2000",0.795632120066533,"Matrix-remodeling fibroblasts","N176712","Normal"
"N177536_CELL99_N5","variance_top2000",9.83525541965345,"Homeostatic/regulatory fibroblasts","N177536","Normal"
"N177536_CELL467_N2","variance_top2000",4.09138673971023,"Homeostatic/regulatory fibroblasts","N177536","Normal"
"N177536_CELL641_N3","variance_top2000",8.57919951349133,"Homeostatic/regulatory fibroblasts","N177536","Normal"
"N177536_CELL1859_N3","variance_top2000",10.3907875284622,"Homeostatic/regulatory fibroblasts","N177536","Normal"
"N177536_CELL2671_N2","variance_top2000",1.10101281612429,"Homeostatic/regulatory fibroblasts","N177536","Normal"
"N177536_CELL3702_N2","variance_top2000",7.82687992580428,"Homeostatic/regulatory fibroblasts","N177536","Normal"
"N177536_CELL3817_N3","variance_top2000",0.529900827272233,"Homeostatic/regulatory fibroblasts","N177536","Normal"
"N177536_CELL4444_N3","variance_top2000",1.36065922444646,"Matrix-remodeling fibroblasts","N177536","Normal"
"N177536_CELL4931_N3","variance_top2000",0,"Homeostatic/regulatory fibroblasts","N177536","Normal"
"N177536_CELL5149_N2","variance_top2000",1.11776092643287,"Homeostatic/regulatory fibroblasts","N177536","Normal"
"N177536_CELL5420_N3","variance_top2000",7.50521806666348,"Homeostatic/regulatory fibroblasts","N177536","Normal"
"N177536_CELL5535_N2","variance_top2000",8.78488794448976,"Homeostatic/regulatory fibroblasts","N177536","Normal"
"N177536_CELL5547_N2","variance_top2000",8.20557346246028,"Homeostatic/regulatory fibroblasts","N177536","Normal"
"N177536_CELL6495_N2","variance_top2000",7.61071294186817,"Homeostatic/regulatory fibroblasts","N177536","Normal"
"N177536_CELL6881_N2","variance_top2000",7.86523778123712,"Homeostatic/regulatory fibroblasts","N177536","Normal"
"N177536_CELL8407_N2","variance_top2000",2.10622179342962,"Homeostatic/regulatory fibroblasts","N177536","Normal"
"N177536_CELL8499_N2","variance_top2000",7.8437807763811,"Homeostatic/regulatory fibroblasts","N177536","Normal"
"N177536_CELL8756_N3","variance_top2000",8.93494037947781,"Homeostatic/regulatory fibroblasts","N177536","Normal"
"N177536_CELL8831_N2","variance_top2000",4.31657260478432,"Homeostatic/regulatory fibroblasts","N177536","Normal"
"N177536_CELL9609_N2","variance_top2000",7.73576755061053,"Homeostatic/regulatory fibroblasts","N177536","Normal"
"N177536_CELL9771_N2","variance_top2000",8.97183321283654,"Homeostatic/regulatory fibroblasts","N177536","Normal"
"N177536_CELL9976_N2","variance_top2000",7.98878650116871,"Homeostatic/regulatory fibroblasts","N177536","Normal"
"N177536_CELL10205_N3","variance_top2000",1.20991838477222,"Homeostatic/regulatory fibroblasts","N177536","Normal"
"N177536_CELL10358_N2","variance_top2000",10.2066925975206,"Homeostatic/regulatory fibroblasts","N177536","Normal"
"N177536_CELL11050_N3","variance_top2000",2.8213873687264,"Matrix-remodeling fibroblasts","N177536","Normal"
"N177536_CELL11056_N2","variance_top2000",1.24953060072279,"ECM-producing fibroblasts","N177536","Normal"
"N177536_CELL11528_N3","variance_top2000",7.78007155777374,"Homeostatic/regulatory fibroblasts","N177536","Normal"
"N177536_CELL11941_N3","variance_top2000",7.6381431863773,"Homeostatic/regulatory fibroblasts","N177536","Normal"
"N177536_CELL13121_N1","variance_top2000",3.73421729489388,"Homeostatic/regulatory fibroblasts","N177536","Normal"
"N177536_CELL15883_N1","variance_top2000",2.39396272521822,"Matrix-remodeling fibroblasts","N177536","Normal"
"N177536_CELL16993_N1","variance_top2000",8.0371005682298,"ECM-producing fibroblasts","N177536","Normal"
"N177536_CELL17130_N1","variance_top2000",8.19826136809127,"Homeostatic/regulatory fibroblasts","N177536","Normal"
"N177536_CELL18616_N1","variance_top2000",10.7070459305314,"ECM-producing fibroblasts","N177536","Normal"
"N177536_CELL19214_N1","variance_top2000",7.67956251733638,"Homeostatic/regulatory fibroblasts","N177536","Normal"
"N177536_CELL19706_N1","variance_top2000",7.54442339757938,"Homeostatic/regulatory fibroblasts","N177536","Normal"
"N177536_CELL20358_N1","variance_top2000",1.30669390529386,"Matrix-remodeling fibroblasts","N177536","Normal"
"N177536_CELL22589_N1","variance_top2000",9.39645699722924,"Homeostatic/regulatory fibroblasts","N177536","Normal"
"N177536_CELL22836_N1","variance_top2000",8.00053517851885,"ECM-producing fibroblasts","N177536","Normal"
"N177536_CELL22977_N1","variance_top2000",1.07638861431311,"Matrix-remodeling fibroblasts","N177536","Normal"
"N177536_CELL23410_N1","variance_top2000",7.78598141589543,"Homeostatic/regulatory fibroblasts","N177536","Normal"
"N177536_CELL25842_N1","variance_top2000",11.4808723044305,"Matrix-remodeling fibroblasts","N177536","Normal"
"N177536_CELL26198_N1","variance_top2000",1.09427690316809,"Homeostatic/regulatory fibroblasts","N177536","Normal"
"N177536_CELL27559_N1","variance_top2000",10.1504203188804,"ECM-producing fibroblasts","N177536","Normal"
"N387690_CELL199_N3","variance_top2000",8.0275657578152,"ECM-producing fibroblasts","N387690","Normal"
"N387690_CELL228_N3","variance_top2000",7.78974357494361,"Homeostatic/regulatory fibroblasts","N387690","Normal"
"N387690_CELL241_N3","variance_top2000",7.74379775538917,"Homeostatic/regulatory fibroblasts","N387690","Normal"
"N387690_CELL304_N4","variance_top2000",3.37051083729851,"Homeostatic/regulatory fibroblasts","N387690","Normal"
"N387690_CELL318_N4","variance_top2000",8.41409720856706,"Homeostatic/regulatory fibroblasts","N387690","Normal"
"N387690_CELL357_N3","variance_top2000",8.2930450787873,"Homeostatic/regulatory fibroblasts","N387690","Normal"
"N387690_CELL370_N2","variance_top2000",7.67223928015882,"Homeostatic/regulatory fibroblasts","N387690","Normal"
"N387690_CELL477_N3","variance_top2000",8.03926736901553,"Homeostatic/regulatory fibroblasts","N387690","Normal"
"N387690_CELL532_N4","variance_top2000",7.66608268484308,"Homeostatic/regulatory fibroblasts","N387690","Normal"
"N387690_CELL573_N2","variance_top2000",8.0119585101939,"Homeostatic/regulatory fibroblasts","N387690","Normal"
"N387690_CELL669_N3","variance_top2000",7.64649937282369,"Homeostatic/regulatory fibroblasts","N387690","Normal"
"N387690_CELL780_N3","variance_top2000",7.76142506386862,"Homeostatic/regulatory fibroblasts","N387690","Normal"
"N387690_CELL787_N3","variance_top2000",7.85149600381219,"Homeostatic/regulatory fibroblasts","N387690","Normal"
"N387690_CELL811_N2","variance_top2000",8.17600857903882,"Homeostatic/regulatory fibroblasts","N387690","Normal"
"N387690_CELL939_N3","variance_top2000",8.00859677400419,"Homeostatic/regulatory fibroblasts","N387690","Normal"
"N387690_CELL1036_N1","variance_top2000",7.719030089831,"Homeostatic/regulatory fibroblasts","N387690","Normal"
"N387690_CELL1048_N2","variance_top2000",7.49551902719085,"Homeostatic/regulatory fibroblasts","N387690","Normal"
"N387690_CELL1082_N4","variance_top2000",1.62597180190256,"Homeostatic/regulatory fibroblasts","N387690","Normal"
"N387690_CELL1182_N2","variance_top2000",7.98330081505567,"Homeostatic/regulatory fibroblasts","N387690","Normal"
"N387690_CELL1198_N2","variance_top2000",7.88763223954193,"Homeostatic/regulatory fibroblasts","N387690","Normal"
"N387690_CELL1312_N2","variance_top2000",7.44757958176593,"Homeostatic/regulatory fibroblasts","N387690","Normal"
"N387690_CELL1336_N2","variance_top2000",7.6484804952894,"Homeostatic/regulatory fibroblasts","N387690","Normal"
"N387690_CELL1371_N2","variance_top2000",8.00073381890438,"Homeostatic/regulatory fibroblasts","N387690","Normal"
"N387690_CELL1400_N2","variance_top2000",4.26495823205913,"Homeostatic/regulatory fibroblasts","N387690","Normal"
"N387690_CELL1473_N3","variance_top2000",8.70765006347362,"Homeostatic/regulatory fibroblasts","N387690","Normal"
"N387690_CELL1541_N4","variance_top2000",7.89224562247313,"Homeostatic/regulatory fibroblasts","N387690","Normal"
"N387690_CELL1569_N3","variance_top2000",8.08336389950671,"Homeostatic/regulatory fibroblasts","N387690","Normal"
"N387690_CELL1703_N2","variance_top2000",7.52106507851075,"Homeostatic/regulatory fibroblasts","N387690","Normal"
"N387690_CELL1731_N3","variance_top2000",7.58121181535017,"ECM-producing fibroblasts","N387690","Normal"
"N387690_CELL1774_N3","variance_top2000",8.11097464140057,"Homeostatic/regulatory fibroblasts","N387690","Normal"
"N387690_CELL1787_N3","variance_top2000",7.82206859212852,"Homeostatic/regulatory fibroblasts","N387690","Normal"
"N387690_CELL1804_N4","variance_top2000",7.72689312937168,"ECM-producing fibroblasts","N387690","Normal"
"N387690_CELL1836_N3","variance_top2000",7.61919418574711,"Homeostatic/regulatory fibroblasts","N387690","Normal"
"N387690_CELL1898_N4","variance_top2000",7.84208874968779,"Homeostatic/regulatory fibroblasts","N387690","Normal"
"N387690_CELL2098_N2","variance_top2000",7.77657748157703,"Homeostatic/regulatory fibroblasts","N387690","Normal"
"N387690_CELL2153_N3","variance_top2000",0.702047636231093,"Homeostatic/regulatory fibroblasts","N387690","Normal"
"N387690_CELL2167_N2","variance_top2000",8.06282216981803,"ECM-producing fibroblasts","N387690","Normal"
"N387690_CELL2235_N5","variance_top2000",7.84861752234004,"Homeostatic/regulatory fibroblasts","N387690","Normal"
"N387690_CELL2287_N3","variance_top2000",7.37955719339278,"Homeostatic/regulatory fibroblasts","N387690","Normal"
"N387690_CELL2293_N4","variance_top2000",7.71651388898218,"Homeostatic/regulatory fibroblasts","N387690","Normal"
"N387690_CELL2307_N2","variance_top2000",7.57486727200934,"ECM-producing fibroblasts","N387690","Normal"
"N387690_CELL2367_N3","variance_top2000",7.80744152417275,"Homeostatic/regulatory fibroblasts","N387690","Normal"
"N387690_CELL2428_N2","variance_top2000",7.96012071309508,"ECM-producing fibroblasts","N387690","Normal"
"N387690_CELL2433_N2","variance_top2000",8.01962187248797,"Homeostatic/regulatory fibroblasts","N387690","Normal"
"N387690_CELL2521_N2","variance_top2000",7.94574231489117,"Homeostatic/regulatory fibroblasts","N387690","Normal"
"N387690_CELL2576_N3","variance_top2000",8.02419673654074,"Homeostatic/regulatory fibroblasts","N387690","Normal"
"N387690_CELL2590_N3","variance_top2000",7.6376061219804,"Homeostatic/regulatory fibroblasts","N387690","Normal"
"N387690_CELL2681_N2","variance_top2000",8.05357796151391,"Homeostatic/regulatory fibroblasts","N387690","Normal"
"N387690_CELL2703_N2","variance_top2000",7.97950485541726,"Homeostatic/regulatory fibroblasts","N387690","Normal"
"N387690_CELL2827_N2","variance_top2000",7.85129373249562,"Homeostatic/regulatory fibroblasts","N387690","Normal"
"N387690_CELL2934_N3","variance_top2000",7.83435192897595,"Homeostatic/regulatory fibroblasts","N387690","Normal"
"N387690_CELL2939_N3","variance_top2000",7.72324675543072,"Homeostatic/regulatory fibroblasts","N387690","Normal"
"N387690_CELL2976_N2","variance_top2000",7.63560026078025,"Homeostatic/regulatory fibroblasts","N387690","Normal"
"N387690_CELL3003_N3","variance_top2000",7.75198827246399,"Homeostatic/regulatory fibroblasts","N387690","Normal"
"N387690_CELL3134_N3","variance_top2000",1.20538725099784,"Homeostatic/regulatory fibroblasts","N387690","Normal"
"N387690_CELL3274_N3","variance_top2000",7.65838561756031,"ECM-producing fibroblasts","N387690","Normal"
"N387690_CELL3328_N2","variance_top2000",7.88103476071992,"ECM-producing fibroblasts","N387690","Normal"
"N387690_CELL3396_N3","variance_top2000",8.69472368708449,"Homeostatic/regulatory fibroblasts","N387690","Normal"
"N387690_CELL3416_N2","variance_top2000",8.06060303011019,"Homeostatic/regulatory fibroblasts","N387690","Normal"
"N387690_CELL3433_N4","variance_top2000",6.55772880553864,"Homeostatic/regulatory fibroblasts","N387690","Normal"
"N387690_CELL3453_N2","variance_top2000",8.13967102777822,"Homeostatic/regulatory fibroblasts","N387690","Normal"
"N387690_CELL3526_N5","variance_top2000",7.60384436316166,"Homeostatic/regulatory fibroblasts","N387690","Normal"
"N387690_CELL3575_N2","variance_top2000",8.10617470744096,"Homeostatic/regulatory fibroblasts","N387690","Normal"
"N387690_CELL3596_N2","variance_top2000",8.07133850867715,"Homeostatic/regulatory fibroblasts","N387690","Normal"
"N387690_CELL3604_N2","variance_top2000",7.35212962230978,"Homeostatic/regulatory fibroblasts","N387690","Normal"
"N387690_CELL3612_N4","variance_top2000",8.0123094680635,"Homeostatic/regulatory fibroblasts","N387690","Normal"
"N387690_CELL3631_N4","variance_top2000",7.96972210841464,"Homeostatic/regulatory fibroblasts","N387690","Normal"
"N387690_CELL3735_N3","variance_top2000",7.50896526369163,"Homeostatic/regulatory fibroblasts","N387690","Normal"
"N387690_CELL3873_N3","variance_top2000",7.79290275344455,"Homeostatic/regulatory fibroblasts","N387690","Normal"
"N387690_CELL3902_N2","variance_top2000",7.57862671524222,"Homeostatic/regulatory fibroblasts","N387690","Normal"
"N387690_CELL3923_N3","variance_top2000",7.65805703351087,"Homeostatic/regulatory fibroblasts","N387690","Normal"
"N387690_CELL4047_N4","variance_top2000",8.0175469200026,"Homeostatic/regulatory fibroblasts","N387690","Normal"
"N387690_CELL4183_N2","variance_top2000",8.57091062110226,"Homeostatic/regulatory fibroblasts","N387690","Normal"
"N387690_CELL4356_N4","variance_top2000",7.57759268997834,"Homeostatic/regulatory fibroblasts","N387690","Normal"
"N387690_CELL4456_N2","variance_top2000",7.65165822636296,"Homeostatic/regulatory fibroblasts","N387690","Normal"
"N387690_CELL4592_N7","variance_top2000",0.614006893836084,"Homeostatic/regulatory fibroblasts","N387690","Normal"
"N387690_CELL4736_N2","variance_top2000",7.86225317028529,"Homeostatic/regulatory fibroblasts","N387690","Normal"
"N387690_CELL4752_N3","variance_top2000",7.9064757177696,"ECM-producing fibroblasts","N387690","Normal"
"N387690_CELL4803_N3","variance_top2000",7.65315118851741,"Homeostatic/regulatory fibroblasts","N387690","Normal"
"N387690_CELL5015_N2","variance_top2000",7.88202900428998,"Homeostatic/regulatory fibroblasts","N387690","Normal"
"N387690_CELL5034_N5","variance_top2000",7.97062564417953,"Homeostatic/regulatory fibroblasts","N387690","Normal"
"N387690_CELL5095_N3","variance_top2000",7.69109439160215,"Homeostatic/regulatory fibroblasts","N387690","Normal"
"N387690_CELL5103_N4","variance_top2000",7.68324732431759,"Homeostatic/regulatory fibroblasts","N387690","Normal"
"N387690_CELL5147_N3","variance_top2000",7.80094558679782,"Homeostatic/regulatory fibroblasts","N387690","Normal"
"N387690_CELL5163_N3","variance_top2000",7.819342544649,"Homeostatic/regulatory fibroblasts","N387690","Normal"
"N387690_CELL5319_N3","variance_top2000",8.19960268919095,"Homeostatic/regulatory fibroblasts","N387690","Normal"
"N387690_CELL5347_N4","variance_top2000",7.5790766792727,"ECM-producing fibroblasts","N387690","Normal"
"N387690_CELL5652_N2","variance_top2000",7.64774967484282,"Homeostatic/regulatory fibroblasts","N387690","Normal"
"N387690_CELL5660_N3","variance_top2000",7.77013094389935,"Homeostatic/regulatory fibroblasts","N387690","Normal"
"N387690_CELL5689_N2","variance_top2000",7.76341361744153,"Homeostatic/regulatory fibroblasts","N387690","Normal"
"N387690_CELL5726_N2","variance_top2000",7.9136695448086,"Homeostatic/regulatory fibroblasts","N387690","Normal"
"N387690_CELL5772_N5","variance_top2000",7.88324271822748,"Homeostatic/regulatory fibroblasts","N387690","Normal"
"N387690_CELL6006_N2","variance_top2000",7.97389383016701,"Homeostatic/regulatory fibroblasts","N387690","Normal"
"N387690_CELL6059_N2","variance_top2000",7.83147467627772,"Homeostatic/regulatory fibroblasts","N387690","Normal"
"N387690_CELL6261_N3","variance_top2000",7.80875944517967,"Homeostatic/regulatory fibroblasts","N387690","Normal"
"N387690_CELL6304_N2","variance_top2000",8.03314966325806,"Homeostatic/regulatory fibroblasts","N387690","Normal"
"N387690_CELL6362_N2","variance_top2000",8.04758850170986,"Homeostatic/regulatory fibroblasts","N387690","Normal"
"N387690_CELL6518_N4","variance_top2000",7.86930104984082,"Homeostatic/regulatory fibroblasts","N387690","Normal"
"N387690_CELL6594_N2","variance_top2000",7.52865996632361,"Homeostatic/regulatory fibroblasts","N387690","Normal"
"N387690_CELL6668_N2","variance_top2000",7.88743819613118,"Homeostatic/regulatory fibroblasts","N387690","Normal"
"N387690_CELL6871_N2","variance_top2000",7.37806574227833,"Homeostatic/regulatory fibroblasts","N387690","Normal"
"N387690_CELL6935_N4","variance_top2000",7.8973131674806,"Homeostatic/regulatory fibroblasts","N387690","Normal"
"N387690_CELL6951_N3","variance_top2000",7.43238006336944,"Homeostatic/regulatory fibroblasts","N387690","Normal"
"N387690_CELL7016_N2","variance_top2000",7.66115042033318,"Homeostatic/regulatory fibroblasts","N387690","Normal"
"N387690_CELL7026_N2","variance_top2000",7.56199584705127,"Homeostatic/regulatory fibroblasts","N387690","Normal"
"N387690_CELL7096_N2","variance_top2000",7.56280046846772,"Homeostatic/regulatory fibroblasts","N387690","Normal"
"N387690_CELL7121_N2","variance_top2000",8.01692415821633,"Homeostatic/regulatory fibroblasts","N387690","Normal"
"N387690_CELL7143_N3","variance_top2000",7.28046725252731,"ECM-producing fibroblasts","N387690","Normal"
"N387690_CELL7176_N3","variance_top2000",8.15231503966286,"Homeostatic/regulatory fibroblasts","N387690","Normal"
"N387690_CELL7208_N2","variance_top2000",0.969693504935467,"Homeostatic/regulatory fibroblasts","N387690","Normal"
"N387690_CELL7473_N3","variance_top2000",7.95840925815966,"Homeostatic/regulatory fibroblasts","N387690","Normal"
"N387690_CELL7509_N2","variance_top2000",7.82060416522569,"ECM-producing fibroblasts","N387690","Normal"
"N387690_CELL7538_N2","variance_top2000",7.80393705582024,"Homeostatic/regulatory fibroblasts","N387690","Normal"
"N387690_CELL7573_N3","variance_top2000",7.99224001371698,"Homeostatic/regulatory fibroblasts","N387690","Normal"
"N387690_CELL7647_N3","variance_top2000",8.06231722865102,"Homeostatic/regulatory fibroblasts","N387690","Normal"
"N387690_CELL7825_N2","variance_top2000",7.76438056024525,"Homeostatic/regulatory fibroblasts","N387690","Normal"
"N387690_CELL7852_N2","variance_top2000",8.12070322288251,"Homeostatic/regulatory fibroblasts","N387690","Normal"
"N387690_CELL7902_N2","variance_top2000",7.79879452159142,"Homeostatic/regulatory fibroblasts","N387690","Normal"
"N387690_CELL7949_N2","variance_top2000",7.32658148439657,"Matrix-remodeling fibroblasts","N387690","Normal"
"N387690_CELL8052_N2","variance_top2000",0.126891386702527,"Matrix-remodeling fibroblasts","N387690","Normal"
"N387690_CELL8080_N2","variance_top2000",7.75895705288835,"Homeostatic/regulatory fibroblasts","N387690","Normal"
"N387690_CELL8105_N2","variance_top2000",7.6420422912526,"Homeostatic/regulatory fibroblasts","N387690","Normal"
"N387690_CELL8127_N2","variance_top2000",7.88057806293221,"Homeostatic/regulatory fibroblasts","N387690","Normal"
"N387690_CELL8151_N3","variance_top2000",7.58246535352913,"Homeostatic/regulatory fibroblasts","N387690","Normal"
"N387690_CELL8300_N2","variance_top2000",7.50827519288623,"Homeostatic/regulatory fibroblasts","N387690","Normal"
"N387690_CELL8314_N4","variance_top2000",7.97275528779416,"Homeostatic/regulatory fibroblasts","N387690","Normal"
"N387690_CELL8342_N2","variance_top2000",7.87806346327174,"Homeostatic/regulatory fibroblasts","N387690","Normal"
"N387690_CELL8351_N3","variance_top2000",7.22109422351163,"Homeostatic/regulatory fibroblasts","N387690","Normal"
"N387690_CELL8481_N2","variance_top2000",7.72392408255421,"Homeostatic/regulatory fibroblasts","N387690","Normal"
"N387690_CELL8510_N3","variance_top2000",0.25990930299995,"Homeostatic/regulatory fibroblasts","N387690","Normal"
"N387690_CELL8571_N2","variance_top2000",8.62522896749056,"Homeostatic/regulatory fibroblasts","N387690","Normal"
"N387690_CELL8611_N2","variance_top2000",7.86538067610417,"Homeostatic/regulatory fibroblasts","N387690","Normal"
"N387690_CELL8623_N3","variance_top2000",7.93857713947343,"Homeostatic/regulatory fibroblasts","N387690","Normal"
"N387690_CELL8670_N2","variance_top2000",2.48318079905902,"Homeostatic/regulatory fibroblasts","N387690","Normal"
"N387690_CELL8732_N3","variance_top2000",10.5312050535135,"Homeostatic/regulatory fibroblasts","N387690","Normal"
"N387690_CELL8763_N2","variance_top2000",4.2399858795577,"Homeostatic/regulatory fibroblasts","N387690","Normal"
"N387690_CELL8888_N2","variance_top2000",6.51712763739342,"Homeostatic/regulatory fibroblasts","N387690","Normal"
"N387690_CELL8943_N2","variance_top2000",7.7254949444612,"Homeostatic/regulatory fibroblasts","N387690","Normal"
"N387690_CELL9070_N2","variance_top2000",7.91876537907973,"Homeostatic/regulatory fibroblasts","N387690","Normal"
"N387690_CELL9385_N2","variance_top2000",7.98926873273429,"Homeostatic/regulatory fibroblasts","N387690","Normal"
"N387690_CELL9436_N2","variance_top2000",7.77948984975729,"Homeostatic/regulatory fibroblasts","N387690","Normal"
"N387690_CELL9517_N2","variance_top2000",7.66265181965816,"Homeostatic/regulatory fibroblasts","N387690","Normal"
"N387690_CELL9559_N2","variance_top2000",8.02254967471825,"Homeostatic/regulatory fibroblasts","N387690","Normal"
"N387690_CELL9812_N2","variance_top2000",7.89415756554751,"Homeostatic/regulatory fibroblasts","N387690","Normal"
"N387690_CELL9885_N3","variance_top2000",7.89038466887326,"Homeostatic/regulatory fibroblasts","N387690","Normal"
"N387690_CELL9890_N2","variance_top2000",7.92131578716685,"Homeostatic/regulatory fibroblasts","N387690","Normal"
"N387690_CELL10048_N4","variance_top2000",7.75509386879902,"Homeostatic/regulatory fibroblasts","N387690","Normal"
"N387690_CELL10058_N2","variance_top2000",7.74040825375018,"Homeostatic/regulatory fibroblasts","N387690","Normal"
"N387690_CELL10163_N3","variance_top2000",7.85017687178941,"Homeostatic/regulatory fibroblasts","N387690","Normal"
"N387690_CELL10200_N3","variance_top2000",7.62545831440966,"Homeostatic/regulatory fibroblasts","N387690","Normal"
"N387690_CELL10230_N3","variance_top2000",8.00406986583616,"Homeostatic/regulatory fibroblasts","N387690","Normal"
"N387690_CELL10274_N1","variance_top2000",6.92688855950816,"Matrix-remodeling fibroblasts","N387690","Normal"
"N387690_CELL10291_N2","variance_top2000",7.61815263653258,"Homeostatic/regulatory fibroblasts","N387690","Normal"
"N387690_CELL10744_N2","variance_top2000",7.96200870695242,"Homeostatic/regulatory fibroblasts","N387690","Normal"
"N387690_CELL10762_N2","variance_top2000",7.68543246429521,"Homeostatic/regulatory fibroblasts","N387690","Normal"
"N387690_CELL10781_N2","variance_top2000",7.72890132683665,"Homeostatic/regulatory fibroblasts","N387690","Normal"
"N387690_CELL10871_N3","variance_top2000",7.84986562234296,"Homeostatic/regulatory fibroblasts","N387690","Normal"
"N387690_CELL10951_N2","variance_top2000",7.67804691016795,"Homeostatic/regulatory fibroblasts","N387690","Normal"
"N387690_CELL10988_N2","variance_top2000",8.03860885622542,"Homeostatic/regulatory fibroblasts","N387690","Normal"
"N387690_CELL11123_N2","variance_top2000",8.24699612544856,"Homeostatic/regulatory fibroblasts","N387690","Normal"
"N387690_CELL11214_N2","variance_top2000",7.87006916436534,"Homeostatic/regulatory fibroblasts","N387690","Normal"
"N387690_CELL11231_N2","variance_top2000",7.63246097898267,"Homeostatic/regulatory fibroblasts","N387690","Normal"
"N387690_CELL11336_N3","variance_top2000",7.6615280884738,"Homeostatic/regulatory fibroblasts","N387690","Normal"
"N387690_CELL11516_N4","variance_top2000",7.70066565672751,"Homeostatic/regulatory fibroblasts","N387690","Normal"
"N387690_CELL11610_N2","variance_top2000",7.93525871887566,"Homeostatic/regulatory fibroblasts","N387690","Normal"
"N387690_CELL11624_N2","variance_top2000",7.73320253882259,"Homeostatic/regulatory fibroblasts","N387690","Normal"
"N387690_CELL11685_N2","variance_top2000",8.03904276131751,"ECM-producing fibroblasts","N387690","Normal"
"N387690_CELL11737_N2","variance_top2000",7.51693059172851,"Homeostatic/regulatory fibroblasts","N387690","Normal"
"N387690_CELL11864_N3","variance_top2000",7.55875493524917,"Homeostatic/regulatory fibroblasts","N387690","Normal"
"N387690_CELL12009_N2","variance_top2000",7.92442961687308,"Homeostatic/regulatory fibroblasts","N387690","Normal"
"N387690_CELL12013_N2","variance_top2000",7.71984262028567,"Homeostatic/regulatory fibroblasts","N387690","Normal"
"N387690_CELL12032_N2","variance_top2000",7.6837092813309,"Homeostatic/regulatory fibroblasts","N387690","Normal"
"N387690_CELL12180_N2","variance_top2000",0.724806771357988,"Matrix-remodeling fibroblasts","N387690","Normal"
"N387690_CELL12201_N3","variance_top2000",7.61571808675523,"Homeostatic/regulatory fibroblasts","N387690","Normal"
"N387690_CELL12225_N2","variance_top2000",8.12021189158132,"Homeostatic/regulatory fibroblasts","N387690","Normal"
"N387690_CELL12532_N2","variance_top2000",7.7930949591499,"Homeostatic/regulatory fibroblasts","N387690","Normal"
"N387690_CELL12554_N2","variance_top2000",8.08573426437323,"Homeostatic/regulatory fibroblasts","N387690","Normal"
"N387690_CELL12600_N2","variance_top2000",7.66259243251065,"Homeostatic/regulatory fibroblasts","N387690","Normal"
"N387690_CELL12652_N2","variance_top2000",3.50015188650816,"Homeostatic/regulatory fibroblasts","N387690","Normal"
"N387690_CELL12834_N2","variance_top2000",7.96711871569245,"Homeostatic/regulatory fibroblasts","N387690","Normal"
"N387690_CELL13111_N2","variance_top2000",7.89134403117704,"Homeostatic/regulatory fibroblasts","N387690","Normal"
"N387690_CELL13137_N2","variance_top2000",7.90143463901629,"Homeostatic/regulatory fibroblasts","N387690","Normal"
"N387690_CELL13168_N2","variance_top2000",7.67617209265185,"Homeostatic/regulatory fibroblasts","N387690","Normal"
"N387690_CELL13400_N1","variance_top2000",8.03722396519738,"ECM-producing fibroblasts","N387690","Normal"
"N387690_CELL13518_N1","variance_top2000",7.58784216747798,"Homeostatic/regulatory fibroblasts","N387690","Normal"
"N387690_CELL13708_N1","variance_top2000",3.81471058088914,"Homeostatic/regulatory fibroblasts","N387690","Normal"
"N387690_CELL13917_N1","variance_top2000",7.99539149802763,"Homeostatic/regulatory fibroblasts","N387690","Normal"
"N387690_CELL14005_N1","variance_top2000",7.69714449556636,"Homeostatic/regulatory fibroblasts","N387690","Normal"
"N387690_CELL14114_N1","variance_top2000",7.68406012727165,"Homeostatic/regulatory fibroblasts","N387690","Normal"
"N387690_CELL14242_N1","variance_top2000",8.09971490002459,"Homeostatic/regulatory fibroblasts","N387690","Normal"
"N387690_CELL14327_N1","variance_top2000",8.1468809121163,"Homeostatic/regulatory fibroblasts","N387690","Normal"
"N387690_CELL14331_N1","variance_top2000",7.54887015055944,"Homeostatic/regulatory fibroblasts","N387690","Normal"
"N387690_CELL14504_N1","variance_top2000",7.76949607859605,"Homeostatic/regulatory fibroblasts","N387690","Normal"
"N387690_CELL14520_N1","variance_top2000",8.09925297424422,"Homeostatic/regulatory fibroblasts","N387690","Normal"
"N387690_CELL14677_N1","variance_top2000",8.22791846647148,"Homeostatic/regulatory fibroblasts","N387690","Normal"
"N387690_CELL14707_N1","variance_top2000",8.18464345966549,"Homeostatic/regulatory fibroblasts","N387690","Normal"
"N387690_CELL14757_N1","variance_top2000",7.94201624377099,"Homeostatic/regulatory fibroblasts","N387690","Normal"
"N387690_CELL15052_N1","variance_top2000",8.06219034880603,"Homeostatic/regulatory fibroblasts","N387690","Normal"
"N387690_CELL15144_N1","variance_top2000",7.77360755749298,"Homeostatic/regulatory fibroblasts","N387690","Normal"
"N387690_CELL15190_N1","variance_top2000",7.47570076130892,"Homeostatic/regulatory fibroblasts","N387690","Normal"
"N387690_CELL15208_N1","variance_top2000",7.59149255013133,"Matrix-remodeling fibroblasts","N387690","Normal"
"N387690_CELL15284_N1","variance_top2000",7.52857642831484,"Homeostatic/regulatory fibroblasts","N387690","Normal"
"N387690_CELL15602_N1","variance_top2000",8.00329565570025,"Homeostatic/regulatory fibroblasts","N387690","Normal"
"N387690_CELL15676_N1","variance_top2000",7.78789039931052,"Homeostatic/regulatory fibroblasts","N387690","Normal"
"N387690_CELL15721_N1","variance_top2000",2.56273656495081,"Matrix-remodeling fibroblasts","N387690","Normal"
"N387690_CELL15777_N1","variance_top2000",7.53956219113222,"Homeostatic/regulatory fibroblasts","N387690","Normal"
"N387690_CELL15787_N1","variance_top2000",7.88134238032642,"Homeostatic/regulatory fibroblasts","N387690","Normal"
"N387690_CELL15796_N1","variance_top2000",7.93424565252006,"Homeostatic/regulatory fibroblasts","N387690","Normal"
"N387690_CELL15927_N1","variance_top2000",7.71552066929753,"Homeostatic/regulatory fibroblasts","N387690","Normal"
"N387690_CELL16076_N1","variance_top2000",8.15625706450794,"Homeostatic/regulatory fibroblasts","N387690","Normal"
"N387690_CELL16196_N1","variance_top2000",7.52123448482738,"ECM-producing fibroblasts","N387690","Normal"
"N387690_CELL16327_N1","variance_top2000",7.29362355045331,"Homeostatic/regulatory fibroblasts","N387690","Normal"
"N387690_CELL16328_N1","variance_top2000",0.338917842726771,"Homeostatic/regulatory fibroblasts","N387690","Normal"
"N387690_CELL16368_N1","variance_top2000",8.03884987475554,"Homeostatic/regulatory fibroblasts","N387690","Normal"
"N387690_CELL16444_N1","variance_top2000",7.40082716250583,"Homeostatic/regulatory fibroblasts","N387690","Normal"
"N387690_CELL16480_N1","variance_top2000",7.37130705061774,"Homeostatic/regulatory fibroblasts","N387690","Normal"
"N387690_CELL16661_N1","variance_top2000",7.47874801009865,"Homeostatic/regulatory fibroblasts","N387690","Normal"
"N387690_CELL16681_N1","variance_top2000",8.10090196672492,"Homeostatic/regulatory fibroblasts","N387690","Normal"
"N387690_CELL16825_N1","variance_top2000",7.52316644753871,"Homeostatic/regulatory fibroblasts","N387690","Normal"
"N387690_CELL16881_N1","variance_top2000",5.66758107162281,"ECM-producing fibroblasts","N387690","Normal"
"N387690_CELL17065_N1","variance_top2000",8.0647432624447,"Homeostatic/regulatory fibroblasts","N387690","Normal"
"N387690_CELL17160_N1","variance_top2000",8.28347426843861,"Homeostatic/regulatory fibroblasts","N387690","Normal"
"N387690_CELL17338_N1","variance_top2000",8.02318704266934,"Homeostatic/regulatory fibroblasts","N387690","Normal"
"N387690_CELL17356_N1","variance_top2000",8.0548570654001,"Homeostatic/regulatory fibroblasts","N387690","Normal"
"N387690_CELL17497_N1","variance_top2000",10.9039779688592,"Homeostatic/regulatory fibroblasts","N387690","Normal"
"N387690_CELL17766_N1","variance_top2000",8.12942117299718,"Homeostatic/regulatory fibroblasts","N387690","Normal"
"N387690_CELL17784_N1","variance_top2000",7.83548679761377,"Homeostatic/regulatory fibroblasts","N387690","Normal"
"N387690_CELL17808_N1","variance_top2000",7.47797949836448,"ECM-producing fibroblasts","N387690","Normal"
"N387690_CELL17887_N1","variance_top2000",7.73631863002538,"Homeostatic/regulatory fibroblasts","N387690","Normal"
"N387690_CELL18077_N1","variance_top2000",7.38769050376068,"Homeostatic/regulatory fibroblasts","N387690","Normal"
"N387690_CELL18532_N1","variance_top2000",8.08292568213586,"Homeostatic/regulatory fibroblasts","N387690","Normal"
"N387690_CELL18587_N1","variance_top2000",8.20682082933805,"Homeostatic/regulatory fibroblasts","N387690","Normal"
"N387690_CELL18607_N1","variance_top2000",8.0719638791815,"Homeostatic/regulatory fibroblasts","N387690","Normal"
"N387690_CELL18650_N1","variance_top2000",7.70434382428432,"Homeostatic/regulatory fibroblasts","N387690","Normal"
"N387690_CELL18876_N1","variance_top2000",7.48608512760866,"Homeostatic/regulatory fibroblasts","N387690","Normal"
"N387690_CELL18900_N1","variance_top2000",7.98851820959457,"Homeostatic/regulatory fibroblasts","N387690","Normal"
"N387690_CELL18905_N1","variance_top2000",8.25572238016818,"Homeostatic/regulatory fibroblasts","N387690","Normal"
"N387690_CELL18953_N1","variance_top2000",7.72697544487185,"Homeostatic/regulatory fibroblasts","N387690","Normal"
"N387690_CELL19154_N1","variance_top2000",8.10045515489253,"Homeostatic/regulatory fibroblasts","N387690","Normal"
"N387690_CELL19367_N1","variance_top2000",7.49295152069738,"Homeostatic/regulatory fibroblasts","N387690","Normal"
"N387690_CELL19370_N1","variance_top2000",7.63163303255538,"Homeostatic/regulatory fibroblasts","N387690","Normal"
"N387690_CELL19514_N1","variance_top2000",7.72374375578231,"Homeostatic/regulatory fibroblasts","N387690","Normal"
"N387690_CELL19986_N1","variance_top2000",0.469950081206053,"Homeostatic/regulatory fibroblasts","N387690","Normal"
"N387690_CELL20338_N1","variance_top2000",7.66525737114617,"Homeostatic/regulatory fibroblasts","N387690","Normal"
"N387690_CELL20382_N1","variance_top2000",0.460114743442362,"Homeostatic/regulatory fibroblasts","N387690","Normal"
"N387690_CELL20593_N1","variance_top2000",8.24936978895176,"ECM-producing fibroblasts","N387690","Normal"
"N387690_CELL20615_N1","variance_top2000",7.7668484439421,"Homeostatic/regulatory fibroblasts","N387690","Normal"
"N387690_CELL20716_N1","variance_top2000",7.74188385259512,"Homeostatic/regulatory fibroblasts","N387690","Normal"
"N387690_CELL20809_N1","variance_top2000",7.45593722803068,"Homeostatic/regulatory fibroblasts","N387690","Normal"
"N387690_CELL20890_N1","variance_top2000",7.8982622850895,"Homeostatic/regulatory fibroblasts","N387690","Normal"
"N387690_CELL20940_N1","variance_top2000",8.00744472307177,"Homeostatic/regulatory fibroblasts","N387690","Normal"
"N387690_CELL20959_N1","variance_top2000",8.03346299389301,"Homeostatic/regulatory fibroblasts","N387690","Normal"
"N387690_CELL21237_N1","variance_top2000",7.98865520574964,"Homeostatic/regulatory fibroblasts","N387690","Normal"
"N387690_CELL21242_N1","variance_top2000",7.89672814836729,"Homeostatic/regulatory fibroblasts","N387690","Normal"
"N387690_CELL21451_N1","variance_top2000",7.63642900113028,"Homeostatic/regulatory fibroblasts","N387690","Normal"
"N387690_CELL21567_N1","variance_top2000",8.02816186205537,"Homeostatic/regulatory fibroblasts","N387690","Normal"
"N387690_CELL21636_N1","variance_top2000",8.20726115743822,"Homeostatic/regulatory fibroblasts","N387690","Normal"
"N387690_CELL21668_N1","variance_top2000",7.92954647792769,"ECM-producing fibroblasts","N387690","Normal"
"N387690_CELL21788_N1","variance_top2000",8.13355804178233,"Homeostatic/regulatory fibroblasts","N387690","Normal"
"N387690_CELL22185_N1","variance_top2000",7.88215895946758,"Homeostatic/regulatory fibroblasts","N387690","Normal"
"N387690_CELL22358_N1","variance_top2000",7.81938786393736,"Homeostatic/regulatory fibroblasts","N387690","Normal"
"N387690_CELL22399_N1","variance_top2000",8.1760262797605,"Homeostatic/regulatory fibroblasts","N387690","Normal"
"N387690_CELL22433_N1","variance_top2000",7.78319510505269,"ECM-producing fibroblasts","N387690","Normal"
"N387690_CELL22642_N1","variance_top2000",8.16720934137644,"Homeostatic/regulatory fibroblasts","N387690","Normal"
"N387690_CELL22657_N1","variance_top2000",7.56723428325203,"Homeostatic/regulatory fibroblasts","N387690","Normal"
"N387690_CELL22759_N1","variance_top2000",8.20620810110115,"Homeostatic/regulatory fibroblasts","N387690","Normal"
"N387690_CELL22827_N1","variance_top2000",8.07834251007763,"ECM-producing fibroblasts","N387690","Normal"
"N387690_CELL22936_N1","variance_top2000",7.52028084548801,"Homeostatic/regulatory fibroblasts","N387690","Normal"
"N387690_CELL22944_N1","variance_top2000",7.58544055603013,"Homeostatic/regulatory fibroblasts","N387690","Normal"
"N387690_CELL23098_N1","variance_top2000",7.72946083326955,"Homeostatic/regulatory fibroblasts","N387690","Normal"
"N387690_CELL23353_N1","variance_top2000",7.86582301545166,"Homeostatic/regulatory fibroblasts","N387690","Normal"
"N387690_CELL23365_N1","variance_top2000",7.75556023611611,"Homeostatic/regulatory fibroblasts","N387690","Normal"
"N387690_CELL23371_N1","variance_top2000",7.64381627215331,"Homeostatic/regulatory fibroblasts","N387690","Normal"
"N387690_CELL23678_N1","variance_top2000",7.59999120637191,"Homeostatic/regulatory fibroblasts","N387690","Normal"
"N387690_CELL23683_N1","variance_top2000",7.87598632071632,"Homeostatic/regulatory fibroblasts","N387690","Normal"
"N387690_CELL23687_N1","variance_top2000",7.84667944381399,"Homeostatic/regulatory fibroblasts","N387690","Normal"
"N387690_CELL23969_N1","variance_top2000",8.22518641256288,"ECM-producing fibroblasts","N387690","Normal"
"N387690_CELL24223_N1","variance_top2000",8.18481410977106,"ECM-producing fibroblasts","N387690","Normal"
"N387690_CELL24463_N1","variance_top2000",2.92454030138607,"Homeostatic/regulatory fibroblasts","N387690","Normal"
"N387690_CELL24542_N1","variance_top2000",8.08384554416413,"Homeostatic/regulatory fibroblasts","N387690","Normal"
"N387690_CELL24571_N1","variance_top2000",7.54953804731249,"Homeostatic/regulatory fibroblasts","N387690","Normal"
"N387690_CELL24707_N1","variance_top2000",7.74454035373674,"Homeostatic/regulatory fibroblasts","N387690","Normal"
"N387690_CELL24811_N1","variance_top2000",7.75778353570625,"Homeostatic/regulatory fibroblasts","N387690","Normal"
"N387690_CELL24914_N1","variance_top2000",7.95769959791798,"Homeostatic/regulatory fibroblasts","N387690","Normal"
"N387690_CELL25178_N1","variance_top2000",7.48136465083243,"Homeostatic/regulatory fibroblasts","N387690","Normal"
"N387690_CELL25306_N1","variance_top2000",7.55684600469672,"Homeostatic/regulatory fibroblasts","N387690","Normal"
"N387690_CELL25358_N1","variance_top2000",7.59932654994919,"Homeostatic/regulatory fibroblasts","N387690","Normal"
"N387690_CELL25461_N1","variance_top2000",8.35313649316379,"Homeostatic/regulatory fibroblasts","N387690","Normal"
"N387690_CELL25723_N1","variance_top2000",7.84833287389551,"Homeostatic/regulatory fibroblasts","N387690","Normal"
"N387690_CELL25737_N1","variance_top2000",8.26190383684829,"Homeostatic/regulatory fibroblasts","N387690","Normal"
"N387690_CELL26286_N1","variance_top2000",7.85699104815462,"Homeostatic/regulatory fibroblasts","N387690","Normal"
"N387690_CELL26358_N1","variance_top2000",7.94893515102309,"Homeostatic/regulatory fibroblasts","N387690","Normal"
"N387690_CELL26373_N1","variance_top2000",7.8558797804437,"Homeostatic/regulatory fibroblasts","N387690","Normal"
"N387690_CELL26375_N1","variance_top2000",8.14010146530274,"Homeostatic/regulatory fibroblasts","N387690","Normal"
"N387690_CELL26376_N1","variance_top2000",0.347756568589401,"Homeostatic/regulatory fibroblasts","N387690","Normal"
"N387690_CELL27004_N1","variance_top2000",8.07579727145236,"Homeostatic/regulatory fibroblasts","N387690","Normal"
"N387690_CELL27171_N1","variance_top2000",7.98746823122891,"Homeostatic/regulatory fibroblasts","N387690","Normal"
"N387690_CELL27178_N1","variance_top2000",7.79771444880932,"Homeostatic/regulatory fibroblasts","N387690","Normal"
"N387690_CELL27194_N1","variance_top2000",9.53089219797455,"ECM-producing fibroblasts","N387690","Normal"
"N387690_CELL27266_N1","variance_top2000",7.9292058561758,"ECM-producing fibroblasts","N387690","Normal"
"N387690_CELL27307_N1","variance_top2000",7.98618721693777,"ECM-producing fibroblasts","N387690","Normal"
"N387690_CELL27560_N1","variance_top2000",3.8836390956869,"ECM-producing fibroblasts","N387690","Normal"
"N387690_CELL27569_N1","variance_top2000",7.06429317969585,"Homeostatic/regulatory fibroblasts","N387690","Normal"
"N387690_CELL27976_N1","variance_top2000",7.80675476249899,"Homeostatic/regulatory fibroblasts","N387690","Normal"
"N387690_CELL28594_N1","variance_top2000",5.66816581736007,"Homeostatic/regulatory fibroblasts","N387690","Normal"
