"cell","sample","condition","program","closest_vertex","homeostatic_score","clean_D1_score","clean_D2_score","old_pseudotime"
"K183156_CELL11_N5","K183156","Keloid","ECM-producing fibroblasts","Y_1",0,0.120236891526816,0.390605681812192,21.9053075087703
"K183156_CELL43_N2","K183156","Keloid","ECM-producing fibroblasts","Y_1",0.224030170588545,0.147783592040178,0.423710125564053,20.9010744280011
"K183156_CELL63_N3","K183156","Keloid","ECM-producing fibroblasts","Y_56",0,0.0409250674497382,0.423390151676255,20.08026066242
"K183156_CELL134_N2","K183156","Keloid","Matrix-remodeling fibroblasts","Y_39",0,0,0.316102554129917,13.4641732905075
"K183156_CELL147_N3","K183156","Keloid","ECM-producing fibroblasts","Y_56",0.0977772822679133,0.0663145454329021,0.463710159729821,20.220455164079
"K183156_CELL197_N3","K183156","Keloid","ECM-producing fibroblasts","Y_56",0,0.051338662810265,0.410864075991361,20.0231132429108
"K183156_CELL217_N3","K183156","Keloid","Homeostatic/regulatory fibroblasts","Y_114",0.752745735206869,0.589880462236897,0.177455387391059,0.0692007070414947
"K183156_CELL243_N4","K183156","Keloid","ECM-producing fibroblasts","Y_56",0.0870509101129351,0.0596762601452001,0.49153399263513,20.3298404500887
"K183156_CELL256_N5","K183156","Keloid","ECM-producing fibroblasts","Y_31",0.374907414948345,0.0854010450599967,0.360552689858439,16.8484785539895
"K183156_CELL258_N5","K183156","Keloid","Matrix-remodeling fibroblasts","Y_56",0.416085538372874,0.163416474853554,0.420825464711199,20.1512911703078
"K183156_CELL273_N2","K183156","Keloid","ECM-producing fibroblasts","Y_43",0.042256266845662,0.0835560360105939,0.465745499038904,17.7490526903791
"K183156_CELL281_N1","K183156","Keloid","ECM-producing fibroblasts","Y_56",0.489385331531355,0.0493395835664815,0.404026121646183,19.8063741440634
"K183156_CELL353_N3","K183156","Keloid","ECM-producing fibroblasts","Y_56",0,0.016946572546744,0.452144683327485,20.2041308296835
"K183156_CELL373_N3","K183156","Keloid","Matrix-remodeling fibroblasts","Y_56",0.470000929551422,0.105578900884266,0.42014421282837,20.2662194424814
"K183156_CELL433_N4","K183156","Keloid","ECM-producing fibroblasts","Y_56",0.0191845376438921,0.0717379427176695,0.516889401558223,20.5682384291951
"K183156_CELL466_N2","K183156","Keloid","Homeostatic/regulatory fibroblasts","Y_44",1.31296265427724,0.214712241987879,0.413387816310221,17.0601667660655
"K183156_CELL470_N2","K183156","Keloid","ECM-producing fibroblasts","Y_56",0,0.0821217005377542,0.420312541570486,19.8586426596874
"K183156_CELL473_N1","K183156","Keloid","Matrix-remodeling fibroblasts","Y_56",0.134886747420174,0.080509343456515,0.446812129308637,20.1247846473533
"K183156_CELL484_N2","K183156","Keloid","ECM-producing fibroblasts","Y_40",0,0.0194284394386591,0.389273152024331,15.100475029879
"K183156_CELL499_N3","K183156","Keloid","Matrix-remodeling fibroblasts","Y_56",0.318941953478779,0.0951952344556914,0.471262616845883,20.1676782177243
"K183156_CELL545_N2","K183156","Keloid","ECM-producing fibroblasts","Y_56",0.158869936383772,0.0325427125475684,0.504623323722712,20.5148668642486
"K183156_CELL561_N7","K183156","Keloid","Matrix-remodeling fibroblasts","Y_56",0.0860460342150661,0.0409743020071743,0.404421075967365,20.3726180016053
"K183156_CELL638_N2","K183156","Keloid","Homeostatic/regulatory fibroblasts","Y_15",0.402814308951663,0.209037558962628,0.395927886310655,17.4294719641692
"K183156_CELL644_N4","K183156","Keloid","ECM-producing fibroblasts","Y_56",0.127458372407313,0.0478985170551831,0.501106056688862,20.532456584642
"K183156_CELL654_N3","K183156","Keloid","ECM-producing fibroblasts","Y_56",0.0526928537931912,0.0747713062523551,0.432620781993542,20.0195654391516
"K183156_CELL673_N2","K183156","Keloid","ECM-producing fibroblasts","Y_56",0,0.0542040193034552,0.454746327182511,20.0778433371189
"K183156_CELL691_N4","K183156","Keloid","ECM-producing fibroblasts","Y_14",0,0.0563643271847142,0.389665838389474,16.1370492574598
"K183156_CELL708_N3","K183156","Keloid","ECM-producing fibroblasts","Y_56",0.0318245750508051,0.0835276529195136,0.419867207589505,20.1304858738827
"K183156_CELL755_N3","K183156","Keloid","ECM-producing fibroblasts","Y_56",0.0596106169498599,0.0480388911654022,0.49162554779462,20.3760848936563
"K183156_CELL762_N2","K183156","Keloid","Homeostatic/regulatory fibroblasts","Y_56",0.528980433700414,0.193751804558844,0.419007541565609,19.7359092311966
"K183156_CELL765_N2","K183156","Keloid","ECM-producing fibroblasts","Y_1",0,0.0565181653559462,0.264399399245674,21.7672682437106
"K183156_CELL793_N2","K183156","Keloid","ECM-producing fibroblasts","Y_56",0,0.0608417951676044,0.505657353040754,20.4654103047042
"K183156_CELL820_N3","K183156","Keloid","Matrix-remodeling fibroblasts","Y_61",0.465821465828641,0.0918866189815688,0.389622410993869,19.4808722448287
"K183156_CELL890_N3","K183156","Keloid","Matrix-remodeling fibroblasts","Y_11",0.0999597025827048,0.0197977944138905,0.41637455602198,19.1100015159174
"K183156_CELL928_N4","K183156","Keloid","ECM-producing fibroblasts","Y_40",0,0.0208026649002408,0.370771854061935,15.1158366938573
"K183156_CELL962_N3","K183156","Keloid","Matrix-remodeling fibroblasts","Y_56",0.380031073699315,0.0562637879066556,0.437201505432236,20.0427933338398
"K183156_CELL1019_N5","K183156","Keloid","ECM-producing fibroblasts","Y_56",0.0203506923783625,0.0535389023388106,0.484179543278547,20.3103282904936
"K183156_CELL1056_N3","K183156","Keloid","ECM-producing fibroblasts","Y_61",0,0.047221446430535,0.409063660853058,19.2815872475718
"K183156_CELL1080_N2","K183156","Keloid","Homeostatic/regulatory fibroblasts","Y_3",0.269830885164741,0.0814070066388198,0.401174734827876,18.4728028853383
"K183156_CELL1105_N3","K183156","Keloid","ECM-producing fibroblasts","Y_56",0.0799755124865006,0.0712102142882646,0.512622078124439,20.5852201643743
"K183156_CELL1129_N3","K183156","Keloid","Matrix-remodeling fibroblasts","Y_56",0.842505576043406,0.0998356396380359,0.433908719645027,19.9048528594638
"K183156_CELL1265_N5","K183156","Keloid","ECM-producing fibroblasts","Y_56",0.102070170037799,0.0906964801747171,0.452845966692772,20.0039292114908
"K183156_CELL1278_N2","K183156","Keloid","Matrix-remodeling fibroblasts","Y_56",0.295546752042796,0.0123040026273635,0.431026282439848,19.9476869695123
"K183156_CELL1314_N3","K183156","Keloid","Matrix-remodeling fibroblasts","Y_56",0.450092889695323,0.02027446034873,0.398995626246073,20.1145250402455
"K183156_CELL1374_N4","K183156","Keloid","ECM-producing fibroblasts","Y_1",0.103034064333612,0.120246755689395,0.354997582959916,22.6235628266543
"K183156_CELL1393_N6","K183156","Keloid","ECM-producing fibroblasts","Y_56",0.0772983179511157,0.0644210469163877,0.502067435262387,20.4456335732659
"K183156_CELL1402_N2","K183156","Keloid","ECM-producing fibroblasts","Y_56",0.0532463342420382,0.0190165479435851,0.446222537609206,20.1330879932663
"K183156_CELL1420_N2","K183156","Keloid","Homeostatic/regulatory fibroblasts","Y_10",0.352835819210486,0.165121977243954,0.41732708736679,17.1419751796197
"K183156_CELL1441_N5","K183156","Keloid","ECM-producing fibroblasts","Y_72",0.0819050382116755,0.119903987750853,0.418200511916083,16.4450787525376
"K183156_CELL1444_N2","K183156","Keloid","ECM-producing fibroblasts","Y_59",0.261004204177136,0.103006880938697,0.355945938091179,14.160106506314
"K183156_CELL1454_N2","K183156","Keloid","Homeostatic/regulatory fibroblasts","Y_114",0.908683735931252,0.897213417877839,0.162110850442059,0.361510540045999
"K183156_CELL1489_N5","K183156","Keloid","ECM-producing fibroblasts","Y_66",0.114413146457003,0.0767128691563233,0.29662604360503,10.8026042783062
"K183156_CELL1614_N2","K183156","Keloid","Matrix-remodeling fibroblasts","Y_56",0.501143081858802,0.129527280495675,0.441799117934397,20.0715018489784
"K183156_CELL1662_N2","K183156","Keloid","ECM-producing fibroblasts","Y_56",0,0.0451202038422437,0.405866056585447,20.1122013396867
"K183156_CELL1675_N4","K183156","Keloid","ECM-producing fibroblasts","Y_56",0.203367397854578,0.0597263490913071,0.502329632556779,20.4225577383047
"K183156_CELL1694_N3","K183156","Keloid","Homeostatic/regulatory fibroblasts","Y_1",0.797112507479926,0.140016874678702,0.286944936233471,20.5299840659912
"K183156_CELL1727_N2","K183156","Keloid","Matrix-remodeling fibroblasts","Y_56",0.268068722088612,0.0555295297001002,0.456454066894562,20.3365088196223
"K183156_CELL1729_N3","K183156","Keloid","ECM-producing fibroblasts","Y_1",0,0.0874411686950074,0.358887478182447,21.8253988127328
"K183156_CELL1811_N3","K183156","Keloid","ECM-producing fibroblasts","Y_56",0.0593538308864153,0.0831939875395138,0.465503191159862,20.1579901115216
"K183156_CELL1827_N2","K183156","Keloid","ECM-producing fibroblasts","Y_54",0,0.111681982750822,0.36034537407849,17.1382923252038
"K183156_CELL1828_N6","K183156","Keloid","ECM-producing fibroblasts","Y_56",0,0.0352705776556921,0.444816609831168,20.0702017141584
"K183156_CELL1884_N3","K183156","Keloid","ECM-producing fibroblasts","Y_56",0,0.0412962608446245,0.433469377450311,20.0792714727471
"K183156_CELL1943_N4","K183156","Keloid","ECM-producing fibroblasts","Y_56",0.256246554684721,0.0804873692322619,0.507703280811919,20.4687620788487
"K183156_CELL1957_N2","K183156","Keloid","Matrix-remodeling fibroblasts","Y_56",0.587687362441907,0.0859373814180205,0.453490800523919,20.2007926991801
"K183156_CELL1963_N3","K183156","Keloid","ECM-producing fibroblasts","Y_1",0.217321275228949,0.129547704185603,0.290087468161589,21.8439687313012
"K183156_CELL1973_N3","K183156","Keloid","Homeostatic/regulatory fibroblasts","Y_39",0.170906492506406,0.117039041854836,0.362596223874667,13.5615972788524
"K183156_CELL1979_N4","K183156","Keloid","Matrix-remodeling fibroblasts","Y_56",0.337678491235406,0.0430629914966951,0.408478875797371,20.0090019360074
"K183156_CELL2019_N4","K183156","Keloid","ECM-producing fibroblasts","Y_56",0.146266868256491,0.0951900573941095,0.494549139485073,20.2428103789953
"K183156_CELL2048_N3","K183156","Keloid","ECM-producing fibroblasts","Y_56",0.0802318816628754,0.0808751550021259,0.492397401716594,20.3286360028139
"K183156_CELL2078_N2","K183156","Keloid","ECM-producing fibroblasts","Y_68",0.349910927240016,0.115413409038096,0.43153500946855,19.7032708050042
"K183156_CELL2081_N2","K183156","Keloid","ECM-producing fibroblasts","Y_1",0.329184943875681,0.18621407856642,0.207174547846572,22.2574389916426
"K183156_CELL2091_N3","K183156","Keloid","ECM-producing fibroblasts","Y_8",0.0697691139049469,0.0587012629774262,0.368851374034131,18.0239507998803
"K183156_CELL2113_N3","K183156","Keloid","Matrix-remodeling fibroblasts","Y_56",0.666985705335674,0.0817418575527209,0.43035511356937,20.2780514537142
"K183156_CELL2138_N3","K183156","Keloid","ECM-producing fibroblasts","Y_22",0.123079783776546,0.0834476328906527,0.370837784603701,16.1218674025255
"K183156_CELL2159_N5","K183156","Keloid","ECM-producing fibroblasts","Y_56",0.075588032142677,0.0425093052150276,0.476212290010406,20.2234792272032
"K183156_CELL2178_N3","K183156","Keloid","Matrix-remodeling fibroblasts","Y_56",0.468801573946348,0.130931612763123,0.463362047596993,20.1163942323442
"K183156_CELL2231_N4","K183156","Keloid","Homeostatic/regulatory fibroblasts","Y_61",0.637040566256303,0.104228543135031,0.383942576314232,19.3713912411966
"K183156_CELL2242_N2","K183156","Keloid","ECM-producing fibroblasts","Y_56",0.0310504198243668,0.0401637536412111,0.489751385062167,20.3812339058733
"K183156_CELL2337_N3","K183156","Keloid","ECM-producing fibroblasts","Y_5",0,0.0578462834684949,0.386738588234737,18.2069263291156
"K183156_CELL2359_N3","K183156","Keloid","ECM-producing fibroblasts","Y_56",0.0779680096991836,0.0504503391503231,0.38682459266091,19.8365075339453
"K183156_CELL2371_N2","K183156","Keloid","ECM-producing fibroblasts","Y_56",0.142612520541677,0.100322082757301,0.471880856841319,20.1675520459803
"K183156_CELL2428_N2","K183156","Keloid","Matrix-remodeling fibroblasts","Y_56",0,0.0230442341373029,0.441783665722098,20.1775266030197
"K183156_CELL2433_N2","K183156","Keloid","Matrix-remodeling fibroblasts","Y_56",0.394266171710018,0.0383194652162215,0.397509458711658,19.8568044937363
"K183156_CELL2447_N3","K183156","Keloid","ECM-producing fibroblasts","Y_1",0,0.177956001743571,0.256498403781032,22.6970650037149
"K183156_CELL2454_N4","K183156","Keloid","Matrix-remodeling fibroblasts","Y_59",0.332785827114325,0.174724433027298,0.367824938944821,13.8583953611101
"K183156_CELL2473_N2","K183156","Keloid","ECM-producing fibroblasts","Y_1",0.065659666738791,0.137138998804609,0.351467982845403,21.9979608315344
"K183156_CELL2499_N3","K183156","Keloid","ECM-producing fibroblasts","Y_56",0,0.0280016435972477,0.429818855147479,19.9700782784426
"K183156_CELL2529_N3","K183156","Keloid","ECM-producing fibroblasts","Y_56",0.043823735641986,0.0840951962304498,0.423805228701951,19.9001556159166
"K183156_CELL2551_N2","K183156","Keloid","Homeostatic/regulatory fibroblasts","Y_114",1.09251674957685,0.777480218157713,0.190707218658133,0.411279578487972
"K183156_CELL2555_N3","K183156","Keloid","ECM-producing fibroblasts","Y_56",0.356138347334721,0.083398915939737,0.448618730931544,20.1048375037976
"K183156_CELL2620_N2","K183156","Keloid","ECM-producing fibroblasts","Y_56",0.156070034584149,0.0732167617375088,0.409567054399346,20.046878525328
"K183156_CELL2649_N3","K183156","Keloid","ECM-producing fibroblasts","Y_56",0,0.0425469315827594,0.462830942438701,20.2112008459274
"K183156_CELL2658_N3","K183156","Keloid","ECM-producing fibroblasts","Y_56",0.184028111938439,0.0486874979203307,0.455837561020833,20.253797816859
"K183156_CELL2748_N3","K183156","Keloid","ECM-producing fibroblasts","Y_56",0.127703211344571,0.0660899381397314,0.460707272258484,20.2460763236014
"K183156_CELL2769_N3","K183156","Keloid","ECM-producing fibroblasts","Y_1",0,0.093447046674456,0.313167461715777,20.3881329285383
"K183156_CELL2775_N2","K183156","Keloid","Matrix-remodeling fibroblasts","Y_73",0.564798191240779,0.453698586736323,0.368491094752792,13.02489731373
"K183156_CELL2778_N4","K183156","Keloid","Matrix-remodeling fibroblasts","Y_56",0.139210690622388,0.0690720081588993,0.383692787476544,19.9334922774613
"K183156_CELL2827_N2","K183156","Keloid","ECM-producing fibroblasts","Y_56",0.107117051846078,0.025504059963352,0.42077545765724,20.046506533768
"K183156_CELL2846_N2","K183156","Keloid","ECM-producing fibroblasts","Y_85",0,0,0.264674635971869,11.5161614023641
"K183156_CELL2938_N4","K183156","Keloid","ECM-producing fibroblasts","Y_51",0,0.0199667622175051,0.287226715806087,10.3501112964554
"K183156_CELL2945_N4","K183156","Keloid","Matrix-remodeling fibroblasts","Y_56",0.0858259190369128,0.0102173713139182,0.445191513847016,20.3579295817207
"K183156_CELL2946_N3","K183156","Keloid","ECM-producing fibroblasts","Y_1",0.131033974636269,0.122384494486622,0.309752341954002,22.3467587706428
"K183156_CELL2958_N2","K183156","Keloid","Matrix-remodeling fibroblasts","Y_71",0.552679896098854,0.28979502711641,0.314298425529409,11.8969158348482
"K183156_CELL2981_N2","K183156","Keloid","ECM-producing fibroblasts","Y_37",0.157081773065161,0.117832063484618,0.418915081571091,17.8136639611906
"K183156_CELL2982_N2","K183156","Keloid","Matrix-remodeling fibroblasts","Y_41",0.438669841748523,0.154532602953429,0.414628480747558,18.6578729366153
"K183156_CELL3016_N5","K183156","Keloid","ECM-producing fibroblasts","Y_56",0,0.0727119832977641,0.427927552016051,19.8728325625905
"K183156_CELL3046_N3","K183156","Keloid","ECM-producing fibroblasts","Y_41",0.222647235590134,0.070192560647422,0.393235253761813,18.6566119788239
"K183156_CELL3060_N2","K183156","Keloid","Matrix-remodeling fibroblasts","Y_56",0.428342881369292,0.169366142611383,0.451028678170392,19.9680836947272
"K183156_CELL3087_N5","K183156","Keloid","ECM-producing fibroblasts","Y_56",0.137720155045745,0.0655810262122597,0.40255973732974,19.9447809510938
"K183156_CELL3120_N2","K183156","Keloid","Matrix-remodeling fibroblasts","Y_61",0.175549164714872,0.0749363694709275,0.390403640752372,19.5426394707888
"K183156_CELL3150_N3","K183156","Keloid","Matrix-remodeling fibroblasts","Y_56",0.29907872216773,0.0973797053465066,0.432871949356929,20.1306043048041
"K183156_CELL3175_N3","K183156","Keloid","Matrix-remodeling fibroblasts","Y_56",0.172074069725603,0.0823890889718283,0.429037615213252,19.8327002623409
"K183156_CELL3188_N3","K183156","Keloid","Matrix-remodeling fibroblasts","Y_56",0.160445043584639,0.0640373527601805,0.425774165924423,20.0645933527596
"K183156_CELL3213_N3","K183156","Keloid","Homeostatic/regulatory fibroblasts","Y_44",0.288156393954764,0.218727553437485,0.404870087510805,16.8559935646263
"K183156_CELL3229_N6","K183156","Keloid","ECM-producing fibroblasts","Y_48",0,0.0604598694826812,0.313938257043115,14.4912472468043
"K183156_CELL3282_N3","K183156","Keloid","Homeostatic/regulatory fibroblasts","Y_14",0.764343555888131,0.0817573425425568,0.399508355994576,15.9843544539713
"K183156_CELL3331_N2","K183156","Keloid","ECM-producing fibroblasts","Y_2",0.182801134828513,0.119987140922259,0.370970265430945,15.678973152066
"K183156_CELL3334_N3","K183156","Keloid","ECM-producing fibroblasts","Y_1",0,0.0490545317767968,0.251017666425204,21.3036809669795
"K183156_CELL3366_N2","K183156","Keloid","Homeostatic/regulatory fibroblasts","Y_105",0,0.106752728732842,0.106402546466093,4.40077573745902
"K183156_CELL3417_N2","K183156","Keloid","ECM-producing fibroblasts","Y_1",0,0.152491698273222,0.324364259390785,21.2959069279093
"K183156_CELL3422_N3","K183156","Keloid","Matrix-remodeling fibroblasts","Y_25",0.27955666165852,0.0596201806023543,0.377737012196347,17.5462473400235
"K183156_CELL3434_N3","K183156","Keloid","ECM-producing fibroblasts","Y_56",0.0975499869805621,0.0931033585619418,0.51684737344773,20.4607336595898
"K183156_CELL3519_N5","K183156","Keloid","Homeostatic/regulatory fibroblasts","Y_10",0.780244719195535,0.0917996388997184,0.377610011479906,17.0122060079171
"K183156_CELL3538_N3","K183156","Keloid","Homeostatic/regulatory fibroblasts","Y_5",0.545005571092877,0.113327317795801,0.389504376130938,18.2027951334784
"K183156_CELL3547_N3","K183156","Keloid","Homeostatic/regulatory fibroblasts","Y_56",0.0410778915413846,0.0536362944422349,0.407336332986788,20.0107824153612
"K183156_CELL3560_N3","K183156","Keloid","ECM-producing fibroblasts","Y_56",0.0608018663349982,0.105010657794913,0.475910770559134,20.3155349335815
"K183156_CELL3568_N2","K183156","Keloid","Homeostatic/regulatory fibroblasts","Y_1",0.226251109404,0.0931189277909095,0.235682076128586,21.2026124911754
"K183156_CELL3584_N2","K183156","Keloid","Matrix-remodeling fibroblasts","Y_56",0.329425003409285,0.176144206429885,0.475254957295525,20.2006779239381
"K183156_CELL3589_N9","K183156","Keloid","ECM-producing fibroblasts","Y_56",0,0.0297331757727579,0.403359578845125,19.8778715712547
"K183156_CELL3599_N2","K183156","Keloid","ECM-producing fibroblasts","Y_56",0.187717276190186,0.0544075769377126,0.415948534792375,19.934849006611
"K183156_CELL3618_N2","K183156","Keloid","ECM-producing fibroblasts","Y_1",0,0.115583568633054,0.307747327439615,20.8568020229951
"K183156_CELL3629_N3","K183156","Keloid","Matrix-remodeling fibroblasts","Y_11",0.240546640141872,0.0286365047787943,0.363734288917306,19.2494333669912
"K183156_CELL3682_N6","K183156","Keloid","ECM-producing fibroblasts","Y_56",0.246904023442079,0.0512860860241604,0.440766724135267,20.1358904264956
"K183156_CELL3787_N2","K183156","Keloid","ECM-producing fibroblasts","Y_1",0,0.0729113008102571,0.202527275107416,21.8425299156953
"K183156_CELL3796_N4","K183156","Keloid","Homeostatic/regulatory fibroblasts","Y_56",0.42418426398537,0.101567073665591,0.420887820104707,19.7604034621656
"K183156_CELL3811_N2","K183156","Keloid","Matrix-remodeling fibroblasts","Y_56",0.655078618835661,0.126698345997073,0.411968412501391,19.830195631978
"K183156_CELL3836_N2","K183156","Keloid","Matrix-remodeling fibroblasts","Y_56",0.338835437552244,0.193087338782776,0.452834649462731,20.3490069335206
"K183156_CELL3983_N2","K183156","Keloid","ECM-producing fibroblasts","Y_1",0,0.08976053898983,0.384909945358213,21.599904874978
"K183156_CELL4036_N2","K183156","Keloid","ECM-producing fibroblasts","Y_8",0,0.0415758928551004,0.381607677936997,17.9779791973289
"K183156_CELL4044_N2","K183156","Keloid","Matrix-remodeling fibroblasts","Y_56",0.344617556572027,0.0659311171060165,0.423473770119057,20.1069598071486
"K183156_CELL4087_N4","K183156","Keloid","ECM-producing fibroblasts","Y_56",0.121947660769261,0.0273315054443183,0.488804491074261,20.400886759463
"K183156_CELL4095_N2","K183156","Keloid","Homeostatic/regulatory fibroblasts","Y_65",0.295379646180249,0.0291614268072251,0.402357251674632,17.7630976676415
"K183156_CELL4111_N2","K183156","Keloid","Matrix-remodeling fibroblasts","Y_74",0,0.0368631849654436,0.247792969033971,10.5024442971674
"K183156_CELL4181_N4","K183156","Keloid","ECM-producing fibroblasts","Y_56",0,0.0439197088356452,0.426293965852041,19.9789787056887
"K183156_CELL4245_N2","K183156","Keloid","ECM-producing fibroblasts","Y_56",0.343367702899769,0.102296127143899,0.395244993214647,20.0026663273062
"K183156_CELL4250_N2","K183156","Keloid","ECM-producing fibroblasts","Y_1",0,0.147748472343113,0.258825734476787,22.2571256593784
"K183156_CELL4256_N3","K183156","Keloid","Matrix-remodeling fibroblasts","Y_21",0,0.0684825903466375,0.298076236102126,11.8745373870825
"K183156_CELL4302_N4","K183156","Keloid","ECM-producing fibroblasts","Y_1",0,0.154213995603563,0.272107148052364,21.3689664573967
"K183156_CELL4321_N3","K183156","Keloid","Matrix-remodeling fibroblasts","Y_56",0.371017722382318,0.194857112733518,0.440707311473138,19.9402588864453
"K183156_CELL4352_N2","K183156","Keloid","Matrix-remodeling fibroblasts","Y_56",0.444201549938889,0.0617762174977182,0.404316855373784,19.9436607407228
"K183156_CELL4353_N3","K183156","Keloid","Matrix-remodeling fibroblasts","Y_56",0.283957208795298,0.0923919993269168,0.480604295168856,20.2449262690795
"K183156_CELL4414_N2","K183156","Keloid","Homeostatic/regulatory fibroblasts","Y_94",0.921205360344471,0.232349911048748,0.214687463160639,6.76401727664826
"K183156_CELL4417_N4","K183156","Keloid","Matrix-remodeling fibroblasts","Y_53",0.238906898524523,0.138953445958829,0.317943776280807,12.8581668471321
"K183156_CELL4525_N2","K183156","Keloid","ECM-producing fibroblasts","Y_29",0.22353013787238,0.0969156591598057,0.410372792309769,19.0647604179729
"K183156_CELL4527_N2","K183156","Keloid","Matrix-remodeling fibroblasts","Y_56",0.482072944006886,0.0543298530142577,0.453737111566059,20.1501020100093
"K183156_CELL4530_N2","K183156","Keloid","ECM-producing fibroblasts","Y_1",0,0.197670592191688,0.284200820098152,20.9921546965082
"K183156_CELL4548_N2","K183156","Keloid","ECM-producing fibroblasts","Y_56",0.182965516474386,0.102713009217264,0.461038872532401,20.0770161886487
"K183156_CELL4592_N3","K183156","Keloid","ECM-producing fibroblasts","Y_1",0,0.100189085579676,0.352222790858282,22.195841505917
"K183156_CELL4602_N2","K183156","Keloid","ECM-producing fibroblasts","Y_56",0.0926536096873779,0.0330905748883493,0.420658425134161,19.895994987448
"K183156_CELL4661_N3","K183156","Keloid","ECM-producing fibroblasts","Y_56",0.28184986305247,0.0673511689927672,0.435493407806755,19.9666091608138
"K183156_CELL4664_N3","K183156","Keloid","Matrix-remodeling fibroblasts","Y_56",0.217983342313062,0.0654707546300355,0.401145992794906,20.009448684959
"K183156_CELL4670_N2","K183156","Keloid","Matrix-remodeling fibroblasts","Y_56",0.305935030790559,0.11484186663154,0.429958490106973,19.8918569268016
"K183156_CELL4716_N2","K183156","Keloid","ECM-producing fibroblasts","Y_28",0.310352887490254,0.0869841541511008,0.322249345682158,16.384168052434
"K183156_CELL4735_N2","K183156","Keloid","Homeostatic/regulatory fibroblasts","Y_56",0.0384796823036785,0.174242615401394,0.422777922318568,20.1368252480492
"K183156_CELL4737_N2","K183156","Keloid","ECM-producing fibroblasts","Y_26",0,0,0.304340399288872,15.1186565270278
"K183156_CELL4769_N2","K183156","Keloid","ECM-producing fibroblasts","Y_72",0,0,0.294751034271224,15.9377259192308
"K183156_CELL4774_N4","K183156","Keloid","ECM-producing fibroblasts","Y_33",0.275794509123256,0.0656653593150609,0.204128431018479,8.22729293610446
"K183156_CELL4785_N3","K183156","Keloid","ECM-producing fibroblasts","Y_56",0.0984630696755368,0.0497715923935399,0.445006692787819,20.0907520254148
"K183156_CELL4832_N2","K183156","Keloid","Matrix-remodeling fibroblasts","Y_8",0.717481379380031,0.0793949839415483,0.360280046984986,18.1250388274515
"K183156_CELL4864_N4","K183156","Keloid","ECM-producing fibroblasts","Y_56",0.070574394902563,0.0685014407832913,0.484322257416622,20.2752707279248
"K183156_CELL4890_N2","K183156","Keloid","Homeostatic/regulatory fibroblasts","Y_114",0.973339343562468,0.741920935202698,0.196726073239994,0.390977946372244
"K183156_CELL4903_N1","K183156","Keloid","ECM-producing fibroblasts","Y_56",0,0.0243183460242043,0.426455987524709,19.9259936147434
"K183156_CELL4906_N2","K183156","Keloid","ECM-producing fibroblasts","Y_40",0.332901594550605,0.0818664101381528,0.345193540035658,14.8493686939657
"K183156_CELL4926_N5","K183156","Keloid","ECM-producing fibroblasts","Y_47",0,0.0456681465764868,0.381751132181785,15.2603240485761
"K183156_CELL4970_N3","K183156","Keloid","ECM-producing fibroblasts","Y_56",0.0405197040276778,0.0917109533888735,0.506034136136676,20.4566190507622
"K183156_CELL5033_N2","K183156","Keloid","Homeostatic/regulatory fibroblasts","Y_68",0.342163917847006,0.173560271133854,0.45013462492224,19.7475421278582
"K183156_CELL5062_N2","K183156","Keloid","ECM-producing fibroblasts","Y_56",0.106436911458762,0.0859155981000032,0.46170369484481,20.1236583569215
"K183156_CELL5063_N3","K183156","Keloid","Matrix-remodeling fibroblasts","Y_56",0.430885057039898,0.0341293369325248,0.466966126151871,20.2647190727486
"K183156_CELL5156_N2","K183156","Keloid","ECM-producing fibroblasts","Y_56",0.0904464632918981,0.0901468272192934,0.43888199555926,20.0622777598993
"K183156_CELL5164_N2","K183156","Keloid","Matrix-remodeling fibroblasts","Y_27",0.299961469206587,0.064284236336303,0.347779357751293,13.9786813091522
"K183156_CELL5178_N2","K183156","Keloid","ECM-producing fibroblasts","Y_1",0.180724581749811,0.133545398643915,0.42155257416247,21.2147232108902
"K183156_CELL5230_N3","K183156","Keloid","ECM-producing fibroblasts","Y_43",0.339610810334105,0.0404298583731078,0.367551603603404,17.3280389984769
"K183156_CELL5234_N3","K183156","Keloid","Homeostatic/regulatory fibroblasts","Y_54",0.517712986929878,0.18645076473074,0.371965160841024,17.1768067699475
"K183156_CELL5237_N4","K183156","Keloid","ECM-producing fibroblasts","Y_56",0.0816607304632042,0.0623402530538584,0.448605170712183,20.0675348494474
"K183156_CELL5261_N4","K183156","Keloid","ECM-producing fibroblasts","Y_56",0.186228643709986,0.0782732347754568,0.426882527039897,19.8980409942112
"K183156_CELL5282_N4","K183156","Keloid","ECM-producing fibroblasts","Y_56",0,0.0397585385517896,0.44020661726746,20.1615136837239
"K183156_CELL5296_N5","K183156","Keloid","ECM-producing fibroblasts","Y_56",0,0.0622570334608026,0.460096876966061,20.2693403325895
"K183156_CELL5331_N2","K183156","Keloid","ECM-producing fibroblasts","Y_56",0.056004595926348,0.0949257967930202,0.407475766636723,19.753417477939
"K183156_CELL5391_N3","K183156","Keloid","ECM-producing fibroblasts","Y_56",0,0.0231875655228154,0.461256080717613,20.3359356962183
"K183156_CELL5395_N2","K183156","Keloid","Homeostatic/regulatory fibroblasts","Y_114",0.960986509983329,0.772277856040599,0.174428548587283,0.391184026686953
"K183156_CELL5401_N4","K183156","Keloid","ECM-producing fibroblasts","Y_74",0,0,0.286113213224268,10.8798959759645
"K183156_CELL5416_N2","K183156","Keloid","Matrix-remodeling fibroblasts","Y_56",0.32004333318093,0.114886418780781,0.456085636282378,20.3674167788199
"K183156_CELL5429_N3","K183156","Keloid","ECM-producing fibroblasts","Y_50",0,0.0771988375126003,0.315896266290422,18.3143294095685
"K183156_CELL5448_N5","K183156","Keloid","Matrix-remodeling fibroblasts","Y_56",0.309147416204723,0.0633626930937609,0.479052349943191,20.4457741316963
"K183156_CELL5527_N1","K183156","Keloid","ECM-producing fibroblasts","Y_66",0,0.0301500901884751,0.264823600267992,10.7983639435119
"K183156_CELL5538_N3","K183156","Keloid","ECM-producing fibroblasts","Y_56",0.11144358480382,0.0832742379128558,0.421968908206583,19.9150892403744
"K183156_CELL5560_N2","K183156","Keloid","Matrix-remodeling fibroblasts","Y_56",0.350664537501514,0.0845737368516077,0.426708539182871,20.0646420173935
"K183156_CELL5595_N2","K183156","Keloid","Matrix-remodeling fibroblasts","Y_56",0.194007274132368,0.12340813078307,0.481077880993084,20.0921395963936
"K183156_CELL5657_N3","K183156","Keloid","Matrix-remodeling fibroblasts","Y_56",0.614784712388518,0.111842013670431,0.443559025165507,20.0363459748021
"K183156_CELL5696_N2","K183156","Keloid","ECM-producing fibroblasts","Y_47",0,0.0258550540674325,0.358830525051765,15.1917890994575
"K183156_CELL5725_N2","K183156","Keloid","ECM-producing fibroblasts","Y_56",0.0411095443795509,0.0902491761912839,0.436267156610229,20.0140211858073
"K183156_CELL5765_N2","K183156","Keloid","ECM-producing fibroblasts","Y_56",0.149972888859648,0.0892695767021712,0.395502030733769,19.9136580230793
"K183156_CELL5796_N2","K183156","Keloid","ECM-producing fibroblasts","Y_56",0.301588241119112,0.0750682803914219,0.420379128678745,19.8415183189634
"K183156_CELL5802_N2","K183156","Keloid","ECM-producing fibroblasts","Y_56",0,0.0193041184027365,0.400274230722539,19.9790048803414
"K183156_CELL5859_N3","K183156","Keloid","Homeostatic/regulatory fibroblasts","Y_56",0,0.104505958633929,0.426285892047032,20.010095297523
"K183156_CELL5863_N2","K183156","Keloid","ECM-producing fibroblasts","Y_1",0,0.089013815110475,0.338882657854639,21.6363481951101
"K183156_CELL5864_N4","K183156","Keloid","Matrix-remodeling fibroblasts","Y_29",0.331426257586553,0.0919237432501292,0.399409289265991,18.8965601836933
"K183156_CELL5889_N3","K183156","Keloid","ECM-producing fibroblasts","Y_56",0.535217212079495,0.0867655840522264,0.425417954910561,19.8794050252698
"K183156_CELL5901_N2","K183156","Keloid","Matrix-remodeling fibroblasts","Y_8",0,0.179616228148752,0.386733878581804,18.0178131127538
"K183156_CELL5919_N2","K183156","Keloid","Homeostatic/regulatory fibroblasts","Y_56",0.161878309288286,0.19804310917036,0.373620094314142,20.071791466087
"K183156_CELL5921_N3","K183156","Keloid","Matrix-remodeling fibroblasts","Y_54",0.224968947812379,0.0803460527901352,0.370733189220566,17.0798703348091
"K183156_CELL5930_N3","K183156","Keloid","Homeostatic/regulatory fibroblasts","Y_1",0.137667534844853,0.319515570412188,0.198269814644334,22.1073791744356
"K183156_CELL6004_N1","K183156","Keloid","ECM-producing fibroblasts","Y_23",0.247273447698122,0.0716421911678023,0.352271825560358,15.9145893536354
"K183156_CELL6040_N2","K183156","Keloid","Matrix-remodeling fibroblasts","Y_56",0.289070533636995,0.0229479313373057,0.391195584030187,19.8489497394406
"K183156_CELL6049_N2","K183156","Keloid","ECM-producing fibroblasts","Y_26",0.153649129247748,0.0731662520227374,0.383237193657798,15.4538582850169
"K183156_CELL6069_N4","K183156","Keloid","ECM-producing fibroblasts","Y_56",0.0339512965558722,0.0771729617417485,0.489998925466748,20.4449426888924
"K183156_CELL6103_N3","K183156","Keloid","ECM-producing fibroblasts","Y_67",0,0.0633485112365114,0.2314327386291,7.76001232401522
"K183156_CELL6123_N3","K183156","Keloid","Homeostatic/regulatory fibroblasts","Y_114",0.696132048018133,0.774064211247227,0.195816957798987,0.505605989705708
"K183156_CELL6165_N3","K183156","Keloid","Homeostatic/regulatory fibroblasts","Y_114",0.935863707330253,0.74091618950893,0.143044137695071,0.32544677376608
"K183156_CELL6200_N3","K183156","Keloid","Matrix-remodeling fibroblasts","Y_56",0.319370827851303,0.0414868027385388,0.392256970776828,20.1277600439336
"K183156_CELL6202_N6","K183156","Keloid","Matrix-remodeling fibroblasts","Y_56",0.324564421936595,0.0570603476244777,0.465782754162279,20.2028511124358
"K183156_CELL6203_N4","K183156","Keloid","Homeostatic/regulatory fibroblasts","Y_8",0.333831288111352,0.119235247903432,0.384332767244768,18.1074247353322
"K183156_CELL6238_N2","K183156","Keloid","Matrix-remodeling fibroblasts","Y_120",0.388587403565828,0.454554312105631,0.288757289445377,8.41063000912171
"K183156_CELL6255_N3","K183156","Keloid","Matrix-remodeling fibroblasts","Y_56",0.664178118214537,0.0982296754557615,0.41344981572819,20.2582502867834
"K183156_CELL6300_N4","K183156","Keloid","ECM-producing fibroblasts","Y_11",0,0.0261512979240496,0.389018419426548,19.068640595147
"K183156_CELL6303_N2","K183156","Keloid","Homeostatic/regulatory fibroblasts","Y_114",1.04891517512144,0.561687359709042,0.165002927623345,0.431276528535351
"K183156_CELL6336_N2","K183156","Keloid","ECM-producing fibroblasts","Y_3",0.14211196366816,0.0536984273837524,0.367149758527984,18.6277512423617
"K183156_CELL6421_N1","K183156","Keloid","ECM-producing fibroblasts","Y_56",0.169796407017549,0.0891900820342864,0.46497966068368,20.2003994375363
"K183156_CELL6484_N5","K183156","Keloid","ECM-producing fibroblasts","Y_56",0.0329548177913853,0.0387666106163357,0.409659797768028,19.9420283986501
"K183156_CELL6512_N3","K183156","Keloid","ECM-producing fibroblasts","Y_1",0,0.0550168315951056,0.367961877056583,21.5715004968251
"K183156_CELL6587_N3","K183156","Keloid","ECM-producing fibroblasts","Y_1",0.38477051781623,0.16038052205071,0.355235483375256,21.7579181711525
"K183156_CELL6598_N2","K183156","Keloid","Homeostatic/regulatory fibroblasts","Y_40",0.501949715051862,0.10015887358609,0.37334157741457,14.9010767146655
"K183156_CELL6632_N3","K183156","Keloid","ECM-producing fibroblasts","Y_56",0,0.0873973838650959,0.467597267493415,20.1583429020005
"K183156_CELL6661_N3","K183156","Keloid","ECM-producing fibroblasts","Y_41",0.211653175268872,0.0819669943103834,0.371694757914356,18.7832416059411
"K183156_CELL6708_N2","K183156","Keloid","Homeostatic/regulatory fibroblasts","Y_91",1.25766827261328,0.236658306384159,0.151595974058456,6.52727233833186
"K183156_CELL6743_N3","K183156","Keloid","Homeostatic/regulatory fibroblasts","Y_100",0.762621095729193,0.288107405875201,0.208426263290642,6.57655329453137
"K183156_CELL6793_N2","K183156","Keloid","ECM-producing fibroblasts","Y_1",0,0.0332409052313986,0.264183579672971,21.5798351543557
"K183156_CELL6846_N3","K183156","Keloid","Matrix-remodeling fibroblasts","Y_56",0.177365725041829,0.0724159549236724,0.416484997649516,20.0960592741843
"K183156_CELL6847_N2","K183156","Keloid","ECM-producing fibroblasts","Y_56",0,0.0131666709286127,0.448453750233162,20.1636017562264
"K183156_CELL6863_N2","K183156","Keloid","ECM-producing fibroblasts","Y_56",0,0.0340686330694092,0.422481825165658,19.970164667919
"K183156_CELL6864_N2","K183156","Keloid","ECM-producing fibroblasts","Y_1",0.197431682836928,0.115264456897068,0.318830386398175,22.1361691533893
"K183156_CELL6877_N2","K183156","Keloid","Homeostatic/regulatory fibroblasts","Y_39",1.1445997300103,0.170784754373926,0.310318694916681,13.4271998684453
"K183156_CELL6880_N3","K183156","Keloid","ECM-producing fibroblasts","Y_56",0,0.116571376127845,0.474947400829974,20.308268481216
"K183156_CELL6895_N3","K183156","Keloid","ECM-producing fibroblasts","Y_56",0.127897074389179,0.0568811418854314,0.403165438355374,20.1323559608307
"K183156_CELL6901_N2","K183156","Keloid","ECM-producing fibroblasts","Y_56",0.137374504917573,0.0641934933795132,0.526990096703164,20.5615256367359
"K183156_CELL6934_N3","K183156","Keloid","ECM-producing fibroblasts","Y_69",0,0.0362458786876214,0.251123066628061,19.6752498960832
"K183156_CELL6963_N2","K183156","Keloid","Matrix-remodeling fibroblasts","Y_56",0.229500387129208,0.117283155796164,0.449995904732107,20.1784743314282
"K183156_CELL7069_N2","K183156","Keloid","Homeostatic/regulatory fibroblasts","Y_56",0.237657941713809,0.103959403839713,0.398309810812112,19.9646301344837
"K183156_CELL7158_N2","K183156","Keloid","ECM-producing fibroblasts","Y_56",0.0529023333805229,0.0720681367527738,0.415555155869006,19.802666762643
"K183156_CELL7161_N2","K183156","Keloid","Matrix-remodeling fibroblasts","Y_8",0.440266921900809,0.125085369129549,0.411427445158409,18.0347519201905
"K183156_CELL7162_N1","K183156","Keloid","Matrix-remodeling fibroblasts","Y_75",0.263685402530205,0.232821959838973,0.286324435782654,9.76546514323562
"K183156_CELL7191_N2","K183156","Keloid","Matrix-remodeling fibroblasts","Y_56",0.140268727328431,0.152928347756781,0.40680737173566,19.9840740518173
"K183156_CELL7217_N4","K183156","Keloid","ECM-producing fibroblasts","Y_56",0.0301384735539782,0.0475642035179088,0.45644805877701,20.0060576245673
"K183156_CELL7304_N2","K183156","Keloid","Matrix-remodeling fibroblasts","Y_56",0.492914791463955,0.102366242668391,0.415999984202713,19.951018199096
"K183156_CELL7334_N1","K183156","Keloid","ECM-producing fibroblasts","Y_76",0,0.0420509680044983,0.301288018486805,12.3919918259528
"K183156_CELL7359_N4","K183156","Keloid","Matrix-remodeling fibroblasts","Y_39",0.303386182252641,0.0757548305412302,0.332382433014151,13.8143715276098
"K183156_CELL7363_N2","K183156","Keloid","Homeostatic/regulatory fibroblasts","Y_77",1.59514914455699,0.155450687494771,0.25677883683324,8.55202200100279
"K183156_CELL7392_N2","K183156","Keloid","Homeostatic/regulatory fibroblasts","Y_56",0.139800050464194,0.122377887785874,0.449711572757743,19.8805025265877
"K183156_CELL7395_N4","K183156","Keloid","ECM-producing fibroblasts","Y_56",0.103984099668453,0.0526986956407351,0.421318087733661,19.9208481237642
"K183156_CELL7397_N3","K183156","Keloid","Matrix-remodeling fibroblasts","Y_56",0.376382338994867,0.0873080889732779,0.463026002788079,20.3021329317766
"K183156_CELL7420_N2","K183156","Keloid","Homeostatic/regulatory fibroblasts","Y_10",0.404879080163481,0.151378717611901,0.42721833420027,17.1488108329483
"K183156_CELL7439_N2","K183156","Keloid","Matrix-remodeling fibroblasts","Y_56",0,0.0405818125457222,0.419571876298172,20.0381580605097
"K183156_CELL7455_N5","K183156","Keloid","Matrix-remodeling fibroblasts","Y_5",0.552740614466086,0.0655961999692007,0.379067622331885,18.2623403115154
"K183156_CELL7463_N3","K183156","Keloid","ECM-producing fibroblasts","Y_28",0,0.0785087211918531,0.31223243372909,16.415825626723
"K183156_CELL7468_N3","K183156","Keloid","Homeostatic/regulatory fibroblasts","Y_41",0.176663219528176,0.113310992187706,0.409239517408577,18.6266340417836
"K183156_CELL7483_N2","K183156","Keloid","ECM-producing fibroblasts","Y_56",0.0643739518465749,0.0517697000423014,0.4507271899957,20.1656857420704
"K183156_CELL7486_N2","K183156","Keloid","Matrix-remodeling fibroblasts","Y_37",0.206977521115298,0.340797547165674,0.386196301589664,17.9202085337671
"K183156_CELL7503_N3","K183156","Keloid","Homeostatic/regulatory fibroblasts","Y_1",0.93553899394043,0.0926933670031927,0.242798443395675,21.2662893478489
"K183156_CELL7515_N2","K183156","Keloid","ECM-producing fibroblasts","Y_56",0,0.0356709967861131,0.440894200410416,20.057457500014
"K183156_CELL7536_N2","K183156","Keloid","ECM-producing fibroblasts","Y_56",0.426219487378273,0.0918569484680521,0.447107251889957,20.1342229668888
"K183156_CELL7554_N2","K183156","Keloid","ECM-producing fibroblasts","Y_1",0,0.0466980893271084,0.301469070464948,20.8198618211999
"K183156_CELL7586_N3","K183156","Keloid","Matrix-remodeling fibroblasts","Y_5",0.260449803143995,0.0310059289457137,0.372612445135142,18.4200211646334
"K183156_CELL7640_N2","K183156","Keloid","ECM-producing fibroblasts","Y_56",0.284970357245718,0.0874685402637649,0.41815470901646,19.8880823245541
"K183156_CELL7666_N2","K183156","Keloid","ECM-producing fibroblasts","Y_10",0.196805045942528,0.115523742476817,0.437000089608872,17.3449764432646
"K183156_CELL7691_N4","K183156","Keloid","Homeostatic/regulatory fibroblasts","Y_71",0.878839476444681,0.190148222200492,0.297924985269777,11.5717024169792
"K183156_CELL7755_N2","K183156","Keloid","Matrix-remodeling fibroblasts","Y_56",0,0.0171059090427095,0.462661368948005,20.1077767892281
"K183156_CELL7814_N3","K183156","Keloid","ECM-producing fibroblasts","Y_56",0.274507491384531,0.0690293850060437,0.498036272846539,20.3858078114875
"K183156_CELL7819_N2","K183156","Keloid","ECM-producing fibroblasts","Y_10",0.157874762631944,0.11369274561097,0.470611130433352,17.5807731509586
"K183156_CELL7822_N2","K183156","Keloid","Matrix-remodeling fibroblasts","Y_33",0.503507722930149,0.432010820236901,0.300241831868258,8.49310001607544
"K183156_CELL7832_N1","K183156","Keloid","Matrix-remodeling fibroblasts","Y_56",0.1647156111602,0.0694401314055642,0.463721763408128,20.2134370730873
"K183156_CELL7842_N2","K183156","Keloid","Matrix-remodeling fibroblasts","Y_56",0.440710038271943,0.0504507024469471,0.437551505816223,19.9002664114371
"K183156_CELL7844_N3","K183156","Keloid","Homeostatic/regulatory fibroblasts","Y_76",0,0.0436092979849391,0.305513351441515,12.731368598768
"K183156_CELL7856_N2","K183156","Keloid","ECM-producing fibroblasts","Y_56",0.0248710015206274,0.0766378400698459,0.453789295576665,20.2381969404407
"K183156_CELL7863_N2","K183156","Keloid","ECM-producing fibroblasts","Y_56",0.0887797666170638,0.0762841967460924,0.427199026377483,19.9726435812976
"K183156_CELL7890_N3","K183156","Keloid","Matrix-remodeling fibroblasts","Y_56",0.186867740361387,0.069143975900541,0.451511984507157,20.5741454600733
"K183156_CELL7899_N3","K183156","Keloid","ECM-producing fibroblasts","Y_1",0,0.0339710237709346,0.189133046142246,22.1725912032382
"K183156_CELL7912_N2","K183156","Keloid","ECM-producing fibroblasts","Y_1",0.378235293267751,0.0956120339978985,0.307720701869919,20.4949961479471
"K183156_CELL7923_N4","K183156","Keloid","Homeostatic/regulatory fibroblasts","Y_33",0.319756800596063,0.0518924729433495,0.245188305032398,8.28216507993851
"K183156_CELL7942_N2","K183156","Keloid","ECM-producing fibroblasts","Y_56",0.0371280704896866,0.0567090985824412,0.488635599168105,20.5004071923561
"K183156_CELL8057_N3","K183156","Keloid","Matrix-remodeling fibroblasts","Y_61",0.480218091265126,0.133310510295336,0.437416981173942,19.6136626260265
"K183156_CELL8067_N2","K183156","Keloid","Matrix-remodeling fibroblasts","Y_56",0.391282961272358,0.0523923997902486,0.415114080799774,20.3140824451783
"K183156_CELL8069_N4","K183156","Keloid","ECM-producing fibroblasts","Y_56",0.068060790653512,0.0444783209165614,0.429899660512952,20.0141032391147
"K183156_CELL8077_N1","K183156","Keloid","Homeostatic/regulatory fibroblasts","Y_39",0.406401668499824,0.197769993634633,0.332154692447079,13.5772779431822
"K183156_CELL8086_N3","K183156","Keloid","ECM-producing fibroblasts","Y_1",0,0.126217278309397,0.345759027364032,22.1529085148465
"K183156_CELL8087_N1","K183156","Keloid","Matrix-remodeling fibroblasts","Y_56",0.214671390006995,0.0865327566006502,0.442564363301421,20.0297564980203
"K183156_CELL8097_N2","K183156","Keloid","ECM-producing fibroblasts","Y_1",0.179406185153836,0.208933066908469,0.312044932941024,21.7074631147515
"K183156_CELL8111_N5","K183156","Keloid","Matrix-remodeling fibroblasts","Y_56",0.317868750293843,0.159842725389117,0.464823097287834,20.0659983087166
"K183156_CELL8140_N3","K183156","Keloid","Homeostatic/regulatory fibroblasts","Y_1",0.133211249898857,0.268219574411017,0.319713866321448,20.6334811994817
"K183156_CELL8146_N3","K183156","Keloid","Matrix-remodeling fibroblasts","Y_53",0.243634118523504,0.0290040617289885,0.287625713546501,13.1786721510515
"K183156_CELL8150_N3","K183156","Keloid","ECM-producing fibroblasts","Y_85",0,0.0231863665925412,0.268128079331799,11.008615202136
"K183156_CELL8275_N2","K183156","Keloid","Homeostatic/regulatory fibroblasts","Y_1",0.933007028937798,0.385408843070872,0.283476690142925,21.0475057940739
"K183156_CELL8347_N4","K183156","Keloid","Homeostatic/regulatory fibroblasts","Y_37",0.602738308397678,0.107464174272721,0.394751118126854,17.81831239066
"K183156_CELL8382_N2","K183156","Keloid","ECM-producing fibroblasts","Y_56",0,0.0459925632659465,0.495618957648679,20.4179052794829
"K183156_CELL8384_N4","K183156","Keloid","Matrix-remodeling fibroblasts","Y_56",0.328964750226966,0.0955135687855741,0.378022690115071,20.2031117809406
"K183156_CELL8387_N3","K183156","Keloid","Homeostatic/regulatory fibroblasts","Y_3",0,0.147409646947233,0.426188701221506,18.5451539077105
"K183156_CELL8409_N4","K183156","Keloid","ECM-producing fibroblasts","Y_1",0,0.166513475837398,0.213133289415409,22.8843307930384
"K183156_CELL8433_N2","K183156","Keloid","ECM-producing fibroblasts","Y_68",0.109820720265771,0.100827469946837,0.432969437435321,19.5572951051053
"K183156_CELL8459_N3","K183156","Keloid","Homeostatic/regulatory fibroblasts","Y_56",0.312811180050101,0.0775645509066381,0.417671413571561,19.7597699422709
"K183156_CELL8460_N3","K183156","Keloid","Matrix-remodeling fibroblasts","Y_56",0.334542495679619,0.052774593383722,0.393677390142852,20.0762614860493
"K183156_CELL8479_N4","K183156","Keloid","ECM-producing fibroblasts","Y_1",0,0.0918745138455517,0.17265203334427,22.5254898147099
"K183156_CELL8485_N3","K183156","Keloid","Matrix-remodeling fibroblasts","Y_56",0.0691256806417973,0.0664374379824911,0.415679593263229,19.9096446112643
"K183156_CELL8500_N3","K183156","Keloid","ECM-producing fibroblasts","Y_56",0,0.0679931144258343,0.432498950509283,20.0459096614679
"K183156_CELL8545_N2","K183156","Keloid","ECM-producing fibroblasts","Y_1",0,0.220098586361573,0.291033620138943,22.478407307751
"K183156_CELL8569_N6","K183156","Keloid","ECM-producing fibroblasts","Y_56",0.0398421800535277,0.0879550484709724,0.506560167090063,20.3601066118531
"K183156_CELL8573_N2","K183156","Keloid","ECM-producing fibroblasts","Y_1",0,0.127914865188201,0.18071550938478,22.0951224541014
"K183156_CELL8667_N2","K183156","Keloid","ECM-producing fibroblasts","Y_4",0,0,0.392010754512545,16.8710428996162
"K183156_CELL8703_N2","K183156","Keloid","Homeostatic/regulatory fibroblasts","Y_33",1.28156125103384,0.152920810326228,0.242939469678095,8.51173010523063
"K183156_CELL8708_N2","K183156","Keloid","Matrix-remodeling fibroblasts","Y_29",0.383613742335413,0.0674253549359497,0.372319483570885,19.063125863538
"K183156_CELL8712_N2","K183156","Keloid","ECM-producing fibroblasts","Y_1",0,0.0487525771135237,0.221747565011906,22.2931120578681
"K183156_CELL8714_N5","K183156","Keloid","Homeostatic/regulatory fibroblasts","Y_2",0.35503289874952,0.0633150177703642,0.393590879523893,15.9056559062585
"K183156_CELL8726_N2","K183156","Keloid","ECM-producing fibroblasts","Y_56",0.228472888383972,0.0528733405270174,0.479639780501693,20.2706912011956
"K183156_CELL8731_N2","K183156","Keloid","Matrix-remodeling fibroblasts","Y_56",0.271580075821848,0.0992797562084188,0.397003485303294,19.759559873155
"K183156_CELL8769_N3","K183156","Keloid","ECM-producing fibroblasts","Y_1",0,0.149764769589378,0.44985398502727,20.9562502455167
"K183156_CELL8823_N4","K183156","Keloid","ECM-producing fibroblasts","Y_56",0.128604490148344,0.0755320228818962,0.484695209105587,20.4148524260154
"K183156_CELL8887_N2","K183156","Keloid","Matrix-remodeling fibroblasts","Y_56",0.363597209293448,0.0236999007321795,0.446043969788496,20.0295441301074
"K183156_CELL8902_N2","K183156","Keloid","ECM-producing fibroblasts","Y_4",0.277526898039476,0.0660778328665419,0.343016578884736,16.6012794735591
"K183156_CELL8924_N5","K183156","Keloid","Matrix-remodeling fibroblasts","Y_56",0.457552776146304,0.121674620046878,0.380174701774862,20.1763684457587
"K183156_CELL8949_N3","K183156","Keloid","Homeostatic/regulatory fibroblasts","Y_56",0.0535038612899048,0.0711097431786166,0.394707374470967,20.2975376829193
"K183156_CELL8967_N3","K183156","Keloid","Matrix-remodeling fibroblasts","Y_8",0.265557521065793,0.0474209859046059,0.385318758644592,18.0313857029655
"K183156_CELL9021_N3","K183156","Keloid","ECM-producing fibroblasts","Y_1",0,0.210757963892719,0.247498600094183,22.041391340116
"K183156_CELL9044_N2","K183156","Keloid","ECM-producing fibroblasts","Y_56",0.325246211326445,0.122490727197422,0.434759281156812,20.0346358045154
"K183156_CELL9071_N2","K183156","Keloid","Matrix-remodeling fibroblasts","Y_56",0.115987921236773,0.0947853974540927,0.442658346776781,20.2165261039818
"K183156_CELL9073_N3","K183156","Keloid","ECM-producing fibroblasts","Y_1",0,0.177110971209174,0.171203038064501,22.2507336091722
"K183156_CELL9090_N3","K183156","Keloid","ECM-producing fibroblasts","Y_56",0,0,0.387876443413566,19.8016493410909
"K183156_CELL9091_N2","K183156","Keloid","ECM-producing fibroblasts","Y_45",0.195351624427817,0.0922979452587073,0.412005159978348,15.3311999939493
"K183156_CELL9118_N2","K183156","Keloid","Matrix-remodeling fibroblasts","Y_56",0.205005128281175,0.115615521874133,0.391832967835123,20.1703376837108
"K183156_CELL9124_N2","K183156","Keloid","Homeostatic/regulatory fibroblasts","Y_1",0.757942687805274,0.177956269967501,0.22240957598456,22.3270908665632
"K183156_CELL9134_N2","K183156","Keloid","ECM-producing fibroblasts","Y_10",0.090021102508603,0.10205855024003,0.462108003769693,17.5132083018974
"K183156_CELL9175_N3","K183156","Keloid","ECM-producing fibroblasts","Y_56",0.187278888702126,0.0689612796093566,0.421972202661986,19.9039856122247
"K183156_CELL9198_N5","K183156","Keloid","ECM-producing fibroblasts","Y_61",0.0674180135781442,0.0681653686012139,0.400710355832548,19.3345821187023
"K183156_CELL9234_N2","K183156","Keloid","Homeostatic/regulatory fibroblasts","Y_1",0.325775760509733,0.365474240885962,0.33341807799931,20.6118377753323
"K183156_CELL9292_N2","K183156","Keloid","Matrix-remodeling fibroblasts","Y_3",0.354424787882805,0.0865961750294922,0.382803940015535,18.6313567070791
"K183156_CELL9303_N3","K183156","Keloid","ECM-producing fibroblasts","Y_75",0.367069356492039,0.0837081846583392,0.23534774737344,9.89855121941085
"K183156_CELL9338_N2","K183156","Keloid","Matrix-remodeling fibroblasts","Y_56",0.384396444772816,0.049721062861717,0.436573198060122,20.1298536158971
"K183156_CELL9361_N3","K183156","Keloid","Homeostatic/regulatory fibroblasts","Y_56",0.166249392742836,0.049029648331038,0.426495959242997,19.8887669868593
"K183156_CELL9400_N1","K183156","Keloid","ECM-producing fibroblasts","Y_39",0.216078843601377,0.0742604459557687,0.335834353080156,13.9406663999944
"K183156_CELL9528_N2","K183156","Keloid","ECM-producing fibroblasts","Y_56",0.0434311277043896,0.0489290065777222,0.421077420930234,19.9884528105436
"K183156_CELL9530_N2","K183156","Keloid","Homeostatic/regulatory fibroblasts","Y_114",0.776145369510684,0.548417375463759,0.184329487478456,0.351944281203647
"K183156_CELL9631_N3","K183156","Keloid","Matrix-remodeling fibroblasts","Y_56",0,0.0920351674767021,0.407535071714419,20.2717708369586
"K183156_CELL9670_N3","K183156","Keloid","Homeostatic/regulatory fibroblasts","Y_29",0.0212251240179191,0.0622121232939764,0.383992870366074,19.2278007038334
"K183156_CELL9676_N2","K183156","Keloid","ECM-producing fibroblasts","Y_25",0.110000742111384,0.0870799803144038,0.370808857841179,17.6168895341137
"K183156_CELL9705_N2","K183156","Keloid","ECM-producing fibroblasts","Y_56",0,0.0262816317649481,0.435314695902034,20.09559089675
"K183156_CELL9749_N3","K183156","Keloid","ECM-producing fibroblasts","Y_56",0.0465342026861131,0.0771388170297071,0.45831745759206,20.1569257960523
"K183156_CELL9858_N2","K183156","Keloid","Homeostatic/regulatory fibroblasts","Y_39",0.524407928104591,0.196077292219646,0.347888660275765,13.6458731780809
"K183156_CELL9873_N2","K183156","Keloid","Matrix-remodeling fibroblasts","Y_56",0.0642237368094427,0.0382284147675254,0.407657622108258,20.457033121331
"K183156_CELL9912_N2","K183156","Keloid","Homeostatic/regulatory fibroblasts","Y_65",0.385026308625984,0.246227261275419,0.348422779695545,17.2367431461083
"K183156_CELL9948_N3","K183156","Keloid","Matrix-remodeling fibroblasts","Y_37",0.838980278123419,0.113080586838274,0.37618174827748,17.800413242518
"K183156_CELL9963_N2","K183156","Keloid","ECM-producing fibroblasts","Y_1",0,0.0525106917482312,0.325940085883536,21.9963210191985
"K183156_CELL10005_N3","K183156","Keloid","Matrix-remodeling fibroblasts","Y_56",0.155460967036249,0.132736884471768,0.447161154565552,20.2942857477824
"K183156_CELL10056_N2","K183156","Keloid","ECM-producing fibroblasts","Y_56",0.16422425036865,0.0730059623004223,0.462829174175339,20.2515495434749
"K183156_CELL10068_N2","K183156","Keloid","ECM-producing fibroblasts","Y_56",0.205799163756187,0.0590319365546006,0.475252846805966,20.3159749905857
"K183156_CELL10092_N2","K183156","Keloid","ECM-producing fibroblasts","Y_56",0.299057589570171,0.0685534399834279,0.446913042612404,20.1215827256552
"K183156_CELL10100_N2","K183156","Keloid","ECM-producing fibroblasts","Y_56",0.189840014526903,0.0868594642357096,0.434472794216118,20.1882834270502
"K183156_CELL10113_N2","K183156","Keloid","Homeostatic/regulatory fibroblasts","Y_56",0.2920211261726,0.0685942648280138,0.361055963692392,20.4125487541039
"K183156_CELL10114_N2","K183156","Keloid","ECM-producing fibroblasts","Y_56",0.189671817576973,0.0966015341666786,0.49120256599209,20.3181088442174
"K183156_CELL10129_N3","K183156","Keloid","ECM-producing fibroblasts","Y_61",0.230710305440194,0.062447987673311,0.396835136216826,19.4245796455258
"K183156_CELL10134_N1","K183156","Keloid","ECM-producing fibroblasts","Y_3",0.392179931983542,0.0656886133564316,0.400759726711543,18.4379410533436
"K183156_CELL10141_N1","K183156","Keloid","Matrix-remodeling fibroblasts","Y_39",0.349002165979036,0.0704247341417703,0.325613799419799,13.8022993305009
"K183156_CELL10191_N3","K183156","Keloid","Homeostatic/regulatory fibroblasts","Y_39",0.695311198574171,0.0688789619670571,0.321359039552358,13.5759359040526
"K183156_CELL10230_N2","K183156","Keloid","Homeostatic/regulatory fibroblasts","Y_5",0.77152286893486,0.104385493453307,0.394688383938577,18.30081490808
"K183156_CELL10303_N2","K183156","Keloid","Matrix-remodeling fibroblasts","Y_24",0.232106415560287,0.0276317161381294,0.353835123538763,14.7288370697961
"K183156_CELL10313_N2","K183156","Keloid","ECM-producing fibroblasts","Y_1",0.134384527219837,0.0962375412524104,0.33177197470272,21.0198461592151
"K183156_CELL10323_N3","K183156","Keloid","ECM-producing fibroblasts","Y_56",0.205139692663768,0.0642908891234312,0.503877141536559,20.5803479207995
"K183156_CELL10410_N3","K183156","Keloid","Matrix-remodeling fibroblasts","Y_56",0.956546804506163,0.108766392544369,0.388957121083947,19.7138874338404
"K183156_CELL10420_N1","K183156","Keloid","ECM-producing fibroblasts","Y_56",0.123330588764766,0.0293644258963729,0.433622184109849,20.0638477883849
"K183156_CELL10463_N1","K183156","Keloid","Matrix-remodeling fibroblasts","Y_39",0.374459317288438,0.0248055232071772,0.332228845264629,13.6380988479584
"K183156_CELL10464_N2","K183156","Keloid","Matrix-remodeling fibroblasts","Y_56",0.182388093827323,0.0191928872497231,0.389895113368279,20.0966386791798
"K183156_CELL10486_N2","K183156","Keloid","ECM-producing fibroblasts","Y_10",0.0336745530626735,0.0940084547347,0.469721665916445,17.6180393398092
"K183156_CELL10502_N2","K183156","Keloid","ECM-producing fibroblasts","Y_56",0,0.0191657273767203,0.427941489081847,19.99400432762
"K183156_CELL10524_N2","K183156","Keloid","ECM-producing fibroblasts","Y_1",0.158255063956888,0.134906030517245,0.25817517065967,22.2256873544257
"K183156_CELL10559_N2","K183156","Keloid","Homeostatic/regulatory fibroblasts","Y_114",0.752501994994459,0.761811847193826,0.123785986289661,0.304962340411523
"K183156_CELL10618_N2","K183156","Keloid","ECM-producing fibroblasts","Y_79",0,0.0649541827117217,0.299954570029864,11.8737487264401
"K183156_CELL10656_N3","K183156","Keloid","Matrix-remodeling fibroblasts","Y_56",0.675639236119303,0.0242571087325335,0.36827371516187,20.3309197620302
"K183156_CELL10672_N2","K183156","Keloid","Matrix-remodeling fibroblasts","Y_56",0,0.0745437474009296,0.404780035344952,20.3140671020791
"K183156_CELL10700_N2","K183156","Keloid","ECM-producing fibroblasts","Y_1",0,0.169506537417521,0.28827248890275,22.9845452087393
"K183156_CELL10734_N1","K183156","Keloid","ECM-producing fibroblasts","Y_11",0.371020653456992,0.0848168423056367,0.376161803214031,19.1730250196802
"K183156_CELL10741_N3","K183156","Keloid","Homeostatic/regulatory fibroblasts","Y_10",0.759204481182149,0.0735585723172485,0.370129870473182,17.1420546907351
"K183156_CELL10798_N3","K183156","Keloid","ECM-producing fibroblasts","Y_33",0.300781823444631,0.0358073599338846,0.194816492606715,8.31040175205168
"K183156_CELL10804_N2","K183156","Keloid","Matrix-remodeling fibroblasts","Y_56",0.356276140178535,0.128503320252656,0.434957892599564,20.2232817853633
"K183156_CELL10857_N2","K183156","Keloid","Matrix-remodeling fibroblasts","Y_27",0.158749394084118,0.0566962121728993,0.368667241358857,14.1201774317917
"K183156_CELL10880_N3","K183156","Keloid","ECM-producing fibroblasts","Y_56",0.0907323157033465,0.11431950931391,0.432711671586127,19.9343303819916
"K183156_CELL10893_N2","K183156","Keloid","ECM-producing fibroblasts","Y_56",0.0291418147565336,0.0436842551867236,0.486465430681916,20.3747782530467
"K183156_CELL10917_N2","K183156","Keloid","Matrix-remodeling fibroblasts","Y_56",0.345113756660115,0.0762980817650885,0.407500380694496,19.859831357978
"K183156_CELL10943_N2","K183156","Keloid","ECM-producing fibroblasts","Y_56",0.0299838617275398,0.0631507994537753,0.468837756698317,20.445602471973
"K183156_CELL10948_N2","K183156","Keloid","ECM-producing fibroblasts","Y_65",0,0.0888761593577662,0.438481446763162,18.0147182521337
"K183156_CELL10971_N2","K183156","Keloid","ECM-producing fibroblasts","Y_56",0.0961151482908769,0.0343268386753132,0.419357909317127,19.9054339933976
"K183156_CELL11012_N2","K183156","Keloid","Matrix-remodeling fibroblasts","Y_56",0.325436218546765,0.087979291469861,0.393296660804234,20.209199893806
"K183156_CELL11032_N2","K183156","Keloid","Homeostatic/regulatory fibroblasts","Y_56",0.364831889638438,0.138896041746897,0.45228024295586,20.0299520874212
"K183156_CELL11044_N2","K183156","Keloid","Homeostatic/regulatory fibroblasts","Y_16",0.217235417909796,0.121272705071995,0.380724171205525,14.2906127681846
"K183156_CELL11054_N2","K183156","Keloid","ECM-producing fibroblasts","Y_56",0,0.0502244331635159,0.514172285684315,20.5451067101256
"K183156_CELL11075_N2","K183156","Keloid","ECM-producing fibroblasts","Y_56",0,0,0.415773067288839,19.9868694203707
"K183156_CELL11129_N1","K183156","Keloid","Matrix-remodeling fibroblasts","Y_56",0,0.0752178259260857,0.376483911389803,19.9177089107698
"K183156_CELL11132_N2","K183156","Keloid","ECM-producing fibroblasts","Y_62",0,0.069479211950728,0.305695863149468,17.9167990007826
"K183156_CELL11390_N1","K183156","Keloid","ECM-producing fibroblasts","Y_56",0.0955345126640778,0.0545428083079144,0.477951209595012,20.2888342232712
"K183156_CELL11394_N2","K183156","Keloid","ECM-producing fibroblasts","Y_1",0,0.244208558582772,0.297145224828135,22.2865631183218
"K183156_CELL11445_N2","K183156","Keloid","Matrix-remodeling fibroblasts","Y_39",0,0.124398655890871,0.329937761468695,13.6871138960824
"K183156_CELL11448_N1","K183156","Keloid","Matrix-remodeling fibroblasts","Y_56",0.114198208773299,0,0.395836368629022,20.1159518922924
"K183156_CELL11461_N1","K183156","Keloid","ECM-producing fibroblasts","Y_56",0,0.0720056688369717,0.453120457572136,20.1646085415937
"K183156_CELL11491_N2","K183156","Keloid","Matrix-remodeling fibroblasts","Y_56",0.0943399572286757,0.0224618945782561,0.397241413742521,20.1846834763392
"K183156_CELL11498_N2","K183156","Keloid","ECM-producing fibroblasts","Y_43",0.429214511059065,0.171141123015314,0.488696653161757,17.8911128559447
"K183156_CELL11528_N1","K183156","Keloid","Matrix-remodeling fibroblasts","Y_56",0.127290468022827,0.121874127758943,0.417270788370583,20.0724245378939
"K183156_CELL11549_N2","K183156","Keloid","ECM-producing fibroblasts","Y_1",0.352349070092134,0.233698167673153,0.411264490273571,21.0355769348166
"K183156_CELL11619_N2","K183156","Keloid","Matrix-remodeling fibroblasts","Y_28",0.218509161994643,0,0.339836557846909,16.4381511117783
"K183156_CELL11644_N2","K183156","Keloid","Matrix-remodeling fibroblasts","Y_8",0.329651535204275,0.180698471475648,0.389070306011446,18.00010539719
"K183156_CELL11704_N2","K183156","Keloid","ECM-producing fibroblasts","Y_56",0,0.0325168147181874,0.426109402663757,20.001555128308
"K183156_CELL12023_N1","K183156","Keloid","ECM-producing fibroblasts","Y_56",0.0315015583157665,0.0474075807528603,0.458810685390425,20.176669835178
"K183156_CELL12027_N1","K183156","Keloid","ECM-producing fibroblasts","Y_56",0,0.0329163489795792,0.401520580788439,20.2356986889546
"K183156_CELL12143_N1","K183156","Keloid","Homeostatic/regulatory fibroblasts","Y_76",0,0.14907665286989,0.298594898911313,12.7392456248898
"K183156_CELL12180_N1","K183156","Keloid","ECM-producing fibroblasts","Y_26",0.0847422708798873,0.0877707781806673,0.413464682518136,15.4808018469137
"K183156_CELL12370_N1","K183156","Keloid","ECM-producing fibroblasts","Y_58",0,0,0.363746257344939,15.5159449177395
"K183156_CELL12402_N1","K183156","Keloid","ECM-producing fibroblasts","Y_56",0.428080429158623,0.0931850821013614,0.388094489641377,20.0165116121409
"K183156_CELL12553_N1","K183156","Keloid","ECM-producing fibroblasts","Y_1",0.0844129213977166,0.149407381590464,0.416802612977127,21.0162372839113
"K183156_CELL12562_N1","K183156","Keloid","Matrix-remodeling fibroblasts","Y_31",0,0.0599537354975879,0.331582092735301,16.9477154255424
"K183156_CELL12572_N1","K183156","Keloid","Matrix-remodeling fibroblasts","Y_56",0.548896602581297,0.0791184416373859,0.399263870134167,20.1992952668392
"K183156_CELL12703_N1","K183156","Keloid","Homeostatic/regulatory fibroblasts","Y_56",0.565365281974858,0.161295881394017,0.426274053813044,19.7697857912501
"K183156_CELL12938_N1","K183156","Keloid","ECM-producing fibroblasts","Y_74",0,0.0523800926905953,0.25593202084193,10.533566476619
"K183156_CELL12940_N1","K183156","Keloid","ECM-producing fibroblasts","Y_19",0,0.0628587766287613,0.322753405974025,14.9880719113468
"K183156_CELL13119_N1","K183156","Keloid","Homeostatic/regulatory fibroblasts","Y_42",0.178153336067467,0.19925392631601,0.335777564341802,12.188317931753
"K183156_CELL13185_N1","K183156","Keloid","Matrix-remodeling fibroblasts","Y_56",0.415931953113556,0.0489240745267933,0.441190178462898,19.9691296246554
"K183156_CELL13243_N1","K183156","Keloid","Matrix-remodeling fibroblasts","Y_56",0.309185951746375,0.0958094254591016,0.391806564468984,20.055943665526
"K183156_CELL13274_N1","K183156","Keloid","Matrix-remodeling fibroblasts","Y_39",0.358805739494095,0.0386877908121651,0.340430309954716,13.6559480850549
"K183156_CELL13530_N1","K183156","Keloid","Matrix-remodeling fibroblasts","Y_56",0.459011384921417,0.0668785132516206,0.401923672486829,19.7568138619234
"K183156_CELL13594_N1","K183156","Keloid","Homeostatic/regulatory fibroblasts","Y_114",0.66101664271848,0.787625800972319,0.146178169449656,0.462895992480806
"K183156_CELL13600_N1","K183156","Keloid","ECM-producing fibroblasts","Y_4",0.238906898524523,0.0859424394483554,0.427695912477043,16.9153157786381
"K183156_CELL13616_N1","K183156","Keloid","Matrix-remodeling fibroblasts","Y_56",0.282464363015223,0.0806800969073123,0.405610302271289,19.9792783070201
"K183156_CELL13701_N1","K183156","Keloid","ECM-producing fibroblasts","Y_22",0.303943254091147,0.0605745417954951,0.359667189530971,16.180188189582
"K183156_CELL13735_N1","K183156","Keloid","Matrix-remodeling fibroblasts","Y_54",0.72614957883812,0.0516606158921013,0.365217960687449,17.0879635444689
"K183156_CELL13742_N1","K183156","Keloid","Matrix-remodeling fibroblasts","Y_10",0.38420963408671,0.177398023542458,0.398860401087274,17.1298340028778
"K183156_CELL13746_N1","K183156","Keloid","ECM-producing fibroblasts","Y_14",0,0.0394750371445884,0.364220138192889,15.9342645292496
"K183156_CELL13813_N1","K183156","Keloid","ECM-producing fibroblasts","Y_65",0.255131381668934,0.0607455670640319,0.316664356185242,17.3084166438747
"K183156_CELL13904_N1","K183156","Keloid","Homeostatic/regulatory fibroblasts","Y_38",0.207358021718908,0.0987419151042418,0.321120150281956,19.2278709215464
"K183156_CELL13915_N1","K183156","Keloid","Matrix-remodeling fibroblasts","Y_56",0.492920417776449,0.0815121084057379,0.398533401956367,20.1333151772685
"K183156_CELL14109_N1","K183156","Keloid","Homeostatic/regulatory fibroblasts","Y_43",0.957395888849667,0.188822371267991,0.389956306167652,17.1703674741931
"K183156_CELL14120_N1","K183156","Keloid","ECM-producing fibroblasts","Y_56",0.232307392314164,0.0452915462844765,0.407800068336017,19.8270687311974
"K183156_CELL14220_N1","K183156","Keloid","Matrix-remodeling fibroblasts","Y_27",0.37595809608322,0.0533492860462719,0.345224267423371,14.0783034655196
"K183156_CELL14485_N1","K183156","Keloid","Homeostatic/regulatory fibroblasts","Y_114",0.78029398618413,0.693667188024551,0.137396166223057,0.46077714174017
"K183156_CELL14497_N1","K183156","Keloid","Homeostatic/regulatory fibroblasts","Y_114",0.567365023563929,0.51935111030533,0.125769787827444,0.360514572331872
"K183156_CELL14655_N1","K183156","Keloid","Homeostatic/regulatory fibroblasts","Y_67",0.61744088558603,0.197576375163842,0.184402633377619,8.97384244122543
"K183156_CELL14943_N1","K183156","Keloid","Homeostatic/regulatory fibroblasts","Y_14",1.02158506362447,0.111034710161043,0.382639120019381,15.8455136279409
"K183156_CELL15191_N1","K183156","Keloid","ECM-producing fibroblasts","Y_71",0,0,0.276311973105351,11.5918120892219
"K183156_CELL15238_N1","K183156","Keloid","Homeostatic/regulatory fibroblasts","Y_100",0.577321046044203,0.0875560687288505,0.183397522344436,8.01167192693499
"K183156_CELL15254_N1","K183156","Keloid","ECM-producing fibroblasts","Y_1",0.276926689361619,0.0659349260384808,0.262515181319663,20.9998221201641
"K183156_CELL15264_N1","K183156","Keloid","ECM-producing fibroblasts","Y_30",0,0,0.326877992924682,16.3307081447557
"K183156_CELL15274_N1","K183156","Keloid","Homeostatic/regulatory fibroblasts","Y_68",0.321560832266906,0.185741256520767,0.434193931962782,19.5369920661429
"K183156_CELL15399_N1","K183156","Keloid","ECM-producing fibroblasts","Y_56",0,0.0479676887827048,0.400285789240635,19.9033920825578
"K183156_CELL15403_N1","K183156","Keloid","Matrix-remodeling fibroblasts","Y_14",0.461245280151603,0.0549101523990003,0.349707417636881,15.7829851343651
"K183156_CELL16060_N1","K183156","Keloid","ECM-producing fibroblasts","Y_1",0.170285827291891,0.13542701626122,0.375643695287224,20.8990076024864
"K183156_CELL16096_N1","K183156","Keloid","ECM-producing fibroblasts","Y_25",0,0,0.33041171087617,17.6783568348857
"K183156_CELL16111_N1","K183156","Keloid","Matrix-remodeling fibroblasts","Y_52",0,0.147547760793577,0.345320267014264,17.6720606929153
"K183156_CELL16229_N1","K183156","Keloid","ECM-producing fibroblasts","Y_56",0.0624537879853837,0.0428322699911328,0.474190344033073,20.3710063402206
"K183156_CELL16234_N1","K183156","Keloid","Matrix-remodeling fibroblasts","Y_9",0,0.0347718434662648,0.331606569038682,15.510739432691
"K183156_CELL16421_N1","K183156","Keloid","ECM-producing fibroblasts","Y_72",0.055470631669752,0.0989775118571844,0.444484586432737,16.5473788201196
"K183156_CELL16445_N1","K183156","Keloid","Matrix-remodeling fibroblasts","Y_10",0.569004310720128,0.102831238390012,0.38577257117045,16.9906169390114
"K183156_CELL16653_N1","K183156","Keloid","ECM-producing fibroblasts","Y_1",0,0.108281551079946,0.310734491589255,22.0357450765969
"K183156_CELL16786_N1","K183156","Keloid","ECM-producing fibroblasts","Y_43",0,0.0672916582766404,0.35447290169191,17.21889969993
"K183156_CELL16808_N1","K183156","Keloid","ECM-producing fibroblasts","Y_3",0.224222194381344,0,0.387638172695543,18.5272866218964
"K183156_CELL16910_N1","K183156","Keloid","ECM-producing fibroblasts","Y_71",0,0.0594086635386654,0.263038548528685,12.0421367576291
"K183156_CELL16917_N1","K183156","Keloid","Homeostatic/regulatory fibroblasts","Y_5",0.364667356505387,0.0282066525949875,0.371264543849807,18.3881919994729
"K183156_CELL16948_N1","K183156","Keloid","Matrix-remodeling fibroblasts","Y_13",0.204033204008653,0.328416305929161,0.389037889622144,16.6820122861486
"K183156_CELL17030_N1","K183156","Keloid","ECM-producing fibroblasts","Y_1",0.332100956147594,0.102681424224639,0.273889672227195,22.3512194420312
"K183156_CELL17401_N1","K183156","Keloid","ECM-producing fibroblasts","Y_1",0.263599830812364,0.125662351639606,0.397077850234019,21.4390586537879
"K183156_CELL17512_N1","K183156","Keloid","ECM-producing fibroblasts","Y_56",0.0838649543716208,0.0847682730644104,0.50819010413288,20.3145385758376
"K183156_CELL17642_N1","K183156","Keloid","ECM-producing fibroblasts","Y_1",0.170370092786946,0.109565181534797,0.424488538618387,21.0147964856934
"K183156_CELL17684_N1","K183156","Keloid","ECM-producing fibroblasts","Y_56",0,0.0721364670323072,0.463875324631264,20.128676927798
"K183156_CELL17722_N1","K183156","Keloid","ECM-producing fibroblasts","Y_23",0,0,0.338799942621444,15.9287291460031
"K183156_CELL17734_N1","K183156","Keloid","Matrix-remodeling fibroblasts","Y_37",0.570773533450233,0.0573222283515588,0.376314348873549,17.7700472515102
"K183156_CELL18630_N1","K183156","Keloid","Homeostatic/regulatory fibroblasts","Y_56",0.0783622163501137,0.134466952394209,0.481467575321356,20.2118245113989
"K183156_CELL18657_N1","K183156","Keloid","ECM-producing fibroblasts","Y_52",0.0495937079602435,0.127863250425536,0.493019878091883,18.7375516100664
"K183156_CELL18789_N1","K183156","Keloid","ECM-producing fibroblasts","Y_1",0.179935693491832,0.0642627476756544,0.309077489228325,21.1293782799995
"K183156_CELL18792_N1","K183156","Keloid","ECM-producing fibroblasts","Y_68",0,0.0170309242575435,0.384057038592999,19.5578677266411
"K183156_CELL18793_N1","K183156","Keloid","ECM-producing fibroblasts","Y_56",0,0.0293689632102676,0.476965073636167,20.4971910257007
"K183156_CELL19813_N1","K183156","Keloid","ECM-producing fibroblasts","Y_49",0,0,0.302359046664691,14.3121068490958
"K183156_CELL19814_N1","K183156","Keloid","ECM-producing fibroblasts","Y_56",0.061820288065121,0.0757177759896883,0.491017973668148,20.3362980842501
"K183156_CELL19878_N1","K183156","Keloid","ECM-producing fibroblasts","Y_56",0,0.0338931450934881,0.415917756848528,19.9878721584627
"K183156_CELL20275_N1","K183156","Keloid","ECM-producing fibroblasts","Y_56",0.255109322226508,0.104247111849817,0.469966652028355,20.1980362491402
"K183156_CELL20290_N1","K183156","Keloid","Homeostatic/regulatory fibroblasts","Y_85",0.710099770301384,0.1611936238182,0.333305702697129,11.049224997802
"K183156_CELL20345_N1","K183156","Keloid","Homeostatic/regulatory fibroblasts","Y_43",0.367408879713179,0.160743810112514,0.405614999468639,17.2769448201342
"K183156_CELL20450_N1","K183156","Keloid","ECM-producing fibroblasts","Y_56",0,0.0625313257181833,0.418055835705625,19.9362768342496
"K183156_CELL20562_N1","K183156","Keloid","ECM-producing fibroblasts","Y_44",0,0.0313275733913508,0.350361613261741,16.862507943247
"K183156_CELL20706_N1","K183156","Keloid","ECM-producing fibroblasts","Y_43",0.203789893955954,0.0602857411885458,0.355220387301515,17.2219228449616
"K183156_CELL20789_N1","K183156","Keloid","ECM-producing fibroblasts","Y_1",0,0.115639393587779,0.224730952798497,22.0601030645292
"K183156_CELL20985_N1","K183156","Keloid","Matrix-remodeling fibroblasts","Y_56",0.304664846618428,0.0781159072580488,0.446253316809457,20.1484657126941
"K183156_CELL21168_N1","K183156","Keloid","Matrix-remodeling fibroblasts","Y_56",0.218931827019498,0.042496259917034,0.405713472549033,19.8777666489081
"K183156_CELL21516_N1","K183156","Keloid","Matrix-remodeling fibroblasts","Y_56",0.05990339587318,0.0833442809390094,0.418423183151502,20.1264759620673
"K183156_CELL21521_N1","K183156","Keloid","Homeostatic/regulatory fibroblasts","Y_59",0.35294243149534,0.0856075851573343,0.362545881369056,13.9688065044506
"K183156_CELL21648_N1","K183156","Keloid","ECM-producing fibroblasts","Y_56",0.061209683770814,0.0649475692639869,0.520252817311044,20.5243901557595
"K183156_CELL21667_N1","K183156","Keloid","ECM-producing fibroblasts","Y_56",0,0.0625744362603981,0.387358489199064,19.8161628700078
"K183156_CELL21715_N1","K183156","Keloid","Matrix-remodeling fibroblasts","Y_56",0.503206741436066,0.115459317810943,0.423294843312862,19.8403262922074
"K183156_CELL21988_N1","K183156","Keloid","ECM-producing fibroblasts","Y_14",0,0,0.374637625117685,16.0802523660409
"K183156_CELL22021_N1","K183156","Keloid","ECM-producing fibroblasts","Y_1",0,0,0.246269480959837,21.1205065571683
"K183156_CELL22099_N1","K183156","Keloid","ECM-producing fibroblasts","Y_9",0,0.0592225446928769,0.358931778940755,15.5988038832958
"K183156_CELL22266_N1","K183156","Keloid","ECM-producing fibroblasts","Y_47",0.372416507822848,0.0378549014168488,0.384648294275484,15.1495782475826
"K183156_CELL22495_N1","K183156","Keloid","ECM-producing fibroblasts","Y_56",0.194601416032621,0.0463336704839573,0.376937582861069,19.781051945402
"K183156_CELL22524_N1","K183156","Keloid","Homeostatic/regulatory fibroblasts","Y_12",0.53742993181341,0.0771550216064485,0.297738610299086,12.5415451392398
"K183156_CELL22617_N1","K183156","Keloid","Matrix-remodeling fibroblasts","Y_61",0.186063097379872,0.0998747915780094,0.38423823293821,19.3305734362006
"K183156_CELL22643_N1","K183156","Keloid","Homeostatic/regulatory fibroblasts","Y_114",0.456282787211817,0.720103291002208,0.0984951028113737,0.434741883605449
"K183156_CELL22720_N1","K183156","Keloid","Homeostatic/regulatory fibroblasts","Y_39",0,0.197617553934417,0.334663872957276,13.7123044171593
"K183156_CELL23175_N1","K183156","Keloid","ECM-producing fibroblasts","Y_44",0.503400947982848,0.0837330638443633,0.382782351048212,16.9895547874429
"K183156_CELL23273_N1","K183156","Keloid","Homeostatic/regulatory fibroblasts","Y_39",0.348093778819418,0.209667873535271,0.367800034079576,13.5561603051494
"K183156_CELL23386_N1","K183156","Keloid","ECM-producing fibroblasts","Y_56",0,0.0271687847592015,0.447340760281593,20.221744592594
"K183156_CELL23524_N1","K183156","Keloid","ECM-producing fibroblasts","Y_56",0,0,0.413637848808233,19.9953391958864
"K183156_CELL23808_N1","K183156","Keloid","Matrix-remodeling fibroblasts","Y_85",0.50930993649229,0.02880322972264,0.286747003177911,11.2412126407718
"K183156_CELL23876_N1","K183156","Keloid","ECM-producing fibroblasts","Y_56",0,0.0862980849401902,0.445571729086059,20.0847898778267
"K183156_CELL24187_N1","K183156","Keloid","Matrix-remodeling fibroblasts","Y_56",0.238842683602575,0.110116062176862,0.417124727795448,20.1870513183348
"K183156_CELL24214_N1","K183156","Keloid","Matrix-remodeling fibroblasts","Y_56",0,0.0180278447091716,0.389657549196262,19.8279358067326
"K183156_CELL24301_N1","K183156","Keloid","Matrix-remodeling fibroblasts","Y_56",0.690509961400222,0.0811889109162187,0.397756336400859,19.7489657893811
"K183156_CELL24762_N1","K183156","Keloid","Homeostatic/regulatory fibroblasts","Y_114",0.784293425149931,0.736312510568009,0.158973715222602,0.413249145431089
"K183156_CELL24977_N1","K183156","Keloid","ECM-producing fibroblasts","Y_1",0,0.133531865548896,0.285213379361067,22.3607678138114
"K183156_CELL25010_N1","K183156","Keloid","Matrix-remodeling fibroblasts","Y_16",0.625884095294001,0,0.361403447828859,14.2246269783232
"K183156_CELL25144_N1","K183156","Keloid","Matrix-remodeling fibroblasts","Y_56",0,0.068772799423845,0.412753495370825,19.8282284606944
"K183156_CELL25363_N1","K183156","Keloid","Matrix-remodeling fibroblasts","Y_56",0.521276195484345,0.107541409141185,0.417019506777173,20.1436129679624
"K183156_CELL25423_N1","K183156","Keloid","Matrix-remodeling fibroblasts","Y_8",0.579239970489998,0.0973213531403785,0.366894556103979,18.1630081226634
"K183156_CELL25737_N1","K183156","Keloid","Matrix-remodeling fibroblasts","Y_25",0.637074262354872,0.105130055048094,0.384411091739581,17.5488416775241
"K183156_CELL26172_N1","K183156","Keloid","ECM-producing fibroblasts","Y_9",0.498844032557504,0.118772388704168,0.329837668866991,15.4662839738259
"K183156_CELL26269_N1","K183156","Keloid","Homeostatic/regulatory fibroblasts","Y_56",0,0.0672001527918247,0.449360679965439,19.9662504684871
"K183156_CELL26381_N1","K183156","Keloid","ECM-producing fibroblasts","Y_57",0,0.0875286322861364,0.381416728159033,17.8404235169866
"K183156_CELL26435_N1","K183156","Keloid","Homeostatic/regulatory fibroblasts","Y_100",1.7693727744307,0.143889076761184,0.224593687224029,7.51652490463853
"K183156_CELL26465_N1","K183156","Keloid","ECM-producing fibroblasts","Y_56",0,0.066059180790082,0.475722693831778,20.2987481371141
"K183156_CELL26500_N1","K183156","Keloid","ECM-producing fibroblasts","Y_41",0.374584288133729,0.0634814449085081,0.389272282339605,18.5699689233037
"K183156_CELL26953_N1","K183156","Keloid","ECM-producing fibroblasts","Y_44",0,0.0903874222145853,0.376277244602982,16.9369751462493
"K183156_CELL26993_N1","K183156","Keloid","Homeostatic/regulatory fibroblasts","Y_67",0.351310766414442,0.374609110844202,0.22435059190187,7.48116890084059
"K183156_CELL27570_N1","K183156","Keloid","Matrix-remodeling fibroblasts","Y_56",0.284376402492463,0.042565196247692,0.372509372644934,20.2133698750455
"K183156_CELL27743_N1","K183156","Keloid","ECM-producing fibroblasts","Y_56",0,0.0225415785366908,0.395171059583921,19.908835943244
"K183156_CELL27800_N1","K183156","Keloid","Homeostatic/regulatory fibroblasts","Y_89",0.78868121278109,0.133248640920749,0.21727531730034,5.58862761074038
"K183156_CELL27868_N1","K183156","Keloid","Homeostatic/regulatory fibroblasts","Y_114",0.715736047788922,0.60572947391347,0.125418237826935,0.414278287432669
"K183156_CELL27961_N1","K183156","Keloid","Homeostatic/regulatory fibroblasts","Y_41",0.562144238526029,0.130958648622977,0.398557116449172,18.6143899431774
"K183156_CELL28048_N1","K183156","Keloid","Matrix-remodeling fibroblasts","Y_56",0.206982613566076,0.0461255132482328,0.400637390519354,19.742926694134
"K183156_CELL28084_N1","K183156","Keloid","ECM-producing fibroblasts","Y_1",0,0.0863468111753141,0.239341359618883,21.7914407658391
"K183156_CELL28271_N1","K183156","Keloid","ECM-producing fibroblasts","Y_56",0,0.0552260138817087,0.399365811598946,20.0492947750371
"K183156_CELL28277_N1","K183156","Keloid","Homeostatic/regulatory fibroblasts","Y_43",0.138781410556921,0.115651175464101,0.333804406913356,16.9832189355563
"K183156_CELL28434_N1","K183156","Keloid","Matrix-remodeling fibroblasts","Y_56",0.263151616487346,0.0708619954522984,0.373654956374987,20.2560189797691
"K183156_CELL28511_N1","K183156","Keloid","Homeostatic/regulatory fibroblasts","Y_46",0.459786453936846,0.0186205504264296,0.338246443570442,19.7667758038248
"K183156_CELL28650_N1","K183156","Keloid","ECM-producing fibroblasts","Y_1",0,0.09681768164349,0.428369447515651,21.1814979193531
"K183156_CELL28725_N1","K183156","Keloid","ECM-producing fibroblasts","Y_1",0.134610045363275,0.112175037802729,0.35033477380344,21.5876256470246
"K183156_CELL28774_N1","K183156","Keloid","ECM-producing fibroblasts","Y_39",0.100328573828054,0.0477755113466925,0.340118339711361,13.8441188174417
"K183156_CELL28889_N1","K183156","Keloid","ECM-producing fibroblasts","Y_44",0.370487574443977,0.0447009569164807,0.33215084008899,16.6099175788348
"K183156_CELL29055_N1","K183156","Keloid","Matrix-remodeling fibroblasts","Y_56",0,0.0561039481483494,0.460412612809365,20.1478769420667
"K183156_CELL29107_N1","K183156","Keloid","Matrix-remodeling fibroblasts","Y_38",0.678067603982734,0.0470687361042391,0.284293630464222,19.2460778179754
"K183156_CELL29144_N1","K183156","Keloid","ECM-producing fibroblasts","Y_1",0,0.189282252305865,0.284993634494081,22.9420642633304
"K183156_CELL29247_N1","K183156","Keloid","Homeostatic/regulatory fibroblasts","Y_9",0.485934923624664,0.145826386826584,0.376521684463432,15.3906145306882
"K183156_CELL29350_N1","K183156","Keloid","ECM-producing fibroblasts","Y_40",0,0.0241747888049706,0.336025694209688,14.8079565537481
"K183156_CELL29405_N1","K183156","Keloid","Homeostatic/regulatory fibroblasts","Y_56",0.790850106629421,0.0720677388917427,0.435700995130058,20.049596562775
"K183156_CELL29464_N1","K183156","Keloid","Homeostatic/regulatory fibroblasts","Y_1",1.28485412804865,0.0779954456888623,0.255543166832895,21.1120712749149
"K183156_CELL29671_N1","K183156","Keloid","Matrix-remodeling fibroblasts","Y_56",0.412027877784441,0.17793883681785,0.42063719716437,20.1936519029809
"K183156_CELL29753_N1","K183156","Keloid","Matrix-remodeling fibroblasts","Y_39",0.438032297872437,0.11316987299139,0.317348464976497,13.7712482617253
"K183156_CELL29916_N1","K183156","Keloid","Matrix-remodeling fibroblasts","Y_9",0,0.14663501294102,0.350679782943722,15.4154631855174
"K183156_CELL29934_N1","K183156","Keloid","ECM-producing fibroblasts","Y_1",0,0.220583777826834,0.243858719699075,22.2325919557455
"K183156_CELL30145_N1","K183156","Keloid","Matrix-remodeling fibroblasts","Y_56",0,0.0929675620707605,0.398329308111457,19.7764393019246
"K183156_CELL30180_N1","K183156","Keloid","Matrix-remodeling fibroblasts","Y_56",0,0.0516276334972592,0.415706379065414,19.870131766387
"K183156_CELL31044_N1","K183156","Keloid","Homeostatic/regulatory fibroblasts","Y_1",0.225042211631987,0.212498161431259,0.380587853975995,20.9797337089804
"K183156_CELL31471_N1","K183156","Keloid","Matrix-remodeling fibroblasts","Y_39",0,0.0927462154611447,0.335365302719666,13.5384014446525
"K183156_CELL31584_N1","K183156","Keloid","Matrix-remodeling fibroblasts","Y_56",0.326135157831,0.0620904403827864,0.415536733352164,20.2291215708922
"K183156_CELL31596_N1","K183156","Keloid","Matrix-remodeling fibroblasts","Y_56",0.36561527499971,0.0581996058341407,0.449562762574608,20.2996430756921
"K183156_CELL31644_N1","K183156","Keloid","ECM-producing fibroblasts","Y_56",0,0.057531337861975,0.366406034081842,19.944275582501
"K183156_CELL31729_N1","K183156","Keloid","ECM-producing fibroblasts","Y_40",0,0.0638144763559955,0.378664707934602,14.8551187985147
"K183156_CELL31924_N1","K183156","Keloid","Homeostatic/regulatory fibroblasts","Y_73",0.476895746740838,0.194731016166765,0.363362396153869,12.9910132929162
"K183156_CELL32069_N1","K183156","Keloid","Matrix-remodeling fibroblasts","Y_39",0.389350870836383,0.0330245971326727,0.321269980823675,13.5708156295198
"K183156_CELL32181_N1","K183156","Keloid","Homeostatic/regulatory fibroblasts","Y_56",0.233578416000862,0.062786028356723,0.410743072237198,19.8420142390921
"K183156_CELL32209_N1","K183156","Keloid","ECM-producing fibroblasts","Y_1",0,0.131536348629335,0.248750725284094,22.1313938099935
"K183261_CELL782_N3","K183261","Keloid","Homeostatic/regulatory fibroblasts","Y_57",0.155152866235589,0.0728410136894185,0.343644932592967,17.5446918181224
"K183261_CELL831_N2","K183261","Keloid","Homeostatic/regulatory fibroblasts","Y_21",0.632908122864614,0.0426013366781169,0.313234858971903,11.8860995919609
"K183261_CELL1053_N6","K183261","Keloid","ECM-producing fibroblasts","Y_47",0,0.0583872440593393,0.412393729051888,15.3661635151694
"K183261_CELL1385_N2","K183261","Keloid","Homeostatic/regulatory fibroblasts","Y_38",0.435681497764915,0.296289707120036,0.302866385527429,19.4667452064587
"K183261_CELL1474_N3","K183261","Keloid","Homeostatic/regulatory fibroblasts","Y_1",0,0.0815316703896341,0.172655001384059,22.0444514463134
"K183261_CELL1794_N4","K183261","Keloid","ECM-producing fibroblasts","Y_9",0,0.113642985609118,0.33384510841954,15.3661596090516
"K183261_CELL1909_N4","K183261","Keloid","Homeostatic/regulatory fibroblasts","Y_82",1.37387194910267,0.151155834479086,0.135991306480475,5.02415974471386
"K183261_CELL1937_N4","K183261","Keloid","Homeostatic/regulatory fibroblasts","Y_100",1.2101710247543,0.121214443492354,0.208467212398626,6.70536475340376
"K183261_CELL2058_N2","K183261","Keloid","ECM-producing fibroblasts","Y_4",0,0.0685995613873808,0.37185619486557,16.6190909552823
"K183261_CELL2230_N5","K183261","Keloid","ECM-producing fibroblasts","Y_1",0.3926847462634,0.0333722725323194,0.248492686125454,20.5663554457363
"K183261_CELL2234_N4","K183261","Keloid","Homeostatic/regulatory fibroblasts","Y_33",1.37108189702765,0.248953907482952,0.251875420053691,8.3605955527642
"K183261_CELL2264_N3","K183261","Keloid","ECM-producing fibroblasts","Y_68",0,0.0893632519862477,0.391855771488586,19.6338560782254
"K183261_CELL2301_N2","K183261","Keloid","Matrix-remodeling fibroblasts","Y_116",1.39686420609313,0.0231408485313445,0.196313952291169,4.69394903211651
"K183261_CELL3150_N2","K183261","Keloid","ECM-producing fibroblasts","Y_63",0.178606754708663,0.0637881266816654,0.355431926960001,19.1312250767636
"K183261_CELL3380_N4","K183261","Keloid","Homeostatic/regulatory fibroblasts","Y_66",1.21561403416333,0.181103124550606,0.288458706493948,10.8077828313214
"K183261_CELL3662_N6","K183261","Keloid","Homeostatic/regulatory fibroblasts","Y_53",0.574807565112177,0.14799270041516,0.32266610034224,12.7577133401832
"K183261_CELL3774_N3","K183261","Keloid","Matrix-remodeling fibroblasts","Y_42",0.391147541619177,0.0991533142084701,0.297627007489161,12.5351815466475
"K183261_CELL4138_N3","K183261","Keloid","ECM-producing fibroblasts","Y_1",0,0.127566752133224,0.181642207176525,22.547306507986
"K183261_CELL4247_N4","K183261","Keloid","Homeostatic/regulatory fibroblasts","Y_96",0.891489500287822,0.105582654276676,0.180731614750177,4.39508694534616
"K183261_CELL4530_N7","K183261","Keloid","ECM-producing fibroblasts","Y_56",0,0.0880756151443699,0.45176944680999,20.0849664810473
"K183261_CELL4642_N3","K183261","Keloid","ECM-producing fibroblasts","Y_41",0,0.136402635309323,0.373885307039733,18.7377688587389
"K183261_CELL4741_N3","K183261","Keloid","Homeostatic/regulatory fibroblasts","Y_56",0.178441123151154,0.0413951199519412,0.389321115533424,20.1343351809066
"K183261_CELL5112_N2","K183261","Keloid","Homeostatic/regulatory fibroblasts","Y_40",0.356746145264545,0.0655559689737394,0.352318058119832,14.8380920015912
"K183261_CELL5265_N2","K183261","Keloid","Homeostatic/regulatory fibroblasts","Y_82",1.46524658418927,0.146351135179522,0.137131995010457,5.39679775987217
"K183261_CELL5296_N2","K183261","Keloid","Matrix-remodeling fibroblasts","Y_16",0.505282127078105,0.119840328997748,0.374062401361536,14.3770266016874
"K183261_CELL6116_N2","K183261","Keloid","Homeostatic/regulatory fibroblasts","Y_51",0.756123610194009,0.0898523178802109,0.251749870074062,10.1334573851335
"K183261_CELL6202_N3","K183261","Keloid","ECM-producing fibroblasts","Y_23",0,0.0530283820112066,0.352475539134639,15.9242208070132
"K183261_CELL7358_N2","K183261","Keloid","ECM-producing fibroblasts","Y_43",0,0.103045555287975,0.420593142507642,17.5636286255256
"K183261_CELL7359_N1","K183261","Keloid","Matrix-remodeling fibroblasts","Y_118",0.759068576741765,0,0.176523824463364,6.78603368131589
"K183261_CELL8615_N4","K183261","Keloid","Homeostatic/regulatory fibroblasts","Y_66",1.08428982792893,0.0912248598090157,0.279307561186636,10.8491948691665
"K183261_CELL9070_N3","K183261","Keloid","ECM-producing fibroblasts","Y_4",0,0.0361925849567619,0.300753074832461,16.4161152481356
"K183261_CELL9269_N3","K183261","Keloid","Matrix-remodeling fibroblasts","Y_47",0.201936847368879,0.0389735165245105,0.363161378134529,15.1362562380114
"K183261_CELL9511_N3","K183261","Keloid","Matrix-remodeling fibroblasts","Y_56",0,0.13238818946261,0.420043473616313,20.1724371114472
"K183261_CELL9537_N3","K183261","Keloid","Homeostatic/regulatory fibroblasts","Y_114",1.26205642730902,0.883215485545775,0.128120431575142,0.297583267296148
"K183261_CELL9555_N2","K183261","Keloid","Homeostatic/regulatory fibroblasts","Y_64",0.507783586264702,0.0325046601022294,0.250496465384817,10.3944283660872
"K183261_CELL9812_N4","K183261","Keloid","Homeostatic/regulatory fibroblasts","Y_35",0.834826221940155,0.0663368782502954,0.276224163086345,20.0412851712995
"K183261_CELL9904_N2","K183261","Keloid","Homeostatic/regulatory fibroblasts","Y_107",0.992720007110967,0.0347718434662648,0.202624841071006,6.04789548792128
"K183261_CELL10261_N1","K183261","Keloid","ECM-producing fibroblasts","Y_65",0,0.0673670633760143,0.308770993196782,17.2617418566012
"K183261_CELL12047_N1","K183261","Keloid","ECM-producing fibroblasts","Y_1",0,0.0322720267224647,0.158177659241144,22.3877646799308
"K183261_CELL13785_N1","K183261","Keloid","Homeostatic/regulatory fibroblasts","Y_64",1.24408901684767,0.117579276382301,0.252217747990006,10.2968719129035
"K183261_CELL17149_N1","K183261","Keloid","Matrix-remodeling fibroblasts","Y_64",0.449087463987262,0.0235508459706644,0.292132108399261,10.4832922334834
"K183261_CELL17959_N1","K183261","Keloid","ECM-producing fibroblasts","Y_1",0.182040151768874,0.400970746890737,0.155486439700673,22.3442928060551
"K183261_CELL19488_N1","K183261","Keloid","Homeostatic/regulatory fibroblasts","Y_109",0.596672992878186,0.351088723322058,0.187084261540471,6.52057980790758
"K183261_CELL20828_N1","K183261","Keloid","ECM-producing fibroblasts","Y_78",0.220082045986046,0.159111041036584,0.395272215254958,18.3309441492084
"K183261_CELL26267_N1","K183261","Keloid","Homeostatic/regulatory fibroblasts","Y_86",1.15066780482002,0.116095625484685,0.273726025276669,9.59057015138058
"K183261_CELL30227_N1","K183261","Keloid","ECM-producing fibroblasts","Y_1",0,0.16867257374727,0.251319190056287,21.44999430617
"K183261_CELL34896_N1","K183261","Keloid","Homeostatic/regulatory fibroblasts","Y_114",0.840649030545013,0.951343777918061,0.146017417504881,0.309908055339709
"K183261_CELL36106_N1","K183261","Keloid","Homeostatic/regulatory fibroblasts","Y_80",0.998686678322604,0.200892509183962,0.352568027749981,18.62680053506
"K183261_CELL37268_N1","K183261","Keloid","ECM-producing fibroblasts","Y_101",0.858286158700597,0.0660491942653455,0.242205930665624,9.21878394089847
"K712771_CELL329_N4","K712771","Keloid","Matrix-remodeling fibroblasts","Y_56",0.304934760537008,0.151556141898318,0.44433841432009,20.0118373596867
"K712771_CELL502_N3","K712771","Keloid","Homeostatic/regulatory fibroblasts","Y_114",1.33509343186599,0.780093245103293,0.139434094392076,0.586656721733248
"K712771_CELL710_N4","K712771","Keloid","ECM-producing fibroblasts","Y_57",0,0.212837563170738,0.343506740775223,17.4672148679429
"K712771_CELL834_N1","K712771","Keloid","Matrix-remodeling fibroblasts","Y_75",0.208906450004386,0.18946420337742,0.280774776899122,9.82795589754458
"K712771_CELL859_N6","K712771","Keloid","Homeostatic/regulatory fibroblasts","Y_71",0.24913041856487,0.158955829223659,0.297755624167288,11.6519190696305
"K712771_CELL1003_N2","K712771","Keloid","ECM-producing fibroblasts","Y_56",0.110282910054389,0.128063109085906,0.402882259204254,19.7145045702164
"K712771_CELL1279_N4","K712771","Keloid","Matrix-remodeling fibroblasts","Y_56",0.341767995363391,0.0813733322293789,0.389920201124741,20.1924797567193
"K712771_CELL1351_N2","K712771","Keloid","ECM-producing fibroblasts","Y_47",0,0.0754851918857134,0.346506592871018,15.1011066895777
"K712771_CELL1464_N4","K712771","Keloid","Homeostatic/regulatory fibroblasts","Y_16",0.420454542371226,0.194267974418712,0.370920537409803,14.0899428567251
"K712771_CELL1603_N2","K712771","Keloid","Homeostatic/regulatory fibroblasts","Y_39",0.073503384079152,0.200953499088928,0.364319244959884,13.5260253156188
"K712771_CELL1806_N3","K712771","Keloid","Matrix-remodeling fibroblasts","Y_59",0.28555155122754,0.22560843187457,0.370391379074866,13.5502040020549
"K712771_CELL1977_N5","K712771","Keloid","ECM-producing fibroblasts","Y_56",0.346972046725223,0.114633324065406,0.456525328656584,20.1068324619789
"K712771_CELL1989_N4","K712771","Keloid","ECM-producing fibroblasts","Y_1",0,0.0716147198677692,0.222712782395183,22.4638314903592
"K712771_CELL1996_N3","K712771","Keloid","Homeostatic/regulatory fibroblasts","Y_39",0.255003811791803,0.164467454944941,0.353372054469379,13.5051939671473
"K712771_CELL2224_N4","K712771","Keloid","Homeostatic/regulatory fibroblasts","Y_11",0.246636375126791,0.0651778406613151,0.399669332522664,19.2498134619126
"K712771_CELL2493_N7","K712771","Keloid","ECM-producing fibroblasts","Y_56",0.126490848622813,0.144677980378072,0.450301027075969,20.1860321497847
"K712771_CELL2762_N5","K712771","Keloid","Matrix-remodeling fibroblasts","Y_73",0.314404685988143,0.3490303135515,0.356092478037801,13.1515247031704
"K712771_CELL3052_N3","K712771","Keloid","Matrix-remodeling fibroblasts","Y_56",0.300451902767511,0.0973022953892477,0.397842608476809,19.9735167622103
"K712771_CELL3113_N2","K712771","Keloid","Matrix-remodeling fibroblasts","Y_39",0.388999556481299,0.114782814404782,0.364775514304373,13.6734060993141
"K712771_CELL3674_N3","K712771","Keloid","Matrix-remodeling fibroblasts","Y_26",0.155355702190774,0.22636392791926,0.413822854199365,15.4846271507676
"K712771_CELL4138_N2","K712771","Keloid","Matrix-remodeling fibroblasts","Y_74",0.422543161360179,0.376234948503334,0.308766717026864,10.719233539444
"K712771_CELL4504_N2","K712771","Keloid","ECM-producing fibroblasts","Y_11",0,0.0149904487360339,0.385394298101257,19.1604973493543
"K712771_CELL5011_N4","K712771","Keloid","Matrix-remodeling fibroblasts","Y_74",0,0.193513909244261,0.317829287589676,10.7132282573542
"K712771_CELL5241_N2","K712771","Keloid","Homeostatic/regulatory fibroblasts","Y_18",0.48620320818159,0.212453056976611,0.301235044576064,11.5204292131031
"K712771_CELL5313_N2","K712771","Keloid","Matrix-remodeling fibroblasts","Y_39",0,0.0722261614204659,0.324206150428554,13.8495020919008
"K712771_CELL5445_N4","K712771","Keloid","Matrix-remodeling fibroblasts","Y_74",0.508961706480266,0.189830480286336,0.291570625079817,10.656776037618
"K712771_CELL5485_N1","K712771","Keloid","Matrix-remodeling fibroblasts","Y_75",0.112925795525802,0.247530628689711,0.29298333627395,9.88723079367382
"K712771_CELL5492_N2","K712771","Keloid","Matrix-remodeling fibroblasts","Y_68",0.189740166721648,0.260306913997605,0.435492284341337,19.5491489047479
"K712771_CELL5571_N3","K712771","Keloid","ECM-producing fibroblasts","Y_71",0,0.0455795808487606,0.287566300007312,12.279993056498
"K712771_CELL5672_N2","K712771","Keloid","ECM-producing fibroblasts","Y_56",0.511321881667059,0.147053524282092,0.453154022512644,20.0754940446015
"K712771_CELL5695_N3","K712771","Keloid","ECM-producing fibroblasts","Y_30",0,0.0786295650017846,0.362610452458357,16.3089255845032
"K712771_CELL6146_N1","K712771","Keloid","ECM-producing fibroblasts","Y_66",0.376335191546646,0.0896036170349158,0.264990097615478,10.8112772996195
"K712771_CELL6298_N2","K712771","Keloid","Homeostatic/regulatory fibroblasts","Y_114",0.900322077580561,0.842815633695598,0.119685267119576,0.312053443956337
"K712771_CELL6542_N3","K712771","Keloid","ECM-producing fibroblasts","Y_43",0.36416333075217,0.161509805146224,0.421858956275704,17.461878164499
"K712771_CELL6576_N2","K712771","Keloid","Homeostatic/regulatory fibroblasts","Y_21",0.327917755852551,0.226246790193022,0.333971302247956,12.0548813097148
"K712771_CELL6579_N2","K712771","Keloid","Matrix-remodeling fibroblasts","Y_8",0.279667858021082,0.309763613523921,0.398282620390101,18.0103099202935
"K712771_CELL6732_N2","K712771","Keloid","ECM-producing fibroblasts","Y_56",0.371409574497699,0.168576071888016,0.469454542011708,20.156778182691
"K712771_CELL6787_N2","K712771","Keloid","ECM-producing fibroblasts","Y_42",0.544737411955554,0.0385229609402644,0.281484840090838,12.1098685107798
"K712771_CELL6857_N3","K712771","Keloid","Matrix-remodeling fibroblasts","Y_56",0.342960408108919,0.0741080833999677,0.414767084034282,20.2493482345973
"K712771_CELL7321_N4","K712771","Keloid","ECM-producing fibroblasts","Y_50",0,0.0242176625803471,0.276565700581452,18.4421877141117
"K712771_CELL7398_N2","K712771","Keloid","Matrix-remodeling fibroblasts","Y_29",0.228553606619871,0.16360506044877,0.40910016804613,18.8759270286823
"K712771_CELL7490_N2","K712771","Keloid","ECM-producing fibroblasts","Y_56",0.185873108373192,0.144408116312468,0.41271368111566,19.7465956734464
"K712771_CELL8181_N2","K712771","Keloid","Matrix-remodeling fibroblasts","Y_50",0,0.445990117369738,0.328934242332375,18.5371368267374
"K712771_CELL8397_N3","K712771","Keloid","Matrix-remodeling fibroblasts","Y_42",0,0.25616346184889,0.332104295806323,12.1851738479026
"K712771_CELL8809_N1","K712771","Keloid","Matrix-remodeling fibroblasts","Y_21",0.15807930113335,0.163603340704388,0.319669870854756,11.9369827897029
"K712771_CELL8906_N2","K712771","Keloid","ECM-producing fibroblasts","Y_56",0.322845811326174,0.0865486503771872,0.471618599834274,20.3389915554641
"K712771_CELL8975_N2","K712771","Keloid","Homeostatic/regulatory fibroblasts","Y_75",0.351130532423619,0.234347345489998,0.305484631455156,9.81050902822341
"K712771_CELL9044_N2","K712771","Keloid","Matrix-remodeling fibroblasts","Y_3",0,0.0616470966843471,0.381843059590088,18.550136564209
"K712771_CELL9469_N1","K712771","Keloid","Homeostatic/regulatory fibroblasts","Y_71",0.572646478905411,0.149515708245822,0.304607765881526,11.7837622262329
"K712771_CELL9682_N5","K712771","Keloid","ECM-producing fibroblasts","Y_56",0.0867744964911518,0.0794927652641916,0.442499417550149,19.9736847217198
"K712771_CELL10156_N2","K712771","Keloid","ECM-producing fibroblasts","Y_70",0.397103027551802,0.236384982516206,0.23499677771672,5.13712228375877
"K712771_CELL10795_N1","K712771","Keloid","Matrix-remodeling fibroblasts","Y_71",0.529762320537041,0.13828401888835,0.302897822250724,11.7922746838626
"K712771_CELL11078_N2","K712771","Keloid","Matrix-remodeling fibroblasts","Y_66",0.225758970099947,0.212863420664987,0.320612981667749,10.7583117117693
"K712771_CELL11095_N3","K712771","Keloid","ECM-producing fibroblasts","Y_56",0,0.079002809551575,0.45675569058608,20.1377155276535
"K712771_CELL11452_N2","K712771","Keloid","Matrix-remodeling fibroblasts","Y_56",0.630876273945777,0.223265764783322,0.4391768256687,19.8914592619273
"K712771_CELL11479_N2","K712771","Keloid","Matrix-remodeling fibroblasts","Y_76",1.05289760179984,0.165316575119062,0.308091250035035,12.7663695453294
"K712771_CELL11481_N2","K712771","Keloid","Matrix-remodeling fibroblasts","Y_24",0.769237680145598,0.16969835321636,0.379868877224026,14.6557619337488
"K712771_CELL11522_N3","K712771","Keloid","Matrix-remodeling fibroblasts","Y_39",0.27177103395299,0.0323536945182131,0.303991950524224,13.8003247517614
"K712771_CELL11558_N3","K712771","Keloid","Matrix-remodeling fibroblasts","Y_53",0.836369837406552,0.355526629395701,0.352062134280229,12.9228306907107
"K712771_CELL11931_N2","K712771","Keloid","ECM-producing fibroblasts","Y_56",0,0.0432416820938973,0.374478091272723,19.8269809155664
"K712771_CELL12144_N2","K712771","Keloid","ECM-producing fibroblasts","Y_56",0.265714762332028,0.133849369704857,0.423747429263892,19.8433090377482
"K712771_CELL12364_N3","K712771","Keloid","Matrix-remodeling fibroblasts","Y_56",0.44021664606621,0.0750357711333768,0.440108627685061,20.2165308225963
"K712771_CELL12466_N1","K712771","Keloid","Matrix-remodeling fibroblasts","Y_102",0.846392032276817,0.395109903604127,0.238657116444546,3.80944267133431
"K712771_CELL12512_N1","K712771","Keloid","Matrix-remodeling fibroblasts","Y_86",0.804053690119782,0.469468281068716,0.299113711529321,9.61437505213446
"K712771_CELL12584_N2","K712771","Keloid","Homeostatic/regulatory fibroblasts","Y_88",1.30260483989494,0.157972959996221,0.236479907051109,6.99670140940039
"K712771_CELL12890_N2","K712771","Keloid","Homeostatic/regulatory fibroblasts","Y_106",0.20996354935027,0.136901502215564,0.254742708868319,9.27688938500396
"K712771_CELL13133_N1","K712771","Keloid","Homeostatic/regulatory fibroblasts","Y_16",1.27147581243955,0.207685027355172,0.377228201172072,14.1355265036444
"K712771_CELL13267_N1","K712771","Keloid","Matrix-remodeling fibroblasts","Y_118",0.596548817711378,0.198973457969275,0.240946909833617,6.43762762585016
"K712771_CELL13941_N1","K712771","Keloid","Matrix-remodeling fibroblasts","Y_64",0.530757547542317,0.244075443713021,0.284092997475922,10.6871069104687
"K712771_CELL14353_N1","K712771","Keloid","Homeostatic/regulatory fibroblasts","Y_57",0.226453698985932,0.169387717741538,0.336944106773102,17.4946835399918
"K712771_CELL15190_N1","K712771","Keloid","Matrix-remodeling fibroblasts","Y_39",0.334237241021423,0.291107150209272,0.360404657104329,13.7010064132282
"K712771_CELL15220_N1","K712771","Keloid","Homeostatic/regulatory fibroblasts","Y_85",0.284815249052238,0.253322123100874,0.309166715609615,11.0431957200162
"K712771_CELL16633_N1","K712771","Keloid","ECM-producing fibroblasts","Y_66",0,0.104315530398795,0.288675244156231,10.7523663660589
"K712771_CELL16714_N1","K712771","Keloid","Matrix-remodeling fibroblasts","Y_35",0.688908065367727,0.349248819277694,0.321344797547324,20.0897672129242
"K712771_CELL17064_N1","K712771","Keloid","Matrix-remodeling fibroblasts","Y_1",0.549424127857025,0.480779755942783,0.316965558791485,20.7164591705391
"K712771_CELL17104_N1","K712771","Keloid","ECM-producing fibroblasts","Y_1",0.12034891352119,0.399947600338541,0.351865186874739,21.6057133562495
"K712771_CELL17382_N1","K712771","Keloid","Matrix-remodeling fibroblasts","Y_85",0.949367200863946,0.0596145881568505,0.269931111222562,11.2747001547829
"K712771_CELL18078_N1","K712771","Keloid","Matrix-remodeling fibroblasts","Y_5",0.183376350057199,0.12682796039697,0.386103968163584,18.312100873187
"K712771_CELL18219_N1","K712771","Keloid","ECM-producing fibroblasts","Y_5",0.269499689004722,0.0742440269608733,0.373675201874524,18.2190787130705
"K712771_CELL19019_N1","K712771","Keloid","Matrix-remodeling fibroblasts","Y_1",0,0.223727601188355,0.2985765949996,20.5142799526523
"K712771_CELL19429_N1","K712771","Keloid","Homeostatic/regulatory fibroblasts","Y_64",0.317498788168236,0.266499046266263,0.287591286309553,10.2862029155158
"K712771_CELL19483_N1","K712771","Keloid","Matrix-remodeling fibroblasts","Y_8",0.224408369787948,0.120910459912356,0.364099163040847,18.2209603810271
"K712771_CELL20341_N1","K712771","Keloid","Matrix-remodeling fibroblasts","Y_16",0.384804573992328,0.166811022350803,0.363453045437115,14.1663634508163
"K712771_CELL20624_N1","K712771","Keloid","ECM-producing fibroblasts","Y_10",0.417329594713621,0.110683627667879,0.476500650174816,17.6831550457282
"K712771_CELL20715_N1","K712771","Keloid","ECM-producing fibroblasts","Y_56",0.165427210076427,0.118218664726655,0.433643780590143,19.8993241218616
"K712771_CELL21116_N1","K712771","Keloid","ECM-producing fibroblasts","Y_56",0.066986188123627,0.0579699045584975,0.432994097740968,20.0115766572112
"K712771_CELL21319_N1","K712771","Keloid","Homeostatic/regulatory fibroblasts","Y_86",0.164639068534421,0.17302465220679,0.266339685885575,9.39079513568603
"K712771_CELL21676_N1","K712771","Keloid","Homeostatic/regulatory fibroblasts","Y_42",0.48156052989421,0.190754387750406,0.306959194955909,12.3445816807711
"K712771_CELL21794_N1","K712771","Keloid","ECM-producing fibroblasts","Y_1",0,0.161044483925055,0.199013574962635,22.0921340127793
"K712771_CELL22525_N1","K712771","Keloid","Matrix-remodeling fibroblasts","Y_51",0.295518885630604,0.16295164674167,0.288165366131814,10.1440802215936
"K712771_CELL23153_N1","K712771","Keloid","ECM-producing fibroblasts","Y_47",0,0.120546498885377,0.37396636383289,15.1302194519617
"K712771_CELL23672_N1","K712771","Keloid","Matrix-remodeling fibroblasts","Y_1",0,0.207023330883776,0.323566554779948,20.5289553988721
"K712771_CELL23805_N1","K712771","Keloid","Homeostatic/regulatory fibroblasts","Y_79",0.285462774950044,0.316188395797495,0.329637852081404,11.7889782445417
"N176712_CELL1209_N3","N176712","Normal","Matrix-remodeling fibroblasts","Y_60",0.907577826164789,0.148809684228452,0.225677140478624,8.32081139818411
"N176712_CELL2777_N3","N176712","Normal","Homeostatic/regulatory fibroblasts","Y_32",0.64576551414119,0.279709269124588,0.248634960880203,7.63301497843142
"N176712_CELL3232_N2","N176712","Normal","Homeostatic/regulatory fibroblasts","Y_115",1.58307630761962,0.985505545334107,0.196054430839352,0.919628181840551
"N176712_CELL3900_N2","N176712","Normal","Homeostatic/regulatory fibroblasts","Y_67",0.715030007706606,0.219144485597359,0.25316970040685,8.22683799180802
"N176712_CELL4364_N2","N176712","Normal","Matrix-remodeling fibroblasts","Y_100",0.259071000542992,0.291876689268546,0.261708892866764,6.42362974881021
"N176712_CELL5248_N3","N176712","Normal","ECM-producing fibroblasts","Y_98",0.736450529460108,0.777945858408998,0.169941724299214,1.42930502692278
"N176712_CELL6455_N2","N176712","Normal","Homeostatic/regulatory fibroblasts","Y_67",1.34339884219301,0.317293965730855,0.262563487336545,8.19033569813173
"N176712_CELL6949_N3","N176712","Normal","Homeostatic/regulatory fibroblasts","Y_33",1.31828542529146,0.207233882967308,0.273689415621769,8.33839985724421
"N176712_CELL9310_N1","N176712","Normal","Homeostatic/regulatory fibroblasts","Y_114",0.824194499974404,0.75549811926379,0.157683320238241,0.319340815162594
"N176712_CELL14513_N1","N176712","Normal","Matrix-remodeling fibroblasts","Y_113",0.447503646317046,0.407390172542973,0.200620813435617,3.30389787828186
"N176712_CELL14881_N1","N176712","Normal","Matrix-remodeling fibroblasts","Y_67",0.423897294141984,0.500242078207905,0.249297077951178,7.77865590895535
"N177536_CELL99_N5","N177536","Normal","Homeostatic/regulatory fibroblasts","Y_89",1.22269163327407,0.145558527770723,0.151068471663139,7.05125863371392
"N177536_CELL467_N2","N177536","Normal","Homeostatic/regulatory fibroblasts","Y_116",0.779253338718615,0.165100269995818,0.209990328085456,4.78143342751248
"N177536_CELL641_N3","N177536","Normal","Homeostatic/regulatory fibroblasts","Y_46",0.732804760617888,0.241297465258684,0.339873130691963,19.6606178128907
"N177536_CELL1859_N3","N177536","Normal","Homeostatic/regulatory fibroblasts","Y_1",1.48732399233573,0.147706803236195,0.122054096759366,22.1144210051832
"N177536_CELL2671_N2","N177536","Normal","Homeostatic/regulatory fibroblasts","Y_67",0.670465890264871,0.239494639541757,0.2276000139266,8.0199517552962
"N177536_CELL3702_N2","N177536","Normal","Homeostatic/regulatory fibroblasts","Y_114",0.973675795173774,0.909096887710607,0.149903489383301,0.182654130282136
"N177536_CELL3817_N3","N177536","Normal","Homeostatic/regulatory fibroblasts","Y_33",1.12643614180177,0.155038386975461,0.25703109656093,8.53721476855336
"N177536_CELL4444_N3","N177536","Normal","Matrix-remodeling fibroblasts","Y_64",0.420325738497341,0.231342669282172,0.267395331304067,10.3074304343232
"N177536_CELL4931_N3","N177536","Normal","Homeostatic/regulatory fibroblasts","Y_32",0.615509236675163,0.22782386876027,0.237192574213988,7.52073275912496
"N177536_CELL5149_N2","N177536","Normal","Homeostatic/regulatory fibroblasts","Y_92",0.738159002629656,0.361160648719249,0.251081200250051,6.72316974373265
"N177536_CELL5420_N3","N177536","Normal","Homeostatic/regulatory fibroblasts","Y_90",1.20880052529503,0.162630940445124,0.164688667704739,2.23030112841474
"N177536_CELL5535_N2","N177536","Normal","Homeostatic/regulatory fibroblasts","Y_32",0.203548720391483,0.300385239660115,0.258056048343705,8.30256287861424
"N177536_CELL5547_N2","N177536","Normal","Homeostatic/regulatory fibroblasts","Y_114",0.705899318538032,0.648553172779177,0.170220782822007,0.397413522227724
"N177536_CELL6495_N2","N177536","Normal","Homeostatic/regulatory fibroblasts","Y_114",0.849539762404367,0.90784861519023,0.17958494760695,0.251469350319071
"N177536_CELL6881_N2","N177536","Normal","Homeostatic/regulatory fibroblasts","Y_114",0.600890964135435,0.624889057338293,0.184274379070545,0.197748985948261
"N177536_CELL8407_N2","N177536","Normal","Homeostatic/regulatory fibroblasts","Y_81",0.957358313736797,0.202305772334013,0.256094132975552,8.3666505222703
"N177536_CELL8499_N2","N177536","Normal","Homeostatic/regulatory fibroblasts","Y_114",0.72783259283418,0.775996494105086,0.163988376340938,0.216144606555031
"N177536_CELL8756_N3","N177536","Normal","Homeostatic/regulatory fibroblasts","Y_67",2.25083512055208,0.125108640455272,0.224199771802927,8.1214468308817
"N177536_CELL8831_N2","N177536","Normal","Homeostatic/regulatory fibroblasts","Y_43",0.623669949917193,0.151911082987618,0.382973144321449,17.3414347100648
"N177536_CELL9609_N2","N177536","Normal","Homeostatic/regulatory fibroblasts","Y_114",0.736349798128388,0.891330434533022,0.177885440607796,0.141759307895503
"N177536_CELL9771_N2","N177536","Normal","Homeostatic/regulatory fibroblasts","Y_67",1.81920084763703,0.118256270150754,0.212137526755272,8.12734260845961
"N177536_CELL9976_N2","N177536","Normal","Homeostatic/regulatory fibroblasts","Y_114",0.613863899005855,0.716806121010064,0.138561530853731,0.378721692983472
"N177536_CELL10205_N3","N177536","Normal","Homeostatic/regulatory fibroblasts","Y_89",1.1380478687219,0.249257097342036,0.199647001172319,6.25812161679183
"N177536_CELL10358_N2","N177536","Normal","Homeostatic/regulatory fibroblasts","Y_86",0.643262269300272,0.228741957653147,0.265521779862622,9.54481475809653
"N177536_CELL11050_N3","N177536","Normal","Matrix-remodeling fibroblasts","Y_92",0.111665074026048,0.203068376243676,0.237432912441871,6.88120443451935
"N177536_CELL11056_N2","N177536","Normal","ECM-producing fibroblasts","Y_104",0.140845402564986,0.190434709108914,0.17214215088685,5.17119653179564
"N177536_CELL11528_N3","N177536","Normal","Homeostatic/regulatory fibroblasts","Y_4",1.14658544789536,0.165279362365733,0.389593094919796,16.6161820362589
"N177536_CELL11941_N3","N177536","Normal","Homeostatic/regulatory fibroblasts","Y_114",0.514121134978783,0.763478417863142,0.175408118860368,0.0686229432760075
"N177536_CELL13121_N1","N177536","Normal","Homeostatic/regulatory fibroblasts","Y_64",0,0.187091933983273,0.27643070217897,10.3363432343179
"N177536_CELL15883_N1","N177536","Normal","Matrix-remodeling fibroblasts","Y_64",0.762724241088057,0.257043193594947,0.251683696880564,10.34814125354
"N177536_CELL16993_N1","N177536","Normal","ECM-producing fibroblasts","Y_82",0.605731514013079,0.741952114935345,0.217107894127739,4.28466423067252
"N177536_CELL17130_N1","N177536","Normal","Homeostatic/regulatory fibroblasts","Y_82",0.387787805084743,0.440911108468783,0.215118331737006,4.31789581400071
"N177536_CELL18616_N1","N177536","Normal","ECM-producing fibroblasts","Y_79",0.485131201623668,0.0993015913812743,0.292132207916413,11.7007231702746
"N177536_CELL19214_N1","N177536","Normal","Homeostatic/regulatory fibroblasts","Y_114",0.624457953492279,0.935100961673583,0.188172872381108,0.250684108914543
"N177536_CELL19706_N1","N177536","Normal","Homeostatic/regulatory fibroblasts","Y_97",0.305290180626533,0.574622114225759,0.185275414114268,2.43423804717079
"N177536_CELL20358_N1","N177536","Normal","Matrix-remodeling fibroblasts","Y_89",0.162899075863775,0.396312553537445,0.214100955357411,6.31333598937918
"N177536_CELL22589_N1","N177536","Normal","Homeostatic/regulatory fibroblasts","Y_116",1.53563423503816,0.317554896704603,0.173482582432409,5.55415039663751
"N177536_CELL22836_N1","N177536","Normal","ECM-producing fibroblasts","Y_116",0.236284377563017,0.510799148332082,0.219175045333764,4.78077422433122
"N177536_CELL22977_N1","N177536","Normal","Matrix-remodeling fibroblasts","Y_118",0.702647878406077,0.508655625193969,0.242841830762184,6.74314298703417
"N177536_CELL23410_N1","N177536","Normal","Homeostatic/regulatory fibroblasts","Y_114",0.660492239094417,0.939221293640716,0.149242671246034,0.5422880325568
"N177536_CELL25842_N1","N177536","Normal","Matrix-remodeling fibroblasts","Y_76",0.221796187922737,0.0264043080860401,0.299040139188758,12.483782246108
"N177536_CELL26198_N1","N177536","Normal","Homeostatic/regulatory fibroblasts","Y_86",0,0.0845653754578262,0.257379718428481,9.54489579954488
"N177536_CELL27559_N1","N177536","Normal","ECM-producing fibroblasts","Y_1",0.636356936331955,0.309723757899046,0.167590597045476,22.0055688518315
"N387690_CELL199_N3","N387690","Normal","ECM-producing fibroblasts","Y_114",0.421337904593048,0.54190765384333,0.128837407028964,0.152076813423577
"N387690_CELL228_N3","N387690","Normal","Homeostatic/regulatory fibroblasts","Y_114",0.823941031063336,0.865957250059172,0.135701782579501,0.440118065953195
"N387690_CELL241_N3","N387690","Normal","Homeostatic/regulatory fibroblasts","Y_114",0.927148067479237,1.11034697283118,0.141476077752819,0.562662990332143
"N387690_CELL304_N4","N387690","Normal","Homeostatic/regulatory fibroblasts","Y_113",0.841295527754003,0.227154599076194,0.214815629855212,3.23823817515376
"N387690_CELL318_N4","N387690","Normal","Homeostatic/regulatory fibroblasts","Y_114",0,0.71570840571198,0.143100847590044,0.902553416769257
"N387690_CELL357_N3","N387690","Normal","Homeostatic/regulatory fibroblasts","Y_114",0.637910589829673,0.707991628443164,0.0857241313736007,0.887620940012185
"N387690_CELL370_N2","N387690","Normal","Homeostatic/regulatory fibroblasts","Y_114",0.218649851167717,0.595074107516725,0.13989016612365,0.317806580833407
"N387690_CELL477_N3","N387690","Normal","Homeostatic/regulatory fibroblasts","Y_114",0.689211239497863,0.795266431296876,0.131254114623191,0.329013609139304
"N387690_CELL532_N4","N387690","Normal","Homeostatic/regulatory fibroblasts","Y_111",0.244352346371977,0.657753942571478,0.192942919618412,1.41372315003883
"N387690_CELL573_N2","N387690","Normal","Homeostatic/regulatory fibroblasts","Y_114",0.584069243644193,0.731178408066907,0.147009340966401,0.25671501559088
"N387690_CELL669_N3","N387690","Normal","Homeostatic/regulatory fibroblasts","Y_114",0.800673622744089,0.902508438920225,0.136498042717856,0.293055010440634
"N387690_CELL780_N3","N387690","Normal","Homeostatic/regulatory fibroblasts","Y_116",0.497461757368762,0.220587062413473,0.226700464138003,4.69980189934725
"N387690_CELL787_N3","N387690","Normal","Homeostatic/regulatory fibroblasts","Y_114",0.627210619130657,0.926460025942642,0.112952461850759,0.484168405177485
"N387690_CELL811_N2","N387690","Normal","Homeostatic/regulatory fibroblasts","Y_114",1.04084462721001,0.703155438060267,0.130605319065646,0.497073326188825
"N387690_CELL939_N3","N387690","Normal","Homeostatic/regulatory fibroblasts","Y_114",0,0.557251347509159,0.129743865326163,0.580627091553311
"N387690_CELL1036_N1","N387690","Normal","Homeostatic/regulatory fibroblasts","Y_114",0.515041669748827,0.222729631143311,0.17427830840478,0.236096352777748
"N387690_CELL1048_N2","N387690","Normal","Homeostatic/regulatory fibroblasts","Y_114",0.566962184273606,0.768654784493103,0.125322122913055,0.204790354127439
"N387690_CELL1082_N4","N387690","Normal","Homeostatic/regulatory fibroblasts","Y_92",0.85585761071684,0.181670428240938,0.253112855735614,6.8203451362406
"N387690_CELL1182_N2","N387690","Normal","Homeostatic/regulatory fibroblasts","Y_114",0.959903259217307,0.884577750155851,0.129642275133657,0.319507600763867
"N387690_CELL1198_N2","N387690","Normal","Homeostatic/regulatory fibroblasts","Y_114",0.823384418169412,0.721994042071476,0.118374010674042,0.536186277873936
"N387690_CELL1312_N2","N387690","Normal","Homeostatic/regulatory fibroblasts","Y_114",0.387349358413908,1.09086869204913,0.16638055456683,0.156001661809332
"N387690_CELL1336_N2","N387690","Normal","Homeostatic/regulatory fibroblasts","Y_114",0,0.501900040016846,0.114559664937646,0.355445283252377
"N387690_CELL1371_N2","N387690","Normal","Homeostatic/regulatory fibroblasts","Y_114",0.953426415597598,0.798583547001303,0.10574933634266,0.590320361358889
"N387690_CELL1400_N2","N387690","Normal","Homeostatic/regulatory fibroblasts","Y_118",0.898007278853173,0.152109247695661,0.234825899067865,6.4006558133577
"N387690_CELL1473_N3","N387690","Normal","Homeostatic/regulatory fibroblasts","Y_114",0.52977693838808,0.706174284834168,0.0892194929051036,1.10840660409749
"N387690_CELL1541_N4","N387690","Normal","Homeostatic/regulatory fibroblasts","Y_114",0.597245392516435,0.739986086224982,0.134375722442811,0.444431185491359
"N387690_CELL1569_N3","N387690","Normal","Homeostatic/regulatory fibroblasts","Y_114",0.85630915538908,0.852906513965027,0.156335873216644,0.396628962842234
"N387690_CELL1703_N2","N387690","Normal","Homeostatic/regulatory fibroblasts","Y_114",0,0.507988908409099,0.0985162933754256,0.431182419997213
"N387690_CELL1731_N3","N387690","Normal","ECM-producing fibroblasts","Y_114",1.13159539777792,0.796897058858515,0.182639292924058,0.0513398106207673
"N387690_CELL1774_N3","N387690","Normal","Homeostatic/regulatory fibroblasts","Y_114",0.731595331171741,0.620739261686518,0.117843618398268,0.433090509282225
"N387690_CELL1787_N3","N387690","Normal","Homeostatic/regulatory fibroblasts","Y_114",0,0.527438027676198,0.141087363753217,0.0869607316511206
"N387690_CELL1804_N4","N387690","Normal","ECM-producing fibroblasts","Y_114",0,0.67286046740577,0.15427730677858,0.14485853521281
"N387690_CELL1836_N3","N387690","Normal","Homeostatic/regulatory fibroblasts","Y_114",0.90227831372621,1.00124288958475,0.175160406222939,0.227171799874082
"N387690_CELL1898_N4","N387690","Normal","Homeostatic/regulatory fibroblasts","Y_114",0.488771243454365,0.660742989948473,0.105242942217332,0.564388410386066
"N387690_CELL2098_N2","N387690","Normal","Homeostatic/regulatory fibroblasts","Y_114",0.487791737078979,0.679470836877444,0.099796799762375,0.524742967830899
"N387690_CELL2153_N3","N387690","Normal","Homeostatic/regulatory fibroblasts","Y_95",1.910044928899,0.174130768977823,0.217832539969018,5.14131399528731
"N387690_CELL2167_N2","N387690","Normal","ECM-producing fibroblasts","Y_114",0.678985863662191,0.957960322075713,0.147557243125494,0.430760725243584
"N387690_CELL2235_N5","N387690","Normal","Homeostatic/regulatory fibroblasts","Y_114",0.47678851093434,0.618499156378159,0.1387413429866,0.462065070225727
"N387690_CELL2287_N3","N387690","Normal","Homeostatic/regulatory fibroblasts","Y_114",0.304315984897162,0.729958899478007,0.161942996168937,0.159230769854228
"N387690_CELL2293_N4","N387690","Normal","Homeostatic/regulatory fibroblasts","Y_114",0.682509860549422,0.920607793599582,0.147207269636517,0.277209746184655
"N387690_CELL2307_N2","N387690","Normal","ECM-producing fibroblasts","Y_114",0.274908194913562,0.392294314639919,0.113903178719009,0.214336366560444
"N387690_CELL2367_N3","N387690","Normal","Homeostatic/regulatory fibroblasts","Y_102",0,0.724489463116357,0.239205077338753,3.83370018614625
"N387690_CELL2428_N2","N387690","Normal","ECM-producing fibroblasts","Y_102",0,0.242457817435292,0.181453688936735,3.73630720863951
"N387690_CELL2433_N2","N387690","Normal","Homeostatic/regulatory fibroblasts","Y_114",0,0.749742131756855,0.126000061353431,0.630393471916572
"N387690_CELL2521_N2","N387690","Normal","Homeostatic/regulatory fibroblasts","Y_114",1.01593910867126,0.373200990432215,0.117986420112179,0.265878797882309
"N387690_CELL2576_N3","N387690","Normal","Homeostatic/regulatory fibroblasts","Y_114",0.249327726062239,0.50046548474685,0.123495976278045,0.407601940896407
"N387690_CELL2590_N3","N387690","Normal","Homeostatic/regulatory fibroblasts","Y_114",0.858610979263135,0.888368003223179,0.124849647419999,0.363541318363842
"N387690_CELL2681_N2","N387690","Normal","Homeostatic/regulatory fibroblasts","Y_114",0.200236084304615,0.520382430176213,0.158516602057964,0.349557332148877
"N387690_CELL2703_N2","N387690","Normal","Homeostatic/regulatory fibroblasts","Y_114",0.592146499387938,0.597342761127988,0.110344145156954,0.622366176965527
"N387690_CELL2827_N2","N387690","Normal","Homeostatic/regulatory fibroblasts","Y_114",0.300129933427301,0.660872960790783,0.150439673000437,0.259397691601719
"N387690_CELL2934_N3","N387690","Normal","Homeostatic/regulatory fibroblasts","Y_114",0.290869520047402,0.605634117861937,0.0861701498386277,0.619356376337045
"N387690_CELL2939_N3","N387690","Normal","Homeostatic/regulatory fibroblasts","Y_102",0.46333474749784,0.239027784767215,0.195984749315317,3.65426144885057
"N387690_CELL2976_N2","N387690","Normal","Homeostatic/regulatory fibroblasts","Y_114",0.686523358485519,0.791152183701783,0.116561432085181,0.250176839696481
"N387690_CELL3003_N3","N387690","Normal","Homeostatic/regulatory fibroblasts","Y_114",0,0.591838305602031,0.10515905685497,0.440276722317654
"N387690_CELL3134_N3","N387690","Normal","Homeostatic/regulatory fibroblasts","Y_82",0.608142484756545,0.270650056192386,0.171044697811839,4.61118294484638
"N387690_CELL3274_N3","N387690","Normal","ECM-producing fibroblasts","Y_114",0.58886429819215,0.684563997084426,0.150987258484415,0.161802405783888
"N387690_CELL3328_N2","N387690","Normal","ECM-producing fibroblasts","Y_114",0.441146898462425,0.57956908899556,0.140888464200288,0.132450375524516
"N387690_CELL3396_N3","N387690","Normal","Homeostatic/regulatory fibroblasts","Y_114",0.337040363228733,0.845424983189212,0.140610739018893,0.880659182613922
"N387690_CELL3416_N2","N387690","Normal","Homeostatic/regulatory fibroblasts","Y_114",0.630756214754471,0.98170062089428,0.121178633629833,0.383487697034061
"N387690_CELL3433_N4","N387690","Normal","Homeostatic/regulatory fibroblasts","Y_112",0.366366454423919,0.195417934950095,0.169314643787248,1.01670122084618
"N387690_CELL3453_N2","N387690","Normal","Homeostatic/regulatory fibroblasts","Y_114",0.68070980647158,0.58807847202176,0.143644913862317,0.373447007151101
"N387690_CELL3526_N5","N387690","Normal","Homeostatic/regulatory fibroblasts","Y_114",0.942107251905033,0.770327839629497,0.122921555523402,0.308482674900969
"N387690_CELL3575_N2","N387690","Normal","Homeostatic/regulatory fibroblasts","Y_114",0.490315936744213,0.432080937849348,0.13533533706225,0.230949070240583
"N387690_CELL3596_N2","N387690","Normal","Homeostatic/regulatory fibroblasts","Y_114",0,0.54623700483686,0.151839806480489,0.277732930657802
"N387690_CELL3604_N2","N387690","Normal","Homeostatic/regulatory fibroblasts","Y_98",0.726442066097108,0.213176357270656,0.169468590283655,1.51634405714221
"N387690_CELL3612_N4","N387690","Normal","Homeostatic/regulatory fibroblasts","Y_114",0,0.547957499642399,0.105851953992381,0.385001431568944
"N387690_CELL3631_N4","N387690","Normal","Homeostatic/regulatory fibroblasts","Y_114",0.809224932414975,0.761106425676809,0.135650666793828,0.361436629703487
"N387690_CELL3735_N3","N387690","Normal","Homeostatic/regulatory fibroblasts","Y_114",0.769885863631267,0.774864517169686,0.146832248332974,0.11389655469972
"N387690_CELL3873_N3","N387690","Normal","Homeostatic/regulatory fibroblasts","Y_114",0.501728216219823,0.998896232067261,0.150196376288212,0.205481114356747
"N387690_CELL3902_N2","N387690","Normal","Homeostatic/regulatory fibroblasts","Y_114",0.727271734879626,0.815118019164061,0.135181371575981,0.254043570490296
"N387690_CELL3923_N3","N387690","Normal","Homeostatic/regulatory fibroblasts","Y_114",0,0.631177195832164,0.121505120077081,0.341075310682568
"N387690_CELL4047_N4","N387690","Normal","Homeostatic/regulatory fibroblasts","Y_114",0.702617385970341,1.05379252898202,0.134447535517039,0.637476082213436
"N387690_CELL4183_N2","N387690","Normal","Homeostatic/regulatory fibroblasts","Y_114",0.783240699933445,0.948839132003982,0.132427008865709,1.00522275602419
"N387690_CELL4356_N4","N387690","Normal","Homeostatic/regulatory fibroblasts","Y_114",1.39712764990742,0.749634515630391,0.139037298787278,0.256430649198785
"N387690_CELL4456_N2","N387690","Normal","Homeostatic/regulatory fibroblasts","Y_114",0.670850807235473,0.695131704457385,0.101933466271625,0.375479248739468
"N387690_CELL4592_N7","N387690","Normal","Homeostatic/regulatory fibroblasts","Y_33",1.28564646383161,0.212258215725504,0.259966497096448,8.26271725815806
"N387690_CELL4736_N2","N387690","Normal","Homeostatic/regulatory fibroblasts","Y_114",0.576074008632431,0.538983093102589,0.11701069683217,0.291438844969612
"N387690_CELL4752_N3","N387690","Normal","ECM-producing fibroblasts","Y_114",1.24675832430642,0.629598968363203,0.15252380396351,0.255197384057667
"N387690_CELL4803_N3","N387690","Normal","Homeostatic/regulatory fibroblasts","Y_114",1.05423876140698,0.839029966881882,0.124698458079304,0.262539099526206
"N387690_CELL5015_N2","N387690","Normal","Homeostatic/regulatory fibroblasts","Y_114",0.887942441136855,0.929835478681689,0.132725959040644,0.421715348612983
"N387690_CELL5034_N5","N387690","Normal","Homeostatic/regulatory fibroblasts","Y_114",0.617233755360061,0.801010724904274,0.128478309006286,0.317162654930717
"N387690_CELL5095_N3","N387690","Normal","Homeostatic/regulatory fibroblasts","Y_114",0.839461393620353,0.672414164539416,0.111656386321589,0.480475806841594
"N387690_CELL5103_N4","N387690","Normal","Homeostatic/regulatory fibroblasts","Y_114",0.714136901544554,0.794340524339596,0.127908517576582,0.347317504212131
"N387690_CELL5147_N3","N387690","Normal","Homeostatic/regulatory fibroblasts","Y_114",0.175922509699067,0.840696540304346,0.160179956800956,0.143108142443712
"N387690_CELL5163_N3","N387690","Normal","Homeostatic/regulatory fibroblasts","Y_114",0,0.909825013331061,0.12644235867562,0.410470474014124
"N387690_CELL5319_N3","N387690","Normal","Homeostatic/regulatory fibroblasts","Y_97",0.759714357521958,0.177717458868287,0.234667105289643,2.90517027672337
"N387690_CELL5347_N4","N387690","Normal","ECM-producing fibroblasts","Y_114",0.256128548449656,0.374232752959348,0.122836762690783,0.150184760404101
"N387690_CELL5652_N2","N387690","Normal","Homeostatic/regulatory fibroblasts","Y_97",0.769561013857762,0.277791519850197,0.195680331801595,2.39693072476111
"N387690_CELL5660_N3","N387690","Normal","Homeostatic/regulatory fibroblasts","Y_114",0.267381833848083,0.766915160914368,0.148090464037695,0.226255165477102
"N387690_CELL5689_N2","N387690","Normal","Homeostatic/regulatory fibroblasts","Y_20",0.341373321294462,0.615711118648746,0.184465507548194,0.284457679912658
"N387690_CELL5726_N2","N387690","Normal","Homeostatic/regulatory fibroblasts","Y_114",1.00542125865323,0.8236142582923,0.122951791823132,0.399128006914232
"N387690_CELL5772_N5","N387690","Normal","Homeostatic/regulatory fibroblasts","Y_103",0.498259129873785,0.541106531311135,0.165781583772245,0.821428127392897
"N387690_CELL6006_N2","N387690","Normal","Homeostatic/regulatory fibroblasts","Y_114",0.61182754882789,0.470288898568244,0.129938675151472,0.248320996816352
"N387690_CELL6059_N2","N387690","Normal","Homeostatic/regulatory fibroblasts","Y_114",0.204092234466342,0.856226045023415,0.132807487242413,0.401720158776942
"N387690_CELL6261_N3","N387690","Normal","Homeostatic/regulatory fibroblasts","Y_114",0,0.726106797584548,0.103899966020958,0.561544087222354
"N387690_CELL6304_N2","N387690","Normal","Homeostatic/regulatory fibroblasts","Y_114",0.671266223589342,0.636235012698144,0.111134940261557,0.411756149931016
"N387690_CELL6362_N2","N387690","Normal","Homeostatic/regulatory fibroblasts","Y_114",0.321448102428596,0.589276094644421,0.163838818604498,0.209483998531361
"N387690_CELL6518_N4","N387690","Normal","Homeostatic/regulatory fibroblasts","Y_114",0.307745639847569,0.768484808590885,0.145011454563317,0.458748629882585
"N387690_CELL6594_N2","N387690","Normal","Homeostatic/regulatory fibroblasts","Y_114",0.742234575158079,0.632994549769795,0.140372473397174,0.202016332346513
"N387690_CELL6668_N2","N387690","Normal","Homeostatic/regulatory fibroblasts","Y_114",0.63687134336975,0.600569050078092,0.110931421356026,0.267529510640063
"N387690_CELL6871_N2","N387690","Normal","Homeostatic/regulatory fibroblasts","Y_114",0.13977833082926,0.847362870530009,0.199068157692417,0.0524703201502245
"N387690_CELL6935_N4","N387690","Normal","Homeostatic/regulatory fibroblasts","Y_114",0.931411901471249,0.901119519216698,0.148953062538774,0.517889515816338
"N387690_CELL6951_N3","N387690","Normal","Homeostatic/regulatory fibroblasts","Y_114",0,0.583583616181025,0.179180784327147,0.093330508759528
"N387690_CELL7016_N2","N387690","Normal","Homeostatic/regulatory fibroblasts","Y_114",0.895653451231424,0.707804231697415,0.136870048112376,0.331302673620654
"N387690_CELL7026_N2","N387690","Normal","Homeostatic/regulatory fibroblasts","Y_114",1.19962093768859,0.640580797976095,0.140174911246288,0.17545105815745
"N387690_CELL7096_N2","N387690","Normal","Homeostatic/regulatory fibroblasts","Y_114",0.235617970055257,0.777499285134782,0.14469559963261,0.242158669968038
"N387690_CELL7121_N2","N387690","Normal","Homeostatic/regulatory fibroblasts","Y_114",0.360519276855335,0.671321198405956,0.142519916343091,0.390434393213565
"N387690_CELL7143_N3","N387690","Normal","ECM-producing fibroblasts","Y_97",0.195094502287145,0.392577077147145,0.193259494820789,2.29658926201018
"N387690_CELL7176_N3","N387690","Normal","Homeostatic/regulatory fibroblasts","Y_114",0.639495306921346,0.922986841921457,0.122204899638495,0.428604623651567
"N387690_CELL7208_N2","N387690","Normal","Homeostatic/regulatory fibroblasts","Y_101",0.705160712319114,0.248710966735601,0.292383213146769,9.05811516806857
"N387690_CELL7473_N3","N387690","Normal","Homeostatic/regulatory fibroblasts","Y_114",0.716978017898422,1.06773393264567,0.162409059212824,0.236696330867578
"N387690_CELL7509_N2","N387690","Normal","ECM-producing fibroblasts","Y_114",0.556018469143253,0.450121907536628,0.135556083080797,0.385162139077949
"N387690_CELL7538_N2","N387690","Normal","Homeostatic/regulatory fibroblasts","Y_114",0.41487315720147,0.772520649388733,0.102931853677047,0.576624246735557
"N387690_CELL7573_N3","N387690","Normal","Homeostatic/regulatory fibroblasts","Y_114",0.421903058958368,0.510527796078127,0.131872051261756,0.280538000406971
"N387690_CELL7647_N3","N387690","Normal","Homeostatic/regulatory fibroblasts","Y_114",0.755452398556218,0.511199261852891,0.127619036649893,0.304028755235163
"N387690_CELL7825_N2","N387690","Normal","Homeostatic/regulatory fibroblasts","Y_114",1.00117545644161,0.982384610160429,0.145568540265582,0.393868938699928
"N387690_CELL7852_N2","N387690","Normal","Homeostatic/regulatory fibroblasts","Y_114",0.438295823408316,0.822623285766634,0.113955036823129,0.661266829638602
"N387690_CELL7902_N2","N387690","Normal","Homeostatic/regulatory fibroblasts","Y_20",0.409291911411133,0.836696215026402,0.215521573418667,0.276209411656383
"N387690_CELL7949_N2","N387690","Normal","Matrix-remodeling fibroblasts","Y_87",0.893110184090266,0.252434532830116,0.190190573013897,2.43266194441842
"N387690_CELL8052_N2","N387690","Normal","Matrix-remodeling fibroblasts","Y_100",0.411765334395482,0.362854007704268,0.256490622448529,6.51378290850467
"N387690_CELL8080_N2","N387690","Normal","Homeostatic/regulatory fibroblasts","Y_114",0.978300320863323,0.974253429318517,0.138170619873424,0.398550372502913
"N387690_CELL8105_N2","N387690","Normal","Homeostatic/regulatory fibroblasts","Y_114",1.00288083503866,0.717207376260308,0.157634171494335,0.172565070669093
"N387690_CELL8127_N2","N387690","Normal","Homeostatic/regulatory fibroblasts","Y_114",1.08348357011547,1.04422211628029,0.136779031170493,0.461743440127409
"N387690_CELL8151_N3","N387690","Normal","Homeostatic/regulatory fibroblasts","Y_114",0.423210697895292,0.697199612187964,0.108642771511151,0.297530813237415
"N387690_CELL8300_N2","N387690","Normal","Homeostatic/regulatory fibroblasts","Y_114",0,0.378049622530769,0.112209979147129,0.306540737662142
"N387690_CELL8314_N4","N387690","Normal","Homeostatic/regulatory fibroblasts","Y_114",0.282501976862905,0.596465701748585,0.12445316712974,0.61922105413527
"N387690_CELL8342_N2","N387690","Normal","Homeostatic/regulatory fibroblasts","Y_114",1.10080304870948,1.07574578129801,0.117516502068103,0.589818252620764
"N387690_CELL8351_N3","N387690","Normal","Homeostatic/regulatory fibroblasts","Y_115",0.267381833848083,0.63135521907548,0.172202705568353,0.884250396867399
"N387690_CELL8481_N2","N387690","Normal","Homeostatic/regulatory fibroblasts","Y_114",0.596383751120967,0.947137336881417,0.142647393300205,0.442465095955374
"N387690_CELL8510_N3","N387690","Normal","Homeostatic/regulatory fibroblasts","Y_100",0.55594788403964,0.24288792420712,0.254739164325726,6.48295947164527
"N387690_CELL8571_N2","N387690","Normal","Homeostatic/regulatory fibroblasts","Y_114",0.738343401727498,1.00724550960919,0.11921993764457,0.983840076900355
"N387690_CELL8611_N2","N387690","Normal","Homeostatic/regulatory fibroblasts","Y_114",0.993246745113231,0.6359797112835,0.147825547381304,0.180541408155178
"N387690_CELL8623_N3","N387690","Normal","Homeostatic/regulatory fibroblasts","Y_114",1.11846412362094,1.02827380736319,0.121350133377513,0.502507409693166
"N387690_CELL8670_N2","N387690","Normal","Homeostatic/regulatory fibroblasts","Y_116",0.874061484766521,0.220045587169223,0.222637074729181,4.70348240090514
"N387690_CELL8732_N3","N387690","Normal","Homeostatic/regulatory fibroblasts","Y_1",0.22399923296066,0.68671061363778,0.106150300188213,22.4659133351493
"N387690_CELL8763_N2","N387690","Normal","Homeostatic/regulatory fibroblasts","Y_70",0.873543182178008,0.1490296996778,0.218747568421042,5.03060799376206
"N387690_CELL8888_N2","N387690","Normal","Homeostatic/regulatory fibroblasts","Y_20",0.684634741781839,0.240820294779148,0.205104575001365,0.354960714620465
"N387690_CELL8943_N2","N387690","Normal","Homeostatic/regulatory fibroblasts","Y_114",0.944666307413234,0.6183634833688,0.125133537845357,0.355329458251003
"N387690_CELL9070_N2","N387690","Normal","Homeostatic/regulatory fibroblasts","Y_114",0.235784179351171,0.751314455636428,0.143068526329416,0.274376711332744
"N387690_CELL9385_N2","N387690","Normal","Homeostatic/regulatory fibroblasts","Y_114",0.515105779452382,0.596709399095676,0.11595007748171,0.270813321474776
"N387690_CELL9436_N2","N387690","Normal","Homeostatic/regulatory fibroblasts","Y_114",0.674200327803948,0.854339823431421,0.107385863213791,0.528979045554853
"N387690_CELL9517_N2","N387690","Normal","Homeostatic/regulatory fibroblasts","Y_114",0.626582960285312,0.79626663885576,0.160925719290755,0.225976296940469
"N387690_CELL9559_N2","N387690","Normal","Homeostatic/regulatory fibroblasts","Y_114",1.40175057383634,0.511589745402969,0.110970912784044,0.312627079139456
"N387690_CELL9812_N2","N387690","Normal","Homeostatic/regulatory fibroblasts","Y_114",0.572550355771264,0.824380568041958,0.15433393236546,0.135932476086743
"N387690_CELL9885_N3","N387690","Normal","Homeostatic/regulatory fibroblasts","Y_114",0.692119786765595,0.538049176984138,0.146201706775257,0.367624276895
"N387690_CELL9890_N2","N387690","Normal","Homeostatic/regulatory fibroblasts","Y_114",0.79827705709848,0.559859554548062,0.110619017097796,0.567328065665999
"N387690_CELL10048_N4","N387690","Normal","Homeostatic/regulatory fibroblasts","Y_114",0.219285421889966,0.753399992696234,0.125483074753403,0.392440880553831
"N387690_CELL10058_N2","N387690","Normal","Homeostatic/regulatory fibroblasts","Y_114",0.265464574987595,0.869086043973955,0.145572848058684,0.379419622210345
"N387690_CELL10163_N3","N387690","Normal","Homeostatic/regulatory fibroblasts","Y_114",0.71790641428265,0.79562467699109,0.103022590190472,0.672234611756423
"N387690_CELL10200_N3","N387690","Normal","Homeostatic/regulatory fibroblasts","Y_114",0.300057707120255,0.54777434224687,0.12866245034464,0.322174566872507
"N387690_CELL10230_N3","N387690","Normal","Homeostatic/regulatory fibroblasts","Y_114",0,0.862337018745743,0.202530452043153,0.328546322675989
"N387690_CELL10274_N1","N387690","Normal","Matrix-remodeling fibroblasts","Y_114",0.337518681448337,0.302106109699449,0.161362582020282,0.0960084237988102
"N387690_CELL10291_N2","N387690","Normal","Homeostatic/regulatory fibroblasts","Y_114",0.357010234405543,0.940073678017175,0.186184167386043,0.20691175420694
"N387690_CELL10744_N2","N387690","Normal","Homeostatic/regulatory fibroblasts","Y_114",0.377853308126095,0.797086886907599,0.213641349741572,0.367649385849853
"N387690_CELL10762_N2","N387690","Normal","Homeostatic/regulatory fibroblasts","Y_114",0.627914277431526,0.739097864143876,0.125325542378857,0.422814497096738
"N387690_CELL10781_N2","N387690","Normal","Homeostatic/regulatory fibroblasts","Y_114",0,0.811009424732361,0.110567137736525,0.491605693567031
"N387690_CELL10871_N3","N387690","Normal","Homeostatic/regulatory fibroblasts","Y_114",0.431714422347075,0.853962861742013,0.113921588669671,0.488804165068088
"N387690_CELL10951_N2","N387690","Normal","Homeostatic/regulatory fibroblasts","Y_114",0.412224765335575,0.85340167703526,0.151705571898356,0.254949970206004
"N387690_CELL10988_N2","N387690","Normal","Homeostatic/regulatory fibroblasts","Y_114",0.28966729954599,0.507169870709048,0.117131631733158,0.261703427042051
"N387690_CELL11123_N2","N387690","Normal","Homeostatic/regulatory fibroblasts","Y_114",0.795787170214188,0.494182856523441,0.0992295054794677,0.484218336184117
"N387690_CELL11214_N2","N387690","Normal","Homeostatic/regulatory fibroblasts","Y_114",0.37187276802018,0.577252439199646,0.138894365798934,0.230475155921774
"N387690_CELL11231_N2","N387690","Normal","Homeostatic/regulatory fibroblasts","Y_114",0.81492922583957,0.823787142038874,0.130582971745051,0.384818320642843
"N387690_CELL11336_N3","N387690","Normal","Homeostatic/regulatory fibroblasts","Y_114",0.4841375301536,0.923434823179438,0.125838732564844,0.501499701553068
"N387690_CELL11516_N4","N387690","Normal","Homeostatic/regulatory fibroblasts","Y_114",1.08840045256714,1.02294614963052,0.166372429138469,0.290763643564149
"N387690_CELL11610_N2","N387690","Normal","Homeostatic/regulatory fibroblasts","Y_114",0.22579674303779,0.542940621812955,0.122705207384268,0.283245797782888
"N387690_CELL11624_N2","N387690","Normal","Homeostatic/regulatory fibroblasts","Y_114",1.16184865825824,0.623876511180472,0.138194786926804,0.27872743426476
"N387690_CELL11685_N2","N387690","Normal","ECM-producing fibroblasts","Y_114",0,0.862736842224802,0.143345240174366,0.355448150292559
"N387690_CELL11737_N2","N387690","Normal","Homeostatic/regulatory fibroblasts","Y_114",0,0.528156436975611,0.120284776776703,0.416102039325528
"N387690_CELL11864_N3","N387690","Normal","Homeostatic/regulatory fibroblasts","Y_114",0.440000367320128,1.25040670758512,0.163755759460564,0.30073283593034
"N387690_CELL12009_N2","N387690","Normal","Homeostatic/regulatory fibroblasts","Y_114",0.283319810232702,0.572848800178,0.104287423222847,0.380085172519548
"N387690_CELL12013_N2","N387690","Normal","Homeostatic/regulatory fibroblasts","Y_114",0.684396293679521,0.809405625118856,0.114201848070362,0.437603983785514
"N387690_CELL12032_N2","N387690","Normal","Homeostatic/regulatory fibroblasts","Y_114",0.651384251271397,0.868692830022795,0.143340953666591,0.284461253333003
"N387690_CELL12180_N2","N387690","Normal","Matrix-remodeling fibroblasts","Y_104",0.411668704201812,0.396185624334142,0.218441612833838,4.39941989365074
"N387690_CELL12201_N3","N387690","Normal","Homeostatic/regulatory fibroblasts","Y_114",0.682639920575653,0.694248604213165,0.122443068059473,0.349091480328491
"N387690_CELL12225_N2","N387690","Normal","Homeostatic/regulatory fibroblasts","Y_114",0.592033958942554,0.809999188116958,0.107852015116107,0.532837878559794
"N387690_CELL12532_N2","N387690","Normal","Homeostatic/regulatory fibroblasts","Y_114",0.690318392303373,0.977824423966203,0.141855247226147,0.452942924678377
"N387690_CELL12554_N2","N387690","Normal","Homeostatic/regulatory fibroblasts","Y_114",0.464968719371807,0.667514011318833,0.123263364696394,0.457886007991662
"N387690_CELL12600_N2","N387690","Normal","Homeostatic/regulatory fibroblasts","Y_114",0.507211131965865,0.484724046097938,0.117089093228166,0.307225301281044
"N387690_CELL12652_N2","N387690","Normal","Homeostatic/regulatory fibroblasts","Y_91",1.35922782710295,0.298932528802718,0.220927442333461,5.19382481528067
"N387690_CELL12834_N2","N387690","Normal","Homeostatic/regulatory fibroblasts","Y_114",0.831550284155393,0.961911327860908,0.0964366593144661,0.672043072637733
"N387690_CELL13111_N2","N387690","Normal","Homeostatic/regulatory fibroblasts","Y_114",0.547959152495588,0.488552954279183,0.112670503972765,0.294743550109896
"N387690_CELL13137_N2","N387690","Normal","Homeostatic/regulatory fibroblasts","Y_114",0.515555218781425,0.679262765225286,0.150232950128287,0.329815765382761
"N387690_CELL13168_N2","N387690","Normal","Homeostatic/regulatory fibroblasts","Y_114",1.0313943986909,0.860668186049685,0.124431988226183,0.362642832840519
"N387690_CELL13400_N1","N387690","Normal","ECM-producing fibroblasts","Y_114",0.918082925301446,0.701133897456388,0.118290657839658,0.286537145219177
"N387690_CELL13518_N1","N387690","Normal","Homeostatic/regulatory fibroblasts","Y_114",0.657412463243586,0.619670623087533,0.146612969396053,0.201239614764408
"N387690_CELL13708_N1","N387690","Normal","Homeostatic/regulatory fibroblasts","Y_102",0.184953849445673,0.286636609725067,0.219571609062287,3.46182219606691
"N387690_CELL13917_N1","N387690","Normal","Homeostatic/regulatory fibroblasts","Y_114",0.942936052624474,0.731414130982401,0.134328523054788,0.262479113443487
"N387690_CELL14005_N1","N387690","Normal","Homeostatic/regulatory fibroblasts","Y_114",0.906450702411022,0.894261019825426,0.114394019703164,0.47407253080951
"N387690_CELL14114_N1","N387690","Normal","Homeostatic/regulatory fibroblasts","Y_114",0.675849181624623,0.60068417846466,0.108486904526916,0.353852513073724
"N387690_CELL14242_N1","N387690","Normal","Homeostatic/regulatory fibroblasts","Y_114",0.965668639351347,0.594506356198656,0.0986303554918534,0.553330224585836
"N387690_CELL14327_N1","N387690","Normal","Homeostatic/regulatory fibroblasts","Y_114",0.278493513768129,0.311731016467426,0.113932277253353,0.280124140835116
"N387690_CELL14331_N1","N387690","Normal","Homeostatic/regulatory fibroblasts","Y_114",0.900462752270453,0.698798746716496,0.121393053661355,0.211687554634954
"N387690_CELL14504_N1","N387690","Normal","Homeostatic/regulatory fibroblasts","Y_114",0.86489941179319,0.611421408103701,0.0871245087098553,0.453718886217192
"N387690_CELL14520_N1","N387690","Normal","Homeostatic/regulatory fibroblasts","Y_114",0.708216468136148,0.847001212033653,0.113190925273714,0.453532260672549
"N387690_CELL14677_N1","N387690","Normal","Homeostatic/regulatory fibroblasts","Y_114",0.87030086794679,0.446736111683401,0.0882745721822545,0.487924694966077
"N387690_CELL14707_N1","N387690","Normal","Homeostatic/regulatory fibroblasts","Y_114",0.241419813074052,0.42799915087272,0.127457554409038,0.319600628681663
"N387690_CELL14757_N1","N387690","Normal","Homeostatic/regulatory fibroblasts","Y_114",0.955041703020954,0.736581682472757,0.149462110983079,0.326735672107373
"N387690_CELL15052_N1","N387690","Normal","Homeostatic/regulatory fibroblasts","Y_114",0.252095190959078,0.57225082474931,0.118535289397737,0.415582135775999
"N387690_CELL15144_N1","N387690","Normal","Homeostatic/regulatory fibroblasts","Y_114",0.935200746069914,1.05720474981195,0.149972246648558,0.427801088887476
"N387690_CELL15190_N1","N387690","Normal","Homeostatic/regulatory fibroblasts","Y_114",0.537243860571916,0.524100337089363,0.155544220526088,0.125268196422047
"N387690_CELL15208_N1","N387690","Normal","Matrix-remodeling fibroblasts","Y_82",0.153483932020575,0.492549616116983,0.228642950202361,3.97300872085525
"N387690_CELL15284_N1","N387690","Normal","Homeostatic/regulatory fibroblasts","Y_114",0.263151616487346,0.722793758979786,0.130382544187501,0.216354988395597
"N387690_CELL15602_N1","N387690","Normal","Homeostatic/regulatory fibroblasts","Y_114",0.457692872137663,0.275101266554491,0.112040281810867,0.424582336826652
"N387690_CELL15676_N1","N387690","Normal","Homeostatic/regulatory fibroblasts","Y_114",0.541117085714074,0.641829289570417,0.13823959758667,0.175147755880464
"N387690_CELL15721_N1","N387690","Normal","Matrix-remodeling fibroblasts","Y_101",0.328531582182832,0.316161779028869,0.280775277060274,9.23642544073688
"N387690_CELL15777_N1","N387690","Normal","Homeostatic/regulatory fibroblasts","Y_114",0.555908514798263,0.47388838600763,0.120860378362703,0.31908514024539
"N387690_CELL15787_N1","N387690","Normal","Homeostatic/regulatory fibroblasts","Y_114",0.721188222249444,0.80757343053519,0.110664956312406,0.575394437342819
"N387690_CELL15796_N1","N387690","Normal","Homeostatic/regulatory fibroblasts","Y_114",1.1747093954503,0.86730550987807,0.115127484926807,0.48005089407013
"N387690_CELL15927_N1","N387690","Normal","Homeostatic/regulatory fibroblasts","Y_114",0.245894471081552,0.544782837055754,0.149949521668908,0.108363924251358
"N387690_CELL16076_N1","N387690","Normal","Homeostatic/regulatory fibroblasts","Y_114",0.732341829245051,0.805375638231327,0.102116451944037,0.489187939673948
"N387690_CELL16196_N1","N387690","Normal","ECM-producing fibroblasts","Y_114",0.832729934280729,0.421093452446139,0.123933075714298,0.132279688170214
"N387690_CELL16327_N1","N387690","Normal","Homeostatic/regulatory fibroblasts","Y_115",0.501758107715042,0.771644485749606,0.178221488242476,0.819285459185825
"N387690_CELL16328_N1","N387690","Normal","Homeostatic/regulatory fibroblasts","Y_107",1.8613483849624,0.225126552114857,0.220099673816858,6.31647818629138
"N387690_CELL16368_N1","N387690","Normal","Homeostatic/regulatory fibroblasts","Y_114",0.592715151086267,0.542299393256742,0.107458138457388,0.354467429976939
"N387690_CELL16444_N1","N387690","Normal","Homeostatic/regulatory fibroblasts","Y_114",0,1.11104624919575,0.195715977069517,0.0647213325746472
"N387690_CELL16480_N1","N387690","Normal","Homeostatic/regulatory fibroblasts","Y_114",0.626050470317579,0.445153320977095,0.133536195682974,0.0791016434598469
"N387690_CELL16661_N1","N387690","Normal","Homeostatic/regulatory fibroblasts","Y_114",0.33915750806292,0.643119556183746,0.159536918336568,0.122266359926487
"N387690_CELL16681_N1","N387690","Normal","Homeostatic/regulatory fibroblasts","Y_114",0,0.526174125830093,0.123883871120987,0.43826076570236
"N387690_CELL16825_N1","N387690","Normal","Homeostatic/regulatory fibroblasts","Y_114",0.741024490487804,0.858227710600937,0.205014942755367,0.0433733580373155
"N387690_CELL16881_N1","N387690","Normal","ECM-producing fibroblasts","Y_93",0.300491681915262,0.178864096378132,0.158764928189036,2.65906239567046
"N387690_CELL17065_N1","N387690","Normal","Homeostatic/regulatory fibroblasts","Y_114",1.02317509833396,0.523865079133387,0.111922773914856,0.335913496426124
"N387690_CELL17160_N1","N387690","Normal","Homeostatic/regulatory fibroblasts","Y_114",1.39623323455855,0.745875370398991,0.0969092201537356,0.634827949446675
"N387690_CELL17338_N1","N387690","Normal","Homeostatic/regulatory fibroblasts","Y_114",0.549111009450382,0.662827416760936,0.131763940863078,0.252351852021917
"N387690_CELL17356_N1","N387690","Normal","Homeostatic/regulatory fibroblasts","Y_114",0.929143920056189,0.49845942301436,0.105162660383493,0.402668285332039
"N387690_CELL17497_N1","N387690","Normal","Homeostatic/regulatory fibroblasts","Y_92",0.258455933669286,0.0923056905961735,0.199054619681288,6.94944463129826
"N387690_CELL17766_N1","N387690","Normal","Homeostatic/regulatory fibroblasts","Y_114",0,0.349995693324608,0.113320567475948,0.323674026276224
"N387690_CELL17784_N1","N387690","Normal","Homeostatic/regulatory fibroblasts","Y_114",0.899513562750083,0.792620150601968,0.106075012501587,0.424856021524239
"N387690_CELL17808_N1","N387690","Normal","ECM-producing fibroblasts","Y_114",0.410444755431353,0.880641475535705,0.17315427891512,0.0765308721501684
"N387690_CELL17887_N1","N387690","Normal","Homeostatic/regulatory fibroblasts","Y_114",0.164677330456072,0.865025552113299,0.199444760777991,0.189285357584345
"N387690_CELL18077_N1","N387690","Normal","Homeostatic/regulatory fibroblasts","Y_114",0,0.329982140727151,0.130350006108897,0.107706497025907
"N387690_CELL18532_N1","N387690","Normal","Homeostatic/regulatory fibroblasts","Y_114",0.822670304407053,0.731690375104652,0.095009345177929,0.505217610730096
"N387690_CELL18587_N1","N387690","Normal","Homeostatic/regulatory fibroblasts","Y_112",0.431164495028247,0.223131026894293,0.20532009334313,1.50271738856624
"N387690_CELL18607_N1","N387690","Normal","Homeostatic/regulatory fibroblasts","Y_114",0.599063111922275,0.629804586020523,0.135266100201449,0.319435721503201
"N387690_CELL18650_N1","N387690","Normal","Homeostatic/regulatory fibroblasts","Y_114",0.803815826645429,0.642328860007248,0.106459520966914,0.302633066289868
"N387690_CELL18876_N1","N387690","Normal","Homeostatic/regulatory fibroblasts","Y_114",0.8453596184163,0.557663373057667,0.155250409390621,0.0959657515191893
"N387690_CELL18900_N1","N387690","Normal","Homeostatic/regulatory fibroblasts","Y_114",0.56811988922965,0.620727804458199,0.131302369993375,0.279541624364463
"N387690_CELL18905_N1","N387690","Normal","Homeostatic/regulatory fibroblasts","Y_114",0.66673129919116,0.560440445869308,0.103244330513648,0.563377474825912
"N387690_CELL18953_N1","N387690","Normal","Homeostatic/regulatory fibroblasts","Y_114",0.726154968636967,0.850827564920464,0.142079352843831,0.125612328679683
"N387690_CELL19154_N1","N387690","Normal","Homeostatic/regulatory fibroblasts","Y_114",0.818973019778022,0.9781644190228,0.105470791051866,0.619819475972899
"N387690_CELL19367_N1","N387690","Normal","Homeostatic/regulatory fibroblasts","Y_114",0.497447797729683,0.600219872750168,0.130042744289933,0.200209907755107
"N387690_CELL19370_N1","N387690","Normal","Homeostatic/regulatory fibroblasts","Y_114",0.64609272767863,0.816837737753474,0.166772910051859,0.220461651415639
"N387690_CELL19514_N1","N387690","Normal","Homeostatic/regulatory fibroblasts","Y_114",0.639225446081146,0.627921571357762,0.110954363486142,0.404943838208429
"N387690_CELL19986_N1","N387690","Normal","Homeostatic/regulatory fibroblasts","Y_95",0.784344606801796,0.320249543953834,0.22942625782895,5.26728535804505
"N387690_CELL20338_N1","N387690","Normal","Homeostatic/regulatory fibroblasts","Y_114",0.516457640450551,1.02915577788608,0.149602461776598,0.348120039821821
"N387690_CELL20382_N1","N387690","Normal","Homeostatic/regulatory fibroblasts","Y_60",1.29241645365913,0.165709844025664,0.239875507413866,8.04742901312161
"N387690_CELL20593_N1","N387690","Normal","ECM-producing fibroblasts","Y_114",0,0.256711765279196,0.14111890013123,0.372642550917684
"N387690_CELL20615_N1","N387690","Normal","Homeostatic/regulatory fibroblasts","Y_114",0.677193028202798,0.962695930661874,0.147366035535446,0.36598039958597
"N387690_CELL20716_N1","N387690","Normal","Homeostatic/regulatory fibroblasts","Y_114",0.28407963394397,0.523912071233205,0.137569745889504,0
"N387690_CELL20809_N1","N387690","Normal","Homeostatic/regulatory fibroblasts","Y_114",0.86680591492109,0.884355458725858,0.181424036196928,0.199227823408236
"N387690_CELL20890_N1","N387690","Normal","Homeostatic/regulatory fibroblasts","Y_114",0.280697167305898,0.314129054573241,0.142638761219675,0.242972743114404
"N387690_CELL20940_N1","N387690","Normal","Homeostatic/regulatory fibroblasts","Y_114",0.277242278759699,0.17033949036464,0.191732831346835,0.409478985116044
"N387690_CELL20959_N1","N387690","Normal","Homeostatic/regulatory fibroblasts","Y_114",0.515555218781425,0.675116168563139,0.100814271705633,0.461341155115959
"N387690_CELL21237_N1","N387690","Normal","Homeostatic/regulatory fibroblasts","Y_114",0.448872706560404,0.521021907502406,0.153461912649506,0.378939526616552
"N387690_CELL21242_N1","N387690","Normal","Homeostatic/regulatory fibroblasts","Y_114",0.956729319382331,0.953842320312648,0.15993445580083,0.25882412797832
"N387690_CELL21451_N1","N387690","Normal","Homeostatic/regulatory fibroblasts","Y_114",0.704873125862857,0.682973425062779,0.120966931934413,0.341672178091054
"N387690_CELL21567_N1","N387690","Normal","Homeostatic/regulatory fibroblasts","Y_114",0.525560970568115,0.869839112186445,0.106822998012374,0.376314975114964
"N387690_CELL21636_N1","N387690","Normal","Homeostatic/regulatory fibroblasts","Y_114",0.930482462284638,0.919621749529614,0.156407223644707,0.516172753443424
"N387690_CELL21668_N1","N387690","Normal","ECM-producing fibroblasts","Y_114",1.10700940779361,0.484582952484282,0.129366612581069,0.245001063166382
"N387690_CELL21788_N1","N387690","Normal","Homeostatic/regulatory fibroblasts","Y_114",0.808651150864088,0.443995311776869,0.0970524550045913,0.50000814624831
"N387690_CELL22185_N1","N387690","Normal","Homeostatic/regulatory fibroblasts","Y_114",0.675927390524408,0.341608662676891,0.140626207159947,0.264061382651244
"N387690_CELL22358_N1","N387690","Normal","Homeostatic/regulatory fibroblasts","Y_114",0.125832383393277,0.809781688195923,0.193890330722979,0.286604763006398
"N387690_CELL22399_N1","N387690","Normal","Homeostatic/regulatory fibroblasts","Y_114",0.737912344462257,0.653867775628715,0.0827490560467681,0.581189223018725
"N387690_CELL22433_N1","N387690","Normal","ECM-producing fibroblasts","Y_114",0.308566037817308,0.257138364847757,0.131823391142143,0.190004333354699
"N387690_CELL22642_N1","N387690","Normal","Homeostatic/regulatory fibroblasts","Y_114",0,0.327290769736163,0.143826237262089,0.468175775608318
"N387690_CELL22657_N1","N387690","Normal","Homeostatic/regulatory fibroblasts","Y_98",0.162973920742598,0.663078394802199,0.214927283924063,1.51726490174216
"N387690_CELL22759_N1","N387690","Normal","Homeostatic/regulatory fibroblasts","Y_114",0.815606321925953,0.78254109626973,0.172728313555618,0.359066753029199
"N387690_CELL22827_N1","N387690","Normal","ECM-producing fibroblasts","Y_114",0.534677710265611,0.666888649353231,0.121478475411595,0.396943080039316
"N387690_CELL22936_N1","N387690","Normal","Homeostatic/regulatory fibroblasts","Y_114",0.748584615912197,1.04794332499896,0.146857882965393,0.211875742433102
"N387690_CELL22944_N1","N387690","Normal","Homeostatic/regulatory fibroblasts","Y_114",0.259689403291205,0.581070624495087,0.122892788425298,0.172470016158878
"N387690_CELL23098_N1","N387690","Normal","Homeostatic/regulatory fibroblasts","Y_114",0.88931695957086,0.775188331530869,0.100789572207423,0.430083959324302
"N387690_CELL23353_N1","N387690","Normal","Homeostatic/regulatory fibroblasts","Y_20",1.19457971908524,0.171608409208508,0.196055434359031,0.607227097839289
"N387690_CELL23365_N1","N387690","Normal","Homeostatic/regulatory fibroblasts","Y_114",0.542958127436717,0.582819518791483,0.131012072850538,0.310604755752059
"N387690_CELL23371_N1","N387690","Normal","Homeostatic/regulatory fibroblasts","Y_114",0.670219565862828,0.642939273756771,0.104326796079797,0.345510791167986
"N387690_CELL23678_N1","N387690","Normal","Homeostatic/regulatory fibroblasts","Y_114",0.574359428941968,0.69504104824517,0.131062870105686,0.170905879858275
"N387690_CELL23683_N1","N387690","Normal","Homeostatic/regulatory fibroblasts","Y_114",0.859490474300172,0.710009210068258,0.123486675132514,0.257246725034795
"N387690_CELL23687_N1","N387690","Normal","Homeostatic/regulatory fibroblasts","Y_114",0.980312186754829,0.706502908720998,0.114917530810673,0.489629561001033
"N387690_CELL23969_N1","N387690","Normal","ECM-producing fibroblasts","Y_114",0.592198668314962,0.391392234551569,0.113721189602446,0.465867294205518
"N387690_CELL24223_N1","N387690","Normal","ECM-producing fibroblasts","Y_114",0.472256323212355,0.463106750409833,0.123121834771212,0.417690764115418
"N387690_CELL24463_N1","N387690","Normal","Homeostatic/regulatory fibroblasts","Y_113",0.807443894202704,0.198600073784235,0.156559824419533,3.35996036243228
"N387690_CELL24542_N1","N387690","Normal","Homeostatic/regulatory fibroblasts","Y_114",0.757319305928099,0.654414797934946,0.121339640963006,0.392503120012088
"N387690_CELL24571_N1","N387690","Normal","Homeostatic/regulatory fibroblasts","Y_114",0.49876592699379,0.821826883381234,0.15152605422159,0.229093982952954
"N387690_CELL24707_N1","N387690","Normal","Homeostatic/regulatory fibroblasts","Y_114",0.571346083332154,1.0533269703587,0.143984697056517,0.376495036317833
"N387690_CELL24811_N1","N387690","Normal","Homeostatic/regulatory fibroblasts","Y_114",0.49996654949073,0.660011648711677,0.117485901021215,0.32151760071743
"N387690_CELL24914_N1","N387690","Normal","Homeostatic/regulatory fibroblasts","Y_114",0.487410001833704,0.61238998439575,0.136766753800696,0.327160972923875
"N387690_CELL25178_N1","N387690","Normal","Homeostatic/regulatory fibroblasts","Y_114",0.488737077625217,0.885364971612578,0.166406554800779,0.310984282753075
"N387690_CELL25306_N1","N387690","Normal","Homeostatic/regulatory fibroblasts","Y_114",0.206857805838888,0.55165300950983,0.137275669341339,0.183407306055765
"N387690_CELL25358_N1","N387690","Normal","Homeostatic/regulatory fibroblasts","Y_114",0.6752291543645,0.739590184651074,0.0929071633830769,0.436269855080409
"N387690_CELL25461_N1","N387690","Normal","Homeostatic/regulatory fibroblasts","Y_114",1.03168934740784,0.803116262681167,0.139022384516717,0.4739075814921
"N387690_CELL25723_N1","N387690","Normal","Homeostatic/regulatory fibroblasts","Y_114",0.829881692299572,0.964023291775445,0.11857439584155,0.488676721738138
"N387690_CELL25737_N1","N387690","Normal","Homeostatic/regulatory fibroblasts","Y_119",0.708974936742065,0.221950708975531,0.216609242455186,2.20699145684022
"N387690_CELL26286_N1","N387690","Normal","Homeostatic/regulatory fibroblasts","Y_114",0.493340442462497,0.210164935067114,0.197223614665363,0.500780449084946
"N387690_CELL26358_N1","N387690","Normal","Homeostatic/regulatory fibroblasts","Y_114",0.177792362822129,0.50661595230705,0.211766649632582,0.428964874839672
"N387690_CELL26373_N1","N387690","Normal","Homeostatic/regulatory fibroblasts","Y_114",1.22849484706952,0.911244081810059,0.152560652478974,0.303055987441654
"N387690_CELL26375_N1","N387690","Normal","Homeostatic/regulatory fibroblasts","Y_114",0.690230551445143,0.663845855432558,0.128589437159344,0.408153378205156
"N387690_CELL26376_N1","N387690","Normal","Homeostatic/regulatory fibroblasts","Y_107",1.34469609615015,0.35572144733099,0.236429879013454,6.20209647173253
"N387690_CELL27004_N1","N387690","Normal","Homeostatic/regulatory fibroblasts","Y_114",0.756115209843398,0.805392794550386,0.124780808669555,0.320049920117596
"N387690_CELL27171_N1","N387690","Normal","Homeostatic/regulatory fibroblasts","Y_114",1.15205996965583,0.61736104819338,0.133161850390889,0.322221020432832
"N387690_CELL27178_N1","N387690","Normal","Homeostatic/regulatory fibroblasts","Y_114",0.491180267917762,0.62687564330171,0.161282439579705,0.245936377242301
"N387690_CELL27194_N1","N387690","Normal","ECM-producing fibroblasts","Y_110",0,0.373458852254037,0.251543491297118,8.33376369126259
"N387690_CELL27266_N1","N387690","Normal","ECM-producing fibroblasts","Y_113",0.255928409189047,0.265015724283592,0.19018616996374,3.52932909731244
"N387690_CELL27307_N1","N387690","Normal","ECM-producing fibroblasts","Y_114",0.667921504528676,0.572393547434091,0.134191471354984,0.332200449070218
"N387690_CELL27560_N1","N387690","Normal","ECM-producing fibroblasts","Y_120",0,0.32194405273886,0.274174326239757,7.99878920697676
"N387690_CELL27569_N1","N387690","Normal","Homeostatic/regulatory fibroblasts","Y_114",0.231465874672551,0.265867322865405,0.149034762622741,0.0335720014729504
"N387690_CELL27976_N1","N387690","Normal","Homeostatic/regulatory fibroblasts","Y_114",1.17260862940819,0.680092179133085,0.10900002120803,0.446685288672661
"N387690_CELL28594_N1","N387690","Normal","Homeostatic/regulatory fibroblasts","Y_93",0.721415488813785,0.187008133776387,0.165240833543554,2.63887498951651
