"root","gene","original_module","original_rho","rho","q_value","expressed_fraction","same_direction","passes_original_threshold"
"Y_114","LAMC3","D1_early_decreasing",-0.48724972991885,-0.48724972991885,1.43650270927569e-63,0.177570093457944,TRUE,TRUE
"Y_114","SEMA3G","D1_early_decreasing",-0.479506752843761,-0.479506752843761,2.38032563464442e-61,0.163551401869159,TRUE,TRUE
"Y_114","IGFBP3","D1_early_decreasing",-0.444062660641216,-0.444062660641216,7.94819814169755e-52,0.472897196261682,TRUE,TRUE
"Y_114","ALX4","D1_early_decreasing",-0.44109901345244,-0.44109901345244,4.32504479243928e-51,0.162616822429907,TRUE,TRUE
"Y_114","COL23A1","D1_early_decreasing",-0.440880211769439,-0.440880211769439,4.86594543062852e-51,0.22803738317757,TRUE,TRUE
"Y_114","TFAP2A","D1_early_decreasing",-0.437360512329504,-0.437360512329504,3.6378174946903e-50,0.236448598130841,TRUE,TRUE
"Y_114","TCF4","D1_early_decreasing",-0.421133203439401,-0.421133203439401,2.89600804450576e-46,0.744859813084112,TRUE,TRUE
"Y_114","BMP7","D1_early_decreasing",-0.409380908198158,-0.409380908198158,1.38467231031476e-43,0.146728971962617,TRUE,TRUE
"Y_114","BMP4","D1_early_decreasing",-0.399262356341805,-0.399262356341805,2.39129233040521e-41,0.208411214953271,TRUE,TRUE
"Y_114","SLC5A3","D1_early_decreasing",-0.391545871948043,-0.391545871948043,1.06871447928259e-39,0.157943925233645,TRUE,TRUE
"Y_114","GADD45G","D1_early_decreasing",-0.380563118823476,-0.380563118823476,1.96434652615239e-37,0.203738317757009,TRUE,TRUE
"Y_114","SERPINE2","D1_early_decreasing",-0.364856730638007,-0.364856730638007,2.33527007397721e-34,0.363551401869159,TRUE,TRUE
"Y_114","INHBB","D1_early_decreasing",-0.349253154773477,-0.349253154773477,1.9030252650075e-31,0.138317757009346,TRUE,TRUE
"Y_114","PRLR","D1_early_decreasing",-0.349151316488299,-0.349151316488299,1.98056776569195e-31,0.100934579439252,TRUE,TRUE
"Y_114","TRPS1","D1_early_decreasing",-0.345373314194472,-0.345373314194472,9.47457535393401e-31,0.44018691588785,TRUE,TRUE
"Y_114","TIMP3","D1_early_decreasing",-0.343076781206278,-0.343076781206278,2.4596957964786e-30,0.535514018691589,TRUE,TRUE
"Y_114","PRDM1","D1_early_decreasing",-0.340201616379488,-0.340201616379488,7.89048057295393e-30,0.124299065420561,TRUE,TRUE
"Y_114","PTCH1","D1_early_decreasing",-0.333044464675735,-0.333044464675735,1.35057911453855e-28,0.155140186915888,TRUE,TRUE
"Y_114","APCDD1","D1_early_decreasing",-0.328140292455604,-0.328140292455604,8.92006538578714e-28,0.334579439252336,TRUE,TRUE
"Y_114","DAAM2","D1_early_decreasing",-0.314610669383509,-0.314610669383509,1.41265678726366e-25,0.226168224299065,TRUE,TRUE
"Y_114","INHBA","D1_early_decreasing",-0.307684357436699,-0.307684357436699,1.69340240798775e-24,0.326168224299065,TRUE,TRUE
"Y_114","BCL2","D1_early_decreasing",-0.305037276661869,-0.305037276661869,4.34449728265651e-24,0.199065420560748,TRUE,TRUE
"Y_114","CENPW","D1_early_decreasing",-0.299195418397044,-0.299195418397044,3.30004324332684e-23,0.127102803738318,TRUE,TRUE
"Y_114","CEBPA","D1_early_decreasing",-0.281369766734245,-0.281369766734245,1.2282648347234e-20,0.158878504672897,TRUE,TRUE
"Y_114","IGFBP2","D1_early_decreasing",-0.269273030639444,-0.269273030639444,5.32317984700461e-19,0.135514018691589,TRUE,TRUE
"Y_114","MRPS6","D1_early_decreasing",-0.260461968343232,-0.260461968343232,7.29292040199282e-18,0.35981308411215,TRUE,TRUE
"Y_114","CRABP1","D1_early_decreasing",-0.259805707571299,-0.259805707571299,8.76881131666512e-18,0.100934579439252,TRUE,TRUE
"Y_114","ROBO2","D1_early_decreasing",-0.234937883623184,-0.234937883623184,8.54746244458333e-15,0.260747663551402,TRUE,TRUE
"Y_114","DKK2","D1_early_decreasing",-0.234654626789648,-0.234654626789648,9.1952410392514e-15,0.244859813084112,TRUE,TRUE
"Y_114","PHLDA1","D1_early_decreasing",-0.23320587724661,-0.23320587724661,1.3375847553023e-14,0.153271028037383,TRUE,TRUE
"Y_114","DIO2","D1_early_decreasing",-0.231592608259166,-0.231592608259166,2.03423943764376e-14,0.316822429906542,TRUE,TRUE
"Y_114","MYLIP","D1_early_decreasing",-0.230469959860994,-0.230469959860994,2.71251729490156e-14,0.307476635514019,TRUE,TRUE
"Y_114","LUZP2","D1_early_decreasing",-0.229573484340504,-0.229573484340504,3.41388995158546e-14,0.163551401869159,TRUE,TRUE
"Y_114","ZDHHC14","D1_early_decreasing",-0.226027951298773,-0.226027951298773,8.41353554614968e-14,0.149532710280374,TRUE,TRUE
"Y_114","PGM2L1","D1_early_decreasing",-0.222784162766468,-0.222784162766468,1.90132163168533e-13,0.141121495327103,TRUE,TRUE
"Y_114","PREX2","D1_early_decreasing",-0.220529006012234,-0.220529006012234,3.32930827816004e-13,0.139252336448598,TRUE,TRUE
"Y_114","TNN","D1_early_decreasing",-0.220455320475478,-0.220455320475478,3.38829558547758e-13,0.154205607476636,TRUE,TRUE
"Y_114","F2R","D1_early_decreasing",-0.21950442202231,-0.21950442202231,4.28992773246952e-13,0.366355140186916,TRUE,TRUE
"Y_114","PLEKHH2","D1_early_decreasing",-0.21606771133373,-0.21606771133373,9.80770960385573e-13,0.21588785046729,TRUE,TRUE
"Y_114","HIST1H2BD","D1_early_decreasing",-0.214983641551804,-0.214983641551804,1.27416136537319e-12,0.154205607476636,TRUE,TRUE
"Y_114","TWIST1","D1_early_decreasing",-0.211301135465795,-0.211301135465795,3.05008442917172e-12,0.425233644859813,TRUE,TRUE
"Y_114","HIST2H2BE","D1_early_decreasing",-0.21097974903763,-0.21097974903763,3.28288894225983e-12,0.12803738317757,TRUE,TRUE
"Y_114","ITGA8","D1_early_decreasing",-0.20717724439976,-0.20717724439976,7.93924434405376e-12,0.189719626168224,TRUE,TRUE
"Y_114","CPE","D1_early_decreasing",-0.206100949932553,-0.206100949932553,1.01515150796747e-11,0.319626168224299,TRUE,TRUE
"Y_114","SOX18","D1_early_decreasing",-0.202076301516848,-0.202076301516848,2.56062568519941e-11,0.153271028037383,TRUE,TRUE
"Y_114","PTMA","D2_late_increasing",-0.622799369769097,-0.622799369769097,8.10969320731678e-114,0.969158878504673,TRUE,TRUE
"Y_114","RPL35A","D2_late_increasing",-0.551045348610589,-0.551045348610589,2.32029882266842e-84,0.953271028037383,TRUE,TRUE
"Y_114","RPL34","D2_late_increasing",-0.514468740369404,-0.514468740369404,6.96180335372367e-72,0.97196261682243,TRUE,TRUE
"Y_114","SLC35F1","D2_late_increasing",-0.511332138176131,-0.511332138176131,7.02491688206629e-71,0.75981308411215,TRUE,TRUE
"Y_114","H3F3B","D2_late_increasing",-0.495855912758749,-0.495855912758749,4.19407610060859e-66,0.906542056074766,TRUE,TRUE
"Y_114","RPL13","D2_late_increasing",-0.47756969282084,-0.47756969282084,8.49116775783714e-61,0.994392523364486,TRUE,TRUE
"Y_114","RPL11","D2_late_increasing",-0.459169386495373,-0.459169386495373,9.78248197088705e-56,0.986915887850467,TRUE,TRUE
"Y_114","RPS27A","D2_late_increasing",-0.454597796106221,-0.454597796106221,1.57133492681447e-54,0.944859813084112,TRUE,TRUE
"Y_114","RPS13","D2_late_increasing",-0.445317671494405,-0.445317671494405,3.90195041954927e-52,0.971028037383178,TRUE,TRUE
"Y_114","RPL26","D2_late_increasing",-0.443342470452191,-0.443342470452191,1.20410072442641e-51,0.952336448598131,TRUE,TRUE
"Y_114","RPL37A","D2_late_increasing",-0.437498373779041,-0.437498373779041,3.3925407707576e-50,0.988785046728972,TRUE,TRUE
"Y_114","RPL5","D2_late_increasing",-0.429406849353908,-0.429406849353908,3.21848179231182e-48,0.957943925233645,TRUE,TRUE
"Y_114","RPL13A","D2_late_increasing",-0.428140765855019,-0.428140765855019,6.44639263027896e-48,0.989719626168224,TRUE,TRUE
"Y_114","FAU","D2_late_increasing",-0.426130750203916,-0.426130750203916,1.93430778457422e-47,0.958878504672897,TRUE,TRUE
"Y_114","RPL19","D2_late_increasing",-0.416656439792459,-0.416656439792459,3.1863866932878e-45,0.972897196261682,TRUE,TRUE
"Y_114","RPL6","D2_late_increasing",-0.416482541341546,-0.416482541341546,3.47229074657518e-45,0.922429906542056,TRUE,TRUE
"Y_114","RPS14","D2_late_increasing",-0.4161054643909,-0.4161054643909,4.22268850368801e-45,0.995327102803738,TRUE,TRUE
"Y_114","RPL4","D2_late_increasing",-0.415605387228934,-0.415605387228934,5.44299785389082e-45,0.935514018691589,TRUE,TRUE
"Y_114","RPL30","D2_late_increasing",-0.408632171093835,-0.408632171093835,2.02516798982225e-43,0.976635514018692,TRUE,TRUE
"Y_114","RPS27","D2_late_increasing",-0.408546233175956,-0.408546233175956,2.10382994875117e-43,0.97196261682243,TRUE,TRUE
"Y_114","RPL24","D2_late_increasing",-0.399746630266726,-0.399746630266726,1.88018362775748e-41,0.961682242990654,TRUE,TRUE
"Y_114","GNB2L1","D2_late_increasing",-0.396735132497105,-0.396735132497105,8.34919500269255e-41,0.933644859813084,TRUE,TRUE
"Y_114","RPL12","D2_late_increasing",-0.396630612973843,-0.396630612973843,8.74625700589563e-41,0.983177570093458,TRUE,TRUE
"Y_114","RPS23","D2_late_increasing",-0.394167175310418,-0.394167175310418,2.9822353126195e-40,0.968224299065421,TRUE,TRUE
"Y_114","RPL38","D2_late_increasing",-0.389415427964161,-0.389415427964161,3.01059396030222e-39,0.95607476635514,TRUE,TRUE
"Y_114","RPS9","D2_late_increasing",-0.384131935394482,-0.384131935394482,3.74958219604286e-38,0.962616822429907,TRUE,TRUE
"Y_114","RPL37","D2_late_increasing",-0.382734990676317,-0.382734990676317,7.2368738598111e-38,0.986915887850467,TRUE,TRUE
"Y_114","RPL3","D2_late_increasing",-0.377850624559563,-0.377850624559563,6.84698368408925e-37,0.968224299065421,TRUE,TRUE
"Y_114","RPS6","D2_late_increasing",-0.376373222583033,-0.376373222583033,1.34806857036033e-36,0.972897196261682,TRUE,TRUE
"Y_114","RPL18","D2_late_increasing",-0.373763673052604,-0.373763673052604,4.47010464509803e-36,0.98411214953271,TRUE,TRUE
"Y_114","RPL9","D2_late_increasing",-0.372005175789905,-0.372005175789905,9.70564697647037e-36,0.939252336448598,TRUE,TRUE
"Y_114","RPS21","D2_late_increasing",-0.36911250742715,-0.36911250742715,3.53895624671887e-35,0.962616822429907,TRUE,TRUE
"Y_114","EEF1A1","D2_late_increasing",-0.366457252523876,-0.366457252523876,1.15455572310117e-34,0.999065420560748,TRUE,TRUE
"Y_114","RPL32","D2_late_increasing",-0.362899375581086,-0.362899375581086,5.54772093751222e-34,0.983177570093458,TRUE,TRUE
"Y_114","RPS4X","D2_late_increasing",-0.3598741059288,-0.3598741059288,2.07364724434935e-33,0.982242990654206,TRUE,TRUE
"Y_114","RPL23","D2_late_increasing",-0.357895251577176,-0.357895251577176,4.88119915740516e-33,0.968224299065421,TRUE,TRUE
"Y_114","RPL14","D2_late_increasing",-0.357176961867674,-0.357176961867674,6.67190227336368e-33,0.945794392523365,TRUE,TRUE
"Y_114","RPS3A","D2_late_increasing",-0.354321197832187,-0.354321197832187,2.25795274772718e-32,0.931775700934579,TRUE,TRUE
"Y_114","RPL21","D2_late_increasing",-0.349446075464728,-0.349446075464728,1.75862412322929e-31,0.921495327102804,TRUE,TRUE
"Y_114","RPL7","D2_late_increasing",-0.345744602216266,-0.345744602216266,8.15711463252936e-31,0.864485981308411,TRUE,TRUE
"Y_114","RPL22","D2_late_increasing",-0.345441878689684,-0.345441878689684,9.23650066792144e-31,0.775700934579439,TRUE,TRUE
"Y_114","RPS8","D2_late_increasing",-0.331840570437597,-0.331840570437597,2.16514700109479e-28,0.996261682242991,TRUE,TRUE
"Y_114","HSP90AB1","D2_late_increasing",-0.331644147764836,-0.331644147764836,2.3285488510296e-28,0.755140186915888,TRUE,TRUE
"Y_114","VIM","D2_late_increasing",-0.329631093145605,-0.329631093145605,5.03712986799729e-28,0.957943925233645,TRUE,TRUE
"Y_114","RPS16","D2_late_increasing",-0.328488280722027,-0.328488280722027,7.79400036786603e-28,0.970093457943925,TRUE,TRUE
"Y_114","NACA","D2_late_increasing",-0.325384818279276,-0.325384818279276,2.55924885829599e-27,0.921495327102804,TRUE,TRUE
"Y_114","RPS20","D2_late_increasing",-0.3217483451936,-0.3217483451936,1.0139352069519e-26,0.973831775700935,TRUE,TRUE
"Y_114","GLTSCR2","D2_late_increasing",-0.312337216417211,-0.312337216417211,3.25352142741815e-25,0.769158878504673,TRUE,TRUE
"Y_114","RPL36A","D2_late_increasing",-0.31182903931052,-0.31182903931052,3.89402893473618e-25,0.928971962616822,TRUE,TRUE
"Y_114","RPS3","D2_late_increasing",-0.309395865335623,-0.309395865335623,9.30061318927602e-25,0.978504672897196,TRUE,TRUE
"Y_114","JUNB","D2_late_increasing",-0.304021977543083,-0.304021977543083,6.17769896559617e-24,0.788785046728972,TRUE,TRUE
"Y_114","RPL23A","D2_late_increasing",-0.30222536731368,-0.30222536731368,1.14684908250553e-23,0.961682242990654,TRUE,TRUE
"Y_114","RPS5","D2_late_increasing",-0.296657605817121,-0.296657605817121,7.89432115872111e-23,0.945794392523365,TRUE,TRUE
"Y_114","BTF3","D2_late_increasing",-0.295835615822344,-0.295835615822344,1.04433833269341e-22,0.814953271028037,TRUE,TRUE
"Y_114","RPS17","D2_late_increasing",-0.289845504663776,-0.289845504663776,7.87810039334354e-22,0.964485981308411,TRUE,TRUE
"Y_114","RPL17-C18orf32","D2_late_increasing",-0.28796419277549,-0.28796419277549,1.45238118890638e-21,0.883177570093458,TRUE,TRUE
"Y_114","RPL10A","D2_late_increasing",-0.285962672650867,-0.285962672650867,2.76421858367405e-21,0.938317757009346,TRUE,TRUE
"Y_114","HNRNPA1","D2_late_increasing",-0.283193441758193,-0.283193441758193,6.83327360141279e-21,0.779439252336449,TRUE,TRUE
"Y_114","RPS25","D2_late_increasing",-0.274403321944163,-0.274403321944163,1.10164170200667e-19,0.919626168224299,TRUE,TRUE
"Y_114","LMO4","D2_late_increasing",-0.271597110997164,-0.271597110997164,2.61830252118496e-19,0.571028037383178,TRUE,TRUE
"Y_114","PFDN5","D2_late_increasing",-0.266494741804319,-0.266494741804319,1.23236507823343e-18,0.885981308411215,TRUE,TRUE
"Y_114","CIRBP","D2_late_increasing",-0.263125626714602,-0.263125626714602,3.36697963322147e-18,0.730841121495327,TRUE,TRUE
"Y_114","RPS15","D2_late_increasing",-0.262585129556937,-0.262585129556937,3.95399516256056e-18,0.963551401869159,TRUE,TRUE
"Y_114","RPL31","D2_late_increasing",-0.261618465686952,-0.261618465686952,5.22420957014418e-18,0.958878504672897,TRUE,TRUE
"Y_114","RPS7","D2_late_increasing",-0.25948494104019,-0.25948494104019,9.62180497172375e-18,0.927102803738318,TRUE,TRUE
"Y_114","ADIRF","D2_late_increasing",-0.257651924373326,-0.257651924373326,1.63503120428003e-17,0.620560747663551,TRUE,TRUE
"Y_114","RPS10","D2_late_increasing",-0.256446406773986,-0.256446406773986,2.31026614513035e-17,0.939252336448598,TRUE,TRUE
"Y_114","NUCKS1","D2_late_increasing",-0.252756319694565,-0.252756319694565,6.59957971754074e-17,0.783177570093458,TRUE,TRUE
"Y_114","RPS15A","D2_late_increasing",-0.252383118703315,-0.252383118703315,7.33150635133666e-17,0.945794392523365,TRUE,TRUE
"Y_114","FGFR1","D2_late_increasing",-0.251954293689233,-0.251954293689233,8.27643317659145e-17,0.603738317757009,TRUE,TRUE
"Y_114","CD81","D2_late_increasing",-0.24362211414552,-0.24362211414552,8.39082234167972e-16,0.883177570093458,TRUE,TRUE
"Y_114","EIF1","D2_late_increasing",-0.241159255792612,-0.241159255792612,1.63554632556826e-15,0.85607476635514,TRUE,TRUE
"Y_114","ZFP36L2","D2_late_increasing",-0.238722559920565,-0.238722559920565,3.14591661407671e-15,0.766355140186916,TRUE,TRUE
"Y_114","RPS24","D2_late_increasing",-0.238059420447638,-0.238059420447638,3.75153430738437e-15,0.961682242990654,TRUE,TRUE
"Y_114","RPL7A","D2_late_increasing",-0.235725421383404,-0.235725421383404,6.94736712379787e-15,0.97196261682243,TRUE,TRUE
"Y_114","RPS18","D2_late_increasing",-0.227420906198673,-0.227420906198673,5.92194260640984e-14,0.993457943925234,TRUE,TRUE
"Y_114","HMGB1","D2_late_increasing",-0.227319939022366,-0.227319939022366,6.06077685344352e-14,0.78785046728972,TRUE,TRUE
"Y_114","HIST1H4C","D2_late_increasing",-0.224415200937419,-0.224415200937419,1.26574427927319e-13,0.457009345794393,TRUE,TRUE
"Y_114","RPL35","D2_late_increasing",-0.216602219336436,-0.216602219336436,8.66250326771704e-13,0.974766355140187,TRUE,TRUE
"Y_114","SNHG8","D2_late_increasing",-0.210228975138566,-0.210228975138566,3.91614848875941e-12,0.447663551401869,TRUE,TRUE
"Y_114","RPS2","D2_late_increasing",-0.207665848931415,-0.207665848931415,7.09371579035073e-12,0.980373831775701,TRUE,TRUE
"Y_114","TMEM258","D2_late_increasing",0.20011186306307,0.20011186306307,3.97253497452672e-11,0.627102803738318,TRUE,TRUE
"Y_114","POLDIP2","D2_late_increasing",0.200250969148978,0.200250969148978,3.85222978040619e-11,0.183177570093458,TRUE,TRUE
"Y_114","PLXNA3","D2_late_increasing",0.200307603161685,0.200307603161685,3.80629699522016e-11,0.12803738317757,TRUE,TRUE
"Y_114","MRPS12","D2_late_increasing",0.200338962500665,0.200338962500665,3.78260766615751e-11,0.211214953271028,TRUE,TRUE
"Y_114","RAB24","D2_late_increasing",0.200424108444054,0.200424108444054,3.71329535372582e-11,0.142056074766355,TRUE,TRUE
"Y_114","MARVELD1","D2_late_increasing",0.200807381567333,0.200807381567333,3.40561215172848e-11,0.400934579439252,TRUE,TRUE
"Y_114","CMKLR1","D2_late_increasing",0.201311377734015,0.201311377734015,3.03781539281571e-11,0.103738317757009,TRUE,TRUE
"Y_114","PTPMT1","D2_late_increasing",0.201325189448217,0.201325189448217,3.03095426556095e-11,0.248598130841122,TRUE,TRUE
"Y_114","RNF11","D2_late_increasing",0.201359237411212,0.201359237411212,3.01013569242971e-11,0.129906542056075,TRUE,TRUE
"Y_114","C6orf1","D2_late_increasing",0.201615706705342,0.201615706705342,2.84095991963021e-11,0.147663551401869,TRUE,TRUE
"Y_114","SSNA1","D2_late_increasing",0.201622039400418,0.201622039400418,2.8393995963648e-11,0.257943925233645,TRUE,TRUE
"Y_114","PSMC4","D2_late_increasing",0.203865565536798,0.203865565536798,1.69583024538026e-11,0.202803738317757,TRUE,TRUE
"Y_114","NPC2","D2_late_increasing",0.204385277071487,0.204385277071487,1.50442110871971e-11,0.562616822429907,TRUE,TRUE
"Y_114","SAT2","D2_late_increasing",0.204413506130961,0.204413506130961,1.49593288824439e-11,0.277570093457944,TRUE,TRUE
"Y_114","NDUFB11","D2_late_increasing",0.204432690452616,0.204432690452616,1.49062445685124e-11,0.530841121495327,TRUE,TRUE
"Y_114","DCHS1","D2_late_increasing",0.204906749099453,0.204906749099453,1.33606137722482e-11,0.21214953271028,TRUE,TRUE
"Y_114","HAS2","D2_late_increasing",0.204988501721473,0.204988501721473,1.31202554047643e-11,0.195327102803738,TRUE,TRUE
"Y_114","NDUFA4","D2_late_increasing",0.20508351567455,0.20508351567455,1.28443259712587e-11,0.531775700934579,TRUE,TRUE
"Y_114","ACTN1","D2_late_increasing",0.20527389470214,0.20527389470214,1.22971783297693e-11,0.370093457943925,TRUE,TRUE
"Y_114","RAB1B","D2_late_increasing",0.20551363667198,0.20551363667198,1.16377445361739e-11,0.286915887850467,TRUE,TRUE
"Y_114","HIGD2A","D2_late_increasing",0.206245416913196,0.206245416913196,9.8221438985993e-12,0.414018691588785,TRUE,TRUE
"Y_114","TMEM160","D2_late_increasing",0.206324915733076,0.206324915733076,9.6493371255724e-12,0.241121495327103,TRUE,TRUE
"Y_114","ILVBL","D2_late_increasing",0.206346779750793,0.206346779750793,9.60869861763003e-12,0.157009345794393,TRUE,TRUE
"Y_114","TMEM9","D2_late_increasing",0.206402494960425,0.206402494960425,9.49245924733633e-12,0.242990654205607,TRUE,TRUE
"Y_114","PMP22","D2_late_increasing",0.206426814857332,0.206426814857332,9.44702606774651e-12,0.399065420560748,TRUE,TRUE
"Y_114","RIC8A","D2_late_increasing",0.206660823781212,0.206660823781212,8.94959529023579e-12,0.166355140186916,TRUE,TRUE
"Y_114","COX7B","D2_late_increasing",0.207040095463837,0.207040095463837,8.19260591405337e-12,0.407476635514019,TRUE,TRUE
"Y_114","YIPF3","D2_late_increasing",0.20724812611352,0.20724812611352,7.81479066417426e-12,0.333644859813084,TRUE,TRUE
"Y_114","TEN1","D2_late_increasing",0.207624193195258,0.207624193195258,7.15732015079981e-12,0.125233644859813,TRUE,TRUE
"Y_114","MRPS24","D2_late_increasing",0.207760667216005,0.207760667216005,6.94282893102879e-12,0.347663551401869,TRUE,TRUE
"Y_114","FASTK","D2_late_increasing",0.207891636714919,0.207891636714919,6.73719730263917e-12,0.176635514018692,TRUE,TRUE
"Y_114","FAM162A","D2_late_increasing",0.208212021515558,0.208212021515558,6.25059933114879e-12,0.313084112149533,TRUE,TRUE
"Y_114","TSR3","D2_late_increasing",0.208241264366302,0.208241264366302,6.21315154958087e-12,0.246728971962617,TRUE,TRUE
"Y_114","PRELP","D2_late_increasing",0.208364901726351,0.208364901726351,6.03918895076862e-12,0.282242990654206,TRUE,TRUE
"Y_114","GORASP2","D2_late_increasing",0.208555691809055,0.208555691809055,5.77714406325027e-12,0.2,TRUE,TRUE
"Y_114","ECH1","D2_late_increasing",0.208558011717979,0.208558011717979,5.77714406325027e-12,0.296261682242991,TRUE,TRUE
"Y_114","GSTO1","D2_late_increasing",0.208721578616666,0.208721578616666,5.56419791490236e-12,0.34392523364486,TRUE,TRUE
"Y_114","PRMT2","D2_late_increasing",0.208986466680602,0.208986466680602,5.2293259733519e-12,0.281308411214953,TRUE,TRUE
"Y_114","SUB1","D2_late_increasing",0.209120577610556,0.209120577610556,5.06970974017689e-12,0.381308411214953,TRUE,TRUE
"Y_114","HLA-A","D2_late_increasing",0.20936887580114,0.20936887580114,4.78288611103948e-12,0.775700934579439,TRUE,TRUE
"Y_114","ANXA2","D2_late_increasing",0.209552832638253,0.209552832638253,4.58179304413126e-12,0.831775700934579,TRUE,TRUE
"Y_114","CREB3","D2_late_increasing",0.209644826822057,0.209644826822057,4.48644560227285e-12,0.174766355140187,TRUE,TRUE
"Y_114","PLP2","D2_late_increasing",0.210034823163748,0.210034823163748,4.09095755698262e-12,0.422429906542056,TRUE,TRUE
"Y_114","ALDOA","D2_late_increasing",0.210190067201212,0.210190067201212,3.94542326353593e-12,0.645794392523364,TRUE,TRUE
"Y_114","CCDC92","D2_late_increasing",0.210202422532563,0.210202422532563,3.93744492114931e-12,0.155140186915888,TRUE,TRUE
"Y_114","IFITM1","D2_late_increasing",0.210385985151784,0.210385985151784,3.77510805760289e-12,0.22803738317757,TRUE,TRUE
"Y_114","SCAND1","D2_late_increasing",0.210699322187233,0.210699322187233,3.50506776362954e-12,0.397196261682243,TRUE,TRUE
"Y_114","RPS19BP1","D2_late_increasing",0.210937585938106,0.210937585938106,3.31321643490025e-12,0.342990654205607,TRUE,TRUE
"Y_114","CD68","D2_late_increasing",0.211034905549239,0.211034905549239,3.24268852337257e-12,0.116822429906542,TRUE,TRUE
"Y_114","NKIRAS2","D2_late_increasing",0.21119641204181,0.21119641204181,3.12206139769138e-12,0.14392523364486,TRUE,TRUE
"Y_114","NRP2","D2_late_increasing",0.211255354516691,0.211255354516691,3.08098248911652e-12,0.196261682242991,TRUE,TRUE
"Y_114","PLXNA2","D2_late_increasing",0.211378136938116,0.211378136938116,2.99687227067523e-12,0.119626168224299,TRUE,TRUE
"Y_114","C4orf3","D2_late_increasing",0.211574555372618,0.211574555372618,2.86102613854645e-12,0.461682242990654,TRUE,TRUE
"Y_114","RBCK1","D2_late_increasing",0.211657690696962,0.211657690696962,2.80689043342395e-12,0.235514018691589,TRUE,TRUE
"Y_114","PKM","D2_late_increasing",0.211965482468756,0.211965482468756,2.60837518651332e-12,0.573831775700935,TRUE,TRUE
"Y_114","MAGOHB","D2_late_increasing",0.212300217610379,0.212300217610379,2.40787722840677e-12,0.107476635514019,TRUE,TRUE
"Y_114","MAP2K2","D2_late_increasing",0.212383091731176,0.212383091731176,2.36230008728325e-12,0.298130841121495,TRUE,TRUE
"Y_114","ORMDL3","D2_late_increasing",0.212414163895739,0.212414163895739,2.34682148857695e-12,0.189719626168224,TRUE,TRUE
"Y_114","CDIPT","D2_late_increasing",0.212801261028019,0.212801261028019,2.13870763223139e-12,0.278504672897196,TRUE,TRUE
"Y_114","AGPAT1","D2_late_increasing",0.212832509155758,0.212832509155758,2.12457395689698e-12,0.188785046728972,TRUE,TRUE
"Y_114","CFL1","D2_late_increasing",0.213082321471487,0.213082321471487,2.0014609502222e-12,0.719626168224299,TRUE,TRUE
"Y_114","PACS2","D2_late_increasing",0.213312247190651,0.213312247190651,1.89448230886017e-12,0.18785046728972,TRUE,TRUE
"Y_114","GJA1","D2_late_increasing",0.213749778618311,0.213749778618311,1.70468413958773e-12,0.380373831775701,TRUE,TRUE
"Y_114","KDELR1","D2_late_increasing",0.21385291199362,0.21385291199362,1.66394576705013e-12,0.538317757009346,TRUE,TRUE
"Y_114","ZNF593","D2_late_increasing",0.213993557814706,0.213993557814706,1.60936405765896e-12,0.179439252336449,TRUE,TRUE
"Y_114","CORO1C","D2_late_increasing",0.214138158604255,0.214138158604255,1.55503453581794e-12,0.189719626168224,TRUE,TRUE
"Y_114","RTN4RL2","D2_late_increasing",0.214388557262409,0.214388557262409,1.46414644884107e-12,0.114018691588785,TRUE,TRUE
"Y_114","PSME2","D2_late_increasing",0.214392170920339,0.214392170920339,1.46414644884107e-12,0.331775700934579,TRUE,TRUE
"Y_114","AKR1B1","D2_late_increasing",0.214475831004509,0.214475831004509,1.43597793652179e-12,0.165420560747664,TRUE,TRUE
"Y_114","CYSTM1","D2_late_increasing",0.214501516716064,0.214501516716064,1.42835347545486e-12,0.249532710280374,TRUE,TRUE
"Y_114","SNX3","D2_late_increasing",0.214619188678021,0.214619188678021,1.38914524823903e-12,0.378504672897196,TRUE,TRUE
"Y_114","BCL7C","D2_late_increasing",0.214681588419299,0.214681588419299,1.36940170553352e-12,0.472897196261682,TRUE,TRUE
"Y_114","PODNL1","D2_late_increasing",0.214769180136798,0.214769180136798,1.3416297432492e-12,0.127102803738318,TRUE,TRUE
"Y_114","GALNT15","D2_late_increasing",0.215145038938808,0.215145038938808,1.22588179308558e-12,0.102803738317757,TRUE,TRUE
"Y_114","PPP1R14B","D2_late_increasing",0.215194349002575,0.215194349002575,1.21230425999541e-12,0.550467289719626,TRUE,TRUE
"Y_114","HOXB7","D2_late_increasing",0.215216896670389,0.215216896670389,1.20677763607199e-12,0.105607476635514,TRUE,TRUE
"Y_114","ADGRA2","D2_late_increasing",0.215763794004173,0.215763794004173,1.05599315106123e-12,0.363551401869159,TRUE,TRUE
"Y_114","NUCB2","D2_late_increasing",0.216159860376597,0.216159860376597,9.59666483871591e-13,0.285046728971963,TRUE,TRUE
"Y_114","ANXA5","D2_late_increasing",0.216163727293591,0.216163727293591,9.59666483871591e-13,0.522429906542056,TRUE,TRUE
"Y_114","ATP5J2","D2_late_increasing",0.216175794349438,0.216175794349438,9.57758550341555e-13,0.538317757009346,TRUE,TRUE
"Y_114","CAPNS1","D2_late_increasing",0.216180952555978,0.216180952555978,9.57470362176123e-13,0.533644859813084,TRUE,TRUE
"Y_114","ATP5G3","D2_late_increasing",0.216357416139719,0.216357416139719,9.1756397444209e-13,0.508411214953271,TRUE,TRUE
"Y_114","MBOAT7","D2_late_increasing",0.216478630779181,0.216478630779181,8.91372447580062e-13,0.122429906542056,TRUE,TRUE
"Y_114","WDR45","D2_late_increasing",0.216581803911406,0.216581803911406,8.69783697793905e-13,0.208411214953271,TRUE,TRUE
"Y_114","SLC35A4","D2_late_increasing",0.216817310200863,0.216817310200863,8.22179422222901e-13,0.131775700934579,TRUE,TRUE
"Y_114","CSF1","D2_late_increasing",0.216864393888828,0.216864393888828,8.13450064454557e-13,0.130841121495327,TRUE,TRUE
"Y_114","TES","D2_late_increasing",0.216897256998802,0.216897256998802,8.07649976697813e-13,0.114953271028037,TRUE,TRUE
"Y_114","C11orf98","D2_late_increasing",0.217087230551499,0.217087230551499,7.71288691444908e-13,0.232710280373832,TRUE,TRUE
"Y_114","MRPS11","D2_late_increasing",0.217107737555162,0.217107737555162,7.68132073832606e-13,0.170093457943925,TRUE,TRUE
"Y_114","PDIA6","D2_late_increasing",0.217360052997828,0.217360052997828,7.22260097426244e-13,0.342056074766355,TRUE,TRUE
"Y_114","NDUFS7","D2_late_increasing",0.217515402908475,0.217515402908475,6.95626184004807e-13,0.301869158878505,TRUE,TRUE
"Y_114","CMBL","D2_late_increasing",0.217539182348906,0.217539182348906,6.92211165032836e-13,0.113084112149533,TRUE,TRUE
"Y_114","POP7","D2_late_increasing",0.217689174124297,0.217689174124297,6.67552316311302e-13,0.165420560747664,TRUE,TRUE
"Y_114","POLE4","D2_late_increasing",0.217693327358525,0.217693327358525,6.67520748168228e-13,0.229906542056075,TRUE,TRUE
"Y_114","PREB","D2_late_increasing",0.217829746282008,0.217829746282008,6.4590092954491e-13,0.168224299065421,TRUE,TRUE
"Y_114","MPC2","D2_late_increasing",0.218079863977095,0.218079863977095,6.07530052118502e-13,0.208411214953271,TRUE,TRUE
"Y_114","MIEN1","D2_late_increasing",0.21828083094356,0.21828083094356,5.78438455484097e-13,0.226168224299065,TRUE,TRUE
"Y_114","CA12","D2_late_increasing",0.21884726643939,0.21884726643939,5.02687216103548e-13,0.195327102803738,TRUE,TRUE
"Y_114","PDGFD","D2_late_increasing",0.218915175882464,0.218915175882464,4.94716527231655e-13,0.136448598130841,TRUE,TRUE
"Y_114","COX14","D2_late_increasing",0.218925884200234,0.218925884200234,4.93882996558416e-13,0.299065420560748,TRUE,TRUE
"Y_114","MINOS1","D2_late_increasing",0.218966434818018,0.218966434818018,4.89386254981145e-13,0.51588785046729,TRUE,TRUE
"Y_114","NTMT1","D2_late_increasing",0.219080164364024,0.219080164364024,4.7613440862595e-13,0.188785046728972,TRUE,TRUE
"Y_114","MAPK6","D2_late_increasing",0.219221950662457,0.219221950662457,4.59992460720945e-13,0.145794392523364,TRUE,TRUE
"Y_114","FAM20A","D2_late_increasing",0.219773457808823,0.219773457808823,4.01395257967635e-13,0.164485981308411,TRUE,TRUE
"Y_114","GAPDH","D2_late_increasing",0.220387689717067,0.220387689717067,3.4430561263443e-13,0.805607476635514,TRUE,TRUE
"Y_114","GADD45GIP1","D2_late_increasing",0.220562396627715,0.220562396627715,3.30471744349684e-13,0.409345794392523,TRUE,TRUE
"Y_114","FIS1","D2_late_increasing",0.220827940360613,0.220827940360613,3.09378984911876e-13,0.508411214953271,TRUE,TRUE
"Y_114","ASNA1","D2_late_increasing",0.220879773131822,0.220879773131822,3.05664863395622e-13,0.200934579439252,TRUE,TRUE
"Y_114","MAPKAPK2","D2_late_increasing",0.221388943346146,0.221388943346146,2.69033529385921e-13,0.230841121495327,TRUE,TRUE
"Y_114","PCNXL3","D2_late_increasing",0.221592627597917,0.221592627597917,2.55771520029011e-13,0.109345794392523,TRUE,TRUE
"Y_114","KLF7","D2_late_increasing",0.221760534399489,0.221760534399489,2.45366181077441e-13,0.139252336448598,TRUE,TRUE
"Y_114","MEA1","D2_late_increasing",0.22187223786508,0.22187223786508,2.38755333668016e-13,0.32803738317757,TRUE,TRUE
"Y_114","TMEM98","D2_late_increasing",0.222085830546301,0.222085830546301,2.26389188993057e-13,0.282242990654206,TRUE,TRUE
"Y_114","DCTN1","D2_late_increasing",0.222093493335753,0.222093493335753,2.26177027496335e-13,0.219626168224299,TRUE,TRUE
"Y_114","APOL1","D2_late_increasing",0.222601605913212,0.222601605913212,1.98976220319362e-13,0.14018691588785,TRUE,TRUE
"Y_114","SMPD1","D2_late_increasing",0.222813822730144,0.222813822730144,1.88891982164491e-13,0.157009345794393,TRUE,TRUE
"Y_114","MRPL55","D2_late_increasing",0.222929041926087,0.222929041926087,1.83612800894501e-13,0.277570093457944,TRUE,TRUE
"Y_114","RPN1","D2_late_increasing",0.222951523683925,0.222951523683925,1.8274863460485e-13,0.458878504672897,TRUE,TRUE
"Y_114","FRZB","D2_late_increasing",0.223010879660831,0.223010879660831,1.80186690597405e-13,0.139252336448598,TRUE,TRUE
"Y_114","CLIP1","D2_late_increasing",0.223223506618704,0.223223506618704,1.70846770868402e-13,0.183177570093458,TRUE,TRUE
"Y_114","TMEM263","D2_late_increasing",0.223238299453507,0.223238299453507,1.70375889847514e-13,0.170093457943925,TRUE,TRUE
"Y_114","CYC1","D2_late_increasing",0.223425417265083,0.223425417265083,1.62591512146529e-13,0.339252336448598,TRUE,TRUE
"Y_114","DGCR6L","D2_late_increasing",0.223458097747032,0.223458097747032,1.61403757599544e-13,0.272897196261682,TRUE,TRUE
"Y_114","R3HDM4","D2_late_increasing",0.223679581600692,0.223679581600692,1.52674000401892e-13,0.205607476635514,TRUE,TRUE
"Y_114","LSM7","D2_late_increasing",0.224460175351954,0.224460175351954,1.25249245743766e-13,0.457009345794393,TRUE,TRUE
"Y_114","CARM1","D2_late_increasing",0.224839801715191,0.224839801715191,1.13723744109153e-13,0.186915887850467,TRUE,TRUE
"Y_114","KCTD12","D2_late_increasing",0.225243098683518,0.225243098683518,1.02612858402672e-13,0.169158878504673,TRUE,TRUE
"Y_114","SLC25A5","D2_late_increasing",0.225280524380378,0.225280524380378,1.01731974527937e-13,0.350467289719626,TRUE,TRUE
"Y_114","CHMP1A","D2_late_increasing",0.225613276112879,0.225613276112879,9.34598195867665e-14,0.152336448598131,TRUE,TRUE
"Y_114","ABHD17A","D2_late_increasing",0.225943994380038,0.225943994380038,8.58938649777289e-14,0.238317757009346,TRUE,TRUE
"Y_114","COX7A1","D2_late_increasing",0.226130800930079,0.226130800930079,8.2010280041121e-14,0.486915887850467,TRUE,TRUE
"Y_114","TIAM2","D2_late_increasing",0.226662711089367,0.226662711089367,7.15247762328053e-14,0.150467289719626,TRUE,TRUE
"Y_114","AURKAIP1","D2_late_increasing",0.226754769065402,0.226754769065402,6.99083197732521e-14,0.448598130841121,TRUE,TRUE
"Y_114","SLC31A1","D2_late_increasing",0.226820237625116,0.226820237625116,6.8801136664995e-14,0.144859813084112,TRUE,TRUE
"Y_114","ARFGAP3","D2_late_increasing",0.226834793569548,0.226834793569548,6.86124017318716e-14,0.210280373831776,TRUE,TRUE
"Y_114","NME3","D2_late_increasing",0.227122519833954,0.227122519833954,6.37356778347673e-14,0.388785046728972,TRUE,TRUE
"Y_114","MRPL41","D2_late_increasing",0.227337101199214,0.227337101199214,6.04001762531576e-14,0.480373831775701,TRUE,TRUE
"Y_114","UFC1","D2_late_increasing",0.227376524896871,0.227376524896871,5.98455260592859e-14,0.346728971962617,TRUE,TRUE
"Y_114","NDUFA2","D2_late_increasing",0.227866656917088,0.227866656917088,5.27783068101902e-14,0.396261682242991,TRUE,TRUE
"Y_114","FSCN1","D2_late_increasing",0.228171221297374,0.228171221297374,4.87942483030012e-14,0.398130841121495,TRUE,TRUE
"Y_114","DLG1","D2_late_increasing",0.228230818290162,0.228230818290162,4.80901908109533e-14,0.147663551401869,TRUE,TRUE
"Y_114","PCED1A","D2_late_increasing",0.228431600183022,0.228431600183022,4.56779167322329e-14,0.136448598130841,TRUE,TRUE
"Y_114","BLOC1S1","D2_late_increasing",0.228458449900524,0.228458449900524,4.54054957871264e-14,0.399065420560748,TRUE,TRUE
"Y_114","COL8A2","D2_late_increasing",0.228810466869063,0.228810466869063,4.14501558795585e-14,0.108411214953271,TRUE,TRUE
"Y_114","LZTS1","D2_late_increasing",0.229094765547647,0.229094765547647,3.85121431629497e-14,0.101869158878505,TRUE,TRUE
"Y_114","LSP1","D2_late_increasing",0.229196560938945,0.229196560938945,3.75359015425636e-14,0.530841121495327,TRUE,TRUE
"Y_114","KIF1C","D2_late_increasing",0.229421009849557,0.229421009849557,3.5423668125062e-14,0.193457943925234,TRUE,TRUE
"Y_114","CMTM3","D2_late_increasing",0.229436992309965,0.229436992309965,3.53121749771078e-14,0.237383177570093,TRUE,TRUE
"Y_114","WDR46","D2_late_increasing",0.229523866726137,0.229523866726137,3.4550994599546e-14,0.178504672897196,TRUE,TRUE
"Y_114","EFHD2","D2_late_increasing",0.229576206838956,0.229576206838956,3.41388995158546e-14,0.116822429906542,TRUE,TRUE
"Y_114","MGP","D2_late_increasing",0.229679826693141,0.229679826693141,3.3266923507531e-14,0.72803738317757,TRUE,TRUE
"Y_114","XPOT","D2_late_increasing",0.229800862762539,0.229800862762539,3.22576683768536e-14,0.114953271028037,TRUE,TRUE
"Y_114","PKIG","D2_late_increasing",0.229827343590037,0.229827343590037,3.20673330013809e-14,0.230841121495327,TRUE,TRUE
"Y_114","BCL3","D2_late_increasing",0.229886977212641,0.229886977212641,3.16009606342303e-14,0.219626168224299,TRUE,TRUE
"Y_114","ARHGDIA","D2_late_increasing",0.230470847173073,0.230470847173073,2.71251729490156e-14,0.439252336448598,TRUE,TRUE
"Y_114","ZNF428","D2_late_increasing",0.230614667625471,0.230614667625471,2.61629356184485e-14,0.264485981308411,TRUE,TRUE
"Y_114","LOXL2","D2_late_increasing",0.23080033833984,0.23080033833984,2.49358313356439e-14,0.24018691588785,TRUE,TRUE
"Y_114","UQCR10","D2_late_increasing",0.230837982674603,0.230837982674603,2.47149420257191e-14,0.529906542056075,TRUE,TRUE
"Y_114","RAB7B","D2_late_increasing",0.231109835364797,0.231109835364797,2.30229737202666e-14,0.117757009345794,TRUE,TRUE
"Y_114","RABAC1","D2_late_increasing",0.231173913708276,0.231173913708276,2.26594630308517e-14,0.64392523364486,TRUE,TRUE
"Y_114","DPM3","D2_late_increasing",0.231339956862504,0.231339956862504,2.17067111145784e-14,0.402803738317757,TRUE,TRUE
"Y_114","CSTB","D2_late_increasing",0.231575135368723,0.231575135368723,2.04151814563926e-14,0.550467289719626,TRUE,TRUE
"Y_114","TMUB1","D2_late_increasing",0.231860597770066,0.231860597770066,1.89645278859795e-14,0.141121495327103,TRUE,TRUE
"Y_114","PSMB9","D2_late_increasing",0.231934145920319,0.231934145920319,1.8617142452805e-14,0.211214953271028,TRUE,TRUE
"Y_114","AP1S1","D2_late_increasing",0.232021978359552,0.232021978359552,1.82066926054563e-14,0.113084112149533,TRUE,TRUE
"Y_114","MYL6","D2_late_increasing",0.232109297484363,0.232109297484363,1.78075749181713e-14,0.88411214953271,TRUE,TRUE
"Y_114","LIMK1","D2_late_increasing",0.232232957433456,0.232232957433456,1.72493144265232e-14,0.119626168224299,TRUE,TRUE
"Y_114","GBP2","D2_late_increasing",0.232694439297611,0.232694439297611,1.52687423125256e-14,0.11588785046729,TRUE,TRUE
"Y_114","AMPD2","D2_late_increasing",0.232973819088339,0.232973819088339,1.41861686837173e-14,0.120560747663551,TRUE,TRUE
"Y_114","BEST1","D2_late_increasing",0.233083510130168,0.233083510130168,1.37910786822059e-14,0.117757009345794,TRUE,TRUE
"Y_114","CUEDC2","D2_late_increasing",0.233137856297444,0.233137856297444,1.36067603382519e-14,0.270093457943925,TRUE,TRUE
"Y_114","ILF2","D2_late_increasing",0.233541420579272,0.233541420579272,1.22397647108978e-14,0.232710280373832,TRUE,TRUE
"Y_114","TUBA1B","D2_late_increasing",0.233622559742225,0.233622559742225,1.19894350057991e-14,0.64018691588785,TRUE,TRUE
"Y_114","SAC3D1","D2_late_increasing",0.233629299967983,0.233629299967983,1.19807582798254e-14,0.124299065420561,TRUE,TRUE
"Y_114","GDI2","D2_late_increasing",0.233748556799595,0.233748556799595,1.16162892445061e-14,0.305607476635514,TRUE,TRUE
"Y_114","DCTD","D2_late_increasing",0.233959163479835,0.233959163479835,1.09899173444972e-14,0.2,TRUE,TRUE
"Y_114","FAM127A","D2_late_increasing",0.234070090834721,0.234070090834721,1.06789616172207e-14,0.47196261682243,TRUE,TRUE
"Y_114","RPN2","D2_late_increasing",0.234160892294188,0.234160892294188,1.0432933184567e-14,0.368224299065421,TRUE,TRUE
"Y_114","ATP5E","D2_late_increasing",0.234441907369847,0.234441907369847,9.684151082758e-15,0.795327102803738,TRUE,TRUE
"Y_114","CDC42EP1","D2_late_increasing",0.234451167588357,0.234451167588357,9.67058489570686e-15,0.272897196261682,TRUE,TRUE
"Y_114","PUF60","D2_late_increasing",0.234458498405486,0.234458498405486,9.66206340511608e-15,0.257009345794392,TRUE,TRUE
"Y_114","INPPL1","D2_late_increasing",0.234473064790192,0.234473064790192,9.63478141927813e-15,0.165420560747664,TRUE,TRUE
"Y_114","MYL6B","D2_late_increasing",0.234622480880182,0.234622480880182,9.26504741974091e-15,0.3,TRUE,TRUE
"Y_114","PKN1","D2_late_increasing",0.23483060057466,0.23483060057466,8.77902684305128e-15,0.186915887850467,TRUE,TRUE
"Y_114","LTBP2","D2_late_increasing",0.234873883530159,0.234873883530159,8.68670841182264e-15,0.129906542056075,TRUE,TRUE
"Y_114","COL15A1","D2_late_increasing",0.234954965803492,0.234954965803492,8.51753345145638e-15,0.3,TRUE,TRUE
"Y_114","NOP10","D2_late_increasing",0.23523224529385,0.23523224529385,7.91209722075821e-15,0.373831775700935,TRUE,TRUE
"Y_114","RAB11FIP5","D2_late_increasing",0.235275641142073,0.235275641142073,7.82852476543727e-15,0.160747663551402,TRUE,TRUE
"Y_114","OXLD1","D2_late_increasing",0.235422593048692,0.235422593048692,7.53206883186159e-15,0.127102803738318,TRUE,TRUE
"Y_114","DNM3OS","D2_late_increasing",0.235810992475918,0.235810992475918,6.79577896522308e-15,0.11588785046729,TRUE,TRUE
"Y_114","LRRC75A","D2_late_increasing",0.235818750101937,0.235818750101937,6.7890282221581e-15,0.154205607476636,TRUE,TRUE
"Y_114","XXYLT1","D2_late_increasing",0.235889425589419,0.235889425589419,6.66769550503942e-15,0.149532710280374,TRUE,TRUE
"Y_114","GCN1","D2_late_increasing",0.236301678056848,0.236301678056848,5.96915899095132e-15,0.144859813084112,TRUE,TRUE
"Y_114","FAAP100","D2_late_increasing",0.236346591336218,0.236346591336218,5.90338552055645e-15,0.110280373831776,TRUE,TRUE
"Y_114","PTGDS","D2_late_increasing",0.236588024556407,0.236588024556407,5.53484645887811e-15,0.416822429906542,TRUE,TRUE
"Y_114","CCL27","D2_late_increasing",0.2370371086866,0.2370371086866,4.90380107787625e-15,0.339252336448598,TRUE,TRUE
"Y_114","CAPG","D2_late_increasing",0.237121761264469,0.237121761264469,4.7973717945452e-15,0.233644859813084,TRUE,TRUE
"Y_114","MYC","D2_late_increasing",0.237125154930757,0.237125154930757,4.7973717945452e-15,0.236448598130841,TRUE,TRUE
"Y_114","MDFI","D2_late_increasing",0.237182883412308,0.237182883412308,4.72868480128385e-15,0.249532710280374,TRUE,TRUE
"Y_114","B4GALT7","D2_late_increasing",0.237300163968006,0.237300163968006,4.5850355786664e-15,0.157009345794393,TRUE,TRUE
"Y_114","PSMD8","D2_late_increasing",0.23732006642457,0.23732006642457,4.5653287905402e-15,0.392523364485981,TRUE,TRUE
"Y_114","IMP4","D2_late_increasing",0.237330829003426,0.237330829003426,4.55705369843893e-15,0.171028037383178,TRUE,TRUE
"Y_114","APRT","D2_late_increasing",0.237559909662011,0.237559909662011,4.28576485331473e-15,0.501869158878505,TRUE,TRUE
"Y_114","PTGES2","D2_late_increasing",0.237692485502681,0.237692485502681,4.13803889314242e-15,0.164485981308411,TRUE,TRUE
"Y_114","SLC35E1","D2_late_increasing",0.237805789426979,0.237805789426979,4.01642008653329e-15,0.180373831775701,TRUE,TRUE
"Y_114","ANO1","D2_late_increasing",0.238155464757267,0.238155464757267,3.65833738445579e-15,0.111214953271028,TRUE,TRUE
"Y_114","SEC61B","D2_late_increasing",0.238218905225388,0.238218905225388,3.59940930716444e-15,0.6,TRUE,TRUE
"Y_114","TTC3","D2_late_increasing",0.238349956545284,0.238349956545284,3.47643491717038e-15,0.454205607476636,TRUE,TRUE
"Y_114","POLR2G","D2_late_increasing",0.23847663788499,0.23847663788499,3.36161847081533e-15,0.321495327102804,TRUE,TRUE
"Y_114","TIMM13","D2_late_increasing",0.238899560972104,0.238899560972104,3.00009933897749e-15,0.374766355140187,TRUE,TRUE
"Y_114","TMED2","D2_late_increasing",0.23897861315536,0.23897861315536,2.93898571067294e-15,0.3,TRUE,TRUE
"Y_114","MMP14","D2_late_increasing",0.239071267461296,0.239071267461296,2.86835449063958e-15,0.302803738317757,TRUE,TRUE
"Y_114","UBA1","D2_late_increasing",0.239371809079441,0.239371809079441,2.64378481659752e-15,0.280373831775701,TRUE,TRUE
"Y_114","APLNR","D2_late_increasing",0.239763610608929,0.239763610608929,2.37599100238567e-15,0.114018691588785,TRUE,TRUE
"Y_114","DGKZ","D2_late_increasing",0.239970459985394,0.239970459985394,2.24676792759769e-15,0.104672897196262,TRUE,TRUE
"Y_114","ELN","D2_late_increasing",0.240067878391091,0.240067878391091,2.18964873515247e-15,0.394392523364486,TRUE,TRUE
"Y_114","PRELID1","D2_late_increasing",0.240242503804266,0.240242503804266,2.08892157704764e-15,0.365420560747664,TRUE,TRUE
"Y_114","SIRT2","D2_late_increasing",0.240373048918895,0.240373048918895,2.01719307522378e-15,0.15607476635514,TRUE,TRUE
"Y_114","IL32","D2_late_increasing",0.240399682920637,0.240399682920637,2.00468544225917e-15,0.195327102803738,TRUE,TRUE
"Y_114","CHRD","D2_late_increasing",0.240424132934099,0.240424132934099,1.9934599009508e-15,0.161682242990654,TRUE,TRUE
"Y_114","BAX","D2_late_increasing",0.240517565479621,0.240517565479621,1.94482894179802e-15,0.142990654205607,TRUE,TRUE
"Y_114","PLEKHO1","D2_late_increasing",0.240622552676476,0.240622552676476,1.89130727665216e-15,0.157009345794393,TRUE,TRUE
"Y_114","TSPAN4","D2_late_increasing",0.240994346865986,0.240994346865986,1.70815749889224e-15,0.373831775700935,TRUE,TRUE
"Y_114","TCEB2","D2_late_increasing",0.240996002519578,0.240996002519578,1.70815749889224e-15,0.757943925233645,TRUE,TRUE
"Y_114","ATP8B2","D2_late_increasing",0.241221096368465,0.241221096368465,1.60957272400928e-15,0.194392523364486,TRUE,TRUE
"Y_114","ATP6V0E1","D2_late_increasing",0.241288250357592,0.241288250357592,1.58167103282568e-15,0.54392523364486,TRUE,TRUE
"Y_114","SPOP","D2_late_increasing",0.241319276337098,0.241319276337098,1.56991860212855e-15,0.28785046728972,TRUE,TRUE
"Y_114","DUSP23","D2_late_increasing",0.241549515257017,0.241549515257017,1.47434584527887e-15,0.198130841121495,TRUE,TRUE
"Y_114","CCND2","D2_late_increasing",0.241574425519317,0.241574425519317,1.46587008284775e-15,0.166355140186916,TRUE,TRUE
"Y_114","SLC3A2","D2_late_increasing",0.241722622984097,0.241722622984097,1.40831785140618e-15,0.251401869158879,TRUE,TRUE
"Y_114","TMEM205","D2_late_increasing",0.241910491683725,0.241910491683725,1.33812848617259e-15,0.299065420560748,TRUE,TRUE
"Y_114","COMMD7","D2_late_increasing",0.242525403364514,0.242525403364514,1.1286104227444e-15,0.12803738317757,TRUE,TRUE
"Y_114","UBTD1","D2_late_increasing",0.242670984747394,0.242670984747394,1.08490401997171e-15,0.163551401869159,TRUE,TRUE
"Y_114","SPNS1","D2_late_increasing",0.242828763599221,0.242828763599221,1.03931343601389e-15,0.191588785046729,TRUE,TRUE
"Y_114","MRGPRF","D2_late_increasing",0.243019144943721,0.243019144943721,9.86567710570915e-16,0.176635514018692,TRUE,TRUE
"Y_114","PIGP","D2_late_increasing",0.243115042162583,0.243115042162583,9.61563224562297e-16,0.135514018691589,TRUE,TRUE
"Y_114","DDT","D2_late_increasing",0.243197736205874,0.243197736205874,9.40654721575729e-16,0.404672897196262,TRUE,TRUE
"Y_114","CPNE1","D2_late_increasing",0.243244335885133,0.243244335885133,9.29545737464628e-16,0.300934579439252,TRUE,TRUE
"Y_114","TSPAN9","D2_late_increasing",0.243601742920176,0.243601742920176,8.4191093346607e-16,0.257943925233645,TRUE,TRUE
"Y_114","NDUFA13","D2_late_increasing",0.243602331198436,0.243602331198436,8.4191093346607e-16,0.668224299065421,TRUE,TRUE
"Y_114","PTPN14","D2_late_increasing",0.243956942463084,0.243956942463084,7.64686343623455e-16,0.314018691588785,TRUE,TRUE
"Y_114","MXD4","D2_late_increasing",0.244117616001717,0.244117616001717,7.31777633276182e-16,0.435514018691589,TRUE,TRUE
"Y_114","PPP2R1A","D2_late_increasing",0.24419710881761,0.24419710881761,7.164425101657e-16,0.421495327102804,TRUE,TRUE
"Y_114","ACAN","D2_late_increasing",0.244388108208419,0.244388108208419,6.79749979500042e-16,0.164485981308411,TRUE,TRUE
"Y_114","STARD10","D2_late_increasing",0.244471730775233,0.244471730775233,6.64715269229147e-16,0.173831775700935,TRUE,TRUE
"Y_114","TCEAL8","D2_late_increasing",0.244768852480029,0.244768852480029,6.12040665626045e-16,0.324299065420561,TRUE,TRUE
"Y_114","NUDT22","D2_late_increasing",0.244848041373308,0.244848041373308,5.99230243417307e-16,0.139252336448598,TRUE,TRUE
"Y_114","TACSTD2","D2_late_increasing",0.24493292958596,0.24493292958596,5.85741141783176e-16,0.233644859813084,TRUE,TRUE
"Y_114","CD248","D2_late_increasing",0.245175078912601,0.245175078912601,5.47675653340301e-16,0.586915887850467,TRUE,TRUE
"Y_114","GOLGA2","D2_late_increasing",0.245291356451091,0.245291356451091,5.30600717104451e-16,0.419626168224299,TRUE,TRUE
"Y_114","HSD3B7","D2_late_increasing",0.245336841067795,0.245336841067795,5.24445294476831e-16,0.101869158878505,TRUE,TRUE
"Y_114","TAX1BP3","D2_late_increasing",0.245789784008161,0.245789784008161,4.61891605194732e-16,0.409345794392523,TRUE,TRUE
"Y_114","GLRX","D2_late_increasing",0.245848760847361,0.245848760847361,4.54779191869733e-16,0.15981308411215,TRUE,TRUE
"Y_114","FAM96B","D2_late_increasing",0.24597243418317,0.24597243418317,4.39636319769379e-16,0.331775700934579,TRUE,TRUE
"Y_114","CYP1B1","D2_late_increasing",0.246073725880154,0.246073725880154,4.27697225753028e-16,0.192523364485981,TRUE,TRUE
"Y_114","LTBR","D2_late_increasing",0.246149352755339,0.246149352755339,4.1911923082747e-16,0.289719626168224,TRUE,TRUE
"Y_114","SERPINB6","D2_late_increasing",0.246168355927763,0.246168355927763,4.17365396622145e-16,0.238317757009346,TRUE,TRUE
"Y_114","MFSD12","D2_late_increasing",0.246346216770514,0.246346216770514,3.97289039131938e-16,0.123364485981308,TRUE,TRUE
"Y_114","FKBP1A","D2_late_increasing",0.246394108499041,0.246394108499041,3.92392330324793e-16,0.396261682242991,TRUE,TRUE
"Y_114","NCLN","D2_late_increasing",0.246422231214168,0.246422231214168,3.89738553382086e-16,0.15607476635514,TRUE,TRUE
"Y_114","NTM","D2_late_increasing",0.246748343492907,0.246748343492907,3.55652588426934e-16,0.142990654205607,TRUE,TRUE
"Y_114","FAM173A","D2_late_increasing",0.246815017720102,0.246815017720102,3.49389203544793e-16,0.200934579439252,TRUE,TRUE
"Y_114","TMEM141","D2_late_increasing",0.246961977283329,0.246961977283329,3.35476416152739e-16,0.247663551401869,TRUE,TRUE
"Y_114","RNF181","D2_late_increasing",0.247196455803687,0.247196455803687,3.1417259757177e-16,0.4,TRUE,TRUE
"Y_114","FBLN2","D2_late_increasing",0.247223821913597,0.247223821913597,3.12108491208279e-16,0.624299065420561,TRUE,TRUE
"Y_114","CTD-3214H19.16","D2_late_increasing",0.247530582845939,0.247530582845939,2.86297149639467e-16,0.468224299065421,TRUE,TRUE
"Y_114","ARHGAP22","D2_late_increasing",0.247694892490331,0.247694892490331,2.73502305118645e-16,0.101869158878505,TRUE,TRUE
"Y_114","MRPL3","D2_late_increasing",0.247812099046801,0.247812099046801,2.64813337801479e-16,0.155140186915888,TRUE,TRUE
"Y_114","YIPF5","D2_late_increasing",0.248313652757959,0.248313652757959,2.29680237848242e-16,0.27196261682243,TRUE,TRUE
"Y_114","APOBEC3C","D2_late_increasing",0.248819878178102,0.248819878178102,1.98877809882666e-16,0.227102803738318,TRUE,TRUE
"Y_114","PSMB3","D2_late_increasing",0.248926460689885,0.248926460689885,1.93116751194478e-16,0.480373831775701,TRUE,TRUE
"Y_114","C1orf54","D2_late_increasing",0.248932048153594,0.248932048153594,1.93042674856308e-16,0.148598130841122,TRUE,TRUE
"Y_114","FAM57A","D2_late_increasing",0.248939625924771,0.248939625924771,1.92858583387103e-16,0.142990654205607,TRUE,TRUE
"Y_114","NUDT2","D2_late_increasing",0.249243298597579,0.249243298597579,1.76949993255085e-16,0.160747663551402,TRUE,TRUE
"Y_114","AP2M1","D2_late_increasing",0.249288125641827,0.249288125641827,1.74896499881407e-16,0.463551401869159,TRUE,TRUE
"Y_114","MYO18A","D2_late_increasing",0.249318161808641,0.249318161808641,1.73604155172214e-16,0.167289719626168,TRUE,TRUE
"Y_114","TOMM5","D2_late_increasing",0.249401482698282,0.249401482698282,1.69698155214507e-16,0.339252336448598,TRUE,TRUE
"Y_114","C1orf216","D2_late_increasing",0.249445653109719,0.249445653109719,1.67759781963508e-16,0.129906542056075,TRUE,TRUE
"Y_114","ELOVL1","D2_late_increasing",0.249461824789226,0.249461824789226,1.67186185388927e-16,0.183177570093458,TRUE,TRUE
"Y_114","MMP24-AS1","D2_late_increasing",0.249844111099783,0.249844111099783,1.49927178274181e-16,0.358878504672897,TRUE,TRUE
"Y_114","CCDC85B","D2_late_increasing",0.249987160882403,0.249987160882403,1.44041820696194e-16,0.42803738317757,TRUE,TRUE
"Y_114","COX5A","D2_late_increasing",0.250493189476936,0.250493189476936,1.2459905225002e-16,0.367289719626168,TRUE,TRUE
"Y_114","GTF2H5","D2_late_increasing",0.250584450408097,0.250584450408097,1.21501992930331e-16,0.266355140186916,TRUE,TRUE
"Y_114","RALA","D2_late_increasing",0.250720338261779,0.250720338261779,1.16959554487259e-16,0.246728971962617,TRUE,TRUE
"Y_114","CTSD","D2_late_increasing",0.250788130628242,0.250788130628242,1.14827787684604e-16,0.451401869158878,TRUE,TRUE
"Y_114","FAM210B","D2_late_increasing",0.251001773329534,0.251001773329534,1.08067519601837e-16,0.177570093457944,TRUE,TRUE
"Y_114","YKT6","D2_late_increasing",0.251008133200131,0.251008133200131,1.08002738771868e-16,0.247663551401869,TRUE,TRUE
"Y_114","RP11-492E3.51","D2_late_increasing",0.251024229797699,0.251024229797699,1.07633819126252e-16,0.219626168224299,TRUE,TRUE
"Y_114","SEPW1","D2_late_increasing",0.251230742762061,0.251230742762061,1.01500861392797e-16,0.645794392523364,TRUE,TRUE
"Y_114","PTPRD","D2_late_increasing",0.251261721012127,0.251261721012127,1.00717959435362e-16,0.114953271028037,TRUE,TRUE
"Y_114","USP11","D2_late_increasing",0.251429533853272,0.251429533853272,9.60473039534466e-17,0.241121495327103,TRUE,TRUE
"Y_114","IFNGR2","D2_late_increasing",0.251587396144287,0.251587396144287,9.1855427596569e-17,0.265420560747664,TRUE,TRUE
"Y_114","SLC52A2","D2_late_increasing",0.251667297029188,0.251667297029188,8.98585898537712e-17,0.152336448598131,TRUE,TRUE
"Y_114","CFH","D2_late_increasing",0.251954220582671,0.251954220582671,8.27643317659145e-17,0.438317757009346,TRUE,TRUE
"Y_114","PRKAR2A","D2_late_increasing",0.251992211726701,0.251992211726701,8.2059901957911e-17,0.24392523364486,TRUE,TRUE
"Y_114","SNRPC","D2_late_increasing",0.252417128793679,0.252417128793679,7.26828331413897e-17,0.296261682242991,TRUE,TRUE
"Y_114","CHID1","D2_late_increasing",0.252483869759389,0.252483869759389,7.13710383983322e-17,0.306542056074766,TRUE,TRUE
"Y_114","MSC","D2_late_increasing",0.252902375423318,0.252902375423318,6.33176720451892e-17,0.11588785046729,TRUE,TRUE
"Y_114","DNLZ","D2_late_increasing",0.252917490446208,0.252917490446208,6.31184361620889e-17,0.300934579439252,TRUE,TRUE
"Y_114","REXO2","D2_late_increasing",0.252962142820877,0.252962142820877,6.23787194403137e-17,0.251401869158879,TRUE,TRUE
"Y_114","IFI35","D2_late_increasing",0.252992844332352,0.252992844332352,6.18997113700368e-17,0.177570093457944,TRUE,TRUE
"Y_114","RAB31","D2_late_increasing",0.25300172778616,0.25300172778616,6.18177151361454e-17,0.491588785046729,TRUE,TRUE
"Y_114","PRDX5","D2_late_increasing",0.25341548555998,0.25341548555998,5.48344578502141e-17,0.585046728971963,TRUE,TRUE
"Y_114","UFD1L","D2_late_increasing",0.253507140863569,0.253507140863569,5.34490704075295e-17,0.229906542056075,TRUE,TRUE
"Y_114","ICAM3","D2_late_increasing",0.253631815718068,0.253631815718068,5.15960633453415e-17,0.106542056074766,TRUE,TRUE
"Y_114","SNHG18","D2_late_increasing",0.253897035254786,0.253897035254786,4.77930858968415e-17,0.205607476635514,TRUE,TRUE
"Y_114","PSENEN","D2_late_increasing",0.253984948373815,0.253984948373815,4.66344292574512e-17,0.275700934579439,TRUE,TRUE
"Y_114","SEC31A","D2_late_increasing",0.254017022056993,0.254017022056993,4.6256331267952e-17,0.448598130841121,TRUE,TRUE
"Y_114","EPN1","D2_late_increasing",0.25406012760801,0.25406012760801,4.57328050527363e-17,0.269158878504673,TRUE,TRUE
"Y_114","SH3BGRL3","D2_late_increasing",0.254226816191377,0.254226816191377,4.36017151413474e-17,0.64392523364486,TRUE,TRUE
"Y_114","SAE1","D2_late_increasing",0.254257928237854,0.254257928237854,4.32602234693976e-17,0.192523364485981,TRUE,TRUE
"Y_114","HSPA12B","D2_late_increasing",0.254518563249919,0.254518563249919,4.01176247449765e-17,0.141121495327103,TRUE,TRUE
"Y_114","NAA38","D2_late_increasing",0.254607190178158,0.254607190178158,3.91344549432788e-17,0.477570093457944,TRUE,TRUE
"Y_114","CLEC2A","D2_late_increasing",0.254931988918858,0.254931988918858,3.56071160234603e-17,0.116822429906542,TRUE,TRUE
"Y_114","SEC23A","D2_late_increasing",0.254972250717624,0.254972250717624,3.52322332100668e-17,0.173831775700935,TRUE,TRUE
"Y_114","TENM4","D2_late_increasing",0.255161697169637,0.255161697169637,3.33592897961674e-17,0.217757009345794,TRUE,TRUE
"Y_114","CILP","D2_late_increasing",0.255411479541888,0.255411479541888,3.10262045213614e-17,0.150467289719626,TRUE,TRUE
"Y_114","CCL2","D2_late_increasing",0.255507031586808,0.255507031586808,3.02010940953199e-17,0.173831775700935,TRUE,TRUE
"Y_114","LAMTOR1","D2_late_increasing",0.255557653383734,0.255557653383734,2.9791001624924e-17,0.442056074766355,TRUE,TRUE
"Y_114","TP53TG1","D2_late_increasing",0.255569027073512,0.255569027073512,2.97296462371046e-17,0.201869158878505,TRUE,TRUE
"Y_114","SEPN1","D2_late_increasing",0.255605611305209,0.255605611305209,2.94479952131903e-17,0.270093457943925,TRUE,TRUE
"Y_114","BRE","D2_late_increasing",0.255622211223627,0.255622211223627,2.93420157548521e-17,0.292523364485981,TRUE,TRUE
"Y_114","SIGMAR1","D2_late_increasing",0.255913318359971,0.255913318359971,2.69541174438405e-17,0.218691588785047,TRUE,TRUE
"Y_114","DEF8","D2_late_increasing",0.256021431452489,0.256021431452489,2.61384483730186e-17,0.142056074766355,TRUE,TRUE
"Y_114","CXCL12","D2_late_increasing",0.256051356516365,0.256051356516365,2.59416062991214e-17,0.327102803738318,TRUE,TRUE
"Y_114","CCDC8","D2_late_increasing",0.25695030367122,0.25695030367122,1.99147707007382e-17,0.238317757009346,TRUE,TRUE
"Y_114","MRPL27","D2_late_increasing",0.257058760161831,0.257058760161831,1.93074878415223e-17,0.282242990654206,TRUE,TRUE
"Y_114","GSTK1","D2_late_increasing",0.257210697423445,0.257210697423445,1.84775613915739e-17,0.305607476635514,TRUE,TRUE
"Y_114","NFE2L1","D2_late_increasing",0.257291474661055,0.257291474661055,1.80619174016099e-17,0.288785046728972,TRUE,TRUE
"Y_114","PDIA4","D2_late_increasing",0.257308559398127,0.257308559398127,1.7993944362148e-17,0.344859813084112,TRUE,TRUE
"Y_114","CAP1","D2_late_increasing",0.257508644285848,0.257508644285848,1.69741759625049e-17,0.346728971962617,TRUE,TRUE
"Y_114","ABHD14A","D2_late_increasing",0.257566746400963,0.257566746400963,1.67045749567961e-17,0.173831775700935,TRUE,TRUE
"Y_114","PLGRKT","D2_late_increasing",0.257616869648669,0.257616869648669,1.64784099433818e-17,0.131775700934579,TRUE,TRUE
"Y_114","SERP1","D2_late_increasing",0.257645042828255,0.257645042828255,1.63621466561975e-17,0.424299065420561,TRUE,TRUE
"Y_114","FAAP20","D2_late_increasing",0.257675231058388,0.257675231058388,1.62585941503092e-17,0.357009345794393,TRUE,TRUE
"Y_114","PPP4C","D2_late_increasing",0.257697314406668,0.257697314406668,1.61733145178675e-17,0.25607476635514,TRUE,TRUE
"Y_114","NRN1","D2_late_increasing",0.257750335541402,0.257750335541402,1.59405473424271e-17,0.172897196261682,TRUE,TRUE
"Y_114","ITGB5","D2_late_increasing",0.257776275192053,0.257776275192053,1.58387053000157e-17,0.565420560747664,TRUE,TRUE
"Y_114","PDZD11","D2_late_increasing",0.258177557019027,0.258177557019027,1.40670929045586e-17,0.12803738317757,TRUE,TRUE
"Y_114","CLTB","D2_late_increasing",0.258191861506922,0.258191861506922,1.40258159628295e-17,0.477570093457944,TRUE,TRUE
"Y_114","TADA3","D2_late_increasing",0.258441450676897,0.258441450676897,1.30334830080893e-17,0.220560747663551,TRUE,TRUE
"Y_114","MZT2A","D2_late_increasing",0.259148271484087,0.259148271484087,1.05573619128015e-17,0.365420560747664,TRUE,TRUE
"Y_114","PTGIS","D2_late_increasing",0.259152685017682,0.259152685017682,1.05573619128015e-17,0.227102803738318,TRUE,TRUE
"Y_114","FGGY","D2_late_increasing",0.259247352157104,0.259247352157104,1.02753039914756e-17,0.106542056074766,TRUE,TRUE
"Y_114","HSPB6","D2_late_increasing",0.259254824204594,0.259254824204594,1.02661059610229e-17,0.24392523364486,TRUE,TRUE
"Y_114","C19orf70","D2_late_increasing",0.25941898690213,0.25941898690213,9.78486345335451e-18,0.450467289719626,TRUE,TRUE
"Y_114","PPP1CA","D2_late_increasing",0.259467485939582,0.259467485939582,9.65620283841816e-18,0.308411214953271,TRUE,TRUE
"Y_114","TMEM54","D2_late_increasing",0.259483853200921,0.259483853200921,9.62180497172375e-18,0.197196261682243,TRUE,TRUE
"Y_114","SSR2","D2_late_increasing",0.259781443683086,0.259781443683086,8.82113248259402e-18,0.58785046728972,TRUE,TRUE
"Y_114","SPHK1","D2_late_increasing",0.259829003931472,0.259829003931472,8.71935177990164e-18,0.118691588785047,TRUE,TRUE
"Y_114","LY6E","D2_late_increasing",0.259950161836961,0.259950161836961,8.41816011756656e-18,0.570093457943925,TRUE,TRUE
"Y_114","TMEM120B","D2_late_increasing",0.260042497059365,0.260042497059365,8.1981977617663e-18,0.119626168224299,TRUE,TRUE
"Y_114","PRSS23","D2_late_increasing",0.260049747170382,0.260049747170382,8.19149570053731e-18,0.454205607476636,TRUE,TRUE
"Y_114","DCN","D2_late_increasing",0.260135633506394,0.260135633506394,7.99292879425716e-18,0.814953271028037,TRUE,TRUE
"Y_114","C17orf89","D2_late_increasing",0.260159634303655,0.260159634303655,7.94615130071972e-18,0.424299065420561,TRUE,TRUE
"Y_114","GSDMD","D2_late_increasing",0.26018550880406,0.26018550880406,7.8951907338248e-18,0.21214953271028,TRUE,TRUE
"Y_114","NFATC2","D2_late_increasing",0.260323718467168,0.260323718467168,7.58298055765885e-18,0.117757009345794,TRUE,TRUE
"Y_114","PRKCSH","D2_late_increasing",0.260378051362942,0.260378051362942,7.46985372590262e-18,0.385046728971963,TRUE,TRUE
"Y_114","CENPP","D2_late_increasing",0.260479584112755,0.260479584112755,7.26423718879069e-18,0.24018691588785,TRUE,TRUE
"Y_114","FBXW5","D2_late_increasing",0.260647927006547,0.260647927006547,6.91338213655273e-18,0.214953271028037,TRUE,TRUE
"Y_114","DDRGK1","D2_late_increasing",0.260775636639268,0.260775636639268,6.66063647126294e-18,0.225233644859813,TRUE,TRUE
"Y_114","CTC-479C5.12","D2_late_increasing",0.260913806528283,0.260913806528283,6.39671852087604e-18,0.25607476635514,TRUE,TRUE
"Y_114","ANAPC11","D2_late_increasing",0.260929078826987,0.260929078826987,6.37606552062816e-18,0.491588785046729,TRUE,TRUE
"Y_114","MAN1B1","D2_late_increasing",0.260970474486619,0.260970474486619,6.305414693995e-18,0.283177570093458,TRUE,TRUE
"Y_114","NDUFA6","D2_late_increasing",0.261140936801354,0.261140936801354,5.9964306451461e-18,0.42803738317757,TRUE,TRUE
"Y_114","GPX1","D2_late_increasing",0.261357853971444,0.261357853971444,5.62260355468921e-18,0.565420560747664,TRUE,TRUE
"Y_114","MICAL2","D2_late_increasing",0.261379329677625,0.261379329677625,5.59390763222143e-18,0.121495327102804,TRUE,TRUE
"Y_114","TAPBP","D2_late_increasing",0.261455026625106,0.261455026625106,5.47455632728407e-18,0.303738317757009,TRUE,TRUE
"Y_114","TMED9","D2_late_increasing",0.261462963422974,0.261462963422974,5.46904670789791e-18,0.471028037383178,TRUE,TRUE
"Y_114","MRPL36","D2_late_increasing",0.261657173511284,0.261657173511284,5.17042006921661e-18,0.250467289719626,TRUE,TRUE
"Y_114","FUCA2","D2_late_increasing",0.261701940973707,0.261701940973707,5.10777393245423e-18,0.214953271028037,TRUE,TRUE
"Y_114","TP53I13","D2_late_increasing",0.261897679107626,0.261897679107626,4.81958957761737e-18,0.306542056074766,TRUE,TRUE
"Y_114","IFI16","D2_late_increasing",0.261950568977659,0.261950568977659,4.74940118080413e-18,0.354205607476635,TRUE,TRUE
"Y_114","SEC61G","D2_late_increasing",0.262105358885763,0.262105358885763,4.53736163803268e-18,0.549532710280374,TRUE,TRUE
"Y_114","ARPC2","D2_late_increasing",0.262120130836118,0.262120130836118,4.52340918914689e-18,0.571028037383178,TRUE,TRUE
"Y_114","NCS1","D2_late_increasing",0.262131929258662,0.262131929258662,4.51359008910367e-18,0.165420560747664,TRUE,TRUE
"Y_114","GMPPB","D2_late_increasing",0.262198699644975,0.262198699644975,4.42906797230421e-18,0.107476635514019,TRUE,TRUE
"Y_114","TMEM45A","D2_late_increasing",0.262328466723966,0.262328466723966,4.26352531060174e-18,0.361682242990654,TRUE,TRUE
"Y_114","FAM109B","D2_late_increasing",0.262524287809012,0.262524287809012,4.02228631094839e-18,0.11588785046729,TRUE,TRUE
"Y_114","G6PC3","D2_late_increasing",0.262882788310698,0.262882788310698,3.61587547440091e-18,0.193457943925234,TRUE,TRUE
"Y_114","ARF5","D2_late_increasing",0.262969472953643,0.262969472953643,3.52645500562374e-18,0.477570093457944,TRUE,TRUE
"Y_114","MGAT1","D2_late_increasing",0.263354530044291,0.263354530044291,3.14387746232538e-18,0.378504672897196,TRUE,TRUE
"Y_114","ATP5G1","D2_late_increasing",0.263857190298792,0.263857190298792,2.6991900527666e-18,0.404672897196262,TRUE,TRUE
"Y_114","PPP1R9B","D2_late_increasing",0.264099029037532,0.264099029037532,2.50981308323177e-18,0.195327102803738,TRUE,TRUE
"Y_114","SH3GLB1","D2_late_increasing",0.264131403605603,0.264131403605603,2.48857892763891e-18,0.25981308411215,TRUE,TRUE
"Y_114","SHISA4","D2_late_increasing",0.264195243244198,0.264195243244198,2.44380502787554e-18,0.155140186915888,TRUE,TRUE
"Y_114","PALM","D2_late_increasing",0.264280215383339,0.264280215383339,2.38430395140237e-18,0.17196261682243,TRUE,TRUE
"Y_114","COLGALT1","D2_late_increasing",0.264380034950074,0.264380034950074,2.31564652716292e-18,0.317757009345794,TRUE,TRUE
"Y_114","IGF2","D2_late_increasing",0.264407564610493,0.264407564610493,2.2994679810698e-18,0.518691588785047,TRUE,TRUE
"Y_114","CLDN4","D2_late_increasing",0.264716807140616,0.264716807140616,2.09391464791493e-18,0.229906542056075,TRUE,TRUE
"Y_114","EIF5A","D2_late_increasing",0.264823629844219,0.264823629844219,2.02913683189668e-18,0.435514018691589,TRUE,TRUE
"Y_114","TGFB1I1","D2_late_increasing",0.265234840336945,0.265234840336945,1.79026848652379e-18,0.27196261682243,TRUE,TRUE
"Y_114","ORAI2","D2_late_increasing",0.265239184729673,0.265239184729673,1.79026848652379e-18,0.211214953271028,TRUE,TRUE
"Y_114","WIPI1","D2_late_increasing",0.265352933079077,0.265352933079077,1.73126816877264e-18,0.164485981308411,TRUE,TRUE
"Y_114","CLEC2B","D2_late_increasing",0.265541436694884,0.265541436694884,1.63579914534605e-18,0.306542056074766,TRUE,TRUE
"Y_114","SNRNP25","D2_late_increasing",0.265575054582008,0.265575054582008,1.62127537317743e-18,0.157943925233645,TRUE,TRUE
"Y_114","UQCR11","D2_late_increasing",0.266089801428648,0.266089801428648,1.38477316424386e-18,0.667289719626168,TRUE,TRUE
"Y_114","DDB2","D2_late_increasing",0.266112252777792,0.266112252777792,1.37720296983731e-18,0.169158878504673,TRUE,TRUE
"Y_114","GALNT5","D2_late_increasing",0.266160346968726,0.266160346968726,1.35884611042271e-18,0.106542056074766,TRUE,TRUE
"Y_114","NAGLU","D2_late_increasing",0.266171944061307,0.266171944061307,1.35597000191142e-18,0.209345794392523,TRUE,TRUE
"Y_114","UBXN6","D2_late_increasing",0.266195843019645,0.266195843019645,1.34795841109797e-18,0.300934579439252,TRUE,TRUE
"Y_114","SCP2","D2_late_increasing",0.266473159659046,0.266473159659046,1.23880579959462e-18,0.282242990654206,TRUE,TRUE
"Y_114","IKBIP","D2_late_increasing",0.266754291752081,0.266754291752081,1.13871675548916e-18,0.231775700934579,TRUE,TRUE
"Y_114","MAN1C1","D2_late_increasing",0.266769036136011,0.266769036136011,1.13519918221999e-18,0.185046728971963,TRUE,TRUE
"Y_114","COPS7A","D2_late_increasing",0.266990810035372,0.266990810035372,1.0612243400004e-18,0.175700934579439,TRUE,TRUE
"Y_114","WBP5","D2_late_increasing",0.267045148377072,0.267045148377072,1.045009730379e-18,0.37196261682243,TRUE,TRUE
"Y_114","VAT1","D2_late_increasing",0.267067091443841,0.267067091443841,1.03945457255511e-18,0.311214953271028,TRUE,TRUE
"Y_114","PEA15","D2_late_increasing",0.267510304281861,0.267510304281861,9.06933907073303e-19,0.245794392523364,TRUE,TRUE
"Y_114","TXN2","D2_late_increasing",0.267852163443203,0.267852163443203,8.16512607007079e-19,0.322429906542056,TRUE,TRUE
"Y_114","ECM2","D2_late_increasing",0.267991104200855,0.267991104200855,7.83053763536842e-19,0.24392523364486,TRUE,TRUE
"Y_114","TBC1D1","D2_late_increasing",0.268025101432846,0.268025101432846,7.75952705767459e-19,0.149532710280374,TRUE,TRUE
"Y_114","NDUFB3","D2_late_increasing",0.268182003363087,0.268182003363087,7.39974151399517e-19,0.257943925233645,TRUE,TRUE
"Y_114","APOE","D2_late_increasing",0.268435320157949,0.268435320157949,6.84697443540817e-19,0.64018691588785,TRUE,TRUE
"Y_114","FAM129A","D2_late_increasing",0.268708969643983,0.268708969643983,6.29479860430874e-19,0.118691588785047,TRUE,TRUE
"Y_114","SLC39A7","D2_late_increasing",0.26889656644216,0.26889656644216,5.94469994406644e-19,0.419626168224299,TRUE,TRUE
"Y_114","KIAA2013","D2_late_increasing",0.268979807246438,0.268979807246438,5.80044423117631e-19,0.194392523364486,TRUE,TRUE
"Y_114","TNC","D2_late_increasing",0.268988544910477,0.268988544910477,5.79333801969677e-19,0.242990654205607,TRUE,TRUE
"Y_114","CLPP","D2_late_increasing",0.269186988102439,0.269186988102439,5.45221342102574e-19,0.228971962616822,TRUE,TRUE
"Y_114","HMOX2","D2_late_increasing",0.269216852377496,0.269216852377496,5.40958652936677e-19,0.227102803738318,TRUE,TRUE
"Y_114","MAST2","D2_late_increasing",0.269378788575901,0.269378788575901,5.15727979954721e-19,0.150467289719626,TRUE,TRUE
"Y_114","GPC1","D2_late_increasing",0.269730945046388,0.269730945046388,4.624341333957e-19,0.208411214953271,TRUE,TRUE
"Y_114","PRADC1","D2_late_increasing",0.269757553372209,0.269757553372209,4.59282920065557e-19,0.164485981308411,TRUE,TRUE
"Y_114","KLHL22","D2_late_increasing",0.269772184624155,0.269772184624155,4.57874500598822e-19,0.155140186915888,TRUE,TRUE
"Y_114","ARAP1","D2_late_increasing",0.269985745963656,0.269985745963656,4.2878805725368e-19,0.298130841121495,TRUE,TRUE
"Y_114","GUK1","D2_late_increasing",0.27011408433395,0.27011408433395,4.12446050912382e-19,0.522429906542056,TRUE,TRUE
"Y_114","IGDCC4","D2_late_increasing",0.270355689688803,0.270355689688803,3.82812249895242e-19,0.116822429906542,TRUE,TRUE
"Y_114","CHD3","D2_late_increasing",0.270499885252004,0.270499885252004,3.66364802909571e-19,0.370093457943925,TRUE,TRUE
"Y_114","NDUFA3","D2_late_increasing",0.270523358364544,0.270523358364544,3.64223457148832e-19,0.414953271028037,TRUE,TRUE
"Y_114","PSMB8","D2_late_increasing",0.27054533436053,0.27054533436053,3.62266225124113e-19,0.246728971962617,TRUE,TRUE
"Y_114","KLHDC3","D2_late_increasing",0.270592015067922,0.270592015067922,3.57523357753309e-19,0.246728971962617,TRUE,TRUE
"Y_114","MIF","D2_late_increasing",0.271014343604749,0.271014343604749,3.13379310276472e-19,0.333644859813084,TRUE,TRUE
"Y_114","GOLGA3","D2_late_increasing",0.271037453932428,0.271037453932428,3.11581374536333e-19,0.3,TRUE,TRUE
"Y_114","ST6GALNAC6","D2_late_increasing",0.271376996526609,0.271376996526609,2.80292530014692e-19,0.241121495327103,TRUE,TRUE
"Y_114","THOC6","D2_late_increasing",0.271837905950586,0.271837905950586,2.42970538836948e-19,0.14392523364486,TRUE,TRUE
"Y_114","MRPL14","D2_late_increasing",0.272074639715087,0.272074639715087,2.25743322883502e-19,0.290654205607477,TRUE,TRUE
"Y_114","GTF3C1","D2_late_increasing",0.272141748453743,0.272141748453743,2.21330506741223e-19,0.186915887850467,TRUE,TRUE
"Y_114","GNG5","D2_late_increasing",0.272226883979353,0.272226883979353,2.15764394510043e-19,0.492523364485981,TRUE,TRUE
"Y_114","BAD","D2_late_increasing",0.272724911395005,0.272724911395005,1.84457307545353e-19,0.353271028037383,TRUE,TRUE
"Y_114","DPYSL3","D2_late_increasing",0.272810372994431,0.272810372994431,1.79788876007925e-19,0.393457943925234,TRUE,TRUE
"Y_114","TIMM8B","D2_late_increasing",0.272852712251228,0.272852712251228,1.77660367087025e-19,0.383177570093458,TRUE,TRUE
"Y_114","MYO1C","D2_late_increasing",0.272856617749856,0.272856617749856,1.77660367087025e-19,0.426168224299065,TRUE,TRUE
"Y_114","CRELD2","D2_late_increasing",0.272967204101695,0.272967204101695,1.71838929432543e-19,0.234579439252336,TRUE,TRUE
"Y_114","CALR","D2_late_increasing",0.273308014265699,0.273308014265699,1.54390472921701e-19,0.622429906542056,TRUE,TRUE
"Y_114","C11orf68","D2_late_increasing",0.273537268993181,0.273537268993181,1.43723622518596e-19,0.257943925233645,TRUE,TRUE
"Y_114","B2M","D2_late_increasing",0.273595198197693,0.273595198197693,1.41312639447938e-19,0.922429906542056,TRUE,TRUE
"Y_114","C19orf24","D2_late_increasing",0.273881596770607,0.273881596770607,1.29156853777332e-19,0.24018691588785,TRUE,TRUE
"Y_114","FAM102A","D2_late_increasing",0.273957519375275,0.273957519375275,1.2625869611882e-19,0.219626168224299,TRUE,TRUE
"Y_114","NUTF2","D2_late_increasing",0.273957677608342,0.273957677608342,1.2625869611882e-19,0.305607476635514,TRUE,TRUE
"Y_114","UROS","D2_late_increasing",0.274023879192736,0.274023879192736,1.24000643905142e-19,0.190654205607477,TRUE,TRUE
"Y_114","CALM3","D2_late_increasing",0.274075492131294,0.274075492131294,1.22164199248106e-19,0.450467289719626,TRUE,TRUE
"Y_114","PRICKLE1","D2_late_increasing",0.274590081970782,0.274590081970782,1.03927754950472e-19,0.24018691588785,TRUE,TRUE
"Y_114","TXNDC15","D2_late_increasing",0.274762961321878,0.274762961321878,9.84778588050968e-20,0.214953271028037,TRUE,TRUE
"Y_114","EFEMP1","D2_late_increasing",0.274892634173123,0.274892634173123,9.46141165461564e-20,0.313084112149533,TRUE,TRUE
"Y_114","CCDC124","D2_late_increasing",0.274971255554789,0.274971255554789,9.24033649196805e-20,0.298130841121495,TRUE,TRUE
"Y_114","NDUFB2","D2_late_increasing",0.274977605649527,0.274977605649527,9.23637938427397e-20,0.57196261682243,TRUE,TRUE
"Y_114","GRINA","D2_late_increasing",0.275030266770622,0.275030266770622,9.09609283418206e-20,0.298130841121495,TRUE,TRUE
"Y_114","FAM177A1","D2_late_increasing",0.275317061208709,0.275317061208709,8.30829380984574e-20,0.216822429906542,TRUE,TRUE
"Y_114","GIPC1","D2_late_increasing",0.275372868606672,0.275372868606672,8.17367220930757e-20,0.237383177570093,TRUE,TRUE
"Y_114","ZNF106","D2_late_increasing",0.275559867279956,0.275559867279956,7.70866713602674e-20,0.272897196261682,TRUE,TRUE
"Y_114","SLC12A4","D2_late_increasing",0.275920506096067,0.275920506096067,6.87401484430106e-20,0.153271028037383,TRUE,TRUE
"Y_114","SRPX2","D2_late_increasing",0.276201480084267,0.276201480084267,6.28840228140006e-20,0.126168224299065,TRUE,TRUE
"Y_114","ECHS1","D2_late_increasing",0.276237643322345,0.276237643322345,6.2255370005826e-20,0.260747663551402,TRUE,TRUE
"Y_114","ANXA1","D2_late_increasing",0.276777974889898,0.276777974889898,5.23626361298914e-20,0.469158878504673,TRUE,TRUE
"Y_114","FAM234A","D2_late_increasing",0.276908628675247,0.276908628675247,5.02761543311755e-20,0.150467289719626,TRUE,TRUE
"Y_114","TWF2","D2_late_increasing",0.27691609828261,0.27691609828261,5.02369095103963e-20,0.258878504672897,TRUE,TRUE
"Y_114","ITGA5","D2_late_increasing",0.277024670262131,0.277024670262131,4.85805516462711e-20,0.164485981308411,TRUE,TRUE
"Y_114","RARRES3","D2_late_increasing",0.277074490486942,0.277074490486942,4.78812593350645e-20,0.226168224299065,TRUE,TRUE
"Y_114","AKR1C3","D2_late_increasing",0.277204546943218,0.277204546943218,4.59803640349252e-20,0.178504672897196,TRUE,TRUE
"Y_114","TMEM208","D2_late_increasing",0.277240139389021,0.277240139389021,4.55277734600666e-20,0.235514018691589,TRUE,TRUE
"Y_114","BUD31","D2_late_increasing",0.27753645365837,0.27753645365837,4.14227265140937e-20,0.290654205607477,TRUE,TRUE
"Y_114","CCDC167","D2_late_increasing",0.277779475570023,0.277779475570023,3.83419079055951e-20,0.157009345794393,TRUE,TRUE
"Y_114","SCARF2","D2_late_increasing",0.27780247438248,0.27780247438248,3.81194913802629e-20,0.270093457943925,TRUE,TRUE
"Y_114","RNPEPL1","D2_late_increasing",0.277857885084027,0.277857885084027,3.75012302527491e-20,0.12803738317757,TRUE,TRUE
"Y_114","OLFM2","D2_late_increasing",0.27787648434333,0.27787648434333,3.73371747132744e-20,0.31214953271028,TRUE,TRUE
"Y_114","SPINT2","D2_late_increasing",0.277918490703979,0.277918490703979,3.68920624701733e-20,0.25607476635514,TRUE,TRUE
"Y_114","BRI3","D2_late_increasing",0.277955830118132,0.277955830118132,3.65076421901473e-20,0.565420560747664,TRUE,TRUE
"Y_114","RP11-196G11.1","D2_late_increasing",0.278356350271461,0.278356350271461,3.20990022307032e-20,0.141121495327103,TRUE,TRUE
"Y_114","KCNK6","D2_late_increasing",0.278494613746152,0.278494613746152,3.0736305309018e-20,0.139252336448598,TRUE,TRUE
"Y_114","LRPAP1","D2_late_increasing",0.27851338830266,0.27851338830266,3.06000364141666e-20,0.345794392523364,TRUE,TRUE
"Y_114","FBLIM1","D2_late_increasing",0.278562823219375,0.278562823219375,3.01614406902343e-20,0.186915887850467,TRUE,TRUE
"Y_114","ARSA","D2_late_increasing",0.278588798810745,0.278588798810745,2.99574142322193e-20,0.192523364485981,TRUE,TRUE
"Y_114","RNASEH2C","D2_late_increasing",0.279053964871915,0.279053964871915,2.57809919422756e-20,0.35607476635514,TRUE,TRUE
"Y_114","TXNL4A","D2_late_increasing",0.27940315217901,0.27940315217901,2.30384410436773e-20,0.364485981308411,TRUE,TRUE
"Y_114","GTF3C6","D2_late_increasing",0.279591364702765,0.279591364702765,2.1698733458391e-20,0.24392523364486,TRUE,TRUE
"Y_114","AKT1S1","D2_late_increasing",0.279802957126275,0.279802957126275,2.02800482493656e-20,0.199065420560748,TRUE,TRUE
"Y_114","SH3GL1","D2_late_increasing",0.279846012679709,0.279846012679709,2.00298397012251e-20,0.236448598130841,TRUE,TRUE
"Y_114","AP3D1","D2_late_increasing",0.280025324060645,0.280025324060645,1.89182898875997e-20,0.213084112149533,TRUE,TRUE
"Y_114","QSOX1","D2_late_increasing",0.280177030081057,0.280177030081057,1.80303361178954e-20,0.241121495327103,TRUE,TRUE
"Y_114","TXLNA","D2_late_increasing",0.280522780229485,0.280522780229485,1.61222845358111e-20,0.201869158878505,TRUE,TRUE
"Y_114","GPC6","D2_late_increasing",0.280527796657599,0.280527796657599,1.61222845358111e-20,0.147663551401869,TRUE,TRUE
"Y_114","LTBP3","D2_late_increasing",0.281206191282645,0.281206191282645,1.29188610415778e-20,0.504672897196262,TRUE,TRUE
"Y_114","FAM229B","D2_late_increasing",0.281334152452544,0.281334152452544,1.24064441687205e-20,0.205607476635514,TRUE,TRUE
"Y_114","C12orf75","D2_late_increasing",0.281732491790238,0.281732491790238,1.09155360002733e-20,0.225233644859813,TRUE,TRUE
"Y_114","SRM","D2_late_increasing",0.282022835598442,0.282022835598442,9.93388603981161e-21,0.347663551401869,TRUE,TRUE
"Y_114","PPDPF","D2_late_increasing",0.282268102695141,0.282268102695141,9.17542317055233e-21,0.516822429906542,TRUE,TRUE
"Y_114","PRKCDBP","D2_late_increasing",0.282286600361517,0.282286600361517,9.13518745596653e-21,0.498130841121495,TRUE,TRUE
"Y_114","GTF3A","D2_late_increasing",0.28233590885667,0.28233590885667,9.00284028981012e-21,0.246728971962617,TRUE,TRUE
"Y_114","JDP2","D2_late_increasing",0.282600641856938,0.282600641856938,8.26120158809356e-21,0.185981308411215,TRUE,TRUE
"Y_114","RP11-282O18.3","D2_late_increasing",0.282629627975451,0.282629627975451,8.19643225300956e-21,0.371028037383178,TRUE,TRUE
"Y_114","TRAPPC1","D2_late_increasing",0.282969914272872,0.282969914272872,7.33422812919949e-21,0.333644859813084,TRUE,TRUE
"Y_114","GSR","D2_late_increasing",0.282991260398577,0.282991260398577,7.29514619151999e-21,0.102803738317757,TRUE,TRUE
"Y_114","PDIA5","D2_late_increasing",0.283234101641879,0.283234101641879,6.75337429841331e-21,0.219626168224299,TRUE,TRUE
"Y_114","RHOC","D2_late_increasing",0.28341156248079,0.28341156248079,6.37764150316851e-21,0.568224299065421,TRUE,TRUE
"Y_114","UROD","D2_late_increasing",0.283785908899116,0.283785908899116,5.6404469186644e-21,0.282242990654206,TRUE,TRUE
"Y_114","IMPDH1","D2_late_increasing",0.283915593578579,0.283915593578579,5.41144464154665e-21,0.151401869158879,TRUE,TRUE
"Y_114","YIF1B","D2_late_increasing",0.284586038999027,0.284586038999027,4.3342426954144e-21,0.166355140186916,TRUE,TRUE
"Y_114","MED8","D2_late_increasing",0.284987149792176,0.284987149792176,3.79683576578435e-21,0.174766355140187,TRUE,TRUE
"Y_114","UQCC2","D2_late_increasing",0.28502550050368,0.28502550050368,3.75504120637186e-21,0.27196261682243,TRUE,TRUE
"Y_114","CD276","D2_late_increasing",0.285251136161698,0.285251136161698,3.48791250760596e-21,0.241121495327103,TRUE,TRUE
"Y_114","GLMP","D2_late_increasing",0.285670743083627,0.285670743083627,3.03546419131514e-21,0.217757009345794,TRUE,TRUE
"Y_114","BTN3A2","D2_late_increasing",0.285936555506792,0.285936555506792,2.78119080296749e-21,0.18785046728972,TRUE,TRUE
"Y_114","TANC2","D2_late_increasing",0.285960073200249,0.285960073200249,2.76421858367405e-21,0.162616822429907,TRUE,TRUE
"Y_114","ZNHIT1","D2_late_increasing",0.286532067204067,0.286532067204067,2.2885150247153e-21,0.474766355140187,TRUE,TRUE
"Y_114","EIF4G1","D2_late_increasing",0.286535391327367,0.286535391327367,2.2885150247153e-21,0.396261682242991,TRUE,TRUE
"Y_114","UQCRQ","D2_late_increasing",0.286536368612786,0.286536368612786,2.2885150247153e-21,0.658878504672897,TRUE,TRUE
"Y_114","GRIN2D","D2_late_increasing",0.286545683681659,0.286545683681659,2.2885150247153e-21,0.104672897196262,TRUE,TRUE
"Y_114","COPA","D2_late_increasing",0.286642541906523,0.286642541906523,2.22080136453607e-21,0.404672897196262,TRUE,TRUE
"Y_114","FMO1","D2_late_increasing",0.286758602453975,0.286758602453975,2.13946437120449e-21,0.158878504672897,TRUE,TRUE
"Y_114","CD63","D2_late_increasing",0.286893759177278,0.286893759177278,2.04784301185938e-21,0.907476635514019,TRUE,TRUE
"Y_114","ARPC4","D2_late_increasing",0.287013414004348,0.287013414004348,1.97038388349876e-21,0.357943925233645,TRUE,TRUE
"Y_114","ITGB1BP1","D2_late_increasing",0.287194763220433,0.287194763220433,1.85673889808127e-21,0.250467289719626,TRUE,TRUE
"Y_114","NDST1","D2_late_increasing",0.287221014198338,0.287221014198338,1.84369677074401e-21,0.195327102803738,TRUE,TRUE
"Y_114","CHPF2","D2_late_increasing",0.287221606824667,0.287221606824667,1.84369677074401e-21,0.194392523364486,TRUE,TRUE
"Y_114","GLT8D2","D2_late_increasing",0.287329499793741,0.287329499793741,1.78383894380343e-21,0.247663551401869,TRUE,TRUE
"Y_114","ATP6V0D1","D2_late_increasing",0.287482733842198,0.287482733842198,1.69689883989257e-21,0.257943925233645,TRUE,TRUE
"Y_114","SEMA3C","D2_late_increasing",0.287590814417172,0.287590814417172,1.63899393916247e-21,0.149532710280374,TRUE,TRUE
"Y_114","PLEKHA4","D2_late_increasing",0.287692623432099,0.287692623432099,1.58640821383327e-21,0.192523364485981,TRUE,TRUE
"Y_114","ARPC1A","D2_late_increasing",0.287769468125685,0.287769468125685,1.54852383466443e-21,0.247663551401869,TRUE,TRUE
"Y_114","A2M","D2_late_increasing",0.288151148286131,0.288151148286131,1.36573428370609e-21,0.237383177570093,TRUE,TRUE
"Y_114","CDK2AP1","D2_late_increasing",0.288310062783907,0.288310062783907,1.29647427624189e-21,0.319626168224299,TRUE,TRUE
"Y_114","MINOS1-NBL1","D2_late_increasing",0.288600034758092,0.288600034758092,1.17712572747884e-21,0.131775700934579,TRUE,TRUE
"Y_114","HAPLN3","D2_late_increasing",0.288755642572066,0.288755642572066,1.11858567902616e-21,0.175700934579439,TRUE,TRUE
"Y_114","TPM2","D2_late_increasing",0.288842174067557,0.288842174067557,1.08818454601605e-21,0.477570093457944,TRUE,TRUE
"Y_114","ZEB1","D2_late_increasing",0.289042367108784,0.289042367108784,1.01845625779657e-21,0.233644859813084,TRUE,TRUE
"Y_114","ERCC1","D2_late_increasing",0.289059840205555,0.289059840205555,1.01430835438762e-21,0.388785046728972,TRUE,TRUE
"Y_114","MEIS3","D2_late_increasing",0.289097401830625,0.289097401830625,1.00329854941846e-21,0.210280373831776,TRUE,TRUE
"Y_114","ACTB","D2_late_increasing",0.289279770870115,0.289279770870115,9.44670728845323e-22,0.926168224299065,TRUE,TRUE
"Y_114","MYLK","D2_late_increasing",0.289307711566872,0.289307711566872,9.37479727963045e-22,0.165420560747664,TRUE,TRUE
"Y_114","CD82","D2_late_increasing",0.289386119360412,0.289386119360412,9.14487837618037e-22,0.230841121495327,TRUE,TRUE
"Y_114","PLXNB2","D2_late_increasing",0.289415124356322,0.289415124356322,9.07200259089433e-22,0.28785046728972,TRUE,TRUE
"Y_114","PLOD2","D2_late_increasing",0.289627951102076,0.289627951102076,8.45307033046989e-22,0.144859813084112,TRUE,TRUE
"Y_114","LINC01615","D2_late_increasing",0.289837029608947,0.289837029608947,7.88598664178554e-22,0.139252336448598,TRUE,TRUE
"Y_114","MRPL17","D2_late_increasing",0.289870844383338,0.289870844383338,7.82507307806476e-22,0.248598130841122,TRUE,TRUE
"Y_114","SLC39A13","D2_late_increasing",0.290003641364281,0.290003641364281,7.49239927129968e-22,0.231775700934579,TRUE,TRUE
"Y_114","ARHGAP28","D2_late_increasing",0.290522127873881,0.290522127873881,6.28725367161012e-22,0.107476635514019,TRUE,TRUE
"Y_114","RAD51B","D2_late_increasing",0.290735010147544,0.290735010147544,5.85643468455749e-22,0.194392523364486,TRUE,TRUE
"Y_114","CTSC","D2_late_increasing",0.291278277129743,0.291278277129743,4.87030913068058e-22,0.310280373831776,TRUE,TRUE
"Y_114","NANS","D2_late_increasing",0.291354903844867,0.291354903844867,4.75293507052285e-22,0.201869158878505,TRUE,TRUE
"Y_114","GAA","D2_late_increasing",0.291567017003782,0.291567017003782,4.42739377299996e-22,0.248598130841122,TRUE,TRUE
"Y_114","TNFRSF1A","D2_late_increasing",0.291606651559903,0.291606651559903,4.37588825785492e-22,0.393457943925234,TRUE,TRUE
"Y_114","GALNT2","D2_late_increasing",0.29184814283142,0.29184814283142,4.03491341755547e-22,0.225233644859813,TRUE,TRUE
"Y_114","PLAUR","D2_late_increasing",0.291874029740402,0.291874029740402,4.0068529817602e-22,0.227102803738318,TRUE,TRUE
"Y_114","PAPSS2","D2_late_increasing",0.29194965672069,0.29194965672069,3.9114611043004e-22,0.201869158878505,TRUE,TRUE
"Y_114","DAPK3","D2_late_increasing",0.292231986054214,0.292231986054214,3.55591412460775e-22,0.227102803738318,TRUE,TRUE
"Y_114","GPI","D2_late_increasing",0.292314498604974,0.292314498604974,3.46292571075606e-22,0.368224299065421,TRUE,TRUE
"Y_114","AGTRAP","D2_late_increasing",0.292395503785997,0.292395503785997,3.37410344020423e-22,0.211214953271028,TRUE,TRUE
"Y_114","HOMER3","D2_late_increasing",0.292623519324847,0.292623519324847,3.12494497496873e-22,0.193457943925234,TRUE,TRUE
"Y_114","NAA10","D2_late_increasing",0.292753985261362,0.292753985261362,2.99315442244921e-22,0.267289719626168,TRUE,TRUE
"Y_114","COPZ1","D2_late_increasing",0.293778224743732,0.293778224743732,2.1040746599766e-22,0.293457943925234,TRUE,TRUE
"Y_114","NRBP1","D2_late_increasing",0.293824751547347,0.293824751547347,2.07446051388682e-22,0.293457943925234,TRUE,TRUE
"Y_114","NPTX2","D2_late_increasing",0.294310308804282,0.294310308804282,1.75613443477428e-22,0.150467289719626,TRUE,TRUE
"Y_114","CXXC5","D2_late_increasing",0.294316593906844,0.294316593906844,1.75575290980139e-22,0.28785046728972,TRUE,TRUE
"Y_114","TMEM147","D2_late_increasing",0.294494220167043,0.294494220167043,1.6538848660867e-22,0.298130841121495,TRUE,TRUE
"Y_114","CTTN","D2_late_increasing",0.294966268189871,0.294966268189871,1.40608616423218e-22,0.34018691588785,TRUE,TRUE
"Y_114","METRNL","D2_late_increasing",0.295293556651745,0.295293556651745,1.25696279777166e-22,0.360747663551402,TRUE,TRUE
"Y_114","XBP1","D2_late_increasing",0.295781830948121,0.295781830948121,1.06204560507686e-22,0.269158878504673,TRUE,TRUE
"Y_114","FUT11","D2_late_increasing",0.296106700414475,0.296106700414475,9.51762526279577e-23,0.297196261682243,TRUE,TRUE
"Y_114","DNPH1","D2_late_increasing",0.296383788381792,0.296383788381792,8.65486173834054e-23,0.276635514018692,TRUE,TRUE
"Y_114","MRPL52","D2_late_increasing",0.296637416939673,0.296637416939673,7.93451113419431e-23,0.34392523364486,TRUE,TRUE
"Y_114","ST3GAL2","D2_late_increasing",0.297423204683672,0.297423204683672,6.04506819748813e-23,0.270093457943925,TRUE,TRUE
"Y_114","FIBP","D2_late_increasing",0.297572005558712,0.297572005558712,5.74824145218105e-23,0.219626168224299,TRUE,TRUE
"Y_114","ETHE1","D2_late_increasing",0.297775223702664,0.297775223702664,5.36207832282913e-23,0.258878504672897,TRUE,TRUE
"Y_114","TMEM219","D2_late_increasing",0.298245180665779,0.298245180665779,4.55247246987462e-23,0.432710280373832,TRUE,TRUE
"Y_114","CDC42EP5","D2_late_increasing",0.298352564038431,0.298352564038431,4.39201434746856e-23,0.307476635514019,TRUE,TRUE
"Y_114","C7orf73","D2_late_increasing",0.298382469023881,0.298382469023881,4.35469875883784e-23,0.344859813084112,TRUE,TRUE
"Y_114","S100A13","D2_late_increasing",0.298424469450964,0.298424469450964,4.29930872213196e-23,0.679439252336449,TRUE,TRUE
"Y_114","ZYX","D2_late_increasing",0.298855996913918,0.298855996913918,3.69862457185815e-23,0.319626168224299,TRUE,TRUE
"Y_114","PDZRN4","D2_late_increasing",0.298887452603539,0.298887452603539,3.66515738611885e-23,0.107476635514019,TRUE,TRUE
"Y_114","MRPL12","D2_late_increasing",0.299141586634048,0.299141586634048,3.35669035055937e-23,0.214953271028037,TRUE,TRUE
"Y_114","MAP7D1","D2_late_increasing",0.30001879958585,0.30001879958585,2.46907927708371e-23,0.265420560747664,TRUE,TRUE
"Y_114","FHL3","D2_late_increasing",0.300110490159261,0.300110490159261,2.3948242273944e-23,0.150467289719626,TRUE,TRUE
"Y_114","PGLS","D2_late_increasing",0.300321597918804,0.300321597918804,2.22618131872787e-23,0.347663551401869,TRUE,TRUE
"Y_114","CAPZB","D2_late_increasing",0.30069096808655,0.30069096808655,1.95586600225447e-23,0.582242990654206,TRUE,TRUE
"Y_114","ERI3","D2_late_increasing",0.30090082692024,0.30090082692024,1.8186485734101e-23,0.219626168224299,TRUE,TRUE
"Y_114","PDE4DIP","D2_late_increasing",0.301078638880458,0.301078638880458,1.71041161344911e-23,0.157943925233645,TRUE,TRUE
"Y_114","GALNT10","D2_late_increasing",0.301198875684846,0.301198875684846,1.6419636624944e-23,0.188785046728972,TRUE,TRUE
"Y_114","B4GALT1","D2_late_increasing",0.301964041769711,0.301964041769711,1.25154318503383e-23,0.331775700934579,TRUE,TRUE
"Y_114","NME1","D2_late_increasing",0.302041021167956,0.302041021167956,1.2200505797265e-23,0.317757009345794,TRUE,TRUE
"Y_114","LMF2","D2_late_increasing",0.302044935310864,0.302044935310864,1.2200505797265e-23,0.279439252336449,TRUE,TRUE
"Y_114","DPM2","D2_late_increasing",0.302383279107274,0.302383279107274,1.08599137248606e-23,0.246728971962617,TRUE,TRUE
"Y_114","VTI1B","D2_late_increasing",0.302427215112664,0.302427215112664,1.07126013310744e-23,0.258878504672897,TRUE,TRUE
"Y_114","TRAPPC2L","D2_late_increasing",0.302638894698784,0.302638894698784,9.94984344903169e-24,0.307476635514019,TRUE,TRUE
"Y_114","THBS3","D2_late_increasing",0.302667695090233,0.302667695090233,9.86829889678729e-24,0.319626168224299,TRUE,TRUE
"Y_114","CNN2","D2_late_increasing",0.302758116434915,0.302758116434915,9.57321440642787e-24,0.34392523364486,TRUE,TRUE
"Y_114","DYNLT1","D2_late_increasing",0.302807759354098,0.302807759354098,9.42396370453162e-24,0.318691588785047,TRUE,TRUE
"Y_114","VGLL3","D2_late_increasing",0.303011324357491,0.303011324357491,8.7777014047736e-24,0.165420560747664,TRUE,TRUE
"Y_114","TRIOBP","D2_late_increasing",0.303034331937605,0.303034331937605,8.72394300629278e-24,0.34392523364486,TRUE,TRUE
"Y_114","THBS1","D2_late_increasing",0.303241679818549,0.303241679818549,8.11417908426879e-24,0.163551401869159,TRUE,TRUE
"Y_114","EPHB3","D2_late_increasing",0.303361857520683,0.303361857520683,7.78727420245655e-24,0.181308411214953,TRUE,TRUE
"Y_114","POMP","D2_late_increasing",0.303533850390087,0.303533850390087,7.33520808967462e-24,0.392523364485981,TRUE,TRUE
"Y_114","MFAP2","D2_late_increasing",0.303948029526481,0.303948029526481,6.33116067398746e-24,0.35981308411215,TRUE,TRUE
"Y_114","FAM195B","D2_late_increasing",0.304139634344958,0.304139634344958,5.93353901320068e-24,0.319626168224299,TRUE,TRUE
"Y_114","C11orf96","D2_late_increasing",0.304146468543666,0.304146468543666,5.9317232100339e-24,0.275700934579439,TRUE,TRUE
"Y_114","PXDN","D2_late_increasing",0.304429399215355,0.304429399215355,5.36684889241486e-24,0.342056074766355,TRUE,TRUE
"Y_114","COMMD5","D2_late_increasing",0.304773195660554,0.304773195660554,4.74943447989709e-24,0.168224299065421,TRUE,TRUE
"Y_114","P4HA3","D2_late_increasing",0.304777794503482,0.304777794503482,4.74943447989709e-24,0.199065420560748,TRUE,TRUE
"Y_114","VOPP1","D2_late_increasing",0.304874698011244,0.304874698011244,4.59802598824694e-24,0.206542056074766,TRUE,TRUE
"Y_114","ALDH1L2","D2_late_increasing",0.305192348663354,0.305192348663354,4.11600402217135e-24,0.107476635514019,TRUE,TRUE
"Y_114","TNFSF10","D2_late_increasing",0.305417454760331,0.305417454760331,3.80155715265932e-24,0.299065420560748,TRUE,TRUE
"Y_114","HEXA","D2_late_increasing",0.305626911016022,0.305626911016022,3.5309150872897e-24,0.322429906542056,TRUE,TRUE
"Y_114","SEMA3B","D2_late_increasing",0.305779822818736,0.305779822818736,3.34745559052656e-24,0.14392523364486,TRUE,TRUE
"Y_114","UBE2L6","D2_late_increasing",0.306046674598746,0.306046674598746,3.04459813003548e-24,0.258878504672897,TRUE,TRUE
"Y_114","SURF4","D2_late_increasing",0.306381598941774,0.306381598941774,2.70106216101014e-24,0.408411214953271,TRUE,TRUE
"Y_114","SPARCL1","D2_late_increasing",0.30638732322163,0.30638732322163,2.70106216101014e-24,0.358878504672897,TRUE,TRUE
"Y_114","LASP1","D2_late_increasing",0.306482041780818,0.306482041780818,2.61558976208165e-24,0.28785046728972,TRUE,TRUE
"Y_114","TP53I3","D2_late_increasing",0.306594223244333,0.306594223244333,2.51638935909159e-24,0.188785046728972,TRUE,TRUE
"Y_114","SRPRB","D2_late_increasing",0.307794948031302,0.307794948031302,1.62983234222332e-24,0.245794392523364,TRUE,TRUE
"Y_114","SHISA5","D2_late_increasing",0.307910264556025,0.307910264556025,1.56591498471312e-24,0.352336448598131,TRUE,TRUE
"Y_114","CTGF","D2_late_increasing",0.308022470001232,0.308022470001232,1.50620058760009e-24,0.303738317757009,TRUE,TRUE
"Y_114","AC024592.12","D2_late_increasing",0.308287249515752,0.308287249515752,1.36987229353393e-24,0.285046728971963,TRUE,TRUE
"Y_114","TENM3","D2_late_increasing",0.308357098542565,0.308357098542565,1.33821750585255e-24,0.251401869158879,TRUE,TRUE
"Y_114","TMEM261","D2_late_increasing",0.308376914219322,0.308376914219322,1.33153003175258e-24,0.276635514018692,TRUE,TRUE
"Y_114","JTB","D2_late_increasing",0.308403624112101,0.308403624112101,1.32153253273248e-24,0.437383177570093,TRUE,TRUE
"Y_114","NSMCE1","D2_late_increasing",0.308556895720447,0.308556895720447,1.25203833371701e-24,0.21588785046729,TRUE,TRUE
"Y_114","CCDC28B","D2_late_increasing",0.308711943523575,0.308711943523575,1.18539092094005e-24,0.176635514018692,TRUE,TRUE
"Y_114","GRN","D2_late_increasing",0.308988876089224,0.308988876089224,1.07304395936494e-24,0.500934579439252,TRUE,TRUE
"Y_114","FLNA","D2_late_increasing",0.309270198599038,0.309270198599038,9.69674632114852e-25,0.586915887850467,TRUE,TRUE
"Y_114","COPG1","D2_late_increasing",0.309332604915426,0.309332604915426,9.49811060623997e-25,0.214018691588785,TRUE,TRUE
"Y_114","EIF4E2","D2_late_increasing",0.3095754879564,0.3095754879564,8.72469778304056e-25,0.282242990654206,TRUE,TRUE
"Y_114","LAMB2","D2_late_increasing",0.309701530187139,0.309701530187139,8.34755844222036e-25,0.451401869158878,TRUE,TRUE
"Y_114","SHC1","D2_late_increasing",0.310042119129298,0.310042119129298,7.37812676280388e-25,0.327102803738318,TRUE,TRUE
"Y_114","LUM","D2_late_increasing",0.310658051075477,0.310658051075477,5.88839023906226e-25,0.688785046728972,TRUE,TRUE
"Y_114","ISLR","D2_late_increasing",0.310728741027007,0.310728741027007,5.74957014075549e-25,0.542990654205607,TRUE,TRUE
"Y_114","MYO1D","D2_late_increasing",0.310750582072208,0.310750582072208,5.71655725320776e-25,0.363551401869159,TRUE,TRUE
"Y_114","NEK6","D2_late_increasing",0.31100967576852,0.31100967576852,5.20521111059563e-25,0.15981308411215,TRUE,TRUE
"Y_114","PGM1","D2_late_increasing",0.311012159585207,0.311012159585207,5.20521111059563e-25,0.168224299065421,TRUE,TRUE
"Y_114","PFN1","D2_late_increasing",0.311057521835481,0.311057521835481,5.13771365916079e-25,0.818691588785047,TRUE,TRUE
"Y_114","TMEM176B","D2_late_increasing",0.31137637294273,0.31137637294273,4.5750292276573e-25,0.485981308411215,TRUE,TRUE
"Y_114","MLEC","D2_late_increasing",0.311505840365823,0.311505840365823,4.37049986244784e-25,0.334579439252336,TRUE,TRUE
"Y_114","HN1","D2_late_increasing",0.311701717797788,0.311701717797788,4.07320666426647e-25,0.216822429906542,TRUE,TRUE
"Y_114","EDIL3","D2_late_increasing",0.311849220246233,0.311849220246233,3.87410164291695e-25,0.271028037383178,TRUE,TRUE
"Y_114","SNF8","D2_late_increasing",0.312119418678311,0.312119418678311,3.51173305495564e-25,0.304672897196262,TRUE,TRUE
"Y_114","MPG","D2_late_increasing",0.312180582282609,0.312180582282609,3.44083795958772e-25,0.34392523364486,TRUE,TRUE
"Y_114","LINC01116","D2_late_increasing",0.31270425441533,0.31270425441533,2.84402030892837e-25,0.142056074766355,TRUE,TRUE
"Y_114","SWI5","D2_late_increasing",0.312841872407627,0.312841872407627,2.70807638720747e-25,0.201869158878505,TRUE,TRUE
"Y_114","NXN","D2_late_increasing",0.313096350447294,0.313096350447294,2.46836775670461e-25,0.344859813084112,TRUE,TRUE
"Y_114","PTN","D2_late_increasing",0.313680627331282,0.313680627331282,1.98832085838988e-25,0.557943925233645,TRUE,TRUE
"Y_114","KRT6A","D2_late_increasing",0.313823709462109,0.313823709462109,1.88907432709964e-25,0.246728971962617,TRUE,TRUE
"Y_114","TPM4","D2_late_increasing",0.314247177584983,0.314247177584983,1.61547227896921e-25,0.485981308411215,TRUE,TRUE
"Y_114","FAM89B","D2_late_increasing",0.314850417446588,0.314850417446588,1.29397509089565e-25,0.285981308411215,TRUE,TRUE
"Y_114","SMCO4","D2_late_increasing",0.314911794113963,0.314911794113963,1.26752126497982e-25,0.15607476635514,TRUE,TRUE
"Y_114","APBB2","D2_late_increasing",0.31508248818244,0.31508248818244,1.1915265397743e-25,0.316822429906542,TRUE,TRUE
"Y_114","A1BG","D2_late_increasing",0.315218820688954,0.315218820688954,1.13464924993785e-25,0.381308411214953,TRUE,TRUE
"Y_114","HES4","D2_late_increasing",0.315535413820091,0.315535413820091,1.00943464578713e-25,0.201869158878505,TRUE,TRUE
"Y_114","SSR4","D2_late_increasing",0.31566529243668,0.31566529243668,9.6352075894216e-26,0.681308411214953,TRUE,TRUE
"Y_114","VAMP5","D2_late_increasing",0.315677791507014,0.315677791507014,9.61364069703133e-26,0.432710280373832,TRUE,TRUE
"Y_114","KRT16","D2_late_increasing",0.315749237757309,0.315749237757309,9.38101347072573e-26,0.250467289719626,TRUE,TRUE
"Y_114","CTSZ","D2_late_increasing",0.315806728019078,0.315806728019078,9.20239291365421e-26,0.335514018691589,TRUE,TRUE
"Y_114","FIBIN","D2_late_increasing",0.316257439727078,0.316257439727078,7.77999025574241e-26,0.145794392523364,TRUE,TRUE
"Y_114","DNAJC1","D2_late_increasing",0.316310479343921,0.316310479343921,7.64449454470773e-26,0.336448598130841,TRUE,TRUE
"Y_114","ZFHX4","D2_late_increasing",0.316749134507151,0.316749134507151,6.49046068743142e-26,0.179439252336449,TRUE,TRUE
"Y_114","NEK10","D2_late_increasing",0.317352462334925,0.317352462334925,5.17508893259765e-26,0.2,TRUE,TRUE
"Y_114","SGCD","D2_late_increasing",0.317689574838659,0.317689574838659,4.56399737802823e-26,0.269158878504673,TRUE,TRUE
"Y_114","MSRB3","D2_late_increasing",0.317736853271885,0.317736853271885,4.49397483061872e-26,0.262616822429907,TRUE,TRUE
"Y_114","PGAM1","D2_late_increasing",0.31805491087123,0.31805491087123,3.99149398880298e-26,0.323364485981308,TRUE,TRUE
"Y_114","LRRC59","D2_late_increasing",0.318396410252242,0.318396410252242,3.51314358942259e-26,0.213084112149533,TRUE,TRUE
"Y_114","TAF10","D2_late_increasing",0.318775057048171,0.318775057048171,3.04805505670213e-26,0.37196261682243,TRUE,TRUE
"Y_114","GPAA1","D2_late_increasing",0.319420275517588,0.319420275517588,2.3875209297088e-26,0.286915887850467,TRUE,TRUE
"Y_114","DBN1","D2_late_increasing",0.319708262045212,0.319708262045212,2.14355112239354e-26,0.221495327102804,TRUE,TRUE
"Y_114","APOL2","D2_late_increasing",0.319800111325984,0.319800111325984,2.07468751107601e-26,0.175700934579439,TRUE,TRUE
"Y_114","MAP4","D2_late_increasing",0.320145578262689,0.320145578262689,1.82175706061653e-26,0.486915887850467,TRUE,TRUE
"Y_114","NDUFS8","D2_late_increasing",0.320244998353786,0.320244998353786,1.75803129304451e-26,0.360747663551402,TRUE,TRUE
"Y_114","CAMK1D","D2_late_increasing",0.320369078706783,0.320369078706783,1.68051822142631e-26,0.331775700934579,TRUE,TRUE
"Y_114","SH3PXD2A","D2_late_increasing",0.320417969690206,0.320417969690206,1.65351449230174e-26,0.442990654205607,TRUE,TRUE
"Y_114","LAMC1","D2_late_increasing",0.320614567470683,0.320614567470683,1.53710136568373e-26,0.381308411214953,TRUE,TRUE
"Y_114","MYH9","D2_late_increasing",0.320821661445139,0.320821661445139,1.42305120886777e-26,0.463551401869159,TRUE,TRUE
"Y_114","PLPP4","D2_late_increasing",0.32102962128378,0.32102962128378,1.31695071930962e-26,0.106542056074766,TRUE,TRUE
"Y_114","SEC24D","D2_late_increasing",0.321090486718914,0.321090486718914,1.28979739428202e-26,0.171028037383178,TRUE,TRUE
"Y_114","RPL22L1","D2_late_increasing",0.32119175053389,0.32119175053389,1.24368447375854e-26,0.313084112149533,TRUE,TRUE
"Y_114","EIF4EBP1","D2_late_increasing",0.321229817807761,0.321229817807761,1.2287967329727e-26,0.257009345794392,TRUE,TRUE
"Y_114","OSTC","D2_late_increasing",0.321325850804386,0.321325850804386,1.1872500377302e-26,0.396261682242991,TRUE,TRUE
"Y_114","ILK","D2_late_increasing",0.32150288660192,0.32150288660192,1.11179403826191e-26,0.305607476635514,TRUE,TRUE
"Y_114","COPE","D2_late_increasing",0.322071035191215,0.322071035191215,8.97404159940013e-27,0.405607476635514,TRUE,TRUE
"Y_114","AHR","D2_late_increasing",0.322136241347512,0.322136241347512,8.77388249936209e-27,0.313084112149533,TRUE,TRUE
"Y_114","FAM50A","D2_late_increasing",0.322467430704518,0.322467430704518,7.73867497503829e-27,0.231775700934579,TRUE,TRUE
"Y_114","RYR2","D2_late_increasing",0.322517498110122,0.322517498110122,7.61040632396614e-27,0.114018691588785,TRUE,TRUE
"Y_114","CNN3","D2_late_increasing",0.322829674762825,0.322829674762825,6.76102022926571e-27,0.355140186915888,TRUE,TRUE
"Y_114","NGFR","D2_late_increasing",0.322847498253972,0.322847498253972,6.73257836713408e-27,0.238317757009346,TRUE,TRUE
"Y_114","CCDC107","D2_late_increasing",0.322933771693855,0.322933771693855,6.52857029391679e-27,0.270093457943925,TRUE,TRUE
"Y_114","AQP1","D2_late_increasing",0.32356461022266,0.32356461022266,5.12324307612052e-27,0.323364485981308,TRUE,TRUE
"Y_114","CYR61","D2_late_increasing",0.323693754212859,0.323693754212859,4.88543208424803e-27,0.242056074766355,TRUE,TRUE
"Y_114","SMTN","D2_late_increasing",0.324589187750503,0.324589187750503,3.45524718201917e-27,0.196261682242991,TRUE,TRUE
"Y_114","DAP","D2_late_increasing",0.324669822369702,0.324669822369702,3.35729718928613e-27,0.281308411214953,TRUE,TRUE
"Y_114","PHLDA3","D2_late_increasing",0.324817328511582,0.324817328511582,3.17797145290485e-27,0.41214953271028,TRUE,TRUE
"Y_114","GARS","D2_late_increasing",0.325102481872253,0.325102481872253,2.85046641173581e-27,0.318691588785047,TRUE,TRUE
"Y_114","CGREF1","D2_late_increasing",0.3259791048192,0.3259791048192,2.03287198039656e-27,0.167289719626168,TRUE,TRUE
"Y_114","IDH2","D2_late_increasing",0.326012332892311,0.326012332892311,2.0120997714615e-27,0.285046728971963,TRUE,TRUE
"Y_114","ERLEC1","D2_late_increasing",0.326871310425211,0.326871310425211,1.43933335486576e-27,0.250467289719626,TRUE,TRUE
"Y_114","C9orf16","D2_late_increasing",0.327291045685448,0.327291045685448,1.22326010610925e-27,0.451401869158878,TRUE,TRUE
"Y_114","C1QTNF3","D2_late_increasing",0.327416521413441,0.327416521413441,1.16743223479413e-27,0.126168224299065,TRUE,TRUE
"Y_114","SDF4","D2_late_increasing",0.327428414256086,0.327428414256086,1.16522925114643e-27,0.435514018691589,TRUE,TRUE
"Y_114","ZCCHC24","D2_late_increasing",0.327448434062709,0.327448434062709,1.15931452408188e-27,0.42803738317757,TRUE,TRUE
"Y_114","GMPPA","D2_late_increasing",0.327620987609111,0.327620987609111,1.08601798461002e-27,0.161682242990654,TRUE,TRUE
"Y_114","ALDH18A1","D2_late_increasing",0.327783652083392,0.327783652083392,1.02130280773335e-27,0.185046728971963,TRUE,TRUE
"Y_114","CIB1","D2_late_increasing",0.327835002358902,0.327835002358902,1.00362628231279e-27,0.274766355140187,TRUE,TRUE
"Y_114","IGFBP6","D2_late_increasing",0.328514669410169,0.328514669410169,7.73502226520551e-28,0.423364485981308,TRUE,TRUE
"Y_114","SLC27A4","D2_late_increasing",0.328633152990625,0.328633152990625,7.40135638092127e-28,0.625233644859813,TRUE,TRUE
"Y_114","JOSD2","D2_late_increasing",0.328776412230582,0.328776412230582,7.01273761827837e-28,0.213084112149533,TRUE,TRUE
"Y_114","ENAH","D2_late_increasing",0.329171659966028,0.329171659966028,6.0117263696608e-28,0.314018691588785,TRUE,TRUE
"Y_114","CD99","D2_late_increasing",0.329599555025354,0.329599555025354,5.08595783396552e-28,0.835514018691589,TRUE,TRUE
"Y_114","UCHL1","D2_late_increasing",0.329671969076346,0.329671969076346,4.97029933747226e-28,0.170093457943925,TRUE,TRUE
"Y_114","CALU","D2_late_increasing",0.329999325087619,0.329999325087619,4.37554462272613e-28,0.424299065420561,TRUE,TRUE
"Y_114","TMEM176A","D2_late_increasing",0.33034604987508,0.33034604987508,3.82173165765056e-28,0.404672897196262,TRUE,TRUE
"Y_114","CKLF","D2_late_increasing",0.33048368674053,0.33048368674053,3.6280985368899e-28,0.244859813084112,TRUE,TRUE
"Y_114","CYBA","D2_late_increasing",0.330517972512928,0.330517972512928,3.58933211627379e-28,0.531775700934579,TRUE,TRUE
"Y_114","CSRP2","D2_late_increasing",0.33068293162343,0.33068293162343,3.37042423779285e-28,0.198130841121495,TRUE,TRUE
"Y_114","VEGFB","D2_late_increasing",0.330919569821807,0.330919569821807,3.07535992124482e-28,0.404672897196262,TRUE,TRUE
"Y_114","LAMTOR2","D2_late_increasing",0.330953783911371,0.330953783911371,3.04259913658818e-28,0.324299065420561,TRUE,TRUE
"Y_114","TUBA1C","D2_late_increasing",0.33108060796197,0.33108060796197,2.90073161700903e-28,0.416822429906542,TRUE,TRUE
"Y_114","KIAA1462","D2_late_increasing",0.331178524278278,0.331178524278278,2.79762133203335e-28,0.157943925233645,TRUE,TRUE
"Y_114","ACKR1","D2_late_increasing",0.331775688811419,0.331775688811419,2.21555006612033e-28,0.17196261682243,TRUE,TRUE
"Y_114","PACS1","D2_late_increasing",0.332415151325089,0.332415151325089,1.72414543132747e-28,0.281308411214953,TRUE,TRUE
"Y_114","RRBP1","D2_late_increasing",0.332605435018349,0.332605435018349,1.60196320950791e-28,0.699065420560748,TRUE,TRUE
"Y_114","FBLN7","D2_late_increasing",0.332983990516539,0.332983990516539,1.37967726879473e-28,0.227102803738318,TRUE,TRUE
"Y_114","RTEL1-TNFRSF6B","D2_late_increasing",0.333140876621122,0.333140876621122,1.30308349734156e-28,0.234579439252336,TRUE,TRUE
"Y_114","NUCB1","D2_late_increasing",0.333665700547453,0.333665700547453,1.05760807183914e-28,0.485981308411215,TRUE,TRUE
"Y_114","FKBP7","D2_late_increasing",0.333951329809806,0.333951329809806,9.45209389656265e-29,0.241121495327103,TRUE,TRUE
"Y_114","S100A7","D2_late_increasing",0.333971394373464,0.333971394373464,9.40473777824077e-29,0.41588785046729,TRUE,TRUE
"Y_114","COTL1","D2_late_increasing",0.33398550997172,0.33398550997172,9.38024417789425e-29,0.129906542056075,TRUE,TRUE
"Y_114","HLA-DRB1","D2_late_increasing",0.334340694778384,0.334340694778384,8.1496577481962e-29,0.198130841121495,TRUE,TRUE
"Y_114","SIL1","D2_late_increasing",0.334432332599216,0.334432332599216,7.87726196058402e-29,0.293457943925234,TRUE,TRUE
"Y_114","SSR3","D2_late_increasing",0.334616693521186,0.334616693521186,7.33312131316321e-29,0.399065420560748,TRUE,TRUE
"Y_114","IL1R1","D2_late_increasing",0.334674030784899,0.334674030784899,7.18715698414071e-29,0.251401869158879,TRUE,TRUE
"Y_114","S100A16","D2_late_increasing",0.334795778553759,0.334795778553759,6.86249304683008e-29,0.422429906542056,TRUE,TRUE
"Y_114","LMCD1","D2_late_increasing",0.335242440119229,0.335242440119229,5.74251743841115e-29,0.167289719626168,TRUE,TRUE
"Y_114","KHDRBS3","D2_late_increasing",0.33545075699016,0.33545075699016,5.29304612005436e-29,0.279439252336449,TRUE,TRUE
"Y_114","GALNS","D2_late_increasing",0.335577827408282,0.335577827408282,5.04244968602396e-29,0.185981308411215,TRUE,TRUE
"Y_114","ADAMTS12","D2_late_increasing",0.336533658617,0.336533658617,3.42654722160145e-29,0.172897196261682,TRUE,TRUE
"Y_114","SAR1A","D2_late_increasing",0.336802805636345,0.336802805636345,3.07966312750948e-29,0.25981308411215,TRUE,TRUE
"Y_114","ARF4","D2_late_increasing",0.337301441141608,0.337301441141608,2.5195369823181e-29,0.374766355140187,TRUE,TRUE
"Y_114","TMSB4X","D2_late_increasing",0.33795368298236,0.33795368298236,1.93468773019447e-29,0.891588785046729,TRUE,TRUE
"Y_114","YIF1A","D2_late_increasing",0.338446400673867,0.338446400673867,1.58532538743718e-29,0.334579439252336,TRUE,TRUE
"Y_114","ARFGAP1","D2_late_increasing",0.338517731224209,0.338517731224209,1.54450161443217e-29,0.232710280373832,TRUE,TRUE
"Y_114","GPR78","D2_late_increasing",0.338638383092105,0.338638383092105,1.47451018176333e-29,0.305607476635514,TRUE,TRUE
"Y_114","ITGBL1","D2_late_increasing",0.338719721829583,0.338719721829583,1.43063616079241e-29,0.272897196261682,TRUE,TRUE
"Y_114","XG","D2_late_increasing",0.338958058337756,0.338958058337756,1.30117044633736e-29,0.234579439252336,TRUE,TRUE
"Y_114","CDKN2A","D2_late_increasing",0.339187913425835,0.339187913425835,1.18747664896696e-29,0.157943925233645,TRUE,TRUE
"Y_114","LAMA4","D2_late_increasing",0.339245890841607,0.339245890841607,1.1632546276488e-29,0.4,TRUE,TRUE
"Y_114","LGMN","D2_late_increasing",0.339329572327497,0.339329572327497,1.12751635631899e-29,0.257009345794392,TRUE,TRUE
"Y_114","CTSA","D2_late_increasing",0.340311180517308,0.340311180517308,7.56581311047446e-30,0.357943925233645,TRUE,TRUE
"Y_114","SCO2","D2_late_increasing",0.340379719172337,0.340379719172337,7.37874499173867e-30,0.276635514018692,TRUE,TRUE
"Y_114","CCL14","D2_late_increasing",0.340639892071421,0.340639892071421,6.64707324306163e-30,0.205607476635514,TRUE,TRUE
"Y_114","SEC61A1","D2_late_increasing",0.341044310884654,0.341044310884654,5.63954273601031e-30,0.502803738317757,TRUE,TRUE
"Y_114","FMOD","D2_late_increasing",0.341258386287912,0.341258386287912,5.17731284062406e-30,0.38411214953271,TRUE,TRUE
"Y_114","AKR1A1","D2_late_increasing",0.342204509824038,0.342204509824038,3.50426796034001e-30,0.324299065420561,TRUE,TRUE
"Y_114","IFI6","D2_late_increasing",0.342457576238015,0.342457576238015,3.16402085526082e-30,0.392523364485981,TRUE,TRUE
"Y_114","ANXA6","D2_late_increasing",0.342614183683878,0.342614183683878,2.97395763973577e-30,0.393457943925234,TRUE,TRUE
"Y_114","C7orf50","D2_late_increasing",0.343465600056813,0.343465600056813,2.09754159801939e-30,0.337383177570093,TRUE,TRUE
"Y_114","IFITM3","D2_late_increasing",0.344236747825745,0.344236747825745,1.52323540205838e-30,0.873831775700935,TRUE,TRUE
"Y_114","FTL","D2_late_increasing",0.34582570637273,0.34582570637273,7.9100228502e-31,0.936448598130841,TRUE,TRUE
"Y_114","FARP1","D2_late_increasing",0.346214259173371,0.346214259173371,6.73560477656995e-31,0.325233644859813,TRUE,TRUE
"Y_114","HMCN1","D2_late_increasing",0.346397947319338,0.346397947319338,6.25389337993947e-31,0.238317757009346,TRUE,TRUE
"Y_114","PARVB","D2_late_increasing",0.347055233822306,0.347055233822306,4.75030688420479e-31,0.2,TRUE,TRUE
"Y_114","RP11-25H12.1","D2_late_increasing",0.34792473166388,0.34792473166388,3.29458910932695e-31,0.483177570093458,TRUE,TRUE
"Y_114","SRA1","D2_late_increasing",0.348002979477397,0.348002979477397,3.19800638214609e-31,0.237383177570093,TRUE,TRUE
"Y_114","LOX","D2_late_increasing",0.348744946034995,0.348744946034995,2.33918943100163e-31,0.271028037383178,TRUE,TRUE
"Y_114","TUBB2A","D2_late_increasing",0.348857772359957,0.348857772359957,2.23717033374478e-31,0.303738317757009,TRUE,TRUE
"Y_114","PLTP","D2_late_increasing",0.349574061966717,0.349574061966717,1.6709265100884e-31,0.373831775700935,TRUE,TRUE
"Y_114","RP11-417E7.2","D2_late_increasing",0.349620601848757,0.349620601848757,1.64393716724489e-31,0.161682242990654,TRUE,TRUE
"Y_114","C1S","D2_late_increasing",0.349975228274258,0.349975228274258,1.41736331571091e-31,0.602803738317757,TRUE,TRUE
"Y_114","LGALS1","D2_late_increasing",0.350063217844823,0.350063217844823,1.36989719414443e-31,0.909345794392523,TRUE,TRUE
"Y_114","TGFB3","D2_late_increasing",0.3505448126174,0.3505448126174,1.11816085457414e-31,0.249532710280374,TRUE,TRUE
"Y_114","CRABP2","D2_late_increasing",0.350915387654992,0.350915387654992,9.57012193916742e-32,0.580373831775701,TRUE,TRUE
"Y_114","NID2","D2_late_increasing",0.352407577504147,0.352407577504147,5.04632585941781e-32,0.205607476635514,TRUE,TRUE
"Y_114","C4orf48","D2_late_increasing",0.352417266073106,0.352417266073106,5.04397308244137e-32,0.322429906542056,TRUE,TRUE
"Y_114","HTRA1","D2_late_increasing",0.35251104889448,0.35251104889448,4.86156081552214e-32,0.634579439252336,TRUE,TRUE
"Y_114","FLNC","D2_late_increasing",0.352878205192181,0.352878205192181,4.16259538887687e-32,0.194392523364486,TRUE,TRUE
"Y_114","MXRA7","D2_late_increasing",0.35296968913865,0.35296968913865,4.0158996123097e-32,0.38411214953271,TRUE,TRUE
"Y_114","CLEC11A","D2_late_increasing",0.353107496192035,0.353107496192035,3.79733625082957e-32,0.596261682242991,TRUE,TRUE
"Y_114","IFT20","D2_late_increasing",0.353344386027386,0.353344386027386,3.43950961318856e-32,0.251401869158879,TRUE,TRUE
"Y_114","ROR2","D2_late_increasing",0.354625815345602,0.354625815345602,1.98484650226735e-32,0.296261682242991,TRUE,TRUE
"Y_114","NME1-NME2","D2_late_increasing",0.354630313446483,0.354630313446483,1.98484650226735e-32,0.798130841121495,TRUE,TRUE
"Y_114","TNFAIP6","D2_late_increasing",0.354656082726791,0.354656082726791,1.97394995716296e-32,0.165420560747664,TRUE,TRUE
"Y_114","RP11-14N7.2","D2_late_increasing",0.354768792416124,0.354768792416124,1.88654704210036e-32,0.271028037383178,TRUE,TRUE
"Y_114","S100A9","D2_late_increasing",0.35565256655538,0.35565256655538,1.28723318231448e-32,0.357009345794393,TRUE,TRUE
"Y_114","SNX8","D2_late_increasing",0.355717176711231,0.355717176711231,1.25623150023837e-32,0.185046728971963,TRUE,TRUE
"Y_114","ECM1","D2_late_increasing",0.356745336783434,0.356745336783434,8.03451890638031e-33,0.466355140186916,TRUE,TRUE
"Y_114","GPX7","D2_late_increasing",0.357950241925809,0.357950241925809,4.78310803518721e-33,0.246728971962617,TRUE,TRUE
"Y_114","HIC1","D2_late_increasing",0.358160805751752,0.358160805751752,4.37595840327786e-33,0.279439252336449,TRUE,TRUE
"Y_114","EPHB2","D2_late_increasing",0.358887408227509,0.358887408227509,3.18631045693822e-33,0.152336448598131,TRUE,TRUE
"Y_114","GLIPR2","D2_late_increasing",0.35938023678996,0.35938023678996,2.57153146166289e-33,0.213084112149533,TRUE,TRUE
"Y_114","EVL","D2_late_increasing",0.359944387103756,0.359944387103756,2.01803017729362e-33,0.334579439252336,TRUE,TRUE
"Y_114","PRAF2","D2_late_increasing",0.361289708540958,0.361289708540958,1.11283497918737e-33,0.285046728971963,TRUE,TRUE
"Y_114","TMEM214","D2_late_increasing",0.361515378293863,0.361515378293863,1.01023087490215e-33,0.226168224299065,TRUE,TRUE
"Y_114","CYB561","D2_late_increasing",0.362080740966508,0.362080740966508,7.87705677394029e-34,0.190654205607477,TRUE,TRUE
"Y_114","MAGED1","D2_late_increasing",0.362266394045889,0.362266394045889,7.27834310822978e-34,0.431775700934579,TRUE,TRUE
"Y_114","HM13","D2_late_increasing",0.362292978597348,0.362292978597348,7.22187555396035e-34,0.477570093457944,TRUE,TRUE
"Y_114","FNDC1","D2_late_increasing",0.362873537001184,0.362873537001184,5.58917782602772e-34,0.172897196261682,TRUE,TRUE
"Y_114","C11orf24","D2_late_increasing",0.363075935764534,0.363075935764534,5.14614761582737e-34,0.25981308411215,TRUE,TRUE
"Y_114","HTRA3","D2_late_increasing",0.363082524026164,0.363082524026164,5.14614761582737e-34,0.326168224299065,TRUE,TRUE
"Y_114","NT5DC2","D2_late_increasing",0.36428080001574,0.36428080001574,3.01643094829926e-34,0.208411214953271,TRUE,TRUE
"Y_114","PLAU","D2_late_increasing",0.365541313786297,0.365541313786297,1.72017058897195e-34,0.250467289719626,TRUE,TRUE
"Y_114","NAGK","D2_late_increasing",0.366084349683168,0.366084349683168,1.3502488910279e-34,0.296261682242991,TRUE,TRUE
"Y_114","SPATS2L","D2_late_increasing",0.366248464262057,0.366248464262057,1.25861565809592e-34,0.573831775700935,TRUE,TRUE
"Y_114","FKBP9","D2_late_increasing",0.366429161799619,0.366429161799619,1.16435863262192e-34,0.390654205607477,TRUE,TRUE
"Y_114","PLOD1","D2_late_increasing",0.366821890006888,0.366821890006888,9.82276277661985e-35,0.385981308411215,TRUE,TRUE
"Y_114","SEMA6B","D2_late_increasing",0.368068640113791,0.368068640113791,5.58496601776976e-35,0.170093457943925,TRUE,TRUE
"Y_114","TXNDC5","D2_late_increasing",0.368102294623265,0.368102294623265,5.5237721468027e-35,0.317757009345794,TRUE,TRUE
"Y_114","P4HB","D2_late_increasing",0.368239904375066,0.368239904375066,5.20955371013614e-35,0.642056074766355,TRUE,TRUE
"Y_114","CUEDC1","D2_late_increasing",0.368572447434894,0.368572447434894,4.49349159961638e-35,0.191588785046729,TRUE,TRUE
"Y_114","SLC38A10","D2_late_increasing",0.368725926628773,0.368725926628773,4.20688572790384e-35,0.320560747663551,TRUE,TRUE
"Y_114","POLD4","D2_late_increasing",0.369169790032523,0.369169790032523,3.46255570996165e-35,0.337383177570093,TRUE,TRUE
"Y_114","CISD1","D2_late_increasing",0.36940505487056,0.36940505487056,3.12187126507642e-35,0.270093457943925,TRUE,TRUE
"Y_114","TTYH3","D2_late_increasing",0.369748485599445,0.369748485599445,2.67789626317306e-35,0.285046728971963,TRUE,TRUE
"Y_114","DAB2","D2_late_increasing",0.36975870707988,0.36975870707988,2.67744694978939e-35,0.405607476635514,TRUE,TRUE
"Y_114","OLFML3","D2_late_increasing",0.370227316576453,0.370227316576453,2.16761583545774e-35,0.501869158878505,TRUE,TRUE
"Y_114","RPS26","D2_late_increasing",0.370479249581609,0.370479249581609,1.93875042087813e-35,0.828971962616822,TRUE,TRUE
"Y_114","HDLBP","D2_late_increasing",0.370913779194278,0.370913779194278,1.59368150195629e-35,0.591588785046729,TRUE,TRUE
"Y_114","KDELR2","D2_late_increasing",0.371182307567453,0.371182307567453,1.41417985825647e-35,0.526168224299065,TRUE,TRUE
"Y_114","PLIN3","D2_late_increasing",0.372040848537541,0.372040848537541,9.5909985969731e-36,0.41214953271028,TRUE,TRUE
"Y_114","METRN","D2_late_increasing",0.372502698199752,0.372502698199752,7.77658561788347e-36,0.282242990654206,TRUE,TRUE
"Y_114","IFI27","D2_late_increasing",0.372507313172402,0.372507313172402,7.77658561788347e-36,0.431775700934579,TRUE,TRUE
"Y_114","BACE2","D2_late_increasing",0.372731352369236,0.372731352369236,7.0588407696065e-36,0.28411214953271,TRUE,TRUE
"Y_114","ANGPTL2","D2_late_increasing",0.372735356658295,0.372735356658295,7.0588407696065e-36,0.423364485981308,TRUE,TRUE
"Y_114","TMED3","D2_late_increasing",0.372912595302469,0.372912595302469,6.55028514890212e-36,0.392523364485981,TRUE,TRUE
"Y_114","TGFBI","D2_late_increasing",0.372989483848214,0.372989483848214,6.35046255361264e-36,0.313084112149533,TRUE,TRUE
"Y_114","ABI3BP","D2_late_increasing",0.373448959356501,0.373448959356501,5.1518009318832e-36,0.310280373831776,TRUE,TRUE
"Y_114","SORCS2","D2_late_increasing",0.374482421142676,0.374482421142676,3.21059920346199e-36,0.158878504672897,TRUE,TRUE
"Y_114","TPM1","D2_late_increasing",0.374739107494874,0.374739107494874,2.86111322777391e-36,0.360747663551402,TRUE,TRUE
"Y_114","HMCN2","D2_late_increasing",0.37542355343137,0.37542355343137,2.0860138870108e-36,0.15981308411215,TRUE,TRUE
"Y_114","MYOF","D2_late_increasing",0.375725667129707,0.375725667129707,1.81905428313895e-36,0.268224299065421,TRUE,TRUE
"Y_114","AP2S1","D2_late_increasing",0.376842633001279,0.376842633001279,1.08591205214889e-36,0.416822429906542,TRUE,TRUE
"Y_114","PDGFRL","D2_late_increasing",0.377098852803871,0.377098852803871,9.67073449622626e-37,0.320560747663551,TRUE,TRUE
"Y_114","SEC13","D2_late_increasing",0.377205165444762,0.377205165444762,9.24367803976477e-37,0.392523364485981,TRUE,TRUE
"Y_114","RUNX1","D2_late_increasing",0.377934575629949,0.377934575629949,6.61375620302714e-37,0.390654205607477,TRUE,TRUE
"Y_114","PLXDC2","D2_late_increasing",0.378387520930443,0.378387520930443,5.36354216110278e-37,0.389719626168224,TRUE,TRUE
"Y_114","LRP1","D2_late_increasing",0.378880731199055,0.378880731199055,4.26591406396546e-37,0.703738317757009,TRUE,TRUE
"Y_114","BGN","D2_late_increasing",0.378910035093399,0.378910035093399,4.22873218663982e-37,0.709345794392523,TRUE,TRUE
"Y_114","ADAMTS14","D2_late_increasing",0.378949314696326,0.378949314696326,4.17215695343906e-37,0.139252336448598,TRUE,TRUE
"Y_114","FKBP14","D2_late_increasing",0.379479391543174,0.379479391543174,3.25937742177225e-37,0.281308411214953,TRUE,TRUE
"Y_114","ATOX1","D2_late_increasing",0.380099620497032,0.380099620497032,2.43804232007066e-37,0.483177570093458,TRUE,TRUE
"Y_114","NME4","D2_late_increasing",0.38120719482983,0.38120719482983,1.45111896864974e-37,0.455140186915888,TRUE,TRUE
"Y_114","ISOC2","D2_late_increasing",0.381490792481384,0.381490792481384,1.27350660273636e-37,0.347663551401869,TRUE,TRUE
"Y_114","CD151","D2_late_increasing",0.382060754618347,0.382060754618347,9.73961042627339e-38,0.366355140186916,TRUE,TRUE
"Y_114","CTSB","D2_late_increasing",0.382071060034197,0.382071060034197,9.73961042627339e-38,0.557009345794393,TRUE,TRUE
"Y_114","MVP","D2_late_increasing",0.382288563374034,0.382288563374034,8.8245416041041e-38,0.364485981308411,TRUE,TRUE
"Y_114","MAP4K4","D2_late_increasing",0.382433516336101,0.382433516336101,8.27536263277315e-38,0.530841121495327,TRUE,TRUE
"Y_114","C1R","D2_late_increasing",0.382605861147609,0.382605861147609,7.65869058801761e-38,0.699065420560748,TRUE,TRUE
"Y_114","FAM20C","D2_late_increasing",0.382852315647724,0.382852315647724,6.87730260078041e-38,0.286915887850467,TRUE,TRUE
"Y_114","GPX8","D2_late_increasing",0.383232033875736,0.383232033875736,5.75903245815917e-38,0.232710280373832,TRUE,TRUE
"Y_114","OST4","D2_late_increasing",0.384765385221389,0.384765385221389,2.77445270710613e-38,0.680373831775701,TRUE,TRUE
"Y_114","RCN1","D2_late_increasing",0.384968624597394,0.384968624597394,2.52826414405372e-38,0.400934579439252,TRUE,TRUE
"Y_114","INAFM1","D2_late_increasing",0.384985611462561,0.384985611462561,2.52183782587888e-38,0.389719626168224,TRUE,TRUE
"Y_114","PRDX4","D2_late_increasing",0.385431769018368,0.385431769018368,2.04222957042674e-38,0.433644859813084,TRUE,TRUE
"Y_114","AC005943.2","D2_late_increasing",0.385728927882114,0.385728927882114,1.77767169736077e-38,0.332710280373832,TRUE,TRUE
"Y_114","S100A8","D2_late_increasing",0.386542128117021,0.386542128117021,1.20309758457669e-38,0.541121495327103,TRUE,TRUE
"Y_114","FBLN1","D2_late_increasing",0.387214222625333,0.387214222625333,8.71476363993422e-39,0.749532710280374,TRUE,TRUE
"Y_114","TMEM119","D2_late_increasing",0.387493476608443,0.387493476608443,7.64653088344102e-39,0.357943925233645,TRUE,TRUE
"Y_114","MIR99AHG","D2_late_increasing",0.388427561153198,0.388427561153198,4.865493600059e-39,0.303738317757009,TRUE,TRUE
"Y_114","EHD2","D2_late_increasing",0.391170085318382,0.391170085318382,1.27230753142517e-39,0.368224299065421,TRUE,TRUE
"Y_114","LRRC32","D2_late_increasing",0.391307618683842,0.391307618683842,1.19558704596896e-39,0.230841121495327,TRUE,TRUE
"Y_114","ISG15","D2_late_increasing",0.392636219351194,0.392636219351194,6.25162183377206e-40,0.270093457943925,TRUE,TRUE
"Y_114","CADM1","D2_late_increasing",0.392799383552194,0.392799383552194,5.79869390733336e-40,0.286915887850467,TRUE,TRUE
"Y_114","FAM114A1","D2_late_increasing",0.393334430838918,0.393334430838918,4.46731222217983e-40,0.342056074766355,TRUE,TRUE
"Y_114","PDXK","D2_late_increasing",0.393988615902263,0.393988615902263,3.24092257484288e-40,0.297196261682243,TRUE,TRUE
"Y_114","CTSK","D2_late_increasing",0.394743092657161,0.394743092657161,2.24829386424843e-40,0.626168224299065,TRUE,TRUE
"Y_114","PHPT1","D2_late_increasing",0.397469187671025,0.397469187671025,5.79577444939267e-41,0.58411214953271,TRUE,TRUE
"Y_114","KDELR3","D2_late_increasing",0.397529850763288,0.397529850763288,5.65660055582877e-41,0.21214953271028,TRUE,TRUE
"Y_114","SSC5D","D2_late_increasing",0.397865827598044,0.397865827598044,4.8015863057375e-41,0.318691588785047,TRUE,TRUE
"Y_114","ARHGAP1","D2_late_increasing",0.399059614878967,0.399059614878967,2.6342244778707e-41,0.290654205607477,TRUE,TRUE
"Y_114","HEG1","D2_late_increasing",0.399866186893844,0.399866186893844,1.78060983498425e-41,0.305607476635514,TRUE,TRUE
"Y_114","TNFRSF12A","D2_late_increasing",0.400623642895375,0.400623642895375,1.21680380639461e-41,0.188785046728972,TRUE,TRUE
"Y_114","DPT","D2_late_increasing",0.400947351685895,0.400947351685895,1.03778347312772e-41,0.454205607476636,TRUE,TRUE
"Y_114","ITGA11","D2_late_increasing",0.402107687783412,0.402107687783412,5.756689513963e-42,0.210280373831776,TRUE,TRUE
"Y_114","PIEZO2","D2_late_increasing",0.403648390742541,0.403648390742541,2.61701505712081e-42,0.183177570093458,TRUE,TRUE
"Y_114","B4GALT2","D2_late_increasing",0.404415773847924,0.404415773847924,1.77056497592805e-42,0.308411214953271,TRUE,TRUE
"Y_114","TYMP","D2_late_increasing",0.404505521678785,0.404505521678785,1.70173706666857e-42,0.411214953271028,TRUE,TRUE
"Y_114","CD74","D2_late_increasing",0.407741166231473,0.407741166231473,3.16671425535812e-43,0.445794392523365,TRUE,TRUE
"Y_114","HLA-DRA","D2_late_increasing",0.408371007533396,0.408371007533396,2.29071209530983e-43,0.266355140186916,TRUE,TRUE
"Y_114","EFEMP2","D2_late_increasing",0.408945554297083,0.408945554297083,1.72943227589739e-43,0.499065420560748,TRUE,TRUE
"Y_114","PALLD","D2_late_increasing",0.411420774242056,0.411420774242056,4.73613681849111e-44,0.438317757009346,TRUE,TRUE
"Y_114","CST3","D2_late_increasing",0.412605989328256,0.412605989328256,2.53840815274654e-44,0.751401869158879,TRUE,TRUE
"Y_114","C1orf122","D2_late_increasing",0.412806615658874,0.412806615658874,2.29757016769621e-44,0.413084112149533,TRUE,TRUE
"Y_114","GAS6","D2_late_increasing",0.413049408004116,0.413049408004116,2.03322331789671e-44,0.466355140186916,TRUE,TRUE
"Y_114","ZMAT3","D2_late_increasing",0.41327592495243,0.41327592495243,1.81492473923759e-44,0.276635514018692,TRUE,TRUE
"Y_114","LIMA1","D2_late_increasing",0.413299324916869,0.413299324916869,1.80593608840973e-44,0.307476635514019,TRUE,TRUE
"Y_114","PDLIM7","D2_late_increasing",0.413701179856332,0.413701179856332,1.46763722372553e-44,0.295327102803738,TRUE,TRUE
"Y_114","PDLIM2","D2_late_increasing",0.413712725315241,0.413712725315241,1.46763722372553e-44,0.483177570093458,TRUE,TRUE
"Y_114","MYDGF","D2_late_increasing",0.414110054588047,0.414110054588047,1.19715958214564e-44,0.418691588785047,TRUE,TRUE
"Y_114","CILP2","D2_late_increasing",0.414630736293915,0.414630736293915,9.12376744571377e-45,0.203738317757009,TRUE,TRUE
"Y_114","GUCY1A3","D2_late_increasing",0.41577382658838,0.41577382658838,5.00998756222767e-45,0.268224299065421,TRUE,TRUE
"Y_114","BNC2","D2_late_increasing",0.417653584894069,0.417653584894069,1.87168866191093e-45,0.31588785046729,TRUE,TRUE
"Y_114","COL18A1","D2_late_increasing",0.418209862987531,0.418209862987531,1.39502432294929e-45,0.462616822429907,TRUE,TRUE
"Y_114","LGALS3BP","D2_late_increasing",0.419291226178689,0.419291226178689,7.805213555868e-46,0.411214953271028,TRUE,TRUE
"Y_114","TMSB10","D2_late_increasing",0.420355913528934,0.420355913528934,4.39792939577983e-46,0.959813084112149,TRUE,TRUE
"Y_114","S100A11","D2_late_increasing",0.421454715874727,0.421454715874727,2.44785056310535e-46,0.790654205607477,TRUE,TRUE
"Y_114","C1QTNF5","D2_late_increasing",0.421489798247992,0.421489798247992,2.42179448990179e-46,0.423364485981308,TRUE,TRUE
"Y_114","FSTL1","D2_late_increasing",0.423019719044888,0.423019719044888,1.05119210118764e-46,0.561682242990654,TRUE,TRUE
"Y_114","OGN","D2_late_increasing",0.423518649153053,0.423518649153053,8.0470703461363e-47,0.280373831775701,TRUE,TRUE
"Y_114","THBS4","D2_late_increasing",0.42398469242196,0.42398469242196,6.27110179220684e-47,0.289719626168224,TRUE,TRUE
"Y_114","GOLM1","D2_late_increasing",0.42591038343713,0.42591038343713,2.16796731539731e-47,0.342056074766355,TRUE,TRUE
"Y_114","P3H3","D2_late_increasing",0.426623424448005,0.426623424448005,1.48209641982869e-47,0.402803738317757,TRUE,TRUE
"Y_114","HCFC1R1","D2_late_increasing",0.427379805576498,0.427379805576498,9.79200364984955e-48,0.544859813084112,TRUE,TRUE
"Y_114","ARPC1B","D2_late_increasing",0.428626638665247,0.428626638665247,4.95028068516382e-48,0.446728971962617,TRUE,TRUE
"Y_114","FKBP11","D2_late_increasing",0.430731618093456,0.430731618093456,1.53536497411749e-48,0.28411214953271,TRUE,TRUE
"Y_114","CCDC80","D2_late_increasing",0.434036995466818,0.434036995466818,2.35368380740715e-49,0.71214953271028,TRUE,TRUE
"Y_114","AK1","D2_late_increasing",0.43408722408751,0.43408722408751,2.30905541163331e-49,0.316822429906542,TRUE,TRUE
"Y_114","C1QTNF6","D2_late_increasing",0.434205988527976,0.434205988527976,2.17812953709886e-49,0.323364485981308,TRUE,TRUE
"Y_114","PODN","D2_late_increasing",0.434390008078172,0.434390008078172,1.97922229968355e-49,0.442056074766355,TRUE,TRUE
"Y_114","ACTA2","D2_late_increasing",0.436814346827136,0.436814346827136,4.94183848694584e-50,0.313084112149533,TRUE,TRUE
"Y_114","CKAP4","D2_late_increasing",0.437558927028088,0.437558927028088,3.30919242497777e-50,0.516822429906542,TRUE,TRUE
"Y_114","SULF1","D2_late_increasing",0.438552121898307,0.438552121898307,1.87727976536595e-50,0.196261682242991,TRUE,TRUE
"Y_114","ZNF469","D2_late_increasing",0.441192703142919,0.441192703142919,4.1375343939931e-51,0.213084112149533,TRUE,TRUE
"Y_114","P3H1","D2_late_increasing",0.442568707669711,0.442568707669711,1.8605801084432e-51,0.366355140186916,TRUE,TRUE
"Y_114","MIR4435-2HG","D2_late_increasing",0.443180507598268,0.443180507598268,1.31057707472947e-51,0.276635514018692,TRUE,TRUE
"Y_114","FAP","D2_late_increasing",0.444671934332123,0.444671934332123,5.59900922435655e-52,0.25607476635514,TRUE,TRUE
"Y_114","TSHZ2","D2_late_increasing",0.445193912988449,0.445193912988449,4.15201959474113e-52,0.388785046728972,TRUE,TRUE
"Y_114","COL11A1","D2_late_increasing",0.446171856370657,0.446171856370657,2.37217354712671e-52,0.283177570093458,TRUE,TRUE
"Y_114","VKORC1","D2_late_increasing",0.446591180612023,0.446591180612023,1.86835611465838e-52,0.553271028037383,TRUE,TRUE
"Y_114","SMOC2","D2_late_increasing",0.446824562990523,0.446824562990523,1.64446870883645e-52,0.328971962616822,TRUE,TRUE
"Y_114","CHPF","D2_late_increasing",0.449325469311865,0.449325469311865,3.70303735619574e-53,0.360747663551402,TRUE,TRUE
"Y_114","NBL1","D2_late_increasing",0.449712757691652,0.449712757691652,2.96700399444224e-53,0.518691588785047,TRUE,TRUE
"Y_114","COL12A1","D2_late_increasing",0.449901756186301,0.449901756186301,2.67978242224796e-53,0.403738317757009,TRUE,TRUE
"Y_114","FKBP10","D2_late_increasing",0.453985332006537,0.453985332006537,2.25907625497113e-54,0.470093457943925,TRUE,TRUE
"Y_114","SULF2","D2_late_increasing",0.455264241561071,0.455264241561071,1.05661377922079e-54,0.364485981308411,TRUE,TRUE
"Y_114","COL16A1","D2_late_increasing",0.455597682482696,0.455597682482696,8.71783821505473e-55,0.48411214953271,TRUE,TRUE
"Y_114","MMP2","D2_late_increasing",0.455695918873066,0.455695918873066,8.31509530204636e-55,0.642056074766355,TRUE,TRUE
"Y_114","SERF2","D2_late_increasing",0.459699145223833,0.459699145223833,7.12470082544353e-56,0.922429906542056,TRUE,TRUE
"Y_114","MXRA5","D2_late_increasing",0.459842173227087,0.459842173227087,6.60611091952659e-56,0.501869158878505,TRUE,TRUE
"Y_114","P4HA2","D2_late_increasing",0.460238891410099,0.460238891410099,5.2272421679262e-56,0.342990654205607,TRUE,TRUE
"Y_114","NREP","D2_late_increasing",0.464345339929884,0.464345339929884,3.98800058667209e-57,0.330841121495327,TRUE,TRUE
"Y_114","PYCR1","D2_late_increasing",0.46593192511049,0.46593192511049,1.47481012514962e-57,0.281308411214953,TRUE,TRUE
"Y_114","EMILIN1","D2_late_increasing",0.467688345275899,0.467688345275899,4.86626132343585e-58,0.610280373831776,TRUE,TRUE
"Y_114","MYL9","D2_late_increasing",0.469896475322887,0.469896475322887,1.1918730929537e-58,0.548598130841122,TRUE,TRUE
"Y_114","RARRES2","D2_late_increasing",0.470350933129967,0.470350933129967,9.01843391744215e-59,0.602803738317757,TRUE,TRUE
"Y_114","LINC00152","D2_late_increasing",0.470824382085805,0.470824382085805,6.7389734505908e-59,0.275700934579439,TRUE,TRUE
"Y_114","P3H4","D2_late_increasing",0.472229272906399,0.472229272906399,2.7475000994233e-59,0.327102803738318,TRUE,TRUE
"Y_114","PPIB","D2_late_increasing",0.4752214342075,0.4752214342075,3.93877266883653e-60,0.811214953271028,TRUE,TRUE
"Y_114","VCAN","D2_late_increasing",0.482482106793678,0.482482106793678,3.2927137776903e-62,0.609345794392523,TRUE,TRUE
"Y_114","CPXM1","D2_late_increasing",0.484195614883914,0.484195614883914,1.0521635593057e-62,0.477570093457944,TRUE,TRUE
"Y_114","IGFBP4","D2_late_increasing",0.484266829462123,0.484266829462123,1.01988205601676e-62,0.632710280373832,TRUE,TRUE
"Y_114","ARMC9","D2_late_increasing",0.484354611569181,0.484354611569181,9.77830088391206e-63,0.404672897196262,TRUE,TRUE
"Y_114","SERPINF1","D2_late_increasing",0.484489532854308,0.484489532854308,9.08280321085933e-63,0.621495327102804,TRUE,TRUE
"Y_114","COPZ2","D2_late_increasing",0.4856440504596,0.4856440504596,4.22033225331634e-63,0.522429906542056,TRUE,TRUE
"Y_114","PPIC","D2_late_increasing",0.487683275360519,0.487683275360519,1.08758549645312e-63,0.477570093457944,TRUE,TRUE
"Y_114","FOXP1","D2_late_increasing",0.487989648768246,0.487989648768246,8.98444690052605e-64,0.399065420560748,TRUE,TRUE
"Y_114","OLFML2B","D2_late_increasing",0.490248132905478,0.490248132905478,1.93389397388809e-64,0.368224299065421,TRUE,TRUE
"Y_114","LRRC15","D2_late_increasing",0.49081923286859,0.49081923286859,1.32867734187916e-64,0.363551401869159,TRUE,TRUE
"Y_114","ASPN","D2_late_increasing",0.492847398280334,0.492847398280334,3.31211306890905e-65,0.329906542056075,TRUE,TRUE
"Y_114","COL5A3","D2_late_increasing",0.495443427605926,0.495443427605926,5.48988930127304e-66,0.42803738317757,TRUE,TRUE
"Y_114","SFRP4","D2_late_increasing",0.50104274565006,0.50104274565006,1.07616189074458e-67,0.310280373831776,TRUE,TRUE
"Y_114","SEPT11","D2_late_increasing",0.502030422194354,0.502030422194354,5.41499792590575e-68,0.463551401869159,TRUE,TRUE
"Y_114","BASP1","D2_late_increasing",0.503226699546589,0.503226699546589,2.33972991119495e-68,0.397196261682243,TRUE,TRUE
"Y_114","NNMT","D2_late_increasing",0.506370129079286,0.506370129079286,2.44781640027119e-69,0.561682242990654,TRUE,TRUE
"Y_114","MARCKS","D2_late_increasing",0.50686424337611,0.50686424337611,1.74734746614953e-69,0.628971962616822,TRUE,TRUE
"Y_114","HSPG2","D2_late_increasing",0.507760629828775,0.507760629828775,9.2909699973984e-70,0.549532710280374,TRUE,TRUE
"Y_114","TIMP1","D2_late_increasing",0.509438893993557,0.509438893993557,2.77530320895273e-70,0.724299065420561,TRUE,TRUE
"Y_114","ARL4C","D2_late_increasing",0.521947688265525,0.521947688265525,2.45707028855088e-74,0.327102803738318,TRUE,TRUE
"Y_114","AEBP1","D2_late_increasing",0.522750418915746,0.522750418915746,1.36204758945595e-74,0.75607476635514,TRUE,TRUE
"Y_114","WISP2","D2_late_increasing",0.524554173949189,0.524554173949189,3.47789344493177e-75,0.472897196261682,TRUE,TRUE
"Y_114","TAGLN","D2_late_increasing",0.527603077578396,0.527603077578396,3.33236377335741e-76,0.411214953271028,TRUE,TRUE
"Y_114","BMP1","D2_late_increasing",0.527997520321046,0.527997520321046,2.52084083166295e-76,0.378504672897196,TRUE,TRUE
"Y_114","COL8A1","D2_late_increasing",0.528205499173444,0.528205499173444,2.20847693025835e-76,0.334579439252336,TRUE,TRUE
"Y_114","THBS2","D2_late_increasing",0.533760419623028,0.533760419623028,2.80590486440908e-78,0.422429906542056,TRUE,TRUE
"Y_114","FBN1","D2_late_increasing",0.537569813553475,0.537569813553475,1.35490945814407e-79,0.561682242990654,TRUE,TRUE
"Y_114","MRC2","D2_late_increasing",0.539388717801095,0.539388717801095,3.2015774462225e-80,0.65607476635514,TRUE,TRUE
"Y_114","COL6A1","D2_late_increasing",0.540062960957089,0.540062960957089,1.91379658155321e-80,0.905607476635514,TRUE,TRUE
"Y_114","CTHRC1","D2_late_increasing",0.543646436411873,0.543646436411873,1.04681069483624e-81,0.477570093457944,TRUE,TRUE
"Y_114","PCOLCE","D2_late_increasing",0.547420452614606,0.547420452614606,4.7173243979491e-83,0.72803738317757,TRUE,TRUE
"Y_114","COL14A1","D2_late_increasing",0.555193333895029,0.555193333895029,7.02687816802595e-86,0.535514018691589,TRUE,TRUE
"Y_114","ADAMTS2","D2_late_increasing",0.557547065315705,0.557547065315705,9.63164027393595e-87,0.396261682242991,TRUE,TRUE
"Y_114","COMP","D2_late_increasing",0.560940477502601,0.560940477502601,5.24298349310807e-88,0.399065420560748,TRUE,TRUE
"Y_114","IGFBP7","D2_late_increasing",0.563563628181433,0.563563628181433,5.46327988044631e-89,0.652336448598131,TRUE,TRUE
"Y_114","COL6A3","D2_late_increasing",0.566767195591085,0.566767195591085,3.3287843632738e-90,0.761682242990654,TRUE,TRUE
"Y_114","RCN3","D2_late_increasing",0.573932951497357,0.573932951497357,5.3632382561512e-93,0.576635514018692,TRUE,TRUE
"Y_114","POSTN","D2_late_increasing",0.577638083585575,0.577638083585575,1.8614808310028e-94,0.451401869158878,TRUE,TRUE
"Y_114","ADAM12","D2_late_increasing",0.584476317966083,0.584476317966083,3.21468682927541e-97,0.385046728971963,TRUE,TRUE
"Y_114","COL6A2","D2_late_increasing",0.585110351365519,0.585110351365519,1.86914424139341e-97,0.914018691588785,TRUE,TRUE
"Y_114","MDK","D2_late_increasing",0.585896597409465,0.585896597409465,9.42295455979786e-98,0.620560747663551,TRUE,TRUE
"Y_114","CREB3L1","D2_late_increasing",0.591327359873276,0.591327359873276,5.38798895256973e-100,0.483177570093458,TRUE,TRUE
"Y_114","CERCAM","D2_late_increasing",0.591483523344817,0.591483523344817,4.98446236389156e-100,0.526168224299065,TRUE,TRUE
"Y_114","GXYLT2","D2_late_increasing",0.592655038860584,0.592655038860584,1.72249274177172e-100,0.464485981308411,TRUE,TRUE
"Y_114","SERPINH1","D2_late_increasing",0.596047754702269,0.596047754702269,6.68839971051866e-102,0.637383177570093,TRUE,TRUE
"Y_114","THY1","D2_late_increasing",0.601476245182023,0.601476245182023,3.25507194431146e-104,0.58785046728972,TRUE,TRUE
"Y_114","FN1","D2_late_increasing",0.602426163623404,0.602426163623404,1.3858254893866e-104,0.555140186915888,TRUE,TRUE
"Y_114","SFRP2","D2_late_increasing",0.638255220221948,0.638255220221948,2.83061362808168e-121,0.583177570093458,TRUE,TRUE
"Y_114","COL5A2","D2_late_increasing",0.671044271418799,0.671044271418799,1.14173909001232e-138,0.657943925233645,TRUE,TRUE
"Y_114","COL3A1","D2_late_increasing",0.689892955522364,0.689892955522364,1.1010802511392e-149,0.84392523364486,TRUE,TRUE
"Y_114","COL5A1","D2_late_increasing",0.697339928594652,0.697339928594652,3.28591166907931e-154,0.685981308411215,TRUE,TRUE
"Y_114","COL1A2","D2_late_increasing",0.704660661143761,0.704660661143761,9.05139357546611e-159,0.891588785046729,TRUE,TRUE
"Y_114","SPARC","D2_late_increasing",0.70699931541262,0.70699931541262,4.03272676711502e-160,0.77196261682243,TRUE,TRUE
"Y_114","COL1A1","D2_late_increasing",0.735833368916728,0.735833368916728,5.61036285080608e-180,0.869158878504673,TRUE,TRUE
"Y_56","LAMC3","D1_early_decreasing",-0.48724972991885,0.491161131521888,5.82441398057149e-65,0.177570093457944,FALSE,TRUE
"Y_56","SEMA3G","D1_early_decreasing",-0.479506752843761,0.453952059097891,1.30102663401755e-54,0.163551401869159,FALSE,TRUE
"Y_56","IGFBP3","D1_early_decreasing",-0.444062660641216,0.465900449092262,8.44106562673481e-58,0.472897196261682,FALSE,TRUE
"Y_56","ALX4","D1_early_decreasing",-0.44109901345244,0.445758029856873,1.6440547020247e-52,0.162616822429907,FALSE,TRUE
"Y_56","COL23A1","D1_early_decreasing",-0.440880211769439,0.453581527383469,1.62088878222121e-54,0.22803738317757,FALSE,TRUE
"Y_56","TFAP2A","D1_early_decreasing",-0.437360512329504,0.461645251250453,1.19078293134054e-56,0.236448598130841,FALSE,TRUE
"Y_56","TCF4","D1_early_decreasing",-0.421133203439401,0.519313852673369,9.59567854035926e-74,0.744859813084112,FALSE,TRUE
"Y_56","BMP7","D1_early_decreasing",-0.409380908198158,0.405637745173713,6.18230085002317e-43,0.146728971962617,FALSE,TRUE
"Y_56","BMP4","D1_early_decreasing",-0.399262356341805,0.401949747969283,4.07948567407551e-42,0.208411214953271,FALSE,TRUE
"Y_56","SLC5A3","D1_early_decreasing",-0.391545871948043,0.379529532106463,2.05356604926044e-37,0.157943925233645,FALSE,TRUE
"Y_56","GADD45G","D1_early_decreasing",-0.380563118823476,0.418484404453001,7.12658576676854e-46,0.203738317757009,FALSE,TRUE
"Y_56","SERPINE2","D1_early_decreasing",-0.364856730638007,0.336731264221739,2.12764911534978e-29,0.363551401869159,FALSE,TRUE
"Y_56","INHBB","D1_early_decreasing",-0.349253154773477,0.333840186487577,6.64569992301538e-29,0.138317757009346,FALSE,TRUE
"Y_56","PRLR","D1_early_decreasing",-0.349151316488299,0.384635532283386,1.86116112243715e-38,0.100934579439252,FALSE,TRUE
"Y_56","TRPS1","D1_early_decreasing",-0.345373314194472,0.422437709218562,8.54836376510766e-47,0.44018691588785,FALSE,TRUE
"Y_56","TIMP3","D1_early_decreasing",-0.343076781206278,0.35412579992445,1.65157117341321e-32,0.535514018691589,FALSE,TRUE
"Y_56","PRDM1","D1_early_decreasing",-0.340201616379488,0.33765287299967,1.48146110736812e-29,0.124299065420561,FALSE,TRUE
"Y_56","PTCH1","D1_early_decreasing",-0.333044464675735,0.355282578435018,1.0023720256604e-32,0.155140186915888,FALSE,TRUE
"Y_56","APCDD1","D1_early_decreasing",-0.328140292455604,0.287100546650382,1.55313418552241e-21,0.334579439252336,FALSE,TRUE
"Y_56","DAAM2","D1_early_decreasing",-0.314610669383509,0.366254639570473,8.55074900580494e-35,0.226168224299065,FALSE,TRUE
"Y_56","INHBA","D1_early_decreasing",-0.307684357436699,0.288382883425184,1.01224286191062e-21,0.326168224299065,FALSE,TRUE
"Y_56","BCL2","D1_early_decreasing",-0.305037276661869,0.361302189510692,7.56211065733182e-34,0.199065420560748,FALSE,TRUE
"Y_56","CENPW","D1_early_decreasing",-0.299195418397044,0.259373430232513,9.03918321087203e-18,0.127102803738318,FALSE,TRUE
"Y_56","CEBPA","D1_early_decreasing",-0.281369766734245,0.258782425706981,1.07552290694263e-17,0.158878504672897,FALSE,TRUE
"Y_56","IGFBP2","D1_early_decreasing",-0.269273030639444,0.291194316275751,3.98426056622414e-22,0.135514018691589,FALSE,TRUE
"Y_56","MRPS6","D1_early_decreasing",-0.260461968343232,0.245033648116273,5.53542826510011e-16,0.35981308411215,FALSE,TRUE
"Y_56","CRABP1","D1_early_decreasing",-0.259805707571299,0.201774549054738,3.16122467898496e-11,0.100934579439252,FALSE,TRUE
"Y_56","ROBO2","D1_early_decreasing",-0.234937883623184,0.332400416291459,1.15860093437026e-28,0.260747663551402,FALSE,TRUE
"Y_56","DKK2","D1_early_decreasing",-0.234654626789648,0.323625642897056,3.51357353713135e-27,0.244859813084112,FALSE,TRUE
"Y_56","PHLDA1","D1_early_decreasing",-0.23320587724661,0.217070566873263,8.45714953050325e-13,0.153271028037383,FALSE,TRUE
"Y_56","DIO2","D1_early_decreasing",-0.231592608259166,0.188866073768309,5.39543429662177e-10,0.316822429906542,FALSE,FALSE
"Y_56","MYLIP","D1_early_decreasing",-0.230469959860994,0.215071097124579,1.38007784934289e-12,0.307476635514019,FALSE,TRUE
"Y_56","LUZP2","D1_early_decreasing",-0.229573484340504,0.298434463834273,3.3404228971771e-23,0.163551401869159,FALSE,TRUE
"Y_56","ZDHHC14","D1_early_decreasing",-0.226027951298773,0.293882098820211,1.60547978900887e-22,0.149532710280374,FALSE,TRUE
"Y_56","PGM2L1","D1_early_decreasing",-0.222784162766468,0.226718568101387,7.49739324298096e-14,0.141121495327103,FALSE,TRUE
"Y_56","PREX2","D1_early_decreasing",-0.220529006012234,0.254834880228466,3.40024559722725e-17,0.139252336448598,FALSE,TRUE
"Y_56","TNN","D1_early_decreasing",-0.220455320475478,0.255846223050538,2.54622271951685e-17,0.154205607476636,FALSE,TRUE
"Y_56","F2R","D1_early_decreasing",-0.21950442202231,0.168249831247616,3.38544651065696e-08,0.366355140186916,FALSE,FALSE
"Y_56","PLEKHH2","D1_early_decreasing",-0.21606771133373,0.360515323896766,1.06224625233925e-33,0.21588785046729,FALSE,TRUE
"Y_56","HIST1H2BD","D1_early_decreasing",-0.214983641551804,0.305503468271741,2.80356904511577e-24,0.154205607476636,FALSE,TRUE
"Y_56","TWIST1","D1_early_decreasing",-0.211301135465795,0.235733982698713,7.07194341865348e-15,0.425233644859813,FALSE,TRUE
"Y_56","HIST2H2BE","D1_early_decreasing",-0.21097974903763,0.26146141757448,4.8523133783346e-18,0.12803738317757,FALSE,TRUE
"Y_56","ITGA8","D1_early_decreasing",-0.20717724439976,0.298771784627372,2.97918873621871e-23,0.189719626168224,FALSE,TRUE
"Y_56","CPE","D1_early_decreasing",-0.206100949932553,0.194697313485458,1.53381735763263e-10,0.319626168224299,FALSE,FALSE
"Y_56","SOX18","D1_early_decreasing",-0.202076301516848,0.158655472581957,1.96107304782623e-07,0.153271028037383,FALSE,FALSE
"Y_56","PTMA","D2_late_increasing",-0.622799369769097,0.511306705823605,3.77278752465974e-71,0.969158878504673,FALSE,TRUE
"Y_56","RPL35A","D2_late_increasing",-0.551045348610589,0.34227425171361,2.29254855783884e-30,0.953271028037383,FALSE,TRUE
"Y_56","RPL34","D2_late_increasing",-0.514468740369404,0.349375531076301,1.22311685698515e-31,0.97196261682243,FALSE,TRUE
"Y_56","SLC35F1","D2_late_increasing",-0.511332138176131,0.372115339626463,6.15764326485861e-36,0.75981308411215,FALSE,TRUE
"Y_56","H3F3B","D2_late_increasing",-0.495855912758749,0.437377924167969,2.14774715304688e-50,0.906542056074766,FALSE,TRUE
"Y_56","RPL13","D2_late_increasing",-0.47756969282084,0.252275667890425,7.09937985389185e-17,0.994392523364486,FALSE,TRUE
"Y_56","RPL11","D2_late_increasing",-0.459169386495373,0.240124522575135,2.14830713106585e-15,0.986915887850467,FALSE,TRUE
"Y_56","RPS27A","D2_late_increasing",-0.454597796106221,0.282708745621104,6.63428116604667e-21,0.944859813084112,FALSE,TRUE
"Y_56","RPS13","D2_late_increasing",-0.445317671494405,0.234703420956679,9.32017048260869e-15,0.971028037383178,FALSE,TRUE
"Y_56","RPL26","D2_late_increasing",-0.443342470452191,0.249604883298144,1.52001692540071e-16,0.952336448598131,FALSE,TRUE
"Y_56","RPL37A","D2_late_increasing",-0.437498373779041,0.181704506661555,2.39460767685823e-09,0.988785046728972,FALSE,FALSE
"Y_56","RPL5","D2_late_increasing",-0.429406849353908,0.256141994050214,2.33535565588972e-17,0.957943925233645,FALSE,TRUE
"Y_56","RPL13A","D2_late_increasing",-0.428140765855019,0.167730863118976,3.7257515864482e-08,0.989719626168224,FALSE,FALSE
"Y_56","FAU","D2_late_increasing",-0.426130750203916,0.200401571784391,4.30870494165882e-11,0.958878504672897,FALSE,TRUE
"Y_56","RPL19","D2_late_increasing",-0.416656439792459,0.187976115562904,6.50582691178103e-10,0.972897196261682,FALSE,FALSE
"Y_56","RPL6","D2_late_increasing",-0.416482541341546,0.242198544702839,1.21793888366059e-15,0.922429906542056,FALSE,TRUE
"Y_56","RPS14","D2_late_increasing",-0.4161054643909,0.161668391126182,1.13971559313315e-07,0.995327102803738,FALSE,FALSE
"Y_56","RPL4","D2_late_increasing",-0.415605387228934,0.243551645271384,8.3712351732248e-16,0.935514018691589,FALSE,TRUE
"Y_56","RPL30","D2_late_increasing",-0.408632171093835,0.167500918167722,3.88435706133934e-08,0.976635514018692,FALSE,FALSE
"Y_56","RPS27","D2_late_increasing",-0.408546233175956,0.178903366161323,4.21862914219923e-09,0.97196261682243,FALSE,FALSE
"Y_56","RPL24","D2_late_increasing",-0.399746630266726,0.16600458829923,5.12262056693666e-08,0.961682242990654,FALSE,FALSE
"Y_56","GNB2L1","D2_late_increasing",-0.396735132497105,0.252122183601281,7.39795828162874e-17,0.933644859813084,FALSE,TRUE
"Y_56","RPL12","D2_late_increasing",-0.396630612973843,0.184387638491379,1.37930461305544e-09,0.983177570093458,FALSE,FALSE
"Y_56","RPS23","D2_late_increasing",-0.394167175310418,0.168192747968063,3.41910250754332e-08,0.968224299065421,FALSE,FALSE
"Y_56","RPL38","D2_late_increasing",-0.389415427964161,0.182964324930862,1.84945524073877e-09,0.95607476635514,FALSE,FALSE
"Y_56","RPS9","D2_late_increasing",-0.384131935394482,0.150872604241884,7.6127449077377e-07,0.962616822429907,FALSE,FALSE
"Y_56","RPL37","D2_late_increasing",-0.382734990676317,0.143272508243332,2.68775628204955e-06,0.986915887850467,FALSE,FALSE
"Y_56","RPL3","D2_late_increasing",-0.377850624559563,0.181493989132938,2.49813095646932e-09,0.968224299065421,FALSE,FALSE
"Y_56","RPS6","D2_late_increasing",-0.376373222583033,0.208201350315211,7.12124352094907e-12,0.972897196261682,FALSE,TRUE
"Y_56","RPL18","D2_late_increasing",-0.373763673052604,0.15189875252879,6.39569550822288e-07,0.98411214953271,FALSE,FALSE
"Y_56","RPL9","D2_late_increasing",-0.372005175789905,0.201429730921601,3.417629513702e-11,0.939252336448598,FALSE,TRUE
"Y_56","RPS21","D2_late_increasing",-0.36911250742715,0.176245828376626,7.17167090104159e-09,0.962616822429907,FALSE,FALSE
"Y_56","EEF1A1","D2_late_increasing",-0.366457252523876,0.142346032060587,3.11757045206305e-06,0.999065420560748,FALSE,FALSE
"Y_56","RPL32","D2_late_increasing",-0.362899375581086,0.107983859308915,0.00041546433046713,0.983177570093458,FALSE,FALSE
"Y_56","RPS4X","D2_late_increasing",-0.3598741059288,0.159370665894343,1.72736697062776e-07,0.982242990654206,FALSE,FALSE
"Y_56","RPL23","D2_late_increasing",-0.357895251577176,0.136970563322687,7.26231614911453e-06,0.968224299065421,FALSE,FALSE
"Y_56","RPL14","D2_late_increasing",-0.357176961867674,0.171454810553232,1.83302809135127e-08,0.945794392523365,FALSE,FALSE
"Y_56","RPS3A","D2_late_increasing",-0.354321197832187,0.167659304263597,3.77303094686439e-08,0.931775700934579,FALSE,FALSE
"Y_56","RPL21","D2_late_increasing",-0.349446075464728,0.176023275175086,7.48986599957834e-09,0.921495327102804,FALSE,FALSE
"Y_56","RPL7","D2_late_increasing",-0.345744602216266,0.176772875637366,6.46078709300815e-09,0.864485981308411,FALSE,FALSE
"Y_56","RPL22","D2_late_increasing",-0.345441878689684,0.21246118049091,2.58788323789653e-12,0.775700934579439,FALSE,TRUE
"Y_56","RPS8","D2_late_increasing",-0.331840570437597,0.0782549796297286,0.0106357257016385,0.996261682242991,FALSE,FALSE
"Y_56","HSP90AB1","D2_late_increasing",-0.331644147764836,0.241442449235371,1.50147516197454e-15,0.755140186915888,FALSE,TRUE
"Y_56","VIM","D2_late_increasing",-0.329631093145605,0.140885454865704,3.92834941811781e-06,0.957943925233645,FALSE,FALSE
"Y_56","RPS16","D2_late_increasing",-0.328488280722027,0.114307284879177,0.000185943007966079,0.970093457943925,FALSE,FALSE
"Y_56","NACA","D2_late_increasing",-0.325384818279276,0.167199820678924,4.10843097733694e-08,0.921495327102804,FALSE,FALSE
"Y_56","RPS20","D2_late_increasing",-0.3217483451936,0.109853206477994,0.000329296335158243,0.973831775700935,FALSE,FALSE
"Y_56","GLTSCR2","D2_late_increasing",-0.312337216417211,0.231131758921114,2.3801161477464e-14,0.769158878504673,FALSE,TRUE
"Y_56","RPL36A","D2_late_increasing",-0.31182903931052,0.112070369540486,0.000248180174902514,0.928971962616822,FALSE,FALSE
"Y_56","RPS3","D2_late_increasing",-0.309395865335623,0.103311657616878,0.000732009340317773,0.978504672897196,FALSE,FALSE
"Y_56","JUNB","D2_late_increasing",-0.304021977543083,0.31430719784611,1.15714828155711e-25,0.788785046728972,FALSE,TRUE
"Y_56","RPL23A","D2_late_increasing",-0.30222536731368,0.0753358186722965,0.0139285570320121,0.961682242990654,FALSE,FALSE
"Y_56","RPS5","D2_late_increasing",-0.296657605817121,0.113099729489427,0.000217571240306645,0.945794392523365,FALSE,FALSE
"Y_56","BTF3","D2_late_increasing",-0.295835615822344,0.154704469656442,3.93930970625754e-07,0.814953271028037,FALSE,FALSE
"Y_56","RPS17","D2_late_increasing",-0.289845504663776,0.0830584743535534,0.00668469145881562,0.964485981308411,FALSE,FALSE
"Y_56","RPL17-C18orf32","D2_late_increasing",-0.28796419277549,0.103170522821088,0.000743819200779722,0.883177570093458,FALSE,FALSE
"Y_56","RPL10A","D2_late_increasing",-0.285962672650867,0.109607660877395,0.000339385793797009,0.938317757009346,FALSE,FALSE
"Y_56","HNRNPA1","D2_late_increasing",-0.283193441758193,0.174985348794269,9.18805014151005e-09,0.779439252336449,FALSE,FALSE
"Y_56","RPS25","D2_late_increasing",-0.274403321944163,0.0761683968602382,0.0129133996299551,0.919626168224299,FALSE,FALSE
"Y_56","LMO4","D2_late_increasing",-0.271597110997164,0.206995713451422,9.4490249865923e-12,0.571028037383178,FALSE,TRUE
"Y_56","PFDN5","D2_late_increasing",-0.266494741804319,0.0572977794810674,0.0617578328318212,0.885981308411215,FALSE,FALSE
"Y_56","CIRBP","D2_late_increasing",-0.263125626714602,0.212943864644971,2.30695810283231e-12,0.730841121495327,FALSE,TRUE
"Y_56","RPS15","D2_late_increasing",-0.262585129556937,0.014459993279039,0.637731786873019,0.963551401869159,FALSE,FALSE
"Y_56","RPL31","D2_late_increasing",-0.261618465686952,0.0403587418492879,0.188293458051985,0.958878504672897,FALSE,FALSE
"Y_56","RPS7","D2_late_increasing",-0.25948494104019,0.101977380299499,0.000855157202711472,0.927102803738318,FALSE,FALSE
"Y_56","ADIRF","D2_late_increasing",-0.257651924373326,0.172298934753892,1.55682302788909e-08,0.620560747663551,FALSE,FALSE
"Y_56","RPS10","D2_late_increasing",-0.256446406773986,0.0405155147747394,0.186742416101174,0.939252336448598,FALSE,FALSE
"Y_56","NUCKS1","D2_late_increasing",-0.252756319694565,0.166456663077256,4.7230806253314e-08,0.783177570093458,FALSE,FALSE
"Y_56","RPS15A","D2_late_increasing",-0.252383118703315,0.00360162329337329,0.906325293538901,0.945794392523365,FALSE,FALSE
"Y_56","FGFR1","D2_late_increasing",-0.251954293689233,0.29254929969304,2.51097039301663e-22,0.603738317757009,FALSE,TRUE
"Y_56","CD81","D2_late_increasing",-0.24362211414552,0.0515900707380357,0.0927382379800795,0.883177570093458,FALSE,FALSE
"Y_56","EIF1","D2_late_increasing",-0.241159255792612,0.153434856455764,4.91222067967021e-07,0.85607476635514,FALSE,FALSE
"Y_56","ZFP36L2","D2_late_increasing",-0.238722559920565,0.168036019256953,3.51920243574929e-08,0.766355140186916,FALSE,FALSE
"Y_56","RPS24","D2_late_increasing",-0.238059420447638,0.0322368641571214,0.293143926475701,0.961682242990654,FALSE,FALSE
"Y_56","RPL7A","D2_late_increasing",-0.235725421383404,0.0143270559881457,0.640266829020859,0.97196261682243,FALSE,FALSE
"Y_56","RPS18","D2_late_increasing",-0.227420906198673,-0.0499559744783293,0.103535634281561,0.993457943925234,TRUE,FALSE
"Y_56","HMGB1","D2_late_increasing",-0.227319939022366,0.159100075514429,1.81201624013381e-07,0.78785046728972,FALSE,FALSE
"Y_56","HIST1H4C","D2_late_increasing",-0.224415200937419,0.10856679627635,0.000386589944432497,0.457009345794393,FALSE,FALSE
"Y_56","RPL35","D2_late_increasing",-0.216602219336436,-0.0167720599556785,0.585244685183688,0.974766355140187,TRUE,FALSE
"Y_56","SNHG8","D2_late_increasing",-0.210228975138566,0.115238806179905,0.00016458447775499,0.447663551401869,FALSE,FALSE
"Y_56","RPS2","D2_late_increasing",-0.207665848931415,-0.036821120698317,0.23003654137319,0.980373831775701,TRUE,FALSE
"Y_56","TMEM258","D2_late_increasing",0.20011186306307,-0.385069351506308,1.52426143852331e-38,0.627102803738318,FALSE,TRUE
"Y_56","POLDIP2","D2_late_increasing",0.200250969148978,-0.250344450167915,1.23069674485482e-16,0.183177570093458,FALSE,TRUE
"Y_56","PLXNA3","D2_late_increasing",0.200307603161685,-0.200164637140662,4.53336910073538e-11,0.12803738317757,FALSE,TRUE
"Y_56","MRPS12","D2_late_increasing",0.200338962500665,-0.270366950753914,3.26317976699873e-19,0.211214953271028,FALSE,TRUE
"Y_56","RAB24","D2_late_increasing",0.200424108444054,-0.261466805748687,4.85041870695326e-18,0.142056074766355,FALSE,TRUE
"Y_56","MARVELD1","D2_late_increasing",0.200807381567333,-0.260723798669408,6.04488916677037e-18,0.400934579439252,FALSE,TRUE
"Y_56","CMKLR1","D2_late_increasing",0.201311377734015,-0.221673240820094,2.68965168755378e-13,0.103738317757009,FALSE,TRUE
"Y_56","PTPMT1","D2_late_increasing",0.201325189448217,-0.281567475042334,9.59465111538189e-21,0.248598130841122,FALSE,TRUE
"Y_56","RNF11","D2_late_increasing",0.201359237411212,-0.166199181898017,4.94331394710595e-08,0.129906542056075,FALSE,FALSE
"Y_56","C6orf1","D2_late_increasing",0.201615706705342,-0.225176234817602,1.11469863199132e-13,0.147663551401869,FALSE,TRUE
"Y_56","SSNA1","D2_late_increasing",0.201622039400418,-0.276907294876221,4.23889670782888e-20,0.257943925233645,FALSE,TRUE
"Y_56","PSMC4","D2_late_increasing",0.203865565536798,-0.260627606543511,6.21562749183747e-18,0.202803738317757,FALSE,TRUE
"Y_56","NPC2","D2_late_increasing",0.204385277071487,-0.328680576459902,4.97577321046105e-28,0.562616822429907,FALSE,TRUE
"Y_56","SAT2","D2_late_increasing",0.204413506130961,-0.261523634135666,4.77938232311052e-18,0.277570093457944,FALSE,TRUE
"Y_56","NDUFB11","D2_late_increasing",0.204432690452616,-0.31521636724638,8.2633294349216e-26,0.530841121495327,FALSE,TRUE
"Y_56","DCHS1","D2_late_increasing",0.204906749099453,-0.183410323172015,1.68757496238158e-09,0.21214953271028,FALSE,FALSE
"Y_56","HAS2","D2_late_increasing",0.204988501721473,-0.291591882161977,3.48634599891929e-22,0.195327102803738,FALSE,TRUE
"Y_56","NDUFA4","D2_late_increasing",0.20508351567455,-0.32921162118127,4.04603633727344e-28,0.531775700934579,FALSE,TRUE
"Y_56","ACTN1","D2_late_increasing",0.20527389470214,-0.132054446099532,1.53877145963498e-05,0.370093457943925,FALSE,FALSE
"Y_56","RAB1B","D2_late_increasing",0.20551363667198,-0.261750962356504,4.47733164104436e-18,0.286915887850467,FALSE,TRUE
"Y_56","HIGD2A","D2_late_increasing",0.206245416913196,-0.331669124616491,1.54152649707614e-28,0.414018691588785,FALSE,TRUE
"Y_56","TMEM160","D2_late_increasing",0.206324915733076,-0.293021728923529,2.14606877813456e-22,0.241121495327103,FALSE,TRUE
"Y_56","ILVBL","D2_late_increasing",0.206346779750793,-0.240236315859524,2.08534672322918e-15,0.157009345794393,FALSE,TRUE
"Y_56","TMEM9","D2_late_increasing",0.206402494960425,-0.280933715720982,1.16734220754835e-20,0.242990654205607,FALSE,TRUE
"Y_56","PMP22","D2_late_increasing",0.206426814857332,-0.276156159875186,5.35244322697526e-20,0.399065420560748,FALSE,TRUE
"Y_56","RIC8A","D2_late_increasing",0.206660823781212,-0.226507982935722,7.90965516515066e-14,0.166355140186916,FALSE,TRUE
"Y_56","COX7B","D2_late_increasing",0.207040095463837,-0.32017896853861,1.29950706657925e-26,0.407476635514019,FALSE,TRUE
"Y_56","YIPF3","D2_late_increasing",0.20724812611352,-0.288940925525949,8.43746153610559e-22,0.333644859813084,FALSE,TRUE
"Y_56","TEN1","D2_late_increasing",0.207624193195258,-0.253522513589619,4.97164942372619e-17,0.125233644859813,FALSE,TRUE
"Y_56","MRPS24","D2_late_increasing",0.207760667216005,-0.303879714088798,4.96293268320362e-24,0.347663551401869,FALSE,TRUE
"Y_56","FASTK","D2_late_increasing",0.207891636714919,-0.213744373934453,1.90283809468811e-12,0.176635514018692,FALSE,TRUE
"Y_56","FAM162A","D2_late_increasing",0.208212021515558,-0.315735318704739,6.8678325413119e-26,0.313084112149533,FALSE,TRUE
"Y_56","TSR3","D2_late_increasing",0.208241264366302,-0.261416279767269,4.9131173342828e-18,0.246728971962617,FALSE,TRUE
"Y_56","PRELP","D2_late_increasing",0.208364901726351,-0.305149406850698,3.17196618609745e-24,0.282242990654206,FALSE,TRUE
"Y_56","GORASP2","D2_late_increasing",0.208555691809055,-0.250678765645008,1.11984901967684e-16,0.2,FALSE,TRUE
"Y_56","ECH1","D2_late_increasing",0.208558011717979,-0.26239871727735,3.68567433405836e-18,0.296261682242991,FALSE,TRUE
"Y_56","GSTO1","D2_late_increasing",0.208721578616666,-0.30342654635708,5.82446011734777e-24,0.34392523364486,FALSE,TRUE
"Y_56","PRMT2","D2_late_increasing",0.208986466680602,-0.210299581780408,4.33736446329659e-12,0.281308411214953,FALSE,TRUE
"Y_56","SUB1","D2_late_increasing",0.209120577610556,-0.291543289641919,3.53966264149096e-22,0.381308411214953,FALSE,TRUE
"Y_56","HLA-A","D2_late_increasing",0.20936887580114,-0.372836985768473,4.4591759889237e-36,0.775700934579439,FALSE,TRUE
"Y_56","ANXA2","D2_late_increasing",0.209552832638253,-0.29349921860773,1.82766561007752e-22,0.831775700934579,FALSE,TRUE
"Y_56","CREB3","D2_late_increasing",0.209644826822057,-0.287893863817762,1.19299052564962e-21,0.174766355140187,FALSE,TRUE
"Y_56","PLP2","D2_late_increasing",0.210034823163748,-0.264379315785967,2.02590553247084e-18,0.422429906542056,FALSE,TRUE
"Y_56","ALDOA","D2_late_increasing",0.210190067201212,-0.333138384985333,8.69595430414863e-29,0.645794392523364,FALSE,TRUE
"Y_56","CCDC92","D2_late_increasing",0.210202422532563,-0.175749936850713,7.90123217330607e-09,0.155140186915888,FALSE,FALSE
"Y_56","IFITM1","D2_late_increasing",0.210385985151784,-0.297526395618079,4.57902992281445e-23,0.22803738317757,FALSE,TRUE
"Y_56","SCAND1","D2_late_increasing",0.210699322187233,-0.328640000651773,5.04653985271844e-28,0.397196261682243,FALSE,TRUE
"Y_56","RPS19BP1","D2_late_increasing",0.210937585938106,-0.297200377410733,5.12723747705873e-23,0.342990654205607,FALSE,TRUE
"Y_56","CD68","D2_late_increasing",0.211034905549239,-0.227473683895722,6.16774827245359e-14,0.116822429906542,FALSE,TRUE
"Y_56","NKIRAS2","D2_late_increasing",0.21119641204181,-0.252510212216262,6.63768767774759e-17,0.14392523364486,FALSE,TRUE
"Y_56","NRP2","D2_late_increasing",0.211255354516691,-0.126906740372297,3.27257131260558e-05,0.196261682242991,FALSE,FALSE
"Y_56","PLXNA2","D2_late_increasing",0.211378136938116,-0.0587777930736322,0.0553373327351857,0.119626168224299,FALSE,FALSE
"Y_56","C4orf3","D2_late_increasing",0.211574555372618,-0.338133355888883,1.22441273996285e-29,0.461682242990654,FALSE,TRUE
"Y_56","RBCK1","D2_late_increasing",0.211657690696962,-0.26815013628635,6.4392081286109e-19,0.235514018691589,FALSE,TRUE
"Y_56","PKM","D2_late_increasing",0.211965482468756,-0.290191273246147,5.54997170460569e-22,0.573831775700935,FALSE,TRUE
"Y_56","MAGOHB","D2_late_increasing",0.212300217610379,-0.268835462907626,5.21750468587987e-19,0.107476635514019,FALSE,TRUE
"Y_56","MAP2K2","D2_late_increasing",0.212383091731176,-0.267850999000832,7.04182098504974e-19,0.298130841121495,FALSE,TRUE
"Y_56","ORMDL3","D2_late_increasing",0.212414163895739,-0.281519888574935,9.73258880195814e-21,0.189719626168224,FALSE,TRUE
"Y_56","CDIPT","D2_late_increasing",0.212801261028019,-0.272559925089743,1.65147715162343e-19,0.278504672897196,FALSE,TRUE
"Y_56","AGPAT1","D2_late_increasing",0.212832509155758,-0.274174910128135,9.91690558434497e-20,0.188785046728972,FALSE,TRUE
"Y_56","CFL1","D2_late_increasing",0.213082321471487,-0.386041213102214,9.67641889398484e-39,0.719626168224299,FALSE,TRUE
"Y_56","PACS2","D2_late_increasing",0.213312247190651,-0.191888051080264,2.82342434909298e-10,0.18785046728972,FALSE,FALSE
"Y_56","GJA1","D2_late_increasing",0.213749778618311,-0.252197494019473,7.24589281870579e-17,0.380373831775701,FALSE,TRUE
"Y_56","KDELR1","D2_late_increasing",0.21385291199362,-0.288586977204769,9.45885820594185e-22,0.538317757009346,FALSE,TRUE
"Y_56","ZNF593","D2_late_increasing",0.213993557814706,-0.259320486021917,9.17293630554199e-18,0.179439252336449,FALSE,TRUE
"Y_56","CORO1C","D2_late_increasing",0.214138158604255,-0.142188114353616,3.19511314950625e-06,0.189719626168224,FALSE,FALSE
"Y_56","RTN4RL2","D2_late_increasing",0.214388557262409,-0.233244326234279,1.36822166465749e-14,0.114018691588785,FALSE,TRUE
"Y_56","PSME2","D2_late_increasing",0.214392170920339,-0.315240061723621,8.20456165300698e-26,0.331775700934579,FALSE,TRUE
"Y_56","AKR1B1","D2_late_increasing",0.214475831004509,-0.275306594497329,6.99978683615515e-20,0.165420560747664,FALSE,TRUE
"Y_56","CYSTM1","D2_late_increasing",0.214501516716064,-0.281371860273951,1.0190538010356e-20,0.249532710280374,FALSE,TRUE
"Y_56","SNX3","D2_late_increasing",0.214619188678021,-0.302098044896149,9.35599262425762e-24,0.378504672897196,FALSE,TRUE
"Y_56","BCL7C","D2_late_increasing",0.214681588419299,-0.287779726642607,1.23634294538986e-21,0.472897196261682,FALSE,TRUE
"Y_56","PODNL1","D2_late_increasing",0.214769180136798,-0.249540743494358,1.54476095481564e-16,0.127102803738318,FALSE,TRUE
"Y_56","GALNT15","D2_late_increasing",0.215145038938808,-0.137278069376795,6.93529181439358e-06,0.102803738317757,FALSE,FALSE
"Y_56","PPP1R14B","D2_late_increasing",0.215194349002575,-0.290576987964166,4.87862083054934e-22,0.550467289719626,FALSE,TRUE
"Y_56","HOXB7","D2_late_increasing",0.215216896670389,-0.274339019159272,9.43436972918507e-20,0.105607476635514,FALSE,TRUE
"Y_56","ADGRA2","D2_late_increasing",0.215763794004173,-0.227993428393143,5.39782629062654e-14,0.363551401869159,FALSE,TRUE
"Y_56","NUCB2","D2_late_increasing",0.216159860376597,-0.26157804365941,4.70696461196077e-18,0.285046728971963,FALSE,TRUE
"Y_56","ANXA5","D2_late_increasing",0.216163727293591,-0.323434485164248,3.77038626115025e-27,0.522429906542056,FALSE,TRUE
"Y_56","ATP5J2","D2_late_increasing",0.216175794349438,-0.357874260383136,3.33270502880418e-33,0.538317757009346,FALSE,TRUE
"Y_56","CAPNS1","D2_late_increasing",0.216180952555978,-0.348384586811978,1.84941217916375e-31,0.533644859813084,FALSE,TRUE
"Y_56","ATP5G3","D2_late_increasing",0.216357416139719,-0.310312831513413,4.94351035788934e-25,0.508411214953271,FALSE,TRUE
"Y_56","MBOAT7","D2_late_increasing",0.216478630779181,-0.232271573602302,1.76608669182997e-14,0.122429906542056,FALSE,TRUE
"Y_56","WDR45","D2_late_increasing",0.216581803911406,-0.267543615083295,7.71983821700372e-19,0.208411214953271,FALSE,TRUE
"Y_56","SLC35A4","D2_late_increasing",0.216817310200863,-0.231186150201677,2.34865400391145e-14,0.131775700934579,FALSE,TRUE
"Y_56","CSF1","D2_late_increasing",0.216864393888828,-0.230214147418683,3.03029118333249e-14,0.130841121495327,FALSE,TRUE
"Y_56","TES","D2_late_increasing",0.216897256998802,-0.149051980939645,1.03652565259076e-06,0.114953271028037,FALSE,FALSE
"Y_56","C11orf98","D2_late_increasing",0.217087230551499,-0.278085752299169,2.90749952679484e-20,0.232710280373832,FALSE,TRUE
"Y_56","MRPS11","D2_late_increasing",0.217107737555162,-0.269401466086842,4.38631425778731e-19,0.170093457943925,FALSE,TRUE
"Y_56","PDIA6","D2_late_increasing",0.217360052997828,-0.259407094005186,8.96772346112649e-18,0.342056074766355,FALSE,TRUE
"Y_56","NDUFS7","D2_late_increasing",0.217515402908475,-0.298630079060216,3.12726617481762e-23,0.301869158878505,FALSE,TRUE
"Y_56","CMBL","D2_late_increasing",0.217539182348906,-0.223010621258819,1.92706922619475e-13,0.113084112149533,FALSE,TRUE
"Y_56","POP7","D2_late_increasing",0.217689174124297,-0.268994457241857,4.9769651992617e-19,0.165420560747664,FALSE,TRUE
"Y_56","POLE4","D2_late_increasing",0.217693327358525,-0.279644842917731,1.76489298748584e-20,0.229906542056075,FALSE,TRUE
"Y_56","PREB","D2_late_increasing",0.217829746282008,-0.281640958816928,9.37812945375452e-21,0.168224299065421,FALSE,TRUE
"Y_56","MPC2","D2_late_increasing",0.218079863977095,-0.27580050369264,5.99494651504641e-20,0.208411214953271,FALSE,TRUE
"Y_56","MIEN1","D2_late_increasing",0.21828083094356,-0.274763601994401,8.26672390871932e-20,0.226168224299065,FALSE,TRUE
"Y_56","CA12","D2_late_increasing",0.21884726643939,-0.185925733018831,1.0017445388438e-09,0.195327102803738,FALSE,FALSE
"Y_56","PDGFD","D2_late_increasing",0.218915175882464,-0.103392104780358,0.00072564201726179,0.136448598130841,FALSE,FALSE
"Y_56","COX14","D2_late_increasing",0.218925884200234,-0.290997864156479,4.2555474029943e-22,0.299065420560748,FALSE,TRUE
"Y_56","MINOS1","D2_late_increasing",0.218966434818018,-0.315311819069844,7.99994988469606e-26,0.51588785046729,FALSE,TRUE
"Y_56","NTMT1","D2_late_increasing",0.219080164364024,-0.274267024979891,9.64154572154179e-20,0.188785046728972,FALSE,TRUE
"Y_56","MAPK6","D2_late_increasing",0.219221950662457,-0.124839287703664,4.39933951186993e-05,0.145794392523364,FALSE,FALSE
"Y_56","FAM20A","D2_late_increasing",0.219773457808823,-0.234235873571681,1.05461001848804e-14,0.164485981308411,FALSE,TRUE
"Y_56","GAPDH","D2_late_increasing",0.220387689717067,-0.421789458594278,1.20323219592502e-46,0.805607476635514,FALSE,TRUE
"Y_56","GADD45GIP1","D2_late_increasing",0.220562396627715,-0.342929098604074,1.74821629471821e-30,0.409345794392523,FALSE,TRUE
"Y_56","FIS1","D2_late_increasing",0.220827940360613,-0.360953259119704,8.81177534550673e-34,0.508411214953271,FALSE,TRUE
"Y_56","ASNA1","D2_late_increasing",0.220879773131822,-0.275016448926556,7.64261534861568e-20,0.200934579439252,FALSE,TRUE
"Y_56","MAPKAPK2","D2_late_increasing",0.221388943346146,-0.222016056049657,2.47106775134039e-13,0.230841121495327,FALSE,TRUE
"Y_56","PCNXL3","D2_late_increasing",0.221592627597917,-0.197575884767859,8.10336991348398e-11,0.109345794392523,FALSE,FALSE
"Y_56","KLF7","D2_late_increasing",0.221760534399489,-0.0693177825459091,0.0237190546526956,0.139252336448598,FALSE,FALSE
"Y_56","MEA1","D2_late_increasing",0.22187223786508,-0.31359092435424,1.4936522024956e-25,0.32803738317757,FALSE,TRUE
"Y_56","TMEM98","D2_late_increasing",0.222085830546301,-0.313588893994692,1.4936522024956e-25,0.282242990654206,FALSE,TRUE
"Y_56","DCTN1","D2_late_increasing",0.222093493335753,-0.253410223357267,5.13189061348898e-17,0.219626168224299,FALSE,TRUE
"Y_56","APOL1","D2_late_increasing",0.222601605913212,-0.307198432733322,1.52995790226039e-24,0.14018691588785,FALSE,TRUE
"Y_56","SMPD1","D2_late_increasing",0.222813822730144,-0.293985292508545,1.55141875133113e-22,0.157009345794393,FALSE,TRUE
"Y_56","MRPL55","D2_late_increasing",0.222929041926087,-0.296388547117574,6.78505163059662e-23,0.277570093457944,FALSE,TRUE
"Y_56","RPN1","D2_late_increasing",0.222951523683925,-0.275022880503988,7.6371586614993e-20,0.458878504672897,FALSE,TRUE
"Y_56","FRZB","D2_late_increasing",0.223010879660831,-0.274073404173857,1.02307365971799e-19,0.139252336448598,FALSE,TRUE
"Y_56","CLIP1","D2_late_increasing",0.223223506618704,-0.087607287190956,0.00422304075294107,0.183177570093458,FALSE,FALSE
"Y_56","TMEM263","D2_late_increasing",0.223238299453507,-0.147496594999455,1.34515014942249e-06,0.170093457943925,FALSE,FALSE
"Y_56","CYC1","D2_late_increasing",0.223425417265083,-0.26950205700942,4.26665575524661e-19,0.339252336448598,FALSE,TRUE
"Y_56","DGCR6L","D2_late_increasing",0.223458097747032,-0.28894070925588,8.43746153610559e-22,0.272897196261682,FALSE,TRUE
"Y_56","R3HDM4","D2_late_increasing",0.223679581600692,-0.210404381461938,4.23425885462539e-12,0.205607476635514,FALSE,TRUE
"Y_56","LSM7","D2_late_increasing",0.224460175351954,-0.347669297584589,2.47779025247603e-31,0.457009345794393,FALSE,TRUE
"Y_56","CARM1","D2_late_increasing",0.224839801715191,-0.227915122847634,5.50325060825207e-14,0.186915887850467,FALSE,TRUE
"Y_56","KCTD12","D2_late_increasing",0.225243098683518,-0.2557345241603,2.62548406183538e-17,0.169158878504673,FALSE,TRUE
"Y_56","SLC25A5","D2_late_increasing",0.225280524380378,-0.275316789338779,6.98636008839492e-20,0.350467289719626,FALSE,TRUE
"Y_56","CHMP1A","D2_late_increasing",0.225613276112879,-0.282913656777178,6.20723498989073e-21,0.152336448598131,FALSE,TRUE
"Y_56","ABHD17A","D2_late_increasing",0.225943994380038,-0.270588515377469,3.04701454145106e-19,0.238317757009346,FALSE,TRUE
"Y_56","COX7A1","D2_late_increasing",0.226130800930079,-0.394755229948926,1.42123044429801e-40,0.486915887850467,FALSE,TRUE
"Y_56","TIAM2","D2_late_increasing",0.226662711089367,-0.0427655597837388,0.163458218742647,0.150467289719626,FALSE,FALSE
"Y_56","AURKAIP1","D2_late_increasing",0.226754769065402,-0.335118718603107,4.03417608977721e-29,0.448598130841121,FALSE,TRUE
"Y_56","SLC31A1","D2_late_increasing",0.226820237625116,-0.19514225336309,1.39141447515842e-10,0.144859813084112,FALSE,FALSE
"Y_56","ARFGAP3","D2_late_increasing",0.226834793569548,-0.159575696343108,1.66617034909226e-07,0.210280373831776,FALSE,FALSE
"Y_56","NME3","D2_late_increasing",0.227122519833954,-0.302091231634491,9.36355931818485e-24,0.388785046728972,FALSE,TRUE
"Y_56","MRPL41","D2_late_increasing",0.227337101199214,-0.319664818724597,1.57997122136289e-26,0.480373831775701,FALSE,TRUE
"Y_56","UFC1","D2_late_increasing",0.227376524896871,-0.312917119554606,1.90366084450939e-25,0.346728971962617,FALSE,TRUE
"Y_56","NDUFA2","D2_late_increasing",0.227866656917088,-0.347732957651746,2.42320762568256e-31,0.396261682242991,FALSE,TRUE
"Y_56","FSCN1","D2_late_increasing",0.228171221297374,-0.225014784520257,1.16075324374052e-13,0.398130841121495,FALSE,TRUE
"Y_56","DLG1","D2_late_increasing",0.228230818290162,-0.0464509638264444,0.130053077018496,0.147663551401869,FALSE,FALSE
"Y_56","PCED1A","D2_late_increasing",0.228431600183022,-0.233166997974102,1.3952655361499e-14,0.136448598130841,FALSE,TRUE
"Y_56","BLOC1S1","D2_late_increasing",0.228458449900524,-0.343959166753648,1.1515564700815e-30,0.399065420560748,FALSE,TRUE
"Y_56","COL8A2","D2_late_increasing",0.228810466869063,-0.193124905506057,2.16149203669951e-10,0.108411214953271,FALSE,FALSE
"Y_56","LZTS1","D2_late_increasing",0.229094765547647,-0.243602436321994,8.2623108419766e-16,0.101869158878505,FALSE,TRUE
"Y_56","LSP1","D2_late_increasing",0.229196560938945,-0.341803352980654,2.77672641698952e-30,0.530841121495327,FALSE,TRUE
"Y_56","KIF1C","D2_late_increasing",0.229421009849557,-0.214414333807139,1.61919101795169e-12,0.193457943925234,FALSE,TRUE
"Y_56","CMTM3","D2_late_increasing",0.229436992309965,-0.280796440436298,1.2195695951827e-20,0.237383177570093,FALSE,TRUE
"Y_56","WDR46","D2_late_increasing",0.229523866726137,-0.265818283085628,1.30848459907576e-18,0.178504672897196,FALSE,TRUE
"Y_56","EFHD2","D2_late_increasing",0.229576206838956,-0.273291024003498,1.31013758007271e-19,0.116822429906542,FALSE,TRUE
"Y_56","MGP","D2_late_increasing",0.229679826693141,-0.392197858543158,5.00133919642861e-40,0.72803738317757,FALSE,TRUE
"Y_56","XPOT","D2_late_increasing",0.229800862762539,-0.191036608640171,3.39019492461434e-10,0.114953271028037,FALSE,FALSE
"Y_56","PKIG","D2_late_increasing",0.229827343590037,-0.269440895217954,4.34368937653394e-19,0.230841121495327,FALSE,TRUE
"Y_56","BCL3","D2_late_increasing",0.229886977212641,-0.290441911656188,5.10175776448077e-22,0.219626168224299,FALSE,TRUE
"Y_56","ARHGDIA","D2_late_increasing",0.230470847173073,-0.305839115879749,2.4900394432499e-24,0.439252336448598,FALSE,TRUE
"Y_56","ZNF428","D2_late_increasing",0.230614667625471,-0.333688200106193,7.03745194459595e-29,0.264485981308411,FALSE,TRUE
"Y_56","LOXL2","D2_late_increasing",0.23080033833984,-0.192108505292666,2.69651444186642e-10,0.24018691588785,FALSE,FALSE
"Y_56","UQCR10","D2_late_increasing",0.230837982674603,-0.328591199757474,5.13503587494274e-28,0.529906542056075,FALSE,TRUE
"Y_56","RAB7B","D2_late_increasing",0.231109835364797,-0.200984690248152,3.77989885192951e-11,0.117757009345794,FALSE,TRUE
"Y_56","RABAC1","D2_late_increasing",0.231173913708276,-0.397883482136031,3.066321514265e-41,0.64392523364486,FALSE,TRUE
"Y_56","DPM3","D2_late_increasing",0.231339956862504,-0.377078769178832,6.43314620774071e-37,0.402803738317757,FALSE,TRUE
"Y_56","CSTB","D2_late_increasing",0.231575135368723,-0.336936828978596,1.96464972553805e-29,0.550467289719626,FALSE,TRUE
"Y_56","TMUB1","D2_late_increasing",0.231860597770066,-0.256144234317957,2.33535565588972e-17,0.141121495327103,FALSE,TRUE
"Y_56","PSMB9","D2_late_increasing",0.231934145920319,-0.299661871434829,2.19443822279715e-23,0.211214953271028,FALSE,TRUE
"Y_56","AP1S1","D2_late_increasing",0.232021978359552,-0.24253288649661,1.11073809088122e-15,0.113084112149533,FALSE,TRUE
"Y_56","MYL6","D2_late_increasing",0.232109297484363,-0.477579210281223,4.58896277066817e-61,0.88411214953271,FALSE,TRUE
"Y_56","LIMK1","D2_late_increasing",0.232232957433456,-0.222625169263777,2.12128303343234e-13,0.119626168224299,FALSE,TRUE
"Y_56","GBP2","D2_late_increasing",0.232694439297611,-0.251367472432257,9.19268093659165e-17,0.11588785046729,FALSE,TRUE
"Y_56","AMPD2","D2_late_increasing",0.232973819088339,-0.169603408158112,2.61828375867721e-08,0.120560747663551,FALSE,FALSE
"Y_56","BEST1","D2_late_increasing",0.233083510130168,-0.244085461982095,7.22241744239509e-16,0.117757009345794,FALSE,TRUE
"Y_56","CUEDC2","D2_late_increasing",0.233137856297444,-0.277882765402668,3.10164322388603e-20,0.270093457943925,FALSE,TRUE
"Y_56","ILF2","D2_late_increasing",0.233541420579272,-0.283032230536398,5.97629056860968e-21,0.232710280373832,FALSE,TRUE
"Y_56","TUBA1B","D2_late_increasing",0.233622559742225,-0.356494814232178,6.03446118863687e-33,0.64018691588785,FALSE,TRUE
"Y_56","SAC3D1","D2_late_increasing",0.233629299967983,-0.232690369324064,1.58124181090437e-14,0.124299065420561,FALSE,TRUE
"Y_56","GDI2","D2_late_increasing",0.233748556799595,-0.258840102644754,1.05837230540393e-17,0.305607476635514,FALSE,TRUE
"Y_56","DCTD","D2_late_increasing",0.233959163479835,-0.247227922332619,2.99056523418732e-16,0.2,FALSE,TRUE
"Y_56","FAM127A","D2_late_increasing",0.234070090834721,-0.384983486670119,1.58342975804657e-38,0.47196261682243,FALSE,TRUE
"Y_56","RPN2","D2_late_increasing",0.234160892294188,-0.276818514059907,4.35649918368516e-20,0.368224299065421,FALSE,TRUE
"Y_56","ATP5E","D2_late_increasing",0.234441907369847,-0.421037468848413,1.78301932115779e-46,0.795327102803738,FALSE,TRUE
"Y_56","CDC42EP1","D2_late_increasing",0.234451167588357,-0.298786843237496,2.96809139320827e-23,0.272897196261682,FALSE,TRUE
"Y_56","PUF60","D2_late_increasing",0.234458498405486,-0.297080168202219,5.34003420874937e-23,0.257009345794392,FALSE,TRUE
"Y_56","INPPL1","D2_late_increasing",0.234473064790192,-0.191929226527953,2.80107590675192e-10,0.165420560747664,FALSE,FALSE
"Y_56","MYL6B","D2_late_increasing",0.234622480880182,-0.30442652639096,4.09370006013683e-24,0.3,FALSE,TRUE
"Y_56","PKN1","D2_late_increasing",0.23483060057466,-0.255354254091786,2.93450752108359e-17,0.186915887850467,FALSE,TRUE
"Y_56","LTBP2","D2_late_increasing",0.234873883530159,-0.228712617268065,4.48216269262046e-14,0.129906542056075,FALSE,TRUE
"Y_56","COL15A1","D2_late_increasing",0.234954965803492,-0.30966712671271,6.24007747566896e-25,0.3,FALSE,TRUE
"Y_56","NOP10","D2_late_increasing",0.23523224529385,-0.334848552045159,4.47338619893488e-29,0.373831775700935,FALSE,TRUE
"Y_56","RAB11FIP5","D2_late_increasing",0.235275641142073,-0.183475137912589,1.66665675354465e-09,0.160747663551402,FALSE,FALSE
"Y_56","OXLD1","D2_late_increasing",0.235422593048692,-0.251744660337574,8.24778814253349e-17,0.127102803738318,FALSE,TRUE
"Y_56","DNM3OS","D2_late_increasing",0.235810992475918,-0.180254826898862,3.21401692916075e-09,0.11588785046729,FALSE,FALSE
"Y_56","LRRC75A","D2_late_increasing",0.235818750101937,-0.224787668891083,1.22925913843608e-13,0.154205607476636,FALSE,TRUE
"Y_56","XXYLT1","D2_late_increasing",0.235889425589419,-0.207023897874437,9.396321692624e-12,0.149532710280374,FALSE,TRUE
"Y_56","GCN1","D2_late_increasing",0.236301678056848,-0.165130430576091,6.02907470651938e-08,0.144859813084112,FALSE,FALSE
"Y_56","FAAP100","D2_late_increasing",0.236346591336218,-0.253238562392933,5.38372234453312e-17,0.110280373831776,FALSE,TRUE
"Y_56","PTGDS","D2_late_increasing",0.236588024556407,-0.361969836496534,5.64200663243082e-34,0.416822429906542,FALSE,TRUE
"Y_56","CCL27","D2_late_increasing",0.2370371086866,-0.266096584036908,1.20515958752906e-18,0.339252336448598,FALSE,TRUE
"Y_56","CAPG","D2_late_increasing",0.237121761264469,-0.26586035910873,1.29322039391103e-18,0.233644859813084,FALSE,TRUE
"Y_56","MYC","D2_late_increasing",0.237125154930757,-0.257521962631784,1.56621874725048e-17,0.236448598130841,FALSE,TRUE
"Y_56","MDFI","D2_late_increasing",0.237182883412308,-0.306263266884444,2.14037479434222e-24,0.249532710280374,FALSE,TRUE
"Y_56","B4GALT7","D2_late_increasing",0.237300163968006,-0.281151497921914,1.09116987000906e-20,0.157009345794393,FALSE,TRUE
"Y_56","PSMD8","D2_late_increasing",0.23732006642457,-0.322548785588908,5.28724797303409e-27,0.392523364485981,FALSE,TRUE
"Y_56","IMP4","D2_late_increasing",0.237330829003426,-0.280189006602765,1.48692316612238e-20,0.171028037383178,FALSE,TRUE
"Y_56","APRT","D2_late_increasing",0.237559909662011,-0.368723386677687,2.82881224734339e-35,0.501869158878505,FALSE,TRUE
"Y_56","PTGES2","D2_late_increasing",0.237692485502681,-0.288809069103197,8.79745430092213e-22,0.164485981308411,FALSE,TRUE
"Y_56","SLC35E1","D2_late_increasing",0.237805789426979,-0.190938175332659,3.45976397635896e-10,0.180373831775701,FALSE,FALSE
"Y_56","ANO1","D2_late_increasing",0.238155464757267,-0.241244755867345,1.58258951691778e-15,0.111214953271028,FALSE,TRUE
"Y_56","SEC61B","D2_late_increasing",0.238218905225388,-0.362184290074043,5.13978756396012e-34,0.6,FALSE,TRUE
"Y_56","TTC3","D2_late_increasing",0.238349956545284,-0.166378989737671,4.78339148349015e-08,0.454205607476636,FALSE,FALSE
"Y_56","POLR2G","D2_late_increasing",0.23847663788499,-0.328505931202212,5.30114865342441e-28,0.321495327102804,FALSE,TRUE
"Y_56","TIMM13","D2_late_increasing",0.238899560972104,-0.336505168227202,2.32844618496312e-29,0.374766355140187,FALSE,TRUE
"Y_56","TMED2","D2_late_increasing",0.23897861315536,-0.309706963839204,6.16253703598946e-25,0.3,FALSE,TRUE
"Y_56","MMP14","D2_late_increasing",0.239071267461296,-0.222784048796402,2.03939659211329e-13,0.302803738317757,FALSE,TRUE
"Y_56","UBA1","D2_late_increasing",0.239371809079441,-0.229445344694769,3.70625775115598e-14,0.280373831775701,FALSE,TRUE
"Y_56","APLNR","D2_late_increasing",0.239763610608929,-0.285556127735348,2.60025288973562e-21,0.114018691588785,FALSE,TRUE
"Y_56","DGKZ","D2_late_increasing",0.239970459985394,-0.218304390312623,6.23075782020508e-13,0.104672897196262,FALSE,TRUE
"Y_56","ELN","D2_late_increasing",0.240067878391091,-0.240322058637534,2.03883247643425e-15,0.394392523364486,FALSE,TRUE
"Y_56","PRELID1","D2_late_increasing",0.240242503804266,-0.373467505812238,3.34570579240157e-36,0.365420560747664,FALSE,TRUE
"Y_56","SIRT2","D2_late_increasing",0.240373048918895,-0.23496309137521,8.6998737230854e-15,0.15607476635514,FALSE,TRUE
"Y_56","IL32","D2_late_increasing",0.240399682920637,-0.318161620485469,2.77569911782292e-26,0.195327102803738,FALSE,TRUE
"Y_56","CHRD","D2_late_increasing",0.240424132934099,-0.204362911168318,1.74431276119109e-11,0.161682242990654,FALSE,TRUE
"Y_56","BAX","D2_late_increasing",0.240517565479621,-0.241405974115667,1.51503219366512e-15,0.142990654205607,FALSE,TRUE
"Y_56","PLEKHO1","D2_late_increasing",0.240622552676476,-0.214124505555661,1.73616785088935e-12,0.157009345794393,FALSE,TRUE
"Y_56","TSPAN4","D2_late_increasing",0.240994346865986,-0.350705020197642,7.00148600141969e-32,0.373831775700935,FALSE,TRUE
"Y_56","TCEB2","D2_late_increasing",0.240996002519578,-0.45002897854739,1.34126106618453e-53,0.757943925233645,FALSE,TRUE
"Y_56","ATP8B2","D2_late_increasing",0.241221096368465,-0.179221840001064,3.95862058559749e-09,0.194392523364486,FALSE,FALSE
"Y_56","ATP6V0E1","D2_late_increasing",0.241288250357592,-0.355994123446176,7.43769351802674e-33,0.54392523364486,FALSE,TRUE
"Y_56","SPOP","D2_late_increasing",0.241319276337098,-0.234656061199,9.4292271986558e-15,0.28785046728972,FALSE,TRUE
"Y_56","DUSP23","D2_late_increasing",0.241549515257017,-0.298498255474176,3.27118099700612e-23,0.198130841121495,FALSE,TRUE
"Y_56","CCND2","D2_late_increasing",0.241574425519317,-0.222300820954785,2.30117799949329e-13,0.166355140186916,FALSE,TRUE
"Y_56","SLC3A2","D2_late_increasing",0.241722622984097,-0.271523375637785,2.28560644454981e-19,0.251401869158879,FALSE,TRUE
"Y_56","TMEM205","D2_late_increasing",0.241910491683725,-0.315714390409399,6.90980853154147e-26,0.299065420560748,FALSE,TRUE
"Y_56","COMMD7","D2_late_increasing",0.242525403364514,-0.23358043467682,1.25184685594229e-14,0.12803738317757,FALSE,TRUE
"Y_56","UBTD1","D2_late_increasing",0.242670984747394,-0.221175863254421,3.04381301197028e-13,0.163551401869159,FALSE,TRUE
"Y_56","SPNS1","D2_late_increasing",0.242828763599221,-0.237447688586354,4.45403903375414e-15,0.191588785046729,FALSE,TRUE
"Y_56","MRGPRF","D2_late_increasing",0.243019144943721,-0.271304700387743,2.44292716492871e-19,0.176635514018692,FALSE,TRUE
"Y_56","PIGP","D2_late_increasing",0.243115042162583,-0.259403921710989,8.96772346112649e-18,0.135514018691589,FALSE,TRUE
"Y_56","DDT","D2_late_increasing",0.243197736205874,-0.354918217511406,1.17225348104221e-32,0.404672897196262,FALSE,TRUE
"Y_56","CPNE1","D2_late_increasing",0.243244335885133,-0.2929926750346,2.16440528844096e-22,0.300934579439252,FALSE,TRUE
"Y_56","TSPAN9","D2_late_increasing",0.243601742920176,-0.177372816868974,5.73393853650462e-09,0.257943925233645,FALSE,FALSE
"Y_56","NDUFA13","D2_late_increasing",0.243602331198436,-0.398688231836501,2.07197702644739e-41,0.668224299065421,FALSE,TRUE
"Y_56","PTPN14","D2_late_increasing",0.243956942463084,-0.138885199016613,5.39379470896757e-06,0.314018691588785,FALSE,FALSE
"Y_56","MXD4","D2_late_increasing",0.244117616001717,-0.294372718864121,1.36245349096516e-22,0.435514018691589,FALSE,TRUE
"Y_56","PPP2R1A","D2_late_increasing",0.24419710881761,-0.264892856204072,1.73647468477463e-18,0.421495327102804,FALSE,TRUE
"Y_56","ACAN","D2_late_increasing",0.244388108208419,-0.213147043211151,2.19821406040072e-12,0.164485981308411,FALSE,TRUE
"Y_56","STARD10","D2_late_increasing",0.244471730775233,-0.276621828197092,4.63638438787007e-20,0.173831775700935,FALSE,TRUE
"Y_56","TCEAL8","D2_late_increasing",0.244768852480029,-0.318284664605669,2.65337605907496e-26,0.324299065420561,FALSE,TRUE
"Y_56","NUDT22","D2_late_increasing",0.244848041373308,-0.28995739530063,6.00260555096956e-22,0.139252336448598,FALSE,TRUE
"Y_56","TACSTD2","D2_late_increasing",0.24493292958596,-0.245776780911707,4.49125756536531e-16,0.233644859813084,FALSE,TRUE
"Y_56","CD248","D2_late_increasing",0.245175078912601,-0.377034905961552,6.5245299848469e-37,0.586915887850467,FALSE,TRUE
"Y_56","GOLGA2","D2_late_increasing",0.245291356451091,-0.146290841237061,1.64139736239792e-06,0.419626168224299,FALSE,FALSE
"Y_56","HSD3B7","D2_late_increasing",0.245336841067795,-0.261506475163973,4.79834884065337e-18,0.101869158878505,FALSE,TRUE
"Y_56","TAX1BP3","D2_late_increasing",0.245789784008161,-0.334613835354021,4.89953465868535e-29,0.409345794392523,FALSE,TRUE
"Y_56","GLRX","D2_late_increasing",0.245848760847361,-0.28018124004322,1.48861875780817e-20,0.15981308411215,FALSE,TRUE
"Y_56","FAM96B","D2_late_increasing",0.24597243418317,-0.325731549184415,1.56124936594865e-27,0.331775700934579,FALSE,TRUE
"Y_56","CYP1B1","D2_late_increasing",0.246073725880154,-0.302079468404115,9.38779005987104e-24,0.192523364485981,FALSE,TRUE
"Y_56","LTBR","D2_late_increasing",0.246149352755339,-0.294222443532161,1.43324718698363e-22,0.289719626168224,FALSE,TRUE
"Y_56","SERPINB6","D2_late_increasing",0.246168355927763,-0.237926819673813,3.91211899340047e-15,0.238317757009346,FALSE,TRUE
"Y_56","MFSD12","D2_late_increasing",0.246346216770514,-0.233702225660558,1.21298959351362e-14,0.123364485981308,FALSE,TRUE
"Y_56","FKBP1A","D2_late_increasing",0.246394108499041,-0.3448843861157,7.84254765816984e-31,0.396261682242991,FALSE,TRUE
"Y_56","NCLN","D2_late_increasing",0.246422231214168,-0.266738334596668,9.90320430729553e-19,0.15607476635514,FALSE,TRUE
"Y_56","NTM","D2_late_increasing",0.246748343492907,-0.179433337963069,3.79589372147832e-09,0.142990654205607,FALSE,FALSE
"Y_56","FAM173A","D2_late_increasing",0.246815017720102,-0.300349459242725,1.72984952907372e-23,0.200934579439252,FALSE,TRUE
"Y_56","TMEM141","D2_late_increasing",0.246961977283329,-0.319399074591899,1.73961355392543e-26,0.247663551401869,FALSE,TRUE
"Y_56","RNF181","D2_late_increasing",0.247196455803687,-0.350408682201015,7.93255444322094e-32,0.4,FALSE,TRUE
"Y_56","FBLN2","D2_late_increasing",0.247223821913597,-0.281008597550621,1.14214217745059e-20,0.624299065420561,FALSE,TRUE
"Y_56","CTD-3214H19.16","D2_late_increasing",0.247530582845939,-0.368237514217653,3.51294648724574e-35,0.468224299065421,FALSE,TRUE
"Y_56","ARHGAP22","D2_late_increasing",0.247694892490331,-0.162393091412376,9.98758774432011e-08,0.101869158878505,FALSE,FALSE
"Y_56","MRPL3","D2_late_increasing",0.247812099046801,-0.253357663749119,5.20533427520392e-17,0.155140186915888,FALSE,TRUE
"Y_56","YIPF5","D2_late_increasing",0.248313652757959,-0.296250482973282,7.11006236993194e-23,0.27196261682243,FALSE,TRUE
"Y_56","APOBEC3C","D2_late_increasing",0.248819878178102,-0.347868540088558,2.29291097599378e-31,0.227102803738318,FALSE,TRUE
"Y_56","PSMB3","D2_late_increasing",0.248926460689885,-0.350178947403491,8.71166885461897e-32,0.480373831775701,FALSE,TRUE
"Y_56","C1orf54","D2_late_increasing",0.248932048153594,-0.32353040582689,3.6392494224189e-27,0.148598130841122,FALSE,TRUE
"Y_56","FAM57A","D2_late_increasing",0.248939625924771,-0.251291384821548,9.38700857557373e-17,0.142990654205607,FALSE,TRUE
"Y_56","NUDT2","D2_late_increasing",0.249243298597579,-0.288804264943453,8.79875787075729e-22,0.160747663551402,FALSE,TRUE
"Y_56","AP2M1","D2_late_increasing",0.249288125641827,-0.359738042008061,1.48049309226375e-33,0.463551401869159,FALSE,TRUE
"Y_56","MYO18A","D2_late_increasing",0.249318161808641,-0.130974837263516,1.80732779352752e-05,0.167289719626168,FALSE,FALSE
"Y_56","TOMM5","D2_late_increasing",0.249401482698282,-0.3521033899349,3.90969009135331e-32,0.339252336448598,FALSE,TRUE
"Y_56","C1orf216","D2_late_increasing",0.249445653109719,-0.22185936920598,2.56848410369005e-13,0.129906542056075,FALSE,TRUE
"Y_56","ELOVL1","D2_late_increasing",0.249461824789226,-0.270305284366937,3.32283891620352e-19,0.183177570093458,FALSE,TRUE
"Y_56","MMP24-AS1","D2_late_increasing",0.249844111099783,-0.303891430004052,4.95013998311076e-24,0.358878504672897,FALSE,TRUE
"Y_56","CCDC85B","D2_late_increasing",0.249987160882403,-0.38183893953512,6.9729112782328e-38,0.42803738317757,FALSE,TRUE
"Y_56","COX5A","D2_late_increasing",0.250493189476936,-0.331522000157139,1.63189777237789e-28,0.367289719626168,FALSE,TRUE
"Y_56","GTF2H5","D2_late_increasing",0.250584450408097,-0.313425028335876,1.5826101104096e-25,0.266355140186916,FALSE,TRUE
"Y_56","RALA","D2_late_increasing",0.250720338261779,-0.186440279246746,9.00452428653649e-10,0.246728971962617,FALSE,FALSE
"Y_56","CTSD","D2_late_increasing",0.250788130628242,-0.391778171429014,6.09010372222418e-40,0.451401869158878,FALSE,TRUE
"Y_56","FAM210B","D2_late_increasing",0.251001773329534,-0.299220765517007,2.55364075212695e-23,0.177570093457944,FALSE,TRUE
"Y_56","YKT6","D2_late_increasing",0.251008133200131,-0.254863409079242,3.37581118334999e-17,0.247663551401869,FALSE,TRUE
"Y_56","RP11-492E3.51","D2_late_increasing",0.251024229797699,-0.228409094559731,4.84750264704272e-14,0.219626168224299,FALSE,TRUE
"Y_56","SEPW1","D2_late_increasing",0.251230742762061,-0.36002095084132,1.31274507758106e-33,0.645794392523364,FALSE,TRUE
"Y_56","PTPRD","D2_late_increasing",0.251261721012127,-0.10389668466881,0.000683525480483266,0.114953271028037,FALSE,FALSE
"Y_56","USP11","D2_late_increasing",0.251429533853272,-0.256628325369342,2.03372301908432e-17,0.241121495327103,FALSE,TRUE
"Y_56","IFNGR2","D2_late_increasing",0.251587396144287,-0.256168545458628,2.32267512772145e-17,0.265420560747664,FALSE,TRUE
"Y_56","SLC52A2","D2_late_increasing",0.251667297029188,-0.270897148638859,2.771485512863e-19,0.152336448598131,FALSE,TRUE
"Y_56","CFH","D2_late_increasing",0.251954220582671,-0.306259615312982,2.14037479434222e-24,0.438317757009346,FALSE,TRUE
"Y_56","PRKAR2A","D2_late_increasing",0.251992211726701,-0.163243103337996,8.5552425549884e-08,0.24392523364486,FALSE,FALSE
"Y_56","SNRPC","D2_late_increasing",0.252417128793679,-0.331771103072399,1.48571956388301e-28,0.296261682242991,FALSE,TRUE
"Y_56","CHID1","D2_late_increasing",0.252483869759389,-0.358415265829132,2.63866914331062e-33,0.306542056074766,FALSE,TRUE
"Y_56","MSC","D2_late_increasing",0.252902375423318,-0.283823059403711,4.61418184946343e-21,0.11588785046729,FALSE,TRUE
"Y_56","DNLZ","D2_late_increasing",0.252917490446208,-0.341419949038794,3.23472792905633e-30,0.300934579439252,FALSE,TRUE
"Y_56","REXO2","D2_late_increasing",0.252962142820877,-0.333208672498549,8.47028502313787e-29,0.251401869158879,FALSE,TRUE
"Y_56","IFI35","D2_late_increasing",0.252992844332352,-0.322399764546506,5.58038705274388e-27,0.177570093457944,FALSE,TRUE
"Y_56","RAB31","D2_late_increasing",0.25300172778616,-0.281802431460239,8.90384918677441e-21,0.491588785046729,FALSE,TRUE
"Y_56","PRDX5","D2_late_increasing",0.25341548555998,-0.422779323773973,7.15304423241747e-47,0.585046728971963,FALSE,TRUE
"Y_56","UFD1L","D2_late_increasing",0.253507140863569,-0.338646761361711,9.9584310939809e-30,0.229906542056075,FALSE,TRUE
"Y_56","ICAM3","D2_late_increasing",0.253631815718068,-0.249554840670856,1.54029476790936e-16,0.106542056074766,FALSE,TRUE
"Y_56","SNHG18","D2_late_increasing",0.253897035254786,-0.298048982850562,3.82115373419916e-23,0.205607476635514,FALSE,TRUE
"Y_56","PSENEN","D2_late_increasing",0.253984948373815,-0.336497767127811,2.33049027887525e-29,0.275700934579439,FALSE,TRUE
"Y_56","SEC31A","D2_late_increasing",0.254017022056993,-0.188786484636513,5.48263089684554e-10,0.448598130841121,FALSE,FALSE
"Y_56","EPN1","D2_late_increasing",0.25406012760801,-0.283293898800405,5.48663665505888e-21,0.269158878504673,FALSE,TRUE
"Y_56","SH3BGRL3","D2_late_increasing",0.254226816191377,-0.422224963817628,9.56311230421168e-47,0.64392523364486,FALSE,TRUE
"Y_56","SAE1","D2_late_increasing",0.254257928237854,-0.256209653881425,2.29731940125577e-17,0.192523364485981,FALSE,TRUE
"Y_56","HSPA12B","D2_late_increasing",0.254518563249919,-0.270657840349696,2.98502722343616e-19,0.141121495327103,FALSE,TRUE
"Y_56","NAA38","D2_late_increasing",0.254607190178158,-0.359940804049896,1.35665145342609e-33,0.477570093457944,FALSE,TRUE
"Y_56","CLEC2A","D2_late_increasing",0.254931988918858,-0.200242508039853,4.45836022033495e-11,0.116822429906542,FALSE,TRUE
"Y_56","SEC23A","D2_late_increasing",0.254972250717624,-0.146900940246605,1.48441836531023e-06,0.173831775700935,FALSE,FALSE
"Y_56","TENM4","D2_late_increasing",0.255161697169637,-0.202410059501208,2.7345874298362e-11,0.217757009345794,FALSE,TRUE
"Y_56","CILP","D2_late_increasing",0.255411479541888,-0.305156430841506,3.16917137276412e-24,0.150467289719626,FALSE,TRUE
"Y_56","CCL2","D2_late_increasing",0.255507031586808,-0.296429632770676,6.69858079239681e-23,0.173831775700935,FALSE,TRUE
"Y_56","LAMTOR1","D2_late_increasing",0.255557653383734,-0.335083207243792,4.07554179367068e-29,0.442056074766355,FALSE,TRUE
"Y_56","TP53TG1","D2_late_increasing",0.255569027073512,-0.345018630134014,7.44629831450753e-31,0.201869158878505,FALSE,TRUE
"Y_56","SEPN1","D2_late_increasing",0.255605611305209,-0.304867103405578,3.50780139966545e-24,0.270093457943925,FALSE,TRUE
"Y_56","BRE","D2_late_increasing",0.255622211223627,-0.104472199197215,0.000638763918315328,0.292523364485981,FALSE,FALSE
"Y_56","SIGMAR1","D2_late_increasing",0.255913318359971,-0.33828374475488,1.15359867303208e-29,0.218691588785047,FALSE,TRUE
"Y_56","DEF8","D2_late_increasing",0.256021431452489,-0.268666597238597,5.4935601537908e-19,0.142056074766355,FALSE,TRUE
"Y_56","CXCL12","D2_late_increasing",0.256051356516365,-0.340331546794291,5.03509686367727e-30,0.327102803738318,FALSE,TRUE
"Y_56","CCDC8","D2_late_increasing",0.25695030367122,-0.271456650897451,2.33131452975462e-19,0.238317757009346,FALSE,TRUE
"Y_56","MRPL27","D2_late_increasing",0.257058760161831,-0.335524489622782,3.43536498530102e-29,0.282242990654206,FALSE,TRUE
"Y_56","GSTK1","D2_late_increasing",0.257210697423445,-0.316576084307871,5.00598843335567e-26,0.305607476635514,FALSE,TRUE
"Y_56","NFE2L1","D2_late_increasing",0.257291474661055,-0.231783799020444,2.00860663063444e-14,0.288785046728972,FALSE,TRUE
"Y_56","PDIA4","D2_late_increasing",0.257308559398127,-0.333894320931046,6.51536388469896e-29,0.344859813084112,FALSE,TRUE
"Y_56","CAP1","D2_late_increasing",0.257508644285848,-0.323144371099646,4.2123461845639e-27,0.346728971962617,FALSE,TRUE
"Y_56","ABHD14A","D2_late_increasing",0.257566746400963,-0.333021302971045,9.09757212842824e-29,0.173831775700935,FALSE,TRUE
"Y_56","PLGRKT","D2_late_increasing",0.257616869648669,-0.282003674649665,8.35486533906297e-21,0.131775700934579,FALSE,TRUE
"Y_56","SERP1","D2_late_increasing",0.257645042828255,-0.343243138525873,1.54012110181586e-30,0.424299065420561,FALSE,TRUE
"Y_56","FAAP20","D2_late_increasing",0.257675231058388,-0.303487352542015,5.7076360276924e-24,0.357009345794393,FALSE,TRUE
"Y_56","PPP4C","D2_late_increasing",0.257697314406668,-0.313259034744306,1.67815755194909e-25,0.25607476635514,FALSE,TRUE
"Y_56","NRN1","D2_late_increasing",0.257750335541402,-0.316996832754474,4.27556854507644e-26,0.172897196261682,FALSE,TRUE
"Y_56","ITGB5","D2_late_increasing",0.257776275192053,-0.23419596921668,1.06478772738077e-14,0.565420560747664,FALSE,TRUE
"Y_56","PDZD11","D2_late_increasing",0.258177557019027,-0.278132798970915,2.86730005231951e-20,0.12803738317757,FALSE,TRUE
"Y_56","CLTB","D2_late_increasing",0.258191861506922,-0.314139139632762,1.22814188086104e-25,0.477570093457944,FALSE,TRUE
"Y_56","TADA3","D2_late_increasing",0.258441450676897,-0.277439489218739,3.57210981585173e-20,0.220560747663551,FALSE,TRUE
"Y_56","MZT2A","D2_late_increasing",0.259148271484087,-0.375138301662839,1.55657562651651e-36,0.365420560747664,FALSE,TRUE
"Y_56","PTGIS","D2_late_increasing",0.259152685017682,-0.26523123235567,1.56651864037542e-18,0.227102803738318,FALSE,TRUE
"Y_56","FGGY","D2_late_increasing",0.259247352157104,-0.156573006752891,2.83887125715743e-07,0.106542056074766,FALSE,FALSE
"Y_56","HSPB6","D2_late_increasing",0.259254824204594,-0.386490705266121,7.82988078095792e-39,0.24392523364486,FALSE,TRUE
"Y_56","C19orf70","D2_late_increasing",0.25941898690213,-0.425857820650568,1.35890645512113e-47,0.450467289719626,FALSE,TRUE
"Y_56","PPP1CA","D2_late_increasing",0.259467485939582,-0.330340302343707,2.60199708052598e-28,0.308411214953271,FALSE,TRUE
"Y_56","TMEM54","D2_late_increasing",0.259483853200921,-0.264204281342742,2.13240386329734e-18,0.197196261682243,FALSE,TRUE
"Y_56","SSR2","D2_late_increasing",0.259781443683086,-0.39151015850392,6.93018486771692e-40,0.58785046728972,FALSE,TRUE
"Y_56","SPHK1","D2_late_increasing",0.259829003931472,-0.274862570431386,8.01901040215607e-20,0.118691588785047,FALSE,TRUE
"Y_56","LY6E","D2_late_increasing",0.259950161836961,-0.433414090903866,2.03337742356092e-49,0.570093457943925,FALSE,TRUE
"Y_56","TMEM120B","D2_late_increasing",0.260042497059365,-0.103011881040551,0.000757389773771394,0.119626168224299,FALSE,FALSE
"Y_56","PRSS23","D2_late_increasing",0.260049747170382,-0.320227671771893,1.27780191403106e-26,0.454205607476636,FALSE,TRUE
"Y_56","DCN","D2_late_increasing",0.260135633506394,-0.433085521256123,2.43955719864347e-49,0.814953271028037,FALSE,TRUE
"Y_56","C17orf89","D2_late_increasing",0.260159634303655,-0.385999379778313,9.83954219063543e-39,0.424299065420561,FALSE,TRUE
"Y_56","GSDMD","D2_late_increasing",0.26018550880406,-0.294178121225649,1.45322046027507e-22,0.21214953271028,FALSE,TRUE
"Y_56","NFATC2","D2_late_increasing",0.260323718467168,-0.137004772646545,7.23050634121053e-06,0.117757009345794,FALSE,FALSE
"Y_56","PRKCSH","D2_late_increasing",0.260378051362942,-0.335737693714953,3.1566070583774e-29,0.385046728971963,FALSE,TRUE
"Y_56","CENPP","D2_late_increasing",0.260479584112755,-0.188482770415392,5.84479386290376e-10,0.24018691588785,FALSE,FALSE
"Y_56","FBXW5","D2_late_increasing",0.260647927006547,-0.29087065574109,4.43849789178036e-22,0.214953271028037,FALSE,TRUE
"Y_56","DDRGK1","D2_late_increasing",0.260775636639268,-0.274668160295744,8.5123566166207e-20,0.225233644859813,FALSE,TRUE
"Y_56","CTC-479C5.12","D2_late_increasing",0.260913806528283,-0.331726594868998,1.50943720688704e-28,0.25607476635514,FALSE,TRUE
"Y_56","ANAPC11","D2_late_increasing",0.260929078826987,-0.403404059949588,1.93551414046158e-42,0.491588785046729,FALSE,TRUE
"Y_56","MAN1B1","D2_late_increasing",0.260970474486619,-0.254227586584057,4.05153798211464e-17,0.283177570093458,FALSE,TRUE
"Y_56","NDUFA6","D2_late_increasing",0.261140936801354,-0.369764447472951,1.78025630107337e-35,0.42803738317757,FALSE,TRUE
"Y_56","GPX1","D2_late_increasing",0.261357853971444,-0.430633978579489,9.51901097124211e-49,0.565420560747664,FALSE,TRUE
"Y_56","MICAL2","D2_late_increasing",0.261379329677625,-0.151721788306185,6.58716570338458e-07,0.121495327102804,FALSE,FALSE
"Y_56","TAPBP","D2_late_increasing",0.261455026625106,-0.307955376799592,1.16565547562258e-24,0.303738317757009,FALSE,TRUE
"Y_56","TMED9","D2_late_increasing",0.261462963422974,-0.369561570245617,1.94847431498762e-35,0.471028037383178,FALSE,TRUE
"Y_56","MRPL36","D2_late_increasing",0.261657173511284,-0.340183238016435,5.34188450767464e-30,0.250467289719626,FALSE,TRUE
"Y_56","FUCA2","D2_late_increasing",0.261701940973707,-0.312882538184497,1.9250600716773e-25,0.214953271028037,FALSE,TRUE
"Y_56","TP53I13","D2_late_increasing",0.261897679107626,-0.31276511304755,2.00439096237827e-25,0.306542056074766,FALSE,TRUE
"Y_56","IFI16","D2_late_increasing",0.261950568977659,-0.360263113264276,1.1819448266356e-33,0.354205607476635,FALSE,TRUE
"Y_56","SEC61G","D2_late_increasing",0.262105358885763,-0.374931605869299,1.70397150791299e-36,0.549532710280374,FALSE,TRUE
"Y_56","ARPC2","D2_late_increasing",0.262120130836118,-0.345479529801384,6.16047018910574e-31,0.571028037383178,FALSE,TRUE
"Y_56","NCS1","D2_late_increasing",0.262131929258662,-0.246071426778593,4.13611331292782e-16,0.165420560747664,FALSE,TRUE
"Y_56","GMPPB","D2_late_increasing",0.262198699644975,-0.268187901758559,6.37196808081097e-19,0.107476635514019,FALSE,TRUE
"Y_56","TMEM45A","D2_late_increasing",0.262328466723966,-0.27451810677844,8.92005084363344e-20,0.361682242990654,FALSE,TRUE
"Y_56","FAM109B","D2_late_increasing",0.262524287809012,-0.283474962421446,5.17354571070545e-21,0.11588785046729,FALSE,TRUE
"Y_56","G6PC3","D2_late_increasing",0.262882788310698,-0.313959741119069,1.31133218883229e-25,0.193457943925234,FALSE,TRUE
"Y_56","ARF5","D2_late_increasing",0.262969472953643,-0.350985102899312,6.22227045517688e-32,0.477570093457944,FALSE,TRUE
"Y_56","MGAT1","D2_late_increasing",0.263354530044291,-0.35186712519974,4.30793366173189e-32,0.378504672897196,FALSE,TRUE
"Y_56","ATP5G1","D2_late_increasing",0.263857190298792,-0.395595522485683,9.42913352284349e-41,0.404672897196262,FALSE,TRUE
"Y_56","PPP1R9B","D2_late_increasing",0.264099029037532,-0.271261906848373,2.47295207781651e-19,0.195327102803738,FALSE,TRUE
"Y_56","SH3GLB1","D2_late_increasing",0.264131403605603,-0.250598446225205,1.14484997854397e-16,0.25981308411215,FALSE,TRUE
"Y_56","SHISA4","D2_late_increasing",0.264195243244198,-0.327786168471361,7.02069254338343e-28,0.155140186915888,FALSE,TRUE
"Y_56","PALM","D2_late_increasing",0.264280215383339,-0.221491337032527,2.81340950079673e-13,0.17196261682243,FALSE,TRUE
"Y_56","COLGALT1","D2_late_increasing",0.264380034950074,-0.255190169276567,3.07284981139787e-17,0.317757009345794,FALSE,TRUE
"Y_56","IGF2","D2_late_increasing",0.264407564610493,-0.34948545834776,1.16977418285322e-31,0.518691588785047,FALSE,TRUE
"Y_56","CLDN4","D2_late_increasing",0.264716807140616,-0.275025465571329,7.6371586614993e-20,0.229906542056075,FALSE,TRUE
"Y_56","EIF5A","D2_late_increasing",0.264823629844219,-0.390784938391063,9.85232715275513e-40,0.435514018691589,FALSE,TRUE
"Y_56","TGFB1I1","D2_late_increasing",0.265234840336945,-0.350985532576856,6.22227045517688e-32,0.27196261682243,FALSE,TRUE
"Y_56","ORAI2","D2_late_increasing",0.265239184729673,-0.240629302968708,1.87484655385529e-15,0.211214953271028,FALSE,TRUE
"Y_56","WIPI1","D2_late_increasing",0.265352933079077,-0.193427089591956,2.02492259427195e-10,0.164485981308411,FALSE,FALSE
"Y_56","CLEC2B","D2_late_increasing",0.265541436694884,-0.360487942134741,1.07233054105005e-33,0.306542056074766,FALSE,TRUE
"Y_56","SNRNP25","D2_late_increasing",0.265575054582008,-0.286300512870166,2.02784663479009e-21,0.157943925233645,FALSE,TRUE
"Y_56","UQCR11","D2_late_increasing",0.266089801428648,-0.450606548563551,9.58401235159031e-54,0.667289719626168,FALSE,TRUE
"Y_56","DDB2","D2_late_increasing",0.266112252777792,-0.197295189781754,8.62099443715913e-11,0.169158878504673,FALSE,FALSE
"Y_56","GALNT5","D2_late_increasing",0.266160346968726,-0.256315108856339,2.22926260116709e-17,0.106542056074766,FALSE,TRUE
"Y_56","NAGLU","D2_late_increasing",0.266171944061307,-0.267700950151142,7.36951440247135e-19,0.209345794392523,FALSE,TRUE
"Y_56","UBXN6","D2_late_increasing",0.266195843019645,-0.326564106970533,1.12793395340623e-27,0.300934579439252,FALSE,TRUE
"Y_56","SCP2","D2_late_increasing",0.266473159659046,-0.264449448496768,1.98522249504797e-18,0.282242990654206,FALSE,TRUE
"Y_56","IKBIP","D2_late_increasing",0.266754291752081,-0.220714924858223,3.4157557046274e-13,0.231775700934579,FALSE,TRUE
"Y_56","MAN1C1","D2_late_increasing",0.266769036136011,-0.238557506808512,3.29536182491416e-15,0.185046728971963,FALSE,TRUE
"Y_56","COPS7A","D2_late_increasing",0.266990810035372,-0.27652598037765,4.76921989830669e-20,0.175700934579439,FALSE,TRUE
"Y_56","WBP5","D2_late_increasing",0.267045148377072,-0.31328426044289,1.6653010049122e-25,0.37196261682243,FALSE,TRUE
"Y_56","VAT1","D2_late_increasing",0.267067091443841,-0.331927247702603,1.39831246822641e-28,0.311214953271028,FALSE,TRUE
"Y_56","PEA15","D2_late_increasing",0.267510304281861,-0.312818607364918,1.96815890248447e-25,0.245794392523364,FALSE,TRUE
"Y_56","TXN2","D2_late_increasing",0.267852163443203,-0.320644787817478,1.09051213159537e-26,0.322429906542056,FALSE,TRUE
"Y_56","ECM2","D2_late_increasing",0.267991104200855,-0.208565670850077,6.53838977329162e-12,0.24392523364486,FALSE,TRUE
"Y_56","TBC1D1","D2_late_increasing",0.268025101432846,-0.200392738949642,4.31291239523771e-11,0.149532710280374,FALSE,TRUE
"Y_56","NDUFB3","D2_late_increasing",0.268182003363087,-0.300191760742914,1.82376296298905e-23,0.257943925233645,FALSE,TRUE
"Y_56","APOE","D2_late_increasing",0.268435320157949,-0.428262581444122,3.57207618917738e-48,0.64018691588785,FALSE,TRUE
"Y_56","FAM129A","D2_late_increasing",0.268708969643983,-0.17784088172774,5.22377871586127e-09,0.118691588785047,FALSE,FALSE
"Y_56","SLC39A7","D2_late_increasing",0.26889656644216,-0.365701683847394,1.08953065676051e-34,0.419626168224299,FALSE,TRUE
"Y_56","KIAA2013","D2_late_increasing",0.268979807246438,-0.266017463603984,1.23345434625086e-18,0.194392523364486,FALSE,TRUE
"Y_56","TNC","D2_late_increasing",0.268988544910477,-0.257243355927221,1.69979874043574e-17,0.242990654205607,FALSE,TRUE
"Y_56","CLPP","D2_late_increasing",0.269186988102439,-0.276418164259426,4.92485000464167e-20,0.228971962616822,FALSE,TRUE
"Y_56","HMOX2","D2_late_increasing",0.269216852377496,-0.281276756998655,1.05002032455904e-20,0.227102803738318,FALSE,TRUE
"Y_56","MAST2","D2_late_increasing",0.269378788575901,-0.128611825490214,2.56170163012948e-05,0.150467289719626,FALSE,FALSE
"Y_56","GPC1","D2_late_increasing",0.269730945046388,-0.272266431956468,1.8105374527972e-19,0.208411214953271,FALSE,TRUE
"Y_56","PRADC1","D2_late_increasing",0.269757553372209,-0.302002287675315,9.63526067425269e-24,0.164485981308411,FALSE,TRUE
"Y_56","KLHL22","D2_late_increasing",0.269772184624155,-0.169115225367261,2.87244089194568e-08,0.155140186915888,FALSE,FALSE
"Y_56","ARAP1","D2_late_increasing",0.269985745963656,-0.27979633012932,1.68180101465115e-20,0.298130841121495,FALSE,TRUE
"Y_56","GUK1","D2_late_increasing",0.27011408433395,-0.395719606000825,8.96698770437774e-41,0.522429906542056,FALSE,TRUE
"Y_56","IGDCC4","D2_late_increasing",0.270355689688803,-0.152985079862798,5.30617198634239e-07,0.116822429906542,FALSE,FALSE
"Y_56","CHD3","D2_late_increasing",0.270499885252004,-0.27936027065175,1.93176438363805e-20,0.370093457943925,FALSE,TRUE
"Y_56","NDUFA3","D2_late_increasing",0.270523358364544,-0.395275903176056,1.09851173438443e-40,0.414953271028037,FALSE,TRUE
"Y_56","PSMB8","D2_late_increasing",0.27054533436053,-0.357736002356335,3.53278111912231e-33,0.246728971962617,FALSE,TRUE
"Y_56","KLHDC3","D2_late_increasing",0.270592015067922,-0.284072668070421,4.25824311116494e-21,0.246728971962617,FALSE,TRUE
"Y_56","MIF","D2_late_increasing",0.271014343604749,-0.360734006859446,9.68972952573885e-34,0.333644859813084,FALSE,TRUE
"Y_56","GOLGA3","D2_late_increasing",0.271037453932428,-0.210225494098186,4.41037270929267e-12,0.3,FALSE,TRUE
"Y_56","ST6GALNAC6","D2_late_increasing",0.271376996526609,-0.333655558600115,7.1161578172159e-29,0.241121495327103,FALSE,TRUE
"Y_56","THOC6","D2_late_increasing",0.271837905950586,-0.264336198323537,2.05032628098028e-18,0.14392523364486,FALSE,TRUE
"Y_56","MRPL14","D2_late_increasing",0.272074639715087,-0.341435782024945,3.22078076341054e-30,0.290654205607477,FALSE,TRUE
"Y_56","GTF3C1","D2_late_increasing",0.272141748453743,-0.224780476633762,1.2301931321117e-13,0.186915887850467,FALSE,TRUE
"Y_56","GNG5","D2_late_increasing",0.272226883979353,-0.353922590836044,1.79502716790127e-32,0.492523364485981,FALSE,TRUE
"Y_56","BAD","D2_late_increasing",0.272724911395005,-0.355426669026569,9.46058331137685e-33,0.353271028037383,FALSE,TRUE
"Y_56","DPYSL3","D2_late_increasing",0.272810372994431,-0.200831981071342,3.90998170466119e-11,0.393457943925234,FALSE,TRUE
"Y_56","TIMM8B","D2_late_increasing",0.272852712251228,-0.397035204325004,4.65411801461263e-41,0.383177570093458,FALSE,TRUE
"Y_56","MYO1C","D2_late_increasing",0.272856617749856,-0.293778308962215,1.66174769033019e-22,0.426168224299065,FALSE,TRUE
"Y_56","CRELD2","D2_late_increasing",0.272967204101695,-0.349082426687499,1.3796876044606e-31,0.234579439252336,FALSE,TRUE
"Y_56","CALR","D2_late_increasing",0.273308014265699,-0.36325165670743,3.21960058434305e-34,0.622429906542056,FALSE,TRUE
"Y_56","C11orf68","D2_late_increasing",0.273537268993181,-0.31515899022983,8.42885118865035e-26,0.257943925233645,FALSE,TRUE
"Y_56","B2M","D2_late_increasing",0.273595198197693,-0.43258452953378,3.21057841870071e-49,0.922429906542056,FALSE,TRUE
"Y_56","C19orf24","D2_late_increasing",0.273881596770607,-0.339401459480743,7.32950013593864e-30,0.24018691588785,FALSE,TRUE
"Y_56","FAM102A","D2_late_increasing",0.273957519375275,-0.27902210685797,2.14854900294685e-20,0.219626168224299,FALSE,TRUE
"Y_56","NUTF2","D2_late_increasing",0.273957677608342,-0.355372438299956,9.66254565202058e-33,0.305607476635514,FALSE,TRUE
"Y_56","UROS","D2_late_increasing",0.274023879192736,-0.313725160516365,1.42833967374594e-25,0.190654205607477,FALSE,TRUE
"Y_56","CALM3","D2_late_increasing",0.274075492131294,-0.362594064762397,4.30140775608994e-34,0.450467289719626,FALSE,TRUE
"Y_56","PRICKLE1","D2_late_increasing",0.274590081970782,-0.0845135618813295,0.00578468838721428,0.24018691588785,FALSE,FALSE
"Y_56","TXNDC15","D2_late_increasing",0.274762961321878,-0.262058946673132,4.0822296264704e-18,0.214953271028037,FALSE,TRUE
"Y_56","EFEMP1","D2_late_increasing",0.274892634173123,-0.356708539681167,5.52305084422367e-33,0.313084112149533,FALSE,TRUE
"Y_56","CCDC124","D2_late_increasing",0.274971255554789,-0.397681021148231,3.36971488931817e-41,0.298130841121495,FALSE,TRUE
"Y_56","NDUFB2","D2_late_increasing",0.274977605649527,-0.432594766950742,3.2102209031903e-49,0.57196261682243,FALSE,TRUE
"Y_56","GRINA","D2_late_increasing",0.275030266770622,-0.375455585398444,1.34561771913669e-36,0.298130841121495,FALSE,TRUE
"Y_56","FAM177A1","D2_late_increasing",0.275317061208709,-0.264733926519712,1.82122733083645e-18,0.216822429906542,FALSE,TRUE
"Y_56","GIPC1","D2_late_increasing",0.275372868606672,-0.252252618722871,7.13880542534083e-17,0.237383177570093,FALSE,TRUE
"Y_56","ZNF106","D2_late_increasing",0.275559867279956,-0.210047335127134,4.59768447940672e-12,0.272897196261682,FALSE,TRUE
"Y_56","SLC12A4","D2_late_increasing",0.275920506096067,-0.236064870529912,6.4729238778846e-15,0.153271028037383,FALSE,TRUE
"Y_56","SRPX2","D2_late_increasing",0.276201480084267,-0.199029064795038,5.85305067570599e-11,0.126168224299065,FALSE,FALSE
"Y_56","ECHS1","D2_late_increasing",0.276237643322345,-0.332893249024168,9.55973965747692e-29,0.260747663551402,FALSE,TRUE
"Y_56","ANXA1","D2_late_increasing",0.276777974889898,-0.301925669722331,9.87118135147054e-24,0.469158878504673,FALSE,TRUE
"Y_56","FAM234A","D2_late_increasing",0.276908628675247,-0.267915505167405,6.91941096263317e-19,0.150467289719626,FALSE,TRUE
"Y_56","TWF2","D2_late_increasing",0.27691609828261,-0.32975509644585,3.27246658272493e-28,0.258878504672897,FALSE,TRUE
"Y_56","ITGA5","D2_late_increasing",0.277024670262131,-0.281497120958007,9.79197965841391e-21,0.164485981308411,FALSE,TRUE
"Y_56","RARRES3","D2_late_increasing",0.277074490486942,-0.405232318572539,7.60061416271184e-43,0.226168224299065,FALSE,TRUE
"Y_56","AKR1C3","D2_late_increasing",0.277204546943218,-0.334772474376119,4.60392289994516e-29,0.178504672897196,FALSE,TRUE
"Y_56","TMEM208","D2_late_increasing",0.277240139389021,-0.328715917191372,4.91620241035114e-28,0.235514018691589,FALSE,TRUE
"Y_56","BUD31","D2_late_increasing",0.27753645365837,-0.348208489001037,1.98872956874716e-31,0.290654205607477,FALSE,TRUE
"Y_56","CCDC167","D2_late_increasing",0.277779475570023,-0.337361499896216,1.66204814113525e-29,0.157009345794393,FALSE,TRUE
"Y_56","SCARF2","D2_late_increasing",0.27780247438248,-0.305243479399653,3.07581617163775e-24,0.270093457943925,FALSE,TRUE
"Y_56","RNPEPL1","D2_late_increasing",0.277857885084027,-0.276566061473028,4.71427689901758e-20,0.12803738317757,FALSE,TRUE
"Y_56","OLFM2","D2_late_increasing",0.27787648434333,-0.281931846289614,8.54333977831727e-21,0.31214953271028,FALSE,TRUE
"Y_56","SPINT2","D2_late_increasing",0.277918490703979,-0.261586508455486,4.70075903106455e-18,0.25607476635514,FALSE,TRUE
"Y_56","BRI3","D2_late_increasing",0.277955830118132,-0.388312824157812,3.25813118989086e-39,0.565420560747664,FALSE,TRUE
"Y_56","RP11-196G11.1","D2_late_increasing",0.278356350271461,-0.266560691628137,1.04509054211952e-18,0.141121495327103,FALSE,TRUE
"Y_56","KCNK6","D2_late_increasing",0.278494613746152,-0.205096897383159,1.47175671667511e-11,0.139252336448598,FALSE,TRUE
"Y_56","LRPAP1","D2_late_increasing",0.27851338830266,-0.351233953121616,5.63204262155841e-32,0.345794392523364,FALSE,TRUE
"Y_56","FBLIM1","D2_late_increasing",0.278562823219375,-0.281003622855597,1.14239444556383e-20,0.186915887850467,FALSE,TRUE
"Y_56","ARSA","D2_late_increasing",0.278588798810745,-0.279636136895589,1.76745663605554e-20,0.192523364485981,FALSE,TRUE
"Y_56","RNASEH2C","D2_late_increasing",0.279053964871915,-0.373513113378666,3.28571836145466e-36,0.35607476635514,FALSE,TRUE
"Y_56","TXNL4A","D2_late_increasing",0.27940315217901,-0.3420638253344,2.49698391721402e-30,0.364485981308411,FALSE,TRUE
"Y_56","GTF3C6","D2_late_increasing",0.279591364702765,-0.338065284430914,1.25635720623212e-29,0.24392523364486,FALSE,TRUE
"Y_56","AKT1S1","D2_late_increasing",0.279802957126275,-0.324653989938763,2.3666324374489e-27,0.199065420560748,FALSE,TRUE
"Y_56","SH3GL1","D2_late_increasing",0.279846012679709,-0.307170389059377,1.54202871002674e-24,0.236448598130841,FALSE,TRUE
"Y_56","AP3D1","D2_late_increasing",0.280025324060645,-0.197733001369527,7.83055822515115e-11,0.213084112149533,FALSE,FALSE
"Y_56","QSOX1","D2_late_increasing",0.280177030081057,-0.300317253245279,1.74696004719896e-23,0.241121495327103,FALSE,TRUE
"Y_56","TXLNA","D2_late_increasing",0.280522780229485,-0.277763627053693,3.21965380943502e-20,0.201869158878505,FALSE,TRUE
"Y_56","GPC6","D2_late_increasing",0.280527796657599,-0.0492555954873521,0.108401820109267,0.147663551401869,FALSE,FALSE
"Y_56","LTBP3","D2_late_increasing",0.281206191282645,-0.29946859585181,2.34640393248366e-23,0.504672897196262,FALSE,TRUE
"Y_56","FAM229B","D2_late_increasing",0.281334152452544,-0.355570787600479,8.92892330165336e-33,0.205607476635514,FALSE,TRUE
"Y_56","C12orf75","D2_late_increasing",0.281732491790238,-0.263487351634165,2.6498790315342e-18,0.225233644859813,FALSE,TRUE
"Y_56","SRM","D2_late_increasing",0.282022835598442,-0.340802869712971,4.16047731134628e-30,0.347663551401869,FALSE,TRUE
"Y_56","PPDPF","D2_late_increasing",0.282268102695141,-0.392882389043692,3.5703349740552e-40,0.516822429906542,FALSE,TRUE
"Y_56","PRKCDBP","D2_late_increasing",0.282286600361517,-0.424025847155458,3.6648065289703e-47,0.498130841121495,FALSE,TRUE
"Y_56","GTF3A","D2_late_increasing",0.28233590885667,-0.353244142873093,2.40408853524622e-32,0.246728971962617,FALSE,TRUE
"Y_56","JDP2","D2_late_increasing",0.282600641856938,-0.231744046496716,2.0276879982918e-14,0.185981308411215,FALSE,TRUE
"Y_56","RP11-282O18.3","D2_late_increasing",0.282629627975451,-0.368890042883635,2.62852473999703e-35,0.371028037383178,FALSE,TRUE
"Y_56","TRAPPC1","D2_late_increasing",0.282969914272872,-0.365429147546126,1.22570949945869e-34,0.333644859813084,FALSE,TRUE
"Y_56","GSR","D2_late_increasing",0.282991260398577,-0.200105590555276,4.58992160236595e-11,0.102803738317757,FALSE,TRUE
"Y_56","PDIA5","D2_late_increasing",0.283234101641879,-0.255760085577697,2.60884482430484e-17,0.219626168224299,FALSE,TRUE
"Y_56","RHOC","D2_late_increasing",0.28341156248079,-0.426875212109653,7.73800238866081e-48,0.568224299065421,FALSE,TRUE
"Y_56","UROD","D2_late_increasing",0.283785908899116,-0.392924048448533,3.51074061392829e-40,0.282242990654206,FALSE,TRUE
"Y_56","IMPDH1","D2_late_increasing",0.283915593578579,-0.289200499905789,7.74671887980525e-22,0.151401869158879,FALSE,TRUE
"Y_56","YIF1B","D2_late_increasing",0.284586038999027,-0.26987195575443,3.80343604528055e-19,0.166355140186916,FALSE,TRUE
"Y_56","MED8","D2_late_increasing",0.284987149792176,-0.334231994969302,5.69529779240418e-29,0.174766355140187,FALSE,TRUE
"Y_56","UQCC2","D2_late_increasing",0.28502550050368,-0.377051025980072,6.49644195879119e-37,0.27196261682243,FALSE,TRUE
"Y_56","CD276","D2_late_increasing",0.285251136161698,-0.29260371379219,2.47181006949251e-22,0.241121495327103,FALSE,TRUE
"Y_56","GLMP","D2_late_increasing",0.285670743083627,-0.340368791053037,4.96917054296721e-30,0.217757009345794,FALSE,TRUE
"Y_56","BTN3A2","D2_late_increasing",0.285936555506792,-0.325158806863335,1.94646753944874e-27,0.18785046728972,FALSE,TRUE
"Y_56","TANC2","D2_late_increasing",0.285960073200249,-0.0360357869944348,0.239963040593677,0.162616822429907,FALSE,FALSE
"Y_56","ZNHIT1","D2_late_increasing",0.286532067204067,-0.423011433013095,6.32509728604017e-47,0.474766355140187,FALSE,TRUE
"Y_56","EIF4G1","D2_late_increasing",0.286535391327367,-0.29989378731212,2.02424032561777e-23,0.396261682242991,FALSE,TRUE
"Y_56","UQCRQ","D2_late_increasing",0.286536368612786,-0.453547539583637,1.64330566402668e-54,0.658878504672897,FALSE,TRUE
"Y_56","GRIN2D","D2_late_increasing",0.286545683681659,-0.20383963971686,1.96756689138755e-11,0.104672897196262,FALSE,TRUE
"Y_56","COPA","D2_late_increasing",0.286642541906523,-0.295420288970671,9.48921690037518e-23,0.404672897196262,FALSE,TRUE
"Y_56","FMO1","D2_late_increasing",0.286758602453975,-0.33996331155471,5.82456003185624e-30,0.158878504672897,FALSE,TRUE
"Y_56","CD63","D2_late_increasing",0.286893759177278,-0.551141615707001,1.06929777066243e-84,0.907476635514019,FALSE,TRUE
"Y_56","ARPC4","D2_late_increasing",0.287013414004348,-0.322028452594468,6.43074046888325e-27,0.357943925233645,FALSE,TRUE
"Y_56","ITGB1BP1","D2_late_increasing",0.287194763220433,-0.283946275553728,4.43503021620533e-21,0.250467289719626,FALSE,TRUE
"Y_56","NDST1","D2_late_increasing",0.287221014198338,-0.246926532005881,3.2512047532564e-16,0.195327102803738,FALSE,TRUE
"Y_56","CHPF2","D2_late_increasing",0.287221606824667,-0.256704088550465,1.99086603841383e-17,0.194392523364486,FALSE,TRUE
"Y_56","GLT8D2","D2_late_increasing",0.287329499793741,-0.293426910509349,1.8711199432579e-22,0.247663551401869,FALSE,TRUE
"Y_56","ATP6V0D1","D2_late_increasing",0.287482733842198,-0.317471732214334,3.58950022086147e-26,0.257943925233645,FALSE,TRUE
"Y_56","SEMA3C","D2_late_increasing",0.287590814417172,-0.189139845980494,5.09305294216309e-10,0.149532710280374,FALSE,FALSE
"Y_56","PLEKHA4","D2_late_increasing",0.287692623432099,-0.298818762126956,2.93946033634618e-23,0.192523364485981,FALSE,TRUE
"Y_56","ARPC1A","D2_late_increasing",0.287769468125685,-0.269407059473341,4.38433682401849e-19,0.247663551401869,FALSE,TRUE
"Y_56","A2M","D2_late_increasing",0.288151148286131,-0.317521352778443,3.52886897012792e-26,0.237383177570093,FALSE,TRUE
"Y_56","CDK2AP1","D2_late_increasing",0.288310062783907,-0.381332753032621,8.85810415436954e-38,0.319626168224299,FALSE,TRUE
"Y_56","MINOS1-NBL1","D2_late_increasing",0.288600034758092,-0.239649164508645,2.443793687843e-15,0.131775700934579,FALSE,TRUE
"Y_56","HAPLN3","D2_late_increasing",0.288755642572066,-0.318839609505196,2.15078899067261e-26,0.175700934579439,FALSE,TRUE
"Y_56","TPM2","D2_late_increasing",0.288842174067557,-0.36479136772073,1.61265588392255e-34,0.477570093457944,FALSE,TRUE
"Y_56","ZEB1","D2_late_increasing",0.289042367108784,-0.107740415082811,0.000427877197963585,0.233644859813084,FALSE,FALSE
"Y_56","ERCC1","D2_late_increasing",0.289059840205555,-0.289766311739524,6.39758765596146e-22,0.388785046728972,FALSE,TRUE
"Y_56","MEIS3","D2_late_increasing",0.289097401830625,-0.247179266022428,3.028821246744e-16,0.210280373831776,FALSE,TRUE
"Y_56","ACTB","D2_late_increasing",0.289279770870115,-0.479450815219506,1.38275117263718e-61,0.926168224299065,FALSE,TRUE
"Y_56","MYLK","D2_late_increasing",0.289307711566872,-0.23991575110256,2.27316928988478e-15,0.165420560747664,FALSE,TRUE
"Y_56","CD82","D2_late_increasing",0.289386119360412,-0.288848527834753,8.69315616878514e-22,0.230841121495327,FALSE,TRUE
"Y_56","PLXNB2","D2_late_increasing",0.289415124356322,-0.293096233818387,2.09471199069148e-22,0.28785046728972,FALSE,TRUE
"Y_56","PLOD2","D2_late_increasing",0.289627951102076,-0.224582392357588,1.29303647324499e-13,0.144859813084112,FALSE,TRUE
"Y_56","LINC01615","D2_late_increasing",0.289837029608947,-0.354062379013238,1.69344529148725e-32,0.139252336448598,FALSE,TRUE
"Y_56","MRPL17","D2_late_increasing",0.289870844383338,-0.337042593689719,1.88556113524802e-29,0.248598130841122,FALSE,TRUE
"Y_56","SLC39A13","D2_late_increasing",0.290003641364281,-0.290848188825036,4.45929181264814e-22,0.231775700934579,FALSE,TRUE
"Y_56","ARHGAP28","D2_late_increasing",0.290522127873881,-0.144797940772053,2.09641796026706e-06,0.107476635514019,FALSE,FALSE
"Y_56","RAD51B","D2_late_increasing",0.290735010147544,-0.15540339278024,3.4874292141588e-07,0.194392523364486,FALSE,FALSE
"Y_56","CTSC","D2_late_increasing",0.291278277129743,-0.372901999098357,4.33998475702858e-36,0.310280373831776,FALSE,TRUE
"Y_56","NANS","D2_late_increasing",0.291354903844867,-0.348535614713772,1.73827162109045e-31,0.201869158878505,FALSE,TRUE
"Y_56","GAA","D2_late_increasing",0.291567017003782,-0.346035919318429,4.89361107981666e-31,0.248598130841122,FALSE,TRUE
"Y_56","TNFRSF1A","D2_late_increasing",0.291606651559903,-0.367368727105523,5.17885424936634e-35,0.393457943925234,FALSE,TRUE
"Y_56","GALNT2","D2_late_increasing",0.29184814283142,-0.212860904459149,2.3513838054298e-12,0.225233644859813,FALSE,TRUE
"Y_56","PLAUR","D2_late_increasing",0.291874029740402,-0.279871488601351,1.64318401113345e-20,0.227102803738318,FALSE,TRUE
"Y_56","PAPSS2","D2_late_increasing",0.29194965672069,-0.229204869934282,3.94362316783461e-14,0.201869158878505,FALSE,TRUE
"Y_56","DAPK3","D2_late_increasing",0.292231986054214,-0.232803260999668,1.53600492184858e-14,0.227102803738318,FALSE,TRUE
"Y_56","GPI","D2_late_increasing",0.292314498604974,-0.313673780104797,1.45200362977695e-25,0.368224299065421,FALSE,TRUE
"Y_56","AGTRAP","D2_late_increasing",0.292395503785997,-0.365192844520631,1.35248274200137e-34,0.211214953271028,FALSE,TRUE
"Y_56","HOMER3","D2_late_increasing",0.292623519324847,-0.301974487405717,9.71587266287913e-24,0.193457943925234,FALSE,TRUE
"Y_56","NAA10","D2_late_increasing",0.292753985261362,-0.33510526114993,4.04772662498608e-29,0.267289719626168,FALSE,TRUE
"Y_56","COPZ1","D2_late_increasing",0.293778224743732,-0.333748485988855,6.88233046074526e-29,0.293457943925234,FALSE,TRUE
"Y_56","NRBP1","D2_late_increasing",0.293824751547347,-0.327096788729437,9.1982956004802e-28,0.293457943925234,FALSE,TRUE
"Y_56","NPTX2","D2_late_increasing",0.294310308804282,-0.279285369696457,1.97691038894293e-20,0.150467289719626,FALSE,TRUE
"Y_56","CXXC5","D2_late_increasing",0.294316593906844,-0.337443975304016,1.61034547323202e-29,0.28785046728972,FALSE,TRUE
"Y_56","TMEM147","D2_late_increasing",0.294494220167043,-0.347678908483294,2.47360290003674e-31,0.298130841121495,FALSE,TRUE
"Y_56","CTTN","D2_late_increasing",0.294966268189871,-0.257051190043791,1.79772962589419e-17,0.34018691588785,FALSE,TRUE
"Y_56","METRNL","D2_late_increasing",0.295293556651745,-0.330319038377375,2.61894905087791e-28,0.360747663551402,FALSE,TRUE
"Y_56","XBP1","D2_late_increasing",0.295781830948121,-0.311935431782454,2.72149953146306e-25,0.269158878504673,FALSE,TRUE
"Y_56","FUT11","D2_late_increasing",0.296106700414475,-0.322473498837313,5.43348649051386e-27,0.297196261682243,FALSE,TRUE
"Y_56","DNPH1","D2_late_increasing",0.296383788381792,-0.368176704202777,3.60138654410706e-35,0.276635514018692,FALSE,TRUE
"Y_56","MRPL52","D2_late_increasing",0.296637416939673,-0.385560251053603,1.21393459701893e-38,0.34392523364486,FALSE,TRUE
"Y_56","ST3GAL2","D2_late_increasing",0.297423204683672,-0.223892892314767,1.5398067333861e-13,0.270093457943925,FALSE,TRUE
"Y_56","FIBP","D2_late_increasing",0.297572005558712,-0.364802029747062,1.60947325328327e-34,0.219626168224299,FALSE,TRUE
"Y_56","ETHE1","D2_late_increasing",0.297775223702664,-0.337938834900273,1.32039127028727e-29,0.258878504672897,FALSE,TRUE
"Y_56","TMEM219","D2_late_increasing",0.298245180665779,-0.399978483476512,1.09177015994262e-41,0.432710280373832,FALSE,TRUE
"Y_56","CDC42EP5","D2_late_increasing",0.298352564038431,-0.381213351402638,9.34732375486607e-38,0.307476635514019,FALSE,TRUE
"Y_56","C7orf73","D2_late_increasing",0.298382469023881,-0.309663812184618,6.24007747566896e-25,0.344859813084112,FALSE,TRUE
"Y_56","S100A13","D2_late_increasing",0.298424469450964,-0.494470243693664,5.93035192012668e-66,0.679439252336449,FALSE,TRUE
"Y_56","ZYX","D2_late_increasing",0.298855996913918,-0.346591871084737,3.88623310741485e-31,0.319626168224299,FALSE,TRUE
"Y_56","PDZRN4","D2_late_increasing",0.298887452603539,-0.102276757644576,0.000826045907165134,0.107476635514019,FALSE,FALSE
"Y_56","MRPL12","D2_late_increasing",0.299141586634048,-0.345688601986815,5.65354196071713e-31,0.214953271028037,FALSE,TRUE
"Y_56","MAP7D1","D2_late_increasing",0.30001879958585,-0.310095047352633,5.34884925486145e-25,0.265420560747664,FALSE,TRUE
"Y_56","FHL3","D2_late_increasing",0.300110490159261,-0.313455699182908,1.56728753732585e-25,0.150467289719626,FALSE,TRUE
"Y_56","PGLS","D2_late_increasing",0.300321597918804,-0.391363726141455,7.42383933259943e-40,0.347663551401869,FALSE,TRUE
"Y_56","CAPZB","D2_late_increasing",0.30069096808655,-0.243537590244079,8.39464225971743e-16,0.582242990654206,FALSE,TRUE
"Y_56","ERI3","D2_late_increasing",0.30090082692024,-0.273495915970934,1.22884740282097e-19,0.219626168224299,FALSE,TRUE
"Y_56","PDE4DIP","D2_late_increasing",0.301078638880458,-0.262772980536501,3.29231062093382e-18,0.157943925233645,FALSE,TRUE
"Y_56","GALNT10","D2_late_increasing",0.301198875684846,-0.18104900634109,2.734504474882e-09,0.188785046728972,FALSE,FALSE
"Y_56","B4GALT1","D2_late_increasing",0.301964041769711,-0.264030263003337,2.246554883206e-18,0.331775700934579,FALSE,TRUE
"Y_56","NME1","D2_late_increasing",0.302041021167956,-0.347287147432362,2.90767613921792e-31,0.317757009345794,FALSE,TRUE
"Y_56","LMF2","D2_late_increasing",0.302044935310864,-0.287825725841842,1.21903480634687e-21,0.279439252336449,FALSE,TRUE
"Y_56","DPM2","D2_late_increasing",0.302383279107274,-0.371403125755292,8.51234871984505e-36,0.246728971962617,FALSE,TRUE
"Y_56","VTI1B","D2_late_increasing",0.302427215112664,-0.336816251743711,2.05946026666576e-29,0.258878504672897,FALSE,TRUE
"Y_56","TRAPPC2L","D2_late_increasing",0.302638894698784,-0.390685157015962,1.03116866072622e-39,0.307476635514019,FALSE,TRUE
"Y_56","THBS3","D2_late_increasing",0.302667695090233,-0.294967901979566,1.1093210145849e-22,0.319626168224299,FALSE,TRUE
"Y_56","CNN2","D2_late_increasing",0.302758116434915,-0.351141044301845,5.84733234729578e-32,0.34392523364486,FALSE,TRUE
"Y_56","DYNLT1","D2_late_increasing",0.302807759354098,-0.365781284421178,1.0539454259129e-34,0.318691588785047,FALSE,TRUE
"Y_56","VGLL3","D2_late_increasing",0.303011324357491,-0.206373129694502,1.09278943919649e-11,0.165420560747664,FALSE,TRUE
"Y_56","TRIOBP","D2_late_increasing",0.303034331937605,-0.315623062159955,7.13931547211774e-26,0.34392523364486,FALSE,TRUE
"Y_56","THBS1","D2_late_increasing",0.303241679818549,-0.285430831384794,2.70788764824794e-21,0.163551401869159,FALSE,TRUE
"Y_56","EPHB3","D2_late_increasing",0.303361857520683,-0.312168346917592,2.49972527158777e-25,0.181308411214953,FALSE,TRUE
"Y_56","POMP","D2_late_increasing",0.303533850390087,-0.376564574606899,8.09166535807521e-37,0.392523364485981,FALSE,TRUE
"Y_56","MFAP2","D2_late_increasing",0.303948029526481,-0.410559449888443,4.74411391497514e-44,0.35981308411215,FALSE,TRUE
"Y_56","FAM195B","D2_late_increasing",0.304139634344958,-0.359671118166132,1.5210227108142e-33,0.319626168224299,FALSE,TRUE
"Y_56","C11orf96","D2_late_increasing",0.304146468543666,-0.366853410773767,6.53090125706379e-35,0.275700934579439,FALSE,TRUE
"Y_56","PXDN","D2_late_increasing",0.304429399215355,-0.253675374497512,4.75935576733701e-17,0.342056074766355,FALSE,TRUE
"Y_56","COMMD5","D2_late_increasing",0.304773195660554,-0.333295225978744,8.19648860798584e-29,0.168224299065421,FALSE,TRUE
"Y_56","P4HA3","D2_late_increasing",0.304777794503482,-0.215830778724528,1.14625186083515e-12,0.199065420560748,FALSE,TRUE
"Y_56","VOPP1","D2_late_increasing",0.304874698011244,-0.254272963934903,4.00260947075674e-17,0.206542056074766,FALSE,TRUE
"Y_56","ALDH1L2","D2_late_increasing",0.305192348663354,-0.166390123948425,4.77801947341883e-08,0.107476635514019,FALSE,FALSE
"Y_56","TNFSF10","D2_late_increasing",0.305417454760331,-0.392033236776772,5.406882306819e-40,0.299065420560748,FALSE,TRUE
"Y_56","HEXA","D2_late_increasing",0.305626911016022,-0.356759777780677,5.41448100655467e-33,0.322429906542056,FALSE,TRUE
"Y_56","SEMA3B","D2_late_increasing",0.305779822818736,-0.249907428970136,1.39464962928813e-16,0.14392523364486,FALSE,TRUE
"Y_56","UBE2L6","D2_late_increasing",0.306046674598746,-0.38969165602067,1.67191411275737e-39,0.258878504672897,FALSE,TRUE
"Y_56","SURF4","D2_late_increasing",0.306381598941774,-0.386737947365954,6.9914996956706e-39,0.408411214953271,FALSE,TRUE
"Y_56","SPARCL1","D2_late_increasing",0.30638732322163,-0.326604270980639,1.11240171298134e-27,0.358878504672897,FALSE,TRUE
"Y_56","LASP1","D2_late_increasing",0.306482041780818,-0.254746049171385,3.48628836495149e-17,0.28785046728972,FALSE,TRUE
"Y_56","TP53I3","D2_late_increasing",0.306594223244333,-0.376748882864452,7.44264137319087e-37,0.188785046728972,FALSE,TRUE
"Y_56","SRPRB","D2_late_increasing",0.307794948031302,-0.313722340660637,1.42833967374594e-25,0.245794392523364,FALSE,TRUE
"Y_56","SHISA5","D2_late_increasing",0.307910264556025,-0.380668456722656,1.20488852557488e-37,0.352336448598131,FALSE,TRUE
"Y_56","CTGF","D2_late_increasing",0.308022470001232,-0.279035285671498,2.14229880065213e-20,0.303738317757009,FALSE,TRUE
"Y_56","AC024592.12","D2_late_increasing",0.308287249515752,-0.371776604914071,7.1825509947187e-36,0.285046728971963,FALSE,TRUE
"Y_56","TENM3","D2_late_increasing",0.308357098542565,-0.0646864308893974,0.0348701095454617,0.251401869158879,FALSE,FALSE
"Y_56","TMEM261","D2_late_increasing",0.308376914219322,-0.382573927514177,4.94919063644772e-38,0.276635514018692,FALSE,TRUE
"Y_56","JTB","D2_late_increasing",0.308403624112101,-0.421733699219634,1.23448672205211e-46,0.437383177570093,FALSE,TRUE
"Y_56","NSMCE1","D2_late_increasing",0.308556895720447,-0.377239244599656,5.98346638806093e-37,0.21588785046729,FALSE,TRUE
"Y_56","CCDC28B","D2_late_increasing",0.308711943523575,-0.396213641473819,7.01921604152449e-41,0.176635514018692,FALSE,TRUE
"Y_56","GRN","D2_late_increasing",0.308988876089224,-0.399203467758174,1.60751843176388e-41,0.500934579439252,FALSE,TRUE
"Y_56","FLNA","D2_late_increasing",0.309270198599038,-0.37582426275249,1.13531354470462e-36,0.586915887850467,FALSE,TRUE
"Y_56","COPG1","D2_late_increasing",0.309332604915426,-0.286363276801942,1.98837929150117e-21,0.214018691588785,FALSE,TRUE
"Y_56","EIF4E2","D2_late_increasing",0.3095754879564,-0.333347039090845,8.04345099073976e-29,0.282242990654206,FALSE,TRUE
"Y_56","LAMB2","D2_late_increasing",0.309701530187139,-0.360567822968698,1.04055852671666e-33,0.451401869158878,FALSE,TRUE
"Y_56","SHC1","D2_late_increasing",0.310042119129298,-0.337320464141804,1.68654437020797e-29,0.327102803738318,FALSE,TRUE
"Y_56","LUM","D2_late_increasing",0.310658051075477,-0.436663479874736,3.19091285493862e-50,0.688785046728972,FALSE,TRUE
"Y_56","ISLR","D2_late_increasing",0.310728741027007,-0.398666860597277,2.08575145335601e-41,0.542990654205607,FALSE,TRUE
"Y_56","MYO1D","D2_late_increasing",0.310750582072208,-0.124836168456888,4.39933951186993e-05,0.363551401869159,FALSE,FALSE
"Y_56","NEK6","D2_late_increasing",0.31100967576852,-0.212194660953884,2.75738093411852e-12,0.15981308411215,FALSE,TRUE
"Y_56","PGM1","D2_late_increasing",0.311012159585207,-0.341752878569442,2.82924210724698e-30,0.168224299065421,FALSE,TRUE
"Y_56","PFN1","D2_late_increasing",0.311057521835481,-0.489446204182895,1.82517157102458e-64,0.818691588785047,FALSE,TRUE
"Y_56","TMEM176B","D2_late_increasing",0.31137637294273,-0.447178707394163,7.16939189857112e-53,0.485981308411215,FALSE,TRUE
"Y_56","MLEC","D2_late_increasing",0.311505840365823,-0.400230420637073,9.64005793647595e-42,0.334579439252336,FALSE,TRUE
"Y_56","HN1","D2_late_increasing",0.311701717797788,-0.331240325329087,1.82314726953952e-28,0.216822429906542,FALSE,TRUE
"Y_56","EDIL3","D2_late_increasing",0.311849220246233,-0.127596919995947,2.9631145772683e-05,0.271028037383178,FALSE,FALSE
"Y_56","SNF8","D2_late_increasing",0.312119418678311,-0.381842968413872,6.9729112782328e-38,0.304672897196262,FALSE,TRUE
"Y_56","MPG","D2_late_increasing",0.312180582282609,-0.372243484476612,5.82022414380481e-36,0.34392523364486,FALSE,TRUE
"Y_56","LINC01116","D2_late_increasing",0.31270425441533,-0.282050960331735,8.23710250847655e-21,0.142056074766355,FALSE,TRUE
"Y_56","SWI5","D2_late_increasing",0.312841872407627,-0.368350108288505,3.34640933450601e-35,0.201869158878505,FALSE,TRUE
"Y_56","NXN","D2_late_increasing",0.313096350447294,-0.145741611112628,1.79606617545198e-06,0.344859813084112,FALSE,FALSE
"Y_56","PTN","D2_late_increasing",0.313680627331282,-0.379407931700483,2.16862413622592e-37,0.557943925233645,FALSE,TRUE
"Y_56","KRT6A","D2_late_increasing",0.313823709462109,-0.332699913063207,1.02917460660721e-28,0.246728971962617,FALSE,TRUE
"Y_56","TPM4","D2_late_increasing",0.314247177584983,-0.307167684018368,1.54202871002674e-24,0.485981308411215,FALSE,TRUE
"Y_56","FAM89B","D2_late_increasing",0.314850417446588,-0.398080150232713,2.79845891073859e-41,0.285981308411215,FALSE,TRUE
"Y_56","SMCO4","D2_late_increasing",0.314911794113963,-0.338978483733432,8.70646033996246e-30,0.15607476635514,FALSE,TRUE
"Y_56","APBB2","D2_late_increasing",0.31508248818244,-0.0875856813193971,0.00422866178910322,0.316822429906542,FALSE,FALSE
"Y_56","A1BG","D2_late_increasing",0.315218820688954,-0.423285926385784,5.49175880432859e-47,0.381308411214953,FALSE,TRUE
"Y_56","HES4","D2_late_increasing",0.315535413820091,-0.369152315452582,2.34448819435134e-35,0.201869158878505,FALSE,TRUE
"Y_56","SSR4","D2_late_increasing",0.31566529243668,-0.529664079970187,3.50776702249533e-77,0.681308411214953,FALSE,TRUE
"Y_56","VAMP5","D2_late_increasing",0.315677791507014,-0.448100233365921,4.17823022841895e-53,0.432710280373832,FALSE,TRUE
"Y_56","KRT16","D2_late_increasing",0.315749237757309,-0.324364865112633,2.639290632163e-27,0.250467289719626,FALSE,TRUE
"Y_56","CTSZ","D2_late_increasing",0.315806728019078,-0.389875927923241,1.53241372657335e-39,0.335514018691589,FALSE,TRUE
"Y_56","FIBIN","D2_late_increasing",0.316257439727078,-0.31429387233149,1.16088494584451e-25,0.145794392523364,FALSE,TRUE
"Y_56","DNAJC1","D2_late_increasing",0.316310479343921,-0.252512855234115,6.63768767774759e-17,0.336448598130841,FALSE,TRUE
"Y_56","ZFHX4","D2_late_increasing",0.316749134507151,-0.143135940917925,2.74550264396435e-06,0.179439252336449,FALSE,FALSE
"Y_56","NEK10","D2_late_increasing",0.317352462334925,-0.317178739653341,4.00485638151306e-26,0.2,FALSE,TRUE
"Y_56","SGCD","D2_late_increasing",0.317689574838659,-0.128483629694952,2.60788250648988e-05,0.269158878504673,FALSE,FALSE
"Y_56","MSRB3","D2_late_increasing",0.317736853271885,-0.329431701546093,3.71447382873164e-28,0.262616822429907,FALSE,TRUE
"Y_56","PGAM1","D2_late_increasing",0.31805491087123,-0.386221625972934,8.89476871385339e-39,0.323364485981308,FALSE,TRUE
"Y_56","LRRC59","D2_late_increasing",0.318396410252242,-0.345051798615477,7.3602419936114e-31,0.213084112149533,FALSE,TRUE
"Y_56","TAF10","D2_late_increasing",0.318775057048171,-0.41825604586331,8.02985360624703e-46,0.37196261682243,FALSE,TRUE
"Y_56","GPAA1","D2_late_increasing",0.319420275517588,-0.365421307673563,1.22653677618384e-34,0.286915887850467,FALSE,TRUE
"Y_56","DBN1","D2_late_increasing",0.319708262045212,-0.352584104716677,3.18390080193072e-32,0.221495327102804,FALSE,TRUE
"Y_56","APOL2","D2_late_increasing",0.319800111325984,-0.376533126051138,8.18571883471277e-37,0.175700934579439,FALSE,TRUE
"Y_56","MAP4","D2_late_increasing",0.320145578262689,-0.182755561812892,1.92929643263003e-09,0.486915887850467,FALSE,FALSE
"Y_56","NDUFS8","D2_late_increasing",0.320244998353786,-0.432483936886008,3.38091423089926e-49,0.360747663551402,FALSE,TRUE
"Y_56","CAMK1D","D2_late_increasing",0.320369078706783,-0.140916784765148,3.91238832617583e-06,0.331775700934579,FALSE,FALSE
"Y_56","SH3PXD2A","D2_late_increasing",0.320417969690206,-0.247437418002391,2.82034347274615e-16,0.442990654205607,FALSE,TRUE
"Y_56","LAMC1","D2_late_increasing",0.320614567470683,-0.255328912562567,2.95300110517495e-17,0.381308411214953,FALSE,TRUE
"Y_56","MYH9","D2_late_increasing",0.320821661445139,-0.304472511126942,4.03286017090869e-24,0.463551401869159,FALSE,TRUE
"Y_56","PLPP4","D2_late_increasing",0.32102962128378,-0.191529496555159,3.04935456856678e-10,0.106542056074766,FALSE,FALSE
"Y_56","SEC24D","D2_late_increasing",0.321090486718914,-0.128289483302287,2.68061370201738e-05,0.171028037383178,FALSE,FALSE
"Y_56","RPL22L1","D2_late_increasing",0.32119175053389,-0.382258367658712,5.74026851632215e-38,0.313084112149533,FALSE,TRUE
"Y_56","EIF4EBP1","D2_late_increasing",0.321229817807761,-0.377720936812795,4.81287447066663e-37,0.257009345794392,FALSE,TRUE
"Y_56","OSTC","D2_late_increasing",0.321325850804386,-0.416824228736545,1.72075052809494e-45,0.396261682242991,FALSE,TRUE
"Y_56","ILK","D2_late_increasing",0.32150288660192,-0.326902879066264,9.90942215527193e-28,0.305607476635514,FALSE,TRUE
"Y_56","COPE","D2_late_increasing",0.322071035191215,-0.361404853264927,7.24332783685069e-34,0.405607476635514,FALSE,TRUE
"Y_56","AHR","D2_late_increasing",0.322136241347512,-0.327817465414394,6.94792666942662e-28,0.313084112149533,FALSE,TRUE
"Y_56","FAM50A","D2_late_increasing",0.322467430704518,-0.382799958985483,4.45448601161092e-38,0.231775700934579,FALSE,TRUE
"Y_56","RYR2","D2_late_increasing",0.322517498110122,-0.104428109092837,0.000641593985428409,0.114018691588785,FALSE,FALSE
"Y_56","CNN3","D2_late_increasing",0.322829674762825,-0.353112829490051,2.53853041085103e-32,0.355140186915888,FALSE,TRUE
"Y_56","NGFR","D2_late_increasing",0.322847498253972,-0.407067909480415,2.9562328571608e-43,0.238317757009346,FALSE,TRUE
"Y_56","CCDC107","D2_late_increasing",0.322933771693855,-0.387532952361681,4.75757659530952e-39,0.270093457943925,FALSE,TRUE
"Y_56","AQP1","D2_late_increasing",0.32356461022266,-0.34371932339049,1.26751201221733e-30,0.323364485981308,FALSE,TRUE
"Y_56","CYR61","D2_late_increasing",0.323693754212859,-0.290588278956449,4.86713003650689e-22,0.242056074766355,FALSE,TRUE
"Y_56","SMTN","D2_late_increasing",0.324589187750503,-0.260907657850187,5.7248368692069e-18,0.196261682242991,FALSE,TRUE
"Y_56","DAP","D2_late_increasing",0.324669822369702,-0.351811098332793,4.40232627259847e-32,0.281308411214953,FALSE,TRUE
"Y_56","PHLDA3","D2_late_increasing",0.324817328511582,-0.401390708313805,5.38949643301258e-42,0.41214953271028,FALSE,TRUE
"Y_56","GARS","D2_late_increasing",0.325102481872253,-0.321901790974386,6.74087019813876e-27,0.318691588785047,FALSE,TRUE
"Y_56","CGREF1","D2_late_increasing",0.3259791048192,-0.340115775718071,5.4808398402982e-30,0.167289719626168,FALSE,TRUE
"Y_56","IDH2","D2_late_increasing",0.326012332892311,-0.311097280767334,3.70958299663588e-25,0.285046728971963,FALSE,TRUE
"Y_56","ERLEC1","D2_late_increasing",0.326871310425211,-0.324479916264415,2.52823913668862e-27,0.250467289719626,FALSE,TRUE
"Y_56","C9orf16","D2_late_increasing",0.327291045685448,-0.480060754110378,9.37419382841349e-62,0.451401869158878,FALSE,TRUE
"Y_56","C1QTNF3","D2_late_increasing",0.327416521413441,-0.30773845585308,1.25993679025299e-24,0.126168224299065,FALSE,TRUE
"Y_56","SDF4","D2_late_increasing",0.327428414256086,-0.371359812611708,8.65796248968752e-36,0.435514018691589,FALSE,TRUE
"Y_56","ZCCHC24","D2_late_increasing",0.327448434062709,-0.319476804029525,1.69171450178673e-26,0.42803738317757,FALSE,TRUE
"Y_56","GMPPA","D2_late_increasing",0.327620987609111,-0.349193645056993,1.31883836127758e-31,0.161682242990654,FALSE,TRUE
"Y_56","ALDH18A1","D2_late_increasing",0.327783652083392,-0.275769070398601,6.04774390395891e-20,0.185046728971963,FALSE,TRUE
"Y_56","CIB1","D2_late_increasing",0.327835002358902,-0.377271894868869,5.9115282974173e-37,0.274766355140187,FALSE,TRUE
"Y_56","IGFBP6","D2_late_increasing",0.328514669410169,-0.41678378760122,1.75040575289674e-45,0.423364485981308,FALSE,TRUE
"Y_56","SLC27A4","D2_late_increasing",0.328633152990625,-0.488067780992045,4.61252963885198e-64,0.625233644859813,FALSE,TRUE
"Y_56","JOSD2","D2_late_increasing",0.328776412230582,-0.380004429974068,1.64321020177938e-37,0.213084112149533,FALSE,TRUE
"Y_56","ENAH","D2_late_increasing",0.329171659966028,-0.185457706757999,1.104361724361e-09,0.314018691588785,FALSE,FALSE
"Y_56","CD99","D2_late_increasing",0.329599555025354,-0.506846262033129,9.53318440019357e-70,0.835514018691589,FALSE,TRUE
"Y_56","UCHL1","D2_late_increasing",0.329671969076346,-0.352027735467369,4.02940674797219e-32,0.170093457943925,FALSE,TRUE
"Y_56","CALU","D2_late_increasing",0.329999325087619,-0.346451828282176,4.1138786794088e-31,0.424299065420561,FALSE,TRUE
"Y_56","TMEM176A","D2_late_increasing",0.33034604987508,-0.492321707557232,2.63000707889873e-65,0.404672897196262,FALSE,TRUE
"Y_56","CKLF","D2_late_increasing",0.33048368674053,-0.384240582342701,2.24553408810735e-38,0.244859813084112,FALSE,TRUE
"Y_56","CYBA","D2_late_increasing",0.330517972512928,-0.500659082238622,7.94555668140761e-68,0.531775700934579,FALSE,TRUE
"Y_56","CSRP2","D2_late_increasing",0.33068293162343,-0.363094696625851,3.44520834233354e-34,0.198130841121495,FALSE,TRUE
"Y_56","VEGFB","D2_late_increasing",0.330919569821807,-0.385293920041255,1.37668542437159e-38,0.404672897196262,FALSE,TRUE
"Y_56","LAMTOR2","D2_late_increasing",0.330953783911371,-0.429313059709957,1.99837944569452e-48,0.324299065420561,FALSE,TRUE
"Y_56","TUBA1C","D2_late_increasing",0.33108060796197,-0.344926080269759,7.72410752310404e-31,0.416822429906542,FALSE,TRUE
"Y_56","KIAA1462","D2_late_increasing",0.331178524278278,-0.253073295220887,5.64386867830497e-17,0.157943925233645,FALSE,TRUE
"Y_56","ACKR1","D2_late_increasing",0.331775688811419,-0.305668259747776,2.64511897909366e-24,0.17196261682243,FALSE,TRUE
"Y_56","PACS1","D2_late_increasing",0.332415151325089,-0.193957324098256,1.80395045088289e-10,0.281308411214953,FALSE,FALSE
"Y_56","RRBP1","D2_late_increasing",0.332605435018349,-0.336141249634548,2.68954493045722e-29,0.699065420560748,FALSE,TRUE
"Y_56","FBLN7","D2_late_increasing",0.332983990516539,-0.370659746479068,1.18921319242315e-35,0.227102803738318,FALSE,TRUE
"Y_56","RTEL1-TNFRSF6B","D2_late_increasing",0.333140876621122,-0.428453343281469,3.22628984758154e-48,0.234579439252336,FALSE,TRUE
"Y_56","NUCB1","D2_late_increasing",0.333665700547453,-0.450660760161327,9.33817516743891e-54,0.485981308411215,FALSE,TRUE
"Y_56","FKBP7","D2_late_increasing",0.333951329809806,-0.389257565617565,2.05520251160254e-39,0.241121495327103,FALSE,TRUE
"Y_56","S100A7","D2_late_increasing",0.333971394373464,-0.320998217685314,9.53556450393846e-27,0.41588785046729,FALSE,TRUE
"Y_56","COTL1","D2_late_increasing",0.33398550997172,-0.322561152406288,5.27193468493162e-27,0.129906542056075,FALSE,TRUE
"Y_56","HLA-DRB1","D2_late_increasing",0.334340694778384,-0.314504247709684,1.07648685251571e-25,0.198130841121495,FALSE,TRUE
"Y_56","SIL1","D2_late_increasing",0.334432332599216,-0.267887947009575,6.97013369943616e-19,0.293457943925234,FALSE,TRUE
"Y_56","SSR3","D2_late_increasing",0.334616693521186,-0.42190013257492,1.13787126307496e-46,0.399065420560748,FALSE,TRUE
"Y_56","IL1R1","D2_late_increasing",0.334674030784899,-0.309437379026181,6.77200672817634e-25,0.251401869158879,FALSE,TRUE
"Y_56","S100A16","D2_late_increasing",0.334795778553759,-0.372732861751529,4.66573827118078e-36,0.422429906542056,FALSE,TRUE
"Y_56","LMCD1","D2_late_increasing",0.335242440119229,-0.307514787503357,1.36512334788285e-24,0.167289719626168,FALSE,TRUE
"Y_56","KHDRBS3","D2_late_increasing",0.33545075699016,-0.355441509763734,9.42380277538871e-33,0.279439252336449,FALSE,TRUE
"Y_56","GALNS","D2_late_increasing",0.335577827408282,-0.275025692651669,7.6371586614993e-20,0.185981308411215,FALSE,TRUE
"Y_56","ADAMTS12","D2_late_increasing",0.336533658617,-0.162878888379314,9.14158051308418e-08,0.172897196261682,FALSE,FALSE
"Y_56","SAR1A","D2_late_increasing",0.336802805636345,-0.367547326042594,4.78754729412133e-35,0.25981308411215,FALSE,TRUE
"Y_56","ARF4","D2_late_increasing",0.337301441141608,-0.304268599440191,4.32702352236728e-24,0.374766355140187,FALSE,TRUE
"Y_56","TMSB4X","D2_late_increasing",0.33795368298236,-0.539030293861009,2.25982630025634e-80,0.891588785046729,FALSE,TRUE
"Y_56","YIF1A","D2_late_increasing",0.338446400673867,-0.453262382816275,1.92931030085793e-54,0.334579439252336,FALSE,TRUE
"Y_56","ARFGAP1","D2_late_increasing",0.338517731224209,-0.24691331074726,3.25968697944805e-16,0.232710280373832,FALSE,TRUE
"Y_56","GPR78","D2_late_increasing",0.338638383092105,-0.399090702671622,1.69531519492047e-41,0.305607476635514,FALSE,TRUE
"Y_56","ITGBL1","D2_late_increasing",0.338719721829583,-0.276484373076463,4.8271829221979e-20,0.272897196261682,FALSE,TRUE
"Y_56","XG","D2_late_increasing",0.338958058337756,-0.310632537777406,4.39939183931012e-25,0.234579439252336,FALSE,TRUE
"Y_56","CDKN2A","D2_late_increasing",0.339187913425835,-0.35665693593379,5.63471886890231e-33,0.157943925233645,FALSE,TRUE
"Y_56","LAMA4","D2_late_increasing",0.339245890841607,-0.343635737074266,1.30967351682586e-30,0.4,FALSE,TRUE
"Y_56","LGMN","D2_late_increasing",0.339329572327497,-0.325657114103928,1.60439449747123e-27,0.257009345794392,FALSE,TRUE
"Y_56","CTSA","D2_late_increasing",0.340311180517308,-0.404859055288954,9.18696231147391e-43,0.357943925233645,FALSE,TRUE
"Y_56","SCO2","D2_late_increasing",0.340379719172337,-0.417298627440831,1.33730001571276e-45,0.276635514018692,FALSE,TRUE
"Y_56","CCL14","D2_late_increasing",0.340639892071421,-0.369021624886068,2.48196305936517e-35,0.205607476635514,FALSE,TRUE
"Y_56","SEC61A1","D2_late_increasing",0.341044310884654,-0.370314598351276,1.39020874965102e-35,0.502803738317757,FALSE,TRUE
"Y_56","FMOD","D2_late_increasing",0.341258386287912,-0.448836596362822,2.71833954214365e-53,0.38411214953271,FALSE,TRUE
"Y_56","AKR1A1","D2_late_increasing",0.342204509824038,-0.384693975884381,1.81563631990445e-38,0.324299065420561,FALSE,TRUE
"Y_56","IFI6","D2_late_increasing",0.342457576238015,-0.469275721406662,1.00179672261759e-58,0.392523364485981,FALSE,TRUE
"Y_56","ANXA6","D2_late_increasing",0.342614183683878,-0.386577812777086,7.53188644097626e-39,0.393457943925234,FALSE,TRUE
"Y_56","C7orf50","D2_late_increasing",0.343465600056813,-0.39775599822817,3.25752616457137e-41,0.337383177570093,FALSE,TRUE
"Y_56","IFITM3","D2_late_increasing",0.344236747825745,-0.609459073393058,3.09221896093432e-108,0.873831775700935,FALSE,TRUE
"Y_56","FTL","D2_late_increasing",0.34582570637273,-0.624915838961133,2.47168698087212e-115,0.936448598130841,FALSE,TRUE
"Y_56","FARP1","D2_late_increasing",0.346214259173371,-0.186173954496193,9.51601589977936e-10,0.325233644859813,FALSE,FALSE
"Y_56","HMCN1","D2_late_increasing",0.346397947319338,-0.156696819727533,2.77984811033439e-07,0.238317757009346,FALSE,FALSE
"Y_56","PARVB","D2_late_increasing",0.347055233822306,-0.281247871911219,1.05855898296269e-20,0.2,FALSE,TRUE
"Y_56","RP11-25H12.1","D2_late_increasing",0.34792473166388,-0.506698598122571,1.04841802166136e-69,0.483177570093458,FALSE,TRUE
"Y_56","SRA1","D2_late_increasing",0.348002979477397,-0.385096772146997,1.50953636940811e-38,0.237383177570093,FALSE,TRUE
"Y_56","LOX","D2_late_increasing",0.348744946034995,-0.365322019463574,1.27929115701997e-34,0.271028037383178,FALSE,TRUE
"Y_56","TUBB2A","D2_late_increasing",0.348857772359957,-0.346918345956542,3.39214285842916e-31,0.303738317757009,FALSE,TRUE
"Y_56","PLTP","D2_late_increasing",0.349574061966717,-0.444469274383033,3.47338627875026e-52,0.373831775700935,FALSE,TRUE
"Y_56","RP11-417E7.2","D2_late_increasing",0.349620601848757,-0.401795125254951,4.39761786792392e-42,0.161682242990654,FALSE,TRUE
"Y_56","C1S","D2_late_increasing",0.349975228274258,-0.456704574603499,2.44193579482644e-55,0.602803738317757,FALSE,TRUE
"Y_56","LGALS1","D2_late_increasing",0.350063217844823,-0.655110283648309,2.06644406647329e-130,0.909345794392523,FALSE,TRUE
"Y_56","TGFB3","D2_late_increasing",0.3505448126174,-0.334257689525203,5.64813205710621e-29,0.249532710280374,FALSE,TRUE
"Y_56","CRABP2","D2_late_increasing",0.350915387654992,-0.437333331346574,2.1908072372026e-50,0.580373831775701,FALSE,TRUE
"Y_56","NID2","D2_late_increasing",0.352407577504147,-0.318052984171325,2.88771282533737e-26,0.205607476635514,FALSE,TRUE
"Y_56","C4orf48","D2_late_increasing",0.352417266073106,-0.498352526894253,3.96794331666703e-67,0.322429906542056,FALSE,TRUE
"Y_56","HTRA1","D2_late_increasing",0.35251104889448,-0.434741480634819,9.55288747512829e-50,0.634579439252336,FALSE,TRUE
"Y_56","FLNC","D2_late_increasing",0.352878205192181,-0.380820287295678,1.12434973341121e-37,0.194392523364486,FALSE,TRUE
"Y_56","MXRA7","D2_late_increasing",0.35296968913865,-0.397960107246339,2.96178070193436e-41,0.38411214953271,FALSE,TRUE
"Y_56","CLEC11A","D2_late_increasing",0.353107496192035,-0.503443434245527,1.1004623790398e-68,0.596261682242991,FALSE,TRUE
"Y_56","IFT20","D2_late_increasing",0.353344386027386,-0.38958045614451,1.75949471046286e-39,0.251401869158879,FALSE,TRUE
"Y_56","ROR2","D2_late_increasing",0.354625815345602,-0.112971290585848,0.000221033599502199,0.296261682242991,FALSE,FALSE
"Y_56","NME1-NME2","D2_late_increasing",0.354630313446483,-0.579305845697253,1.73211032427887e-95,0.798130841121495,FALSE,TRUE
"Y_56","TNFAIP6","D2_late_increasing",0.354656082726791,-0.374609309121924,1.97526146788355e-36,0.165420560747664,FALSE,TRUE
"Y_56","RP11-14N7.2","D2_late_increasing",0.354768792416124,-0.415966159088193,2.69692412220576e-45,0.271028037383178,FALSE,TRUE
"Y_56","S100A9","D2_late_increasing",0.35565256655538,-0.37066616299575,1.18921319242315e-35,0.357009345794393,FALSE,TRUE
"Y_56","SNX8","D2_late_increasing",0.355717176711231,-0.315360858957747,7.86752507922213e-26,0.185046728971963,FALSE,TRUE
"Y_56","ECM1","D2_late_increasing",0.356745336783434,-0.472882767787851,9.81563353475876e-60,0.466355140186916,FALSE,TRUE
"Y_56","GPX7","D2_late_increasing",0.357950241925809,-0.444942672630711,2.63815613700109e-52,0.246728971962617,FALSE,TRUE
"Y_56","HIC1","D2_late_increasing",0.358160805751752,-0.356014390361273,7.39123591857857e-33,0.279439252336449,FALSE,TRUE
"Y_56","EPHB2","D2_late_increasing",0.358887408227509,-0.267647955765382,7.48258141528041e-19,0.152336448598131,FALSE,TRUE
"Y_56","GLIPR2","D2_late_increasing",0.35938023678996,-0.412425200259652,1.77647767554267e-44,0.213084112149533,FALSE,TRUE
"Y_56","EVL","D2_late_increasing",0.359944387103756,-0.299419654243532,2.38365202144595e-23,0.334579439252336,FALSE,TRUE
"Y_56","PRAF2","D2_late_increasing",0.361289708540958,-0.424814675768031,2.39038334365882e-47,0.285046728971963,FALSE,TRUE
"Y_56","TMEM214","D2_late_increasing",0.361515378293863,-0.37508986151015,1.58722860034082e-36,0.226168224299065,FALSE,TRUE
"Y_56","CYB561","D2_late_increasing",0.362080740966508,-0.304790260612547,3.60080108100678e-24,0.190654205607477,FALSE,TRUE
"Y_56","MAGED1","D2_late_increasing",0.362266394045889,-0.38400806995899,2.50402406639562e-38,0.431775700934579,FALSE,TRUE
"Y_56","HM13","D2_late_increasing",0.362292978597348,-0.336008685862387,2.83279794387404e-29,0.477570093457944,FALSE,TRUE
"Y_56","FNDC1","D2_late_increasing",0.362873537001184,-0.317003721377561,4.27217409376587e-26,0.172897196261682,FALSE,TRUE
"Y_56","C11orf24","D2_late_increasing",0.363075935764534,-0.365581913112134,1.14701729434105e-34,0.25981308411215,FALSE,TRUE
"Y_56","HTRA3","D2_late_increasing",0.363082524026164,-0.440838720556867,2.87063763574582e-51,0.326168224299065,FALSE,TRUE
"Y_56","NT5DC2","D2_late_increasing",0.36428080001574,-0.370112773833533,1.52108052935508e-35,0.208411214953271,FALSE,TRUE
"Y_56","PLAU","D2_late_increasing",0.365541313786297,-0.372513183134385,5.15113653745332e-36,0.250467289719626,FALSE,TRUE
"Y_56","NAGK","D2_late_increasing",0.366084349683168,-0.356148950393179,6.98622701548219e-33,0.296261682242991,FALSE,TRUE
"Y_56","SPATS2L","D2_late_increasing",0.366248464262057,-0.292590789287848,2.47906311768211e-22,0.573831775700935,FALSE,TRUE
"Y_56","FKBP9","D2_late_increasing",0.366429161799619,-0.362190901120545,5.13898416604357e-34,0.390654205607477,FALSE,TRUE
"Y_56","PLOD1","D2_late_increasing",0.366821890006888,-0.445315384200298,2.12674109688108e-52,0.385981308411215,FALSE,TRUE
"Y_56","SEMA6B","D2_late_increasing",0.368068640113791,-0.395669761364475,9.15737142808457e-41,0.170093457943925,FALSE,TRUE
"Y_56","TXNDC5","D2_late_increasing",0.368102294623265,-0.395603751877083,9.42832480592024e-41,0.317757009345794,FALSE,TRUE
"Y_56","P4HB","D2_late_increasing",0.368239904375066,-0.447726555787944,5.19542270965587e-53,0.642056074766355,FALSE,TRUE
"Y_56","CUEDC1","D2_late_increasing",0.368572447434894,-0.237244822124835,4.70206924712103e-15,0.191588785046729,FALSE,TRUE
"Y_56","SLC38A10","D2_late_increasing",0.368725926628773,-0.350370370043922,8.04427222908653e-32,0.320560747663551,FALSE,TRUE
"Y_56","POLD4","D2_late_increasing",0.369169790032523,-0.448932649371787,2.58268466518479e-53,0.337383177570093,FALSE,TRUE
"Y_56","CISD1","D2_late_increasing",0.36940505487056,-0.459412200679113,4.71328117503976e-56,0.270093457943925,FALSE,TRUE
"Y_56","TTYH3","D2_late_increasing",0.369748485599445,-0.356276361640227,6.62400513269571e-33,0.285046728971963,FALSE,TRUE
"Y_56","DAB2","D2_late_increasing",0.36975870707988,-0.477851347336018,3.89965861330175e-61,0.405607476635514,FALSE,TRUE
"Y_56","OLFML3","D2_late_increasing",0.370227316576453,-0.482949437781751,1.44167066896443e-62,0.501869158878505,FALSE,TRUE
"Y_56","RPS26","D2_late_increasing",0.370479249581609,-0.595645207097618,3.3188311453234e-102,0.828971962616822,FALSE,TRUE
"Y_56","HDLBP","D2_late_increasing",0.370913779194278,-0.458536948929864,8.01064987531124e-56,0.591588785046729,FALSE,TRUE
"Y_56","KDELR2","D2_late_increasing",0.371182307567453,-0.480936683314879,5.36637538759133e-62,0.526168224299065,FALSE,TRUE
"Y_56","PLIN3","D2_late_increasing",0.372040848537541,-0.437198844178405,2.35433289859941e-50,0.41214953271028,FALSE,TRUE
"Y_56","METRN","D2_late_increasing",0.372502698199752,-0.441128863680495,2.43591794345393e-51,0.282242990654206,FALSE,TRUE
"Y_56","IFI27","D2_late_increasing",0.372507313172402,-0.409437497361068,8.54667308547934e-44,0.431775700934579,FALSE,TRUE
"Y_56","BACE2","D2_late_increasing",0.372731352369236,-0.358975135644229,2.06530723823842e-33,0.28411214953271,FALSE,TRUE
"Y_56","ANGPTL2","D2_late_increasing",0.372735356658295,-0.421090400113016,1.74057229007104e-46,0.423364485981308,FALSE,TRUE
"Y_56","TMED3","D2_late_increasing",0.372912595302469,-0.461102784866128,1.66136516943837e-56,0.392523364485981,FALSE,TRUE
"Y_56","TGFBI","D2_late_increasing",0.372989483848214,-0.413199016669257,1.18082981015073e-44,0.313084112149533,FALSE,TRUE
"Y_56","ABI3BP","D2_late_increasing",0.373448959356501,-0.280046887501719,1.55352321715358e-20,0.310280373831776,FALSE,TRUE
"Y_56","SORCS2","D2_late_increasing",0.374482421142676,-0.184434695399935,1.36717709626212e-09,0.158878504672897,FALSE,FALSE
"Y_56","TPM1","D2_late_increasing",0.374739107494874,-0.382883501588517,4.29386081889533e-38,0.360747663551402,FALSE,TRUE
"Y_56","HMCN2","D2_late_increasing",0.37542355343137,-0.25502117813204,3.22616121579651e-17,0.15981308411215,FALSE,TRUE
"Y_56","MYOF","D2_late_increasing",0.375725667129707,-0.211247083523931,3.4620106695458e-12,0.268224299065421,FALSE,TRUE
"Y_56","AP2S1","D2_late_increasing",0.376842633001279,-0.509369067235961,1.55828905794283e-70,0.416822429906542,FALSE,TRUE
"Y_56","PDGFRL","D2_late_increasing",0.377098852803871,-0.399484166274455,1.39915116353257e-41,0.320560747663551,FALSE,TRUE
"Y_56","SEC13","D2_late_increasing",0.377205165444762,-0.419455769726723,4.21759171250288e-46,0.392523364485981,FALSE,TRUE
"Y_56","RUNX1","D2_late_increasing",0.377934575629949,-0.219577844009614,4.53669138081937e-13,0.390654205607477,FALSE,TRUE
"Y_56","PLXDC2","D2_late_increasing",0.378387520930443,-0.141229154082231,3.72486692833419e-06,0.389719626168224,FALSE,FALSE
"Y_56","LRP1","D2_late_increasing",0.378880731199055,-0.37618776004264,9.60010724150379e-37,0.703738317757009,FALSE,TRUE
"Y_56","BGN","D2_late_increasing",0.378910035093399,-0.556106759840823,1.60126399883275e-86,0.709345794392523,FALSE,TRUE
"Y_56","ADAMTS14","D2_late_increasing",0.378949314696326,-0.223944667339364,1.52117742993647e-13,0.139252336448598,FALSE,TRUE
"Y_56","FKBP14","D2_late_increasing",0.379479391543174,-0.406017491151953,5.09509206129181e-43,0.281308411214953,FALSE,TRUE
"Y_56","ATOX1","D2_late_increasing",0.380099620497032,-0.469412612753702,9.24909662291096e-59,0.483177570093458,FALSE,TRUE
"Y_56","NME4","D2_late_increasing",0.38120719482983,-0.494852060357259,4.58911127123358e-66,0.455140186915888,FALSE,TRUE
"Y_56","ISOC2","D2_late_increasing",0.381490792481384,-0.481158756890346,4.66885381900611e-62,0.347663551401869,FALSE,TRUE
"Y_56","CD151","D2_late_increasing",0.382060754618347,-0.448513314574158,3.28067022379353e-53,0.366355140186916,FALSE,TRUE
"Y_56","CTSB","D2_late_increasing",0.382071060034197,-0.480124695046309,9.06674385515219e-62,0.557009345794393,FALSE,TRUE
"Y_56","MVP","D2_late_increasing",0.382288563374034,-0.424863146885873,2.3393343282473e-47,0.364485981308411,FALSE,TRUE
"Y_56","MAP4K4","D2_late_increasing",0.382433516336101,-0.297951267614867,3.9488438326943e-23,0.530841121495327,FALSE,TRUE
"Y_56","C1R","D2_late_increasing",0.382605861147609,-0.527995435066349,1.26248203261485e-76,0.699065420560748,FALSE,TRUE
"Y_56","FAM20C","D2_late_increasing",0.382852315647724,-0.431551371134368,5.68596272132239e-49,0.286915887850467,FALSE,TRUE
"Y_56","GPX8","D2_late_increasing",0.383232033875736,-0.416202269004809,2.38550547205667e-45,0.232710280373832,FALSE,TRUE
"Y_56","OST4","D2_late_increasing",0.384765385221389,-0.545354922927977,1.31992646648777e-82,0.680373831775701,FALSE,TRUE
"Y_56","RCN1","D2_late_increasing",0.384968624597394,-0.464658628225824,1.84532807174738e-57,0.400934579439252,FALSE,TRUE
"Y_56","INAFM1","D2_late_increasing",0.384985611462561,-0.460274709067238,2.77028673254183e-56,0.389719626168224,FALSE,TRUE
"Y_56","PRDX4","D2_late_increasing",0.385431769018368,-0.507771044824271,4.90953473727879e-70,0.433644859813084,FALSE,TRUE
"Y_56","AC005943.2","D2_late_increasing",0.385728927882114,-0.490438618227734,9.29642351252336e-65,0.332710280373832,FALSE,TRUE
"Y_56","S100A8","D2_late_increasing",0.386542128117021,-0.417361046378411,1.2990840524404e-45,0.541121495327103,FALSE,TRUE
"Y_56","FBLN1","D2_late_increasing",0.387214222625333,-0.453377581799011,1.81064022373147e-54,0.749532710280374,FALSE,TRUE
"Y_56","TMEM119","D2_late_increasing",0.387493476608443,-0.484148913458765,6.47203532213963e-63,0.357943925233645,FALSE,TRUE
"Y_56","MIR99AHG","D2_late_increasing",0.388427561153198,-0.13350031874226,1.23769799167106e-05,0.303738317757009,FALSE,FALSE
"Y_56","EHD2","D2_late_increasing",0.391170085318382,-0.403561969999564,1.79173008584295e-42,0.368224299065421,FALSE,TRUE
"Y_56","LRRC32","D2_late_increasing",0.391307618683842,-0.443990360316714,4.58616789578623e-52,0.230841121495327,FALSE,TRUE
"Y_56","ISG15","D2_late_increasing",0.392636219351194,-0.446501010422064,1.06176618821053e-52,0.270093457943925,FALSE,TRUE
"Y_56","CADM1","D2_late_increasing",0.392799383552194,-0.319543128810071,1.65233022998334e-26,0.286915887850467,FALSE,TRUE
"Y_56","FAM114A1","D2_late_increasing",0.393334430838918,-0.332736560227889,1.01616514270155e-28,0.342056074766355,FALSE,TRUE
"Y_56","PDXK","D2_late_increasing",0.393988615902263,-0.344091183731032,1.092034539295e-30,0.297196261682243,FALSE,TRUE
"Y_56","CTSK","D2_late_increasing",0.394743092657161,-0.566890858040198,1.32466402241494e-90,0.626168224299065,FALSE,TRUE
"Y_56","PHPT1","D2_late_increasing",0.397469187671025,-0.553242380924755,1.82872468152398e-85,0.58411214953271,FALSE,TRUE
"Y_56","KDELR3","D2_late_increasing",0.397529850763288,-0.442739402918725,9.49502147073879e-52,0.21214953271028,FALSE,TRUE
"Y_56","SSC5D","D2_late_increasing",0.397865827598044,-0.37743566436579,5.48959595295247e-37,0.318691588785047,FALSE,TRUE
"Y_56","ARHGAP1","D2_late_increasing",0.399059614878967,-0.343835277152251,1.21016574490903e-30,0.290654205607477,FALSE,TRUE
"Y_56","HEG1","D2_late_increasing",0.399866186893844,-0.335198777771448,3.91337375280801e-29,0.305607476635514,FALSE,TRUE
"Y_56","TNFRSF12A","D2_late_increasing",0.400623642895375,-0.401061864540838,6.35229624388673e-42,0.188785046728972,FALSE,TRUE
"Y_56","DPT","D2_late_increasing",0.400947351685895,-0.508426808283067,3.07492786086534e-70,0.454205607476636,FALSE,TRUE
"Y_56","ITGA11","D2_late_increasing",0.402107687783412,-0.290848939567597,4.45929181264814e-22,0.210280373831776,FALSE,TRUE
"Y_56","PIEZO2","D2_late_increasing",0.403648390742541,-0.21592674210001,1.12067400187212e-12,0.183177570093458,FALSE,TRUE
"Y_56","B4GALT2","D2_late_increasing",0.404415773847924,-0.434858382898425,8.98450698988791e-50,0.308411214953271,FALSE,TRUE
"Y_56","TYMP","D2_late_increasing",0.404505521678785,-0.463707719148647,3.34523321823472e-57,0.411214953271028,FALSE,TRUE
"Y_56","CD74","D2_late_increasing",0.407741166231473,-0.454492218056212,9.4081486999683e-55,0.445794392523365,FALSE,TRUE
"Y_56","HLA-DRA","D2_late_increasing",0.408371007533396,-0.394263243484075,1.81169730121856e-40,0.266355140186916,FALSE,TRUE
"Y_56","EFEMP2","D2_late_increasing",0.408945554297083,-0.53786601835152,5.71059259919531e-80,0.499065420560748,FALSE,TRUE
"Y_56","PALLD","D2_late_increasing",0.411420774242056,-0.234162521326769,1.07319924562814e-14,0.438317757009346,FALSE,TRUE
"Y_56","CST3","D2_late_increasing",0.412605989328256,-0.655292934356377,1.74310629274534e-130,0.751401869158879,FALSE,TRUE
"Y_56","C1orf122","D2_late_increasing",0.412806615658874,-0.549184577669764,5.4727002448725e-84,0.413084112149533,FALSE,TRUE
"Y_56","GAS6","D2_late_increasing",0.413049408004116,-0.458860209546638,6.59955924720728e-56,0.466355140186916,FALSE,TRUE
"Y_56","ZMAT3","D2_late_increasing",0.41327592495243,-0.42320555031498,5.71130785488259e-47,0.276635514018692,FALSE,TRUE
"Y_56","LIMA1","D2_late_increasing",0.413299324916869,-0.27200945162722,1.96183461242797e-19,0.307476635514019,FALSE,TRUE
"Y_56","PDLIM7","D2_late_increasing",0.413701179856332,-0.35819418312361,2.90159665790343e-33,0.295327102803738,FALSE,TRUE
"Y_56","PDLIM2","D2_late_increasing",0.413712725315241,-0.535122045722934,4.87189534751266e-79,0.483177570093458,FALSE,TRUE
"Y_56","MYDGF","D2_late_increasing",0.414110054588047,-0.476458380142005,9.54934593641736e-61,0.418691588785047,FALSE,TRUE
"Y_56","CILP2","D2_late_increasing",0.414630736293915,-0.413460386283722,1.03163717346885e-44,0.203738317757009,FALSE,TRUE
"Y_56","GUCY1A3","D2_late_increasing",0.41577382658838,-0.393092498541254,3.24055407761495e-40,0.268224299065421,FALSE,TRUE
"Y_56","BNC2","D2_late_increasing",0.417653584894069,-0.219657775413293,4.45141145228236e-13,0.31588785046729,FALSE,TRUE
"Y_56","COL18A1","D2_late_increasing",0.418209862987531,-0.461728089829869,1.13917462700396e-56,0.462616822429907,FALSE,TRUE
"Y_56","LGALS3BP","D2_late_increasing",0.419291226178689,-0.527121691699954,2.42788937141375e-76,0.411214953271028,FALSE,TRUE
"Y_56","TMSB10","D2_late_increasing",0.420355913528934,-0.698360482895451,2.48302299740665e-155,0.959813084112149,FALSE,TRUE
"Y_56","S100A11","D2_late_increasing",0.421454715874727,-0.621983194730548,5.83302208820023e-114,0.790654205607477,FALSE,TRUE
"Y_56","C1QTNF5","D2_late_increasing",0.421489798247992,-0.535690719994967,3.13737031560553e-79,0.423364485981308,FALSE,TRUE
"Y_56","FSTL1","D2_late_increasing",0.423019719044888,-0.48065734553934,6.40913642712332e-62,0.561682242990654,FALSE,TRUE
"Y_56","OGN","D2_late_increasing",0.423518649153053,-0.46362142848284,3.50498272301838e-57,0.280373831775701,FALSE,TRUE
"Y_56","THBS4","D2_late_increasing",0.42398469242196,-0.516587770218339,7.46960459011112e-73,0.289719626168224,FALSE,TRUE
"Y_56","GOLM1","D2_late_increasing",0.42591038343713,-0.432299350598141,3.73499187964347e-49,0.342056074766355,FALSE,TRUE
"Y_56","P3H3","D2_late_increasing",0.426623424448005,-0.450436823775555,1.05497737925495e-53,0.402803738317757,FALSE,TRUE
"Y_56","HCFC1R1","D2_late_increasing",0.427379805576498,-0.589736072185135,9.80984247996979e-100,0.544859813084112,FALSE,TRUE
"Y_56","ARPC1B","D2_late_increasing",0.428626638665247,-0.535002310731065,5.27534743186217e-79,0.446728971962617,FALSE,TRUE
"Y_56","FKBP11","D2_late_increasing",0.430731618093456,-0.495814490208106,2.35995522029341e-66,0.28411214953271,FALSE,TRUE
"Y_56","CCDC80","D2_late_increasing",0.434036995466818,-0.490585403371454,8.48996374441266e-65,0.71214953271028,FALSE,TRUE
"Y_56","AK1","D2_late_increasing",0.43408722408751,-0.466377257742835,6.32948979307655e-58,0.316822429906542,FALSE,TRUE
"Y_56","C1QTNF6","D2_late_increasing",0.434205988527976,-0.529566216190123,3.73068926909307e-77,0.323364485981308,FALSE,TRUE
"Y_56","PODN","D2_late_increasing",0.434390008078172,-0.488373291788039,3.77905502325087e-64,0.442056074766355,FALSE,TRUE
"Y_56","ACTA2","D2_late_increasing",0.436814346827136,-0.422592967292816,7.88713551799675e-47,0.313084112149533,FALSE,TRUE
"Y_56","CKAP4","D2_late_increasing",0.437558927028088,-0.490884833032814,6.97613276828025e-65,0.516822429906542,FALSE,TRUE
"Y_56","SULF1","D2_late_increasing",0.438552121898307,-0.268934124607311,5.06533462596945e-19,0.196261682242991,FALSE,TRUE
"Y_56","ZNF469","D2_late_increasing",0.441192703142919,-0.380510736722594,1.29480019530881e-37,0.213084112149533,FALSE,TRUE
"Y_56","P3H1","D2_late_increasing",0.442568707669711,-0.468394716724607,1.75190803355899e-58,0.366355140186916,FALSE,TRUE
"Y_56","MIR4435-2HG","D2_late_increasing",0.443180507598268,-0.395538535017769,9.66438384049418e-41,0.276635514018692,FALSE,TRUE
"Y_56","FAP","D2_late_increasing",0.444671934332123,-0.400838105223857,7.09338744522891e-42,0.25607476635514,FALSE,TRUE
"Y_56","TSHZ2","D2_late_increasing",0.445193912988449,-0.302171496198161,9.12786527416658e-24,0.388785046728972,FALSE,TRUE
"Y_56","COL11A1","D2_late_increasing",0.446171856370657,-0.340969858170792,3.89077706066683e-30,0.283177570093458,FALSE,TRUE
"Y_56","VKORC1","D2_late_increasing",0.446591180612023,-0.577271644438304,1.1204758691102e-94,0.553271028037383,FALSE,TRUE
"Y_56","SMOC2","D2_late_increasing",0.446824562990523,-0.421235990049255,1.61486615438622e-46,0.328971962616822,FALSE,TRUE
"Y_56","CHPF","D2_late_increasing",0.449325469311865,-0.48206168069064,2.59601890769175e-62,0.360747663551402,FALSE,TRUE
"Y_56","NBL1","D2_late_increasing",0.449712757691652,-0.501190888708522,5.49596122833078e-68,0.518691588785047,FALSE,TRUE
"Y_56","COL12A1","D2_late_increasing",0.449901756186301,-0.330497979678634,2.44817338452512e-28,0.403738317757009,FALSE,TRUE
"Y_56","FKBP10","D2_late_increasing",0.453985332006537,-0.446788073484598,9.00026888183429e-53,0.470093457943925,FALSE,TRUE
"Y_56","SULF2","D2_late_increasing",0.455264241561071,-0.391989154656123,5.50519404368158e-40,0.364485981308411,FALSE,TRUE
"Y_56","COL16A1","D2_late_increasing",0.455597682482696,-0.365881868496475,1.0098577718172e-34,0.48411214953271,FALSE,TRUE
"Y_56","MMP2","D2_late_increasing",0.455695918873066,-0.530634809717875,1.6560151741895e-77,0.642056074766355,FALSE,TRUE
"Y_56","SERF2","D2_late_increasing",0.459699145223833,-0.726883949792043,2.73533641747147e-174,0.922429906542056,FALSE,TRUE
"Y_56","MXRA5","D2_late_increasing",0.459842173227087,-0.462362841907309,7.69924436947156e-57,0.501869158878505,FALSE,TRUE
"Y_56","P4HA2","D2_late_increasing",0.460238891410099,-0.477687922413417,4.30765195087519e-61,0.342990654205607,FALSE,TRUE
"Y_56","NREP","D2_late_increasing",0.464345339929884,-0.456812050124245,2.30166729967454e-55,0.330841121495327,FALSE,TRUE
"Y_56","PYCR1","D2_late_increasing",0.46593192511049,-0.521913512958955,1.35259993059834e-74,0.281308411214953,FALSE,TRUE
"Y_56","EMILIN1","D2_late_increasing",0.467688345275899,-0.536730218811859,1.38130522542702e-79,0.610280373831776,FALSE,TRUE
"Y_56","MYL9","D2_late_increasing",0.469896475322887,-0.57692408442117,1.50984124551791e-94,0.548598130841122,FALSE,TRUE
"Y_56","RARRES2","D2_late_increasing",0.470350933129967,-0.642562391708179,6.06308481402787e-124,0.602803738317757,FALSE,TRUE
"Y_56","LINC00152","D2_late_increasing",0.470824382085805,-0.44322504588657,7.17054139175744e-52,0.275700934579439,FALSE,TRUE
"Y_56","P3H4","D2_late_increasing",0.472229272906399,-0.481391532162862,4.03285907717125e-62,0.327102803738318,FALSE,TRUE
"Y_56","PPIB","D2_late_increasing",0.4752214342075,-0.680736548650359,1.22716731631306e-144,0.811214953271028,FALSE,TRUE
"Y_56","VCAN","D2_late_increasing",0.482482106793678,-0.479567053011179,1.29143037712219e-61,0.609345794392523,FALSE,TRUE
"Y_56","CPXM1","D2_late_increasing",0.484195614883914,-0.559453268701084,8.99929507145406e-88,0.477570093457944,FALSE,TRUE
"Y_56","IGFBP4","D2_late_increasing",0.484266829462123,-0.649156558502713,2.69427811215592e-127,0.632710280373832,FALSE,TRUE
"Y_56","ARMC9","D2_late_increasing",0.484354611569181,-0.500013221402696,1.24552401212102e-67,0.404672897196262,FALSE,TRUE
"Y_56","SERPINF1","D2_late_increasing",0.484489532854308,-0.676691156331365,2.48162566369889e-142,0.621495327102804,FALSE,TRUE
"Y_56","COPZ2","D2_late_increasing",0.4856440504596,-0.60668488800039,5.07789847075792e-107,0.522429906542056,FALSE,TRUE
"Y_56","PPIC","D2_late_increasing",0.487683275360519,-0.640136603367402,9.791764571616e-123,0.477570093457944,FALSE,TRUE
"Y_56","FOXP1","D2_late_increasing",0.487989648768246,-0.343198959437194,1.56525430859773e-30,0.399065420560748,FALSE,TRUE
"Y_56","OLFML2B","D2_late_increasing",0.490248132905478,-0.484959193512771,3.77348020800195e-63,0.368224299065421,FALSE,TRUE
"Y_56","LRRC15","D2_late_increasing",0.49081923286859,-0.54239254764519,1.47134426859003e-81,0.363551401869159,FALSE,TRUE
"Y_56","ASPN","D2_late_increasing",0.492847398280334,-0.457386009893874,1.62509346249667e-55,0.329906542056075,FALSE,TRUE
"Y_56","COL5A3","D2_late_increasing",0.495443427605926,-0.478826131282398,2.07747518084393e-61,0.42803738317757,FALSE,TRUE
"Y_56","SFRP4","D2_late_increasing",0.50104274565006,-0.530836047814543,1.43510944845822e-77,0.310280373831776,FALSE,TRUE
"Y_56","SEPT11","D2_late_increasing",0.502030422194354,-0.425556456370164,1.59888262899239e-47,0.463551401869159,FALSE,TRUE
"Y_56","BASP1","D2_late_increasing",0.503226699546589,-0.543850822909659,4.5041028425925e-82,0.397196261682243,FALSE,TRUE
"Y_56","NNMT","D2_late_increasing",0.506370129079286,-0.668333705340725,1.36033944594912e-137,0.561682242990654,FALSE,TRUE
"Y_56","MARCKS","D2_late_increasing",0.50686424337611,-0.587011504263152,1.28062875931515e-98,0.628971962616822,FALSE,TRUE
"Y_56","HSPG2","D2_late_increasing",0.507760629828775,-0.478474598797344,2.60111918705631e-61,0.549532710280374,FALSE,TRUE
"Y_56","TIMP1","D2_late_increasing",0.509438893993557,-0.733885929153842,2.60047335684366e-179,0.724299065420561,FALSE,TRUE
"Y_56","ARL4C","D2_late_increasing",0.521947688265525,-0.519583530978096,7.92550120995296e-74,0.327102803738318,FALSE,TRUE
"Y_56","AEBP1","D2_late_increasing",0.522750418915746,-0.572869784750013,6.12061822054547e-93,0.75607476635514,FALSE,TRUE
"Y_56","WISP2","D2_late_increasing",0.524554173949189,-0.6215162969486,9.33085904810192e-114,0.472897196261682,FALSE,TRUE
"Y_56","TAGLN","D2_late_increasing",0.527603077578396,-0.587787923399119,6.24393597486314e-99,0.411214953271028,FALSE,TRUE
"Y_56","BMP1","D2_late_increasing",0.527997520321046,-0.485555186025758,2.54218914226569e-63,0.378504672897196,FALSE,TRUE
"Y_56","COL8A1","D2_late_increasing",0.528205499173444,-0.473237080318084,7.85538882844775e-60,0.334579439252336,FALSE,TRUE
"Y_56","THBS2","D2_late_increasing",0.533760419623028,-0.498765999546168,2.99300204509449e-67,0.422429906542056,FALSE,TRUE
"Y_56","FBN1","D2_late_increasing",0.537569813553475,-0.465902701127188,8.44106562673481e-58,0.561682242990654,FALSE,TRUE
"Y_56","MRC2","D2_late_increasing",0.539388717801095,-0.424603668197765,2.67349468186235e-47,0.65607476635514,FALSE,TRUE
"Y_56","COL6A1","D2_late_increasing",0.540062960957089,-0.646548733662661,5.77320326787425e-126,0.905607476635514,FALSE,TRUE
"Y_56","CTHRC1","D2_late_increasing",0.543646436411873,-0.618857755178343,1.58233897396128e-112,0.477570093457944,FALSE,TRUE
"Y_56","PCOLCE","D2_late_increasing",0.547420452614606,-0.718389000050586,1.76612660276654e-168,0.72803738317757,FALSE,TRUE
"Y_56","COL14A1","D2_late_increasing",0.555193333895029,-0.513341050761061,8.42158927264879e-72,0.535514018691589,FALSE,TRUE
"Y_56","ADAMTS2","D2_late_increasing",0.557547065315705,-0.412029441454451,2.18327528350923e-44,0.396261682242991,FALSE,TRUE
"Y_56","COMP","D2_late_increasing",0.560940477502601,-0.591998353568604,1.12118160149708e-100,0.399065420560748,FALSE,TRUE
"Y_56","IGFBP7","D2_late_increasing",0.563563628181433,-0.634774262507531,4.4340390397097e-120,0.652336448598131,FALSE,TRUE
"Y_56","COL6A3","D2_late_increasing",0.566767195591085,-0.527255264799202,2.21983267815817e-76,0.761682242990654,FALSE,TRUE
"Y_56","RCN3","D2_late_increasing",0.573932951497357,-0.704634266133636,2.56799886566768e-159,0.576635514018692,FALSE,TRUE
"Y_56","POSTN","D2_late_increasing",0.577638083585575,-0.585813956442322,3.92163136751576e-98,0.451401869158878,FALSE,TRUE
"Y_56","ADAM12","D2_late_increasing",0.584476317966083,-0.455703487546354,4.49803908115477e-55,0.385046728971963,FALSE,TRUE
"Y_56","COL6A2","D2_late_increasing",0.585110351365519,-0.680178949574999,2.43798010643706e-144,0.914018691588785,FALSE,TRUE
"Y_56","MDK","D2_late_increasing",0.585896597409465,-0.756590551690412,6.54816154569991e-197,0.620560747663551,FALSE,TRUE
"Y_56","CREB3L1","D2_late_increasing",0.591327359873276,-0.582059614568277,1.34348995305198e-96,0.483177570093458,FALSE,TRUE
"Y_56","CERCAM","D2_late_increasing",0.591483523344817,-0.625671622701725,1.12092684604803e-115,0.526168224299065,FALSE,TRUE
"Y_56","GXYLT2","D2_late_increasing",0.592655038860584,-0.537586858152929,7.03340525407888e-80,0.464485981308411,FALSE,TRUE
"Y_56","SERPINH1","D2_late_increasing",0.596047754702269,-0.697548946329044,7.46422555044423e-155,0.637383177570093,FALSE,TRUE
"Y_56","THY1","D2_late_increasing",0.601476245182023,-0.760701395788905,6.36314826503722e-200,0.58785046728972,FALSE,TRUE
"Y_56","FN1","D2_late_increasing",0.602426163623404,-0.561735438375677,1.24861574666479e-88,0.555140186915888,FALSE,TRUE
"Y_56","SFRP2","D2_late_increasing",0.638255220221948,-0.72625541763535,6.7307896595168e-174,0.583177570093458,FALSE,TRUE
"Y_56","COL5A2","D2_late_increasing",0.671044271418799,-0.593630794580515,2.33882181758083e-101,0.657943925233645,FALSE,TRUE
"Y_56","COL3A1","D2_late_increasing",0.689892955522364,-0.7602622346644,9.88999997572499e-200,0.84392523364486,FALSE,TRUE
"Y_56","COL5A1","D2_late_increasing",0.697339928594652,-0.60932785052526,3.42865739999424e-108,0.685981308411215,FALSE,TRUE
"Y_56","COL1A2","D2_late_increasing",0.704660661143761,-0.721055754688562,2.78100666050727e-170,0.891588785046729,FALSE,TRUE
"Y_56","SPARC","D2_late_increasing",0.70699931541262,-0.784314559486287,1.22267687159959e-220,0.77196261682243,FALSE,TRUE
"Y_56","COL1A1","D2_late_increasing",0.735833368916728,-0.758213485626034,3.7567236684109e-198,0.869158878504673,FALSE,TRUE
"Y_1","LAMC3","D1_early_decreasing",-0.48724972991885,0.465947974164438,3.24921478367311e-57,0.177570093457944,FALSE,TRUE
"Y_1","SEMA3G","D1_early_decreasing",-0.479506752843761,0.471326921937696,1.09025919494499e-58,0.163551401869159,FALSE,TRUE
"Y_1","IGFBP3","D1_early_decreasing",-0.444062660641216,0.495155932416114,1.79184114387399e-65,0.472897196261682,FALSE,TRUE
"Y_1","ALX4","D1_early_decreasing",-0.44109901345244,0.431153218687414,2.75887850706655e-48,0.162616822429907,FALSE,TRUE
"Y_1","COL23A1","D1_early_decreasing",-0.440880211769439,0.401750049558916,1.24044403206509e-41,0.22803738317757,FALSE,TRUE
"Y_1","TFAP2A","D1_early_decreasing",-0.437360512329504,0.466860341343933,1.87470097682008e-57,0.236448598130841,FALSE,TRUE
"Y_1","TCF4","D1_early_decreasing",-0.421133203439401,0.346170329139712,1.53987876730861e-30,0.744859813084112,FALSE,TRUE
"Y_1","BMP7","D1_early_decreasing",-0.409380908198158,0.419184638836289,1.65451236576936e-45,0.146728971962617,FALSE,TRUE
"Y_1","BMP4","D1_early_decreasing",-0.399262356341805,0.376999470577401,2.07928836550932e-36,0.208411214953271,FALSE,TRUE
"Y_1","SLC5A3","D1_early_decreasing",-0.391545871948043,0.378252929386042,1.1612613059908e-36,0.157943925233645,FALSE,TRUE
"Y_1","GADD45G","D1_early_decreasing",-0.380563118823476,0.442360710186674,4.60751944021075e-51,0.203738317757009,FALSE,TRUE
"Y_1","SERPINE2","D1_early_decreasing",-0.364856730638007,0.410405193277362,1.56614745257316e-43,0.363551401869159,FALSE,TRUE
"Y_1","INHBB","D1_early_decreasing",-0.349253154773477,0.331948135071444,4.86798664695301e-28,0.138317757009346,FALSE,TRUE
"Y_1","PRLR","D1_early_decreasing",-0.349151316488299,0.390418239336778,3.58492428713462e-39,0.100934579439252,FALSE,TRUE
"Y_1","TRPS1","D1_early_decreasing",-0.345373314194472,0.328417268761156,1.84713143207763e-27,0.44018691588785,FALSE,TRUE
"Y_1","TIMP3","D1_early_decreasing",-0.343076781206278,0.371739932968908,2.29099295568992e-35,0.535514018691589,FALSE,TRUE
"Y_1","PRDM1","D1_early_decreasing",-0.340201616379488,0.32707191839279,3.08032370308198e-27,0.124299065420561,FALSE,TRUE
"Y_1","PTCH1","D1_early_decreasing",-0.333044464675735,0.33051869055933,8.33174521141213e-28,0.155140186915888,FALSE,TRUE
"Y_1","APCDD1","D1_early_decreasing",-0.328140292455604,0.243630171494831,2.34854534045757e-15,0.334579439252336,FALSE,TRUE
"Y_1","DAAM2","D1_early_decreasing",-0.314610669383509,0.328415559664259,1.84713143207763e-27,0.226168224299065,FALSE,TRUE
"Y_1","INHBA","D1_early_decreasing",-0.307684357436699,0.414482170613424,1.88780904455338e-44,0.326168224299065,FALSE,TRUE
"Y_1","BCL2","D1_early_decreasing",-0.305037276661869,0.272942233239704,4.59481048784776e-19,0.199065420560748,FALSE,TRUE
"Y_1","CENPW","D1_early_decreasing",-0.299195418397044,0.30675046838341,5.94913538212855e-24,0.127102803738318,FALSE,TRUE
"Y_1","CEBPA","D1_early_decreasing",-0.281369766734245,0.284654544619082,1.12237850807751e-20,0.158878504672897,FALSE,TRUE
"Y_1","IGFBP2","D1_early_decreasing",-0.269273030639444,0.323668031949769,1.12484001548593e-26,0.135514018691589,FALSE,TRUE
"Y_1","MRPS6","D1_early_decreasing",-0.260461968343232,0.3625479267407,1.40444225495307e-33,0.35981308411215,FALSE,TRUE
"Y_1","CRABP1","D1_early_decreasing",-0.259805707571299,0.16589497084879,1.01144516769705e-07,0.100934579439252,FALSE,FALSE
"Y_1","ROBO2","D1_early_decreasing",-0.234937883623184,0.157757487975713,4.17392823049837e-07,0.260747663551402,FALSE,FALSE
"Y_1","DKK2","D1_early_decreasing",-0.234654626789648,0.265412510656672,4.46097964814635e-18,0.244859813084112,FALSE,TRUE
"Y_1","PHLDA1","D1_early_decreasing",-0.23320587724661,0.220450309993314,9.41650699425328e-13,0.153271028037383,FALSE,TRUE
"Y_1","DIO2","D1_early_decreasing",-0.231592608259166,0.247980644504951,7.10384596410847e-16,0.316822429906542,FALSE,TRUE
"Y_1","MYLIP","D1_early_decreasing",-0.230469959860994,0.273866951528771,3.44940017572204e-19,0.307476635514019,FALSE,TRUE
"Y_1","LUZP2","D1_early_decreasing",-0.229573484340504,0.323644977705088,1.12797091505837e-26,0.163551401869159,FALSE,TRUE
"Y_1","ZDHHC14","D1_early_decreasing",-0.226027951298773,0.207057682884656,2.28025740456857e-11,0.149532710280374,FALSE,TRUE
"Y_1","PGM2L1","D1_early_decreasing",-0.222784162766468,0.286691836207286,5.8562293837434e-21,0.141121495327103,FALSE,TRUE
"Y_1","PREX2","D1_early_decreasing",-0.220529006012234,0.163664434895396,1.50251735544617e-07,0.139252336448598,FALSE,FALSE
"Y_1","TNN","D1_early_decreasing",-0.220455320475478,0.304527428189581,1.31205798016401e-23,0.154205607476636,FALSE,TRUE
"Y_1","F2R","D1_early_decreasing",-0.21950442202231,0.246277318308005,1.12734402987908e-15,0.366355140186916,FALSE,TRUE
"Y_1","PLEKHH2","D1_early_decreasing",-0.21606771133373,0.197766006660945,1.79270983724497e-10,0.21588785046729,FALSE,FALSE
"Y_1","HIST1H2BD","D1_early_decreasing",-0.214983641551804,0.30165984771025,3.64040523929696e-23,0.154205607476636,FALSE,TRUE
"Y_1","TWIST1","D1_early_decreasing",-0.211301135465795,0.196331422550635,2.4343964211195e-10,0.425233644859813,FALSE,FALSE
"Y_1","HIST2H2BE","D1_early_decreasing",-0.21097974903763,0.246526471151793,1.05737491646619e-15,0.12803738317757,FALSE,TRUE
"Y_1","ITGA8","D1_early_decreasing",-0.20717724439976,0.225710443463324,2.61368934179613e-13,0.189719626168224,FALSE,TRUE
"Y_1","CPE","D1_early_decreasing",-0.206100949932553,0.272901766091197,4.63502499586815e-19,0.319626168224299,FALSE,TRUE
"Y_1","SOX18","D1_early_decreasing",-0.202076301516848,0.223161794922818,4.88443551974375e-13,0.153271028037383,FALSE,TRUE
"Y_1","PTMA","D2_late_increasing",-0.622799369769097,0.622070435429959,3.58163969466273e-113,0.969158878504673,FALSE,TRUE
"Y_1","RPL35A","D2_late_increasing",-0.551045348610589,0.522666516318829,4.35885021926795e-74,0.953271028037383,FALSE,TRUE
"Y_1","RPL34","D2_late_increasing",-0.514468740369404,0.50178704756231,1.8139946983999e-67,0.97196261682243,FALSE,TRUE
"Y_1","SLC35F1","D2_late_increasing",-0.511332138176131,0.464258884528539,8.9362427210749e-57,0.75981308411215,FALSE,TRUE
"Y_1","H3F3B","D2_late_increasing",-0.495855912758749,0.48977394794009,7.20266646268916e-64,0.906542056074766,FALSE,TRUE
"Y_1","RPL13","D2_late_increasing",-0.47756969282084,0.486020622530884,7.80859134619875e-63,0.994392523364486,FALSE,TRUE
"Y_1","RPL11","D2_late_increasing",-0.459169386495373,0.405770104649542,1.64864739482443e-42,0.986915887850467,FALSE,TRUE
"Y_1","RPS27A","D2_late_increasing",-0.454597796106221,0.507751896634996,2.73839141861435e-69,0.944859813084112,FALSE,TRUE
"Y_1","RPS13","D2_late_increasing",-0.445317671494405,0.45326701143252,7.48744656272805e-54,0.971028037383178,FALSE,TRUE
"Y_1","RPL26","D2_late_increasing",-0.443342470452191,0.419627283709019,1.34416220066387e-45,0.952336448598131,FALSE,TRUE
"Y_1","RPL37A","D2_late_increasing",-0.437498373779041,0.458985045706322,2.38840652093292e-55,0.988785046728972,FALSE,TRUE
"Y_1","RPL5","D2_late_increasing",-0.429406849353908,0.421790352855655,4.49288230524764e-46,0.957943925233645,FALSE,TRUE
"Y_1","RPL13A","D2_late_increasing",-0.428140765855019,0.439156023128805,2.88076936547108e-50,0.989719626168224,FALSE,TRUE
"Y_1","FAU","D2_late_increasing",-0.426130750203916,0.422992439798837,2.36005943100935e-46,0.958878504672897,FALSE,TRUE
"Y_1","RPL19","D2_late_increasing",-0.416656439792459,0.421741970426062,4.52865587625507e-46,0.972897196261682,FALSE,TRUE
"Y_1","RPL6","D2_late_increasing",-0.416482541341546,0.407791815981326,5.95895110867469e-43,0.922429906542056,FALSE,TRUE
"Y_1","RPS14","D2_late_increasing",-0.4161054643909,0.415235792846703,1.33890966345842e-44,0.995327102803738,FALSE,TRUE
"Y_1","RPL4","D2_late_increasing",-0.415605387228934,0.42628205078476,3.94617845982263e-47,0.935514018691589,FALSE,TRUE
"Y_1","RPL30","D2_late_increasing",-0.408632171093835,0.426412399982058,3.74383004352241e-47,0.976635514018692,FALSE,TRUE
"Y_1","RPS27","D2_late_increasing",-0.408546233175956,0.419352633993724,1.53518133807026e-45,0.97196261682243,FALSE,TRUE
"Y_1","RPL24","D2_late_increasing",-0.399746630266726,0.41225399767598,6.12482597414897e-44,0.961682242990654,FALSE,TRUE
"Y_1","GNB2L1","D2_late_increasing",-0.396735132497105,0.384593599219396,5.73896330994624e-38,0.933644859813084,FALSE,TRUE
"Y_1","RPL12","D2_late_increasing",-0.396630612973843,0.358180671945487,9.55063518419487e-33,0.983177570093458,FALSE,TRUE
"Y_1","RPS23","D2_late_increasing",-0.394167175310418,0.414733993841068,1.69595714629259e-44,0.968224299065421,FALSE,TRUE
"Y_1","RPL38","D2_late_increasing",-0.389415427964161,0.411241030039233,1.03456989183634e-43,0.95607476635514,FALSE,TRUE
"Y_1","RPS9","D2_late_increasing",-0.384131935394482,0.359754734345206,4.79882715555873e-33,0.962616822429907,FALSE,TRUE
"Y_1","RPL37","D2_late_increasing",-0.382734990676317,0.329576362094755,1.18853851423701e-27,0.986915887850467,FALSE,TRUE
"Y_1","RPL3","D2_late_increasing",-0.377850624559563,0.366997120229528,1.93140301859513e-34,0.968224299065421,FALSE,TRUE
"Y_1","RPS6","D2_late_increasing",-0.376373222583033,0.395648571347533,2.66778891375214e-40,0.972897196261682,FALSE,TRUE
"Y_1","RPL18","D2_late_increasing",-0.373763673052604,0.349545278552593,3.75163011601583e-31,0.98411214953271,FALSE,TRUE
"Y_1","RPL9","D2_late_increasing",-0.372005175789905,0.414812211759404,1.65522327050144e-44,0.939252336448598,FALSE,TRUE
"Y_1","RPS21","D2_late_increasing",-0.36911250742715,0.386159011816931,2.74102798387268e-38,0.962616822429907,FALSE,TRUE
"Y_1","EEF1A1","D2_late_increasing",-0.366457252523876,0.349397886677841,3.96394210383458e-31,0.999065420560748,FALSE,TRUE
"Y_1","RPL32","D2_late_increasing",-0.362899375581086,0.360352204371574,3.7123095273776e-33,0.983177570093458,FALSE,TRUE
"Y_1","RPS4X","D2_late_increasing",-0.3598741059288,0.375157134762896,4.84685628861473e-36,0.982242990654206,FALSE,TRUE
"Y_1","RPL23","D2_late_increasing",-0.357895251577176,0.325603970016693,5.38108493833487e-27,0.968224299065421,FALSE,TRUE
"Y_1","RPL14","D2_late_increasing",-0.357176961867674,0.327626279877641,2.50750052628349e-27,0.945794392523365,FALSE,TRUE
"Y_1","RPS3A","D2_late_increasing",-0.354321197832187,0.408203056334268,4.86721927855873e-43,0.931775700934579,FALSE,TRUE
"Y_1","RPL21","D2_late_increasing",-0.349446075464728,0.367706110218721,1.42401894031271e-34,0.921495327102804,FALSE,TRUE
"Y_1","RPL7","D2_late_increasing",-0.345744602216266,0.3575389751334,1.24566864710885e-32,0.864485981308411,FALSE,TRUE
"Y_1","RPL22","D2_late_increasing",-0.345441878689684,0.388669488543166,8.29681001442657e-39,0.775700934579439,FALSE,TRUE
"Y_1","RPS8","D2_late_increasing",-0.331840570437597,0.329755129824192,1.11439272987072e-27,0.996261682242991,FALSE,TRUE
"Y_1","HSP90AB1","D2_late_increasing",-0.331644147764836,0.324715425376485,7.57091440352283e-27,0.755140186915888,FALSE,TRUE
"Y_1","VIM","D2_late_increasing",-0.329631093145605,0.331405682922734,5.96619485624925e-28,0.957943925233645,FALSE,TRUE
"Y_1","RPS16","D2_late_increasing",-0.328488280722027,0.355334391428199,3.2221343362595e-32,0.970093457943925,FALSE,TRUE
"Y_1","NACA","D2_late_increasing",-0.325384818279276,0.29298102010602,7.30354893075007e-22,0.921495327102804,FALSE,TRUE
"Y_1","RPS20","D2_late_increasing",-0.3217483451936,0.337470961357561,5.41498262760409e-29,0.973831775700935,FALSE,TRUE
"Y_1","GLTSCR2","D2_late_increasing",-0.312337216417211,0.250925941705804,3.10551178866616e-16,0.769158878504673,FALSE,TRUE
"Y_1","RPL36A","D2_late_increasing",-0.31182903931052,0.319287386087123,5.88172548433126e-26,0.928971962616822,FALSE,TRUE
"Y_1","RPS3","D2_late_increasing",-0.309395865335623,0.373479802071112,1.0512001462607e-35,0.978504672897196,FALSE,TRUE
"Y_1","JUNB","D2_late_increasing",-0.304021977543083,0.293589564285002,5.94733974631544e-22,0.788785046728972,FALSE,TRUE
"Y_1","RPL23A","D2_late_increasing",-0.30222536731368,0.346608734811817,1.28925368610584e-30,0.961682242990654,FALSE,TRUE
"Y_1","RPS5","D2_late_increasing",-0.296657605817121,0.372354892061375,1.73933246463066e-35,0.945794392523365,FALSE,TRUE
"Y_1","BTF3","D2_late_increasing",-0.295835615822344,0.283404634206582,1.67139509488221e-20,0.814953271028037,FALSE,TRUE
"Y_1","RPS17","D2_late_increasing",-0.289845504663776,0.342457242870374,7.21202728920957e-30,0.964485981308411,FALSE,TRUE
"Y_1","RPL17-C18orf32","D2_late_increasing",-0.28796419277549,0.351482217751111,1.67294015689292e-31,0.883177570093458,FALSE,TRUE
"Y_1","RPL10A","D2_late_increasing",-0.285962672650867,0.383532519516035,9.38647613996866e-38,0.938317757009346,FALSE,TRUE
"Y_1","HNRNPA1","D2_late_increasing",-0.283193441758193,0.271817162304192,6.48828133233214e-19,0.779439252336449,FALSE,TRUE
"Y_1","RPS25","D2_late_increasing",-0.274403321944163,0.294630624667675,4.1649326839085e-22,0.919626168224299,FALSE,TRUE
"Y_1","LMO4","D2_late_increasing",-0.271597110997164,0.369675387871366,5.88514282777078e-35,0.571028037383178,FALSE,TRUE
"Y_1","PFDN5","D2_late_increasing",-0.266494741804319,0.258486336619003,3.51742498866437e-17,0.885981308411215,FALSE,TRUE
"Y_1","CIRBP","D2_late_increasing",-0.263125626714602,0.25473386211433,1.04588819224747e-16,0.730841121495327,FALSE,TRUE
"Y_1","RPS15","D2_late_increasing",-0.262585129556937,0.257560990154812,4.60470902498354e-17,0.963551401869159,FALSE,TRUE
"Y_1","RPL31","D2_late_increasing",-0.261618465686952,0.297812044296494,1.38174492238219e-22,0.958878504672897,FALSE,TRUE
"Y_1","RPS7","D2_late_increasing",-0.25948494104019,0.316925096414555,1.42985027770574e-25,0.927102803738318,FALSE,TRUE
"Y_1","ADIRF","D2_late_increasing",-0.257651924373326,0.271661189132212,6.78903887390075e-19,0.620560747663551,FALSE,TRUE
"Y_1","RPS10","D2_late_increasing",-0.256446406773986,0.330854580637061,7.33571083397929e-28,0.939252336448598,FALSE,TRUE
"Y_1","NUCKS1","D2_late_increasing",-0.252756319694565,0.262729317203808,1.00094057352919e-17,0.783177570093458,FALSE,TRUE
"Y_1","RPS15A","D2_late_increasing",-0.252383118703315,0.285143197107199,9.62082222919479e-21,0.945794392523365,FALSE,TRUE
"Y_1","FGFR1","D2_late_increasing",-0.251954293689233,0.276142943716821,1.68872944822634e-19,0.603738317757009,FALSE,TRUE
"Y_1","CD81","D2_late_increasing",-0.24362211414552,0.134205940894785,1.72810614769737e-05,0.883177570093458,FALSE,FALSE
"Y_1","EIF1","D2_late_increasing",-0.241159255792612,0.314203846410448,3.94649220882202e-25,0.85607476635514,FALSE,TRUE
"Y_1","ZFP36L2","D2_late_increasing",-0.238722559920565,0.139974487987689,7.3631733565538e-06,0.766355140186916,FALSE,FALSE
"Y_1","RPS24","D2_late_increasing",-0.238059420447638,0.259803087811187,2.38862782825931e-17,0.961682242990654,FALSE,TRUE
"Y_1","RPL7A","D2_late_increasing",-0.235725421383404,0.269392537275201,1.33349571022875e-18,0.97196261682243,FALSE,TRUE
"Y_1","RPS18","D2_late_increasing",-0.227420906198673,0.244154992855913,2.04006146840044e-15,0.993457943925234,FALSE,TRUE
"Y_1","HMGB1","D2_late_increasing",-0.227319939022366,0.249899296978998,4.15009329958458e-16,0.78785046728972,FALSE,TRUE
"Y_1","HIST1H4C","D2_late_increasing",-0.224415200937419,0.238699101571417,8.87550343714331e-15,0.457009345794393,FALSE,TRUE
"Y_1","RPL35","D2_late_increasing",-0.216602219336436,0.193385509724045,4.5686268095378e-10,0.974766355140187,FALSE,FALSE
"Y_1","SNHG8","D2_late_increasing",-0.210228975138566,0.21256652087095,6.29007281243265e-12,0.447663551401869,FALSE,TRUE
"Y_1","RPS2","D2_late_increasing",-0.207665848931415,0.278425611420068,8.1241971113367e-20,0.980373831775701,FALSE,TRUE
"Y_1","TMEM258","D2_late_increasing",0.20011186306307,-0.114335754138295,0.000243081724748751,0.627102803738318,FALSE,FALSE
"Y_1","POLDIP2","D2_late_increasing",0.200250969148978,-0.0313025207653231,0.308800307345758,0.183177570093458,FALSE,FALSE
"Y_1","PLXNA3","D2_late_increasing",0.200307603161685,-0.0845792919712232,0.00648626448336321,0.12803738317757,FALSE,FALSE
"Y_1","MRPS12","D2_late_increasing",0.200338962500665,-0.019115768252848,0.532697417017622,0.211214953271028,FALSE,FALSE
"Y_1","RAB24","D2_late_increasing",0.200424108444054,-0.0610678301907428,0.0480480098721212,0.142056074766355,FALSE,FALSE
"Y_1","MARVELD1","D2_late_increasing",0.200807381567333,-0.0846193883170152,0.00646675529282263,0.400934579439252,FALSE,FALSE
"Y_1","CMKLR1","D2_late_increasing",0.201311377734015,-0.116234254241687,0.000194220523484979,0.103738317757009,FALSE,FALSE
"Y_1","PTPMT1","D2_late_increasing",0.201325189448217,-0.0414215225318661,0.1787970582581,0.248598130841122,FALSE,FALSE
"Y_1","RNF11","D2_late_increasing",0.201359237411212,-0.114069972798193,0.000251107353950126,0.129906542056075,FALSE,FALSE
"Y_1","C6orf1","D2_late_increasing",0.201615706705342,-0.0976925259174268,0.00171376997599139,0.147663551401869,FALSE,FALSE
"Y_1","SSNA1","D2_late_increasing",0.201622039400418,-0.0830987155181831,0.00741509018729562,0.257943925233645,FALSE,FALSE
"Y_1","PSMC4","D2_late_increasing",0.203865565536798,-0.0881736852093934,0.00456536026895432,0.202803738317757,FALSE,FALSE
"Y_1","NPC2","D2_late_increasing",0.204385277071487,-0.166866034852581,8.50324651473029e-08,0.562616822429907,FALSE,FALSE
"Y_1","SAT2","D2_late_increasing",0.204413506130961,-0.0602408223313844,0.0511709455311235,0.277570093457944,FALSE,FALSE
"Y_1","NDUFB11","D2_late_increasing",0.204432690452616,-0.069946570718625,0.0236525734694932,0.530841121495327,FALSE,FALSE
"Y_1","DCHS1","D2_late_increasing",0.204906749099453,-0.0353414035805539,0.250758553400715,0.21214953271028,FALSE,FALSE
"Y_1","HAS2","D2_late_increasing",0.204988501721473,-0.201744588827588,7.55280433323352e-11,0.195327102803738,FALSE,TRUE
"Y_1","NDUFA4","D2_late_increasing",0.20508351567455,-0.0336815563795322,0.273439505596187,0.531775700934579,FALSE,FALSE
"Y_1","ACTN1","D2_late_increasing",0.20527389470214,-0.0377688079554445,0.21998816047507,0.370093457943925,FALSE,FALSE
"Y_1","RAB1B","D2_late_increasing",0.20551363667198,-0.0939127368792307,0.00255379835613226,0.286915887850467,FALSE,FALSE
"Y_1","HIGD2A","D2_late_increasing",0.206245416913196,-0.0930539313539726,0.00278827512630114,0.414018691588785,FALSE,FALSE
"Y_1","TMEM160","D2_late_increasing",0.206324915733076,-0.064564651450668,0.0366461160705578,0.241121495327103,FALSE,FALSE
"Y_1","ILVBL","D2_late_increasing",0.206346779750793,-0.0546056579655643,0.0768000043437188,0.157009345794393,FALSE,FALSE
"Y_1","TMEM9","D2_late_increasing",0.206402494960425,-0.104030008383316,0.000834630120688037,0.242990654205607,FALSE,FALSE
"Y_1","PMP22","D2_late_increasing",0.206426814857332,-0.200454014281119,9.94800212698208e-11,0.399065420560748,FALSE,TRUE
"Y_1","RIC8A","D2_late_increasing",0.206660823781212,-0.0689260663059027,0.0257178439172937,0.166355140186916,FALSE,FALSE
"Y_1","COX7B","D2_late_increasing",0.207040095463837,-0.0264192662891044,0.389694837797376,0.407476635514019,FALSE,FALSE
"Y_1","YIPF3","D2_late_increasing",0.20724812611352,-0.0309089623538951,0.314690505341102,0.333644859813084,FALSE,FALSE
"Y_1","TEN1","D2_late_increasing",0.207624193195258,-0.0843651540595196,0.00660275830570114,0.125233644859813,FALSE,FALSE
"Y_1","MRPS24","D2_late_increasing",0.207760667216005,-0.0681366250213779,0.0274741903930619,0.347663551401869,FALSE,FALSE
"Y_1","FASTK","D2_late_increasing",0.207891636714919,-0.0762897722394374,0.0136911743537597,0.176635514018692,FALSE,FALSE
"Y_1","FAM162A","D2_late_increasing",0.208212021515558,-0.0850228394456446,0.00622768135485297,0.313084112149533,FALSE,FALSE
"Y_1","TSR3","D2_late_increasing",0.208241264366302,-0.0547834803479945,0.0758983759734196,0.246728971962617,FALSE,FALSE
"Y_1","PRELP","D2_late_increasing",0.208364901726351,-0.280433377292795,4.30501696934114e-20,0.282242990654206,FALSE,TRUE
"Y_1","GORASP2","D2_late_increasing",0.208555691809055,-0.102816266602125,0.000962305101117236,0.2,FALSE,FALSE
"Y_1","ECH1","D2_late_increasing",0.208558011717979,-0.0370540386118815,0.228733461526867,0.296261682242991,FALSE,FALSE
"Y_1","GSTO1","D2_late_increasing",0.208721578616666,-0.0549675645554146,0.0749714144609065,0.34392523364486,FALSE,FALSE
"Y_1","PRMT2","D2_late_increasing",0.208986466680602,-0.0556742334272162,0.0714404755783991,0.281308411214953,FALSE,FALSE
"Y_1","SUB1","D2_late_increasing",0.209120577610556,-0.104505934344396,0.000790642497647365,0.381308411214953,FALSE,FALSE
"Y_1","HLA-A","D2_late_increasing",0.20936887580114,-0.26956537055383,1.26807676832127e-18,0.775700934579439,FALSE,TRUE
"Y_1","ANXA2","D2_late_increasing",0.209552832638253,-0.137081858030556,1.1368611811027e-05,0.831775700934579,FALSE,FALSE
"Y_1","CREB3","D2_late_increasing",0.209644826822057,-0.114598710525553,0.000235961002762627,0.174766355140187,FALSE,FALSE
"Y_1","PLP2","D2_late_increasing",0.210034823163748,-0.0937238620142018,0.00260467568071645,0.422429906542056,FALSE,FALSE
"Y_1","ALDOA","D2_late_increasing",0.210190067201212,-0.0980718066835122,0.00164468804101703,0.645794392523364,FALSE,FALSE
"Y_1","CCDC92","D2_late_increasing",0.210202422532563,-0.114128360816844,0.000249493556421388,0.155140186915888,FALSE,FALSE
"Y_1","IFITM1","D2_late_increasing",0.210385985151784,-0.073922291466219,0.0168486468931757,0.22803738317757,FALSE,FALSE
"Y_1","SCAND1","D2_late_increasing",0.210699322187233,-0.0648720776978175,0.0357765846319855,0.397196261682243,FALSE,FALSE
"Y_1","RPS19BP1","D2_late_increasing",0.210937585938106,-0.079466003485952,0.0103561915806758,0.342990654205607,FALSE,FALSE
"Y_1","CD68","D2_late_increasing",0.211034905549239,-0.0990783247912242,0.00147137996189902,0.116822429906542,FALSE,FALSE
"Y_1","NKIRAS2","D2_late_increasing",0.21119641204181,-0.0442442058669002,0.151070783035868,0.14392523364486,FALSE,FALSE
"Y_1","NRP2","D2_late_increasing",0.211255354516691,-0.0776209716887447,0.0122131797183839,0.196261682242991,FALSE,FALSE
"Y_1","PLXNA2","D2_late_increasing",0.211378136938116,-0.140394003952253,6.90833100961535e-06,0.119626168224299,FALSE,FALSE
"Y_1","C4orf3","D2_late_increasing",0.211574555372618,-0.0972523947474868,0.00179391223331383,0.461682242990654,FALSE,FALSE
"Y_1","RBCK1","D2_late_increasing",0.211657690696962,-0.142941474747502,4.69301529318616e-06,0.235514018691589,FALSE,FALSE
"Y_1","PKM","D2_late_increasing",0.211965482468756,-0.0508791700660734,0.0989699943287161,0.573831775700935,FALSE,FALSE
"Y_1","MAGOHB","D2_late_increasing",0.212300217610379,-0.0455623114369833,0.139243058390408,0.107476635514019,FALSE,FALSE
"Y_1","MAP2K2","D2_late_increasing",0.212383091731176,-0.0756818032384198,0.0144524972639444,0.298130841121495,FALSE,FALSE
"Y_1","ORMDL3","D2_late_increasing",0.212414163895739,-0.106732865145726,0.000615430031909619,0.189719626168224,FALSE,FALSE
"Y_1","CDIPT","D2_late_increasing",0.212801261028019,-0.106864759470754,0.000606187649426162,0.278504672897196,FALSE,FALSE
"Y_1","AGPAT1","D2_late_increasing",0.212832509155758,-0.0253597904161171,0.408367676801598,0.188785046728972,FALSE,FALSE
"Y_1","CFL1","D2_late_increasing",0.213082321471487,-0.0487504431837339,0.11373831787008,0.719626168224299,FALSE,FALSE
"Y_1","PACS2","D2_late_increasing",0.213312247190651,-0.114918043424332,0.000226886194750916,0.18785046728972,FALSE,FALSE
"Y_1","GJA1","D2_late_increasing",0.213749778618311,-0.117591270650933,0.000163306466671266,0.380373831775701,FALSE,FALSE
"Y_1","KDELR1","D2_late_increasing",0.21385291199362,-0.104121152363015,0.000826810549265059,0.538317757009346,FALSE,FALSE
"Y_1","ZNF593","D2_late_increasing",0.213993557814706,-0.0263333740523432,0.390895751941077,0.179439252336449,FALSE,FALSE
"Y_1","CORO1C","D2_late_increasing",0.214138158604255,-0.115854408939875,0.000203290962846015,0.189719626168224,FALSE,FALSE
"Y_1","RTN4RL2","D2_late_increasing",0.214388557262409,-0.0744174942805391,0.01614208364145,0.114018691588785,FALSE,FALSE
"Y_1","PSME2","D2_late_increasing",0.214392170920339,-0.0860742805860439,0.00562471674599596,0.331775700934579,FALSE,FALSE
"Y_1","AKR1B1","D2_late_increasing",0.214475831004509,-0.0702907250810218,0.0230032986313732,0.165420560747664,FALSE,FALSE
"Y_1","CYSTM1","D2_late_increasing",0.214501516716064,-0.123034950372625,8.14281562038914e-05,0.249532710280374,FALSE,FALSE
"Y_1","SNX3","D2_late_increasing",0.214619188678021,-0.0959249313989003,0.00206146129978158,0.378504672897196,FALSE,FALSE
"Y_1","BCL7C","D2_late_increasing",0.214681588419299,-0.104890253623023,0.000759818000216022,0.472897196261682,FALSE,FALSE
"Y_1","PODNL1","D2_late_increasing",0.214769180136798,-0.0697040752210007,0.0241288375051461,0.127102803738318,FALSE,FALSE
"Y_1","GALNT15","D2_late_increasing",0.215145038938808,-0.0788539809580646,0.0109351513244244,0.102803738317757,FALSE,FALSE
"Y_1","PPP1R14B","D2_late_increasing",0.215194349002575,-0.00912429710227306,0.76561089040496,0.550467289719626,FALSE,FALSE
"Y_1","HOXB7","D2_late_increasing",0.215216896670389,-0.0843792374951279,0.00660275830570114,0.105607476635514,FALSE,FALSE
"Y_1","ADGRA2","D2_late_increasing",0.215763794004173,-0.192394644629053,5.61114364374528e-10,0.363551401869159,FALSE,FALSE
"Y_1","NUCB2","D2_late_increasing",0.216159860376597,-0.163549710525475,1.53197594556178e-07,0.285046728971963,FALSE,FALSE
"Y_1","ANXA5","D2_late_increasing",0.216163727293591,-0.0672885807800004,0.0293931139718654,0.522429906542056,FALSE,FALSE
"Y_1","ATP5J2","D2_late_increasing",0.216175794349438,-0.08214157095858,0.00810145028341855,0.538317757009346,FALSE,FALSE
"Y_1","CAPNS1","D2_late_increasing",0.216180952555978,-0.10892023662813,0.000475768885828299,0.533644859813084,FALSE,FALSE
"Y_1","ATP5G3","D2_late_increasing",0.216357416139719,-0.106427864534898,0.000637782502930175,0.508411214953271,FALSE,FALSE
"Y_1","MBOAT7","D2_late_increasing",0.216478630779181,-0.101189441049125,0.00115790965541344,0.122429906542056,FALSE,FALSE
"Y_1","WDR45","D2_late_increasing",0.216581803911406,-0.0849774361838718,0.00624990712254864,0.208411214953271,FALSE,FALSE
"Y_1","SLC35A4","D2_late_increasing",0.216817310200863,-0.0514185786750274,0.0954779072326984,0.131775700934579,FALSE,FALSE
"Y_1","CSF1","D2_late_increasing",0.216864393888828,-0.17926734751534,8.04452210384619e-09,0.130841121495327,FALSE,FALSE
"Y_1","TES","D2_late_increasing",0.216897256998802,-0.0772485366385392,0.0126094277759394,0.114953271028037,FALSE,FALSE
"Y_1","C11orf98","D2_late_increasing",0.217087230551499,-0.053899689258263,0.0806100347503208,0.232710280373832,FALSE,FALSE
"Y_1","MRPS11","D2_late_increasing",0.217107737555162,-0.0700714315671335,0.0234213739554642,0.170093457943925,FALSE,FALSE
"Y_1","PDIA6","D2_late_increasing",0.217360052997828,-0.108179961523075,0.000518979647535737,0.342056074766355,FALSE,FALSE
"Y_1","NDUFS7","D2_late_increasing",0.217515402908475,-0.0584412458199591,0.0584539626255653,0.301869158878505,FALSE,FALSE
"Y_1","CMBL","D2_late_increasing",0.217539182348906,-0.131824319625863,2.41203222897536e-05,0.113084112149533,FALSE,FALSE
"Y_1","POP7","D2_late_increasing",0.217689174124297,-0.0766479011613019,0.0132830054664014,0.165420560747664,FALSE,FALSE
"Y_1","POLE4","D2_late_increasing",0.217693327358525,-0.0842245100018466,0.0066738959616002,0.229906542056075,FALSE,FALSE
"Y_1","PREB","D2_late_increasing",0.217829746282008,-0.123564136453647,7.58756810439471e-05,0.168224299065421,FALSE,FALSE
"Y_1","MPC2","D2_late_increasing",0.218079863977095,-0.0878781553509386,0.00470332511108252,0.208411214953271,FALSE,FALSE
"Y_1","MIEN1","D2_late_increasing",0.21828083094356,-0.0918881922928452,0.00312490855447769,0.226168224299065,FALSE,FALSE
"Y_1","CA12","D2_late_increasing",0.21884726643939,-0.131508298071803,2.51842009536938e-05,0.195327102803738,FALSE,FALSE
"Y_1","PDGFD","D2_late_increasing",0.218915175882464,-0.201651601412773,7.67766041537984e-11,0.136448598130841,FALSE,TRUE
"Y_1","COX14","D2_late_increasing",0.218925884200234,-0.063621551976115,0.0394279583067079,0.299065420560748,FALSE,FALSE
"Y_1","MINOS1","D2_late_increasing",0.218966434818018,-0.139821103447998,7.52192848553109e-06,0.51588785046729,FALSE,FALSE
"Y_1","NTMT1","D2_late_increasing",0.219080164364024,-0.042351189372973,0.169435298057856,0.188785046728972,FALSE,FALSE
"Y_1","MAPK6","D2_late_increasing",0.219221950662457,-0.136385789516806,1.25743463539098e-05,0.145794392523364,FALSE,FALSE
"Y_1","FAM20A","D2_late_increasing",0.219773457808823,-0.207470316808938,2.07939693507829e-11,0.164485981308411,FALSE,TRUE
"Y_1","GAPDH","D2_late_increasing",0.220387689717067,-0.128339209172505,3.92751584099274e-05,0.805607476635514,FALSE,FALSE
"Y_1","GADD45GIP1","D2_late_increasing",0.220562396627715,-0.0909966859279835,0.00341455369216371,0.409345794392523,FALSE,FALSE
"Y_1","FIS1","D2_late_increasing",0.220827940360613,-0.0596622533477235,0.0533399568256329,0.508411214953271,FALSE,FALSE
"Y_1","ASNA1","D2_late_increasing",0.220879773131822,-0.0821032559202934,0.0081156530534247,0.200934579439252,FALSE,FALSE
"Y_1","MAPKAPK2","D2_late_increasing",0.221388943346146,-0.13519864131426,1.49944314608019e-05,0.230841121495327,FALSE,FALSE
"Y_1","PCNXL3","D2_late_increasing",0.221592627597917,-0.0530969733101742,0.0852244452555194,0.109345794392523,FALSE,FALSE
"Y_1","KLF7","D2_late_increasing",0.221760534399489,-0.160929802637572,2.43009512671612e-07,0.139252336448598,FALSE,FALSE
"Y_1","MEA1","D2_late_increasing",0.22187223786508,-0.0815985987264487,0.00851024485204587,0.32803738317757,FALSE,FALSE
"Y_1","TMEM98","D2_late_increasing",0.222085830546301,-0.0780461658964806,0.0117575772397852,0.282242990654206,FALSE,FALSE
"Y_1","DCTN1","D2_late_increasing",0.222093493335753,-0.0281300121682268,0.359889393330369,0.219626168224299,FALSE,FALSE
"Y_1","APOL1","D2_late_increasing",0.222601605913212,-0.129004725121193,3.57179376102135e-05,0.14018691588785,FALSE,FALSE
"Y_1","SMPD1","D2_late_increasing",0.222813822730144,-0.0927457484047872,0.00288064225722415,0.157009345794393,FALSE,FALSE
"Y_1","MRPL55","D2_late_increasing",0.222929041926087,-0.0737413111829822,0.0171090526487264,0.277570093457944,FALSE,FALSE
"Y_1","RPN1","D2_late_increasing",0.222951523683925,-0.0840192193683216,0.00680584272006283,0.458878504672897,FALSE,FALSE
"Y_1","FRZB","D2_late_increasing",0.223010879660831,-0.104692999630902,0.000775566885748958,0.139252336448598,FALSE,FALSE
"Y_1","CLIP1","D2_late_increasing",0.223223506618704,-0.222633324425545,5.54108101623351e-13,0.183177570093458,FALSE,TRUE
"Y_1","TMEM263","D2_late_increasing",0.223238299453507,-0.132997108938428,2.05006614031092e-05,0.170093457943925,FALSE,FALSE
"Y_1","CYC1","D2_late_increasing",0.223425417265083,-0.0554841295768256,0.0723639789157904,0.339252336448598,FALSE,FALSE
"Y_1","DGCR6L","D2_late_increasing",0.223458097747032,-0.0404450678608265,0.18921884610796,0.272897196261682,FALSE,FALSE
"Y_1","R3HDM4","D2_late_increasing",0.223679581600692,-0.0741936975420987,0.0164566084440364,0.205607476635514,FALSE,FALSE
"Y_1","LSM7","D2_late_increasing",0.224460175351954,-0.0907202337102747,0.00351351262639133,0.457009345794393,FALSE,FALSE
"Y_1","CARM1","D2_late_increasing",0.224839801715191,-0.120083251931889,0.000118833568199857,0.186915887850467,FALSE,FALSE
"Y_1","KCTD12","D2_late_increasing",0.225243098683518,-0.184661541061845,2.7056125060464e-09,0.169158878504673,FALSE,FALSE
"Y_1","SLC25A5","D2_late_increasing",0.225280524380378,-0.0655420326720409,0.0339039637448818,0.350467289719626,FALSE,FALSE
"Y_1","CHMP1A","D2_late_increasing",0.225613276112879,-0.109990813111204,0.000417046222707688,0.152336448598131,FALSE,FALSE
"Y_1","ABHD17A","D2_late_increasing",0.225943994380038,-0.0721442658734608,0.0196340011070237,0.238317757009346,FALSE,FALSE
"Y_1","COX7A1","D2_late_increasing",0.226130800930079,-0.100507059275564,0.00125309365977452,0.486915887850467,FALSE,FALSE
"Y_1","TIAM2","D2_late_increasing",0.226662711089367,-0.17270464551816,2.86508333156953e-08,0.150467289719626,FALSE,FALSE
"Y_1","AURKAIP1","D2_late_increasing",0.226754769065402,-0.0918091646726419,0.00314503847602806,0.448598130841121,FALSE,FALSE
"Y_1","SLC31A1","D2_late_increasing",0.226820237625116,-0.077332215362691,0.0125234469963359,0.144859813084112,FALSE,FALSE
"Y_1","ARFGAP3","D2_late_increasing",0.226834793569548,-0.145997655626798,2.89768715842706e-06,0.210280373831776,FALSE,FALSE
"Y_1","NME3","D2_late_increasing",0.227122519833954,-0.095715420260874,0.00210589358819886,0.388785046728972,FALSE,FALSE
"Y_1","MRPL41","D2_late_increasing",0.227337101199214,-0.0962945059440718,0.00198182835394385,0.480373831775701,FALSE,FALSE
"Y_1","UFC1","D2_late_increasing",0.227376524896871,-0.0498778229028652,0.105705218603119,0.346728971962617,FALSE,FALSE
"Y_1","NDUFA2","D2_late_increasing",0.227866656917088,-0.105025874274348,0.000749109230554042,0.396261682242991,FALSE,FALSE
"Y_1","FSCN1","D2_late_increasing",0.228171221297374,-0.0857341517105852,0.00580545472821389,0.398130841121495,FALSE,FALSE
"Y_1","DLG1","D2_late_increasing",0.228230818290162,-0.173096730270974,2.66381198549406e-08,0.147663551401869,FALSE,FALSE
"Y_1","PCED1A","D2_late_increasing",0.228431600183022,-0.120829030588542,0.000108189423740592,0.136448598130841,FALSE,FALSE
"Y_1","BLOC1S1","D2_late_increasing",0.228458449900524,-0.115130399181438,0.000221862127553125,0.399065420560748,FALSE,FALSE
"Y_1","COL8A2","D2_late_increasing",0.228810466869063,-0.0921579198603067,0.00305769718867637,0.108411214953271,FALSE,FALSE
"Y_1","LZTS1","D2_late_increasing",0.229094765547647,-0.104568142095593,0.000786503148842623,0.101869158878505,FALSE,FALSE
"Y_1","LSP1","D2_late_increasing",0.229196560938945,-0.143454394008938,4.32429732210353e-06,0.530841121495327,FALSE,FALSE
"Y_1","KIF1C","D2_late_increasing",0.229421009849557,-0.0815714481206551,0.00852430439915635,0.193457943925234,FALSE,FALSE
"Y_1","CMTM3","D2_late_increasing",0.229436992309965,-0.100472780579452,0.00125671484128421,0.237383177570093,FALSE,FALSE
"Y_1","WDR46","D2_late_increasing",0.229523866726137,-0.0416415629375965,0.176632604015893,0.178504672897196,FALSE,FALSE
"Y_1","EFHD2","D2_late_increasing",0.229576206838956,-0.0927357730368894,0.00288067440027201,0.116822429906542,FALSE,FALSE
"Y_1","MGP","D2_late_increasing",0.229679826693141,-0.152381562747246,1.02492268457773e-06,0.72803738317757,FALSE,FALSE
"Y_1","XPOT","D2_late_increasing",0.229800862762539,-0.108241856398529,0.000515586598006523,0.114953271028037,FALSE,FALSE
"Y_1","PKIG","D2_late_increasing",0.229827343590037,-0.153139303394955,9.07978776698128e-07,0.230841121495327,FALSE,FALSE
"Y_1","BCL3","D2_late_increasing",0.229886977212641,-0.148250244758067,2.03185811436153e-06,0.219626168224299,FALSE,FALSE
"Y_1","ARHGDIA","D2_late_increasing",0.230470847173073,-0.102513141940982,0.000995478146013184,0.439252336448598,FALSE,FALSE
"Y_1","ZNF428","D2_late_increasing",0.230614667625471,-0.0574267291809301,0.0628788771933111,0.264485981308411,FALSE,FALSE
"Y_1","LOXL2","D2_late_increasing",0.23080033833984,-0.0488256689186081,0.11327790263688,0.24018691588785,FALSE,FALSE
"Y_1","UQCR10","D2_late_increasing",0.230837982674603,-0.111363833062455,0.000351246815233967,0.529906542056075,FALSE,FALSE
"Y_1","RAB7B","D2_late_increasing",0.231109835364797,-0.117958624781722,0.000155789870184812,0.117757009345794,FALSE,FALSE
"Y_1","RABAC1","D2_late_increasing",0.231173913708276,-0.0858567165626653,0.00574521443843983,0.64392523364486,FALSE,FALSE
"Y_1","DPM3","D2_late_increasing",0.231339956862504,-0.131519746466477,2.5176637956288e-05,0.402803738317757,FALSE,FALSE
"Y_1","CSTB","D2_late_increasing",0.231575135368723,-0.169860345299159,4.90696271902265e-08,0.550467289719626,FALSE,FALSE
"Y_1","TMUB1","D2_late_increasing",0.231860597770066,-0.0727004564652745,0.0187068796102179,0.141121495327103,FALSE,FALSE
"Y_1","PSMB9","D2_late_increasing",0.231934145920319,-0.124959319984697,6.25680803403978e-05,0.211214953271028,FALSE,FALSE
"Y_1","AP1S1","D2_late_increasing",0.232021978359552,-0.0598634300244062,0.0525752651230362,0.113084112149533,FALSE,FALSE
"Y_1","MYL6","D2_late_increasing",0.232109297484363,-0.0978603524606567,0.00168309684158711,0.88411214953271,FALSE,FALSE
"Y_1","LIMK1","D2_late_increasing",0.232232957433456,-0.0940809296713506,0.0025150207452025,0.119626168224299,FALSE,FALSE
"Y_1","GBP2","D2_late_increasing",0.232694439297611,-0.128292908280549,3.94878631995756e-05,0.11588785046729,FALSE,FALSE
"Y_1","AMPD2","D2_late_increasing",0.232973819088339,-0.0892725724056731,0.00408500198741265,0.120560747663551,FALSE,FALSE
"Y_1","BEST1","D2_late_increasing",0.233083510130168,-0.091482071548057,0.00325118106291877,0.117757009345794,FALSE,FALSE
"Y_1","CUEDC2","D2_late_increasing",0.233137856297444,-0.0823678162596561,0.00793096593038028,0.270093457943925,FALSE,FALSE
"Y_1","ILF2","D2_late_increasing",0.233541420579272,-0.0300370103669365,0.328348202834325,0.232710280373832,FALSE,FALSE
"Y_1","TUBA1B","D2_late_increasing",0.233622559742225,-0.0864817982040642,0.0054114438695701,0.64018691588785,FALSE,FALSE
"Y_1","SAC3D1","D2_late_increasing",0.233629299967983,-0.0752394172257926,0.0150361817996467,0.124299065420561,FALSE,FALSE
"Y_1","GDI2","D2_late_increasing",0.233748556799595,-0.10178553769707,0.00108287364718335,0.305607476635514,FALSE,FALSE
"Y_1","DCTD","D2_late_increasing",0.233959163479835,-0.118753455949339,0.000140565002946716,0.2,FALSE,FALSE
"Y_1","FAM127A","D2_late_increasing",0.234070090834721,-0.102032997857625,0.00105276712370295,0.47196261682243,FALSE,FALSE
"Y_1","RPN2","D2_late_increasing",0.234160892294188,-0.153323743077214,8.82326056114011e-07,0.368224299065421,FALSE,FALSE
"Y_1","ATP5E","D2_late_increasing",0.234441907369847,-0.0824799252983139,0.00785167828415155,0.795327102803738,FALSE,FALSE
"Y_1","CDC42EP1","D2_late_increasing",0.234451167588357,-0.0832704352677706,0.0072970030989673,0.272897196261682,FALSE,FALSE
"Y_1","PUF60","D2_late_increasing",0.234458498405486,-0.114416394178915,0.000240810076838209,0.257009345794392,FALSE,FALSE
"Y_1","INPPL1","D2_late_increasing",0.234473064790192,-0.0768702008597306,0.0130240036839683,0.165420560747664,FALSE,FALSE
"Y_1","MYL6B","D2_late_increasing",0.234622480880182,-0.0900103622266286,0.00378188898588119,0.3,FALSE,FALSE
"Y_1","PKN1","D2_late_increasing",0.23483060057466,-0.105654675628808,0.000697786449134165,0.186915887850467,FALSE,FALSE
"Y_1","LTBP2","D2_late_increasing",0.234873883530159,-0.132613513837653,2.16009088957743e-05,0.129906542056075,FALSE,FALSE
"Y_1","COL15A1","D2_late_increasing",0.234954965803492,-0.209437317240503,1.32072058966321e-11,0.3,FALSE,TRUE
"Y_1","NOP10","D2_late_increasing",0.23523224529385,-0.0765036995674967,0.0134356631954758,0.373831775700935,FALSE,FALSE
"Y_1","RAB11FIP5","D2_late_increasing",0.235275641142073,-0.0837261767985962,0.00700127359620397,0.160747663551402,FALSE,FALSE
"Y_1","OXLD1","D2_late_increasing",0.235422593048692,-0.084298219616667,0.0066382224189869,0.127102803738318,FALSE,FALSE
"Y_1","DNM3OS","D2_late_increasing",0.235810992475918,-0.105056855331091,0.000747152110488941,0.11588785046729,FALSE,FALSE
"Y_1","LRRC75A","D2_late_increasing",0.235818750101937,-0.157495676229868,4.36492810184414e-07,0.154205607476636,FALSE,FALSE
"Y_1","XXYLT1","D2_late_increasing",0.235889425589419,-0.0996507671415529,0.00138003060850835,0.149532710280374,FALSE,FALSE
"Y_1","GCN1","D2_late_increasing",0.236301678056848,-0.141284704709895,6.04634088959417e-06,0.144859813084112,FALSE,FALSE
"Y_1","FAAP100","D2_late_increasing",0.236346591336218,-0.108687933166207,0.000489285314966462,0.110280373831776,FALSE,FALSE
"Y_1","PTGDS","D2_late_increasing",0.236588024556407,-0.328633289397939,1.71702181943858e-27,0.416822429906542,FALSE,TRUE
"Y_1","CCL27","D2_late_increasing",0.2370371086866,-0.122990503064789,8.17209035918687e-05,0.339252336448598,FALSE,FALSE
"Y_1","CAPG","D2_late_increasing",0.237121761264469,-0.132916121529892,2.07237683668136e-05,0.233644859813084,FALSE,FALSE
"Y_1","MYC","D2_late_increasing",0.237125154930757,-0.107780963941513,0.00054355846439164,0.236448598130841,FALSE,FALSE
"Y_1","MDFI","D2_late_increasing",0.237182883412308,-0.0602005221702053,0.0512816352768793,0.249532710280374,FALSE,FALSE
"Y_1","B4GALT7","D2_late_increasing",0.237300163968006,-0.115425061151579,0.000213894642051878,0.157009345794393,FALSE,FALSE
"Y_1","PSMD8","D2_late_increasing",0.23732006642457,-0.0550683518308733,0.0744990093555169,0.392523364485981,FALSE,FALSE
"Y_1","IMP4","D2_late_increasing",0.237330829003426,-0.0616236419313662,0.0460542338887552,0.171028037383178,FALSE,FALSE
"Y_1","APRT","D2_late_increasing",0.237559909662011,-0.0968812809591928,0.00186078782919681,0.501869158878505,FALSE,FALSE
"Y_1","PTGES2","D2_late_increasing",0.237692485502681,-0.0710310535770168,0.0216102805938098,0.164485981308411,FALSE,FALSE
"Y_1","SLC35E1","D2_late_increasing",0.237805789426979,-0.158472888800631,3.72293657096279e-07,0.180373831775701,FALSE,FALSE
"Y_1","ANO1","D2_late_increasing",0.238155464757267,-0.120140369949848,0.000118055492978487,0.111214953271028,FALSE,FALSE
"Y_1","SEC61B","D2_late_increasing",0.238218905225388,-0.0994210552956306,0.00141572874122231,0.6,FALSE,FALSE
"Y_1","TTC3","D2_late_increasing",0.238349956545284,-0.14004274382879,7.29479941759712e-06,0.454205607476636,FALSE,FALSE
"Y_1","POLR2G","D2_late_increasing",0.23847663788499,-0.0892622690240196,0.00408514664439033,0.321495327102804,FALSE,FALSE
"Y_1","TIMM13","D2_late_increasing",0.238899560972104,-0.0581652864108263,0.0596212907130979,0.374766355140187,FALSE,FALSE
"Y_1","TMED2","D2_late_increasing",0.23897861315536,-0.0543257769859093,0.0782778134118941,0.3,FALSE,FALSE
"Y_1","MMP14","D2_late_increasing",0.239071267461296,-0.106424748167149,0.000637782502930175,0.302803738317757,FALSE,FALSE
"Y_1","UBA1","D2_late_increasing",0.239371809079441,-0.0919557063953882,0.00311542514692895,0.280373831775701,FALSE,FALSE
"Y_1","APLNR","D2_late_increasing",0.239763610608929,-0.136342921135931,1.26394648984545e-05,0.114018691588785,FALSE,FALSE
"Y_1","DGKZ","D2_late_increasing",0.239970459985394,-0.12020650902325,0.000117136661487254,0.104672897196262,FALSE,FALSE
"Y_1","ELN","D2_late_increasing",0.240067878391091,-0.233319013010395,3.68608959814898e-14,0.394392523364486,FALSE,TRUE
"Y_1","PRELID1","D2_late_increasing",0.240242503804266,-0.0803175496306631,0.00957100420322839,0.365420560747664,FALSE,FALSE
"Y_1","SIRT2","D2_late_increasing",0.240373048918895,-0.0774293441748551,0.0124223221470028,0.15607476635514,FALSE,FALSE
"Y_1","IL32","D2_late_increasing",0.240399682920637,-0.189946908777348,9.26920672857187e-10,0.195327102803738,FALSE,FALSE
"Y_1","CHRD","D2_late_increasing",0.240424132934099,-0.163455245367225,1.55614776136021e-07,0.161682242990654,FALSE,FALSE
"Y_1","BAX","D2_late_increasing",0.240517565479621,-0.102871336462534,0.000957082409713833,0.142990654205607,FALSE,FALSE
"Y_1","PLEKHO1","D2_late_increasing",0.240622552676476,-0.0873263458625835,0.0049703361013638,0.157009345794393,FALSE,FALSE
"Y_1","TSPAN4","D2_late_increasing",0.240994346865986,-0.207185054451672,2.21849037086072e-11,0.373831775700935,FALSE,TRUE
"Y_1","TCEB2","D2_late_increasing",0.240996002519578,-0.124199503513436,6.96244523503894e-05,0.757943925233645,FALSE,FALSE
"Y_1","ATP8B2","D2_late_increasing",0.241221096368465,-0.142431256056877,5.08152732306653e-06,0.194392523364486,FALSE,FALSE
"Y_1","ATP6V0E1","D2_late_increasing",0.241288250357592,-0.1338718666163,1.81319693303621e-05,0.54392523364486,FALSE,FALSE
"Y_1","SPOP","D2_late_increasing",0.241319276337098,-0.161980618568888,2.01251854845565e-07,0.28785046728972,FALSE,FALSE
"Y_1","DUSP23","D2_late_increasing",0.241549515257017,-0.105400923196325,0.000718941930956146,0.198130841121495,FALSE,FALSE
"Y_1","CCND2","D2_late_increasing",0.241574425519317,-0.134337720302521,1.69860409884167e-05,0.166355140186916,FALSE,FALSE
"Y_1","SLC3A2","D2_late_increasing",0.241722622984097,-0.10612221136037,0.000660431860394318,0.251401869158879,FALSE,FALSE
"Y_1","TMEM205","D2_late_increasing",0.241910491683725,-0.156970821227496,4.77606315894807e-07,0.299065420560748,FALSE,FALSE
"Y_1","COMMD7","D2_late_increasing",0.242525403364514,-0.107735847501322,0.000545979889952104,0.12803738317757,FALSE,FALSE
"Y_1","UBTD1","D2_late_increasing",0.242670984747394,-0.126075237905075,5.37494002453699e-05,0.163551401869159,FALSE,FALSE
"Y_1","SPNS1","D2_late_increasing",0.242828763599221,-0.122855718000921,8.31740586111886e-05,0.191588785046729,FALSE,FALSE
"Y_1","MRGPRF","D2_late_increasing",0.243019144943721,-0.19243509901895,5.57440659513845e-10,0.176635514018692,FALSE,FALSE
"Y_1","PIGP","D2_late_increasing",0.243115042162583,-0.08144374736773,0.00862268633902251,0.135514018691589,FALSE,FALSE
"Y_1","DDT","D2_late_increasing",0.243197736205874,-0.11286991089488,0.000291589421415069,0.404672897196262,FALSE,FALSE
"Y_1","CPNE1","D2_late_increasing",0.243244335885133,-0.119680233855946,0.000124953753982173,0.300934579439252,FALSE,FALSE
"Y_1","TSPAN9","D2_late_increasing",0.243601742920176,-0.16025430958868,2.72812874280741e-07,0.257943925233645,FALSE,FALSE
"Y_1","NDUFA13","D2_late_increasing",0.243602331198436,-0.0986175250017002,0.00154997083444046,0.668224299065421,FALSE,FALSE
"Y_1","PTPN14","D2_late_increasing",0.243956942463084,-0.142653381997884,4.90974387632996e-06,0.314018691588785,FALSE,FALSE
"Y_1","MXD4","D2_late_increasing",0.244117616001717,-0.174119472361752,2.20905942629367e-08,0.435514018691589,FALSE,FALSE
"Y_1","PPP2R1A","D2_late_increasing",0.24419710881761,-0.12000685110762,0.000119779670751495,0.421495327102804,FALSE,FALSE
"Y_1","ACAN","D2_late_increasing",0.244388108208419,-0.107797288172429,0.000543093288451689,0.164485981308411,FALSE,FALSE
"Y_1","STARD10","D2_late_increasing",0.244471730775233,-0.119344474154883,0.000130500566997306,0.173831775700935,FALSE,FALSE
"Y_1","TCEAL8","D2_late_increasing",0.244768852480029,-0.0916148341890827,0.00320835542461987,0.324299065420561,FALSE,FALSE
"Y_1","NUDT22","D2_late_increasing",0.244848041373308,-0.0627541978023165,0.0422105405534009,0.139252336448598,FALSE,FALSE
"Y_1","TACSTD2","D2_late_increasing",0.24493292958596,-0.0966318943053604,0.00191196013544072,0.233644859813084,FALSE,FALSE
"Y_1","CD248","D2_late_increasing",0.245175078912601,-0.238549147901047,9.21892033069364e-15,0.586915887850467,FALSE,TRUE
"Y_1","GOLGA2","D2_late_increasing",0.245291356451091,-0.0926557789506607,0.0029027863172344,0.419626168224299,FALSE,FALSE
"Y_1","HSD3B7","D2_late_increasing",0.245336841067795,-0.0925560656122969,0.00293134068692967,0.101869158878505,FALSE,FALSE
"Y_1","TAX1BP3","D2_late_increasing",0.245789784008161,-0.110952983046048,0.000369796673590218,0.409345794392523,FALSE,FALSE
"Y_1","GLRX","D2_late_increasing",0.245848760847361,-0.0805301235087426,0.00938576987884473,0.15981308411215,FALSE,FALSE
"Y_1","FAM96B","D2_late_increasing",0.24597243418317,-0.0782131129898639,0.0115967326391936,0.331775700934579,FALSE,FALSE
"Y_1","CYP1B1","D2_late_increasing",0.246073725880154,-0.154372721568818,7.42372295498632e-07,0.192523364485981,FALSE,FALSE
"Y_1","LTBR","D2_late_increasing",0.246149352755339,-0.171522392801757,3.57946165624946e-08,0.289719626168224,FALSE,FALSE
"Y_1","SERPINB6","D2_late_increasing",0.246168355927763,-0.154130448479577,7.71853400390569e-07,0.238317757009346,FALSE,FALSE
"Y_1","MFSD12","D2_late_increasing",0.246346216770514,-0.113876258091178,0.000256942954823565,0.123364485981308,FALSE,FALSE
"Y_1","FKBP1A","D2_late_increasing",0.246394108499041,-0.162433843306162,1.86184206769248e-07,0.396261682242991,FALSE,FALSE
"Y_1","NCLN","D2_late_increasing",0.246422231214168,-0.038353942598208,0.213041765799051,0.15607476635514,FALSE,FALSE
"Y_1","NTM","D2_late_increasing",0.246748343492907,-0.0970245336724488,0.00183687858940795,0.142990654205607,FALSE,FALSE
"Y_1","FAM173A","D2_late_increasing",0.246815017720102,-0.0476038285756501,0.122503732352383,0.200934579439252,FALSE,FALSE
"Y_1","TMEM141","D2_late_increasing",0.246961977283329,-0.0777434890984157,0.012085385035142,0.247663551401869,FALSE,FALSE
"Y_1","RNF181","D2_late_increasing",0.247196455803687,-0.0829752128256183,0.00749133293026681,0.4,FALSE,FALSE
"Y_1","FBLN2","D2_late_increasing",0.247223821913597,-0.340558674265194,1.55199117423955e-29,0.624299065420561,FALSE,TRUE
"Y_1","CTD-3214H19.16","D2_late_increasing",0.247530582845939,-0.0934542777031331,0.00268013082186246,0.468224299065421,FALSE,FALSE
"Y_1","ARHGAP22","D2_late_increasing",0.247694892490331,-0.183707685426601,3.28809365238071e-09,0.101869158878505,FALSE,FALSE
"Y_1","MRPL3","D2_late_increasing",0.247812099046801,-0.0676057530920142,0.0286762391277278,0.155140186915888,FALSE,FALSE
"Y_1","YIPF5","D2_late_increasing",0.248313652757959,-0.140770497724595,6.51512627247074e-06,0.27196261682243,FALSE,FALSE
"Y_1","APOBEC3C","D2_late_increasing",0.248819878178102,-0.133826686771259,1.82307077592235e-05,0.227102803738318,FALSE,FALSE
"Y_1","PSMB3","D2_late_increasing",0.248926460689885,-0.147989383705029,2.11253326058827e-06,0.480373831775701,FALSE,FALSE
"Y_1","C1orf54","D2_late_increasing",0.248932048153594,-0.104117408900188,0.000826810549265059,0.148598130841122,FALSE,FALSE
"Y_1","FAM57A","D2_late_increasing",0.248939625924771,-0.090088528285892,0.00375453936351482,0.142990654205607,FALSE,FALSE
"Y_1","NUDT2","D2_late_increasing",0.249243298597579,-0.0690026147873247,0.0255748011712811,0.160747663551402,FALSE,FALSE
"Y_1","AP2M1","D2_late_increasing",0.249288125641827,-0.117313533211131,0.000169116885821423,0.463551401869159,FALSE,FALSE
"Y_1","MYO18A","D2_late_increasing",0.249318161808641,-0.141367907750436,5.9753634882533e-06,0.167289719626168,FALSE,FALSE
"Y_1","TOMM5","D2_late_increasing",0.249401482698282,-0.0806333850465218,0.00930171960775993,0.339252336448598,FALSE,FALSE
"Y_1","C1orf216","D2_late_increasing",0.249445653109719,-0.0348077843366291,0.257821644229523,0.129906542056075,FALSE,FALSE
"Y_1","ELOVL1","D2_late_increasing",0.249461824789226,-0.0470815139555138,0.126603595193114,0.183177570093458,FALSE,FALSE
"Y_1","MMP24-AS1","D2_late_increasing",0.249844111099783,-0.1286360156734,3.76547251509217e-05,0.358878504672897,FALSE,FALSE
"Y_1","CCDC85B","D2_late_increasing",0.249987160882403,-0.133797346262903,1.82858077707969e-05,0.42803738317757,FALSE,FALSE
"Y_1","COX5A","D2_late_increasing",0.250493189476936,-0.0858453460540581,0.00574592055913915,0.367289719626168,FALSE,FALSE
"Y_1","GTF2H5","D2_late_increasing",0.250584450408097,-0.117199196788234,0.000171516338118899,0.266355140186916,FALSE,FALSE
"Y_1","RALA","D2_late_increasing",0.250720338261779,-0.121931813575799,9.39164362436373e-05,0.246728971962617,FALSE,FALSE
"Y_1","CTSD","D2_late_increasing",0.250788130628242,-0.197373959050503,1.94832848506507e-10,0.451401869158878,FALSE,FALSE
"Y_1","FAM210B","D2_late_increasing",0.251001773329534,-0.089137768137298,0.00413479934822405,0.177570093457944,FALSE,FALSE
"Y_1","YKT6","D2_late_increasing",0.251008133200131,-0.0785117949556257,0.0112848860426281,0.247663551401869,FALSE,FALSE
"Y_1","RP11-492E3.51","D2_late_increasing",0.251024229797699,-0.188447698249347,1.25390297174492e-09,0.219626168224299,FALSE,FALSE
"Y_1","SEPW1","D2_late_increasing",0.251230742762061,-0.107463763775037,0.00056411947159313,0.645794392523364,FALSE,FALSE
"Y_1","PTPRD","D2_late_increasing",0.251261721012127,-0.192456782973676,5.57334603656365e-10,0.114953271028037,FALSE,FALSE
"Y_1","USP11","D2_late_increasing",0.251429533853272,-0.109967162058722,0.000417801592670535,0.241121495327103,FALSE,FALSE
"Y_1","IFNGR2","D2_late_increasing",0.251587396144287,-0.180895953844776,5.80561662354884e-09,0.265420560747664,FALSE,FALSE
"Y_1","SLC52A2","D2_late_increasing",0.251667297029188,-0.0395161305984025,0.19952969198145,0.152336448598131,FALSE,FALSE
"Y_1","CFH","D2_late_increasing",0.251954220582671,-0.284151416551411,1.31540947273316e-20,0.438317757009346,FALSE,TRUE
"Y_1","PRKAR2A","D2_late_increasing",0.251992211726701,-0.137068677451258,1.1374968510724e-05,0.24392523364486,FALSE,FALSE
"Y_1","SNRPC","D2_late_increasing",0.252417128793679,-0.0970113256734237,0.00183760086652771,0.296261682242991,FALSE,FALSE
"Y_1","CHID1","D2_late_increasing",0.252483869759389,-0.145041612436634,3.38245632237648e-06,0.306542056074766,FALSE,FALSE
"Y_1","MSC","D2_late_increasing",0.252902375423318,-0.131921777243782,2.3837400910352e-05,0.11588785046729,FALSE,FALSE
"Y_1","DNLZ","D2_late_increasing",0.252917490446208,-0.119735771711569,0.000124164745005276,0.300934579439252,FALSE,FALSE
"Y_1","REXO2","D2_late_increasing",0.252962142820877,-0.129985045530249,3.10753601827901e-05,0.251401869158879,FALSE,FALSE
"Y_1","IFI35","D2_late_increasing",0.252992844332352,-0.0720575370711042,0.0197660746341115,0.177570093457944,FALSE,FALSE
"Y_1","RAB31","D2_late_increasing",0.25300172778616,-0.115940153751838,0.000201233731933489,0.491588785046729,FALSE,FALSE
"Y_1","PRDX5","D2_late_increasing",0.25341548555998,-0.0940457566572434,0.00252206182640285,0.585046728971963,FALSE,FALSE
"Y_1","UFD1L","D2_late_increasing",0.253507140863569,-0.115759490693649,0.000205618722161096,0.229906542056075,FALSE,FALSE
"Y_1","ICAM3","D2_late_increasing",0.253631815718068,-0.0751852812659003,0.0150961225454271,0.106542056074766,FALSE,FALSE
"Y_1","SNHG18","D2_late_increasing",0.253897035254786,-0.113304381544829,0.000276438135755066,0.205607476635514,FALSE,FALSE
"Y_1","PSENEN","D2_late_increasing",0.253984948373815,-0.11493115363966,0.000226886194750916,0.275700934579439,FALSE,FALSE
"Y_1","SEC31A","D2_late_increasing",0.254017022056993,-0.191043657345397,7.39438644067584e-10,0.448598130841121,FALSE,FALSE
"Y_1","EPN1","D2_late_increasing",0.25406012760801,-0.164481809113493,1.30280376498186e-07,0.269158878504673,FALSE,FALSE
"Y_1","SH3BGRL3","D2_late_increasing",0.254226816191377,-0.149986011330063,1.52999288612756e-06,0.64392523364486,FALSE,FALSE
"Y_1","SAE1","D2_late_increasing",0.254257928237854,-0.121376352253398,0.000100674197249888,0.192523364485981,FALSE,FALSE
"Y_1","HSPA12B","D2_late_increasing",0.254518563249919,-0.137790571241374,1.02071309472974e-05,0.141121495327103,FALSE,FALSE
"Y_1","NAA38","D2_late_increasing",0.254607190178158,-0.123017592308265,8.15185061143858e-05,0.477570093457944,FALSE,FALSE
"Y_1","CLEC2A","D2_late_increasing",0.254931988918858,-0.136504022775985,1.24009696542581e-05,0.116822429906542,FALSE,FALSE
"Y_1","SEC23A","D2_late_increasing",0.254972250717624,-0.154188009988905,7.65432129625194e-07,0.173831775700935,FALSE,FALSE
"Y_1","TENM4","D2_late_increasing",0.255161697169637,-0.225484721642781,2.73829288905777e-13,0.217757009345794,FALSE,TRUE
"Y_1","CILP","D2_late_increasing",0.255411479541888,-0.20605390085943,2.86855751568491e-11,0.150467289719626,FALSE,TRUE
"Y_1","CCL2","D2_late_increasing",0.255507031586808,-0.168963194262938,5.76156562140765e-08,0.173831775700935,FALSE,FALSE
"Y_1","LAMTOR1","D2_late_increasing",0.255557653383734,-0.105982158338898,0.000671109159441693,0.442056074766355,FALSE,FALSE
"Y_1","TP53TG1","D2_late_increasing",0.255569027073512,-0.112575654223552,0.000301487427614276,0.201869158878505,FALSE,FALSE
"Y_1","SEPN1","D2_late_increasing",0.255605611305209,-0.112587353336322,0.000301392651471062,0.270093457943925,FALSE,FALSE
"Y_1","BRE","D2_late_increasing",0.255622211223627,-0.169620714278915,5.1184332651804e-08,0.292523364485981,FALSE,FALSE
"Y_1","SIGMAR1","D2_late_increasing",0.255913318359971,-0.0818894281395166,0.00827954367315216,0.218691588785047,FALSE,FALSE
"Y_1","DEF8","D2_late_increasing",0.256021431452489,-0.0690350191754448,0.0255284912845941,0.142056074766355,FALSE,FALSE
"Y_1","CXCL12","D2_late_increasing",0.256051356516365,-0.290516938962429,1.6616458491216e-21,0.327102803738318,FALSE,TRUE
"Y_1","CCDC8","D2_late_increasing",0.25695030367122,-0.105230308794384,0.000733219661128982,0.238317757009346,FALSE,FALSE
"Y_1","MRPL27","D2_late_increasing",0.257058760161831,-0.0792949859764083,0.010505978408347,0.282242990654206,FALSE,FALSE
"Y_1","GSTK1","D2_late_increasing",0.257210697423445,-0.127083802944713,4.69035848693113e-05,0.305607476635514,FALSE,FALSE
"Y_1","NFE2L1","D2_late_increasing",0.257291474661055,-0.13219355903122,2.29476838525983e-05,0.288785046728972,FALSE,FALSE
"Y_1","PDIA4","D2_late_increasing",0.257308559398127,-0.104771170749879,0.000769122390333677,0.344859813084112,FALSE,FALSE
"Y_1","CAP1","D2_late_increasing",0.257508644285848,-0.124959706844715,6.25680803403978e-05,0.346728971962617,FALSE,FALSE
"Y_1","ABHD14A","D2_late_increasing",0.257566746400963,-0.138149455989329,9.69200008917421e-06,0.173831775700935,FALSE,FALSE
"Y_1","PLGRKT","D2_late_increasing",0.257616869648669,-0.110617526682136,0.000385531834461429,0.131775700934579,FALSE,FALSE
"Y_1","SERP1","D2_late_increasing",0.257645042828255,-0.0986059676234161,0.00155029822057431,0.424299065420561,FALSE,FALSE
"Y_1","FAAP20","D2_late_increasing",0.257675231058388,-0.0983071038122865,0.00160269140509625,0.357009345794393,FALSE,FALSE
"Y_1","PPP4C","D2_late_increasing",0.257697314406668,-0.118974991024438,0.000136906725402882,0.25607476635514,FALSE,FALSE
"Y_1","NRN1","D2_late_increasing",0.257750335541402,-0.165880878620465,1.0122236370227e-07,0.172897196261682,FALSE,FALSE
"Y_1","ITGB5","D2_late_increasing",0.257776275192053,-0.191018878772309,7.41772168985549e-10,0.565420560747664,FALSE,FALSE
"Y_1","PDZD11","D2_late_increasing",0.258177557019027,-0.0580160512981647,0.060234663228829,0.12803738317757,FALSE,FALSE
"Y_1","CLTB","D2_late_increasing",0.258191861506922,-0.160124742262134,2.78803595752319e-07,0.477570093457944,FALSE,FALSE
"Y_1","TADA3","D2_late_increasing",0.258441450676897,-0.119288782178325,0.000131330220269068,0.220560747663551,FALSE,FALSE
"Y_1","MZT2A","D2_late_increasing",0.259148271484087,-0.116030463769418,0.000199074888222448,0.365420560747664,FALSE,FALSE
"Y_1","PTGIS","D2_late_increasing",0.259152685017682,-0.256196963153488,6.83470444588361e-17,0.227102803738318,FALSE,TRUE
"Y_1","FGGY","D2_late_increasing",0.259247352157104,-0.164993146945749,1.18868749437544e-07,0.106542056074766,FALSE,FALSE
"Y_1","HSPB6","D2_late_increasing",0.259254824204594,-0.152786343148066,9.60426215384998e-07,0.24392523364486,FALSE,FALSE
"Y_1","C19orf70","D2_late_increasing",0.25941898690213,-0.0919235053510559,0.00311963244606345,0.450467289719626,FALSE,FALSE
"Y_1","PPP1CA","D2_late_increasing",0.259467485939582,-0.0676880477464536,0.0285057009784302,0.308411214953271,FALSE,FALSE
"Y_1","TMEM54","D2_late_increasing",0.259483853200921,-0.0528734822263299,0.0864886602571876,0.197196261682243,FALSE,FALSE
"Y_1","SSR2","D2_late_increasing",0.259781443683086,-0.118000799881027,0.000155099482556917,0.58785046728972,FALSE,FALSE
"Y_1","SPHK1","D2_late_increasing",0.259829003931472,-0.0508168140252062,0.0992993177284207,0.118691588785047,FALSE,FALSE
"Y_1","LY6E","D2_late_increasing",0.259950161836961,-0.134242857788459,1.72089747999325e-05,0.570093457943925,FALSE,FALSE
"Y_1","TMEM120B","D2_late_increasing",0.260042497059365,-0.169753193742949,4.99942900927374e-08,0.119626168224299,FALSE,FALSE
"Y_1","PRSS23","D2_late_increasing",0.260049747170382,-0.157839984695552,4.12614082732677e-07,0.454205607476636,FALSE,FALSE
"Y_1","DCN","D2_late_increasing",0.260135633506394,-0.326114674041999,4.46040540129434e-27,0.814953271028037,FALSE,TRUE
"Y_1","C17orf89","D2_late_increasing",0.260159634303655,-0.106277677466575,0.000648680509324034,0.424299065420561,FALSE,FALSE
"Y_1","GSDMD","D2_late_increasing",0.26018550880406,-0.13248721290192,2.19853012466779e-05,0.21214953271028,FALSE,FALSE
"Y_1","NFATC2","D2_late_increasing",0.260323718467168,-0.228376058072166,1.32675330194485e-13,0.117757009345794,FALSE,TRUE
"Y_1","PRKCSH","D2_late_increasing",0.260378051362942,-0.147751585613222,2.19492963673965e-06,0.385046728971963,FALSE,FALSE
"Y_1","CENPP","D2_late_increasing",0.260479584112755,-0.12705152791755,4.7059172162981e-05,0.24018691588785,FALSE,FALSE
"Y_1","FBXW5","D2_late_increasing",0.260647927006547,-0.121108108347204,0.000104221689354939,0.214953271028037,FALSE,FALSE
"Y_1","DDRGK1","D2_late_increasing",0.260775636639268,-0.104517412795376,0.000790448545646336,0.225233644859813,FALSE,FALSE
"Y_1","CTC-479C5.12","D2_late_increasing",0.260913806528283,-0.0833988112541801,0.00721901293220433,0.25607476635514,FALSE,FALSE
"Y_1","ANAPC11","D2_late_increasing",0.260929078826987,-0.0794696798244882,0.0103561915806758,0.491588785046729,FALSE,FALSE
"Y_1","MAN1B1","D2_late_increasing",0.260970474486619,-0.142314191487934,5.17053424518941e-06,0.283177570093458,FALSE,FALSE
"Y_1","NDUFA6","D2_late_increasing",0.261140936801354,-0.118535314037694,0.000144616098530335,0.42803738317757,FALSE,FALSE
"Y_1","GPX1","D2_late_increasing",0.261357853971444,-0.148329606472335,2.00819760081539e-06,0.565420560747664,FALSE,FALSE
"Y_1","MICAL2","D2_late_increasing",0.261379329677625,-0.080872665058638,0.00910020320889067,0.121495327102804,FALSE,FALSE
"Y_1","TAPBP","D2_late_increasing",0.261455026625106,-0.171048303684511,3.90900548628809e-08,0.303738317757009,FALSE,FALSE
"Y_1","TMED9","D2_late_increasing",0.261462963422974,-0.115649211945271,0.000208396523080375,0.471028037383178,FALSE,FALSE
"Y_1","MRPL36","D2_late_increasing",0.261657173511284,-0.0950206327212916,0.00227098593288125,0.250467289719626,FALSE,FALSE
"Y_1","FUCA2","D2_late_increasing",0.261701940973707,-0.18887553922421,1.15667143969184e-09,0.214953271028037,FALSE,FALSE
"Y_1","TP53I13","D2_late_increasing",0.261897679107626,-0.130397497729534,2.92705360725884e-05,0.306542056074766,FALSE,FALSE
"Y_1","IFI16","D2_late_increasing",0.261950568977659,-0.19629106434752,2.44725693616492e-10,0.354205607476635,FALSE,FALSE
"Y_1","SEC61G","D2_late_increasing",0.262105358885763,-0.0821135581286256,0.00811560950335232,0.549532710280374,FALSE,FALSE
"Y_1","ARPC2","D2_late_increasing",0.262120130836118,-0.118779258713563,0.00014025049054397,0.571028037383178,FALSE,FALSE
"Y_1","NCS1","D2_late_increasing",0.262131929258662,-0.0832901782322316,0.0072900917549592,0.165420560747664,FALSE,FALSE
"Y_1","GMPPB","D2_late_increasing",0.262198699644975,-0.0918749646248097,0.00312605542751856,0.107476635514019,FALSE,FALSE
"Y_1","TMEM45A","D2_late_increasing",0.262328466723966,-0.160017404736829,2.83775824683757e-07,0.361682242990654,FALSE,FALSE
"Y_1","FAM109B","D2_late_increasing",0.262524287809012,-0.0728302811554268,0.0185275537827263,0.11588785046729,FALSE,FALSE
"Y_1","G6PC3","D2_late_increasing",0.262882788310698,-0.115043783047062,0.000223866007910371,0.193457943925234,FALSE,FALSE
"Y_1","ARF5","D2_late_increasing",0.262969472953643,-0.14759297417735,2.25037706853183e-06,0.477570093457944,FALSE,FALSE
"Y_1","MGAT1","D2_late_increasing",0.263354530044291,-0.147369873020264,2.32465870285919e-06,0.378504672897196,FALSE,FALSE
"Y_1","ATP5G1","D2_late_increasing",0.263857190298792,-0.112775258423114,0.000294486176393518,0.404672897196262,FALSE,FALSE
"Y_1","PPP1R9B","D2_late_increasing",0.264099029037532,-0.154471984823929,7.30835257266721e-07,0.195327102803738,FALSE,FALSE
"Y_1","SH3GLB1","D2_late_increasing",0.264131403605603,-0.152566330067351,9.96030555854925e-07,0.25981308411215,FALSE,FALSE
"Y_1","SHISA4","D2_late_increasing",0.264195243244198,-0.0359163288504374,0.243280222078216,0.155140186915888,FALSE,FALSE
"Y_1","PALM","D2_late_increasing",0.264280215383339,-0.232298829900222,4.81091053133737e-14,0.17196261682243,FALSE,TRUE
"Y_1","COLGALT1","D2_late_increasing",0.264380034950074,-0.108471637134804,0.000502149431486344,0.317757009345794,FALSE,FALSE
"Y_1","IGF2","D2_late_increasing",0.264407564610493,-0.197097462562977,2.06793921519853e-10,0.518691588785047,FALSE,FALSE
"Y_1","CLDN4","D2_late_increasing",0.264716807140616,-0.153150464629154,9.07749632086538e-07,0.229906542056075,FALSE,FALSE
"Y_1","EIF5A","D2_late_increasing",0.264823629844219,-0.141577536081093,5.79539072994188e-06,0.435514018691589,FALSE,FALSE
"Y_1","TGFB1I1","D2_late_increasing",0.265234840336945,-0.0748572595329122,0.015524697830154,0.27196261682243,FALSE,FALSE
"Y_1","ORAI2","D2_late_increasing",0.265239184729673,-0.12686788713096,4.81309814360094e-05,0.211214953271028,FALSE,FALSE
"Y_1","WIPI1","D2_late_increasing",0.265352933079077,-0.122092124939255,9.19582866178319e-05,0.164485981308411,FALSE,FALSE
"Y_1","CLEC2B","D2_late_increasing",0.265541436694884,-0.194329709870291,3.76317906362276e-10,0.306542056074766,FALSE,FALSE
"Y_1","SNRNP25","D2_late_increasing",0.265575054582008,-0.0642961270317069,0.0374156545819964,0.157943925233645,FALSE,FALSE
"Y_1","UQCR11","D2_late_increasing",0.266089801428648,-0.139230252759299,8.2356426937883e-06,0.667289719626168,FALSE,FALSE
"Y_1","DDB2","D2_late_increasing",0.266112252777792,-0.20559724485255,3.16434169392121e-11,0.169158878504673,FALSE,TRUE
"Y_1","GALNT5","D2_late_increasing",0.266160346968726,-0.162022061200455,2.00089227163707e-07,0.106542056074766,FALSE,FALSE
"Y_1","NAGLU","D2_late_increasing",0.266171944061307,-0.121500449723878,9.92115207745578e-05,0.209345794392523,FALSE,FALSE
"Y_1","UBXN6","D2_late_increasing",0.266195843019645,-0.148012132004923,2.10790850593015e-06,0.300934579439252,FALSE,FALSE
"Y_1","SCP2","D2_late_increasing",0.266473159659046,-0.136388130323817,1.25743463539098e-05,0.282242990654206,FALSE,FALSE
"Y_1","IKBIP","D2_late_increasing",0.266754291752081,-0.1070163072694,0.000595622762790633,0.231775700934579,FALSE,FALSE
"Y_1","MAN1C1","D2_late_increasing",0.266769036136011,-0.281507421482488,3.06328549498409e-20,0.185046728971963,FALSE,TRUE
"Y_1","COPS7A","D2_late_increasing",0.266990810035372,-0.0663251699673485,0.0318162695414966,0.175700934579439,FALSE,FALSE
"Y_1","WBP5","D2_late_increasing",0.267045148377072,-0.151399849593167,1.20563586928256e-06,0.37196261682243,FALSE,FALSE
"Y_1","VAT1","D2_late_increasing",0.267067091443841,-0.120802312707982,0.000108448809746885,0.311214953271028,FALSE,FALSE
"Y_1","PEA15","D2_late_increasing",0.267510304281861,-0.0919285342362171,0.00311963244606345,0.245794392523364,FALSE,FALSE
"Y_1","TXN2","D2_late_increasing",0.267852163443203,-0.0674311100679537,0.0290719090472694,0.322429906542056,FALSE,FALSE
"Y_1","ECM2","D2_late_increasing",0.267991104200855,-0.246393193293102,1.09450610942223e-15,0.24392523364486,FALSE,TRUE
"Y_1","TBC1D1","D2_late_increasing",0.268025101432846,-0.093334268264722,0.00270979373530969,0.149532710280374,FALSE,FALSE
"Y_1","NDUFB3","D2_late_increasing",0.268182003363087,-0.121441689475003,9.98946108877821e-05,0.257943925233645,FALSE,FALSE
"Y_1","APOE","D2_late_increasing",0.268435320157949,-0.282862033103527,1.97435050362405e-20,0.64018691588785,FALSE,TRUE
"Y_1","FAM129A","D2_late_increasing",0.268708969643983,-0.197930771279766,1.73165242942364e-10,0.118691588785047,FALSE,FALSE
"Y_1","SLC39A7","D2_late_increasing",0.26889656644216,-0.129971633301747,3.10939492959539e-05,0.419626168224299,FALSE,FALSE
"Y_1","KIAA2013","D2_late_increasing",0.268979807246438,-0.1270211316378,4.7202448133659e-05,0.194392523364486,FALSE,FALSE
"Y_1","TNC","D2_late_increasing",0.268988544910477,-0.176667377367199,1.34235295720814e-08,0.242990654205607,FALSE,FALSE
"Y_1","CLPP","D2_late_increasing",0.269186988102439,-0.0703991550002439,0.0228100083491536,0.228971962616822,FALSE,FALSE
"Y_1","HMOX2","D2_late_increasing",0.269216852377496,-0.084254104582003,0.00666089378519784,0.227102803738318,FALSE,FALSE
"Y_1","MAST2","D2_late_increasing",0.269378788575901,-0.20310403159531,5.56480200634748e-11,0.150467289719626,FALSE,TRUE
"Y_1","GPC1","D2_late_increasing",0.269730945046388,-0.0971097095541466,0.0018212175842432,0.208411214953271,FALSE,FALSE
"Y_1","PRADC1","D2_late_increasing",0.269757553372209,-0.0621676435565365,0.0441712051226803,0.164485981308411,FALSE,FALSE
"Y_1","KLHL22","D2_late_increasing",0.269772184624155,-0.165530117001401,1.07906534312524e-07,0.155140186915888,FALSE,FALSE
"Y_1","ARAP1","D2_late_increasing",0.269985745963656,-0.230757172818155,7.17803831065924e-14,0.298130841121495,FALSE,TRUE
"Y_1","GUK1","D2_late_increasing",0.27011408433395,-0.120033499647606,0.000119495420967903,0.522429906542056,FALSE,FALSE
"Y_1","IGDCC4","D2_late_increasing",0.270355689688803,-0.260792619024835,1.78940285061801e-17,0.116822429906542,FALSE,TRUE
"Y_1","CHD3","D2_late_increasing",0.270499885252004,-0.134923264913498,1.56197131210602e-05,0.370093457943925,FALSE,FALSE
"Y_1","NDUFA3","D2_late_increasing",0.270523358364544,-0.143579330078434,4.25052243170293e-06,0.414953271028037,FALSE,FALSE
"Y_1","PSMB8","D2_late_increasing",0.27054533436053,-0.146305945583154,2.75767408061542e-06,0.246728971962617,FALSE,FALSE
"Y_1","KLHDC3","D2_late_increasing",0.270592015067922,-0.157944717163256,4.05666862913664e-07,0.246728971962617,FALSE,FALSE
"Y_1","MIF","D2_late_increasing",0.271014343604749,-0.0765358294991952,0.0134087798628957,0.333644859813084,FALSE,FALSE
"Y_1","GOLGA3","D2_late_increasing",0.271037453932428,-0.13550298320166,1.43713500029563e-05,0.3,FALSE,FALSE
"Y_1","ST6GALNAC6","D2_late_increasing",0.271376996526609,-0.161845028256917,2.0594607929883e-07,0.241121495327103,FALSE,FALSE
"Y_1","THOC6","D2_late_increasing",0.271837905950586,-0.0969622622046457,0.00184581728858408,0.14392523364486,FALSE,FALSE
"Y_1","MRPL14","D2_late_increasing",0.272074639715087,-0.0792750439310145,0.0105155626868976,0.290654205607477,FALSE,FALSE
"Y_1","GTF3C1","D2_late_increasing",0.272141748453743,-0.146428813322836,2.70630972985759e-06,0.186915887850467,FALSE,FALSE
"Y_1","GNG5","D2_late_increasing",0.272226883979353,-0.169057655179623,5.68010145429147e-08,0.492523364485981,FALSE,FALSE
"Y_1","BAD","D2_late_increasing",0.272724911395005,-0.11656732026005,0.000186227852293302,0.353271028037383,FALSE,FALSE
"Y_1","DPYSL3","D2_late_increasing",0.272810372994431,-0.155373423069921,6.27082747077022e-07,0.393457943925234,FALSE,FALSE
"Y_1","TIMM8B","D2_late_increasing",0.272852712251228,-0.140923769329982,6.3867111759243e-06,0.383177570093458,FALSE,FALSE
"Y_1","MYO1C","D2_late_increasing",0.272856617749856,-0.201664832565168,7.6732603990671e-11,0.426168224299065,FALSE,TRUE
"Y_1","CRELD2","D2_late_increasing",0.272967204101695,-0.108370226714772,0.000507968494155071,0.234579439252336,FALSE,FALSE
"Y_1","CALR","D2_late_increasing",0.273308014265699,-0.153361034786445,8.78109375342155e-07,0.622429906542056,FALSE,FALSE
"Y_1","C11orf68","D2_late_increasing",0.273537268993181,-0.0958997922487026,0.00206502676547907,0.257943925233645,FALSE,FALSE
"Y_1","B2M","D2_late_increasing",0.273595198197693,-0.323006420076192,1.42808588605303e-26,0.922429906542056,FALSE,TRUE
"Y_1","C19orf24","D2_late_increasing",0.273881596770607,-0.11526637187306,0.000218172419002742,0.24018691588785,FALSE,FALSE
"Y_1","FAM102A","D2_late_increasing",0.273957519375275,-0.169039329904214,5.68912205735384e-08,0.219626168224299,FALSE,FALSE
"Y_1","NUTF2","D2_late_increasing",0.273957677608342,-0.0808695915160733,0.00910020320889067,0.305607476635514,FALSE,FALSE
"Y_1","UROS","D2_late_increasing",0.274023879192736,-0.114812777405262,0.000229672546865009,0.190654205607477,FALSE,FALSE
"Y_1","CALM3","D2_late_increasing",0.274075492131294,-0.158858756274452,3.47964741515976e-07,0.450467289719626,FALSE,FALSE
"Y_1","PRICKLE1","D2_late_increasing",0.274590081970782,-0.234542352250702,2.69561970687531e-14,0.24018691588785,FALSE,TRUE
"Y_1","TXNDC15","D2_late_increasing",0.274762961321878,-0.130705465901154,2.81552600532374e-05,0.214953271028037,FALSE,FALSE
"Y_1","EFEMP1","D2_late_increasing",0.274892634173123,-0.225518298080746,2.72258670468401e-13,0.313084112149533,FALSE,TRUE
"Y_1","CCDC124","D2_late_increasing",0.274971255554789,-0.0950715515749578,0.00226060329664276,0.298130841121495,FALSE,FALSE
"Y_1","NDUFB2","D2_late_increasing",0.274977605649527,-0.112847736298821,0.000292078219242085,0.57196261682243,FALSE,FALSE
"Y_1","GRINA","D2_late_increasing",0.275030266770622,-0.0877492040518563,0.00476188398624401,0.298130841121495,FALSE,FALSE
"Y_1","FAM177A1","D2_late_increasing",0.275317061208709,-0.108037095476944,0.000527705536341394,0.216822429906542,FALSE,FALSE
"Y_1","GIPC1","D2_late_increasing",0.275372868606672,-0.136400764978645,1.25743463539098e-05,0.237383177570093,FALSE,FALSE
"Y_1","ZNF106","D2_late_increasing",0.275559867279956,-0.171462691698581,3.61416055312876e-08,0.272897196261682,FALSE,FALSE
"Y_1","SLC12A4","D2_late_increasing",0.275920506096067,-0.147505537258314,2.27985881140054e-06,0.153271028037383,FALSE,FALSE
"Y_1","SRPX2","D2_late_increasing",0.276201480084267,-0.0758189614785107,0.0142852146993666,0.126168224299065,FALSE,FALSE
"Y_1","ECHS1","D2_late_increasing",0.276237643322345,-0.0861263328398648,0.00560065564256478,0.260747663551402,FALSE,FALSE
"Y_1","ANXA1","D2_late_increasing",0.276777974889898,-0.218274260081998,1.6152590506216e-12,0.469158878504673,FALSE,TRUE
"Y_1","FAM234A","D2_late_increasing",0.276908628675247,-0.0965598934854234,0.0019254639461464,0.150467289719626,FALSE,FALSE
"Y_1","TWF2","D2_late_increasing",0.27691609828261,-0.132625065953449,2.15941825692344e-05,0.258878504672897,FALSE,FALSE
"Y_1","ITGA5","D2_late_increasing",0.277024670262131,-0.114914487038302,0.000226886194750916,0.164485981308411,FALSE,FALSE
"Y_1","RARRES3","D2_late_increasing",0.277074490486942,-0.177058482902882,1.24369382684119e-08,0.226168224299065,FALSE,FALSE
"Y_1","AKR1C3","D2_late_increasing",0.277204546943218,-0.134607492015868,1.63467558515208e-05,0.178504672897196,FALSE,FALSE
"Y_1","TMEM208","D2_late_increasing",0.277240139389021,-0.0218181214534343,0.476735684388353,0.235514018691589,FALSE,FALSE
"Y_1","BUD31","D2_late_increasing",0.27753645365837,-0.0854786270739662,0.00595234259855497,0.290654205607477,FALSE,FALSE
"Y_1","CCDC167","D2_late_increasing",0.277779475570023,-0.104968890493833,0.00075345256306607,0.157009345794393,FALSE,FALSE
"Y_1","SCARF2","D2_late_increasing",0.27780247438248,-0.137775493463082,1.0215932230922e-05,0.270093457943925,FALSE,FALSE
"Y_1","RNPEPL1","D2_late_increasing",0.277857885084027,-0.133612021410456,1.87546320261755e-05,0.12803738317757,FALSE,FALSE
"Y_1","OLFM2","D2_late_increasing",0.27787648434333,-0.193277071202701,4.66796029752666e-10,0.31214953271028,FALSE,FALSE
"Y_1","SPINT2","D2_late_increasing",0.277918490703979,-0.115620910546972,0.000208824416921808,0.25607476635514,FALSE,FALSE
"Y_1","BRI3","D2_late_increasing",0.277955830118132,-0.190271571346206,8.6614236729482e-10,0.565420560747664,FALSE,FALSE
"Y_1","RP11-196G11.1","D2_late_increasing",0.278356350271461,-0.0772138414497815,0.0126379639246897,0.141121495327103,FALSE,FALSE
"Y_1","KCNK6","D2_late_increasing",0.278494613746152,-0.157756009751422,4.17392823049837e-07,0.139252336448598,FALSE,FALSE
"Y_1","LRPAP1","D2_late_increasing",0.27851338830266,-0.125331288519433,5.94895506341689e-05,0.345794392523364,FALSE,FALSE
"Y_1","FBLIM1","D2_late_increasing",0.278562823219375,-0.134625570098816,1.63255091549457e-05,0.186915887850467,FALSE,FALSE
"Y_1","ARSA","D2_late_increasing",0.278588798810745,-0.186507327216052,1.86207555960489e-09,0.192523364485981,FALSE,FALSE
"Y_1","RNASEH2C","D2_late_increasing",0.279053964871915,-0.121786609740431,9.54604670338941e-05,0.35607476635514,FALSE,FALSE
"Y_1","TXNL4A","D2_late_increasing",0.27940315217901,-0.0636384181979095,0.0394118154551958,0.364485981308411,FALSE,FALSE
"Y_1","GTF3C6","D2_late_increasing",0.279591364702765,-0.0793980125247775,0.0104133948733403,0.24392523364486,FALSE,FALSE
"Y_1","AKT1S1","D2_late_increasing",0.279802957126275,-0.103505876556061,0.000888007347923647,0.199065420560748,FALSE,FALSE
"Y_1","SH3GL1","D2_late_increasing",0.279846012679709,-0.138858004465949,8.72145147604468e-06,0.236448598130841,FALSE,FALSE
"Y_1","AP3D1","D2_late_increasing",0.280025324060645,-0.159143768871748,3.31729622513018e-07,0.213084112149533,FALSE,FALSE
"Y_1","QSOX1","D2_late_increasing",0.280177030081057,-0.14817237702753,2.0552724647953e-06,0.241121495327103,FALSE,FALSE
"Y_1","TXLNA","D2_late_increasing",0.280522780229485,-0.113298306211467,0.000276438135755066,0.201869158878505,FALSE,FALSE
"Y_1","GPC6","D2_late_increasing",0.280527796657599,-0.263358678247327,8.32130613781917e-18,0.147663551401869,FALSE,TRUE
"Y_1","LTBP3","D2_late_increasing",0.281206191282645,-0.213340426771106,5.2683202136034e-12,0.504672897196262,FALSE,TRUE
"Y_1","FAM229B","D2_late_increasing",0.281334152452544,-0.101248724560893,0.00115200824648876,0.205607476635514,FALSE,FALSE
"Y_1","C12orf75","D2_late_increasing",0.281732491790238,-0.105187238756693,0.000736226874027855,0.225233644859813,FALSE,FALSE
"Y_1","SRM","D2_late_increasing",0.282022835598442,-0.0727477828101952,0.0186462011625983,0.347663551401869,FALSE,FALSE
"Y_1","PPDPF","D2_late_increasing",0.282268102695141,-0.143861496065593,4.07211144032135e-06,0.516822429906542,FALSE,FALSE
"Y_1","PRKCDBP","D2_late_increasing",0.282286600361517,-0.155403120215231,6.24886068955374e-07,0.498130841121495,FALSE,FALSE
"Y_1","GTF3A","D2_late_increasing",0.28233590885667,-0.132735491119985,2.12673053308758e-05,0.246728971962617,FALSE,FALSE
"Y_1","JDP2","D2_late_increasing",0.282600641856938,-0.175595809151102,1.65563749215268e-08,0.185981308411215,FALSE,FALSE
"Y_1","RP11-282O18.3","D2_late_increasing",0.282629627975451,-0.121871115284346,9.44660827594049e-05,0.371028037383178,FALSE,FALSE
"Y_1","TRAPPC1","D2_late_increasing",0.282969914272872,-0.0844811411127402,0.0065439871634087,0.333644859813084,FALSE,FALSE
"Y_1","GSR","D2_late_increasing",0.282991260398577,-0.130629806905856,2.84344824559888e-05,0.102803738317757,FALSE,FALSE
"Y_1","PDIA5","D2_late_increasing",0.283234101641879,-0.158183050080532,3.90087614365349e-07,0.219626168224299,FALSE,FALSE
"Y_1","RHOC","D2_late_increasing",0.28341156248079,-0.0750131396402026,0.0153204704754114,0.568224299065421,FALSE,FALSE
"Y_1","UROD","D2_late_increasing",0.283785908899116,-0.188080883378595,1.35023809425843e-09,0.282242990654206,FALSE,FALSE
"Y_1","IMPDH1","D2_late_increasing",0.283915593578579,-0.0729788234637846,0.0183014041401981,0.151401869158879,FALSE,FALSE
"Y_1","YIF1B","D2_late_increasing",0.284586038999027,-0.0912727966225381,0.00331824924707232,0.166355140186916,FALSE,FALSE
"Y_1","MED8","D2_late_increasing",0.284987149792176,-0.0459826493522889,0.135708775601469,0.174766355140187,FALSE,FALSE
"Y_1","UQCC2","D2_late_increasing",0.28502550050368,-0.114438922814054,0.00024039060052849,0.27196261682243,FALSE,FALSE
"Y_1","CD276","D2_late_increasing",0.285251136161698,-0.14228230283313,5.1891407797696e-06,0.241121495327103,FALSE,FALSE
"Y_1","GLMP","D2_late_increasing",0.285670743083627,-0.148761017090062,1.87047391786897e-06,0.217757009345794,FALSE,FALSE
"Y_1","BTN3A2","D2_late_increasing",0.285936555506792,-0.195073942250381,3.19977104901902e-10,0.18785046728972,FALSE,FALSE
"Y_1","TANC2","D2_late_increasing",0.285960073200249,-0.279134716919844,6.50218818714338e-20,0.162616822429907,FALSE,TRUE
"Y_1","ZNHIT1","D2_late_increasing",0.286532067204067,-0.186135999624614,2.00977190847622e-09,0.474766355140187,FALSE,FALSE
"Y_1","EIF4G1","D2_late_increasing",0.286535391327367,-0.131331468083449,2.58235560556889e-05,0.396261682242991,FALSE,FALSE
"Y_1","UQCRQ","D2_late_increasing",0.286536368612786,-0.172068928039043,3.2309841762998e-08,0.658878504672897,FALSE,FALSE
"Y_1","GRIN2D","D2_late_increasing",0.286545683681659,-0.138769758951058,8.83034586408541e-06,0.104672897196262,FALSE,FALSE
"Y_1","COPA","D2_late_increasing",0.286642541906523,-0.186114326271756,2.01472563860253e-09,0.404672897196262,FALSE,FALSE
"Y_1","FMO1","D2_late_increasing",0.286758602453975,-0.196381824151269,2.41512019342512e-10,0.158878504672897,FALSE,FALSE
"Y_1","CD63","D2_late_increasing",0.286893759177278,-0.191999368738793,6.08880730037938e-10,0.907476635514019,FALSE,FALSE
"Y_1","ARPC4","D2_late_increasing",0.287013414004348,-0.10124240174477,0.00115200824648876,0.357943925233645,FALSE,FALSE
"Y_1","ITGB1BP1","D2_late_increasing",0.287194763220433,-0.13790541353513,1.00401140237528e-05,0.250467289719626,FALSE,FALSE
"Y_1","NDST1","D2_late_increasing",0.287221014198338,-0.149519749692845,1.65061202272822e-06,0.195327102803738,FALSE,FALSE
"Y_1","CHPF2","D2_late_increasing",0.287221606824667,-0.152501492972143,1.00557745233365e-06,0.194392523364486,FALSE,FALSE
"Y_1","GLT8D2","D2_late_increasing",0.287329499793741,-0.130864371981628,2.75734380191431e-05,0.247663551401869,FALSE,FALSE
"Y_1","ATP6V0D1","D2_late_increasing",0.287482733842198,-0.120259757603165,0.00011643128234709,0.257943925233645,FALSE,FALSE
"Y_1","SEMA3C","D2_late_increasing",0.287590814417172,-0.246851259209449,9.67314648625279e-16,0.149532710280374,FALSE,TRUE
"Y_1","PLEKHA4","D2_late_increasing",0.287692623432099,-0.191325563002742,6.98680762974527e-10,0.192523364485981,FALSE,FALSE
"Y_1","ARPC1A","D2_late_increasing",0.287769468125685,-0.134195219335194,1.72841591674131e-05,0.247663551401869,FALSE,FALSE
"Y_1","A2M","D2_late_increasing",0.288151148286131,-0.123627934789346,7.52954001919115e-05,0.237383177570093,FALSE,FALSE
"Y_1","CDK2AP1","D2_late_increasing",0.288310062783907,-0.0830569270015601,0.00743837024935436,0.319626168224299,FALSE,FALSE
"Y_1","MINOS1-NBL1","D2_late_increasing",0.288600034758092,-0.129600532295631,3.28040009207252e-05,0.131775700934579,FALSE,FALSE
"Y_1","HAPLN3","D2_late_increasing",0.288755642572066,-0.129498169417257,3.32577786488684e-05,0.175700934579439,FALSE,FALSE
"Y_1","TPM2","D2_late_increasing",0.288842174067557,-0.0828021899473148,0.00761318296519738,0.477570093457944,FALSE,FALSE
"Y_1","ZEB1","D2_late_increasing",0.289042367108784,-0.222425467805837,5.80903610153258e-13,0.233644859813084,FALSE,TRUE
"Y_1","ERCC1","D2_late_increasing",0.289059840205555,-0.180488877368533,6.2844299751867e-09,0.388785046728972,FALSE,FALSE
"Y_1","MEIS3","D2_late_increasing",0.289097401830625,-0.154585030711326,7.17736794997132e-07,0.210280373831776,FALSE,FALSE
"Y_1","ACTB","D2_late_increasing",0.289279770870115,-0.163923962469418,1.43454074172097e-07,0.926168224299065,FALSE,FALSE
"Y_1","MYLK","D2_late_increasing",0.289307711566872,-0.199157474487418,1.32126605558646e-10,0.165420560747664,FALSE,FALSE
"Y_1","CD82","D2_late_increasing",0.289386119360412,-0.15824874501235,3.8620139578235e-07,0.230841121495327,FALSE,FALSE
"Y_1","PLXNB2","D2_late_increasing",0.289415124356322,-0.166261607724386,9.47615083749599e-08,0.28785046728972,FALSE,FALSE
"Y_1","PLOD2","D2_late_increasing",0.289627951102076,-0.123463079003567,7.68636643874317e-05,0.144859813084112,FALSE,FALSE
"Y_1","LINC01615","D2_late_increasing",0.289837029608947,-0.117313218718165,0.000169116885821423,0.139252336448598,FALSE,FALSE
"Y_1","MRPL17","D2_late_increasing",0.289870844383338,-0.0975338182126163,0.00174304336320785,0.248598130841122,FALSE,FALSE
"Y_1","SLC39A13","D2_late_increasing",0.290003641364281,-0.0889087274921214,0.00423128889844674,0.231775700934579,FALSE,FALSE
"Y_1","ARHGAP28","D2_late_increasing",0.290522127873881,-0.250592091272178,3.40890241260601e-16,0.107476635514019,FALSE,TRUE
"Y_1","RAD51B","D2_late_increasing",0.290735010147544,-0.193399695036496,4.56486916761262e-10,0.194392523364486,FALSE,FALSE
"Y_1","CTSC","D2_late_increasing",0.291278277129743,-0.290321986090989,1.76736752480531e-21,0.310280373831776,FALSE,TRUE
"Y_1","NANS","D2_late_increasing",0.291354903844867,-0.127576901891589,4.37192479983607e-05,0.201869158878505,FALSE,FALSE
"Y_1","GAA","D2_late_increasing",0.291567017003782,-0.140835339651171,6.45781604531374e-06,0.248598130841122,FALSE,FALSE
"Y_1","TNFRSF1A","D2_late_increasing",0.291606651559903,-0.188773351453413,1.17713558203135e-09,0.393457943925234,FALSE,FALSE
"Y_1","GALNT2","D2_late_increasing",0.29184814283142,-0.130600903332528,2.85171811774593e-05,0.225233644859813,FALSE,FALSE
"Y_1","PLAUR","D2_late_increasing",0.291874029740402,-0.0782022526111116,0.0115971599476627,0.227102803738318,FALSE,FALSE
"Y_1","PAPSS2","D2_late_increasing",0.29194965672069,-0.173233657566972,2.6035006754206e-08,0.201869158878505,FALSE,FALSE
"Y_1","DAPK3","D2_late_increasing",0.292231986054214,-0.112543107183998,0.00030239884459502,0.227102803738318,FALSE,FALSE
"Y_1","GPI","D2_late_increasing",0.292314498604974,-0.118843957763367,0.00013919702223864,0.368224299065421,FALSE,FALSE
"Y_1","AGTRAP","D2_late_increasing",0.292395503785997,-0.141145569174716,6.17325699622869e-06,0.211214953271028,FALSE,FALSE
"Y_1","HOMER3","D2_late_increasing",0.292623519324847,-0.132008179016049,2.35632928012798e-05,0.193457943925234,FALSE,FALSE
"Y_1","NAA10","D2_late_increasing",0.292753985261362,-0.104839684142951,0.000763623647375606,0.267289719626168,FALSE,FALSE
"Y_1","COPZ1","D2_late_increasing",0.293778224743732,-0.0771998925281643,0.0126420384861072,0.293457943925234,FALSE,FALSE
"Y_1","NRBP1","D2_late_increasing",0.293824751547347,-0.144980831139129,3.41102274694731e-06,0.293457943925234,FALSE,FALSE
"Y_1","NPTX2","D2_late_increasing",0.294310308804282,-0.0846599989680337,0.00644696667563574,0.150467289719626,FALSE,FALSE
"Y_1","CXXC5","D2_late_increasing",0.294316593906844,-0.217102602777263,2.13177220773589e-12,0.28785046728972,FALSE,TRUE
"Y_1","TMEM147","D2_late_increasing",0.294494220167043,-0.118094821388396,0.000153331350965064,0.298130841121495,FALSE,FALSE
"Y_1","CTTN","D2_late_increasing",0.294966268189871,-0.185495022953953,2.28584009738602e-09,0.34018691588785,FALSE,FALSE
"Y_1","METRNL","D2_late_increasing",0.295293556651745,-0.211446219702781,8.20212066321148e-12,0.360747663551402,FALSE,TRUE
"Y_1","XBP1","D2_late_increasing",0.295781830948121,-0.124083398133307,7.06862646903722e-05,0.269158878504673,FALSE,FALSE
"Y_1","FUT11","D2_late_increasing",0.296106700414475,-0.179011946385429,8.45526026862193e-09,0.297196261682243,FALSE,FALSE
"Y_1","DNPH1","D2_late_increasing",0.296383788381792,-0.158914882953785,3.45079235007733e-07,0.276635514018692,FALSE,FALSE
"Y_1","MRPL52","D2_late_increasing",0.296637416939673,-0.125330975906562,5.94895506341689e-05,0.34392523364486,FALSE,FALSE
"Y_1","ST3GAL2","D2_late_increasing",0.297423204683672,-0.185543432417013,2.26744775119827e-09,0.270093457943925,FALSE,FALSE
"Y_1","FIBP","D2_late_increasing",0.297572005558712,-0.109745028981418,0.000429226117363802,0.219626168224299,FALSE,FALSE
"Y_1","ETHE1","D2_late_increasing",0.297775223702664,-0.116256771981323,0.000193880329441518,0.258878504672897,FALSE,FALSE
"Y_1","TMEM219","D2_late_increasing",0.298245180665779,-0.192436565608925,5.57440659513845e-10,0.432710280373832,FALSE,FALSE
"Y_1","CDC42EP5","D2_late_increasing",0.298352564038431,-0.146612478846065,2.62914536200043e-06,0.307476635514019,FALSE,FALSE
"Y_1","C7orf73","D2_late_increasing",0.298382469023881,-0.163420755922285,1.56170892120772e-07,0.344859813084112,FALSE,FALSE
"Y_1","S100A13","D2_late_increasing",0.298424469450964,-0.260386793894998,2.01543343470611e-17,0.679439252336449,FALSE,TRUE
"Y_1","ZYX","D2_late_increasing",0.298855996913918,-0.113960466428837,0.000254431141955114,0.319626168224299,FALSE,FALSE
"Y_1","PDZRN4","D2_late_increasing",0.298887452603539,-0.285564916625275,8.39215147309614e-21,0.107476635514019,FALSE,TRUE
"Y_1","MRPL12","D2_late_increasing",0.299141586634048,-0.0933849717071239,0.00269767723501242,0.214953271028037,FALSE,FALSE
"Y_1","MAP7D1","D2_late_increasing",0.30001879958585,-0.142004673451974,5.41855259240979e-06,0.265420560747664,FALSE,FALSE
"Y_1","FHL3","D2_late_increasing",0.300110490159261,-0.0939777774625053,0.0025382962547237,0.150467289719626,FALSE,FALSE
"Y_1","PGLS","D2_late_increasing",0.300321597918804,-0.120606227732716,0.000111284572505517,0.347663551401869,FALSE,FALSE
"Y_1","CAPZB","D2_late_increasing",0.30069096808655,-0.223170471322802,4.88443551974375e-13,0.582242990654206,FALSE,TRUE
"Y_1","ERI3","D2_late_increasing",0.30090082692024,-0.135352932654108,1.46641018773749e-05,0.219626168224299,FALSE,FALSE
"Y_1","PDE4DIP","D2_late_increasing",0.301078638880458,-0.224580004456981,3.43650198935202e-13,0.157943925233645,FALSE,TRUE
"Y_1","GALNT10","D2_late_increasing",0.301198875684846,-0.204858619043431,3.73170422653155e-11,0.188785046728972,FALSE,TRUE
"Y_1","B4GALT1","D2_late_increasing",0.301964041769711,-0.22555211494515,2.70682190398636e-13,0.331775700934579,FALSE,TRUE
"Y_1","NME1","D2_late_increasing",0.302041021167956,-0.0921162011203008,0.00306827302038414,0.317757009345794,FALSE,FALSE
"Y_1","LMF2","D2_late_increasing",0.302044935310864,-0.122424493331714,8.81286022573561e-05,0.279439252336449,FALSE,FALSE
"Y_1","DPM2","D2_late_increasing",0.302383279107274,-0.0914118026776901,0.00327242386484728,0.246728971962617,FALSE,FALSE
"Y_1","VTI1B","D2_late_increasing",0.302427215112664,-0.15564424028591,5.99922796634353e-07,0.258878504672897,FALSE,FALSE
"Y_1","TRAPPC2L","D2_late_increasing",0.302638894698784,-0.121359012360044,0.000100785189450356,0.307476635514019,FALSE,FALSE
"Y_1","THBS3","D2_late_increasing",0.302667695090233,-0.202123730647181,6.94031772776937e-11,0.319626168224299,FALSE,TRUE
"Y_1","CNN2","D2_late_increasing",0.302758116434915,-0.127938939226543,4.15280804401037e-05,0.34392523364486,FALSE,FALSE
"Y_1","DYNLT1","D2_late_increasing",0.302807759354098,-0.0919012678174064,0.00312381652434699,0.318691588785047,FALSE,FALSE
"Y_1","VGLL3","D2_late_increasing",0.303011324357491,-0.248116706082919,6.85601147034075e-16,0.165420560747664,FALSE,TRUE
"Y_1","TRIOBP","D2_late_increasing",0.303034331937605,-0.213073594200162,5.6063816763802e-12,0.34392523364486,FALSE,TRUE
"Y_1","THBS1","D2_late_increasing",0.303241679818549,-0.181897514120469,4.74485740115321e-09,0.163551401869159,FALSE,FALSE
"Y_1","EPHB3","D2_late_increasing",0.303361857520683,-0.130508492688874,2.88717343346537e-05,0.181308411214953,FALSE,FALSE
"Y_1","POMP","D2_late_increasing",0.303533850390087,-0.086140723596925,0.00559823617555413,0.392523364485981,FALSE,FALSE
"Y_1","MFAP2","D2_late_increasing",0.303948029526481,-0.122221902614513,9.0424114583338e-05,0.35981308411215,FALSE,FALSE
"Y_1","FAM195B","D2_late_increasing",0.304139634344958,-0.126726285599783,4.89942912749002e-05,0.319626168224299,FALSE,FALSE
"Y_1","C11orf96","D2_late_increasing",0.304146468543666,-0.203612499642504,4.95976206412559e-11,0.275700934579439,FALSE,TRUE
"Y_1","PXDN","D2_late_increasing",0.304429399215355,-0.160290287473672,2.71522617331706e-07,0.342056074766355,FALSE,FALSE
"Y_1","COMMD5","D2_late_increasing",0.304773195660554,-0.119534134225547,0.00012731833317107,0.168224299065421,FALSE,FALSE
"Y_1","P4HA3","D2_late_increasing",0.304777794503482,-0.0867549112885278,0.00526702774753234,0.199065420560748,FALSE,FALSE
"Y_1","VOPP1","D2_late_increasing",0.304874698011244,-0.200865030299075,9.10192430333256e-11,0.206542056074766,FALSE,TRUE
"Y_1","ALDH1L2","D2_late_increasing",0.305192348663354,-0.164946925593055,1.19676350650313e-07,0.107476635514019,FALSE,FALSE
"Y_1","TNFSF10","D2_late_increasing",0.305417454760331,-0.205610581128854,3.1624704852614e-11,0.299065420560748,FALSE,TRUE
"Y_1","HEXA","D2_late_increasing",0.305626911016022,-0.194101895441534,3.9478593260435e-10,0.322429906542056,FALSE,FALSE
"Y_1","SEMA3B","D2_late_increasing",0.305779822818736,-0.182444141256697,4.2472554925964e-09,0.14392523364486,FALSE,FALSE
"Y_1","UBE2L6","D2_late_increasing",0.306046674598746,-0.151076115488391,1.27234296296832e-06,0.258878504672897,FALSE,FALSE
"Y_1","SURF4","D2_late_increasing",0.306381598941774,-0.173211892227904,2.60947408153669e-08,0.408411214953271,FALSE,FALSE
"Y_1","SPARCL1","D2_late_increasing",0.30638732322163,-0.212567113961892,6.29007281243265e-12,0.358878504672897,FALSE,TRUE
"Y_1","LASP1","D2_late_increasing",0.306482041780818,-0.191087492127593,7.34076571944394e-10,0.28785046728972,FALSE,FALSE
"Y_1","TP53I3","D2_late_increasing",0.306594223244333,-0.143544135161977,4.26824326359222e-06,0.188785046728972,FALSE,FALSE
"Y_1","SRPRB","D2_late_increasing",0.307794948031302,-0.0843616869277479,0.00660275830570114,0.245794392523364,FALSE,FALSE
"Y_1","SHISA5","D2_late_increasing",0.307910264556025,-0.155865383474716,5.78956645231138e-07,0.352336448598131,FALSE,FALSE
"Y_1","CTGF","D2_late_increasing",0.308022470001232,-0.17352838598665,2.46687293261513e-08,0.303738317757009,FALSE,FALSE
"Y_1","AC024592.12","D2_late_increasing",0.308287249515752,-0.0919712305373827,0.00311352207413441,0.285046728971963,FALSE,FALSE
"Y_1","TENM3","D2_late_increasing",0.308357098542565,-0.200124461772503,1.06970691734889e-10,0.251401869158879,FALSE,TRUE
"Y_1","TMEM261","D2_late_increasing",0.308376914219322,-0.0522338084444718,0.0903436066456088,0.276635514018692,FALSE,FALSE
"Y_1","JTB","D2_late_increasing",0.308403624112101,-0.135468344433401,1.44269304911221e-05,0.437383177570093,FALSE,FALSE
"Y_1","NSMCE1","D2_late_increasing",0.308556895720447,-0.130789117633094,2.78454621133594e-05,0.21588785046729,FALSE,FALSE
"Y_1","CCDC28B","D2_late_increasing",0.308711943523575,-0.151511459755447,1.18471305242966e-06,0.176635514018692,FALSE,FALSE
"Y_1","GRN","D2_late_increasing",0.308988876089224,-0.239833369051169,6.55888387301277e-15,0.500934579439252,FALSE,TRUE
"Y_1","FLNA","D2_late_increasing",0.309270198599038,-0.221144100374881,7.94863296276788e-13,0.586915887850467,FALSE,TRUE
"Y_1","COPG1","D2_late_increasing",0.309332604915426,-0.14923767672078,1.72855545587786e-06,0.214018691588785,FALSE,FALSE
"Y_1","EIF4E2","D2_late_increasing",0.3095754879564,-0.133367702527699,1.94361198093795e-05,0.282242990654206,FALSE,FALSE
"Y_1","LAMB2","D2_late_increasing",0.309701530187139,-0.269727521236882,1.20989402792219e-18,0.451401869158878,FALSE,TRUE
"Y_1","SHC1","D2_late_increasing",0.310042119129298,-0.163416181404495,1.56170892120772e-07,0.327102803738318,FALSE,FALSE
"Y_1","LUM","D2_late_increasing",0.310658051075477,-0.189078707136203,1.10979922591935e-09,0.688785046728972,FALSE,FALSE
"Y_1","ISLR","D2_late_increasing",0.310728741027007,-0.298362638008214,1.14997435885511e-22,0.542990654205607,FALSE,TRUE
"Y_1","MYO1D","D2_late_increasing",0.310750582072208,-0.273622365356262,3.71419429519418e-19,0.363551401869159,FALSE,TRUE
"Y_1","NEK6","D2_late_increasing",0.31100967576852,-0.238818453360004,8.61682124352813e-15,0.15981308411215,FALSE,TRUE
"Y_1","PGM1","D2_late_increasing",0.311012159585207,-0.123114538484415,8.06283922890316e-05,0.168224299065421,FALSE,FALSE
"Y_1","PFN1","D2_late_increasing",0.311057521835481,-0.116709283058482,0.00018294967614863,0.818691588785047,FALSE,FALSE
"Y_1","TMEM176B","D2_late_increasing",0.31137637294273,-0.251552236629177,2.60752303956218e-16,0.485981308411215,FALSE,TRUE
"Y_1","MLEC","D2_late_increasing",0.311505840365823,-0.18878730565101,1.17617510092165e-09,0.334579439252336,FALSE,FALSE
"Y_1","HN1","D2_late_increasing",0.311701717797788,-0.0794832645709845,0.0103561915806758,0.216822429906542,FALSE,FALSE
"Y_1","EDIL3","D2_late_increasing",0.311849220246233,-0.193495282755218,4.48033455525324e-10,0.271028037383178,FALSE,FALSE
"Y_1","SNF8","D2_late_increasing",0.312119418678311,-0.146776409972352,2.56250073805948e-06,0.304672897196262,FALSE,FALSE
"Y_1","MPG","D2_late_increasing",0.312180582282609,-0.141408775805346,5.94548870692595e-06,0.34392523364486,FALSE,FALSE
"Y_1","LINC01116","D2_late_increasing",0.31270425441533,-0.0943800137660414,0.00243583491963248,0.142056074766355,FALSE,FALSE
"Y_1","SWI5","D2_late_increasing",0.312841872407627,-0.122266920324139,8.99753626178202e-05,0.201869158878505,FALSE,FALSE
"Y_1","NXN","D2_late_increasing",0.313096350447294,-0.206691679239215,2.47912990896468e-11,0.344859813084112,FALSE,TRUE
"Y_1","PTN","D2_late_increasing",0.313680627331282,-0.265783283853681,4.02454921383645e-18,0.557943925233645,FALSE,TRUE
"Y_1","KRT6A","D2_late_increasing",0.313823709462109,-0.186635830762516,1.81598490855992e-09,0.246728971962617,FALSE,FALSE
"Y_1","TPM4","D2_late_increasing",0.314247177584983,-0.169323430378551,5.40850565901747e-08,0.485981308411215,FALSE,FALSE
"Y_1","FAM89B","D2_late_increasing",0.314850417446588,-0.115100763659953,0.000222459030766184,0.285981308411215,FALSE,FALSE
"Y_1","SMCO4","D2_late_increasing",0.314911794113963,-0.134551920304329,1.64623365201808e-05,0.15607476635514,FALSE,FALSE
"Y_1","APBB2","D2_late_increasing",0.31508248818244,-0.332405714343203,4.07950691657492e-28,0.316822429906542,FALSE,TRUE
"Y_1","A1BG","D2_late_increasing",0.315218820688954,-0.114558031775292,0.000236938921616367,0.381308411214953,FALSE,FALSE
"Y_1","HES4","D2_late_increasing",0.315535413820091,-0.131181359338059,2.63727378657797e-05,0.201869158878505,FALSE,FALSE
"Y_1","SSR4","D2_late_increasing",0.31566529243668,-0.173784853443734,2.35488972680209e-08,0.681308411214953,FALSE,FALSE
"Y_1","VAMP5","D2_late_increasing",0.315677791507014,-0.211541167484937,8.0376639414594e-12,0.432710280373832,FALSE,TRUE
"Y_1","KRT16","D2_late_increasing",0.315749237757309,-0.188629424210831,1.21133279408854e-09,0.250467289719626,FALSE,FALSE
"Y_1","CTSZ","D2_late_increasing",0.315806728019078,-0.178477940744091,9.39022212041911e-09,0.335514018691589,FALSE,FALSE
"Y_1","FIBIN","D2_late_increasing",0.316257439727078,-0.139701692476686,7.65428346333092e-06,0.145794392523364,FALSE,FALSE
"Y_1","DNAJC1","D2_late_increasing",0.316310479343921,-0.20417026559599,4.36887486294367e-11,0.336448598130841,FALSE,TRUE
"Y_1","ZFHX4","D2_late_increasing",0.316749134507151,-0.228558221083322,1.2687818736167e-13,0.179439252336449,FALSE,TRUE
"Y_1","NEK10","D2_late_increasing",0.317352462334925,-0.152975868914825,9.32520683902904e-07,0.2,FALSE,FALSE
"Y_1","SGCD","D2_late_increasing",0.317689574838659,-0.245188736568326,1.52940382864868e-15,0.269158878504673,FALSE,TRUE
"Y_1","MSRB3","D2_late_increasing",0.317736853271885,-0.162544530835873,1.82762457955275e-07,0.262616822429907,FALSE,FALSE
"Y_1","PGAM1","D2_late_increasing",0.31805491087123,-0.130430696840412,2.91670308663645e-05,0.323364485981308,FALSE,FALSE
"Y_1","LRRC59","D2_late_increasing",0.318396410252242,-0.0930881703270504,0.00278084817916552,0.213084112149533,FALSE,FALSE
"Y_1","TAF10","D2_late_increasing",0.318775057048171,-0.147376989996383,2.32465870285919e-06,0.37196261682243,FALSE,FALSE
"Y_1","GPAA1","D2_late_increasing",0.319420275517588,-0.144584379322101,3.62334073069079e-06,0.286915887850467,FALSE,FALSE
"Y_1","DBN1","D2_late_increasing",0.319708262045212,-0.126845433865806,4.82219926524192e-05,0.221495327102804,FALSE,FALSE
"Y_1","APOL2","D2_late_increasing",0.319800111325984,-0.171865522078335,3.35497864841975e-08,0.175700934579439,FALSE,FALSE
"Y_1","MAP4","D2_late_increasing",0.320145578262689,-0.214781615042739,3.71581222681207e-12,0.486915887850467,FALSE,TRUE
"Y_1","NDUFS8","D2_late_increasing",0.320244998353786,-0.117619138023253,0.000162899271368467,0.360747663551402,FALSE,FALSE
"Y_1","CAMK1D","D2_late_increasing",0.320369078706783,-0.309327654001983,2.36527012737902e-24,0.331775700934579,FALSE,TRUE
"Y_1","SH3PXD2A","D2_late_increasing",0.320417969690206,-0.217980859734017,1.72816923023391e-12,0.442990654205607,FALSE,TRUE
"Y_1","LAMC1","D2_late_increasing",0.320614567470683,-0.267993215816449,2.04193518693635e-18,0.381308411214953,FALSE,TRUE
"Y_1","MYH9","D2_late_increasing",0.320821661445139,-0.15646005991433,5.22037495589818e-07,0.463551401869159,FALSE,FALSE
"Y_1","PLPP4","D2_late_increasing",0.32102962128378,-0.164225105513137,1.36149941739062e-07,0.106542056074766,FALSE,FALSE
"Y_1","SEC24D","D2_late_increasing",0.321090486718914,-0.243143827186093,2.67389407374596e-15,0.171028037383178,FALSE,TRUE
"Y_1","RPL22L1","D2_late_increasing",0.32119175053389,-0.158324964395068,3.81632218451462e-07,0.313084112149533,FALSE,FALSE
"Y_1","EIF4EBP1","D2_late_increasing",0.321229817807761,-0.121893687263958,9.42931017532257e-05,0.257009345794392,FALSE,FALSE
"Y_1","OSTC","D2_late_increasing",0.321325850804386,-0.145129691041911,3.33907825674433e-06,0.396261682242991,FALSE,FALSE
"Y_1","ILK","D2_late_increasing",0.32150288660192,-0.138591663457359,9.06804865631586e-06,0.305607476635514,FALSE,FALSE
"Y_1","COPE","D2_late_increasing",0.322071035191215,-0.139894644116052,7.44587255313796e-06,0.405607476635514,FALSE,FALSE
"Y_1","AHR","D2_late_increasing",0.322136241347512,-0.288274008345508,3.49765046060716e-21,0.313084112149533,FALSE,TRUE
"Y_1","FAM50A","D2_late_increasing",0.322467430704518,-0.140867274323203,6.43479891858582e-06,0.231775700934579,FALSE,FALSE
"Y_1","RYR2","D2_late_increasing",0.322517498110122,-0.327256162351674,2.88308238453639e-27,0.114018691588785,FALSE,TRUE
"Y_1","CNN3","D2_late_increasing",0.322829674762825,-0.13101257509283,2.7008217710561e-05,0.355140186915888,FALSE,FALSE
"Y_1","NGFR","D2_late_increasing",0.322847498253972,-0.180676496511578,6.06013147478906e-09,0.238317757009346,FALSE,FALSE
"Y_1","CCDC107","D2_late_increasing",0.322933771693855,-0.193742740601721,4.25295800609392e-10,0.270093457943925,FALSE,FALSE
"Y_1","AQP1","D2_late_increasing",0.32356461022266,-0.231437315893594,6.03092698683761e-14,0.323364485981308,FALSE,TRUE
"Y_1","CYR61","D2_late_increasing",0.323693754212859,-0.225627967650394,2.66212191307939e-13,0.242056074766355,FALSE,TRUE
"Y_1","SMTN","D2_late_increasing",0.324589187750503,-0.208095002365565,1.80304647289241e-11,0.196261682242991,FALSE,TRUE
"Y_1","DAP","D2_late_increasing",0.324669822369702,-0.208052385053901,1.81663570888125e-11,0.281308411214953,FALSE,TRUE
"Y_1","PHLDA3","D2_late_increasing",0.324817328511582,-0.227493429541675,1.66057318336604e-13,0.41214953271028,FALSE,TRUE
"Y_1","GARS","D2_late_increasing",0.325102481872253,-0.158011622194596,4.01542998185424e-07,0.318691588785047,FALSE,FALSE
"Y_1","CGREF1","D2_late_increasing",0.3259791048192,-0.220757003460958,8.74027925893518e-13,0.167289719626168,FALSE,TRUE
"Y_1","IDH2","D2_late_increasing",0.326012332892311,-0.157044516560107,4.72206092173521e-07,0.285046728971963,FALSE,FALSE
"Y_1","ERLEC1","D2_late_increasing",0.326871310425211,-0.16274165981593,1.765669121539e-07,0.250467289719626,FALSE,FALSE
"Y_1","C9orf16","D2_late_increasing",0.327291045685448,-0.188086544207275,1.35023809425843e-09,0.451401869158878,FALSE,FALSE
"Y_1","C1QTNF3","D2_late_increasing",0.327416521413441,-0.125596467036403,5.75009935484152e-05,0.126168224299065,FALSE,FALSE
"Y_1","SDF4","D2_late_increasing",0.327428414256086,-0.202636991797276,6.18247904468106e-11,0.435514018691589,FALSE,TRUE
"Y_1","ZCCHC24","D2_late_increasing",0.327448434062709,-0.242896872931161,2.85584473447176e-15,0.42803738317757,FALSE,TRUE
"Y_1","GMPPA","D2_late_increasing",0.327620987609111,-0.133343054744359,1.94808556049186e-05,0.161682242990654,FALSE,FALSE
"Y_1","ALDH18A1","D2_late_increasing",0.327783652083392,-0.131615538261003,2.48528388532311e-05,0.185046728971963,FALSE,FALSE
"Y_1","CIB1","D2_late_increasing",0.327835002358902,-0.120320586492469,0.000115609117190674,0.274766355140187,FALSE,FALSE
"Y_1","IGFBP6","D2_late_increasing",0.328514669410169,-0.172798790516228,2.81833122829772e-08,0.423364485981308,FALSE,FALSE
"Y_1","SLC27A4","D2_late_increasing",0.328633152990625,-0.221761676782037,6.83665756903178e-13,0.625233644859813,FALSE,TRUE
"Y_1","JOSD2","D2_late_increasing",0.328776412230582,-0.0975245556891848,0.00174304336320785,0.213084112149533,FALSE,FALSE
"Y_1","ENAH","D2_late_increasing",0.329171659966028,-0.226056819500421,2.40398324249362e-13,0.314018691588785,FALSE,TRUE
"Y_1","CD99","D2_late_increasing",0.329599555025354,-0.270463825693795,9.83101874051241e-19,0.835514018691589,FALSE,TRUE
"Y_1","UCHL1","D2_late_increasing",0.329671969076346,-0.0834807570238114,0.00716759771059849,0.170093457943925,FALSE,FALSE
"Y_1","CALU","D2_late_increasing",0.329999325087619,-0.206048727379672,2.86855751568491e-11,0.424299065420561,FALSE,TRUE
"Y_1","TMEM176A","D2_late_increasing",0.33034604987508,-0.217921630836966,1.74903281866592e-12,0.404672897196262,FALSE,TRUE
"Y_1","CKLF","D2_late_increasing",0.33048368674053,-0.138495871739325,9.19199254150282e-06,0.244859813084112,FALSE,FALSE
"Y_1","CYBA","D2_late_increasing",0.330517972512928,-0.221799115869432,6.79111047398483e-13,0.531775700934579,FALSE,TRUE
"Y_1","CSRP2","D2_late_increasing",0.33068293162343,-0.13795258675471,9.9811180978121e-06,0.198130841121495,FALSE,FALSE
"Y_1","VEGFB","D2_late_increasing",0.330919569821807,-0.220113409139724,1.02213125362163e-12,0.404672897196262,FALSE,TRUE
"Y_1","LAMTOR2","D2_late_increasing",0.330953783911371,-0.154964371621421,6.72689935796121e-07,0.324299065420561,FALSE,FALSE
"Y_1","TUBA1C","D2_late_increasing",0.33108060796197,-0.165405088553167,1.10257926919503e-07,0.416822429906542,FALSE,FALSE
"Y_1","KIAA1462","D2_late_increasing",0.331178524278278,-0.183034701259472,3.77387973461501e-09,0.157943925233645,FALSE,FALSE
"Y_1","ACKR1","D2_late_increasing",0.331775688811419,-0.177150625249155,1.22338577000548e-08,0.17196261682243,FALSE,FALSE
"Y_1","PACS1","D2_late_increasing",0.332415151325089,-0.247393582052311,8.37260946659871e-16,0.281308411214953,FALSE,TRUE
"Y_1","RRBP1","D2_late_increasing",0.332605435018349,-0.191968525979078,6.11608276858283e-10,0.699065420560748,FALSE,FALSE
"Y_1","FBLN7","D2_late_increasing",0.332983990516539,-0.285934504393086,7.48376446440237e-21,0.227102803738318,FALSE,TRUE
"Y_1","RTEL1-TNFRSF6B","D2_late_increasing",0.333140876621122,-0.190668854745765,7.96642596417054e-10,0.234579439252336,FALSE,FALSE
"Y_1","NUCB1","D2_late_increasing",0.333665700547453,-0.205796889904049,3.03520835582581e-11,0.485981308411215,FALSE,TRUE
"Y_1","FKBP7","D2_late_increasing",0.333951329809806,-0.149743215354246,1.59181449324612e-06,0.241121495327103,FALSE,FALSE
"Y_1","S100A7","D2_late_increasing",0.333971394373464,-0.28594612877271,7.48376446440237e-21,0.41588785046729,FALSE,TRUE
"Y_1","COTL1","D2_late_increasing",0.33398550997172,-0.111712124379982,0.000336267163234153,0.129906542056075,FALSE,FALSE
"Y_1","HLA-DRB1","D2_late_increasing",0.334340694778384,-0.174534257628755,2.03943379623935e-08,0.198130841121495,FALSE,FALSE
"Y_1","SIL1","D2_late_increasing",0.334432332599216,-0.251084283456267,2.97655471264038e-16,0.293457943925234,FALSE,TRUE
"Y_1","SSR3","D2_late_increasing",0.334616693521186,-0.168377418742189,6.43132969238283e-08,0.399065420560748,FALSE,FALSE
"Y_1","IL1R1","D2_late_increasing",0.334674030784899,-0.326086253388101,4.48174103633656e-27,0.251401869158879,FALSE,TRUE
"Y_1","S100A16","D2_late_increasing",0.334795778553759,-0.189718525247226,9.715120174966e-10,0.422429906542056,FALSE,FALSE
"Y_1","LMCD1","D2_late_increasing",0.335242440119229,-0.15577984844296,5.86751140616082e-07,0.167289719626168,FALSE,FALSE
"Y_1","KHDRBS3","D2_late_increasing",0.33545075699016,-0.283288190710306,1.72943936782937e-20,0.279439252336449,FALSE,TRUE
"Y_1","GALNS","D2_late_increasing",0.335577827408282,-0.182907397578339,3.86681370326331e-09,0.185981308411215,FALSE,FALSE
"Y_1","ADAMTS12","D2_late_increasing",0.336533658617,-0.22244575592283,5.79547212491968e-13,0.172897196261682,FALSE,TRUE
"Y_1","SAR1A","D2_late_increasing",0.336802805636345,-0.168331326671864,6.47571086438706e-08,0.25981308411215,FALSE,FALSE
"Y_1","ARF4","D2_late_increasing",0.337301441141608,-0.176287358200424,1.44538715753924e-08,0.374766355140187,FALSE,FALSE
"Y_1","TMSB4X","D2_late_increasing",0.33795368298236,-0.229808753394479,9.16420300450024e-14,0.891588785046729,FALSE,TRUE
"Y_1","YIF1A","D2_late_increasing",0.338446400673867,-0.09606887791846,0.00203059656370319,0.334579439252336,FALSE,FALSE
"Y_1","ARFGAP1","D2_late_increasing",0.338517731224209,-0.200873838638774,9.10192430333256e-11,0.232710280373832,FALSE,TRUE
"Y_1","GPR78","D2_late_increasing",0.338638383092105,-0.259237258355596,2.81813129978785e-17,0.305607476635514,FALSE,TRUE
"Y_1","ITGBL1","D2_late_increasing",0.338719721829583,-0.230960344271984,6.82291585032826e-14,0.272897196261682,FALSE,TRUE
"Y_1","XG","D2_late_increasing",0.338958058337756,-0.263597993753632,7.76306838433033e-18,0.234579439252336,FALSE,TRUE
"Y_1","CDKN2A","D2_late_increasing",0.339187913425835,-0.143647503478763,4.21017779810098e-06,0.157943925233645,FALSE,FALSE
"Y_1","LAMA4","D2_late_increasing",0.339245890841607,-0.318722899207337,7.25525545548183e-26,0.4,FALSE,TRUE
"Y_1","LGMN","D2_late_increasing",0.339329572327497,-0.144705587566937,3.55758649040596e-06,0.257009345794392,FALSE,FALSE
"Y_1","CTSA","D2_late_increasing",0.340311180517308,-0.199151083174973,1.32126605558646e-10,0.357943925233645,FALSE,FALSE
"Y_1","SCO2","D2_late_increasing",0.340379719172337,-0.167153476452196,8.06864318644215e-08,0.276635514018692,FALSE,FALSE
"Y_1","CCL14","D2_late_increasing",0.340639892071421,-0.222667362438813,5.50888826034235e-13,0.205607476635514,FALSE,TRUE
"Y_1","SEC61A1","D2_late_increasing",0.341044310884654,-0.228269615576559,1.3601409737195e-13,0.502803738317757,FALSE,TRUE
"Y_1","FMOD","D2_late_increasing",0.341258386287912,-0.270938877340164,8.49704227416772e-19,0.38411214953271,FALSE,TRUE
"Y_1","AKR1A1","D2_late_increasing",0.342204509824038,-0.19973648821339,1.16266594347677e-10,0.324299065420561,FALSE,FALSE
"Y_1","IFI6","D2_late_increasing",0.342457576238015,-0.16082897802074,2.47070106274871e-07,0.392523364485981,FALSE,FALSE
"Y_1","ANXA6","D2_late_increasing",0.342614183683878,-0.196325167352812,2.4343964211195e-10,0.393457943925234,FALSE,FALSE
"Y_1","C7orf50","D2_late_increasing",0.343465600056813,-0.113148578590995,0.000281545479394113,0.337383177570093,FALSE,FALSE
"Y_1","IFITM3","D2_late_increasing",0.344236747825745,-0.292314103847661,9.10025223276665e-22,0.873831775700935,FALSE,TRUE
"Y_1","FTL","D2_late_increasing",0.34582570637273,-0.232533728635546,4.5327345790904e-14,0.936448598130841,FALSE,TRUE
"Y_1","FARP1","D2_late_increasing",0.346214259173371,-0.288189714621316,3.58143275522587e-21,0.325233644859813,FALSE,TRUE
"Y_1","HMCN1","D2_late_increasing",0.346397947319338,-0.298039121245932,1.28221262124836e-22,0.238317757009346,FALSE,TRUE
"Y_1","PARVB","D2_late_increasing",0.347055233822306,-0.19378221765222,4.22592819856775e-10,0.2,FALSE,FALSE
"Y_1","RP11-25H12.1","D2_late_increasing",0.34792473166388,-0.223837582273851,4.13329416652254e-13,0.483177570093458,FALSE,TRUE
"Y_1","SRA1","D2_late_increasing",0.348002979477397,-0.115615081718857,0.000208824416921808,0.237383177570093,FALSE,FALSE
"Y_1","LOX","D2_late_increasing",0.348744946034995,-0.241284021025128,4.4185578417593e-15,0.271028037383178,FALSE,TRUE
"Y_1","TUBB2A","D2_late_increasing",0.348857772359957,-0.153506542175768,8.57620207725198e-07,0.303738317757009,FALSE,FALSE
"Y_1","PLTP","D2_late_increasing",0.349574061966717,-0.292966025639893,7.3038479337614e-22,0.373831775700935,FALSE,TRUE
"Y_1","RP11-417E7.2","D2_late_increasing",0.349620601848757,-0.0974856529632503,0.00174884567813569,0.161682242990654,FALSE,FALSE
"Y_1","C1S","D2_late_increasing",0.349975228274258,-0.420997428539871,6.57451725018557e-46,0.602803738317757,FALSE,TRUE
"Y_1","LGALS1","D2_late_increasing",0.350063217844823,-0.209109802143777,1.42422494914423e-11,0.909345794392523,FALSE,TRUE
"Y_1","TGFB3","D2_late_increasing",0.3505448126174,-0.131904813508325,2.38642617621643e-05,0.249532710280374,FALSE,FALSE
"Y_1","CRABP2","D2_late_increasing",0.350915387654992,-0.215759930110823,2.93799975513664e-12,0.580373831775701,FALSE,TRUE
"Y_1","NID2","D2_late_increasing",0.352407577504147,-0.212866624476916,5.87964878633834e-12,0.205607476635514,FALSE,TRUE
"Y_1","C4orf48","D2_late_increasing",0.352417266073106,-0.144950912558438,3.42240564886113e-06,0.322429906542056,FALSE,FALSE
"Y_1","HTRA1","D2_late_increasing",0.35251104889448,-0.254232534093084,1.20791457696012e-16,0.634579439252336,FALSE,TRUE
"Y_1","FLNC","D2_late_increasing",0.352878205192181,-0.160598372736705,2.57199472690861e-07,0.194392523364486,FALSE,FALSE
"Y_1","MXRA7","D2_late_increasing",0.35296968913865,-0.205583533838194,3.16651109091884e-11,0.38411214953271,FALSE,TRUE
"Y_1","CLEC11A","D2_late_increasing",0.353107496192035,-0.241572305171322,4.1049515325996e-15,0.596261682242991,FALSE,TRUE
"Y_1","IFT20","D2_late_increasing",0.353344386027386,-0.122746882721859,8.43436206801684e-05,0.251401869158879,FALSE,FALSE
"Y_1","ROR2","D2_late_increasing",0.354625815345602,-0.322951595636333,1.44996076206212e-26,0.296261682242991,FALSE,TRUE
"Y_1","NME1-NME2","D2_late_increasing",0.354630313446483,-0.186858452254178,1.73605069729059e-09,0.798130841121495,FALSE,FALSE
"Y_1","TNFAIP6","D2_late_increasing",0.354656082726791,-0.102655398069474,0.000979849383292326,0.165420560747664,FALSE,FALSE
"Y_1","RP11-14N7.2","D2_late_increasing",0.354768792416124,-0.239356889693363,7.45510841999737e-15,0.271028037383178,FALSE,TRUE
"Y_1","S100A9","D2_late_increasing",0.35565256655538,-0.304715087288272,1.23269822890165e-23,0.357009345794393,FALSE,TRUE
"Y_1","SNX8","D2_late_increasing",0.355717176711231,-0.192283691438969,5.73571703368229e-10,0.185046728971963,FALSE,FALSE
"Y_1","ECM1","D2_late_increasing",0.356745336783434,-0.270172541823925,1.06886970824176e-18,0.466355140186916,FALSE,TRUE
"Y_1","GPX7","D2_late_increasing",0.357950241925809,-0.116097936032729,0.000197538695796399,0.246728971962617,FALSE,FALSE
"Y_1","HIC1","D2_late_increasing",0.358160805751752,-0.25510903817252,9.39678023705084e-17,0.279439252336449,FALSE,TRUE
"Y_1","EPHB2","D2_late_increasing",0.358887408227509,-0.200844107649602,9.12330722009804e-11,0.152336448598131,FALSE,TRUE
"Y_1","GLIPR2","D2_late_increasing",0.35938023678996,-0.167566536578818,7.47530606040883e-08,0.213084112149533,FALSE,FALSE
"Y_1","EVL","D2_late_increasing",0.359944387103756,-0.225803707206577,2.55899561478256e-13,0.334579439252336,FALSE,TRUE
"Y_1","PRAF2","D2_late_increasing",0.361289708540958,-0.133736685412695,1.84287893827131e-05,0.285046728971963,FALSE,FALSE
"Y_1","TMEM214","D2_late_increasing",0.361515378293863,-0.152940759037224,9.36640012373847e-07,0.226168224299065,FALSE,FALSE
"Y_1","CYB561","D2_late_increasing",0.362080740966508,-0.153852657147394,8.08818690468419e-07,0.190654205607477,FALSE,FALSE
"Y_1","MAGED1","D2_late_increasing",0.362266394045889,-0.222769314436584,5.38302015265918e-13,0.431775700934579,FALSE,TRUE
"Y_1","HM13","D2_late_increasing",0.362292978597348,-0.214783265962389,3.71581222681207e-12,0.477570093457944,FALSE,TRUE
"Y_1","FNDC1","D2_late_increasing",0.362873537001184,-0.191634171735296,6.5483141598404e-10,0.172897196261682,FALSE,FALSE
"Y_1","C11orf24","D2_late_increasing",0.363075935764534,-0.125495568449899,5.82602470298219e-05,0.25981308411215,FALSE,FALSE
"Y_1","HTRA3","D2_late_increasing",0.363082524026164,-0.257997543203166,4.05660128278396e-17,0.326168224299065,FALSE,TRUE
"Y_1","NT5DC2","D2_late_increasing",0.36428080001574,-0.178473954949293,9.39022212041911e-09,0.208411214953271,FALSE,FALSE
"Y_1","PLAU","D2_late_increasing",0.365541313786297,-0.205340473654932,3.34322660347604e-11,0.250467289719626,FALSE,TRUE
"Y_1","NAGK","D2_late_increasing",0.366084349683168,-0.152236124420007,1.04923509419094e-06,0.296261682242991,FALSE,FALSE
"Y_1","SPATS2L","D2_late_increasing",0.366248464262057,-0.278673752035185,7.52541358793119e-20,0.573831775700935,FALSE,TRUE
"Y_1","FKBP9","D2_late_increasing",0.366429161799619,-0.273922426942332,3.40310136531249e-19,0.390654205607477,FALSE,TRUE
"Y_1","PLOD1","D2_late_increasing",0.366821890006888,-0.234397261585305,2.79424880354758e-14,0.385981308411215,FALSE,TRUE
"Y_1","SEMA6B","D2_late_increasing",0.368068640113791,-0.164032114590587,1.40861595854675e-07,0.170093457943925,FALSE,FALSE
"Y_1","TXNDC5","D2_late_increasing",0.368102294623265,-0.166595062092342,8.93265878119206e-08,0.317757009345794,FALSE,FALSE
"Y_1","P4HB","D2_late_increasing",0.368239904375066,-0.291123962598112,1.35641409072511e-21,0.642056074766355,FALSE,TRUE
"Y_1","CUEDC1","D2_late_increasing",0.368572447434894,-0.221346247725559,7.57371711792924e-13,0.191588785046729,FALSE,TRUE
"Y_1","SLC38A10","D2_late_increasing",0.368725926628773,-0.241352563427085,4.34928390910705e-15,0.320560747663551,FALSE,TRUE
"Y_1","POLD4","D2_late_increasing",0.369169790032523,-0.165918023128466,1.00897065692504e-07,0.337383177570093,FALSE,FALSE
"Y_1","CISD1","D2_late_increasing",0.36940505487056,-0.191758732647312,6.3875619408802e-10,0.270093457943925,FALSE,FALSE
"Y_1","TTYH3","D2_late_increasing",0.369748485599445,-0.187204657101442,1.62004387544417e-09,0.285046728971963,FALSE,FALSE
"Y_1","DAB2","D2_late_increasing",0.36975870707988,-0.337222856808581,5.94993996588904e-29,0.405607476635514,FALSE,TRUE
"Y_1","OLFML3","D2_late_increasing",0.370227316576453,-0.242878427689041,2.86126395864854e-15,0.501869158878505,FALSE,TRUE
"Y_1","RPS26","D2_late_increasing",0.370479249581609,-0.217880142400714,1.7623609608762e-12,0.828971962616822,FALSE,TRUE
"Y_1","HDLBP","D2_late_increasing",0.370913779194278,-0.29225226677692,9.24910005130254e-22,0.591588785046729,FALSE,TRUE
"Y_1","KDELR2","D2_late_increasing",0.371182307567453,-0.173300968059646,2.57443612219195e-08,0.526168224299065,FALSE,FALSE
"Y_1","PLIN3","D2_late_increasing",0.372040848537541,-0.224426986979857,3.56392570332935e-13,0.41214953271028,FALSE,TRUE
"Y_1","METRN","D2_late_increasing",0.372502698199752,-0.164325996643594,1.33866233119682e-07,0.282242990654206,FALSE,FALSE
"Y_1","IFI27","D2_late_increasing",0.372507313172402,-0.230170162287599,8.35668751715724e-14,0.431775700934579,FALSE,TRUE
"Y_1","BACE2","D2_late_increasing",0.372731352369236,-0.265484740111136,4.3963129056005e-18,0.28411214953271,FALSE,TRUE
"Y_1","ANGPTL2","D2_late_increasing",0.372735356658295,-0.252390305714904,2.05007317935657e-16,0.423364485981308,FALSE,TRUE
"Y_1","TMED3","D2_late_increasing",0.372912595302469,-0.172642348159607,2.89451445187718e-08,0.392523364485981,FALSE,FALSE
"Y_1","TGFBI","D2_late_increasing",0.372989483848214,-0.1974452204694,1.92198741953772e-10,0.313084112149533,FALSE,FALSE
"Y_1","ABI3BP","D2_late_increasing",0.373448959356501,-0.387673982699329,1.32216238672906e-38,0.310280373831776,FALSE,TRUE
"Y_1","SORCS2","D2_late_increasing",0.374482421142676,-0.208628903708388,1.59266427861576e-11,0.158878504672897,FALSE,TRUE
"Y_1","TPM1","D2_late_increasing",0.374739107494874,-0.216369000408643,2.54205948411262e-12,0.360747663551402,FALSE,TRUE
"Y_1","HMCN2","D2_late_increasing",0.37542355343137,-0.279816850726256,5.22406712550029e-20,0.15981308411215,FALSE,TRUE
"Y_1","MYOF","D2_late_increasing",0.375725667129707,-0.279904459985993,5.09854431410434e-20,0.268224299065421,FALSE,TRUE
"Y_1","AP2S1","D2_late_increasing",0.376842633001279,-0.18467310834632,2.70471541352641e-09,0.416822429906542,FALSE,FALSE
"Y_1","PDGFRL","D2_late_increasing",0.377098852803871,-0.286938886448257,5.41431478664523e-21,0.320560747663551,FALSE,TRUE
"Y_1","SEC13","D2_late_increasing",0.377205165444762,-0.162187489093272,1.94455924133345e-07,0.392523364485981,FALSE,FALSE
"Y_1","RUNX1","D2_late_increasing",0.377934575629949,-0.334668202703378,1.64814604063488e-28,0.390654205607477,FALSE,TRUE
"Y_1","PLXDC2","D2_late_increasing",0.378387520930443,-0.310643831268214,1.47131681941927e-24,0.389719626168224,FALSE,TRUE
"Y_1","LRP1","D2_late_increasing",0.378880731199055,-0.420449204849715,8.7242568571571e-46,0.703738317757009,FALSE,TRUE
"Y_1","BGN","D2_late_increasing",0.378910035093399,-0.187080672605288,1.65968812887443e-09,0.709345794392523,FALSE,FALSE
"Y_1","ADAMTS14","D2_late_increasing",0.378949314696326,-0.269825869015905,1.17775351582931e-18,0.139252336448598,FALSE,TRUE
"Y_1","FKBP14","D2_late_increasing",0.379479391543174,-0.187930781597855,1.39116474795516e-09,0.281308411214953,FALSE,FALSE
"Y_1","ATOX1","D2_late_increasing",0.380099620497032,-0.216607236596082,2.40326872802166e-12,0.483177570093458,FALSE,TRUE
"Y_1","NME4","D2_late_increasing",0.38120719482983,-0.181755061030599,4.87614398256937e-09,0.455140186915888,FALSE,FALSE
"Y_1","ISOC2","D2_late_increasing",0.381490792481384,-0.166387879890125,9.27092860301862e-08,0.347663551401869,FALSE,FALSE
"Y_1","CD151","D2_late_increasing",0.382060754618347,-0.184643099892499,2.71041824185966e-09,0.366355140186916,FALSE,FALSE
"Y_1","CTSB","D2_late_increasing",0.382071060034197,-0.329859061713697,1.07648711637487e-27,0.557009345794393,FALSE,TRUE
"Y_1","MVP","D2_late_increasing",0.382288563374034,-0.301111109942756,4.40497209945103e-23,0.364485981308411,FALSE,TRUE
"Y_1","MAP4K4","D2_late_increasing",0.382433516336101,-0.354267110187624,5.04736092477766e-32,0.530841121495327,FALSE,TRUE
"Y_1","C1R","D2_late_increasing",0.382605861147609,-0.502852912118805,8.98683044558739e-68,0.699065420560748,FALSE,TRUE
"Y_1","FAM20C","D2_late_increasing",0.382852315647724,-0.234327505282644,2.838357217662e-14,0.286915887850467,FALSE,TRUE
"Y_1","GPX8","D2_late_increasing",0.383232033875736,-0.173588943625335,2.44253833011377e-08,0.232710280373832,FALSE,FALSE
"Y_1","OST4","D2_late_increasing",0.384765385221389,-0.196604162173046,2.30362637955269e-10,0.680373831775701,FALSE,FALSE
"Y_1","RCN1","D2_late_increasing",0.384968624597394,-0.253566549592809,1.46362688937027e-16,0.400934579439252,FALSE,TRUE
"Y_1","INAFM1","D2_late_increasing",0.384985611462561,-0.200994091154296,8.88076562213127e-11,0.389719626168224,FALSE,TRUE
"Y_1","PRDX4","D2_late_increasing",0.385431769018368,-0.211023810700328,9.05611751391892e-12,0.433644859813084,FALSE,TRUE
"Y_1","AC005943.2","D2_late_increasing",0.385728927882114,-0.151700755869566,1.14869499996212e-06,0.332710280373832,FALSE,FALSE
"Y_1","S100A8","D2_late_increasing",0.386542128117021,-0.383554834364393,9.38466812483992e-38,0.541121495327103,FALSE,TRUE
"Y_1","FBLN1","D2_late_increasing",0.387214222625333,-0.449616746584812,6.70210584398752e-53,0.749532710280374,FALSE,TRUE
"Y_1","TMEM119","D2_late_increasing",0.387493476608443,-0.270181490821624,1.06886970824176e-18,0.357943925233645,FALSE,TRUE
"Y_1","MIR99AHG","D2_late_increasing",0.388427561153198,-0.389304363661899,6.14053828689681e-39,0.303738317757009,FALSE,TRUE
"Y_1","EHD2","D2_late_increasing",0.391170085318382,-0.243330493603428,2.54602684811883e-15,0.368224299065421,FALSE,TRUE
"Y_1","LRRC32","D2_late_increasing",0.391307618683842,-0.243896716968988,2.18641772287101e-15,0.230841121495327,FALSE,TRUE
"Y_1","ISG15","D2_late_increasing",0.392636219351194,-0.201463730763069,7.99573614309138e-11,0.270093457943925,FALSE,TRUE
"Y_1","CADM1","D2_late_increasing",0.392799383552194,-0.236698857276073,1.5182882331095e-14,0.286915887850467,FALSE,TRUE
"Y_1","FAM114A1","D2_late_increasing",0.393334430838918,-0.265450996384653,4.42525949117417e-18,0.342056074766355,FALSE,TRUE
"Y_1","PDXK","D2_late_increasing",0.393988615902263,-0.188563609495419,1.22585314638889e-09,0.297196261682243,FALSE,FALSE
"Y_1","CTSK","D2_late_increasing",0.394743092657161,-0.403870047594737,4.20574086247698e-42,0.626168224299065,FALSE,TRUE
"Y_1","PHPT1","D2_late_increasing",0.397469187671025,-0.234180270436869,2.94384720953452e-14,0.58411214953271,FALSE,TRUE
"Y_1","KDELR3","D2_late_increasing",0.397529850763288,-0.0999384723693486,0.00133610714192645,0.21214953271028,FALSE,FALSE
"Y_1","SSC5D","D2_late_increasing",0.397865827598044,-0.23631335646679,1.68062466707174e-14,0.318691588785047,FALSE,TRUE
"Y_1","ARHGAP1","D2_late_increasing",0.399059614878967,-0.235407731471999,2.141100388288e-14,0.290654205607477,FALSE,TRUE
"Y_1","HEG1","D2_late_increasing",0.399866186893844,-0.285065866186612,9.82685637630658e-21,0.305607476635514,FALSE,TRUE
"Y_1","TNFRSF12A","D2_late_increasing",0.400623642895375,-0.126916962583252,4.78552387808138e-05,0.188785046728972,FALSE,FALSE
"Y_1","DPT","D2_late_increasing",0.400947351685895,-0.341653312953237,9.92723574685333e-30,0.454205607476636,FALSE,TRUE
"Y_1","ITGA11","D2_late_increasing",0.402107687783412,-0.283039106708251,1.87010712828871e-20,0.210280373831776,FALSE,TRUE
"Y_1","PIEZO2","D2_late_increasing",0.403648390742541,-0.281748992881748,2.84119531508647e-20,0.183177570093458,FALSE,TRUE
"Y_1","B4GALT2","D2_late_increasing",0.404415773847924,-0.22497502731267,3.11358446858671e-13,0.308411214953271,FALSE,TRUE
"Y_1","TYMP","D2_late_increasing",0.404505521678785,-0.3079975823352,3.834561832967e-24,0.411214953271028,FALSE,TRUE
"Y_1","CD74","D2_late_increasing",0.407741166231473,-0.36464645283227,5.50982585417686e-34,0.445794392523365,FALSE,TRUE
"Y_1","HLA-DRA","D2_late_increasing",0.408371007533396,-0.233687466941081,3.34988546854233e-14,0.266355140186916,FALSE,TRUE
"Y_1","EFEMP2","D2_late_increasing",0.408945554297083,-0.312003546239991,8.9319542306589e-25,0.499065420560748,FALSE,TRUE
"Y_1","PALLD","D2_late_increasing",0.411420774242056,-0.296017849903025,2.58047662265914e-22,0.438317757009346,FALSE,TRUE
"Y_1","CST3","D2_late_increasing",0.412605989328256,-0.44953232342812,6.87186878465308e-53,0.751401869158879,FALSE,TRUE
"Y_1","C1orf122","D2_late_increasing",0.412806615658874,-0.190790116334812,7.77727483151039e-10,0.413084112149533,FALSE,FALSE
"Y_1","GAS6","D2_late_increasing",0.413049408004116,-0.406825202159324,9.62812574234939e-43,0.466355140186916,FALSE,TRUE
"Y_1","ZMAT3","D2_late_increasing",0.41327592495243,-0.269992252602244,1.12219265950845e-18,0.276635514018692,FALSE,TRUE
"Y_1","LIMA1","D2_late_increasing",0.413299324916869,-0.337028376055497,6.39569088831645e-29,0.307476635514019,FALSE,TRUE
"Y_1","PDLIM7","D2_late_increasing",0.413701179856332,-0.216321212860282,2.5652915275347e-12,0.295327102803738,FALSE,TRUE
"Y_1","PDLIM2","D2_late_increasing",0.413712725315241,-0.261560543651322,1.42316964711229e-17,0.483177570093458,FALSE,TRUE
"Y_1","MYDGF","D2_late_increasing",0.414110054588047,-0.185094242081198,2.48140649511974e-09,0.418691588785047,FALSE,FALSE
"Y_1","CILP2","D2_late_increasing",0.414630736293915,-0.218191721792213,1.64428945289243e-12,0.203738317757009,FALSE,TRUE
"Y_1","GUCY1A3","D2_late_increasing",0.41577382658838,-0.316353737134605,1.76506934746507e-25,0.268224299065421,FALSE,TRUE
"Y_1","BNC2","D2_late_increasing",0.417653584894069,-0.409982221631196,1.93176894184738e-43,0.31588785046729,FALSE,TRUE
"Y_1","COL18A1","D2_late_increasing",0.418209862987531,-0.357698619374952,1.17113670040546e-32,0.462616822429907,FALSE,TRUE
"Y_1","LGALS3BP","D2_late_increasing",0.419291226178689,-0.280541956874311,4.17257626161061e-20,0.411214953271028,FALSE,TRUE
"Y_1","TMSB10","D2_late_increasing",0.420355913528934,-0.339229349373333,2.64834588287376e-29,0.959813084112149,FALSE,TRUE
"Y_1","S100A11","D2_late_increasing",0.421454715874727,-0.281000805918356,3.60392418974392e-20,0.790654205607477,FALSE,TRUE
"Y_1","C1QTNF5","D2_late_increasing",0.421489798247992,-0.28446568284801,1.18992637341502e-20,0.423364485981308,FALSE,TRUE
"Y_1","FSTL1","D2_late_increasing",0.423019719044888,-0.365125735772655,4.47679313208007e-34,0.561682242990654,FALSE,TRUE
"Y_1","OGN","D2_late_increasing",0.423518649153053,-0.271853829772656,6.43989414800834e-19,0.280373831775701,FALSE,TRUE
"Y_1","THBS4","D2_late_increasing",0.42398469242196,-0.276125100947811,1.69122526302161e-19,0.289719626168224,FALSE,TRUE
"Y_1","GOLM1","D2_late_increasing",0.42591038343713,-0.249456045706355,4.69944123945425e-16,0.342056074766355,FALSE,TRUE
"Y_1","P3H3","D2_late_increasing",0.426623424448005,-0.298818870222305,9.83974233644474e-23,0.402803738317757,FALSE,TRUE
"Y_1","HCFC1R1","D2_late_increasing",0.427379805576498,-0.34199613187956,8.67327958979116e-30,0.544859813084112,FALSE,TRUE
"Y_1","ARPC1B","D2_late_increasing",0.428626638665247,-0.262897220207101,9.54539573879449e-18,0.446728971962617,FALSE,TRUE
"Y_1","FKBP11","D2_late_increasing",0.430731618093456,-0.189158868241736,1.0932658688902e-09,0.28411214953271,FALSE,FALSE
"Y_1","CCDC80","D2_late_increasing",0.434036995466818,-0.524750213649305,9.50617387376771e-75,0.71214953271028,FALSE,TRUE
"Y_1","AK1","D2_late_increasing",0.43408722408751,-0.198795447508273,1.42846616167603e-10,0.316822429906542,FALSE,FALSE
"Y_1","C1QTNF6","D2_late_increasing",0.434205988527976,-0.277719516099697,1.01785149624936e-19,0.323364485981308,FALSE,TRUE
"Y_1","PODN","D2_late_increasing",0.434390008078172,-0.414709709626587,1.69595714629259e-44,0.442056074766355,FALSE,TRUE
"Y_1","ACTA2","D2_late_increasing",0.436814346827136,-0.249287758576833,4.9157139763419e-16,0.313084112149533,FALSE,TRUE
"Y_1","CKAP4","D2_late_increasing",0.437558927028088,-0.266919691621827,2.84108113000759e-18,0.516822429906542,FALSE,TRUE
"Y_1","SULF1","D2_late_increasing",0.438552121898307,-0.246909793443391,9.5455213880745e-16,0.196261682242991,FALSE,TRUE
"Y_1","ZNF469","D2_late_increasing",0.441192703142919,-0.237750673405614,1.14346295889965e-14,0.213084112149533,FALSE,TRUE
"Y_1","P3H1","D2_late_increasing",0.442568707669711,-0.289254326961038,2.53156209482851e-21,0.366355140186916,FALSE,TRUE
"Y_1","MIR4435-2HG","D2_late_increasing",0.443180507598268,-0.335692816772509,1.09489377203074e-28,0.276635514018692,FALSE,TRUE
"Y_1","FAP","D2_late_increasing",0.444671934332123,-0.287740689924722,4.14947518581224e-21,0.25607476635514,FALSE,TRUE
"Y_1","TSHZ2","D2_late_increasing",0.445193912988449,-0.428950370255178,9.39078019770043e-48,0.388785046728972,FALSE,TRUE
"Y_1","COL11A1","D2_late_increasing",0.446171856370657,-0.240009637977354,6.26759736912286e-15,0.283177570093458,FALSE,TRUE
"Y_1","VKORC1","D2_late_increasing",0.446591180612023,-0.253106811170116,1.66870760711748e-16,0.553271028037383,FALSE,TRUE
"Y_1","SMOC2","D2_late_increasing",0.446824562990523,-0.375192582302141,4.8155937371519e-36,0.328971962616822,FALSE,TRUE
"Y_1","CHPF","D2_late_increasing",0.449325469311865,-0.246942371192142,9.4895421148832e-16,0.360747663551402,FALSE,TRUE
"Y_1","NBL1","D2_late_increasing",0.449712757691652,-0.339370871006094,2.5169798035232e-29,0.518691588785047,FALSE,TRUE
"Y_1","COL12A1","D2_late_increasing",0.449901756186301,-0.288751941882574,2.98849698591056e-21,0.403738317757009,FALSE,TRUE
"Y_1","FKBP10","D2_late_increasing",0.453985332006537,-0.25979901714606,2.38862782825931e-17,0.470093457943925,FALSE,TRUE
"Y_1","SULF2","D2_late_increasing",0.455264241561071,-0.256288946087922,6.67479676114309e-17,0.364485981308411,FALSE,TRUE
"Y_1","COL16A1","D2_late_increasing",0.455597682482696,-0.307583865028839,4.43681838211653e-24,0.48411214953271,FALSE,TRUE
"Y_1","MMP2","D2_late_increasing",0.455695918873066,-0.441053564222807,9.71042717601561e-51,0.642056074766355,FALSE,TRUE
"Y_1","SERF2","D2_late_increasing",0.459699145223833,-0.323784223987575,1.08181868198869e-26,0.922429906542056,FALSE,TRUE
"Y_1","MXRA5","D2_late_increasing",0.459842173227087,-0.367562807333436,1.50611946550493e-34,0.501869158878505,FALSE,TRUE
"Y_1","P4HA2","D2_late_increasing",0.460238891410099,-0.285721147067364,8.00140840415475e-21,0.342990654205607,FALSE,TRUE
"Y_1","NREP","D2_late_increasing",0.464345339929884,-0.268466953025419,1.76801357910645e-18,0.330841121495327,FALSE,TRUE
"Y_1","PYCR1","D2_late_increasing",0.46593192511049,-0.19981324176281,1.14533543028562e-10,0.281308411214953,FALSE,FALSE
"Y_1","EMILIN1","D2_late_increasing",0.467688345275899,-0.385578613255142,3.59635405290321e-38,0.610280373831776,FALSE,TRUE
"Y_1","MYL9","D2_late_increasing",0.469896475322887,-0.299336355107551,8.23642170091535e-23,0.548598130841122,FALSE,TRUE
"Y_1","RARRES2","D2_late_increasing",0.470350933129967,-0.344382092171172,3.24669334174181e-30,0.602803738317757,FALSE,TRUE
"Y_1","LINC00152","D2_late_increasing",0.470824382085805,-0.274404824757334,2.92848735483586e-19,0.275700934579439,FALSE,TRUE
"Y_1","P3H4","D2_late_increasing",0.472229272906399,-0.256386855535149,6.5071855796992e-17,0.327102803738318,FALSE,TRUE
"Y_1","PPIB","D2_late_increasing",0.4752214342075,-0.331682189315499,5.37795123283082e-28,0.811214953271028,FALSE,TRUE
"Y_1","VCAN","D2_late_increasing",0.482482106793678,-0.404295640263218,3.4587209287901e-42,0.609345794392523,FALSE,TRUE
"Y_1","CPXM1","D2_late_increasing",0.484195614883914,-0.421373601054134,5.44464350769489e-46,0.477570093457944,FALSE,TRUE
"Y_1","IGFBP4","D2_late_increasing",0.484266829462123,-0.48385825121109,3.25040614559605e-62,0.632710280373832,FALSE,TRUE
"Y_1","ARMC9","D2_late_increasing",0.484354611569181,-0.330964529591504,7.06895478950759e-28,0.404672897196262,FALSE,TRUE
"Y_1","SERPINF1","D2_late_increasing",0.484489532854308,-0.488368090082983,1.80147711715518e-63,0.621495327102804,FALSE,TRUE
"Y_1","COPZ2","D2_late_increasing",0.4856440504596,-0.303795618266497,1.69967377080465e-23,0.522429906542056,FALSE,TRUE
"Y_1","PPIC","D2_late_increasing",0.487683275360519,-0.323267443346048,1.29832214340804e-26,0.477570093457944,FALSE,TRUE
"Y_1","FOXP1","D2_late_increasing",0.487989648768246,-0.404591434563353,3.00464965795161e-42,0.399065420560748,FALSE,TRUE
"Y_1","OLFML2B","D2_late_increasing",0.490248132905478,-0.354420843229735,4.76012414735866e-32,0.368224299065421,FALSE,TRUE
"Y_1","LRRC15","D2_late_increasing",0.49081923286859,-0.30486005570859,1.17616300417263e-23,0.363551401869159,FALSE,TRUE
"Y_1","ASPN","D2_late_increasing",0.492847398280334,-0.309509983951666,2.22423424717748e-24,0.329906542056075,FALSE,TRUE
"Y_1","COL5A3","D2_late_increasing",0.495443427605926,-0.350287040114664,2.75197315710568e-31,0.42803738317757,FALSE,TRUE
"Y_1","SFRP4","D2_late_increasing",0.50104274565006,-0.284089059112831,1.33686463110073e-20,0.310280373831776,FALSE,TRUE
"Y_1","SEPT11","D2_late_increasing",0.502030422194354,-0.322499602567566,1.71733133605686e-26,0.463551401869159,FALSE,TRUE
"Y_1","BASP1","D2_late_increasing",0.503226699546589,-0.368063921196727,1.22068627077175e-34,0.397196261682243,FALSE,TRUE
"Y_1","NNMT","D2_late_increasing",0.506370129079286,-0.428248833548345,1.36492512242128e-47,0.561682242990654,FALSE,TRUE
"Y_1","MARCKS","D2_late_increasing",0.50686424337611,-0.388077951079637,1.09683998801899e-38,0.628971962616822,FALSE,TRUE
"Y_1","HSPG2","D2_late_increasing",0.507760629828775,-0.457295662789069,6.62922726262533e-55,0.549532710280374,FALSE,TRUE
"Y_1","TIMP1","D2_late_increasing",0.509438893993557,-0.445055888242927,9.56458818945278e-52,0.724299065420561,FALSE,TRUE
"Y_1","ARL4C","D2_late_increasing",0.521947688265525,-0.307530254479136,4.49930962906752e-24,0.327102803738318,FALSE,TRUE
"Y_1","AEBP1","D2_late_increasing",0.522750418915746,-0.480207053798539,3.49841502599754e-61,0.75607476635514,FALSE,TRUE
"Y_1","WISP2","D2_late_increasing",0.524554173949189,-0.480616371821183,2.76671194577704e-61,0.472897196261682,FALSE,TRUE
"Y_1","TAGLN","D2_late_increasing",0.527603077578396,-0.270009427645097,1.12064513823215e-18,0.411214953271028,FALSE,TRUE
"Y_1","BMP1","D2_late_increasing",0.527997520321046,-0.350676314898016,2.34731156726765e-31,0.378504672897196,FALSE,TRUE
"Y_1","COL8A1","D2_late_increasing",0.528205499173444,-0.269151219943899,1.43269503754716e-18,0.334579439252336,FALSE,TRUE
"Y_1","THBS2","D2_late_increasing",0.533760419623028,-0.404064444991075,3.85037699999654e-42,0.422429906542056,FALSE,TRUE
"Y_1","FBN1","D2_late_increasing",0.537569813553475,-0.496135865601588,9.51969502393228e-66,0.561682242990654,FALSE,TRUE
"Y_1","MRC2","D2_late_increasing",0.539388717801095,-0.455725520264989,1.70098786731264e-54,0.65607476635514,FALSE,TRUE
"Y_1","COL6A1","D2_late_increasing",0.540062960957089,-0.464984463033754,5.81344481566347e-57,0.905607476635514,FALSE,TRUE
"Y_1","CTHRC1","D2_late_increasing",0.543646436411873,-0.416338070657199,7.50847729661424e-45,0.477570093457944,FALSE,TRUE
"Y_1","PCOLCE","D2_late_increasing",0.547420452614606,-0.47419118263735,1.80760306703521e-59,0.72803738317757,FALSE,TRUE
"Y_1","COL14A1","D2_late_increasing",0.555193333895029,-0.512586083896739,8.3019138527348e-71,0.535514018691589,FALSE,TRUE
"Y_1","ADAMTS2","D2_late_increasing",0.557547065315705,-0.4180133553956,3.07908550064785e-45,0.396261682242991,FALSE,TRUE
"Y_1","COMP","D2_late_increasing",0.560940477502601,-0.407643663503398,6.354764900314e-43,0.399065420560748,FALSE,TRUE
"Y_1","IGFBP7","D2_late_increasing",0.563563628181433,-0.471740085273056,8.63362853724087e-59,0.652336448598131,FALSE,TRUE
"Y_1","COL6A3","D2_late_increasing",0.566767195591085,-0.541676270150223,1.59013479134218e-80,0.761682242990654,FALSE,TRUE
"Y_1","RCN3","D2_late_increasing",0.573932951497357,-0.395741140544975,2.57660088623839e-40,0.576635514018692,FALSE,TRUE
"Y_1","POSTN","D2_late_increasing",0.577638083585575,-0.355395037564648,3.16465060056595e-32,0.451401869158878,FALSE,TRUE
"Y_1","ADAM12","D2_late_increasing",0.584476317966083,-0.372503996418903,1.63902377373817e-35,0.385046728971963,FALSE,TRUE
"Y_1","COL6A2","D2_late_increasing",0.585110351365519,-0.537580067277231,4.03113621436965e-79,0.914018691588785,FALSE,TRUE
"Y_1","MDK","D2_late_increasing",0.585896597409465,-0.425963745648952,4.62134009095045e-47,0.620560747663551,FALSE,TRUE
"Y_1","CREB3L1","D2_late_increasing",0.591327359873276,-0.487769487719037,2.58733971983046e-63,0.483177570093458,FALSE,TRUE
"Y_1","CERCAM","D2_late_increasing",0.591483523344817,-0.410918055849003,1.21046523257997e-43,0.526168224299065,FALSE,TRUE
"Y_1","GXYLT2","D2_late_increasing",0.592655038860584,-0.433914079281445,5.83678129486699e-49,0.464485981308411,FALSE,TRUE
"Y_1","SERPINH1","D2_late_increasing",0.596047754702269,-0.448356104248549,1.36132002240383e-52,0.637383177570093,FALSE,TRUE
"Y_1","THY1","D2_late_increasing",0.601476245182023,-0.487594128017727,2.78515387191034e-63,0.58785046728972,FALSE,TRUE
"Y_1","FN1","D2_late_increasing",0.602426163623404,-0.399781234111731,3.36066514644368e-41,0.555140186915888,FALSE,TRUE
"Y_1","SFRP2","D2_late_increasing",0.638255220221948,-0.54360752189381,3.64839096527761e-81,0.583177570093458,FALSE,TRUE
"Y_1","COL5A2","D2_late_increasing",0.671044271418799,-0.610273151457443,7.96514432576419e-108,0.657943925233645,FALSE,TRUE
"Y_1","COL3A1","D2_late_increasing",0.689892955522364,-0.637795613800889,1.12088804803017e-120,0.84392523364486,FALSE,TRUE
"Y_1","COL5A1","D2_late_increasing",0.697339928594652,-0.559172008291683,7.71984213727076e-87,0.685981308411215,FALSE,TRUE
"Y_1","COL1A2","D2_late_increasing",0.704660661143761,-0.637877259441444,1.12088804803017e-120,0.891588785046729,FALSE,TRUE
"Y_1","SPARC","D2_late_increasing",0.70699931541262,-0.571493268689083,1.5713468887865e-91,0.77196261682243,FALSE,TRUE
"Y_1","COL1A1","D2_late_increasing",0.735833368916728,-0.681708982347246,4.58247730810427e-144,0.869158878504673,FALSE,TRUE
